mtllib model_8.mtl
o model_8
v -0.06298962235450745 -4.49165153503418 0.5634909868240356 
v -0.06298962235450745 -4.563275337219238 0.5634909868240356 
v -0.07181226462125778 -4.563275337219238 0.5637562274932861 
v -0.07181226462125778 -4.630618572235107 0.5637562274932861 
v -0.07756097614765167 -4.630618572235107 0.5655942559242249 
v -0.07756097614765167 -4.563275337219238 0.5655942559242249 
v -0.07181226462125778 -4.49165153503418 0.5637562274932861 
v -0.07756097614765167 -4.49165153503418 0.5655942559242249 
v -0.08102886378765106 -4.563275337219238 0.5705963969230652 
v -0.08102886378765106 -4.49165153503418 0.5705963969230652 
v -0.050610970705747604 -4.49165153503418 0.5634909868240356 
v -0.08102886378765106 -4.630618572235107 0.5705963969230652 
v -0.08102886378765106 -4.68937349319458 0.5705963969230652 
v -0.07756097614765167 -4.68937349319458 0.5655942559242249 
v -0.07181226462125778 -4.68937349319458 0.5637562274932861 
v -0.06298962235450745 -4.630618572235107 0.5634909868240356 
v -0.050610970705747604 -4.563275337219238 0.5634909868240356 
v -0.03534500673413277 -4.49165153503418 0.5634909868240356 
v -0.03534500673413277 -4.563275337219238 0.5634909868240356 
v -0.018150705844163895 -4.49165153503418 0.5634909868240356 
v -0.018150705844163895 -4.563275337219238 0.5634909868240356 
v 0.0000025769600142666604 -4.49165153503418 0.5634909868240356 
v 0.0000025769600142666604 -4.563275337219238 0.5634909868240356 
v 0.018150676041841507 -4.563275337219238 0.5634909868240356 
v 0.018150676041841507 -4.49165153503418 0.5634909868240356 
v 0.03534497693181038 -4.563275337219238 0.5634909868240356 
v 0.03534497693181038 -4.49165153503418 0.5634909868240356 
v 0.05061094090342522 -4.563275337219238 0.5634909868240356 
v 0.05061094090342522 -4.49165153503418 0.5634909868240356 
v 0.06298959255218506 -4.563275337219238 0.5634909868240356 
v 0.06298959255218506 -4.49165153503418 0.5634909868240356 
v 0.0718122348189354 -4.563275337219238 0.5637562274932861 
v 0.0718122348189354 -4.49165153503418 0.5637562274932861 
v 0.07756094634532928 -4.563275337219238 0.5655942559242249 
v 0.07756094634532928 -4.49165153503418 0.5655942559242249 
v 0.08102883398532867 -4.563275337219238 0.5705963969230652 
v 0.08102883398532867 -4.49165153503418 0.5705963969230652 
v 0.08298308402299881 -4.563275337219238 0.5803354978561401 
v 0.08298308402299881 -4.49165153503418 0.5803354978561401 
v 0.08410795032978058 -4.563275337219238 0.5958600640296936 
v 0.08410795032978058 -4.49165153503418 0.5958600640296936 
v 0.08468333631753922 -4.563275337219238 0.6161215305328369 
v 0.08468333631753922 -4.49165153503418 0.6161215305328369 
v 0.08489587157964706 -4.563275337219238 0.63954097032547 
v 0.08489587157964706 -4.49165153503418 0.63954097032547 
v 0.08492697030305862 -4.563275337219238 0.6645455360412598 
v 0.08492697030305862 -4.49165153503418 0.6645455360412598 
v 0.08489587157964706 -4.563275337219238 0.6895439624786377 
v 0.08489587157964706 -4.49165153503418 0.6895439624786377 
v 0.08468333631753922 -4.563275337219238 0.7129634022712708 
v 0.08468333631753922 -4.49165153503418 0.7129634022712708 
v 0.08410795032978058 -4.563275337219238 0.7332248687744141 
v 0.08410795032978058 -4.49165153503418 0.7332248687744141 
v 0.08298308402299881 -4.563275337219238 0.7487494349479675 
v 0.08298308402299881 -4.49165153503418 0.7487494349479675 
v 0.08102883398532867 -4.563275337219238 0.7584885358810425 
v 0.08102883398532867 -4.49165153503418 0.7584885358810425 
v 0.07756094634532928 -4.563275337219238 0.7634906768798828 
v 0.07756094634532928 -4.49165153503418 0.7634906768798828 
v 0.0718122348189354 -4.563275337219238 0.7653287053108215 
v 0.0718122348189354 -4.49165153503418 0.7653287053108215 
v 0.06298959255218506 -4.563275337219238 0.765593945980072 
v 0.06298959255218506 -4.49165153503418 0.765593945980072 
v 0.05061094090342522 -4.563275337219238 0.765593945980072 
v 0.05061094090342522 -4.49165153503418 0.765593945980072 
v 0.03534497693181038 -4.563275337219238 0.765593945980072 
v 0.03534497693181038 -4.49165153503418 0.765593945980072 
v 0.018150676041841507 -4.563275337219238 0.765593945980072 
v 0.018150676041841507 -4.49165153503418 0.765593945980072 
v 0.0000025769600142666604 -4.563275337219238 0.765593945980072 
v 0.0000025769600142666604 -4.49165153503418 0.765593945980072 
v -0.018150705844163895 -4.49165153503418 0.765593945980072 
v -0.018150705844163895 -4.563275337219238 0.765593945980072 
v -0.03534500673413277 -4.49165153503418 0.765593945980072 
v -0.03534500673413277 -4.563275337219238 0.765593945980072 
v -0.050610970705747604 -4.49165153503418 0.765593945980072 
v -0.050610970705747604 -4.563275337219238 0.765593945980072 
v -0.06298962235450745 -4.49165153503418 0.765593945980072 
v -0.06298962235450745 -4.563275337219238 0.765593945980072 
v -0.07181226462125778 -4.49165153503418 0.7653287053108215 
v -0.07181226462125778 -4.563275337219238 0.7653287053108215 
v -0.07756097614765167 -4.49165153503418 0.7634906768798828 
v -0.07756097614765167 -4.563275337219238 0.7634906768798828 
v -0.08102886378765106 -4.49165153503418 0.7584885358810425 
v -0.08102886378765106 -4.563275337219238 0.7584885358810425 
v -0.0829831138253212 -4.49165153503418 0.7487494349479675 
v -0.0829831138253212 -4.563275337219238 0.7487494349479675 
v -0.08410798013210297 -4.49165153503418 0.7332248687744141 
v -0.08410798013210297 -4.563275337219238 0.7332248687744141 
v -0.0846833661198616 -4.49165153503418 0.7129634022712708 
v -0.0846833661198616 -4.563275337219238 0.7129634022712708 
v -0.08489590138196945 -4.49165153503418 0.6895439624786377 
v -0.08489590138196945 -4.563275337219238 0.6895439624786377 
v -0.08492700010538101 -4.49165153503418 0.6645455360412598 
v -0.08492700010538101 -4.563275337219238 0.6645455360412598 
v -0.08489590138196945 -4.49165153503418 0.63954097032547 
v -0.08489590138196945 -4.563275337219238 0.63954097032547 
v -0.0846833661198616 -4.49165153503418 0.6161215305328369 
v -0.0846833661198616 -4.563275337219238 0.6161215305328369 
v -0.08410798013210297 -4.49165153503418 0.5958600640296936 
v -0.08410798013210297 -4.563275337219238 0.5958600640296936 
v -0.0829831138253212 -4.49165153503418 0.5803354978561401 
v -0.0829831138253212 -4.563275337219238 0.5803354978561401 
v -0.0829831138253212 -4.630618572235107 0.5803354978561401 
v -0.0829831138253212 -4.68937349319458 0.5803354978561401 
v -0.0829831138253212 -4.735269069671631 0.5803354978561401 
v -0.08102886378765106 -4.735269069671631 0.5705963969230652 
v -0.07756097614765167 -4.735269069671631 0.5655942559242249 
v -0.07181226462125778 -4.735269069671631 0.5637562274932861 
v -0.06298962235450745 -4.68937349319458 0.5634909868240356 
v -0.050610970705747604 -4.630618572235107 0.5634909868240356 
v -0.03534500673413277 -4.630618572235107 0.5634909868240356 
v -0.018150705844163895 -4.630618572235107 0.5634909868240356 
v 0.0000025769600142666604 -4.630618572235107 0.5634909868240356 
v 0.018150676041841507 -4.630618572235107 0.5634909868240356 
v 0.03534497693181038 -4.630618572235107 0.5634909868240356 
v 0.05061094090342522 -4.630618572235107 0.5634909868240356 
v 0.06298959255218506 -4.630618572235107 0.5634909868240356 
v 0.0718122348189354 -4.630618572235107 0.5637562274932861 
v 0.07756094634532928 -4.630618572235107 0.5655942559242249 
v 0.08102883398532867 -4.630618572235107 0.5705963969230652 
v 0.08298308402299881 -4.630618572235107 0.5803354978561401 
v 0.08410795032978058 -4.630618572235107 0.5958600640296936 
v 0.08468333631753922 -4.630618572235107 0.6161215305328369 
v 0.08489587157964706 -4.630618572235107 0.63954097032547 
v 0.08492697030305862 -4.630618572235107 0.6645455360412598 
v 0.08489587157964706 -4.630618572235107 0.6895439624786377 
v 0.08468333631753922 -4.630618572235107 0.7129634022712708 
v 0.08410795032978058 -4.630618572235107 0.7332248687744141 
v 0.08298308402299881 -4.630618572235107 0.7487494349479675 
v 0.08102883398532867 -4.630618572235107 0.7584885358810425 
v 0.07756094634532928 -4.630618572235107 0.7634906768798828 
v 0.0718122348189354 -4.630618572235107 0.7653287053108215 
v 0.06298959255218506 -4.630618572235107 0.765593945980072 
v 0.05061094090342522 -4.630618572235107 0.765593945980072 
v 0.03534497693181038 -4.630618572235107 0.765593945980072 
v 0.018150676041841507 -4.630618572235107 0.765593945980072 
v 0.0000025769600142666604 -4.630618572235107 0.765593945980072 
v -0.018150705844163895 -4.630618572235107 0.765593945980072 
v -0.03534500673413277 -4.630618572235107 0.765593945980072 
v -0.050610970705747604 -4.630618572235107 0.765593945980072 
v -0.06298962235450745 -4.630618572235107 0.765593945980072 
v -0.07181226462125778 -4.630618572235107 0.7653287053108215 
v -0.07756097614765167 -4.630618572235107 0.7634906768798828 
v -0.08102886378765106 -4.630618572235107 0.7584885358810425 
v -0.0829831138253212 -4.630618572235107 0.7487494349479675 
v -0.08410798013210297 -4.630618572235107 0.7332248687744141 
v -0.0846833661198616 -4.630618572235107 0.7129634022712708 
v -0.08489590138196945 -4.630618572235107 0.6895439624786377 
v -0.08492700010538101 -4.630618572235107 0.6645455360412598 
v -0.08489590138196945 -4.630618572235107 0.63954097032547 
v -0.0846833661198616 -4.630618572235107 0.6161215305328369 
v -0.08410798013210297 -4.630618572235107 0.5958600640296936 
v -0.08410798013210297 -4.68937349319458 0.5958600640296936 
v -0.08410798013210297 -4.735269069671631 0.5958600640296936 
v -0.08410798013210297 -4.765435695648193 0.5958600640296936 
v -0.0829831138253212 -4.765435695648193 0.5803354978561401 
v -0.08102886378765106 -4.765435695648193 0.5705963969230652 
v -0.07756097614765167 -4.765435695648193 0.5655942559242249 
v -0.07181226462125778 -4.765435695648193 0.5637562274932861 
v -0.06298962235450745 -4.735269069671631 0.5634909868240356 
v -0.050610970705747604 -4.68937349319458 0.5634909868240356 
v -0.03534500673413277 -4.68937349319458 0.5634909868240356 
v -0.018150705844163895 -4.68937349319458 0.5634909868240356 
v 0.0000025769600142666604 -4.68937349319458 0.5634909868240356 
v 0.018150676041841507 -4.68937349319458 0.5634909868240356 
v 0.03534497693181038 -4.68937349319458 0.5634909868240356 
v 0.05061094090342522 -4.68937349319458 0.5634909868240356 
v 0.06298959255218506 -4.68937349319458 0.5634909868240356 
v 0.0718122348189354 -4.68937349319458 0.5637562274932861 
v 0.07756094634532928 -4.68937349319458 0.5655942559242249 
v 0.08102883398532867 -4.68937349319458 0.5705963969230652 
v 0.08298308402299881 -4.68937349319458 0.5803354978561401 
v 0.08410795032978058 -4.68937349319458 0.5958600640296936 
v 0.08468333631753922 -4.68937349319458 0.6161215305328369 
v 0.08489587157964706 -4.68937349319458 0.63954097032547 
v 0.08492697030305862 -4.68937349319458 0.6645455360412598 
v 0.08489587157964706 -4.68937349319458 0.6895439624786377 
v 0.08468333631753922 -4.68937349319458 0.7129634022712708 
v 0.08410795032978058 -4.68937349319458 0.7332248687744141 
v 0.08298308402299881 -4.68937349319458 0.7487494349479675 
v 0.08102883398532867 -4.68937349319458 0.7584885358810425 
v 0.07756094634532928 -4.68937349319458 0.7634906768798828 
v 0.0718122348189354 -4.68937349319458 0.7653287053108215 
v 0.06298959255218506 -4.68937349319458 0.765593945980072 
v 0.05061094090342522 -4.68937349319458 0.765593945980072 
v 0.03534497693181038 -4.68937349319458 0.765593945980072 
v 0.018150676041841507 -4.68937349319458 0.765593945980072 
v 0.0000025769600142666604 -4.68937349319458 0.765593945980072 
v -0.018150705844163895 -4.68937349319458 0.765593945980072 
v -0.03534500673413277 -4.68937349319458 0.765593945980072 
v -0.050610970705747604 -4.68937349319458 0.765593945980072 
v -0.06298962235450745 -4.68937349319458 0.765593945980072 
v -0.07181226462125778 -4.68937349319458 0.7653287053108215 
v -0.07756097614765167 -4.68937349319458 0.7634906768798828 
v -0.08102886378765106 -4.68937349319458 0.7584885358810425 
v -0.0829831138253212 -4.68937349319458 0.7487494349479675 
v -0.08410798013210297 -4.68937349319458 0.7332248687744141 
v -0.0846833661198616 -4.68937349319458 0.7129634022712708 
v -0.08489590138196945 -4.68937349319458 0.6895439624786377 
v -0.08492700010538101 -4.68937349319458 0.6645455360412598 
v -0.08489590138196945 -4.68937349319458 0.63954097032547 
v -0.0846833661198616 -4.68937349319458 0.6161215305328369 
v -0.0846833661198616 -4.735269069671631 0.6161215305328369 
v -0.0846833661198616 -4.765435695648193 0.6161215305328369 
v -0.0846833661198616 -4.78273344039917 0.6161215305328369 
v -0.08410798013210297 -4.78273344039917 0.5958600640296936 
v -0.0829831138253212 -4.78273344039917 0.5803354978561401 
v -0.08102886378765106 -4.78273344039917 0.5705963969230652 
v -0.07756097614765167 -4.78273344039917 0.5655942559242249 
v -0.07181226462125778 -4.78273344039917 0.5637562274932861 
v -0.06298962235450745 -4.765435695648193 0.5634909868240356 
v -0.050610970705747604 -4.735269069671631 0.5634909868240356 
v -0.03534500673413277 -4.735269069671631 0.5634909868240356 
v -0.018150705844163895 -4.735269069671631 0.5634909868240356 
v 0.0000025769600142666604 -4.735269069671631 0.5634909868240356 
v 0.018150676041841507 -4.735269069671631 0.5634909868240356 
v 0.03534497693181038 -4.735269069671631 0.5634909868240356 
v 0.05061094090342522 -4.735269069671631 0.5634909868240356 
v 0.06298959255218506 -4.735269069671631 0.5634909868240356 
v 0.0718122348189354 -4.735269069671631 0.5637562274932861 
v 0.07756094634532928 -4.735269069671631 0.5655942559242249 
v 0.08102883398532867 -4.735269069671631 0.5705963969230652 
v 0.08298308402299881 -4.735269069671631 0.5803354978561401 
v 0.08410795032978058 -4.735269069671631 0.5958600640296936 
v 0.08468333631753922 -4.735269069671631 0.6161215305328369 
v 0.08489587157964706 -4.735269069671631 0.63954097032547 
v 0.08492697030305862 -4.735269069671631 0.6645455360412598 
v 0.08489587157964706 -4.735269069671631 0.6895439624786377 
v 0.08468333631753922 -4.735269069671631 0.7129634022712708 
v 0.08410795032978058 -4.735269069671631 0.7332248687744141 
v 0.08298308402299881 -4.735269069671631 0.7487494349479675 
v 0.08102883398532867 -4.735269069671631 0.7584885358810425 
v 0.07756094634532928 -4.735269069671631 0.7634906768798828 
v 0.0718122348189354 -4.735269069671631 0.7653287053108215 
v 0.06298959255218506 -4.735269069671631 0.765593945980072 
v 0.05061094090342522 -4.735269069671631 0.765593945980072 
v 0.03534497693181038 -4.735269069671631 0.765593945980072 
v 0.018150676041841507 -4.735269069671631 0.765593945980072 
v 0.0000025769600142666604 -4.735269069671631 0.765593945980072 
v -0.018150705844163895 -4.735269069671631 0.765593945980072 
v -0.03534500673413277 -4.735269069671631 0.765593945980072 
v -0.050610970705747604 -4.735269069671631 0.765593945980072 
v -0.06298962235450745 -4.735269069671631 0.765593945980072 
v -0.07181226462125778 -4.735269069671631 0.7653287053108215 
v -0.07756097614765167 -4.735269069671631 0.7634906768798828 
v -0.08102886378765106 -4.735269069671631 0.7584885358810425 
v -0.0829831138253212 -4.735269069671631 0.7487494349479675 
v -0.08410798013210297 -4.735269069671631 0.7332248687744141 
v -0.0846833661198616 -4.735269069671631 0.7129634022712708 
v -0.08489590138196945 -4.735269069671631 0.6895439624786377 
v -0.08492700010538101 -4.735269069671631 0.6645455360412598 
v -0.08489590138196945 -4.735269069671631 0.63954097032547 
v -0.08489590138196945 -4.765435695648193 0.63954097032547 
v -0.08489590138196945 -4.78273344039917 0.63954097032547 
v -0.08489590138196945 -4.791460990905762 0.63954097032547 
v -0.0846833661198616 -4.791460990905762 0.6161215305328369 
v -0.08410798013210297 -4.791460990905762 0.5958600640296936 
v -0.0829831138253212 -4.791460990905762 0.5803354978561401 
v -0.08102886378765106 -4.791460990905762 0.5705963969230652 
v -0.07756097614765167 -4.791460990905762 0.5655942559242249 
v -0.07181226462125778 -4.791460990905762 0.5637562274932861 
v -0.06298962235450745 -4.78273344039917 0.5634909868240356 
v -0.050610970705747604 -4.765435695648193 0.5634909868240356 
v -0.03534500673413277 -4.765435695648193 0.5634909868240356 
v -0.018150705844163895 -4.765435695648193 0.5634909868240356 
v 0.0000025769600142666604 -4.765435695648193 0.5634909868240356 
v 0.018150676041841507 -4.765435695648193 0.5634909868240356 
v 0.03534497693181038 -4.765435695648193 0.5634909868240356 
v 0.05061094090342522 -4.765435695648193 0.5634909868240356 
v 0.06298959255218506 -4.765435695648193 0.5634909868240356 
v 0.0718122348189354 -4.765435695648193 0.5637562274932861 
v 0.07756094634532928 -4.765435695648193 0.5655942559242249 
v 0.08102883398532867 -4.765435695648193 0.5705963969230652 
v 0.08298308402299881 -4.765435695648193 0.5803354978561401 
v 0.08410795032978058 -4.765435695648193 0.5958600640296936 
v 0.08468333631753922 -4.765435695648193 0.6161215305328369 
v 0.08489587157964706 -4.765435695648193 0.63954097032547 
v 0.08492697030305862 -4.765435695648193 0.6645455360412598 
v 0.08489587157964706 -4.765435695648193 0.6895439624786377 
v 0.08468333631753922 -4.765435695648193 0.7129634022712708 
v 0.08410795032978058 -4.765435695648193 0.7332248687744141 
v 0.08298308402299881 -4.765435695648193 0.7487494349479675 
v 0.08102883398532867 -4.765435695648193 0.7584885358810425 
v 0.07756094634532928 -4.765435695648193 0.7634906768798828 
v 0.0718122348189354 -4.765435695648193 0.7653287053108215 
v 0.06298959255218506 -4.765435695648193 0.765593945980072 
v 0.05061094090342522 -4.765435695648193 0.765593945980072 
v 0.03534497693181038 -4.765435695648193 0.765593945980072 
v 0.018150676041841507 -4.765435695648193 0.765593945980072 
v 0.0000025769600142666604 -4.765435695648193 0.765593945980072 
v -0.018150705844163895 -4.765435695648193 0.765593945980072 
v -0.03534500673413277 -4.765435695648193 0.765593945980072 
v -0.050610970705747604 -4.765435695648193 0.765593945980072 
v -0.06298962235450745 -4.765435695648193 0.765593945980072 
v -0.07181226462125778 -4.765435695648193 0.7653287053108215 
v -0.07756097614765167 -4.765435695648193 0.7634906768798828 
v -0.08102886378765106 -4.765435695648193 0.7584885358810425 
v -0.0829831138253212 -4.765435695648193 0.7487494349479675 
v -0.08410798013210297 -4.765435695648193 0.7332248687744141 
v -0.0846833661198616 -4.765435695648193 0.7129634022712708 
v -0.08489590138196945 -4.765435695648193 0.6895439624786377 
v -0.08492700010538101 -4.765435695648193 0.6645455360412598 
v -0.08492700010538101 -4.78273344039917 0.6645455360412598 
v -0.08492700010538101 -4.791460990905762 0.6645455360412598 
v -0.08479740470647812 -4.795574188232422 0.6645455360412598 
v -0.08477149158716202 -4.795574188232422 0.6393991112709045 
v -0.08456414192914963 -4.795574188232422 0.6159118413925171 
v -0.08399911969900131 -4.795574188232422 0.5957058668136597 
v -0.08289499580860138 -4.795574188232422 0.5802984833717346 
v -0.08095629513263702 -4.795574188232422 0.5706518888473511 
v -0.07750914245843887 -4.795574188232422 0.5657052397727966 
v -0.0717707946896553 -4.795574188232422 0.5638795495033264 
v -0.06298962235450745 -4.791460990905762 0.5634909868240356 
v -0.050610970705747604 -4.78273344039917 0.5634909868240356 
v -0.03534500673413277 -4.78273344039917 0.5634909868240356 
v -0.018150705844163895 -4.78273344039917 0.5634909868240356 
v 0.0000025769600142666604 -4.78273344039917 0.5634909868240356 
v 0.018150676041841507 -4.78273344039917 0.5634909868240356 
v 0.03534497693181038 -4.78273344039917 0.5634909868240356 
v 0.05061094090342522 -4.78273344039917 0.5634909868240356 
v 0.06298959255218506 -4.78273344039917 0.5634909868240356 
v 0.0718122348189354 -4.78273344039917 0.5637562274932861 
v 0.07756094634532928 -4.78273344039917 0.5655942559242249 
v 0.08102883398532867 -4.78273344039917 0.5705963969230652 
v 0.08298308402299881 -4.78273344039917 0.5803354978561401 
v 0.08410795032978058 -4.78273344039917 0.5958600640296936 
v 0.08468333631753922 -4.78273344039917 0.6161215305328369 
v 0.08489587157964706 -4.78273344039917 0.63954097032547 
v 0.08492697030305862 -4.78273344039917 0.6645455360412598 
v 0.08489587157964706 -4.78273344039917 0.6895439624786377 
v 0.08468333631753922 -4.78273344039917 0.7129634022712708 
v 0.08410795032978058 -4.78273344039917 0.7332248687744141 
v 0.08298308402299881 -4.78273344039917 0.7487494349479675 
v 0.08102883398532867 -4.78273344039917 0.7584885358810425 
v 0.07756094634532928 -4.78273344039917 0.7634906768798828 
v 0.0718122348189354 -4.78273344039917 0.7653287053108215 
v 0.06298959255218506 -4.78273344039917 0.765593945980072 
v 0.05061094090342522 -4.78273344039917 0.765593945980072 
v 0.03534497693181038 -4.78273344039917 0.765593945980072 
v 0.018150676041841507 -4.78273344039917 0.765593945980072 
v 0.0000025769600142666604 -4.78273344039917 0.765593945980072 
v -0.018150705844163895 -4.78273344039917 0.765593945980072 
v -0.03534500673413277 -4.78273344039917 0.765593945980072 
v -0.050610970705747604 -4.78273344039917 0.765593945980072 
v -0.06298962235450745 -4.78273344039917 0.765593945980072 
v -0.07181226462125778 -4.78273344039917 0.7653287053108215 
v -0.07756097614765167 -4.78273344039917 0.7634906768798828 
v -0.08102886378765106 -4.78273344039917 0.7584885358810425 
v -0.0829831138253212 -4.78273344039917 0.7487494349479675 
v -0.08410798013210297 -4.78273344039917 0.7332248687744141 
v -0.0846833661198616 -4.78273344039917 0.7129634022712708 
v -0.08489590138196945 -4.78273344039917 0.6895439624786377 
v -0.08489590138196945 -4.791460990905762 0.6895439624786377 
v -0.08477149158716202 -4.795574188232422 0.6896858215332031 
v -0.0846833661198616 -4.791460990905762 0.7129634022712708 
v -0.08456414192914963 -4.795574188232422 0.7131730914115906 
v -0.08399911969900131 -4.795574188232422 0.733379065990448 
v -0.08322156965732574 -4.795889854431152 0.715806782245636 
v -0.08337189257144928 -4.795889854431152 0.6912093162536621 
v -0.08339781314134598 -4.795889854431152 0.6645455360412598 
v -0.08337189257144928 -4.795889854431152 0.6378941535949707 
v -0.08322156965732574 -4.795889854431152 0.6133706569671631 
v -0.08284315466880798 -4.795889854431152 0.5938061475753784 
v -0.08410798013210297 -4.791460990905762 0.7332248687744141 
v -0.08162499219179153 -4.795889854431152 0.6086398959159851 
v -0.08185825496912003 -4.795889854431152 0.6371848583221436 
v -0.08189453929662704 -4.795889854431152 0.6645455360412598 
v -0.08185825496912003 -4.795889854431152 0.6920111179351807 
v -0.08042755722999573 -4.795889854431152 0.6645455360412598 
v -0.08039645850658417 -4.795889854431152 0.6390537023544312 
v -0.08023575693368912 -4.795889854431152 0.615763783454895 
v -0.07982106506824493 -4.795889854431152 0.5976055264472961 
v -0.0806245356798172 -4.795889854431152 0.5918262600898743 
v -0.08082669973373413 -4.795889854431152 0.5835983157157898 
v -0.08170274645090103 -4.795889854431152 0.5901177525520325 
v -0.0819515585899353 -4.795889854431152 0.5797803997993469 
v -0.0801994726061821 -4.795889854431152 0.5711885094642639 
v -0.07695966958999634 -4.795889854431152 0.5668216347694397 
v -0.0714494064450264 -4.795889854431152 0.565236508846283 
v -0.06296888738870621 -4.795574188232422 0.5636143684387207 
v -0.050610970705747604 -4.791460990905762 0.5634909868240356 
v -0.03534500673413277 -4.791460990905762 0.5634909868240356 
v -0.018150705844163895 -4.791460990905762 0.5634909868240356 
v 0.0000025769600142666604 -4.791460990905762 0.5634909868240356 
v 0.018150676041841507 -4.791460990905762 0.5634909868240356 
v 0.03534497693181038 -4.791460990905762 0.5634909868240356 
v 0.05061094090342522 -4.791460990905762 0.5634909868240356 
v 0.06298959255218506 -4.791460990905762 0.5634909868240356 
v 0.0718122348189354 -4.791460990905762 0.5637562274932861 
v 0.07756094634532928 -4.791460990905762 0.5655942559242249 
v 0.08102883398532867 -4.791460990905762 0.5705963969230652 
v 0.08298308402299881 -4.791460990905762 0.5803354978561401 
v 0.08410795032978058 -4.791460990905762 0.5958600640296936 
v 0.08468333631753922 -4.791460990905762 0.6161215305328369 
v 0.08489587157964706 -4.791460990905762 0.63954097032547 
v 0.08492697030305862 -4.791460990905762 0.6645455360412598 
v 0.08489587157964706 -4.791460990905762 0.6895439624786377 
v 0.08468333631753922 -4.791460990905762 0.7129634022712708 
v 0.08410795032978058 -4.791460990905762 0.7332248687744141 
v 0.08298308402299881 -4.791460990905762 0.7487494349479675 
v 0.08102883398532867 -4.791460990905762 0.7584885358810425 
v 0.07756094634532928 -4.791460990905762 0.7634906768798828 
v 0.0718122348189354 -4.791460990905762 0.7653287053108215 
v 0.06298959255218506 -4.791460990905762 0.765593945980072 
v 0.05061094090342522 -4.791460990905762 0.765593945980072 
v 0.03534497693181038 -4.791460990905762 0.765593945980072 
v 0.018150676041841507 -4.791460990905762 0.765593945980072 
v 0.0000025769600142666604 -4.791460990905762 0.765593945980072 
v -0.018150705844163895 -4.791460990905762 0.765593945980072 
v -0.03534500673413277 -4.791460990905762 0.765593945980072 
v -0.050610970705747604 -4.791460990905762 0.765593945980072 
v -0.06298962235450745 -4.791460990905762 0.765593945980072 
v -0.07181226462125778 -4.791460990905762 0.7653287053108215 
v -0.07756097614765167 -4.791460990905762 0.7634906768798828 
v -0.08102886378765106 -4.791460990905762 0.7584885358810425 
v -0.0829831138253212 -4.791460990905762 0.7487494349479675 
v -0.08289499580860138 -4.795574188232422 0.748786449432373 
v -0.08095629513263702 -4.795574188232422 0.7584330439567566 
v -0.07750914245843887 -4.795574188232422 0.7633858323097229 
v -0.0717707946896553 -4.795574188232422 0.7652053236961365 
v -0.07695448398590088 -4.795889854431152 0.762263298034668 
v -0.0801994726061821 -4.795889854431152 0.7579025626182556 
v -0.08194638043642044 -4.795889854431152 0.7493415474891663 
v -0.08284315466880798 -4.795889854431152 0.7353651523590088 
v -0.0816301703453064 -4.795889854431152 0.721401035785675 
v -0.08040163666009903 -4.795889854431152 0.6902285814285278 
v -0.07898131012916565 -4.795889854431152 0.6645455360412598 
v -0.07897093892097473 -4.795889854431152 0.6413666605949402 
v -0.07891391962766647 -4.795889854431152 0.6197174191474915 
v -0.07875841110944748 -4.795889854431152 0.6010348796844482 
v -0.07757652550935745 -4.795889854431152 0.6156589388847351 
v -0.07774759083986282 -4.795889854431152 0.595650315284729 
v -0.07854069024324417 -4.795889854431152 0.5873051881790161 
v -0.07928196340799332 -4.795889854431152 0.5846653580665588 
v -0.07989363372325897 -4.795889854431152 0.5813100337982178 
v -0.08010098338127136 -4.795889854431152 0.5772700309753418 
v -0.07918347418308258 -4.795889854431152 0.5748152136802673 
v -0.0786651000380516 -4.795889854431152 0.5765237212181091 
v -0.07798603922128677 -4.795889854431152 0.5794041156768799 
v -0.07753505557775497 -4.795889854431152 0.6393497586250305 
v -0.07999730855226517 -4.795889854431152 0.5742293000221252 
v -0.07933898270130157 -4.795889854431152 0.5727120041847229 
v -0.07860808074474335 -4.795889854431152 0.5719533562660217 
v -0.07805860787630081 -4.795889854431152 0.572126030921936 
v -0.08041718602180481 -4.795889854431152 0.5761536359786987 
v -0.08105996996164322 -4.795889854431152 0.5784851312637329 
v -0.07960853725671768 -4.795889854431152 0.5714290738105774 
v -0.07939600199460983 -4.795889854431152 0.5711638331413269 
v -0.07931306213140488 -4.795889854431152 0.5708739757537842 
v -0.07849922776222229 -4.795889854431152 0.5704360604286194 
v -0.07756097614765167 -4.795889854431152 0.569991946220398 
v -0.07657089084386826 -4.795889854431152 0.5711700320243835 
v -0.0773121565580368 -4.795889854431152 0.5741121172904968 
v -0.0767575055360794 -4.795889854431152 0.588581919670105 
v -0.07603178918361664 -4.795889854431152 0.6083561778068542 
v -0.0760888084769249 -4.795889854431152 0.6377769708633423 
v -0.07754542678594589 -4.795889854431152 0.6645455360412598 
v -0.07754024118185043 -4.795889854431152 0.6898584961891174 
v -0.07898131012916565 -4.795889854431152 0.6879402995109558 
v -0.08026686310768127 -4.795889854431152 0.714937150478363 
v -0.07992992550134659 -4.795889854431152 0.7370613217353821 
v -0.08064527064561844 -4.795889854431152 0.741668701171875 
v -0.08081633597612381 -4.795889854431152 0.7480648159980774 
v -0.08169756084680557 -4.795889854431152 0.7396888136863708 
v -0.08039645850658417 -4.795889854431152 0.7538009285926819 
v -0.08105478435754776 -4.795889854431152 0.7508588433265686 
v -0.0795929804444313 -4.795889854431152 0.7576928734779358 
v -0.07669530063867569 -4.795889854431152 0.7612702250480652 
v -0.07936490327119827 -4.795889854431152 0.7580320835113525 
v -0.07998175919055939 -4.795889854431152 0.7566751837730408 
v -0.0800957977771759 -4.795889854431152 0.7571254372596741 
v -0.07993510365486145 -4.795889854431152 0.757002055644989 
v -0.07949967682361603 -4.795889854431152 0.7560151815414429 
v -0.07918865233659744 -4.795889854431152 0.7588092684745789 
v -0.0792975127696991 -4.795889854431152 0.7589079141616821 
v -0.07928196340799332 -4.795889854431152 0.7585810422897339 
v -0.07790309935808182 -4.795889854431152 0.7602587342262268 
v -0.07822967320680618 -4.795889854431152 0.7598639726638794 
v -0.0784473866224289 -4.795889854431152 0.7594877481460571 
v -0.07859253138303757 -4.795889854431152 0.7591053247451782 
v -0.0787687748670578 -4.795889854431152 0.758173942565918 
v -0.07895020395517349 -4.795889854431152 0.7538379430770874 
v -0.07896575331687927 -4.795889854431152 0.7339588403701782 
v -0.07897612452507019 -4.795889854431152 0.711125373840332 
v -0.07760763168334961 -4.795889854431152 0.714381992816925 
v -0.07786162942647934 -4.795889854431152 0.7365123629570007 
v -0.07819856703281403 -4.795889854431152 0.7555772662162781 
v -0.07808452844619751 -4.795889854431152 0.7586920857429504 
v -0.07755061239004135 -4.795889854431152 0.7592779994010925 
v -0.0770685225725174 -4.795889854431152 0.7598577737808228 
v -0.07648276537656784 -4.795889854431152 0.7603635787963867 
v -0.07601623982191086 -4.795889854431152 0.7591053247451782 
v -0.07662273198366165 -4.795889854431152 0.7579272389411926 
v -0.0773899182677269 -4.795889854431152 0.7566689848899841 
v -0.07680416107177734 -4.795889854431152 0.7414219975471497 
v -0.0759332999587059 -4.795889854431152 0.7498411536216736 
v -0.07533717155456543 -4.795889854431152 0.7586982250213623 
v -0.075212761759758 -4.795889854431152 0.7608014941215515 
v -0.07604215294122696 -4.795889854431152 0.7209446430206299 
v -0.07517129182815552 -4.795889854431152 0.7422361373901367 
v -0.07461145520210266 -4.795889854431152 0.7582665085792542 
v -0.0760888084769249 -4.795889854431152 0.691338837146759 
v -0.07610954344272614 -4.795889854431152 0.6645455360412598 
v -0.07467884570360184 -4.795889854431152 0.6645455360412598 
v -0.07465292513370514 -4.795889854431152 0.6902779340744019 
v -0.07453888654708862 -4.795889854431152 0.7153071761131287 
v -0.07423823326826096 -4.795889854431152 0.7381468415260315 
v -0.07375096529722214 -4.795889854431152 0.7579765915870667 
v -0.07221140712499619 -4.795889854431152 0.7610481977462769 
v -0.07108654826879501 -4.795889854431152 0.7577977180480957 
v -0.07180707901716232 -4.795889854431152 0.7360374331474304 
v -0.07183299958705902 -4.795889854431152 0.7123342752456665 
v -0.07184336334466934 -4.795889854431152 0.6884830594062805 
v -0.07184336334466934 -4.795889854431152 0.6645455360412598 
v -0.07465292513370514 -4.795889854431152 0.6388131380081177 
v -0.07453888654708862 -4.795889854431152 0.6137900352478027 
v -0.07184336334466934 -4.795889854431152 0.6406018137931824 
v -0.054939351975917816 -4.795889854431152 0.6407683491706848 
v -0.054939351975917816 -4.795889854431152 0.659679114818573 
v -0.055841315537691116 -4.795889854431152 0.6613690853118896 
v -0.05674846097826958 -4.795889854431152 0.6643728613853455 
v -0.056769195944070816 -4.795889854431152 0.6645455360412598 
v -0.057059481739997864 -4.795889854431152 0.667487621307373 
v -0.05674846097826958 -4.795889854431152 0.6706085801124573 
v -0.055841315537691116 -4.795889854431152 0.6736123561859131 
v -0.054939351975917816 -4.795889854431152 0.6753023266792297 
v -0.054939351975917816 -4.795889854431152 0.6883165836334229 
v -0.05436396226286888 -4.795889854431152 0.6763755679130554 
v -0.05237342789769173 -4.795889854431152 0.6787995100021362 
v -0.04994745925068855 -4.795889854431152 0.6807917356491089 
v -0.04718455299735069 -4.795889854431152 0.6822658777236938 
v -0.04418319836258888 -4.795889854431152 0.683178722858429 
v -0.0410626158118248 -4.795889854431152 0.6834871172904968 
v -0.03662537783384323 -4.795889854431152 0.6883165836334229 
v -0.037942033261060715 -4.795889854431152 0.683178722858429 
v -0.03662537783384323 -4.795889854431152 0.6827778220176697 
v -0.018311399966478348 -4.795889854431152 0.6883165836334229 
v -0.034940678626298904 -4.795889854431152 0.6822658777236938 
v -0.032177772372961044 -4.795889854431152 0.6807917356491089 
v -0.02975180372595787 -4.795889854431152 0.6787995100021362 
v -0.027766451239585876 -4.795889854431152 0.6763755679130554 
v -0.02628391422331333 -4.795889854431152 0.6736123561859131 
v -0.02537676878273487 -4.795889854431152 0.6706085801124573 
v -0.025065748021006584 -4.795889854431152 0.667487621307373 
v -0.025356033816933632 -4.795889854431152 0.6645455360412598 
v -0.018311399966478348 -4.795889854431152 0.6645455360412598 
v -0.02537676878273487 -4.795889854431152 0.6643728613853455 
v -0.02628391422331333 -4.795889854431152 0.6613690853118896 
v -0.027766451239585876 -4.795889854431152 0.6586058735847473 
v -0.02975180372595787 -4.795889854431152 0.6561818718910217 
v -0.032177772372961044 -4.795889854431152 0.6541896462440491 
v -0.03662537783384323 -4.795889854431152 0.6452092528343201 
v -0.034940678626298904 -4.795889854431152 0.6527093648910522 
v -0.03662537783384323 -4.795889854431152 0.6522036194801331 
v -0.037942033261060715 -4.795889854431152 0.6456101536750793 
v -0.0410626158118248 -4.795889854431152 0.6459185481071472 
v -0.037942033261060715 -4.795889854431152 0.6518027186393738 
v -0.0410626158118248 -4.795889854431152 0.6514943242073059 
v -0.04418319836258888 -4.795889854431152 0.6518027186393738 
v -0.04718455299735069 -4.795889854431152 0.6527093648910522 
v -0.04994745925068855 -4.795889854431152 0.6541896462440491 
v -0.05237342789769173 -4.795889854431152 0.6561818718910217 
v -0.04418319836258888 -4.795889854431152 0.6456101536750793 
v -0.05436396226286888 -4.795889854431152 0.6586058735847473 
v -0.04718455299735069 -4.795889854431152 0.6446973085403442 
v -0.04994745925068855 -4.795889854431152 0.6432231664657593 
v -0.05237342789769173 -4.795889854431152 0.6412309408187866 
v -0.05275183543562889 -4.795889854431152 0.6407683491706848 
v -0.054939351975917816 -4.795889854431152 0.6377337574958801 
v -0.05436396226286888 -4.795889854431152 0.6388069987297058 
v -0.055841315537691116 -4.795889854431152 0.6360437870025635 
v -0.05674846097826958 -4.795889854431152 0.6330400109291077 
v -0.057059481739997864 -4.795889854431152 0.6299190521240234 
v -0.05674846097826958 -4.795889854431152 0.6267980933189392 
v -0.055841315537691116 -4.795889854431152 0.62380051612854 
v -0.054939351975917816 -4.795889854431152 0.6221105456352234 
v -0.054939351975917816 -4.795889854431152 0.6169911623001099 
v -0.05436396226286888 -4.795889854431152 0.6210373044013977 
v -0.05237342789769173 -4.795889854431152 0.6186133623123169 
v -0.05040362477302551 -4.795889854431152 0.6169911623001099 
v -0.04994745925068855 -4.795889854431152 0.6166211366653442 
v -0.04718455299735069 -4.795889854431152 0.6151469945907593 
v -0.04418319836258888 -4.795889854431152 0.6142341494560242 
v -0.0410626158118248 -4.795889854431152 0.6075851917266846 
v -0.0410626158118248 -4.795889854431152 0.6139257550239563 
v -0.037942033261060715 -4.795889854431152 0.6142341494560242 
v -0.03662537783384323 -4.795889854431152 0.6146350502967834 
v -0.037942033261060715 -4.795889854431152 0.6072767972946167 
v -0.03662537783384323 -4.795889854431152 0.6068820357322693 
v -0.018311399966478348 -4.795889854431152 0.6169911623001099 
v -0.034940678626298904 -4.795889854431152 0.6063700914382935 
v -0.032177772372961044 -4.795889854431152 0.6048898100852966 
v -0.02975180372595787 -4.795889854431152 0.6029037237167358 
v -0.027766451239585876 -4.795889854431152 0.600479781627655 
v -0.02628391422331333 -4.795889854431152 0.597710371017456 
v -0.02537676878273487 -4.795889854431152 0.5947127938270569 
v -0.025226442143321037 -4.795889854431152 0.5932201743125916 
v -0.018311399966478348 -4.795889854431152 0.5932201743125916 
v -0.025065748021006584 -4.795889854431152 0.5915918350219727 
v -0.02537676878273487 -4.795889854431152 0.5884709358215332 
v -0.02628391422331333 -4.795889854431152 0.5854671597480774 
v -0.027766451239585876 -4.795889854431152 0.5827039480209351 
v -0.02975180372595787 -4.795889854431152 0.5802799463272095 
v -0.036568354815244675 -4.795889854431152 0.5713056921958923 
v -0.032177772372961044 -4.795889854431152 0.5782939195632935 
v -0.034940678626298904 -4.795889854431152 0.5768136382102966 
v -0.03658390790224075 -4.795889854431152 0.5763140320777893 
v -0.037942033261060715 -4.795889854431152 0.5759007930755615 
v -0.054716452956199646 -4.795889854431152 0.5713056921958923 
v -0.0410626158118248 -4.795889854431152 0.5755923986434937 
v -0.04418319836258888 -4.795889854431152 0.5759007930755615 
v -0.04718455299735069 -4.795889854431152 0.5768136382102966 
v -0.04994745925068855 -4.795889854431152 0.5782939195632935 
v -0.05237342789769173 -4.795889854431152 0.5802799463272095 
v -0.05436396226286888 -4.795889854431152 0.5827039480209351 
v -0.05484086275100708 -4.795889854431152 0.5835983157157898 
v -0.07180707901716232 -4.795889854431152 0.5930536389350891 
v -0.055841315537691116 -4.795889854431152 0.5854671597480774 
v -0.05674846097826958 -4.795889854431152 0.5884709358215332 
v -0.057059481739997864 -4.795889854431152 0.5915918350219727 
v -0.05689878761768341 -4.795889854431152 0.5932016968727112 
v -0.07183299958705902 -4.795889854431152 0.6167506575584412 
v -0.05674846097826958 -4.795889854431152 0.5947127938270569 
v -0.055841315537691116 -4.795889854431152 0.597710371017456 
v -0.054939351975917816 -4.795889854431152 0.5994004011154175 
v -0.05436396226286888 -4.795889854431152 0.600479781627655 
v -0.05237342789769173 -4.795889854431152 0.6029037237167358 
v -0.04994745925068855 -4.795889854431152 0.6048898100852966 
v -0.04718455299735069 -4.795889854431152 0.6063700914382935 
v -0.04418319836258888 -4.795889854431152 0.6072767972946167 
v -0.034940678626298904 -4.795889854431152 0.6151469945907593 
v -0.07423823326826096 -4.795889854431152 0.5909380912780762 
v -0.07108654826879501 -4.795889854431152 0.571287214756012 
v -0.05251338705420494 -4.795889854431152 0.5679689049720764 
v -0.03598259761929512 -4.795889854431152 0.5679627060890198 
v -0.0182336438447237 -4.795889854431152 0.5679565668106079 
v -0.018306216225028038 -4.795889854431152 0.5713056921958923 
v -0.01515971589833498 -4.795889854431152 0.5854671597480774 
v -0.016072046011686325 -4.795889854431152 0.5884709358215332 
v -0.016377883031964302 -4.795889854431152 0.5915918350219727 
v -0.01621718890964985 -4.795889854431152 0.5932201743125916 
v -0.016072046011686325 -4.795889854431152 0.5947127938270569 
v -0.01515971589833498 -4.795889854431152 0.597710371017456 
v -0.013682364486157894 -4.795889854431152 0.600479781627655 
v -0.011691827327013016 -4.795889854431152 0.6029037237167358 
v -0.009271044284105301 -4.795889854431152 0.6048898100852966 
v -0.006502953823655844 -4.795889854431152 0.6063700914382935 
v -0.003501597559079528 -4.795889854431152 0.6072767972946167 
v 0.0000025769600142666604 -4.795889854431152 0.6075851917266846 
v -0.003501597559079528 -4.795889854431152 0.6142341494560242 
v 0.0000025769600142666604 -4.795889854431152 0.6139257550239563 
v -0.006502953823655844 -4.795889854431152 0.6151469945907593 
v -0.009271044284105301 -4.795889854431152 0.6166211366653442 
v -0.009722025133669376 -4.795889854431152 0.6169911623001099 
v -0.011691827327013016 -4.795889854431152 0.6186133623123169 
v -0.013682364486157894 -4.795889854431152 0.6210373044013977 
v -0.01515971589833498 -4.795889854431152 0.62380051612854 
v -0.016072046011686325 -4.795889854431152 0.6267980933189392 
v -0.018311399966478348 -4.795889854431152 0.6407683491706848 
v -0.016377883031964302 -4.795889854431152 0.6299190521240234 
v -0.016072046011686325 -4.795889854431152 0.6330400109291077 
v -0.01515971589833498 -4.795889854431152 0.6360437870025635 
v -0.013682364486157894 -4.795889854431152 0.6388069987297058 
v -0.012075420469045639 -4.795889854431152 0.6407683491706848 
v -0.011691827327013016 -4.795889854431152 0.6412309408187866 
v -0.009271044284105301 -4.795889854431152 0.6432231664657593 
v -0.006502953823655844 -4.795889854431152 0.6446973085403442 
v -0.013682364486157894 -4.795889854431152 0.6586058735847473 
v -0.003501597559079528 -4.795889854431152 0.6456101536750793 
v -0.011691827327013016 -4.795889854431152 0.6561818718910217 
v 0.0000025769600142666604 -4.795889854431152 0.6459185481071472 
v -0.009271044284105301 -4.795889854431152 0.6541896462440491 
v -0.006502953823655844 -4.795889854431152 0.6527093648910522 
v -0.003501597559079528 -4.795889854431152 0.6518027186393738 
v 0.0000025769600142666604 -4.795889854431152 0.6514943242073059 
v 0.00350156775675714 -4.795889854431152 0.6518027186393738 
v 0.006502924021333456 -4.795889854431152 0.6527093648910522 
v 0.009271014481782913 -4.795889854431152 0.6541896462440491 
v 0.011691797524690628 -4.795889854431152 0.6561818718910217 
v 0.00350156775675714 -4.795889854431152 0.6456101536750793 
v 0.013682334683835506 -4.795889854431152 0.6586058735847473 
v 0.006502924021333456 -4.795889854431152 0.6446973085403442 
v 0.01831137016415596 -4.795889854431152 0.6645455360412598 
v 0.009271014481782913 -4.795889854431152 0.6432231664657593 
v 0.011691797524690628 -4.795889854431152 0.6412309408187866 
v 0.012075390666723251 -4.795889854431152 0.6407683491706848 
v 0.01831137016415596 -4.795889854431152 0.6407683491706848 
v 0.013682334683835506 -4.795889854431152 0.6388069987297058 
v 0.015159686096012592 -4.795889854431152 0.6360437870025635 
v 0.016072016209363937 -4.795889854431152 0.6330400109291077 
v 0.016377853229641914 -4.795889854431152 0.6299190521240234 
v 0.016072016209363937 -4.795889854431152 0.6267980933189392 
v 0.01831137016415596 -4.795889854431152 0.6169911623001099 
v 0.015159686096012592 -4.795889854431152 0.62380051612854 
v 0.013682334683835506 -4.795889854431152 0.6210373044013977 
v 0.011691797524690628 -4.795889854431152 0.6186133623123169 
v 0.009721995331346989 -4.795889854431152 0.6169911623001099 
v 0.009271014481782913 -4.795889854431152 0.6166211366653442 
v 0.006502924021333456 -4.795889854431152 0.6151469945907593 
v 0.00350156775675714 -4.795889854431152 0.6142341494560242 
v 0.015159686096012592 -4.795889854431152 0.6613690853118896 
v 0.00350156775675714 -4.795889854431152 0.6072767972946167 
v 0.006502924021333456 -4.795889854431152 0.6063700914382935 
v 0.009271014481782913 -4.795889854431152 0.6048898100852966 
v 0.011691797524690628 -4.795889854431152 0.6029037237167358 
v 0.013682334683835506 -4.795889854431152 0.600479781627655 
v 0.015159686096012592 -4.795889854431152 0.597710371017456 
v 0.016072016209363937 -4.795889854431152 0.5947127938270569 
v 0.01621715910732746 -4.795889854431152 0.5932201743125916 
v 0.01831137016415596 -4.795889854431152 0.5932201743125916 
v 0.016377853229641914 -4.795889854431152 0.5915918350219727 
v 0.016072016209363937 -4.795889854431152 0.5884709358215332 
v 0.015159686096012592 -4.795889854431152 0.5854671597480774 
v 0.01830618642270565 -4.795889854431152 0.5713056921958923 
v 0.013682334683835506 -4.795889854431152 0.5827039480209351 
v 0.011691797524690628 -4.795889854431152 0.5802799463272095 
v 0.009271014481782913 -4.795889854431152 0.5782939195632935 
v 0.0000025769600142666604 -4.795889854431152 0.5713056921958923 
v 0.006502924021333456 -4.795889854431152 0.5768136382102966 
v 0.00350156775675714 -4.795889854431152 0.5759007930755615 
v 0.0000025769600142666604 -4.795889854431152 0.5755923986434937 
v -0.003501597559079528 -4.795889854431152 0.5759007930755615 
v -0.006502953823655844 -4.795889854431152 0.5768136382102966 
v -0.009271044284105301 -4.795889854431152 0.5782939195632935 
v -0.011691827327013016 -4.795889854431152 0.5802799463272095 
v -0.013682364486157894 -4.795889854431152 0.5827039480209351 
v 0.0000025769600142666604 -4.795889854431152 0.5679565668106079 
v 0.0000025769600142666604 -4.795889854431152 0.5664700865745544 
v -0.018171440809965134 -4.795889854431152 0.5664700865745544 
v -0.03551606833934784 -4.795889854431152 0.5664700865745544 
v -0.051077503710985184 -4.795889854431152 0.566482424736023 
v -0.06554000079631805 -4.795889854431152 0.5679750442504883 
v -0.07221140712499619 -4.795889854431152 0.5680305361747742 
v -0.07374577969312668 -4.795889854431152 0.5710960030555725 
v -0.0751609280705452 -4.795889854431152 0.5868425965309143 
v -0.07590219378471375 -4.795889854431152 0.579249918460846 
v -0.07592811435461044 -4.795889854431152 0.5695663690567017 
v -0.07529052346944809 -4.795889854431152 0.5701769590377808 
v -0.07460109144449234 -4.795889854431152 0.570756733417511 
v -0.075212761759758 -4.795889854431152 0.5682587623596191 
v -0.07649832218885422 -4.795889854431152 0.568616509437561 
v -0.07709444314241409 -4.795889854431152 0.5690174102783203 
v -0.0783177986741066 -4.795889854431152 0.5692209601402283 
v -0.07794975489377975 -4.795889854431152 0.5688015222549438 
v -0.07670566439628601 -4.795889854431152 0.5678085088729858 
v -0.07149606198072433 -4.795889854431152 0.5666612982749939 
v -0.06340432167053223 -4.795889854431152 0.5665009021759033 
v -0.06286521255970001 -4.795889854431152 0.5650021433830261 
v -0.050600603222846985 -4.795574188232422 0.5636143684387207 
v -0.03533982113003731 -4.795574188232422 0.5636143684387207 
v -0.018150705844163895 -4.795574188232422 0.5636143684387207 
v 0.0000025769600142666604 -4.795574188232422 0.5636143684387207 
v 0.018150676041841507 -4.795574188232422 0.5636143684387207 
v 0.03533979132771492 -4.795574188232422 0.5636143684387207 
v 0.0506005734205246 -4.795574188232422 0.5636143684387207 
v 0.06296885758638382 -4.795574188232422 0.5636143684387207 
v 0.07177076488733292 -4.795574188232422 0.5638795495033264 
v 0.07750911265611649 -4.795574188232422 0.5657052397727966 
v 0.08095626533031464 -4.795574188232422 0.5706518888473511 
v 0.08289496600627899 -4.795574188232422 0.5802984833717346 
v 0.08399908989667892 -4.795574188232422 0.5957058668136597 
v 0.08456411212682724 -4.795574188232422 0.6159118413925171 
v 0.08477146178483963 -4.795574188232422 0.6393991112709045 
v 0.08479737490415573 -4.795574188232422 0.6645455360412598 
v 0.08477146178483963 -4.795574188232422 0.6896858215332031 
v 0.08456411212682724 -4.795574188232422 0.7131730914115906 
v 0.08399908989667892 -4.795574188232422 0.733379065990448 
v 0.08289496600627899 -4.795574188232422 0.748786449432373 
v 0.08095626533031464 -4.795574188232422 0.7584330439567566 
v 0.07750911265611649 -4.795574188232422 0.7633858323097229 
v 0.07177076488733292 -4.795574188232422 0.7652053236961365 
v 0.06296885758638382 -4.795574188232422 0.765470564365387 
v 0.0506005734205246 -4.795574188232422 0.765470564365387 
v 0.03533979132771492 -4.795574188232422 0.765470564365387 
v 0.018150676041841507 -4.795574188232422 0.765470564365387 
v 0.0000025769600142666604 -4.795574188232422 0.765470564365387 
v -0.018150705844163895 -4.795574188232422 0.765470564365387 
v -0.03533982113003731 -4.795574188232422 0.765470564365387 
v -0.050600603222846985 -4.795574188232422 0.765470564365387 
v -0.06296888738870621 -4.795574188232422 0.765470564365387 
v -0.0714494064450264 -4.795889854431152 0.7638484239578247 
v -0.07149087637662888 -4.795889854431152 0.7624236345291138 
v -0.06554000079631805 -4.795889854431152 0.7611098885536194 
v -0.06286521255970001 -4.795889854431152 0.7640827894210815 
v -0.06340432167053223 -4.795889854431152 0.7625839710235596 
v -0.051077503710985184 -4.795889854431152 0.7626025080680847 
v -0.05251338705420494 -4.795889854431152 0.7611222267150879 
v -0.054716452956199646 -4.795889854431152 0.7577792406082153 
v -0.050595421344041824 -4.795889854431152 0.76409512758255 
v -0.05067836120724678 -4.795889854431152 0.7577792406082153 
v -0.04994745925068855 -4.795889854431152 0.7583836913108826 
v -0.04718455299735069 -4.795889854431152 0.7598577737808228 
v -0.04418319836258888 -4.795889854431152 0.7607706189155579 
v -0.0410626158118248 -4.795889854431152 0.7610728740692139 
v -0.03598259761929512 -4.795889854431152 0.7611283659934998 
v -0.037942033261060715 -4.795889854431152 0.7607706189155579 
v -0.03614329174160957 -4.795889854431152 0.7602217197418213 
v -0.0182336438447237 -4.795889854431152 0.7611283659934998 
v -0.034940678626298904 -4.795889854431152 0.7598577737808228 
v -0.032177772372961044 -4.795889854431152 0.7583836913108826 
v -0.03144687041640282 -4.795889854431152 0.7577853798866272 
v -0.018306216225028038 -4.795889854431152 0.7577853798866272 
v -0.02975180372595787 -4.795889854431152 0.7563914656639099 
v -0.027766451239585876 -4.795889854431152 0.7539674639701843 
v -0.02628391422331333 -4.795889854431152 0.751204252243042 
v -0.02537676878273487 -4.795889854431152 0.7482004761695862 
v -0.025065748021006584 -4.795889854431152 0.7450795769691467 
v -0.02537676878273487 -4.795889854431152 0.7419586181640625 
v -0.02628391422331333 -4.795889854431152 0.7389610409736633 
v -0.018311399966478348 -4.795889854431152 0.7358647584915161 
v -0.027766451239585876 -4.795889854431152 0.736197829246521 
v -0.028036002069711685 -4.795889854431152 0.7358647584915161 
v -0.02975180372595787 -4.795889854431152 0.7337738275527954 
v -0.032177772372961044 -4.795889854431152 0.7317816019058228 
v -0.034940678626298904 -4.795889854431152 0.7303013205528259 
v -0.03662537783384323 -4.795889854431152 0.7214812636375427 
v -0.03662537783384323 -4.795889854431152 0.7297955751419067 
v -0.037942033261060715 -4.795889854431152 0.7218759655952454 
v -0.0410626158118248 -4.795889854431152 0.7221843600273132 
v -0.037942033261060715 -4.795889854431152 0.7293946146965027 
v -0.0410626158118248 -4.795889854431152 0.7290862202644348 
v -0.04418319836258888 -4.795889854431152 0.7293946146965027 
v -0.04718455299735069 -4.795889854431152 0.7303013205528259 
v -0.04994745925068855 -4.795889854431152 0.7317816019058228 
v -0.054939351975917816 -4.795889854431152 0.7358647584915161 
v -0.05237342789769173 -4.795889854431152 0.7337738275527954 
v -0.05409441143274307 -4.795889854431152 0.7358647584915161 
v -0.05436396226286888 -4.795889854431152 0.736197829246521 
v -0.04418319836258888 -4.795889854431152 0.7218759655952454 
v -0.04718455299735069 -4.795889854431152 0.7209693193435669 
v -0.04994745925068855 -4.795889854431152 0.7194890379905701 
v -0.05237342789769173 -4.795889854431152 0.7175029516220093 
v -0.05436396226286888 -4.795889854431152 0.7150790095329285 
v -0.054939351975917816 -4.795889854431152 0.7139996290206909 
v -0.054923802614212036 -4.795889854431152 0.7372463345527649 
v -0.055841315537691116 -4.795889854431152 0.7389610409736633 
v -0.05674846097826958 -4.795889854431152 0.7419586181640625 
v -0.057059481739997864 -4.795889854431152 0.7450795769691467 
v -0.05674846097826958 -4.795889854431152 0.7482004761695862 
v -0.055841315537691116 -4.795889854431152 0.751204252243042 
v -0.05476310849189758 -4.795889854431152 0.7532150149345398 
v -0.05436396226286888 -4.795889854431152 0.7539674639701843 
v -0.05237342789769173 -4.795889854431152 0.7563914656639099 
v -0.055841315537691116 -4.795889854431152 0.7123095989227295 
v -0.05590352043509483 -4.795889854431152 0.7121060490608215 
v -0.05674846097826958 -4.795889854431152 0.7093120217323303 
v -0.057059481739997864 -4.795889854431152 0.7061910629272461 
v -0.05674846097826958 -4.795889854431152 0.7030701041221619 
v -0.055841315537691116 -4.795889854431152 0.7000725269317627 
v -0.054939351975917816 -4.795889854431152 0.698382556438446 
v -0.05436396226286888 -4.795889854431152 0.6973031759262085 
v -0.05237342789769173 -4.795889854431152 0.6948791742324829 
v -0.04994745925068855 -4.795889854431152 0.6928931474685669 
v -0.04718455299735069 -4.795889854431152 0.6914128065109253 
v -0.04418319836258888 -4.795889854431152 0.6904999613761902 
v -0.0410626158118248 -4.795889854431152 0.690197765827179 
v -0.037942033261060715 -4.795889854431152 0.6904999613761902 
v -0.03662537783384323 -4.795889854431152 0.6909009218215942 
v -0.034940678626298904 -4.795889854431152 0.6914128065109253 
v -0.032177772372961044 -4.795889854431152 0.6928931474685669 
v -0.02975180372595787 -4.795889854431152 0.6948791742324829 
v -0.027766451239585876 -4.795889854431152 0.6973031759262085 
v -0.018311399966478348 -4.795889854431152 0.712093710899353 
v -0.02628391422331333 -4.795889854431152 0.7000725269317627 
v -0.02537676878273487 -4.795889854431152 0.7030701041221619 
v -0.025065748021006584 -4.795889854431152 0.7061910629272461 
v -0.02537676878273487 -4.795889854431152 0.7093120217323303 
v -0.026216527447104454 -4.795889854431152 0.712093710899353 
v -0.02628391422331333 -4.795889854431152 0.7123095989227295 
v -0.027766451239585876 -4.795889854431152 0.7150790095329285 
v -0.02975180372595787 -4.795889854431152 0.7175029516220093 
v -0.032177772372961044 -4.795889854431152 0.7194890379905701 
v -0.034940678626298904 -4.795889854431152 0.7209693193435669 
v -0.015227104537189007 -4.795889854431152 0.712093710899353 
v -0.01515971589833498 -4.795889854431152 0.7123095989227295 
v -0.016072046011686325 -4.795889854431152 0.7093120217323303 
v -0.016377883031964302 -4.795889854431152 0.7061910629272461 
v -0.016072046011686325 -4.795889854431152 0.7030701041221619 
v -0.01515971589833498 -4.795889854431152 0.7000725269317627 
v -0.013682364486157894 -4.795889854431152 0.6973031759262085 
v -0.011691827327013016 -4.795889854431152 0.6948791742324829 
v -0.009271044284105301 -4.795889854431152 0.6928931474685669 
v -0.006502953823655844 -4.795889854431152 0.6914128065109253 
v -0.003501597559079528 -4.795889854431152 0.6904999613761902 
v 0.0000025769600142666604 -4.795889854431152 0.690197765827179 
v 0.0000025769600142666604 -4.795889854431152 0.6883165836334229 
v 0.00350156775675714 -4.795889854431152 0.6904999613761902 
v 0.006502924021333456 -4.795889854431152 0.6914128065109253 
v 0.01831137016415596 -4.795889854431152 0.6883165836334229 
v 0.009271014481782913 -4.795889854431152 0.6928931474685669 
v 0.011691797524690628 -4.795889854431152 0.6948791742324829 
v 0.013682334683835506 -4.795889854431152 0.6973031759262085 
v 0.015159686096012592 -4.795889854431152 0.7000725269317627 
v 0.016072016209363937 -4.795889854431152 0.7030701041221619 
v 0.01831137016415596 -4.795889854431152 0.712093710899353 
v 0.016377853229641914 -4.795889854431152 0.7061910629272461 
v 0.016072016209363937 -4.795889854431152 0.7093120217323303 
v 0.015227074734866619 -4.795889854431152 0.712093710899353 
v 0.01831137016415596 -4.795889854431152 0.7358647584915161 
v 0.015159686096012592 -4.795889854431152 0.7123095989227295 
v 0.013682334683835506 -4.795889854431152 0.7150790095329285 
v 0.011691797524690628 -4.795889854431152 0.7175029516220093 
v 0.009271014481782913 -4.795889854431152 0.7194890379905701 
v 0.006502924021333456 -4.795889854431152 0.7209693193435669 
v 0.00350156775675714 -4.795889854431152 0.7218759655952454 
v 0.0000025769600142666604 -4.795889854431152 0.7221843600273132 
v 0.006502924021333456 -4.795889854431152 0.7303013205528259 
v 0.00350156775675714 -4.795889854431152 0.7293946146965027 
v 0.0000025769600142666604 -4.795889854431152 0.7290862202644348 
v -0.003501597559079528 -4.795889854431152 0.7293946146965027 
v -0.006502953823655844 -4.795889854431152 0.7303013205528259 
v -0.009271044284105301 -4.795889854431152 0.7317816019058228 
v -0.011691827327013016 -4.795889854431152 0.7337738275527954 
v -0.01341281272470951 -4.795889854431152 0.7358647584915161 
v -0.013682364486157894 -4.795889854431152 0.736197829246521 
v -0.01515971589833498 -4.795889854431152 0.7389610409736633 
v -0.016072046011686325 -4.795889854431152 0.7419586181640625 
v -0.016377883031964302 -4.795889854431152 0.7450795769691467 
v -0.016072046011686325 -4.795889854431152 0.7482004761695862 
v -0.01515971589833498 -4.795889854431152 0.751204252243042 
v -0.013682364486157894 -4.795889854431152 0.7539674639701843 
v -0.011691827327013016 -4.795889854431152 0.7563914656639099 
v -0.00999676063656807 -4.795889854431152 0.7577853798866272 
v -0.009271044284105301 -4.795889854431152 0.7583836913108826 
v -0.006502953823655844 -4.795889854431152 0.7598577737808228 
v -0.003501597559079528 -4.795889854431152 0.7607706189155579 
v 0.0000025769600142666604 -4.795889854431152 0.7610728740692139 
v 0.0000025769600142666604 -4.795889854431152 0.7611283659934998 
v 0.018233614042401314 -4.795889854431152 0.7611283659934998 
v 0.00350156775675714 -4.795889854431152 0.7607706189155579 
v 0.006502924021333456 -4.795889854431152 0.7598577737808228 
v 0.009271014481782913 -4.795889854431152 0.7583836913108826 
v 0.009996730834245682 -4.795889854431152 0.7577853798866272 
v 0.01830618642270565 -4.795889854431152 0.7577853798866272 
v 0.011691797524690628 -4.795889854431152 0.7563914656639099 
v 0.013682334683835506 -4.795889854431152 0.7539674639701843 
v 0.015159686096012592 -4.795889854431152 0.751204252243042 
v 0.016072016209363937 -4.795889854431152 0.7482004761695862 
v 0.016377853229641914 -4.795889854431152 0.7450795769691467 
v 0.016072016209363937 -4.795889854431152 0.7419586181640625 
v 0.015159686096012592 -4.795889854431152 0.7389610409736633 
v 0.013682334683835506 -4.795889854431152 0.736197829246521 
v 0.013412782922387123 -4.795889854431152 0.7358647584915161 
v 0.011691797524690628 -4.795889854431152 0.7337738275527954 
v 0.009271014481782913 -4.795889854431152 0.7317816019058228 
v -0.003501597559079528 -4.795889854431152 0.7218759655952454 
v -0.006502953823655844 -4.795889854431152 0.7209693193435669 
v -0.009271044284105301 -4.795889854431152 0.7194890379905701 
v -0.011691827327013016 -4.795889854431152 0.7175029516220093 
v -0.013682364486157894 -4.795889854431152 0.7150790095329285 
v 0.02776642143726349 -4.795889854431152 0.736197829246521 
v 0.026283884420990944 -4.795889854431152 0.7389610409736633 
v 0.025376738980412483 -4.795889854431152 0.7419586181640625 
v 0.025065718218684196 -4.795889854431152 0.7450795769691467 
v 0.025376738980412483 -4.795889854431152 0.7482004761695862 
v 0.026283884420990944 -4.795889854431152 0.751204252243042 
v 0.02776642143726349 -4.795889854431152 0.7539674639701843 
v 0.029751773923635483 -4.795889854431152 0.7563914656639099 
v 0.03144684061408043 -4.795889854431152 0.7577853798866272 
v 0.03217774257063866 -4.795889854431152 0.7583836913108826 
v 0.03494064882397652 -4.795889854431152 0.7598577737808228 
v 0.036143261939287186 -4.795889854431152 0.7602217197418213 
v 0.03598256781697273 -4.795889854431152 0.7611283659934998 
v 0.03794200345873833 -4.795889854431152 0.7607706189155579 
v 0.04106258600950241 -4.795889854431152 0.7610728740692139 
v 0.05251335725188255 -4.795889854431152 0.7611222267150879 
v 0.044183168560266495 -4.795889854431152 0.7607706189155579 
v 0.047184523195028305 -4.795889854431152 0.7598577737808228 
v 0.049947429448366165 -4.795889854431152 0.7583836913108826 
v 0.05067833140492439 -4.795889854431152 0.7577792406082153 
v 0.05471642315387726 -4.795889854431152 0.7577792406082153 
v 0.05237339809536934 -4.795889854431152 0.7563914656639099 
v 0.054363932460546494 -4.795889854431152 0.7539674639701843 
v 0.054763078689575195 -4.795889854431152 0.7532150149345398 
v 0.07108651846647263 -4.795889854431152 0.7577977180480957 
v 0.05584128573536873 -4.795889854431152 0.751204252243042 
v 0.05674843117594719 -4.795889854431152 0.7482004761695862 
v 0.057059451937675476 -4.795889854431152 0.7450795769691467 
v 0.05674843117594719 -4.795889854431152 0.7419586181640625 
v 0.05584128573536873 -4.795889854431152 0.7389610409736633 
v 0.05492377281188965 -4.795889854431152 0.7372463345527649 
v 0.07180704921483994 -4.795889854431152 0.7360374331474304 
v 0.05493932217359543 -4.795889854431152 0.7358647584915161 
v 0.054363932460546494 -4.795889854431152 0.736197829246521 
v 0.054094381630420685 -4.795889854431152 0.7358647584915161 
v 0.05237339809536934 -4.795889854431152 0.7337738275527954 
v 0.049947429448366165 -4.795889854431152 0.7317816019058228 
v 0.04106258600950241 -4.795889854431152 0.7221843600273132 
v 0.047184523195028305 -4.795889854431152 0.7303013205528259 
v 0.044183168560266495 -4.795889854431152 0.7293946146965027 
v 0.04106258600950241 -4.795889854431152 0.7290862202644348 
v 0.03794200345873833 -4.795889854431152 0.7293946146965027 
v 0.036625348031520844 -4.795889854431152 0.7297955751419067 
v 0.03794200345873833 -4.795889854431152 0.7218759655952454 
v 0.036625348031520844 -4.795889854431152 0.7214812636375427 
v 0.03494064882397652 -4.795889854431152 0.7303013205528259 
v 0.03217774257063866 -4.795889854431152 0.7317816019058228 
v 0.029751773923635483 -4.795889854431152 0.7337738275527954 
v 0.03494064882397652 -4.795889854431152 0.7209693193435669 
v 0.03217774257063866 -4.795889854431152 0.7194890379905701 
v 0.029751773923635483 -4.795889854431152 0.7175029516220093 
v 0.02776642143726349 -4.795889854431152 0.7150790095329285 
v 0.026283884420990944 -4.795889854431152 0.7123095989227295 
v 0.026216497644782066 -4.795889854431152 0.712093710899353 
v 0.025376738980412483 -4.795889854431152 0.7093120217323303 
v 0.025065718218684196 -4.795889854431152 0.7061910629272461 
v 0.025376738980412483 -4.795889854431152 0.7030701041221619 
v 0.026283884420990944 -4.795889854431152 0.7000725269317627 
v 0.02776642143726349 -4.795889854431152 0.6973031759262085 
v 0.029751773923635483 -4.795889854431152 0.6948791742324829 
v 0.03217774257063866 -4.795889854431152 0.6928931474685669 
v 0.03494064882397652 -4.795889854431152 0.6914128065109253 
v 0.036625348031520844 -4.795889854431152 0.6909009218215942 
v 0.036625348031520844 -4.795889854431152 0.6883165836334229 
v 0.03794200345873833 -4.795889854431152 0.6904999613761902 
v 0.04106258600950241 -4.795889854431152 0.690197765827179 
v 0.044183168560266495 -4.795889854431152 0.6904999613761902 
v 0.05493932217359543 -4.795889854431152 0.6883165836334229 
v 0.047184523195028305 -4.795889854431152 0.6914128065109253 
v 0.049947429448366165 -4.795889854431152 0.6928931474685669 
v 0.05237339809536934 -4.795889854431152 0.6948791742324829 
v 0.054363932460546494 -4.795889854431152 0.6973031759262085 
v 0.05493932217359543 -4.795889854431152 0.698382556438446 
v 0.07184333354234695 -4.795889854431152 0.6884830594062805 
v 0.07183296978473663 -4.795889854431152 0.7123342752456665 
v 0.05584128573536873 -4.795889854431152 0.7000725269317627 
v 0.05674843117594719 -4.795889854431152 0.7030701041221619 
v 0.057059451937675476 -4.795889854431152 0.7061910629272461 
v 0.05674843117594719 -4.795889854431152 0.7093120217323303 
v 0.055903490632772446 -4.795889854431152 0.7121060490608215 
v 0.05584128573536873 -4.795889854431152 0.7123095989227295 
v 0.05493932217359543 -4.795889854431152 0.7139996290206909 
v 0.054363932460546494 -4.795889854431152 0.7150790095329285 
v 0.05237339809536934 -4.795889854431152 0.7175029516220093 
v 0.049947429448366165 -4.795889854431152 0.7194890379905701 
v 0.047184523195028305 -4.795889854431152 0.7209693193435669 
v 0.044183168560266495 -4.795889854431152 0.7218759655952454 
v 0.07453885674476624 -4.795889854431152 0.7153071761131287 
v 0.07423820346593857 -4.795889854431152 0.7381468415260315 
v 0.057059451937675476 -4.795889854431152 0.667487621307373 
v 0.05674843117594719 -4.795889854431152 0.6706085801124573 
v 0.05584128573536873 -4.795889854431152 0.6736123561859131 
v 0.05493932217359543 -4.795889854431152 0.6753023266792297 
v 0.054363932460546494 -4.795889854431152 0.6763755679130554 
v 0.05237339809536934 -4.795889854431152 0.6787995100021362 
v 0.049947429448366165 -4.795889854431152 0.6807917356491089 
v 0.047184523195028305 -4.795889854431152 0.6822658777236938 
v 0.044183168560266495 -4.795889854431152 0.683178722858429 
v 0.04106258600950241 -4.795889854431152 0.6834871172904968 
v 0.03794200345873833 -4.795889854431152 0.683178722858429 
v 0.036625348031520844 -4.795889854431152 0.6827778220176697 
v 0.03494064882397652 -4.795889854431152 0.6822658777236938 
v 0.03217774257063866 -4.795889854431152 0.6807917356491089 
v 0.029751773923635483 -4.795889854431152 0.6787995100021362 
v 0.02776642143726349 -4.795889854431152 0.6763755679130554 
v 0.026283884420990944 -4.795889854431152 0.6736123561859131 
v 0.025376738980412483 -4.795889854431152 0.6706085801124573 
v 0.025065718218684196 -4.795889854431152 0.667487621307373 
v 0.025356004014611244 -4.795889854431152 0.6645455360412598 
v 0.025376738980412483 -4.795889854431152 0.6643728613853455 
v 0.026283884420990944 -4.795889854431152 0.6613690853118896 
v 0.02776642143726349 -4.795889854431152 0.6586058735847473 
v 0.029751773923635483 -4.795889854431152 0.6561818718910217 
v 0.03217774257063866 -4.795889854431152 0.6541896462440491 
v 0.036625348031520844 -4.795889854431152 0.6452092528343201 
v 0.03494064882397652 -4.795889854431152 0.6527093648910522 
v 0.036625348031520844 -4.795889854431152 0.6522036194801331 
v 0.03794200345873833 -4.795889854431152 0.6456101536750793 
v 0.04106258600950241 -4.795889854431152 0.6459185481071472 
v 0.03794200345873833 -4.795889854431152 0.6518027186393738 
v 0.04106258600950241 -4.795889854431152 0.6514943242073059 
v 0.044183168560266495 -4.795889854431152 0.6518027186393738 
v 0.047184523195028305 -4.795889854431152 0.6527093648910522 
v 0.049947429448366165 -4.795889854431152 0.6541896462440491 
v 0.05237339809536934 -4.795889854431152 0.6561818718910217 
v 0.044183168560266495 -4.795889854431152 0.6456101536750793 
v 0.054363932460546494 -4.795889854431152 0.6586058735847473 
v 0.047184523195028305 -4.795889854431152 0.6446973085403442 
v 0.05493932217359543 -4.795889854431152 0.659679114818573 
v 0.049947429448366165 -4.795889854431152 0.6432231664657593 
v 0.05237339809536934 -4.795889854431152 0.6412309408187866 
v 0.0527518056333065 -4.795889854431152 0.6407683491706848 
v 0.05493932217359543 -4.795889854431152 0.6407683491706848 
v 0.05493932217359543 -4.795889854431152 0.6377337574958801 
v 0.07184333354234695 -4.795889854431152 0.6406018137931824 
v 0.05584128573536873 -4.795889854431152 0.6360437870025635 
v 0.05674843117594719 -4.795889854431152 0.6330400109291077 
v 0.057059451937675476 -4.795889854431152 0.6299190521240234 
v 0.05674843117594719 -4.795889854431152 0.6267980933189392 
v 0.05584128573536873 -4.795889854431152 0.62380051612854 
v 0.05493932217359543 -4.795889854431152 0.6221105456352234 
v 0.05493932217359543 -4.795889854431152 0.6169911623001099 
v 0.054363932460546494 -4.795889854431152 0.6210373044013977 
v 0.05237339809536934 -4.795889854431152 0.6186133623123169 
v 0.050403594970703125 -4.795889854431152 0.6169911623001099 
v 0.049947429448366165 -4.795889854431152 0.6166211366653442 
v 0.047184523195028305 -4.795889854431152 0.6151469945907593 
v 0.044183168560266495 -4.795889854431152 0.6142341494560242 
v 0.04106258600950241 -4.795889854431152 0.6075851917266846 
v 0.04106258600950241 -4.795889854431152 0.6139257550239563 
v 0.03794200345873833 -4.795889854431152 0.6142341494560242 
v 0.036625348031520844 -4.795889854431152 0.6146350502967834 
v 0.03794200345873833 -4.795889854431152 0.6072767972946167 
v 0.036625348031520844 -4.795889854431152 0.6068820357322693 
v 0.03494064882397652 -4.795889854431152 0.6063700914382935 
v 0.03217774257063866 -4.795889854431152 0.6048898100852966 
v 0.029751773923635483 -4.795889854431152 0.6029037237167358 
v 0.02776642143726349 -4.795889854431152 0.600479781627655 
v 0.05676916614174843 -4.795889854431152 0.6645455360412598 
v 0.054363932460546494 -4.795889854431152 0.6388069987297058 
v 0.03494064882397652 -4.795889854431152 0.6151469945907593 
v 0.03217774257063866 -4.795889854431152 0.6166211366653442 
v 0.0317215770483017 -4.795889854431152 0.6169911623001099 
v 0.029751773923635483 -4.795889854431152 0.6186133623123169 
v 0.02776642143726349 -4.795889854431152 0.6210373044013977 
v 0.026283884420990944 -4.795889854431152 0.62380051612854 
v 0.026283884420990944 -4.795889854431152 0.597710371017456 
v 0.025376738980412483 -4.795889854431152 0.5947127938270569 
v 0.02522641234099865 -4.795889854431152 0.5932201743125916 
v 0.025065718218684196 -4.795889854431152 0.5915918350219727 
v 0.025376738980412483 -4.795889854431152 0.5884709358215332 
v 0.026283884420990944 -4.795889854431152 0.5854671597480774 
v 0.02776642143726349 -4.795889854431152 0.5827039480209351 
v 0.029751773923635483 -4.795889854431152 0.5802799463272095 
v 0.03217774257063866 -4.795889854431152 0.5782939195632935 
v 0.03494064882397652 -4.795889854431152 0.5768136382102966 
v 0.036583878099918365 -4.795889854431152 0.5763140320777893 
v 0.03656832501292229 -4.795889854431152 0.5713056921958923 
v 0.03794200345873833 -4.795889854431152 0.5759007930755615 
v 0.018233614042401314 -4.795889854431152 0.5679565668106079 
v 0.018171411007642746 -4.795889854431152 0.5664700865745544 
v 0.03598256781697273 -4.795889854431152 0.5679627060890198 
v 0.05471642315387726 -4.795889854431152 0.5713056921958923 
v 0.04106258600950241 -4.795889854431152 0.5755923986434937 
v 0.044183168560266495 -4.795889854431152 0.5759007930755615 
v 0.047184523195028305 -4.795889854431152 0.5768136382102966 
v 0.049947429448366165 -4.795889854431152 0.5782939195632935 
v 0.05237339809536934 -4.795889854431152 0.5802799463272095 
v 0.054363932460546494 -4.795889854431152 0.5827039480209351 
v 0.05484083294868469 -4.795889854431152 0.5835983157157898 
v 0.07180704921483994 -4.795889854431152 0.5930536389350891 
v 0.05584128573536873 -4.795889854431152 0.5854671597480774 
v 0.05674843117594719 -4.795889854431152 0.5884709358215332 
v 0.057059451937675476 -4.795889854431152 0.5915918350219727 
v 0.05689875781536102 -4.795889854431152 0.5932016968727112 
v 0.07183296978473663 -4.795889854431152 0.6167506575584412 
v 0.05674843117594719 -4.795889854431152 0.5947127938270569 
v 0.05584128573536873 -4.795889854431152 0.597710371017456 
v 0.05493932217359543 -4.795889854431152 0.5994004011154175 
v 0.054363932460546494 -4.795889854431152 0.600479781627655 
v 0.05237339809536934 -4.795889854431152 0.6029037237167358 
v 0.049947429448366165 -4.795889854431152 0.6048898100852966 
v 0.047184523195028305 -4.795889854431152 0.6063700914382935 
v 0.044183168560266495 -4.795889854431152 0.6072767972946167 
v 0.07453885674476624 -4.795889854431152 0.6137900352478027 
v 0.07423820346593857 -4.795889854431152 0.5909380912780762 
v 0.07108651846647263 -4.795889854431152 0.571287214756012 
v 0.05251335725188255 -4.795889854431152 0.5679689049720764 
v 0.03551603853702545 -4.795889854431152 0.5664700865745544 
v 0.018150676041841507 -4.795889854431152 0.5649774670600891 
v 0.0000025769600142666604 -4.795889854431152 0.5649774670600891 
v -0.018150705844163895 -4.795889854431152 0.5649774670600891 
v -0.03534500673413277 -4.795889854431152 0.564983606338501 
v -0.050595421344041824 -4.795889854431152 0.5649898052215576 
v 0.03534497693181038 -4.795889854431152 0.564983606338501 
v 0.051077473908662796 -4.795889854431152 0.566482424736023 
v 0.06553997099399567 -4.795889854431152 0.5679750442504883 
v 0.05059539154171944 -4.795889854431152 0.5649898052215576 
v 0.06340429186820984 -4.795889854431152 0.5665009021759033 
v 0.06286518275737762 -4.795889854431152 0.5650021433830261 
v 0.07149603217840195 -4.795889854431152 0.5666612982749939 
v 0.0722113773226738 -4.795889854431152 0.5680305361747742 
v 0.07374574989080429 -4.795889854431152 0.5710960030555725 
v 0.07144937664270401 -4.795889854431152 0.565236508846283 
v 0.07695963978767395 -4.795889854431152 0.5668216347694397 
v 0.08019944280385971 -4.795889854431152 0.5711885094642639 
v 0.07670563459396362 -4.795889854431152 0.5678085088729858 
v 0.07521273195743561 -4.795889854431152 0.5682587623596191 
v 0.08195152878761292 -4.795889854431152 0.5797803997993469 
v 0.0828431248664856 -4.795889854431152 0.5938061475753784 
v 0.08322153985500336 -4.795889854431152 0.6133706569671631 
v 0.08337186276912689 -4.795889854431152 0.6378941535949707 
v 0.0796085074543953 -4.795889854431152 0.5714290738105774 
v 0.08105994015932083 -4.795889854431152 0.5784851312637329 
v 0.08170271664857864 -4.795889854431152 0.5901177525520325 
v 0.08041715621948242 -4.795889854431152 0.5761536359786987 
v 0.08082666993141174 -4.795889854431152 0.5835983157157898 
v 0.07999727874994278 -4.795889854431152 0.5742293000221252 
v 0.07939597219228745 -4.795889854431152 0.5711638331413269 
v 0.07794972509145737 -4.795889854431152 0.5688015222549438 
v 0.07931303232908249 -4.795889854431152 0.5708739757537842 
v 0.07933895289897919 -4.795889854431152 0.5727120041847229 
v 0.08010095357894897 -4.795889854431152 0.5772700309753418 
v 0.08062450587749481 -4.795889854431152 0.5918262600898743 
v 0.08162496238946915 -4.795889854431152 0.6086398959159851 
v 0.07982103526592255 -4.795889854431152 0.5976055264472961 
v 0.08023572713136673 -4.795889854431152 0.615763783454895 
v 0.08039642870426178 -4.795889854431152 0.6390537023544312 
v 0.08185822516679764 -4.795889854431152 0.6371848583221436 
v 0.08339778333902359 -4.795889854431152 0.6645455360412598 
v 0.08337186276912689 -4.795889854431152 0.6912093162536621 
v 0.08322153985500336 -4.795889854431152 0.715806782245636 
v 0.0828431248664856 -4.795889854431152 0.7353651523590088 
v 0.08163014054298401 -4.795889854431152 0.721401035785675 
v 0.08185822516679764 -4.795889854431152 0.6920111179351807 
v 0.08189450949430466 -4.795889854431152 0.6645455360412598 
v 0.08042752742767334 -4.795889854431152 0.6645455360412598 
v 0.07898128032684326 -4.795889854431152 0.6645455360412598 
v 0.07897090911865234 -4.795889854431152 0.6413666605949402 
v 0.07753502577543259 -4.795889854431152 0.6393497586250305 
v 0.07757649570703506 -4.795889854431152 0.6156589388847351 
v 0.07891388982534409 -4.795889854431152 0.6197174191474915 
v 0.07876355946063995 -4.795889854431152 0.6010348796844482 
v 0.08040160685777664 -4.795889854431152 0.6902285814285278 
v 0.07774756103754044 -4.795889854431152 0.595650315284729 
v 0.07854066044092178 -4.795889854431152 0.5873051881790161 
v 0.07928193360567093 -4.795889854431152 0.5846653580665588 
v 0.07989360392093658 -4.795889854431152 0.5813100337982178 
v 0.07918344438076019 -4.795889854431152 0.5748152136802673 
v 0.07866507023572922 -4.795889854431152 0.5765237212181091 
v 0.07798600941896439 -4.795889854431152 0.5794041156768799 
v 0.07675747573375702 -4.795889854431152 0.588581919670105 
v 0.07603175938129425 -4.795889854431152 0.6083561778068542 
v 0.07608877867460251 -4.795889854431152 0.6377769708633423 
v 0.0775453969836235 -4.795889854431152 0.6645455360412598 
v 0.07754021137952805 -4.795889854431152 0.6898584961891174 
v 0.07898128032684326 -4.795889854431152 0.6879402995109558 
v 0.08026683330535889 -4.795889854431152 0.714937150478363 
v 0.0799298956990242 -4.795889854431152 0.7370613217353821 
v 0.08064524084329605 -4.795889854431152 0.741668701171875 
v 0.08081630617380142 -4.795889854431152 0.7480648159980774 
v 0.08169753104448318 -4.795889854431152 0.7396888136863708 
v 0.08194635063409805 -4.795889854431152 0.7493415474891663 
v 0.08019944280385971 -4.795889854431152 0.7579025626182556 
v 0.07695445418357849 -4.795889854431152 0.762263298034668 
v 0.07144937664270401 -4.795889854431152 0.7638484239578247 
v 0.0766952708363533 -4.795889854431152 0.7612702250480652 
v 0.07959295064210892 -4.795889854431152 0.7576928734779358 
v 0.08105475455522537 -4.795889854431152 0.7508588433265686 
v 0.08039642870426178 -4.795889854431152 0.7538009285926819 
v 0.079981729388237 -4.795889854431152 0.7566751837730408 
v 0.08009576797485352 -4.795889854431152 0.7571254372596741 
v 0.07993507385253906 -4.795889854431152 0.757002055644989 
v 0.07949964702129364 -4.795889854431152 0.7560151815414429 
v 0.07918862253427505 -4.795889854431152 0.7588092684745789 
v 0.07929748296737671 -4.795889854431152 0.7589079141616821 
v 0.07928193360567093 -4.795889854431152 0.7585810422897339 
v 0.07936487346887589 -4.795889854431152 0.7580320835113525 
v 0.07790306955575943 -4.795889854431152 0.7602587342262268 
v 0.07648273557424545 -4.795889854431152 0.7603635787963867 
v 0.07521273195743561 -4.795889854431152 0.7608014941215515 
v 0.0722113773226738 -4.795889854431152 0.7610481977462769 
v 0.07149084657430649 -4.795889854431152 0.7624236345291138 
v 0.06286518275737762 -4.795889854431152 0.7640827894210815 
v 0.05059539154171944 -4.795889854431152 0.76409512758255 
v 0.03534497693181038 -4.795889854431152 0.7641013264656067 
v 0.018150676041841507 -4.795889854431152 0.7641074657440186 
v 0.0000025769600142666604 -4.795889854431152 0.7641074657440186 
v -0.018150705844163895 -4.795889854431152 0.7641074657440186 
v 0.0000025769600142666604 -4.795889854431152 0.7626148462295532 
v 0.018171411007642746 -4.795889854431152 0.7626148462295532 
v 0.03551603853702545 -4.795889854431152 0.7626148462295532 
v 0.051077473908662796 -4.795889854431152 0.7626025080680847 
v 0.06340429186820984 -4.795889854431152 0.7625839710235596 
v 0.06553997099399567 -4.795889854431152 0.7611098885536194 
v -0.018171440809965134 -4.795889854431152 0.7626148462295532 
v -0.03534500673413277 -4.795889854431152 0.7641013264656067 
v -0.03551606833934784 -4.795889854431152 0.7626148462295532 
v 0.0789760947227478 -4.795889854431152 0.711125373840332 
v 0.07896572351455688 -4.795889854431152 0.7339588403701782 
v 0.07760760188102722 -4.795889854431152 0.714381992816925 
v 0.07786159962415695 -4.795889854431152 0.7365123629570007 
v 0.07604212313890457 -4.795889854431152 0.7209446430206299 
v 0.0789501741528511 -4.795889854431152 0.7538379430770874 
v 0.07876874506473541 -4.795889854431152 0.758173942565918 
v 0.07859250158071518 -4.795889854431152 0.7591053247451782 
v 0.0784473568201065 -4.795889854431152 0.7594877481460571 
v 0.0782296434044838 -4.795889854431152 0.7598639726638794 
v 0.07706849277019501 -4.795889854431152 0.7598577737808228 
v 0.07755058258771896 -4.795889854431152 0.7592779994010925 
v 0.07808449864387512 -4.795889854431152 0.7586920857429504 
v 0.07819853723049164 -4.795889854431152 0.7555772662162781 
v 0.07680413126945496 -4.795889854431152 0.7414219975471497 
v 0.07593327015638351 -4.795889854431152 0.7498411536216736 
v 0.07662270218133926 -4.795889854431152 0.7579272389411926 
v 0.07601621001958847 -4.795889854431152 0.7591053247451782 
v 0.07533714175224304 -4.795889854431152 0.7586982250213623 
v 0.07738988846540451 -4.795889854431152 0.7566689848899841 
v 0.07517126202583313 -4.795889854431152 0.7422361373901367 
v 0.07375093549489975 -4.795889854431152 0.7579765915870667 
v 0.07461142539978027 -4.795889854431152 0.7582665085792542 
v 0.07465289533138275 -4.795889854431152 0.6902779340744019 
v 0.07184333354234695 -4.795889854431152 0.6645455360412598 
v 0.05674843117594719 -4.795889854431152 0.6643728613853455 
v 0.05584128573536873 -4.795889854431152 0.6613690853118896 
v 0.07465289533138275 -4.795889854431152 0.6388131380081177 
v 0.07516089826822281 -4.795889854431152 0.5868425965309143 
v 0.07460106164216995 -4.795889854431152 0.570756733417511 
v 0.0752904936671257 -4.795889854431152 0.5701769590377808 
v 0.07590216398239136 -4.795889854431152 0.579249918460846 
v 0.07657086104154587 -4.795889854431152 0.5711700320243835 
v 0.07731212675571442 -4.795889854431152 0.5741121172904968 
v 0.07805857807397842 -4.795889854431152 0.572126030921936 
v 0.07860805094242096 -4.795889854431152 0.5719533562660217 
v 0.0784991979598999 -4.795889854431152 0.5704360604286194 
v 0.07831776887178421 -4.795889854431152 0.5692209601402283 
v 0.0770944133400917 -4.795889854431152 0.5690174102783203 
v 0.07756094634532928 -4.795889854431152 0.569991946220398 
v 0.07592808455228806 -4.795889854431152 0.5695663690567017 
v 0.07649829238653183 -4.795889854431152 0.568616509437561 
v 0.07467881590127945 -4.795889854431152 0.6645455360412598 
v 0.07608877867460251 -4.795889854431152 0.691338837146759 
v 0.07610951364040375 -4.795889854431152 0.6645455360412598 
v -0.01515971589833498 -4.795889854431152 0.6613690853118896 
v -0.016072046011686325 -4.795889854431152 0.6643728613853455 
v -0.016087597236037254 -4.795889854431152 0.6645455360412598 
v -0.016377883031964302 -4.795889854431152 0.667487621307373 
v -0.016072046011686325 -4.795889854431152 0.6706085801124573 
v -0.01515971589833498 -4.795889854431152 0.6736123561859131 
v -0.013682364486157894 -4.795889854431152 0.6763755679130554 
v -0.011691827327013016 -4.795889854431152 0.6787995100021362 
v -0.009271044284105301 -4.795889854431152 0.6807917356491089 
v -0.006502953823655844 -4.795889854431152 0.6822658777236938 
v -0.003501597559079528 -4.795889854431152 0.683178722858429 
v 0.0000025769600142666604 -4.795889854431152 0.6834871172904968 
v 0.00350156775675714 -4.795889854431152 0.683178722858429 
v 0.006502924021333456 -4.795889854431152 0.6822658777236938 
v 0.009271014481782913 -4.795889854431152 0.6807917356491089 
v 0.011691797524690628 -4.795889854431152 0.6787995100021362 
v 0.013682334683835506 -4.795889854431152 0.6763755679130554 
v 0.015159686096012592 -4.795889854431152 0.6736123561859131 
v 0.016072016209363937 -4.795889854431152 0.6706085801124573 
v 0.016377853229641914 -4.795889854431152 0.667487621307373 
v 0.016087567433714867 -4.795889854431152 0.6645455360412598 
v 0.016072016209363937 -4.795889854431152 0.6643728613853455 
v 0.03494064882397652 -4.795889854431152 0.6446973085403442 
v 0.03217774257063866 -4.795889854431152 0.6432231664657593 
v 0.029751773923635483 -4.795889854431152 0.6412309408187866 
v 0.02937336452305317 -4.795889854431152 0.6407683491706848 
v 0.02776642143726349 -4.795889854431152 0.6388069987297058 
v 0.026283884420990944 -4.795889854431152 0.6360437870025635 
v 0.025376738980412483 -4.795889854431152 0.6330400109291077 
v 0.025065718218684196 -4.795889854431152 0.6299190521240234 
v 0.025376738980412483 -4.795889854431152 0.6267980933189392 
v -0.034940678626298904 -4.795889854431152 0.6446973085403442 
v -0.032177772372961044 -4.795889854431152 0.6432231664657593 
v -0.02975180372595787 -4.795889854431152 0.6412309408187866 
v -0.029373394325375557 -4.795889854431152 0.6407683491706848 
v -0.027766451239585876 -4.795889854431152 0.6388069987297058 
v -0.02628391422331333 -4.795889854431152 0.6360437870025635 
v -0.02537676878273487 -4.795889854431152 0.6330400109291077 
v -0.025065748021006584 -4.795889854431152 0.6299190521240234 
v -0.02537676878273487 -4.795889854431152 0.6267980933189392 
v -0.02628391422331333 -4.795889854431152 0.62380051612854 
v -0.027766451239585876 -4.795889854431152 0.6210373044013977 
v -0.02975180372595787 -4.795889854431152 0.6186133623123169 
v -0.031721606850624084 -4.795889854431152 0.6169911623001099 
v -0.032177772372961044 -4.795889854431152 0.6166211366653442 
v 0.028035972267389297 -4.795889854431152 0.7358647584915161 
vn -0.013107799924910069 -2.7109958632902213e-15 -0.9999141097068787 
vn -0.013107799924910069 -2.7109958632902213e-15 -0.9999141097068787 
vn -0.1695406585931778 0.0037781267892569304 -0.9855159521102905 
vn -0.1695406585931778 0.0037781267892569304 -0.9855159521102905 
vn -0.5955227613449097 0.003779626451432705 -0.8033295273780823 
vn -0.5955227613449097 0.003779626451432705 -0.8033295273780823 
vn -0.1695406585931778 0.0037781267892569304 -0.9855159521102905 
vn -0.5955227613449097 0.003779626451432705 -0.8033295273780823 
vn -0.921139121055603 -1.9051284801032548e-13 -0.3892335295677185 
vn -0.921139121055603 -1.9051284801032548e-13 -0.3892335295677185 
vn 2.0682311115474694e-13 4.2775797696334704e-26 -1 
vn -0.921139121055603 -1.9051284801032548e-13 -0.3892335295677185 
vn -0.921139121055603 -1.9051284801032548e-13 -0.3892335295677185 
vn -0.5955227613449097 0.003779626451432705 -0.8033295273780823 
vn -0.1695406585931778 0.0037781267892569304 -0.9855159521102905 
vn -0.013107799924910069 -2.7109958632902213e-15 -0.9999141097068787 
vn 2.0682311115474694e-13 4.2775797696334704e-26 -1 
vn 2.0682311115474694e-13 4.2775797696334704e-26 -1 
vn 2.0682311115474694e-13 4.2775797696334704e-26 -1 
vn 2.0682311115474694e-13 4.2775797696334704e-26 -1 
vn 2.0682311115474694e-13 4.2775797696334704e-26 -1 
vn 2.0682311115474694e-13 4.2775797696334704e-26 -1 
vn 2.0682311115474694e-13 4.2775797696334704e-26 -1 
vn 2.0682311115474694e-13 4.2775797696334704e-26 -1 
vn 2.0682311115474694e-13 4.2775797696334704e-26 -1 
vn 2.0682311115474694e-13 4.2775797696334704e-26 -1 
vn 2.0682311115474694e-13 4.2775797696334704e-26 -1 
vn 2.0682311115474694e-13 4.2775797696334704e-26 -1 
vn 2.0682311115474694e-13 4.2775797696334704e-26 -1 
vn 0.013107799924910069 0 -0.9999141097068787 
vn 0.013107799924910069 0 -0.9999141097068787 
vn 0.16958275437355042 0 -0.9855159521102905 
vn 0.16958275437355042 0 -0.9855159521102905 
vn 0.5955348014831543 0 -0.8033295273780823 
vn 0.5955348014831543 0 -0.8033295273780823 
vn 0.921139121055603 0 -0.3892335295677185 
vn 0.921139121055603 0 -0.3892335295677185 
vn 0.9911331534385681 0 -0.1328723281621933 
vn 0.9911331534385681 0 -0.1328723281621933 
vn 0.9987378120422363 0 -0.05022686347365379 
vn 0.9987378120422363 0 -0.05022686347365379 
vn 0.9998067021369934 0 -0.01966099627315998 
vn 0.9998067021369934 0 -0.01966099627315998 
vn 0.9999785423278809 0 -0.006554040592163801 
vn 0.9999785423278809 0 -0.006554040592163801 
vn 0.999997615814209 0 0.002184694167226553 
vn 0.999997615814209 0 0.002184694167226553 
vn 0.9999785423278809 0 0.006554040592163801 
vn 0.9999785423278809 0 0.006554040592163801 
vn 0.9998067021369934 0 0.01966099627315998 
vn 0.9998067021369934 0 0.01966099627315998 
vn 0.9987378120422363 0 0.05022686347365379 
vn 0.9987378120422363 0 0.05022686347365379 
vn 0.9911331534385681 0 0.1328723281621933 
vn 0.9911331534385681 0 0.1328723281621933 
vn 0.921139121055603 0 0.3892335295677185 
vn 0.921139121055603 0 0.3892335295677185 
vn 0.5955348014831543 0 0.8033295273780823 
vn 0.5955348014831543 0 0.8033295273780823 
vn 0.16958275437355042 0 0.9855159521102905 
vn 0.16958275437355042 0 0.9855159521102905 
vn 0.013107799924910069 0 0.9999141097068787 
vn 0.013107799924910069 0 0.9999141097068787 
vn 0 0 1 
vn 0 0 1 
vn 0 0 1 
vn 0 0 1 
vn 0 0 1 
vn 0 0 1 
vn 0 0 1 
vn 0 0 1 
vn 0 0 1 
vn 0 0 1 
vn 0 0 1 
vn 0 0 1 
vn 0 0 1 
vn 0 0 1 
vn -0.013107799924910069 -2.7168168854619897e-15 0.9999141097068787 
vn -0.013107799924910069 -2.7168168854619897e-15 0.9999141097068787 
vn -0.16958275437355042 -3.507363195991327e-14 0.9855159521102905 
vn -0.16958275437355042 -3.507363195991327e-14 0.9855159521102905 
vn -0.5955228805541992 0.0037644170224666595 0.8033295273780823 
vn -0.5955228805541992 0.0037644170224666595 0.8033295273780823 
vn -0.9211313724517822 0.003772927913814783 0.3892335295677185 
vn -0.9211313724517822 0.003772927913814783 0.3892335295677185 
vn -0.9911260008811951 0.0037742170970886946 0.1328723281621933 
vn -0.9911260008811951 0.0037742170970886946 0.1328723281621933 
vn -0.9987307190895081 0.003775716060772538 0.05022686347365379 
vn -0.9987307190895081 0.003775716060772538 0.05022686347365379 
vn -0.9998067021369934 -2.0678313119963654e-13 0.01966099627315998 
vn -0.9998067021369934 -2.0678313119963654e-13 0.01966099627315998 
vn -0.9999785423278809 -2.0681866592583975e-13 0.006554040592163801 
vn -0.9999785423278809 -2.0681866592583975e-13 0.006554040592163801 
vn -0.999997615814209 -2.0682260971124217e-13 0.002184694167226553 
vn -0.999997615814209 -2.0682260971124217e-13 0.002184694167226553 
vn -0.9999785423278809 -2.0681866592583975e-13 -0.006554040592163801 
vn -0.9999785423278809 -2.0681866592583975e-13 -0.006554040592163801 
vn -0.9998067021369934 -2.0678313119963654e-13 -0.01966099627315998 
vn -0.9998067021369934 -2.0678313119963654e-13 -0.01966099627315998 
vn -0.9987307190895081 0.003775716060772538 -0.05022686347365379 
vn -0.9987307190895081 0.003775716060772538 -0.05022686347365379 
vn -0.9911260008811951 0.0037742170970886946 -0.1328723281621933 
vn -0.9911260008811951 0.0037742170970886946 -0.1328723281621933 
vn -0.9911260008811951 0.0037742170970886946 -0.1328723281621933 
vn -0.9911260008811951 0.0037742170970886946 -0.1328723281621933 
vn -0.9911260008811951 0.0037742170970886946 -0.1328723281621933 
vn -0.921139121055603 -1.9051284801032548e-13 -0.3892335295677185 
vn -0.5955227613449097 0.003779626451432705 -0.8033295273780823 
vn -0.1695406585931778 0.0037781267892569304 -0.9855159521102905 
vn -0.013107799924910069 -2.7109958632902213e-15 -0.9999141097068787 
vn 2.0682311115474694e-13 4.2775797696334704e-26 -1 
vn 2.0682311115474694e-13 4.2775797696334704e-26 -1 
vn 2.0682311115474694e-13 4.2775797696334704e-26 -1 
vn 2.0682311115474694e-13 4.2775797696334704e-26 -1 
vn 2.0682311115474694e-13 4.2775797696334704e-26 -1 
vn 2.0682311115474694e-13 4.2775797696334704e-26 -1 
vn 2.0682311115474694e-13 4.2775797696334704e-26 -1 
vn 0.013107799924910069 0 -0.9999141097068787 
vn 0.16958275437355042 0 -0.9855159521102905 
vn 0.5955348014831543 0 -0.8033295273780823 
vn 0.921139121055603 0 -0.3892335295677185 
vn 0.9911331534385681 0 -0.1328723281621933 
vn 0.9987378120422363 0 -0.05022686347365379 
vn 0.9998067021369934 0 -0.01966099627315998 
vn 0.9999785423278809 0 -0.006554040592163801 
vn 0.999997615814209 0 0.002184694167226553 
vn 0.9999785423278809 0 0.006554040592163801 
vn 0.9998067021369934 0 0.01966099627315998 
vn 0.9987378120422363 0 0.05022686347365379 
vn 0.9911331534385681 0 0.1328723281621933 
vn 0.921139121055603 0 0.3892335295677185 
vn 0.5955348014831543 0 0.8033295273780823 
vn 0.16958275437355042 0 0.9855159521102905 
vn 0.013107799924910069 0 0.9999141097068787 
vn 0 0 1 
vn 0 0 1 
vn 0 0 1 
vn 0 0 1 
vn 0 0 1 
vn 0 0 1 
vn 0 0 1 
vn -0.013107799924910069 -2.7168168854619897e-15 0.9999141097068787 
vn -0.16958275437355042 -3.507363195991327e-14 0.9855159521102905 
vn -0.5955228805541992 0.0037644170224666595 0.8033295273780823 
vn -0.9211313724517822 0.003772927913814783 0.3892335295677185 
vn -0.9911260008811951 0.0037742170970886946 0.1328723281621933 
vn -0.9987307190895081 0.003775716060772538 0.05022686347365379 
vn -0.9998067021369934 -2.0678313119963654e-13 0.01966099627315998 
vn -0.9999785423278809 -2.0681866592583975e-13 0.006554040592163801 
vn -0.999997615814209 -2.0682260971124217e-13 0.002184694167226553 
vn -0.9999785423278809 -2.0681866592583975e-13 -0.006554040592163801 
vn -0.9998067021369934 -2.0678313119963654e-13 -0.01966099627315998 
vn -0.9987307190895081 0.003775716060772538 -0.05022686347365379 
vn -0.9987307190895081 0.003775716060772538 -0.05022686347365379 
vn -0.9987307190895081 0.003775716060772538 -0.05022686347365379 
vn -0.9987307190895081 0.003775716060772538 -0.05022686347365379 
vn -0.9911260008811951 0.0037742170970886946 -0.1328723281621933 
vn -0.921139121055603 -1.9051284801032548e-13 -0.3892335295677185 
vn -0.5955227613449097 0.003779626451432705 -0.8033295273780823 
vn -0.1695406585931778 0.0037781267892569304 -0.9855159521102905 
vn -0.013107799924910069 -2.7109958632902213e-15 -0.9999141097068787 
vn 2.0682311115474694e-13 4.2775797696334704e-26 -1 
vn 2.0682311115474694e-13 4.2775797696334704e-26 -1 
vn 2.0682311115474694e-13 4.2775797696334704e-26 -1 
vn 2.0682311115474694e-13 4.2775797696334704e-26 -1 
vn 2.0682311115474694e-13 4.2775797696334704e-26 -1 
vn 2.0682311115474694e-13 4.2775797696334704e-26 -1 
vn 2.0682311115474694e-13 4.2775797696334704e-26 -1 
vn 0.013107799924910069 0 -0.9999141097068787 
vn 0.16958275437355042 0 -0.9855159521102905 
vn 0.5955348014831543 0 -0.8033295273780823 
vn 0.921139121055603 0 -0.3892335295677185 
vn 0.9911331534385681 0 -0.1328723281621933 
vn 0.9987378120422363 0 -0.05022686347365379 
vn 0.9998067021369934 0 -0.01966099627315998 
vn 0.9999785423278809 0 -0.006554040592163801 
vn 0.999997615814209 0 0.002184694167226553 
vn 0.9999785423278809 0 0.006554040592163801 
vn 0.9998067021369934 0 0.01966099627315998 
vn 0.9987378120422363 0 0.05022686347365379 
vn 0.9911331534385681 0 0.1328723281621933 
vn 0.921139121055603 0 0.3892335295677185 
vn 0.5955348014831543 0 0.8033295273780823 
vn 0.16958275437355042 0 0.9855159521102905 
vn 0.013107799924910069 0 0.9999141097068787 
vn 0 0 1 
vn 0 0 1 
vn 0 0 1 
vn 0 0 1 
vn 0 0 1 
vn 0 0 1 
vn 0 0 1 
vn -0.013107799924910069 -2.7168168854619897e-15 0.9999141097068787 
vn -0.16958275437355042 -3.507363195991327e-14 0.9855159521102905 
vn -0.5955228805541992 0.0037644170224666595 0.8033295273780823 
vn -0.9211313724517822 0.003772927913814783 0.3892335295677185 
vn -0.9911260008811951 0.0037742170970886946 0.1328723281621933 
vn -0.9987307190895081 0.003775716060772538 0.05022686347365379 
vn -0.9998067021369934 -2.0678313119963654e-13 0.01966099627315998 
vn -0.9999785423278809 -2.0681866592583975e-13 0.006554040592163801 
vn -0.999997615814209 -2.0682260971124217e-13 0.002184694167226553 
vn -0.9999785423278809 -2.0681866592583975e-13 -0.006554040592163801 
vn -0.9998067021369934 -2.0678313119963654e-13 -0.01966099627315998 
vn -0.9998067021369934 -2.0678313119963654e-13 -0.01966099627315998 
vn -0.9998067021369934 -2.0678313119963654e-13 -0.01966099627315998 
vn -0.9998067021369934 -2.0678313119963654e-13 -0.01966099627315998 
vn -0.9987307190895081 0.003775716060772538 -0.05022686347365379 
vn -0.9911260008811951 0.0037742170970886946 -0.1328723281621933 
vn -0.921139121055603 -1.9051284801032548e-13 -0.3892335295677185 
vn -0.5955227613449097 0.003779626451432705 -0.8033295273780823 
vn -0.1695406585931778 0.0037781267892569304 -0.9855159521102905 
vn -0.013107799924910069 -2.7109958632902213e-15 -0.9999141097068787 
vn 2.0682311115474694e-13 4.2775797696334704e-26 -1 
vn 2.0682311115474694e-13 4.2775797696334704e-26 -1 
vn 2.0682311115474694e-13 4.2775797696334704e-26 -1 
vn 2.0682311115474694e-13 4.2775797696334704e-26 -1 
vn 2.0682311115474694e-13 4.2775797696334704e-26 -1 
vn 2.0682311115474694e-13 4.2775797696334704e-26 -1 
vn 2.0682311115474694e-13 4.2775797696334704e-26 -1 
vn 0.013107799924910069 0 -0.9999141097068787 
vn 0.16958275437355042 0 -0.9855159521102905 
vn 0.5955348014831543 0 -0.8033295273780823 
vn 0.921139121055603 0 -0.3892335295677185 
vn 0.9911331534385681 0 -0.1328723281621933 
vn 0.9987378120422363 0 -0.05022686347365379 
vn 0.9998067021369934 0 -0.01966099627315998 
vn 0.9999785423278809 0 -0.006554040592163801 
vn 0.999997615814209 0 0.002184694167226553 
vn 0.9999785423278809 0 0.006554040592163801 
vn 0.9998067021369934 0 0.01966099627315998 
vn 0.9987378120422363 0 0.05022686347365379 
vn 0.9911331534385681 0 0.1328723281621933 
vn 0.921139121055603 0 0.3892335295677185 
vn 0.5955348014831543 0 0.8033295273780823 
vn 0.16958275437355042 0 0.9855159521102905 
vn 0.013107799924910069 0 0.9999141097068787 
vn 0 0 1 
vn 0 0 1 
vn 0 0 1 
vn 0 0 1 
vn 0 0 1 
vn 0 0 1 
vn 0 0 1 
vn -0.013107799924910069 -2.7168168854619897e-15 0.9999141097068787 
vn -0.16958275437355042 -3.507363195991327e-14 0.9855159521102905 
vn -0.5955228805541992 0.0037644170224666595 0.8033295273780823 
vn -0.9211313724517822 0.003772927913814783 0.3892335295677185 
vn -0.9911260008811951 0.0037742170970886946 0.1328723281621933 
vn -0.9987307190895081 0.003775716060772538 0.05022686347365379 
vn -0.9998067021369934 -2.0678313119963654e-13 0.01966099627315998 
vn -0.9999785423278809 -2.0681866592583975e-13 0.006554040592163801 
vn -0.999997615814209 -2.0682260971124217e-13 0.002184694167226553 
vn -0.9999785423278809 -2.0681866592583975e-13 -0.006554040592163801 
vn -0.9999785423278809 -2.0681866592583975e-13 -0.006554040592163801 
vn -0.9999785423278809 -2.0681866592583975e-13 -0.006554040592163801 
vn -0.9998644590377808 -0.015102911740541458 -0.006554040592163801 
vn -0.9996926784515381 -0.01510031707584858 -0.01966099627315998 
vn -0.9986736178398132 -0.011326932348310947 -0.05022686347365379 
vn -0.9910684823989868 -0.011322432197630405 -0.1328723281621933 
vn -0.9193598628044128 -0.01132705993950367 -0.3932546079158783 
vn -0.5954268574714661 -0.011338270269334316 -0.8033295273780823 
vn -0.16853150725364685 -0.018853142857551575 -0.9855159521102905 
vn -0.013107799924910069 -2.7109958632902213e-15 -0.9999141097068787 
vn 2.0682311115474694e-13 4.2775797696334704e-26 -1 
vn 2.0682311115474694e-13 4.2775797696334704e-26 -1 
vn 2.0682311115474694e-13 4.2775797696334704e-26 -1 
vn 2.0682311115474694e-13 4.2775797696334704e-26 -1 
vn 2.0682311115474694e-13 4.2775797696334704e-26 -1 
vn 2.0682311115474694e-13 4.2775797696334704e-26 -1 
vn 2.0682311115474694e-13 4.2775797696334704e-26 -1 
vn 0.013107799924910069 0 -0.9999141097068787 
vn 0.16958275437355042 0 -0.9855159521102905 
vn 0.5955348014831543 0 -0.8033295273780823 
vn 0.921139121055603 0 -0.3892335295677185 
vn 0.9911331534385681 0 -0.1328723281621933 
vn 0.9987378120422363 0 -0.05022686347365379 
vn 0.9998067021369934 0 -0.01966099627315998 
vn 0.9999785423278809 0 -0.006554040592163801 
vn 0.999997615814209 0 0.002184694167226553 
vn 0.9999785423278809 0 0.006554040592163801 
vn 0.9998067021369934 0 0.01966099627315998 
vn 0.9987378120422363 0 0.05022686347365379 
vn 0.9911331534385681 0 0.1328723281621933 
vn 0.921139121055603 0 0.3892335295677185 
vn 0.5955348014831543 0 0.8033295273780823 
vn 0.16958275437355042 0 0.9855159521102905 
vn 0.013107799924910069 0 0.9999141097068787 
vn 0 0 1 
vn 0 0 1 
vn 0 0 1 
vn 0 0 1 
vn 0 0 1 
vn 0 0 1 
vn 0 0 1 
vn -0.013107799924910069 -2.7168168854619897e-15 0.9999141097068787 
vn -0.16958275437355042 -3.507363195991327e-14 0.9855159521102905 
vn -0.5955228805541992 0.0037644170224666595 0.8033295273780823 
vn -0.9211313724517822 0.003772927913814783 0.3892335295677185 
vn -0.9911260008811951 0.0037742170970886946 0.1328723281621933 
vn -0.9987307190895081 0.003775716060772538 0.05022686347365379 
vn -0.9998067021369934 -2.0678313119963654e-13 0.01966099627315998 
vn -0.9999785423278809 -2.0681866592583975e-13 0.006554040592163801 
vn -0.999997615814209 -2.0682260971124217e-13 0.002184694167226553 
vn -0.999997615814209 -2.0682260971124217e-13 0.002184694167226553 
vn -0.9998835325241089 -0.015103200450539589 0.002184694167226553 
vn -0.7681957483291626 -0.640211284160614 0.002184694167226553 
vn -0.7730085849761963 -0.6343917846679688 -0.002184694167226553 
vn -0.7776882648468018 -0.6284640431404114 -0.0152922747656703 
vn -0.7866406440734863 -0.6162936091423035 -0.03713129088282585 
vn -0.8052729964256287 -0.5831975936889648 -0.10684575140476227 
vn -0.7579792141914368 -0.5637716054916382 -0.3280687630176544 
vn -0.4857650399208069 -0.571082592010498 -0.661737859249115 
vn -0.13130496442317963 -0.609257161617279 -0.7820260524749756 
vn -0.01673441007733345 -0.014041837304830551 -0.9997613430023193 
vn 2.0682311115474694e-13 4.2775797696334704e-26 -1 
vn 2.0682311115474694e-13 4.2775797696334704e-26 -1 
vn 2.0682311115474694e-13 4.2775797696334704e-26 -1 
vn 2.0682311115474694e-13 4.2775797696334704e-26 -1 
vn 2.0682311115474694e-13 4.2775797696334704e-26 -1 
vn 2.0682311115474694e-13 4.2775797696334704e-26 -1 
vn 2.0682311115474694e-13 4.2775797696334704e-26 -1 
vn 0.013107799924910069 0 -0.9999141097068787 
vn 0.16958275437355042 0 -0.9855159521102905 
vn 0.5955348014831543 0 -0.8033295273780823 
vn 0.921139121055603 0 -0.3892335295677185 
vn 0.9911331534385681 0 -0.1328723281621933 
vn 0.9987378120422363 0 -0.05022686347365379 
vn 0.9998067021369934 0 -0.01966099627315998 
vn 0.9999785423278809 0 -0.006554040592163801 
vn 0.999997615814209 0 0.002184694167226553 
vn 0.9999785423278809 0 0.006554040592163801 
vn 0.9998067021369934 0 0.01966099627315998 
vn 0.9987378120422363 0 0.05022686347365379 
vn 0.9911331534385681 0 0.1328723281621933 
vn 0.921139121055603 0 0.3892335295677185 
vn 0.5955348014831543 0 0.8033295273780823 
vn 0.16958275437355042 0 0.9855159521102905 
vn 0.013107799924910069 0 0.9999141097068787 
vn 0 0 1 
vn 0 0 1 
vn 0 0 1 
vn 0 0 1 
vn 0 0 1 
vn 0 0 1 
vn 0 0 1 
vn -0.013107799924910069 -2.7168168854619897e-15 0.9999141097068787 
vn -0.16958275437355042 -3.507363195991327e-14 0.9855159521102905 
vn -0.5955228805541992 0.0037644170224666595 0.8033295273780823 
vn -0.9211313724517822 0.003772927913814783 0.3892335295677185 
vn -0.9911260008811951 0.0037742170970886946 0.1328723281621933 
vn -0.9987307190895081 0.003775716060772538 0.05022686347365379 
vn -0.9998067021369934 -2.0678313119963654e-13 0.01966099627315998 
vn -0.9999785423278809 -2.0681866592583975e-13 0.006554040592163801 
vn -0.9998644590377808 -0.015102911740541458 0.006554040592163801 
vn -0.7730085849761963 -0.6343917846679688 0.002184694167226553 
vn -0.9996926784515381 -0.01510031707584858 0.01966099627315998 
vn -0.7776882648468018 -0.6284640431404114 0.0152922747656703 
vn -0.7866406440734863 -0.6162936091423035 0.03713129088282585 
vn -0.1280297040939331 -0.991767942905426 0.002184694167226553 
vn -0.11303620040416718 -0.9935884475708008 0.002184694167226553 
vn -0.10552956163883209 -0.9944137930870056 0.002184694167226553 
vn -0.11303620040416718 -0.9935884475708008 -0.002184694167226553 
vn -0.1280297040939331 -0.991767942905426 -0.002184694167226553 
vn -0.1504555195569992 -0.988556444644928 -0.010923261754214764 
vn -0.9986736178398132 -0.011326932348310947 0.05022686347365379 
vn 3.097898456858039e-13 -0.999997615814209 0.002184694167226553 
vn 3.097898456858039e-13 -0.999997615814209 0.002184694167226553 
vn 3.097898456858039e-13 -0.999997615814209 0.002184694167226553 
vn 3.097898456858039e-13 -0.999997615814209 0.002184694167226553 
vn 3.097898456858039e-13 -0.999997615814209 0.002184694167226553 
vn 3.097898456858039e-13 -0.999997615814209 0.002184694167226553 
vn 3.097898456858039e-13 -0.999997615814209 0.002184694167226553 
vn 3.097898456858039e-13 -0.999997615814209 0.002184694167226553 
vn 3.097898456858039e-13 -0.999997615814209 0.002184694167226553 
vn 3.097898456858039e-13 -0.999997615814209 0.002184694167226553 
vn 3.097898456858039e-13 -0.999997615814209 0.002184694167226553 
vn -0.17275206744670868 -0.9845559000968933 -0.028397228568792343 
vn -0.16911634802818298 -0.983269989490509 -0.06767380982637405 
vn -0.09982483834028244 -0.9882751107215881 -0.11553031951189041 
vn -0.018878648057579994 -0.9926101565361023 -0.11986933648586273 
vn -0.00943997036665678 -0.6333724856376648 -0.7737894654273987 
vn 0.0040505328215658665 -0.012466258369386196 -0.9999141097068787 
vn 0.0040505328215658665 -0.012466258369386196 -0.9999141097068787 
vn 0.0040505328215658665 -0.012466258369386196 -0.9999141097068787 
vn 0.0040505328215658665 -0.012466258369386196 -0.9999141097068787 
vn 0.0040505328215658665 -0.012466258369386196 -0.9999141097068787 
vn 0.0040505328215658665 -0.012466258369386196 -0.9999141097068787 
vn 0.0040505328215658665 -0.012466258369386196 -0.9999141097068787 
vn 0.01673441007733345 -0.014041837304830551 -0.9997613430023193 
vn 0.1689097136259079 -0.015093756839632988 -0.9855159521102905 
vn 0.5953428745269775 -0.015116984024643898 -0.8033295273780823 
vn 0.9193986058235168 -0.0075514791533350945 -0.3932546079158783 
vn 0.9911044239997864 -0.007548379711806774 -0.1328723281621933 
vn 0.9986236691474915 -0.015102324075996876 -0.05022686347365379 
vn 0.9996926784515381 -0.01510031707584858 -0.01966099627315998 
vn 0.9998644590377808 -0.015102911740541458 -0.006554040592163801 
vn 0.9998835325241089 -0.015103200450539589 0.002184694167226553 
vn 0.9998644590377808 -0.015102911740541458 0.006554040592163801 
vn 0.9996926784515381 -0.01510031707584858 0.01966099627315998 
vn 0.9986236691474915 -0.015102324075996876 0.05022686347365379 
vn 0.9911044239997864 -0.007548379711806774 0.1328723281621933 
vn 0.9193986654281616 -0.00754162110388279 0.3932546079158783 
vn 0.5953444242477417 -0.015056164003908634 0.8033295273780823 
vn 0.1689191460609436 -0.014987741596996784 0.9855159521102905 
vn 0.012840298935770988 -0.017673155292868614 0.9997613430023193 
vn 4.0606729845218004e-15 -0.013107799924910069 0.9999141097068787 
vn 4.0606729845218004e-15 -0.013107799924910069 0.9999141097068787 
vn 4.0606729845218004e-15 -0.013107799924910069 0.9999141097068787 
vn 4.0606729845218004e-15 -0.013107799924910069 0.9999141097068787 
vn 4.0606729845218004e-15 -0.013107799924910069 0.9999141097068787 
vn 4.0606729845218004e-15 -0.013107799924910069 0.9999141097068787 
vn 4.0606729845218004e-15 -0.013107799924910069 0.9999141097068787 
vn -0.012840298935770988 -0.017673155292868614 0.9997613430023193 
vn -0.1689191460609436 -0.014987741596996784 0.9855159521102905 
vn -0.5954276919364929 -0.011292649433016777 0.8033295273780823 
vn -0.9193986654281616 -0.00754162110388279 0.3932546079158783 
vn -0.9910684823989868 -0.011322432197630405 0.1328723281621933 
vn -0.8079188466072083 -0.5795266032218933 0.10684575140476227 
vn -0.7606790661811829 -0.5601234436035156 0.3280687630176544 
vn -0.4836825132369995 -0.5728474855422974 0.661737859249115 
vn -0.134486585855484 -0.6085627675056458 0.7820260524749756 
vn -0.09425675123929977 -0.9883050918579102 0.11986933648586273 
vn -0.16911634802818298 -0.983269989490509 0.06767380982637405 
vn -0.17275206744670868 -0.9845559000968933 0.028397228568792343 
vn -0.1504555195569992 -0.988556444644928 0.010923261754214764 
vn 3.097898456858039e-13 -0.999997615814209 0.002184694167226553 
vn 3.097898456858039e-13 -0.999997615814209 0.002184694167226553 
vn 3.097898456858039e-13 -0.999997615814209 0.002184694167226553 
vn 3.097898456858039e-13 -0.999997615814209 0.002184694167226553 
vn 3.097898456858039e-13 -0.999997615814209 0.002184694167226553 
vn 3.097898456858039e-13 -0.999997615814209 0.002184694167226553 
vn 3.097898456858039e-13 -0.999997615814209 0.002184694167226553 
vn 3.097898456858039e-13 -0.999997615814209 0.002184694167226553 
vn 3.097898456858039e-13 -0.999997615814209 0.002184694167226553 
vn 3.097898456858039e-13 -0.999997615814209 0.002184694167226553 
vn 3.097898456858039e-13 -0.999997615814209 0.002184694167226553 
vn 3.097898456858039e-13 -0.999997615814209 0.002184694167226553 
vn 3.097898456858039e-13 -0.999997615814209 -0.002184694167226553 
vn 3.097898456858039e-13 -0.999997615814209 0.002184694167226553 
vn 3.097898456858039e-13 -0.999997615814209 0.002184694167226553 
vn 3.097898456858039e-13 -0.999997615814209 0.002184694167226553 
vn 3.097898456858039e-13 -0.999997615814209 -0.002184694167226553 
vn 3.097898456858039e-13 -0.999997615814209 0.002184694167226553 
vn 3.097898456858039e-13 -0.999997615814209 -0.002184694167226553 
vn 3.097898456858039e-13 -0.999997615814209 -0.002184694167226553 
vn 3.097898456858039e-13 -0.999997615814209 0.002184694167226553 
vn 3.097898456858039e-13 -0.999997615814209 0.002184694167226553 
vn 3.097898456858039e-13 -0.999997615814209 0.002184694167226553 
vn -0.05281035229563713 -0.9980669021606445 -0.03276457265019417 
vn -0.9992818832397461 0.007546626031398773 -0.03713129088282585 
vn 3.097898456858039e-13 -0.999997615814209 0.002184694167226553 
vn 3.097898456858039e-13 -0.999997615814209 0.002184694167226553 
vn 3.097898456858039e-13 -0.999997615814209 0.002184694167226553 
vn 3.097898456858039e-13 -0.999997615814209 0.002184694167226553 
vn 3.097898456858039e-13 -0.999997615814209 0.002184694167226553 
vn 3.097898456858039e-13 -0.999997615814209 0.002184694167226553 
vn 3.097898456858039e-13 -0.999997615814209 0.002184694167226553 
vn 3.097898456858039e-13 -0.999997615814209 0.002184694167226553 
vn 3.097898456858039e-13 -0.999997615814209 0.002184694167226553 
vn 3.097898456858039e-13 -0.999997615814209 0.002184694167226553 
vn 3.097898456858039e-13 -0.999997615814209 0.002184694167226553 
vn 3.097898456858039e-13 -0.999997615814209 0.002184694167226553 
vn 3.097898456858039e-13 -0.999997615814209 0.002184694167226553 
vn 3.097898456858039e-13 -0.999997615814209 0.002184694167226553 
vn 3.097898456858039e-13 -0.999997615814209 0.002184694167226553 
vn 0.5106543302536011 -0.8593170046806335 -0.028397228568792343 
vn 3.097898456858039e-13 -0.999997615814209 0.002184694167226553 
vn 3.097898456858039e-13 -0.999997615814209 -0.002184694167226553 
vn 3.097898456858039e-13 -0.999997615814209 -0.002184694167226553 
vn -1.0341130485562108e-13 0.999997615814209 0.002184694167226553 
vn 0.015103200450539589 0.9998835325241089 0.002184694167226553 
vn 0.9992066025733948 -0.022641615942120552 -0.03276457265019417 
vn 3.097898456858039e-13 -0.999997615814209 0.002184694167226553 
vn 3.097898456858039e-13 -0.999997615814209 0.002184694167226553 
vn 3.097898456858039e-13 -0.999997615814209 0.002184694167226553 
vn 0.16078458726406097 0.007601440884172916 -0.986960232257843 
vn -1.0341130485562108e-13 0.999997615814209 0.002184694167226553 
vn -0.0017781255301088095 0.030529234558343887 0.9995322823524475 
vn -1.0339945994688668e-13 0.9998830556869507 0.0152922747656703 
vn 3.0977209187522947e-13 -0.9999403357505798 -0.010923261754214764 
vn 3.097898456858039e-13 -0.999997615814209 0.002184694167226553 
vn 3.097898456858039e-13 -0.999997615814209 0.002184694167226553 
vn 3.097898456858039e-13 -0.999997615814209 0.002184694167226553 
vn 3.097898456858039e-13 -0.999997615814209 0.002184694167226553 
vn 3.097898456858039e-13 -0.999997615814209 0.002184694167226553 
vn 3.097898456858039e-13 -0.999997615814209 0.002184694167226553 
vn 3.097898456858039e-13 -0.999997615814209 0.002184694167226553 
vn 3.097898456858039e-13 -0.999997615814209 0.002184694167226553 
vn 3.097898456858039e-13 -0.999997615814209 0.002184694167226553 
vn 3.097898456858039e-13 -0.999997615814209 0.002184694167226553 
vn 3.097898456858039e-13 -0.999997615814209 0.002184694167226553 
vn 3.097898456858039e-13 -0.999997615814209 0.002184694167226553 
vn 3.097898456858039e-13 -0.999997615814209 0.002184694167226553 
vn 3.097898456858039e-13 -0.999997615814209 0.002184694167226553 
vn 3.097898456858039e-13 -0.999997615814209 -0.002184694167226553 
vn 3.097898456858039e-13 -0.999997615814209 0.002184694167226553 
vn 3.097898456858039e-13 -0.999997615814209 0.002184694167226553 
vn 3.097898456858039e-13 -0.999997615814209 0.002184694167226553 
vn 3.097898456858039e-13 -0.999997615814209 0.002184694167226553 
vn 3.097898456858039e-13 -0.999997615814209 0.002184694167226553 
vn 3.097898456858039e-13 -0.999997615814209 0.002184694167226553 
vn 3.097898456858039e-13 -0.999997615814209 0.002184694167226553 
vn 3.097898456858039e-13 -0.999997615814209 0.002184694167226553 
vn 3.097898456858039e-13 -0.999997615814209 0.002184694167226553 
vn 3.097898456858039e-13 -0.999997615814209 0.002184694167226553 
vn 3.097898456858039e-13 -0.999997615814209 0.002184694167226553 
vn 3.097898456858039e-13 -0.999997615814209 0.002184694167226553 
vn 3.097898456858039e-13 -0.999997615814209 0.002184694167226553 
vn 3.097898456858039e-13 -0.999997615814209 0.002184694167226553 
vn 3.097898456858039e-13 -0.999997615814209 0.002184694167226553 
vn 3.097898456858039e-13 -0.999997615814209 0.002184694167226553 
vn 3.097898456858039e-13 -0.999997615814209 0.002184694167226553 
vn 3.097898456858039e-13 -0.999997615814209 0.002184694167226553 
vn 3.097898456858039e-13 -0.999997615814209 0.002184694167226553 
vn 3.097898456858039e-13 -0.999997615814209 0.002184694167226553 
vn 3.097898456858039e-13 -0.999997615814209 0.002184694167226553 
vn 3.097898456858039e-13 -0.999997615814209 0.002184694167226553 
vn 3.097898456858039e-13 -0.999997615814209 0.002184694167226553 
vn 3.097898456858039e-13 -0.999997615814209 0.002184694167226553 
vn 3.097898456858039e-13 -0.999997615814209 0.002184694167226553 
vn 3.097898456858039e-13 -0.999997615814209 0.002184694167226553 
vn 3.097898456858039e-13 -0.999997615814209 0.002184694167226553 
vn 3.097898456858039e-13 -0.999997615814209 0.002184694167226553 
vn 3.097898456858039e-13 -0.999997615814209 0.002184694167226553 
vn 3.097898456858039e-13 -0.999997615814209 0.002184694167226553 
vn 3.097898456858039e-13 -0.999997615814209 0.002184694167226553 
vn 3.097898456858039e-13 -0.999997615814209 0.002184694167226553 
vn 3.097898456858039e-13 -0.999997615814209 0.002184694167226553 
vn 3.097898456858039e-13 -0.999997615814209 0.002184694167226553 
vn 3.097898456858039e-13 -0.999997615814209 0.002184694167226553 
vn 3.097898456858039e-13 -0.999997615814209 0.002184694167226553 
vn 3.097898456858039e-13 -0.999997615814209 0.002184694167226553 
vn 3.097898456858039e-13 -0.999997615814209 0.002184694167226553 
vn 3.097898456858039e-13 -0.999997615814209 0.002184694167226553 
vn 3.097898456858039e-13 -0.999997615814209 0.002184694167226553 
vn 3.097898456858039e-13 -0.999997615814209 0.002184694167226553 
vn 3.097898456858039e-13 -0.999997615814209 0.002184694167226553 
vn 3.097898456858039e-13 -0.999997615814209 0.002184694167226553 
vn 3.097898456858039e-13 -0.999997615814209 0.002184694167226553 
vn 3.097898456858039e-13 -0.999997615814209 0.002184694167226553 
vn 3.097898456858039e-13 -0.999997615814209 0.002184694167226553 
vn 3.097898456858039e-13 -0.999997615814209 0.002184694167226553 
vn 3.097898456858039e-13 -0.999997615814209 0.002184694167226553 
vn 3.097898456858039e-13 -0.999997615814209 0.002184694167226553 
vn 3.097898456858039e-13 -0.999997615814209 0.002184694167226553 
vn 3.097898456858039e-13 -0.999997615814209 0.002184694167226553 
vn 3.097898456858039e-13 -0.999997615814209 0.002184694167226553 
vn 3.097898456858039e-13 -0.999997615814209 0.002184694167226553 
vn 3.097898456858039e-13 -0.999997615814209 0.002184694167226553 
vn 3.097898456858039e-13 -0.999997615814209 0.002184694167226553 
vn 3.097898456858039e-13 -0.999997615814209 0.002184694167226553 
vn 3.097898456858039e-13 -0.999997615814209 0.002184694167226553 
vn 3.097898456858039e-13 -0.999997615814209 0.002184694167226553 
vn 3.097898456858039e-13 -0.999997615814209 0.002184694167226553 
vn 3.097898456858039e-13 -0.999997615814209 0.002184694167226553 
vn 3.097898456858039e-13 -0.999997615814209 0.002184694167226553 
vn 3.097898456858039e-13 -0.999997615814209 0.002184694167226553 
vn 3.097898456858039e-13 -0.999997615814209 0.002184694167226553 
vn 3.097898456858039e-13 -0.999997615814209 0.002184694167226553 
vn 3.097898456858039e-13 -0.999997615814209 0.002184694167226553 
vn 3.097898456858039e-13 -0.999997615814209 0.002184694167226553 
vn 3.097898456858039e-13 -0.999997615814209 0.002184694167226553 
vn 3.097898456858039e-13 -0.999997615814209 0.002184694167226553 
vn 3.097898456858039e-13 -0.999997615814209 0.002184694167226553 
vn 3.097898456858039e-13 -0.999997615814209 0.002184694167226553 
vn 3.097898456858039e-13 -0.999997615814209 0.002184694167226553 
vn 3.097898456858039e-13 -0.999997615814209 0.002184694167226553 
vn 3.097898456858039e-13 -0.999997615814209 0.002184694167226553 
vn 3.097898456858039e-13 -0.999997615814209 0.002184694167226553 
vn 3.097898456858039e-13 -0.999997615814209 0.002184694167226553 
vn 3.097898456858039e-13 -0.999997615814209 0.002184694167226553 
vn 3.097898456858039e-13 -0.999997615814209 0.002184694167226553 
vn 3.097898456858039e-13 -0.999997615814209 0.002184694167226553 
vn 3.097898456858039e-13 -0.999997615814209 0.002184694167226553 
vn 3.097898456858039e-13 -0.999997615814209 0.002184694167226553 
vn 3.097898456858039e-13 -0.999997615814209 0.002184694167226553 
vn 3.097898456858039e-13 -0.999997615814209 0.002184694167226553 
vn 3.097898456858039e-13 -0.999997615814209 0.002184694167226553 
vn 3.097898456858039e-13 -0.999997615814209 0.002184694167226553 
vn 3.097898456858039e-13 -0.999997615814209 0.002184694167226553 
vn 3.097898456858039e-13 -0.999997615814209 0.002184694167226553 
vn 3.097898456858039e-13 -0.999997615814209 0.002184694167226553 
vn 3.097898456858039e-13 -0.999997615814209 0.002184694167226553 
vn 3.097898456858039e-13 -0.999997615814209 0.002184694167226553 
vn 3.097898456858039e-13 -0.999997615814209 0.002184694167226553 
vn 3.097898456858039e-13 -0.999997615814209 0.002184694167226553 
vn 3.097898456858039e-13 -0.999997615814209 0.002184694167226553 
vn 3.097898456858039e-13 -0.999997615814209 0.002184694167226553 
vn 3.097898456858039e-13 -0.999997615814209 0.002184694167226553 
vn 3.097898456858039e-13 -0.999997615814209 0.002184694167226553 
vn 3.097898456858039e-13 -0.999997615814209 0.002184694167226553 
vn 3.097898456858039e-13 -0.999997615814209 0.002184694167226553 
vn 3.097898456858039e-13 -0.999997615814209 0.002184694167226553 
vn 3.097898456858039e-13 -0.999997615814209 0.002184694167226553 
vn 3.097898456858039e-13 -0.999997615814209 0.002184694167226553 
vn 3.097898456858039e-13 -0.999997615814209 0.002184694167226553 
vn 3.097898456858039e-13 -0.999997615814209 0.002184694167226553 
vn 3.097898456858039e-13 -0.999997615814209 0.002184694167226553 
vn 3.097898456858039e-13 -0.999997615814209 0.002184694167226553 
vn 3.097898456858039e-13 -0.999997615814209 0.002184694167226553 
vn 3.097898456858039e-13 -0.999997615814209 0.002184694167226553 
vn 3.097898456858039e-13 -0.999997615814209 0.002184694167226553 
vn 3.097898456858039e-13 -0.999997615814209 0.002184694167226553 
vn 3.097898456858039e-13 -0.999997615814209 0.002184694167226553 
vn 3.097898456858039e-13 -0.999997615814209 0.002184694167226553 
vn 3.097898456858039e-13 -0.999997615814209 0.002184694167226553 
vn 3.097898456858039e-13 -0.999997615814209 0.002184694167226553 
vn 3.097898456858039e-13 -0.999997615814209 0.002184694167226553 
vn 3.097898456858039e-13 -0.999997615814209 0.002184694167226553 
vn 3.097898456858039e-13 -0.999997615814209 0.002184694167226553 
vn 3.097898456858039e-13 -0.999997615814209 0.002184694167226553 
vn 3.097898456858039e-13 -0.999997615814209 0.002184694167226553 
vn 3.097898456858039e-13 -0.999997615814209 0.002184694167226553 
vn 3.097898456858039e-13 -0.999997615814209 0.002184694167226553 
vn 3.097898456858039e-13 -0.999997615814209 0.002184694167226553 
vn 3.097898456858039e-13 -0.999997615814209 0.002184694167226553 
vn 3.097898456858039e-13 -0.999997615814209 0.002184694167226553 
vn 3.097898456858039e-13 -0.999997615814209 0.002184694167226553 
vn 3.097898456858039e-13 -0.999997615814209 0.002184694167226553 
vn 3.097898456858039e-13 -0.999997615814209 0.002184694167226553 
vn 3.097898456858039e-13 -0.999997615814209 0.002184694167226553 
vn 3.097898456858039e-13 -0.999997615814209 0.002184694167226553 
vn 3.097898456858039e-13 -0.999997615814209 0.002184694167226553 
vn 3.097898456858039e-13 -0.999997615814209 0.002184694167226553 
vn 3.097898456858039e-13 -0.999997615814209 0.002184694167226553 
vn 3.097898456858039e-13 -0.999997615814209 0.002184694167226553 
vn 3.097898456858039e-13 -0.999997615814209 0.002184694167226553 
vn 3.097898456858039e-13 -0.999997615814209 0.002184694167226553 
vn 3.097898456858039e-13 -0.999997615814209 0.002184694167226553 
vn 3.097898456858039e-13 -0.999997615814209 0.002184694167226553 
vn 3.097898456858039e-13 -0.999997615814209 0.002184694167226553 
vn 3.097898456858039e-13 -0.999997615814209 0.002184694167226553 
vn 3.097898456858039e-13 -0.999997615814209 0.002184694167226553 
vn 3.097898456858039e-13 -0.999997615814209 0.002184694167226553 
vn 3.097898456858039e-13 -0.999997615814209 0.002184694167226553 
vn 3.097898456858039e-13 -0.999997615814209 0.002184694167226553 
vn 3.097898456858039e-13 -0.999997615814209 0.002184694167226553 
vn 3.097898456858039e-13 -0.999997615814209 0.002184694167226553 
vn 3.097898456858039e-13 -0.999997615814209 0.002184694167226553 
vn 3.097898456858039e-13 -0.999997615814209 0.002184694167226553 
vn 3.097898456858039e-13 -0.999997615814209 0.002184694167226553 
vn 3.097898456858039e-13 -0.999997615814209 0.002184694167226553 
vn 3.097898456858039e-13 -0.999997615814209 0.002184694167226553 
vn 3.097898456858039e-13 -0.999997615814209 0.002184694167226553 
vn 3.097898456858039e-13 -0.999997615814209 0.002184694167226553 
vn 3.097898456858039e-13 -0.999997615814209 0.002184694167226553 
vn 3.097898456858039e-13 -0.999997615814209 0.002184694167226553 
vn 3.097898456858039e-13 -0.999997615814209 0.002184694167226553 
vn 3.097898456858039e-13 -0.999997615814209 0.002184694167226553 
vn 3.097898456858039e-13 -0.999997615814209 0.002184694167226553 
vn 3.097898456858039e-13 -0.999997615814209 0.002184694167226553 
vn 3.097898456858039e-13 -0.999997615814209 0.002184694167226553 
vn 3.097898456858039e-13 -0.999997615814209 0.002184694167226553 
vn 3.097898456858039e-13 -0.999997615814209 0.002184694167226553 
vn 3.097898456858039e-13 -0.999997615814209 0.002184694167226553 
vn 3.097898456858039e-13 -0.999997615814209 0.002184694167226553 
vn 3.097898456858039e-13 -0.999997615814209 0.002184694167226553 
vn 3.097898456858039e-13 -0.999997615814209 0.002184694167226553 
vn 3.097898456858039e-13 -0.999997615814209 0.002184694167226553 
vn 3.097898456858039e-13 -0.999997615814209 0.002184694167226553 
vn 3.097898456858039e-13 -0.999997615814209 0.002184694167226553 
vn 3.097898456858039e-13 -0.999997615814209 0.002184694167226553 
vn 3.097898456858039e-13 -0.999997615814209 0.002184694167226553 
vn 3.097898456858039e-13 -0.999997615814209 0.002184694167226553 
vn 3.097898456858039e-13 -0.999997615814209 0.002184694167226553 
vn 3.097898456858039e-13 -0.999997615814209 0.002184694167226553 
vn 3.097898456858039e-13 -0.999997615814209 0.002184694167226553 
vn 3.097898456858039e-13 -0.999997615814209 0.002184694167226553 
vn 3.097898456858039e-13 -0.999997615814209 0.002184694167226553 
vn 3.097898456858039e-13 -0.999997615814209 0.002184694167226553 
vn 3.097898456858039e-13 -0.999997615814209 0.002184694167226553 
vn 3.097898456858039e-13 -0.999997615814209 0.002184694167226553 
vn 3.097898456858039e-13 -0.999997615814209 0.002184694167226553 
vn 3.097898456858039e-13 -0.999997615814209 0.002184694167226553 
vn 3.097898456858039e-13 -0.999997615814209 0.002184694167226553 
vn 3.097898456858039e-13 -0.999997615814209 0.002184694167226553 
vn 3.097898456858039e-13 -0.999997615814209 0.002184694167226553 
vn 3.097898456858039e-13 -0.999997615814209 0.002184694167226553 
vn 3.097898456858039e-13 -0.999997615814209 0.002184694167226553 
vn 3.097898456858039e-13 -0.999997615814209 0.002184694167226553 
vn 3.097898456858039e-13 -0.999997615814209 0.002184694167226553 
vn 3.097898456858039e-13 -0.999997615814209 0.002184694167226553 
vn 3.097898456858039e-13 -0.999997615814209 0.002184694167226553 
vn 3.097898456858039e-13 -0.999997615814209 0.002184694167226553 
vn 3.097898456858039e-13 -0.999997615814209 0.002184694167226553 
vn 3.097898456858039e-13 -0.999997615814209 0.002184694167226553 
vn 3.097898456858039e-13 -0.999997615814209 0.002184694167226553 
vn 3.097898456858039e-13 -0.999997615814209 0.002184694167226553 
vn 3.097898456858039e-13 -0.999997615814209 0.002184694167226553 
vn 3.097898456858039e-13 -0.999997615814209 0.002184694167226553 
vn 3.097898456858039e-13 -0.999997615814209 0.002184694167226553 
vn 3.097898456858039e-13 -0.999997615814209 0.002184694167226553 
vn 3.097898456858039e-13 -0.999997615814209 0.002184694167226553 
vn 3.097898456858039e-13 -0.999997615814209 0.002184694167226553 
vn 3.097898456858039e-13 -0.999997615814209 0.002184694167226553 
vn 3.097898456858039e-13 -0.999997615814209 0.002184694167226553 
vn 3.097898456858039e-13 -0.999997615814209 0.002184694167226553 
vn 3.097898456858039e-13 -0.999997615814209 0.002184694167226553 
vn 3.097898456858039e-13 -0.999997615814209 0.002184694167226553 
vn 3.097898456858039e-13 -0.999997615814209 0.002184694167226553 
vn 3.097898456858039e-13 -0.999997615814209 0.002184694167226553 
vn 3.097898456858039e-13 -0.999997615814209 0.002184694167226553 
vn 3.097898456858039e-13 -0.999997615814209 0.002184694167226553 
vn 3.097898456858039e-13 -0.999997615814209 0.002184694167226553 
vn 3.097898456858039e-13 -0.999997615814209 0.002184694167226553 
vn 3.097898456858039e-13 -0.999997615814209 0.002184694167226553 
vn 3.097898456858039e-13 -0.999997615814209 0.002184694167226553 
vn 3.097898456858039e-13 -0.999997615814209 0.002184694167226553 
vn 3.097898456858039e-13 -0.999997615814209 0.002184694167226553 
vn 3.097898456858039e-13 -0.999997615814209 0.002184694167226553 
vn 3.097898456858039e-13 -0.999997615814209 0.002184694167226553 
vn 3.097898456858039e-13 -0.999997615814209 0.002184694167226553 
vn 3.097898456858039e-13 -0.999997615814209 0.002184694167226553 
vn 3.097898456858039e-13 -0.999997615814209 0.002184694167226553 
vn 3.097898456858039e-13 -0.999997615814209 0.002184694167226553 
vn 3.097898456858039e-13 -0.999997615814209 0.002184694167226553 
vn 3.097898456858039e-13 -0.999997615814209 0.002184694167226553 
vn 3.097898456858039e-13 -0.999997615814209 0.002184694167226553 
vn 3.097898456858039e-13 -0.999997615814209 0.002184694167226553 
vn 3.097898456858039e-13 -0.999997615814209 0.002184694167226553 
vn 3.097898456858039e-13 -0.999997615814209 0.002184694167226553 
vn 3.097898456858039e-13 -0.999997615814209 0.002184694167226553 
vn 3.097898456858039e-13 -0.999997615814209 0.002184694167226553 
vn 3.097898456858039e-13 -0.999997615814209 0.002184694167226553 
vn 3.097898456858039e-13 -0.999997615814209 0.002184694167226553 
vn 3.097898456858039e-13 -0.999997615814209 0.002184694167226553 
vn 3.097898456858039e-13 -0.999997615814209 0.002184694167226553 
vn 3.097898456858039e-13 -0.999997615814209 0.002184694167226553 
vn 3.097898456858039e-13 -0.999997615814209 0.002184694167226553 
vn 3.097898456858039e-13 -0.999997615814209 0.002184694167226553 
vn 3.097898456858039e-13 -0.999997615814209 0.002184694167226553 
vn 3.097898456858039e-13 -0.999997615814209 0.002184694167226553 
vn 3.097898456858039e-13 -0.999997615814209 0.002184694167226553 
vn 3.097898456858039e-13 -0.999997615814209 0.002184694167226553 
vn 3.097898456858039e-13 -0.999997615814209 0.002184694167226553 
vn 3.097898456858039e-13 -0.999997615814209 0.002184694167226553 
vn 3.097898456858039e-13 -0.999997615814209 0.002184694167226553 
vn 3.097898456858039e-13 -0.999997615814209 -0.002184694167226553 
vn 3.097898456858039e-13 -0.999997615814209 0.002184694167226553 
vn 3.097898456858039e-13 -0.999997615814209 0.002184694167226553 
vn 3.097898456858039e-13 -0.999997615814209 0.002184694167226553 
vn 3.097898456858039e-13 -0.999997615814209 -0.002184694167226553 
vn 3.097898456858039e-13 -0.999997615814209 0.002184694167226553 
vn -0.9995967149734497 -2.0673969535010134e-13 0.028397228568792343 
vn 0.39519068598747253 0.007525322493165731 0.9185682535171509 
vn 3.097898456858039e-13 -0.999997615814209 0.002184694167226553 
vn 3.097898456858039e-13 -0.999997615814209 0.002184694167226553 
vn 3.097898456858039e-13 -0.999997615814209 0.002184694167226553 
vn -0.0018876121612265706 -0.9937974810600281 -0.1111890971660614 
vn 0.0018909444333985448 -0.6368150115013123 -0.7710143327713013 
vn 0.0018909444333985448 -0.6368150115013123 -0.7710143327713013 
vn 0.0018909444333985448 -0.6368150115013123 -0.7710143327713013 
vn 0.0018909444333985448 -0.6368150115013123 -0.7710143327713013 
vn 0.0018909444333985448 -0.6368150115013123 -0.7710143327713013 
vn 0.0018909444333985448 -0.6368150115013123 -0.7710143327713013 
vn 0.0018909444333985448 -0.6368150115013123 -0.7710143327713013 
vn 0.013215488754212856 -0.633305013179779 -0.7737894654273987 
vn 0.13130496442317963 -0.609257161617279 -0.7820260524749756 
vn 0.4857650399208069 -0.571082592010498 -0.661737859249115 
vn 0.7579792141914368 -0.5637716054916382 -0.3280687630176544 
vn 0.8074826002120972 -0.5801343321800232 -0.10684575140476227 
vn 0.7866406440734863 -0.6162936091423035 -0.03713129088282585 
vn 0.7776882648468018 -0.6284640431404114 -0.0152922747656703 
vn 0.7730085849761963 -0.6343917846679688 -0.002184694167226553 
vn 0.7681957483291626 -0.640211284160614 0.002184694167226553 
vn 0.7730085849761963 -0.6343917846679688 0.002184694167226553 
vn 0.7776882648468018 -0.6284640431404114 0.0152922747656703 
vn 0.7866406440734863 -0.6162936091423035 0.03713129088282585 
vn 0.8079188466072083 -0.5795266032218933 0.10684575140476227 
vn 0.7584370970726013 -0.563155472278595 0.3280687630176544 
vn 0.4865558445453644 -0.5704089999198914 0.661737859249115 
vn 0.134486585855484 -0.6085627675056458 0.7820260524749756 
vn 0.015074481256306171 -0.6332634687423706 0.7737894654273987 
vn -0.001883822144009173 -0.6368150115013123 0.7710143327713013 
vn -0.001883822144009173 -0.6368150115013123 0.7710143327713013 
vn -0.001883822144009173 -0.6368150115013123 0.7710143327713013 
vn -0.001883822144009173 -0.6368150115013123 0.7710143327713013 
vn -0.001883822144009173 -0.6368150115013123 0.7710143327713013 
vn -0.001883822144009173 -0.6368150115013123 0.7710143327713013 
vn -0.001883822144009173 -0.6368150115013123 0.7710143327713013 
vn -0.015074481256306171 -0.6332634687423706 0.7737894654273987 
vn -0.018878648057579994 -0.9926101565361023 0.11986933648586273 
vn 3.097898456858039e-13 -0.999997615814209 -0.002184694167226553 
vn 3.097898456858039e-13 -0.999997615814209 0.002184694167226553 
vn -0.0018876121612265706 -0.9937974810600281 0.1111890971660614 
vn 3.097898456858039e-13 -0.999997615814209 -0.002184694167226553 
vn 3.097898456858039e-13 -0.999997615814209 0.002184694167226553 
vn 3.097898456858039e-13 -0.999997615814209 0.002184694167226553 
vn 3.097898456858039e-13 -0.999997615814209 0.002184694167226553 
vn -0.0018876121612265706 -0.9937974810600281 0.1111890971660614 
vn 3.097898456858039e-13 -0.999997615814209 0.002184694167226553 
vn 3.097898456858039e-13 -0.999997615814209 0.002184694167226553 
vn 3.097898456858039e-13 -0.999997615814209 0.002184694167226553 
vn 3.097898456858039e-13 -0.999997615814209 0.002184694167226553 
vn 3.097898456858039e-13 -0.999997615814209 0.002184694167226553 
vn 3.097898456858039e-13 -0.999997615814209 0.002184694167226553 
vn 3.097898456858039e-13 -0.999997615814209 0.002184694167226553 
vn 3.097898456858039e-13 -0.999997615814209 0.002184694167226553 
vn 3.097898456858039e-13 -0.999997615814209 0.002184694167226553 
vn 3.097898456858039e-13 -0.999997615814209 0.002184694167226553 
vn 3.097898456858039e-13 -0.999997615814209 0.002184694167226553 
vn 3.097898456858039e-13 -0.999997615814209 0.002184694167226553 
vn 3.097898456858039e-13 -0.999997615814209 0.002184694167226553 
vn 3.097898456858039e-13 -0.999997615814209 0.002184694167226553 
vn 3.097898456858039e-13 -0.999997615814209 0.002184694167226553 
vn 3.097898456858039e-13 -0.999997615814209 0.002184694167226553 
vn 3.097898456858039e-13 -0.999997615814209 0.002184694167226553 
vn 3.097898456858039e-13 -0.999997615814209 0.002184694167226553 
vn 3.097898456858039e-13 -0.999997615814209 0.002184694167226553 
vn 3.097898456858039e-13 -0.999997615814209 0.002184694167226553 
vn 3.097898456858039e-13 -0.999997615814209 0.002184694167226553 
vn 3.097898456858039e-13 -0.999997615814209 0.002184694167226553 
vn 3.097898456858039e-13 -0.999997615814209 0.002184694167226553 
vn 3.097898456858039e-13 -0.999997615814209 0.002184694167226553 
vn 3.097898456858039e-13 -0.999997615814209 0.002184694167226553 
vn 3.097898456858039e-13 -0.999997615814209 0.002184694167226553 
vn 3.097898456858039e-13 -0.999997615814209 0.002184694167226553 
vn 3.097898456858039e-13 -0.999997615814209 0.002184694167226553 
vn 3.097898456858039e-13 -0.999997615814209 0.002184694167226553 
vn 3.097898456858039e-13 -0.999997615814209 0.002184694167226553 
vn 3.097898456858039e-13 -0.999997615814209 0.002184694167226553 
vn 3.097898456858039e-13 -0.999997615814209 0.002184694167226553 
vn 3.097898456858039e-13 -0.999997615814209 0.002184694167226553 
vn 3.097898456858039e-13 -0.999997615814209 0.002184694167226553 
vn 3.097898456858039e-13 -0.999997615814209 0.002184694167226553 
vn 3.097898456858039e-13 -0.999997615814209 0.002184694167226553 
vn 3.097898456858039e-13 -0.999997615814209 0.002184694167226553 
vn 3.097898456858039e-13 -0.999997615814209 0.002184694167226553 
vn 3.097898456858039e-13 -0.999997615814209 0.002184694167226553 
vn 3.097898456858039e-13 -0.999997615814209 0.002184694167226553 
vn 3.097898456858039e-13 -0.999997615814209 0.002184694167226553 
vn 3.097898456858039e-13 -0.999997615814209 0.002184694167226553 
vn 3.097898456858039e-13 -0.999997615814209 0.002184694167226553 
vn 3.097898456858039e-13 -0.999997615814209 0.002184694167226553 
vn 3.097898456858039e-13 -0.999997615814209 0.002184694167226553 
vn 3.097898456858039e-13 -0.999997615814209 0.002184694167226553 
vn 3.097898456858039e-13 -0.999997615814209 0.002184694167226553 
vn 3.097898456858039e-13 -0.999997615814209 0.002184694167226553 
vn 3.097898456858039e-13 -0.999997615814209 0.002184694167226553 
vn 3.097898456858039e-13 -0.999997615814209 0.002184694167226553 
vn 3.097898456858039e-13 -0.999997615814209 0.002184694167226553 
vn 3.097898456858039e-13 -0.999997615814209 0.002184694167226553 
vn 3.097898456858039e-13 -0.999997615814209 0.002184694167226553 
vn 3.097898456858039e-13 -0.999997615814209 0.002184694167226553 
vn 3.097898456858039e-13 -0.999997615814209 0.002184694167226553 
vn 3.097898456858039e-13 -0.999997615814209 0.002184694167226553 
vn 3.097898456858039e-13 -0.999997615814209 0.002184694167226553 
vn 3.097898456858039e-13 -0.999997615814209 0.002184694167226553 
vn 3.097898456858039e-13 -0.999997615814209 0.002184694167226553 
vn 3.097898456858039e-13 -0.999997615814209 0.002184694167226553 
vn 3.097898456858039e-13 -0.999997615814209 0.002184694167226553 
vn 3.097898456858039e-13 -0.999997615814209 0.002184694167226553 
vn 3.097898456858039e-13 -0.999997615814209 0.002184694167226553 
vn 3.097898456858039e-13 -0.999997615814209 0.002184694167226553 
vn 3.097898456858039e-13 -0.999997615814209 0.002184694167226553 
vn 3.097898456858039e-13 -0.999997615814209 0.002184694167226553 
vn 3.097898456858039e-13 -0.999997615814209 0.002184694167226553 
vn 3.097898456858039e-13 -0.999997615814209 0.002184694167226553 
vn 3.097898456858039e-13 -0.999997615814209 0.002184694167226553 
vn 3.097898456858039e-13 -0.999997615814209 0.002184694167226553 
vn 3.097898456858039e-13 -0.999997615814209 0.002184694167226553 
vn 3.097898456858039e-13 -0.999997615814209 0.002184694167226553 
vn 3.097898456858039e-13 -0.999997615814209 0.002184694167226553 
vn 3.097898456858039e-13 -0.999997615814209 0.002184694167226553 
vn 3.097898456858039e-13 -0.999997615814209 0.002184694167226553 
vn 3.097898456858039e-13 -0.999997615814209 0.002184694167226553 
vn 3.097898456858039e-13 -0.999997615814209 0.002184694167226553 
vn 3.097898456858039e-13 -0.999997615814209 0.002184694167226553 
vn 3.097898456858039e-13 -0.999997615814209 0.002184694167226553 
vn 3.097898456858039e-13 -0.999997615814209 0.002184694167226553 
vn 3.097898456858039e-13 -0.999997615814209 0.002184694167226553 
vn 3.097898456858039e-13 -0.999997615814209 0.002184694167226553 
vn 3.097898456858039e-13 -0.999997615814209 0.002184694167226553 
vn 3.097898456858039e-13 -0.999997615814209 0.002184694167226553 
vn 3.097898456858039e-13 -0.999997615814209 0.002184694167226553 
vn 3.097898456858039e-13 -0.999997615814209 0.002184694167226553 
vn 3.097898456858039e-13 -0.999997615814209 0.002184694167226553 
vn 3.097898456858039e-13 -0.999997615814209 0.002184694167226553 
vn 3.097898456858039e-13 -0.999997615814209 0.002184694167226553 
vn 3.097898456858039e-13 -0.999997615814209 0.002184694167226553 
vn 3.097898456858039e-13 -0.999997615814209 0.002184694167226553 
vn 3.097898456858039e-13 -0.999997615814209 0.002184694167226553 
vn 3.097898456858039e-13 -0.999997615814209 0.002184694167226553 
vn 3.097898456858039e-13 -0.999997615814209 0.002184694167226553 
vn 3.097898456858039e-13 -0.999997615814209 0.002184694167226553 
vn 3.097898456858039e-13 -0.999997615814209 0.002184694167226553 
vn 3.097898456858039e-13 -0.999997615814209 0.002184694167226553 
vn 3.097898456858039e-13 -0.999997615814209 0.002184694167226553 
vn 3.097898456858039e-13 -0.999997615814209 0.002184694167226553 
vn 3.097898456858039e-13 -0.999997615814209 0.002184694167226553 
vn 3.097898456858039e-13 -0.999997615814209 0.002184694167226553 
vn 3.097898456858039e-13 -0.999997615814209 0.002184694167226553 
vn 3.097898456858039e-13 -0.999997615814209 0.002184694167226553 
vn 3.097898456858039e-13 -0.999997615814209 0.002184694167226553 
vn 3.097898456858039e-13 -0.999997615814209 0.002184694167226553 
vn 3.097898456858039e-13 -0.999997615814209 0.002184694167226553 
vn 3.097898456858039e-13 -0.999997615814209 0.002184694167226553 
vn 3.097898456858039e-13 -0.999997615814209 0.002184694167226553 
vn 3.097898456858039e-13 -0.999997615814209 0.002184694167226553 
vn 3.097898456858039e-13 -0.999997615814209 0.002184694167226553 
vn 3.097898456858039e-13 -0.999997615814209 0.002184694167226553 
vn 3.097898456858039e-13 -0.999997615814209 0.002184694167226553 
vn 3.097898456858039e-13 -0.999997615814209 0.002184694167226553 
vn 3.097898456858039e-13 -0.999997615814209 0.002184694167226553 
vn 3.097898456858039e-13 -0.999997615814209 0.002184694167226553 
vn 3.097898456858039e-13 -0.999997615814209 0.002184694167226553 
vn 3.097898456858039e-13 -0.999997615814209 0.002184694167226553 
vn 3.097898456858039e-13 -0.999997615814209 0.002184694167226553 
vn 3.097898456858039e-13 -0.999997615814209 0.002184694167226553 
vn 3.097898456858039e-13 -0.999997615814209 0.002184694167226553 
vn 3.097898456858039e-13 -0.999997615814209 0.002184694167226553 
vn 3.097898456858039e-13 -0.999997615814209 0.002184694167226553 
vn 3.097898456858039e-13 -0.999997615814209 0.002184694167226553 
vn 3.097898456858039e-13 -0.999997615814209 0.002184694167226553 
vn 3.097898456858039e-13 -0.999997615814209 0.002184694167226553 
vn 3.097898456858039e-13 -0.999997615814209 0.002184694167226553 
vn 3.097898456858039e-13 -0.999997615814209 0.002184694167226553 
vn 3.097898456858039e-13 -0.999997615814209 0.002184694167226553 
vn 3.097898456858039e-13 -0.999997615814209 0.002184694167226553 
vn 3.097898456858039e-13 -0.999997615814209 0.002184694167226553 
vn 3.097898456858039e-13 -0.999997615814209 0.002184694167226553 
vn 3.097898456858039e-13 -0.999997615814209 0.002184694167226553 
vn 3.097898456858039e-13 -0.999997615814209 0.002184694167226553 
vn 3.097898456858039e-13 -0.999997615814209 0.002184694167226553 
vn 3.097898456858039e-13 -0.999997615814209 0.002184694167226553 
vn 3.097898456858039e-13 -0.999997615814209 0.002184694167226553 
vn 3.097898456858039e-13 -0.999997615814209 0.002184694167226553 
vn 3.097898456858039e-13 -0.999997615814209 0.002184694167226553 
vn 3.097898456858039e-13 -0.999997615814209 0.002184694167226553 
vn 3.097898456858039e-13 -0.999997615814209 0.002184694167226553 
vn 3.097898456858039e-13 -0.999997615814209 0.002184694167226553 
vn 3.097898456858039e-13 -0.999997615814209 0.002184694167226553 
vn 3.097898456858039e-13 -0.999997615814209 0.002184694167226553 
vn 3.097898456858039e-13 -0.999997615814209 0.002184694167226553 
vn 3.097898456858039e-13 -0.999997615814209 0.002184694167226553 
vn 3.097898456858039e-13 -0.999997615814209 0.002184694167226553 
vn 3.097898456858039e-13 -0.999997615814209 0.002184694167226553 
vn 3.097898456858039e-13 -0.999997615814209 0.002184694167226553 
vn 3.097898456858039e-13 -0.999997615814209 0.002184694167226553 
vn 3.097898456858039e-13 -0.999997615814209 0.002184694167226553 
vn 3.097898456858039e-13 -0.999997615814209 0.002184694167226553 
vn 3.097898456858039e-13 -0.999997615814209 0.002184694167226553 
vn 3.097898456858039e-13 -0.999997615814209 0.002184694167226553 
vn 3.097898456858039e-13 -0.999997615814209 0.002184694167226553 
vn 3.097898456858039e-13 -0.999997615814209 0.002184694167226553 
vn 3.097898456858039e-13 -0.999997615814209 0.002184694167226553 
vn 3.097898456858039e-13 -0.999997615814209 0.002184694167226553 
vn 3.097898456858039e-13 -0.999997615814209 0.002184694167226553 
vn 3.097898456858039e-13 -0.999997615814209 0.002184694167226553 
vn 3.097898456858039e-13 -0.999997615814209 0.002184694167226553 
vn 3.097898456858039e-13 -0.999997615814209 0.002184694167226553 
vn 3.097898456858039e-13 -0.999997615814209 0.002184694167226553 
vn 3.097898456858039e-13 -0.999997615814209 0.002184694167226553 
vn 3.097898456858039e-13 -0.999997615814209 0.002184694167226553 
vn 3.097898456858039e-13 -0.999997615814209 0.002184694167226553 
vn 3.097898456858039e-13 -0.999997615814209 0.002184694167226553 
vn 3.097898456858039e-13 -0.999997615814209 0.002184694167226553 
vn 3.097898456858039e-13 -0.999997615814209 0.002184694167226553 
vn 3.097898456858039e-13 -0.999997615814209 0.002184694167226553 
vn 3.097898456858039e-13 -0.999997615814209 0.002184694167226553 
vn 3.097898456858039e-13 -0.999997615814209 0.002184694167226553 
vn 3.097898456858039e-13 -0.999997615814209 0.002184694167226553 
vn 3.097898456858039e-13 -0.999997615814209 0.002184694167226553 
vn 3.097898456858039e-13 -0.999997615814209 0.002184694167226553 
vn 3.097898456858039e-13 -0.999997615814209 0.002184694167226553 
vn 3.097898456858039e-13 -0.999997615814209 0.002184694167226553 
vn 3.097898456858039e-13 -0.999997615814209 0.002184694167226553 
vn 3.097898456858039e-13 -0.999997615814209 0.002184694167226553 
vn 3.097898456858039e-13 -0.999997615814209 0.002184694167226553 
vn 3.097898456858039e-13 -0.999997615814209 0.002184694167226553 
vn 3.097898456858039e-13 -0.999997615814209 0.002184694167226553 
vn 3.097898456858039e-13 -0.999997615814209 0.002184694167226553 
vn 3.097898456858039e-13 -0.999997615814209 0.002184694167226553 
vn 3.097898456858039e-13 -0.999997615814209 0.002184694167226553 
vn 3.097898456858039e-13 -0.999997615814209 0.002184694167226553 
vn 3.097898456858039e-13 -0.999997615814209 0.002184694167226553 
vn 3.097898456858039e-13 -0.999997615814209 0.002184694167226553 
vn 3.097898456858039e-13 -0.999997615814209 0.002184694167226553 
vn 3.097898456858039e-13 -0.999997615814209 0.002184694167226553 
vn 3.097898456858039e-13 -0.999997615814209 0.002184694167226553 
vn 3.097898456858039e-13 -0.999997615814209 0.002184694167226553 
vn 3.097898456858039e-13 -0.999997615814209 0.002184694167226553 
vn 3.097898456858039e-13 -0.999997615814209 0.002184694167226553 
vn 3.097898456858039e-13 -0.999997615814209 0.002184694167226553 
vn 3.097898456858039e-13 -0.999997615814209 0.002184694167226553 
vn 3.097898456858039e-13 -0.999997615814209 0.002184694167226553 
vn 3.097898456858039e-13 -0.999997615814209 0.002184694167226553 
vn 3.097898456858039e-13 -0.999997615814209 0.002184694167226553 
vn 3.097898456858039e-13 -0.999997615814209 0.002184694167226553 
vn 3.097898456858039e-13 -0.999997615814209 0.002184694167226553 
vn 3.097898456858039e-13 -0.999997615814209 0.002184694167226553 
vn 3.097898456858039e-13 -0.999997615814209 0.002184694167226553 
vn 3.097898456858039e-13 -0.999997615814209 0.002184694167226553 
vn 3.097898456858039e-13 -0.999997615814209 0.002184694167226553 
vn 3.097898456858039e-13 -0.999997615814209 0.002184694167226553 
vn 3.097898456858039e-13 -0.999997615814209 0.002184694167226553 
vn 3.097898456858039e-13 -0.999997615814209 0.002184694167226553 
vn 3.097898456858039e-13 -0.999997615814209 0.002184694167226553 
vn 3.097898456858039e-13 -0.999997615814209 0.002184694167226553 
vn 3.097898456858039e-13 -0.999997615814209 0.002184694167226553 
vn 3.097898456858039e-13 -0.999997615814209 0.002184694167226553 
vn 3.097898456858039e-13 -0.999997615814209 0.002184694167226553 
vn 3.097898456858039e-13 -0.999997615814209 0.002184694167226553 
vn 3.097898456858039e-13 -0.999997615814209 0.002184694167226553 
vn 3.097898456858039e-13 -0.999997615814209 0.002184694167226553 
vn 3.097898456858039e-13 -0.999997615814209 0.002184694167226553 
vn 3.097898456858039e-13 -0.999997615814209 0.002184694167226553 
vn 3.097898456858039e-13 -0.999997615814209 0.002184694167226553 
vn 3.097898456858039e-13 -0.999997615814209 0.002184694167226553 
vn 3.097898456858039e-13 -0.999997615814209 0.002184694167226553 
vn 3.097898456858039e-13 -0.999997615814209 0.002184694167226553 
vn 3.097898456858039e-13 -0.999997615814209 0.002184694167226553 
vn 3.097898456858039e-13 -0.999997615814209 0.002184694167226553 
vn 3.097898456858039e-13 -0.999997615814209 0.002184694167226553 
vn 3.097898456858039e-13 -0.999997615814209 0.002184694167226553 
vn 3.097898456858039e-13 -0.999997615814209 0.002184694167226553 
vn 3.097898456858039e-13 -0.999997615814209 0.002184694167226553 
vn 3.097898456858039e-13 -0.999997615814209 0.002184694167226553 
vn 3.097898456858039e-13 -0.999997615814209 0.002184694167226553 
vn 3.097898456858039e-13 -0.999997615814209 0.002184694167226553 
vn 3.097898456858039e-13 -0.999997615814209 0.002184694167226553 
vn 3.097898456858039e-13 -0.999997615814209 0.002184694167226553 
vn 3.097898456858039e-13 -0.999997615814209 0.002184694167226553 
vn 3.097898456858039e-13 -0.999997615814209 0.002184694167226553 
vn 3.097898456858039e-13 -0.999997615814209 0.002184694167226553 
vn 3.097898456858039e-13 -0.999997615814209 0.002184694167226553 
vn 3.097898456858039e-13 -0.999997615814209 0.002184694167226553 
vn 3.097898456858039e-13 -0.999997615814209 0.002184694167226553 
vn 3.097898456858039e-13 -0.999997615814209 0.002184694167226553 
vn 3.097898456858039e-13 -0.999997615814209 0.002184694167226553 
vn 3.097898456858039e-13 -0.999997615814209 0.002184694167226553 
vn 3.097898456858039e-13 -0.999997615814209 0.002184694167226553 
vn 3.097898456858039e-13 -0.999997615814209 0.002184694167226553 
vn 3.097898456858039e-13 -0.999997615814209 0.002184694167226553 
vn 3.097898456858039e-13 -0.999997615814209 0.002184694167226553 
vn 3.097898456858039e-13 -0.999997615814209 0.002184694167226553 
vn 3.097898456858039e-13 -0.999997615814209 0.002184694167226553 
vn 3.097898456858039e-13 -0.999997615814209 0.002184694167226553 
vn 3.097898456858039e-13 -0.999997615814209 0.002184694167226553 
vn 3.097898456858039e-13 -0.999997615814209 0.002184694167226553 
vn 3.097898456858039e-13 -0.999997615814209 0.002184694167226553 
vn 3.097898456858039e-13 -0.999997615814209 0.002184694167226553 
vn 3.097898456858039e-13 -0.999997615814209 0.002184694167226553 
vn 3.097898456858039e-13 -0.999997615814209 0.002184694167226553 
vn 3.097898456858039e-13 -0.999997615814209 0.002184694167226553 
vn 3.097898456858039e-13 -0.999997615814209 0.002184694167226553 
vn 3.097898456858039e-13 -0.999997615814209 0.002184694167226553 
vn 3.097898456858039e-13 -0.999997615814209 0.002184694167226553 
vn 3.097898456858039e-13 -0.999997615814209 0.002184694167226553 
vn 3.097898456858039e-13 -0.999997615814209 0.002184694167226553 
vn 3.097898456858039e-13 -0.999997615814209 0.002184694167226553 
vn 3.097898456858039e-13 -0.999997615814209 0.002184694167226553 
vn 3.097898456858039e-13 -0.999997615814209 0.002184694167226553 
vn 3.097898456858039e-13 -0.999997615814209 0.002184694167226553 
vn 3.097898456858039e-13 -0.999997615814209 0.002184694167226553 
vn 3.097898456858039e-13 -0.999997615814209 0.002184694167226553 
vn 3.097898456858039e-13 -0.999997615814209 0.002184694167226553 
vn 3.097898456858039e-13 -0.999997615814209 0.002184694167226553 
vn 3.097898456858039e-13 -0.999997615814209 0.002184694167226553 
vn 3.097898456858039e-13 -0.999997615814209 0.002184694167226553 
vn 3.097898456858039e-13 -0.999997615814209 0.002184694167226553 
vn 3.097898456858039e-13 -0.999997615814209 0.002184694167226553 
vn 3.097898456858039e-13 -0.999997615814209 0.002184694167226553 
vn 3.097898456858039e-13 -0.999997615814209 0.002184694167226553 
vn 3.097898456858039e-13 -0.999997615814209 0.002184694167226553 
vn 3.097898456858039e-13 -0.999997615814209 0.002184694167226553 
vn 3.097898456858039e-13 -0.999997615814209 0.002184694167226553 
vn 3.097898456858039e-13 -0.999997615814209 0.002184694167226553 
vn 3.097898456858039e-13 -0.999997615814209 0.002184694167226553 
vn 3.097898456858039e-13 -0.999997615814209 0.002184694167226553 
vn 3.097898456858039e-13 -0.999997615814209 0.002184694167226553 
vn 3.097898456858039e-13 -0.999997615814209 0.002184694167226553 
vn 3.097898456858039e-13 -0.999997615814209 0.002184694167226553 
vn 3.097898456858039e-13 -0.999997615814209 0.002184694167226553 
vn 3.097898456858039e-13 -0.999997615814209 0.002184694167226553 
vn 3.097898456858039e-13 -0.999997615814209 0.002184694167226553 
vn 3.097898456858039e-13 -0.999997615814209 0.002184694167226553 
vn 3.097898456858039e-13 -0.999997615814209 0.002184694167226553 
vn 3.097898456858039e-13 -0.999997615814209 0.002184694167226553 
vn 3.097898456858039e-13 -0.999997615814209 0.002184694167226553 
vn 3.097898456858039e-13 -0.999997615814209 0.002184694167226553 
vn 3.097898456858039e-13 -0.999997615814209 0.002184694167226553 
vn 3.097898456858039e-13 -0.999997615814209 0.002184694167226553 
vn 3.097898456858039e-13 -0.999997615814209 0.002184694167226553 
vn 3.097898456858039e-13 -0.999997615814209 0.002184694167226553 
vn 3.097898456858039e-13 -0.999997615814209 0.002184694167226553 
vn 3.097898456858039e-13 -0.999997615814209 0.002184694167226553 
vn 3.097898456858039e-13 -0.999997615814209 0.002184694167226553 
vn 3.097898456858039e-13 -0.999997615814209 0.002184694167226553 
vn 3.097898456858039e-13 -0.999997615814209 0.002184694167226553 
vn 3.097898456858039e-13 -0.999997615814209 0.002184694167226553 
vn 3.097898456858039e-13 -0.999997615814209 0.002184694167226553 
vn 3.097898456858039e-13 -0.999997615814209 0.002184694167226553 
vn 3.097898456858039e-13 -0.999997615814209 0.002184694167226553 
vn 3.097898456858039e-13 -0.999997615814209 0.002184694167226553 
vn 3.097898456858039e-13 -0.999997615814209 0.002184694167226553 
vn 3.097898456858039e-13 -0.999997615814209 0.002184694167226553 
vn 3.097898456858039e-13 -0.999997615814209 0.002184694167226553 
vn 3.097898456858039e-13 -0.999997615814209 0.002184694167226553 
vn 3.097898456858039e-13 -0.999997615814209 0.002184694167226553 
vn 3.097898456858039e-13 -0.999997615814209 0.002184694167226553 
vn 3.097898456858039e-13 -0.999997615814209 0.002184694167226553 
vn 3.097898456858039e-13 -0.999997615814209 0.002184694167226553 
vn 3.097898456858039e-13 -0.999997615814209 0.002184694167226553 
vn 3.097898456858039e-13 -0.999997615814209 0.002184694167226553 
vn 3.097898456858039e-13 -0.999997615814209 0.002184694167226553 
vn 3.097898456858039e-13 -0.999997615814209 0.002184694167226553 
vn 3.097898456858039e-13 -0.999997615814209 0.002184694167226553 
vn 3.097898456858039e-13 -0.999997615814209 0.002184694167226553 
vn 3.097898456858039e-13 -0.999997615814209 0.002184694167226553 
vn 3.097898456858039e-13 -0.999997615814209 0.002184694167226553 
vn 3.097898456858039e-13 -0.999997615814209 0.002184694167226553 
vn 3.097898456858039e-13 -0.999997615814209 0.002184694167226553 
vn 3.097898456858039e-13 -0.999997615814209 0.002184694167226553 
vn 3.097898456858039e-13 -0.999997615814209 0.002184694167226553 
vn 3.097898456858039e-13 -0.999997615814209 0.002184694167226553 
vn 3.097898456858039e-13 -0.999997615814209 0.002184694167226553 
vn 3.097898456858039e-13 -0.999997615814209 0.002184694167226553 
vn 3.097898456858039e-13 -0.999997615814209 0.002184694167226553 
vn 3.097898456858039e-13 -0.999997615814209 0.002184694167226553 
vn 3.097898456858039e-13 -0.999997615814209 0.002184694167226553 
vn 3.097898456858039e-13 -0.999997615814209 0.002184694167226553 
vn 3.097898456858039e-13 -0.999997615814209 0.002184694167226553 
vn 3.097898456858039e-13 -0.999997615814209 0.002184694167226553 
vn 3.097898456858039e-13 -0.999997615814209 0.002184694167226553 
vn 3.097898456858039e-13 -0.999997615814209 0.002184694167226553 
vn 3.097898456858039e-13 -0.999997615814209 0.002184694167226553 
vn 3.097898456858039e-13 -0.999997615814209 0.002184694167226553 
vn 3.097898456858039e-13 -0.999997615814209 0.002184694167226553 
vn 3.097898456858039e-13 -0.999997615814209 0.002184694167226553 
vn 3.097898456858039e-13 -0.999997615814209 0.002184694167226553 
vn 3.097898456858039e-13 -0.999997615814209 0.002184694167226553 
vn 3.097898456858039e-13 -0.999997615814209 0.002184694167226553 
vn 3.097898456858039e-13 -0.999997615814209 0.002184694167226553 
vn 3.097898456858039e-13 -0.999997615814209 0.002184694167226553 
vn 3.097898456858039e-13 -0.999997615814209 0.002184694167226553 
vn 3.097898456858039e-13 -0.999997615814209 0.002184694167226553 
vn 3.097898456858039e-13 -0.999997615814209 0.002184694167226553 
vn 3.097898456858039e-13 -0.999997615814209 0.002184694167226553 
vn 3.097898456858039e-13 -0.999997615814209 0.002184694167226553 
vn 3.097898456858039e-13 -0.999997615814209 0.002184694167226553 
vn 3.097898456858039e-13 -0.999997615814209 0.002184694167226553 
vn 3.097898456858039e-13 -0.999997615814209 0.002184694167226553 
vn 3.097898456858039e-13 -0.999997615814209 0.002184694167226553 
vn 3.097898456858039e-13 -0.999997615814209 0.002184694167226553 
vn 3.097898456858039e-13 -0.999997615814209 0.002184694167226553 
vn 3.097898456858039e-13 -0.999997615814209 0.002184694167226553 
vn 3.097898456858039e-13 -0.999997615814209 0.002184694167226553 
vn 3.097898456858039e-13 -0.999997615814209 0.002184694167226553 
vn 3.097898456858039e-13 -0.999997615814209 0.002184694167226553 
vn 3.097898456858039e-13 -0.999997615814209 0.002184694167226553 
vn 3.097898456858039e-13 -0.999997615814209 0.002184694167226553 
vn 3.097898456858039e-13 -0.999997615814209 0.002184694167226553 
vn 3.097898456858039e-13 -0.999997615814209 0.002184694167226553 
vn 3.097898456858039e-13 -0.999997615814209 0.002184694167226553 
vn 3.097898456858039e-13 -0.999997615814209 0.002184694167226553 
vn 3.097898456858039e-13 -0.999997615814209 0.002184694167226553 
vn 3.097898456858039e-13 -0.999997615814209 0.002184694167226553 
vn 3.097898456858039e-13 -0.999997615814209 0.002184694167226553 
vn 3.097898456858039e-13 -0.999997615814209 0.002184694167226553 
vn -0.0018876121612265706 -0.9937974810600281 -0.1111890971660614 
vn -0.0018876121612265706 -0.9937974810600281 -0.1111890971660614 
vn -0.0018876121612265706 -0.9937974810600281 -0.1111890971660614 
vn -0.0018876121612265706 -0.9937974810600281 -0.1111890971660614 
vn -0.0018876121612265706 -0.9937974810600281 -0.1111890971660614 
vn -0.0018876121612265706 -0.9937974810600281 -0.1111890971660614 
vn 3.097898456858039e-13 -0.999997615814209 0.002184694167226553 
vn 3.097898456858039e-13 -0.999997615814209 0.002184694167226553 
vn -0.0018876121612265706 -0.9937974810600281 -0.1111890971660614 
vn 3.097898456858039e-13 -0.999997615814209 0.002184694167226553 
vn -0.0018876121612265706 -0.9937974810600281 -0.1111890971660614 
vn 3.097898456858039e-13 -0.999997615814209 0.002184694167226553 
vn 3.097898456858039e-13 -0.999997615814209 0.002184694167226553 
vn 3.097898456858039e-13 -0.999997615814209 0.002184694167226553 
vn 0.018878648057579994 -0.9926101565361023 -0.11986933648586273 
vn 0.09425675123929977 -0.9883050918579102 -0.11986933648586273 
vn 0.16911634802818298 -0.983269989490509 -0.06767380982637405 
vn 3.097898456858039e-13 -0.999997615814209 0.002184694167226553 
vn 3.097898456858039e-13 -0.999997615814209 0.002184694167226553 
vn 0.17275206744670868 -0.9845559000968933 -0.028397228568792343 
vn 0.1504555195569992 -0.988556444644928 -0.010923261754214764 
vn 0.1280297040939331 -0.991767942905426 -0.002184694167226553 
vn 0.11303620040416718 -0.9935884475708008 -0.002184694167226553 
vn 3.097898456858039e-13 -0.999997615814209 0.002184694167226553 
vn 3.097898456858039e-13 -0.999997615814209 0.002184694167226553 
vn 3.097898456858039e-13 -0.999997615814209 0.002184694167226553 
vn 3.097898456858039e-13 -0.999997615814209 0.002184694167226553 
vn 3.097898456858039e-13 -0.999997615814209 0.002184694167226553 
vn 3.097898456858039e-13 -0.999997615814209 -0.002184694167226553 
vn 0.05849025025963783 -0.9970236420631409 -0.05022686347365379 
vn -0.5741610527038574 0.011298619210720062 0.8186644315719604 
vn 0.9994345903396606 0.007547779008746147 -0.03276457265019417 
vn 3.097898456858039e-13 -0.999997615814209 0.002184694167226553 
vn 3.097898456858039e-13 -0.999997615814209 0.002184694167226553 
vn 3.097898456858039e-13 -0.999997615814209 0.002184694167226553 
vn 3.097898456858039e-13 -0.999997615814209 0.002184694167226553 
vn 3.097898456858039e-13 -0.999997615814209 0.002184694167226553 
vn 3.097898456858039e-13 -0.999997615814209 0.002184694167226553 
vn 3.097898456858039e-13 -0.999997615814209 0.002184694167226553 
vn 3.097898456858039e-13 -0.999997615814209 0.002184694167226553 
vn 0.10552956163883209 -0.9944137930870056 0.002184694167226553 
vn 0.11303620040416718 -0.9935884475708008 0.002184694167226553 
vn 0.1280297040939331 -0.991767942905426 0.002184694167226553 
vn 0.1504555195569992 -0.988556444644928 0.010923261754214764 
vn 3.097898456858039e-13 -0.999997615814209 0.002184694167226553 
vn 3.097898456858039e-13 -0.999997615814209 0.002184694167226553 
vn 3.097898456858039e-13 -0.999997615814209 0.002184694167226553 
vn 3.097898456858039e-13 -0.999997615814209 0.002184694167226553 
vn 3.097898456858039e-13 -0.999997615814209 0.002184694167226553 
vn 3.097898456858039e-13 -0.999997615814209 0.002184694167226553 
vn 3.097898456858039e-13 -0.999997615814209 0.002184694167226553 
vn 3.097898456858039e-13 -0.999997615814209 0.002184694167226553 
vn 3.097898456858039e-13 -0.999997615814209 0.002184694167226553 
vn 3.097898456858039e-13 -0.999997615814209 0.002184694167226553 
vn 3.097898456858039e-13 -0.999997615814209 0.002184694167226553 
vn 3.097898456858039e-13 -0.999997615814209 0.002184694167226553 
vn 3.097898456858039e-13 -0.999997615814209 0.002184694167226553 
vn 3.097898456858039e-13 -0.999997615814209 0.002184694167226553 
vn 3.097898456858039e-13 -0.999997615814209 0.002184694167226553 
vn 3.097898456858039e-13 -0.999997615814209 0.002184694167226553 
vn 3.097898456858039e-13 -0.999997615814209 0.002184694167226553 
vn 3.097898456858039e-13 -0.999997615814209 0.002184694167226553 
vn 3.097898456858039e-13 -0.999997615814209 0.002184694167226553 
vn 3.097898456858039e-13 -0.999997615814209 0.002184694167226553 
vn 3.097898456858039e-13 -0.999997615814209 0.002184694167226553 
vn 3.097898456858039e-13 -0.999997615814209 0.002184694167226553 
vn 3.097898456858039e-13 -0.999997615814209 0.002184694167226553 
vn 3.097898456858039e-13 -0.999997615814209 0.002184694167226553 
vn 3.097898456858039e-13 -0.999997615814209 0.002184694167226553 
vn 3.097898456858039e-13 -0.999997615814209 0.002184694167226553 
vn 3.097898456858039e-13 -0.999997615814209 0.002184694167226553 
vn 3.097898456858039e-13 -0.999997615814209 0.002184694167226553 
vn 3.097898456858039e-13 -0.999997615814209 0.002184694167226553 
vn 0.17275206744670868 -0.9845559000968933 0.028397228568792343 
vn 0.16911634802818298 -0.983269989490509 0.06767380982637405 
vn 0.09606988728046417 -0.9886472225189209 0.11553031951189041 
vn 0.018878648057579994 -0.9926101565361023 0.11986933648586273 
vn 3.097898456858039e-13 -0.999997615814209 -0.002184694167226553 
vn 3.097898456858039e-13 -0.999997615814209 -0.002184694167226553 
vn 3.097898456858039e-13 -0.999997615814209 0.002184694167226553 
vn -0.5108006000518799 -0.8595631718635559 -0.0152922747656703 
vn -0.015103200450539589 0.9998835325241089 0.002184694167226553 
vn -0.9996264576911926 -0.022651128470897675 -0.0152922747656703 
vn 3.097898456858039e-13 -0.999997615814209 0.002184694167226553 
vn 3.097898456858039e-13 -0.999997615814209 0.002184694167226553 
vn 3.097898456858039e-13 -0.999997615814209 0.002184694167226553 
vn -0.11763838678598404 0.003811352187767625 -0.9930492043495178 
vn -1.0341130485562108e-13 0.999997615814209 -0.002184694167226553 
vn -1.0341130485562108e-13 0.999997615814209 -0.002184694167226553 
vn -0.002184688812121749 0.0037839922588318586 -0.9999904632568359 
vn 3.097898456858039e-13 -0.999997615814209 0.002184694167226553 
vn 3.097898456858039e-13 -0.999997615814209 0.002184694167226553 
vn 3.097898456858039e-13 -0.999997615814209 0.002184694167226553 
vn 3.097898456858039e-13 -0.999997615814209 -0.002184694167226553 
vn -0.0018876121612265706 -0.9937974810600281 0.1111890971660614 
vn -0.0018876121612265706 -0.9937974810600281 0.1111890971660614 
vn -0.0018876121612265706 -0.9937974810600281 0.1111890971660614 
vn -0.0018876121612265706 -0.9937974810600281 0.1111890971660614 
vn -0.0018876121612265706 -0.9937974810600281 0.1111890971660614 
vn -0.0018876121612265706 -0.9937974810600281 0.1111890971660614 
vn 3.097898456858039e-13 -0.999997615814209 0.002184694167226553 
vn 3.097898456858039e-13 -0.999997615814209 0.002184694167226553 
vn 3.097898456858039e-13 -0.999997615814209 0.002184694167226553 
vn 3.097898456858039e-13 -0.999997615814209 0.002184694167226553 
vn 3.097898456858039e-13 -0.999997615814209 -0.002184694167226553 
vn 3.097898456858039e-13 -0.999997615814209 0.002184694167226553 
vn 3.097898456858039e-13 -0.999997615814209 0.002184694167226553 
vn -0.0018876121612265706 -0.9937974810600281 0.1111890971660614 
vn 3.097898456858039e-13 -0.999997615814209 0.002184694167226553 
vn 3.097898456858039e-13 -0.999997615814209 0.002184694167226553 
vn 3.097898456858039e-13 -0.999997615814209 0.002184694167226553 
vn 3.097898456858039e-13 -0.999997615814209 0.002184694167226553 
vn 3.097898456858039e-13 -0.999997615814209 0.002184694167226553 
vn 3.097898456858039e-13 -0.999997615814209 0.002184694167226553 
vn 3.097898456858039e-13 -0.999997615814209 0.002184694167226553 
vn 3.097898456858039e-13 -0.999997615814209 0.002184694167226553 
vn 3.097898456858039e-13 -0.999997615814209 0.002184694167226553 
vn 3.09754338064655e-13 -0.9998830556869507 -0.0152922747656703 
vn -1.0340933296291988e-13 0.9999785423278809 0.006554040592163801 
vn 3.097898456858039e-13 -0.999997615814209 0.002184694167226553 
vn 3.097898456858039e-13 -0.999997615814209 0.002184694167226553 
vn 3.097898456858039e-13 -0.999997615814209 0.002184694167226553 
vn 3.097898456858039e-13 -0.999997615814209 0.002184694167226553 
vn 3.097898456858039e-13 -0.999997615814209 0.002184694167226553 
vn 3.097898456858039e-13 -0.999997615814209 0.002184694167226553 
vn 3.097898456858039e-13 -0.999997615814209 0.002184694167226553 
vn 3.097898456858039e-13 -0.999997615814209 0.002184694167226553 
vn 3.097898456858039e-13 -0.999997615814209 0.002184694167226553 
vn 3.097898456858039e-13 -0.999997615814209 -0.002184694167226553 
vn 3.097898456858039e-13 -0.999997615814209 0.002184694167226553 
vn 3.097898456858039e-13 -0.999997615814209 0.002184694167226553 
vn 3.097898456858039e-13 -0.999997615814209 0.002184694167226553 
vn 3.097898456858039e-13 -0.999997615814209 0.002184694167226553 
vn 3.097898456858039e-13 -0.999997615814209 0.002184694167226553 
vn 3.097898456858039e-13 -0.999997615814209 0.002184694167226553 
vn 3.097898456858039e-13 -0.999997615814209 0.002184694167226553 
vn 3.097898456858039e-13 -0.999997615814209 0.002184694167226553 
vn 3.097898456858039e-13 -0.999997615814209 0.002184694167226553 
vn 3.097898456858039e-13 -0.999997615814209 0.002184694167226553 
vn 3.097898456858039e-13 -0.999997615814209 0.002184694167226553 
vn 3.097898456858039e-13 -0.999997615814209 0.002184694167226553 
vn 3.097898456858039e-13 -0.999997615814209 0.002184694167226553 
vn 3.097898456858039e-13 -0.999997615814209 0.002184694167226553 
vn 3.097898456858039e-13 -0.999997615814209 -0.002184694167226553 
vn 3.097898456858039e-13 -0.999997615814209 0.002184694167226553 
vn 3.097898456858039e-13 -0.999997615814209 0.002184694167226553 
vn 0.9999403357505798 0 -0.010923261754214764 
vn 3.097898456858039e-13 -0.999997615814209 0.002184694167226553 
vn 3.097898456858039e-13 -0.999997615814209 0.002184694167226553 
vn 3.097898456858039e-13 -0.999997615814209 -0.002184694167226553 
vn 3.097898456858039e-13 -0.999997615814209 -0.002184694167226553 
vn 3.097898456858039e-13 -0.999997615814209 0.002184694167226553 
vn 3.097898456858039e-13 -0.999997615814209 0.002184694167226553 
vn 3.097898456858039e-13 -0.999997615814209 0.002184694167226553 
vn 3.097898456858039e-13 -0.999997615814209 0.002184694167226553 
vn 3.097898456858039e-13 -0.999997615814209 0.002184694167226553 
vn 3.097898456858039e-13 -0.999997615814209 0.002184694167226553 
vn 3.097898456858039e-13 -0.999997615814209 0.002184694167226553 
vn 3.097898456858039e-13 -0.999997615814209 0.002184694167226553 
vn 3.097898456858039e-13 -0.999997615814209 0.002184694167226553 
vn 3.097898456858039e-13 -0.999997615814209 0.002184694167226553 
vn 3.097898456858039e-13 -0.999997615814209 0.002184694167226553 
vn 3.097898456858039e-13 -0.999997615814209 0.002184694167226553 
vn 3.097898456858039e-13 -0.999997615814209 0.002184694167226553 
vn 3.097898456858039e-13 -0.999997615814209 0.002184694167226553 
vn 3.097898456858039e-13 -0.999997615814209 0.002184694167226553 
vn 3.097898456858039e-13 -0.999997615814209 0.002184694167226553 
vn 3.097898456858039e-13 -0.999997615814209 0.002184694167226553 
vn 3.097898456858039e-13 -0.999997615814209 0.002184694167226553 
vn 3.097898456858039e-13 -0.999997615814209 0.002184694167226553 
vn 3.097898456858039e-13 -0.999997615814209 0.002184694167226553 
vn 3.097898456858039e-13 -0.999997615814209 0.002184694167226553 
vn 3.097898456858039e-13 -0.999997615814209 0.002184694167226553 
vn 3.097898456858039e-13 -0.999997615814209 0.002184694167226553 
vn 3.097898456858039e-13 -0.999997615814209 0.002184694167226553 
vn 3.097898456858039e-13 -0.999997615814209 0.002184694167226553 
vn 3.097898456858039e-13 -0.999997615814209 0.002184694167226553 
vn 3.097898456858039e-13 -0.999997615814209 0.002184694167226553 
vn 3.097898456858039e-13 -0.999997615814209 0.002184694167226553 
vn 3.097898456858039e-13 -0.999997615814209 0.002184694167226553 
vn 3.097898456858039e-13 -0.999997615814209 0.002184694167226553 
vn 3.097898456858039e-13 -0.999997615814209 0.002184694167226553 
vn 3.097898456858039e-13 -0.999997615814209 0.002184694167226553 
vn 3.097898456858039e-13 -0.999997615814209 0.002184694167226553 
vn 3.097898456858039e-13 -0.999997615814209 0.002184694167226553 
vn 3.097898456858039e-13 -0.999997615814209 0.002184694167226553 
vn 3.097898456858039e-13 -0.999997615814209 0.002184694167226553 
vn 3.097898456858039e-13 -0.999997615814209 0.002184694167226553 
vn 3.097898456858039e-13 -0.999997615814209 0.002184694167226553 
vn 3.097898456858039e-13 -0.999997615814209 0.002184694167226553 
vn 3.097898456858039e-13 -0.999997615814209 0.002184694167226553 
vn 3.097898456858039e-13 -0.999997615814209 0.002184694167226553 
vn 3.097898456858039e-13 -0.999997615814209 0.002184694167226553 
vn 3.097898456858039e-13 -0.999997615814209 0.002184694167226553 
vn 3.097898456858039e-13 -0.999997615814209 0.002184694167226553 
vn 3.097898456858039e-13 -0.999997615814209 0.002184694167226553 
vn 3.097898456858039e-13 -0.999997615814209 0.002184694167226553 
vn 3.097898456858039e-13 -0.999997615814209 0.002184694167226553 
vn 3.097898456858039e-13 -0.999997615814209 0.002184694167226553 
vn 3.097898456858039e-13 -0.999997615814209 0.002184694167226553 
s on 
f 1//1 2//2 3//3 
f 2//2 4//4 3//3 
f 3//3 4//4 3//3 
f 4//4 5//5 3//3 
f 3//3 5//5 3//3 
f 5//5 6//6 3//3 
f 3//3 6//6 7//7 
f 6//6 6//6 7//7 
f 7//7 6//6 8//8 
f 6//6 9//9 8//8 
f 8//8 9//9 10//10 
f 9//9 10//10 10//10 
f 10//10 10//10 1//1 
f 10//10 1//1 1//1 
f 1//1 1//1 7//7 
f 1//1 3//3 7//7 
f 7//7 3//3 3//3 
f 3//3 11//11 3//3 
f 3//3 11//11 11//11 
f 11//11 2//2 11//11 
f 11//11 2//2 1//1 
f 2//2 1//1 1//1 
f 1//1 1//1 9//9 
f 1//1 9//9 9//9 
f 9//9 9//9 12//12 
f 9//9 6//6 12//12 
f 12//12 6//6 12//12 
f 6//6 5//5 12//12 
f 12//12 5//5 13//13 
f 5//5 5//5 13//13 
f 13//13 5//5 14//14 
f 5//5 4//4 14//14 
f 14//14 4//4 15//15 
f 4//4 4//4 15//15 
f 15//15 4//4 16//16 
f 4//4 2//2 16//16 
f 16//16 2//2 17//17 
f 2//2 11//11 17//17 
f 17//17 11//11 17//17 
f 11//11 18//18 17//17 
f 17//17 18//18 19//19 
f 18//18 20//20 19//19 
f 19//19 20//20 21//21 
f 20//20 22//22 21//21 
f 21//21 22//22 23//23 
f 22//22 22//22 23//23 
f 23//23 22//22 24//24 
f 22//22 25//25 24//24 
f 24//24 25//25 26//26 
f 25//25 27//27 26//26 
f 26//26 27//27 28//28 
f 27//27 29//29 28//28 
f 28//28 29//29 30//30 
f 29//29 31//31 30//30 
f 30//30 31//31 32//32 
f 31//31 33//33 32//32 
f 32//32 33//33 34//34 
f 33//33 35//35 34//34 
f 34//34 35//35 36//36 
f 35//35 37//37 36//36 
f 36//36 37//37 38//38 
f 37//37 39//39 38//38 
f 38//38 39//39 40//40 
f 39//39 41//41 40//40 
f 40//40 41//41 42//42 
f 41//41 43//43 42//42 
f 42//42 43//43 44//44 
f 43//43 45//45 44//44 
f 44//44 45//45 46//46 
f 45//45 47//47 46//46 
f 46//46 47//47 48//48 
f 47//47 49//49 48//48 
f 48//48 49//49 50//50 
f 49//49 51//51 50//50 
f 50//50 51//51 52//52 
f 51//51 53//53 52//52 
f 52//52 53//53 54//54 
f 53//53 55//55 54//54 
f 54//54 55//55 56//56 
f 55//55 57//57 56//56 
f 56//56 57//57 58//58 
f 57//57 59//59 58//58 
f 58//58 59//59 60//60 
f 59//59 61//61 60//60 
f 60//60 61//61 62//62 
f 61//61 63//63 62//62 
f 62//62 63//63 64//64 
f 63//63 65//65 64//64 
f 64//64 65//65 66//66 
f 65//65 67//67 66//66 
f 66//66 67//67 68//68 
f 67//67 69//69 68//68 
f 68//68 69//69 70//70 
f 69//69 71//71 70//70 
f 70//70 71//71 70//70 
f 71//71 72//72 70//70 
f 70//70 72//72 73//73 
f 72//72 74//74 73//73 
f 73//73 74//74 75//75 
f 74//74 76//76 75//75 
f 75//75 76//76 77//77 
f 76//76 78//78 77//77 
f 77//77 78//78 79//79 
f 78//78 80//80 79//79 
f 79//79 80//80 81//81 
f 80//80 82//82 81//81 
f 81//81 82//82 83//83 
f 82//82 84//84 83//83 
f 83//83 84//84 85//85 
f 84//84 86//86 85//85 
f 85//85 86//86 87//87 
f 86//86 88//88 87//87 
f 87//87 88//88 89//89 
f 88//88 90//90 89//89 
f 89//89 90//90 91//91 
f 90//90 92//92 91//91 
f 91//91 92//92 93//93 
f 92//92 94//94 93//93 
f 93//93 94//94 95//95 
f 94//94 96//96 95//95 
f 95//95 96//96 97//97 
f 96//96 98//98 97//97 
f 97//97 98//98 99//99 
f 98//98 100//100 99//99 
f 99//99 100//100 101//101 
f 100//100 102//102 101//101 
f 101//101 102//102 103//103 
f 102//102 10//10 103//103 
f 103//103 10//10 103//103 
f 10//10 9//9 103//103 
f 103//103 9//9 104//104 
f 9//9 12//12 104//104 
f 104//104 12//12 105//105 
f 12//12 13//13 105//105 
f 105//105 13//13 106//106 
f 13//13 13//13 106//106 
f 106//106 13//13 107//107 
f 13//13 14//14 107//107 
f 107//107 14//14 108//108 
f 14//14 15//15 108//108 
f 108//108 15//15 109//109 
f 15//15 15//15 109//109 
f 109//109 15//15 110//110 
f 15//15 16//16 110//110 
f 110//110 16//16 111//111 
f 16//16 17//17 111//111 
f 111//111 17//17 111//111 
f 17//17 19//19 111//111 
f 111//111 19//19 112//112 
f 19//19 21//21 112//112 
f 112//112 21//21 113//113 
f 21//21 23//23 113//113 
f 113//113 23//23 114//114 
f 23//23 23//23 114//114 
f 114//114 23//23 115//115 
f 23//23 24//24 115//115 
f 115//115 24//24 116//116 
f 24//24 26//26 116//116 
f 116//116 26//26 117//117 
f 26//26 28//28 117//117 
f 117//117 28//28 118//118 
f 28//28 30//30 118//118 
f 118//118 30//30 119//119 
f 30//30 32//32 119//119 
f 119//119 32//32 120//120 
f 32//32 34//34 120//120 
f 120//120 34//34 121//121 
f 34//34 36//36 121//121 
f 121//121 36//36 122//122 
f 36//36 38//38 122//122 
f 122//122 38//38 123//123 
f 38//38 40//40 123//123 
f 123//123 40//40 124//124 
f 40//40 42//42 124//124 
f 124//124 42//42 125//125 
f 42//42 44//44 125//125 
f 125//125 44//44 126//126 
f 44//44 46//46 126//126 
f 126//126 46//46 127//127 
f 46//46 48//48 127//127 
f 127//127 48//48 128//128 
f 48//48 50//50 128//128 
f 128//128 50//50 129//129 
f 50//50 52//52 129//129 
f 129//129 52//52 130//130 
f 52//52 54//54 130//130 
f 130//130 54//54 131//131 
f 54//54 56//56 131//131 
f 131//131 56//56 132//132 
f 56//56 58//58 132//132 
f 132//132 58//58 133//133 
f 58//58 60//60 133//133 
f 133//133 60//60 134//134 
f 60//60 62//62 134//134 
f 134//134 62//62 135//135 
f 62//62 64//64 135//135 
f 135//135 64//64 136//136 
f 64//64 66//66 136//136 
f 136//136 66//66 137//137 
f 66//66 68//68 137//137 
f 137//137 68//68 138//138 
f 68//68 70//70 138//138 
f 138//138 70//70 138//138 
f 70//70 73//73 138//138 
f 138//138 73//73 139//139 
f 73//73 75//75 139//139 
f 139//139 75//75 140//140 
f 75//75 77//77 140//140 
f 140//140 77//77 141//141 
f 77//77 79//79 141//141 
f 141//141 79//79 142//142 
f 79//79 81//81 142//142 
f 142//142 81//81 143//143 
f 81//81 83//83 143//143 
f 143//143 83//83 144//144 
f 83//83 85//85 144//144 
f 144//144 85//85 145//145 
f 85//85 87//87 145//145 
f 145//145 87//87 146//146 
f 87//87 89//89 146//146 
f 146//146 89//89 147//147 
f 89//89 91//91 147//147 
f 147//147 91//91 148//148 
f 91//91 93//93 148//148 
f 148//148 93//93 149//149 
f 93//93 95//95 149//149 
f 149//149 95//95 150//150 
f 95//95 97//97 150//150 
f 150//150 97//97 151//151 
f 97//97 99//99 151//151 
f 151//151 99//99 152//152 
f 99//99 101//101 152//152 
f 152//152 101//101 153//153 
f 101//101 103//103 153//153 
f 153//153 103//103 153//153 
f 103//103 104//104 153//153 
f 153//153 104//104 154//154 
f 104//104 105//105 154//154 
f 154//154 105//105 155//155 
f 105//105 106//106 155//155 
f 155//155 106//106 156//156 
f 106//106 106//106 156//156 
f 156//156 106//106 157//157 
f 106//106 107//107 157//157 
f 157//157 107//107 158//158 
f 107//107 108//108 158//158 
f 158//158 108//108 159//159 
f 108//108 109//109 159//159 
f 159//159 109//109 160//160 
f 109//109 109//109 160//160 
f 160//160 109//109 161//161 
f 109//109 110//110 161//161 
f 161//161 110//110 162//162 
f 110//110 111//111 162//162 
f 162//162 111//111 162//162 
f 111//111 112//112 162//162 
f 162//162 112//112 163//163 
f 112//112 113//113 163//163 
f 163//163 113//113 164//164 
f 113//113 114//114 164//164 
f 164//164 114//114 165//165 
f 114//114 114//114 165//165 
f 165//165 114//114 166//166 
f 114//114 115//115 166//166 
f 166//166 115//115 167//167 
f 115//115 116//116 167//167 
f 167//167 116//116 168//168 
f 116//116 117//117 168//168 
f 168//168 117//117 169//169 
f 117//117 118//118 169//169 
f 169//169 118//118 170//170 
f 118//118 119//119 170//170 
f 170//170 119//119 171//171 
f 119//119 120//120 171//171 
f 171//171 120//120 172//172 
f 120//120 121//121 172//172 
f 172//172 121//121 173//173 
f 121//121 122//122 173//173 
f 173//173 122//122 174//174 
f 122//122 123//123 174//174 
f 174//174 123//123 175//175 
f 123//123 124//124 175//175 
f 175//175 124//124 176//176 
f 124//124 125//125 176//176 
f 176//176 125//125 177//177 
f 125//125 126//126 177//177 
f 177//177 126//126 178//178 
f 126//126 127//127 178//178 
f 178//178 127//127 179//179 
f 127//127 128//128 179//179 
f 179//179 128//128 180//180 
f 128//128 129//129 180//180 
f 180//180 129//129 181//181 
f 129//129 130//130 181//181 
f 181//181 130//130 182//182 
f 130//130 131//131 182//182 
f 182//182 131//131 183//183 
f 131//131 132//132 183//183 
f 183//183 132//132 184//184 
f 132//132 133//133 184//184 
f 184//184 133//133 185//185 
f 133//133 134//134 185//185 
f 185//185 134//134 186//186 
f 134//134 135//135 186//186 
f 186//186 135//135 187//187 
f 135//135 136//136 187//187 
f 187//187 136//136 188//188 
f 136//136 137//137 188//188 
f 188//188 137//137 189//189 
f 137//137 138//138 189//189 
f 189//189 138//138 189//189 
f 138//138 139//139 189//189 
f 189//189 139//139 190//190 
f 139//139 140//140 190//190 
f 190//190 140//140 191//191 
f 140//140 141//141 191//191 
f 191//191 141//141 192//192 
f 141//141 142//142 192//192 
f 192//192 142//142 193//193 
f 142//142 143//143 193//193 
f 193//193 143//143 194//194 
f 143//143 144//144 194//194 
f 194//194 144//144 195//195 
f 144//144 145//145 195//195 
f 195//195 145//145 196//196 
f 145//145 146//146 196//196 
f 196//196 146//146 197//197 
f 146//146 147//147 197//197 
f 197//197 147//147 198//198 
f 147//147 148//148 198//198 
f 198//198 148//148 199//199 
f 148//148 149//149 199//199 
f 199//199 149//149 200//200 
f 149//149 150//150 200//200 
f 200//200 150//150 201//201 
f 150//150 151//151 201//201 
f 201//201 151//151 202//202 
f 151//151 152//152 202//202 
f 202//202 152//152 203//203 
f 152//152 153//153 203//203 
f 203//203 153//153 203//203 
f 153//153 154//154 203//203 
f 203//203 154//154 204//204 
f 154//154 155//155 204//204 
f 204//204 155//155 205//205 
f 155//155 156//156 205//205 
f 205//205 156//156 206//206 
f 156//156 156//156 206//206 
f 206//206 156//156 207//207 
f 156//156 157//157 207//207 
f 207//207 157//157 208//208 
f 157//157 158//158 208//208 
f 208//208 158//158 209//209 
f 158//158 159//159 209//209 
f 209//209 159//159 210//210 
f 159//159 160//160 210//210 
f 210//210 160//160 211//211 
f 160//160 160//160 211//211 
f 211//211 160//160 212//212 
f 160//160 161//161 212//212 
f 212//212 161//161 213//213 
f 161//161 162//162 213//213 
f 213//213 162//162 213//213 
f 162//162 163//163 213//213 
f 213//213 163//163 214//214 
f 163//163 164//164 214//214 
f 214//214 164//164 215//215 
f 164//164 165//165 215//215 
f 215//215 165//165 216//216 
f 165//165 165//165 216//216 
f 216//216 165//165 217//217 
f 165//165 166//166 217//217 
f 217//217 166//166 218//218 
f 166//166 167//167 218//218 
f 218//218 167//167 219//219 
f 167//167 168//168 219//219 
f 219//219 168//168 220//220 
f 168//168 169//169 220//220 
f 220//220 169//169 221//221 
f 169//169 170//170 221//221 
f 221//221 170//170 222//222 
f 170//170 171//171 222//222 
f 222//222 171//171 223//223 
f 171//171 172//172 223//223 
f 223//223 172//172 224//224 
f 172//172 173//173 224//224 
f 224//224 173//173 225//225 
f 173//173 174//174 225//225 
f 225//225 174//174 226//226 
f 174//174 175//175 226//226 
f 226//226 175//175 227//227 
f 175//175 176//176 227//227 
f 227//227 176//176 228//228 
f 176//176 177//177 228//228 
f 228//228 177//177 229//229 
f 177//177 178//178 229//229 
f 229//229 178//178 230//230 
f 178//178 179//179 230//230 
f 230//230 179//179 231//231 
f 179//179 180//180 231//231 
f 231//231 180//180 232//232 
f 180//180 181//181 232//232 
f 232//232 181//181 233//233 
f 181//181 182//182 233//233 
f 233//233 182//182 234//234 
f 182//182 183//183 234//234 
f 234//234 183//183 235//235 
f 183//183 184//184 235//235 
f 235//235 184//184 236//236 
f 184//184 185//185 236//236 
f 236//236 185//185 237//237 
f 185//185 186//186 237//237 
f 237//237 186//186 238//238 
f 186//186 187//187 238//238 
f 238//238 187//187 239//239 
f 187//187 188//188 239//239 
f 239//239 188//188 240//240 
f 188//188 189//189 240//240 
f 240//240 189//189 240//240 
f 189//189 190//190 240//240 
f 240//240 190//190 241//241 
f 190//190 191//191 241//241 
f 241//241 191//191 242//242 
f 191//191 192//192 242//242 
f 242//242 192//192 243//243 
f 192//192 193//193 243//243 
f 243//243 193//193 244//244 
f 193//193 194//194 244//244 
f 244//244 194//194 245//245 
f 194//194 195//195 245//245 
f 245//245 195//195 246//246 
f 195//195 196//196 246//246 
f 246//246 196//196 247//247 
f 196//196 197//197 247//247 
f 247//247 197//197 248//248 
f 197//197 198//198 248//248 
f 248//248 198//198 249//249 
f 198//198 199//199 249//249 
f 249//249 199//199 250//250 
f 199//199 200//200 250//250 
f 250//250 200//200 251//251 
f 200//200 201//201 251//251 
f 251//251 201//201 252//252 
f 201//201 202//202 252//252 
f 252//252 202//202 253//253 
f 202//202 203//203 253//253 
f 253//253 203//203 253//253 
f 203//203 204//204 253//253 
f 253//253 204//204 254//254 
f 204//204 205//205 254//254 
f 254//254 205//205 255//255 
f 205//205 206//206 255//255 
f 255//255 206//206 256//256 
f 206//206 206//206 256//256 
f 256//256 206//206 257//257 
f 206//206 207//207 257//257 
f 257//257 207//207 258//258 
f 207//207 208//208 258//258 
f 258//258 208//208 259//259 
f 208//208 209//209 259//259 
f 259//259 209//209 260//260 
f 209//209 210//210 260//260 
f 260//260 210//210 261//261 
f 210//210 211//211 261//261 
f 261//261 211//211 262//262 
f 211//211 211//211 262//262 
f 262//262 211//211 263//263 
f 211//211 212//212 263//263 
f 263//263 212//212 264//264 
f 212//212 213//213 264//264 
f 264//264 213//213 264//264 
f 213//213 214//214 264//264 
f 264//264 214//214 265//265 
f 214//214 215//215 265//265 
f 265//265 215//215 266//266 
f 215//215 216//216 266//266 
f 266//266 216//216 267//267 
f 216//216 216//216 267//267 
f 267//267 216//216 268//268 
f 216//216 217//217 268//268 
f 268//268 217//217 269//269 
f 217//217 218//218 269//269 
f 269//269 218//218 270//270 
f 218//218 219//219 270//270 
f 270//270 219//219 271//271 
f 219//219 220//220 271//271 
f 271//271 220//220 272//272 
f 220//220 221//221 272//272 
f 272//272 221//221 273//273 
f 221//221 222//222 273//273 
f 273//273 222//222 274//274 
f 222//222 223//223 274//274 
f 274//274 223//223 275//275 
f 223//223 224//224 275//275 
f 275//275 224//224 276//276 
f 224//224 225//225 276//276 
f 276//276 225//225 277//277 
f 225//225 226//226 277//277 
f 277//277 226//226 278//278 
f 226//226 227//227 278//278 
f 278//278 227//227 279//279 
f 227//227 228//228 279//279 
f 279//279 228//228 280//280 
f 228//228 229//229 280//280 
f 280//280 229//229 281//281 
f 229//229 230//230 281//281 
f 281//281 230//230 282//282 
f 230//230 231//231 282//282 
f 282//282 231//231 283//283 
f 231//231 232//232 283//283 
f 283//283 232//232 284//284 
f 232//232 233//233 284//284 
f 284//284 233//233 285//285 
f 233//233 234//234 285//285 
f 285//285 234//234 286//286 
f 234//234 235//235 286//286 
f 286//286 235//235 287//287 
f 235//235 236//236 287//287 
f 287//287 236//236 288//288 
f 236//236 237//237 288//288 
f 288//288 237//237 289//289 
f 237//237 238//238 289//289 
f 289//289 238//238 290//290 
f 238//238 239//239 290//290 
f 290//290 239//239 291//291 
f 239//239 240//240 291//291 
f 291//291 240//240 291//291 
f 240//240 241//241 291//291 
f 291//291 241//241 292//292 
f 241//241 242//242 292//292 
f 292//292 242//242 293//293 
f 242//242 243//243 293//293 
f 293//293 243//243 294//294 
f 243//243 244//244 294//294 
f 294//294 244//244 295//295 
f 244//244 245//245 295//295 
f 295//295 245//245 296//296 
f 245//245 246//246 296//296 
f 296//296 246//246 297//297 
f 246//246 247//247 297//297 
f 297//297 247//247 298//298 
f 247//247 248//248 298//298 
f 298//298 248//248 299//299 
f 248//248 249//249 299//299 
f 299//299 249//249 300//300 
f 249//249 250//250 300//300 
f 300//300 250//250 301//301 
f 250//250 251//251 301//301 
f 301//301 251//251 302//302 
f 251//251 252//252 302//302 
f 302//302 252//252 303//303 
f 252//252 253//253 303//303 
f 303//303 253//253 303//303 
f 253//253 254//254 303//303 
f 303//303 254//254 304//304 
f 254//254 255//255 304//304 
f 304//304 255//255 305//305 
f 255//255 256//256 305//305 
f 305//305 256//256 306//306 
f 256//256 256//256 306//306 
f 306//306 256//256 307//307 
f 256//256 257//257 307//307 
f 307//307 257//257 308//308 
f 257//257 258//258 308//308 
f 308//308 258//258 309//309 
f 258//258 259//259 309//309 
f 309//309 259//259 310//310 
f 259//259 260//260 310//310 
f 310//310 260//260 311//311 
f 260//260 261//261 311//311 
f 311//311 261//261 312//312 
f 261//261 262//262 312//312 
f 312//312 262//262 313//313 
f 262//262 262//262 313//313 
f 313//313 262//262 314//314 
f 262//262 263//263 314//314 
f 314//314 263//263 315//315 
f 263//263 264//264 315//315 
f 315//315 264//264 315//315 
f 264//264 265//265 315//315 
f 315//315 265//265 316//316 
f 265//265 266//266 316//316 
f 316//316 266//266 317//317 
f 266//266 267//267 317//317 
f 317//317 267//267 318//318 
f 267//267 267//267 318//318 
f 318//318 267//267 319//319 
f 267//267 268//268 319//319 
f 319//319 268//268 320//320 
f 268//268 269//269 320//320 
f 320//320 269//269 321//321 
f 269//269 270//270 321//321 
f 321//321 270//270 322//322 
f 270//270 271//271 322//322 
f 322//322 271//271 323//323 
f 271//271 272//272 323//323 
f 323//323 272//272 324//324 
f 272//272 273//273 324//324 
f 324//324 273//273 325//325 
f 273//273 274//274 325//325 
f 325//325 274//274 326//326 
f 274//274 275//275 326//326 
f 326//326 275//275 327//327 
f 275//275 276//276 327//327 
f 327//327 276//276 328//328 
f 276//276 277//277 328//328 
f 328//328 277//277 329//329 
f 277//277 278//278 329//329 
f 329//329 278//278 330//330 
f 278//278 279//279 330//330 
f 330//330 279//279 331//331 
f 279//279 280//280 331//331 
f 331//331 280//280 332//332 
f 280//280 281//281 332//332 
f 332//332 281//281 333//333 
f 281//281 282//282 333//333 
f 333//333 282//282 334//334 
f 282//282 283//283 334//334 
f 334//334 283//283 335//335 
f 283//283 284//284 335//335 
f 335//335 284//284 336//336 
f 284//284 285//285 336//336 
f 336//336 285//285 337//337 
f 285//285 286//286 337//337 
f 337//337 286//286 338//338 
f 286//286 287//287 338//338 
f 338//338 287//287 339//339 
f 287//287 288//288 339//339 
f 339//339 288//288 340//340 
f 288//288 289//289 340//340 
f 340//340 289//289 341//341 
f 289//289 290//290 341//341 
f 341//341 290//290 342//342 
f 290//290 291//291 342//342 
f 342//342 291//291 342//342 
f 291//291 292//292 342//342 
f 342//342 292//292 343//343 
f 292//292 293//293 343//343 
f 343//343 293//293 344//344 
f 293//293 294//294 344//344 
f 344//344 294//294 345//345 
f 294//294 295//295 345//345 
f 345//345 295//295 346//346 
f 295//295 296//296 346//346 
f 346//346 296//296 347//347 
f 296//296 297//297 347//347 
f 347//347 297//297 348//348 
f 297//297 298//298 348//348 
f 348//348 298//298 349//349 
f 298//298 299//299 349//349 
f 349//349 299//299 350//350 
f 299//299 300//300 350//350 
f 350//350 300//300 351//351 
f 300//300 301//301 351//351 
f 351//351 301//301 352//352 
f 301//301 302//302 352//352 
f 352//352 302//302 353//353 
f 302//302 303//303 353//353 
f 353//353 303//303 353//353 
f 303//303 304//304 353//353 
f 353//353 304//304 354//354 
f 304//304 305//305 354//354 
f 354//354 305//305 355//355 
f 305//305 306//306 355//355 
f 355//355 306//306 306//306 
f 306//306 353//353 306//306 
f 306//306 353//353 353//353 
f 353//353 354//354 353//353 
f 353//353 354//354 356//356 
f 354//354 357//357 356//356 
f 356//356 357//357 358//358 
f 357//357 357//357 358//358 
f 358//358 357//357 359//359 
f 357//357 355//355 359//359 
f 359//359 355//355 360//360 
f 355//355 306//306 360//360 
f 360//360 306//306 361//361 
f 306//306 306//306 361//361 
f 361//361 306//306 362//362 
f 306//306 307//307 362//362 
f 362//362 307//307 363//363 
f 307//307 308//308 363//363 
f 363//363 308//308 363//363 
f 308//308 309//309 363//363 
f 363//363 309//309 364//364 
f 309//309 310//310 364//364 
f 364//364 310//310 310//310 
f 310//310 354//354 310//310 
f 310//310 354//354 354//354 
f 354//354 355//355 354//354 
f 354//354 355//355 357//357 
f 355//355 357//357 357//357 
f 357//357 357//357 353//353 
f 357//357 353//353 353//353 
f 353//353 353//353 352//352 
f 353//353 356//356 352//352 
f 352//352 356//356 365//365 
f 356//356 358//358 365//365 
f 365//365 358//358 358//358 
f 358//358 352//352 358//358 
f 358//358 352//352 352//352 
f 352//352 365//365 352//352 
f 352//352 365//365 351//351 
f 365//365 351//351 351//351 
f 351//351 351//351 364//364 
f 351//351 364//364 364//364 
f 364//364 364//364 363//363 
f 364//364 366//366 363//363 
f 363//363 366//366 362//362 
f 366//366 367//367 362//362 
f 362//362 367//367 361//361 
f 367//367 368//368 361//361 
f 361//361 368//368 369//369 
f 368//368 368//368 369//369 
f 369//369 368//368 370//370 
f 368//368 367//367 370//370 
f 370//370 367//367 371//371 
f 367//367 366//366 371//371 
f 371//371 366//366 372//372 
f 366//366 366//366 372//372 
f 372//372 366//366 373//373 
f 366//366 366//366 373//373 
f 373//373 366//366 374//374 
f 366//366 366//366 374//374 
f 374//374 366//366 375//375 
f 366//366 366//366 375//375 
f 375//375 366//366 376//376 
f 366//366 364//364 376//376 
f 376//376 364//364 377//377 
f 364//364 310//310 377//377 
f 377//377 310//310 378//378 
f 310//310 311//311 378//378 
f 378//378 311//311 379//379 
f 311//311 312//312 379//379 
f 379//379 312//312 379//379 
f 312//312 313//313 379//379 
f 379//379 313//313 380//380 
f 313//313 313//313 380//380 
f 380//380 313//313 381//381 
f 313//313 314//314 381//381 
f 381//381 314//314 382//382 
f 314//314 315//315 382//382 
f 382//382 315//315 382//382 
f 315//315 316//316 382//382 
f 382//382 316//316 383//383 
f 316//316 317//317 383//383 
f 383//383 317//317 384//384 
f 317//317 318//318 384//384 
f 384//384 318//318 385//385 
f 318//318 318//318 385//385 
f 385//385 318//318 386//386 
f 318//318 319//319 386//386 
f 386//386 319//319 387//387 
f 319//319 320//320 387//387 
f 387//387 320//320 388//388 
f 320//320 321//321 388//388 
f 388//388 321//321 389//389 
f 321//321 322//322 389//389 
f 389//389 322//322 390//390 
f 322//322 323//323 390//390 
f 390//390 323//323 391//391 
f 323//323 324//324 391//391 
f 391//391 324//324 392//392 
f 324//324 325//325 392//392 
f 392//392 325//325 393//393 
f 325//325 326//326 393//393 
f 393//393 326//326 394//394 
f 326//326 327//327 394//394 
f 394//394 327//327 395//395 
f 327//327 328//328 395//395 
f 395//395 328//328 396//396 
f 328//328 329//329 396//396 
f 396//396 329//329 397//397 
f 329//329 330//330 397//397 
f 397//397 330//330 398//398 
f 330//330 331//331 398//398 
f 398//398 331//331 399//399 
f 331//331 332//332 399//399 
f 399//399 332//332 400//400 
f 332//332 333//333 400//400 
f 400//400 333//333 401//401 
f 333//333 334//334 401//401 
f 401//401 334//334 402//402 
f 334//334 335//335 402//402 
f 402//402 335//335 403//403 
f 335//335 336//336 403//403 
f 403//403 336//336 404//404 
f 336//336 337//337 404//404 
f 404//404 337//337 405//405 
f 337//337 338//338 405//405 
f 405//405 338//338 406//406 
f 338//338 339//339 406//406 
f 406//406 339//339 407//407 
f 339//339 340//340 407//407 
f 407//407 340//340 408//408 
f 340//340 341//341 408//408 
f 408//408 341//341 409//409 
f 341//341 342//342 409//409 
f 409//409 342//342 409//409 
f 342//342 343//343 409//409 
f 409//409 343//343 410//410 
f 343//343 344//344 410//410 
f 410//410 344//344 411//411 
f 344//344 345//345 411//411 
f 411//411 345//345 412//412 
f 345//345 346//346 412//412 
f 412//412 346//346 413//413 
f 346//346 347//347 413//413 
f 413//413 347//347 414//414 
f 347//347 348//348 414//414 
f 414//414 348//348 415//415 
f 348//348 349//349 415//415 
f 415//415 349//349 416//416 
f 349//349 350//350 416//416 
f 416//416 350//350 417//417 
f 350//350 351//351 417//417 
f 417//417 351//351 417//417 
f 351//351 365//365 417//417 
f 417//417 365//365 418//418 
f 365//365 358//358 418//418 
f 418//418 358//358 358//358 
f 358//358 361//361 358//358 
f 358//358 361//361 361//361 
f 361//361 369//369 361//361 
f 361//361 369//369 360//360 
f 369//369 360//360 360//360 
f 360//360 360//360 418//418 
f 360//360 418//418 418//418 
f 418//418 418//418 417//417 
f 418//418 419//419 417//417 
f 417//417 419//419 416//416 
f 419//419 420//420 416//416 
f 416//416 420//420 415//415 
f 420//420 421//421 415//415 
f 415//415 421//421 414//414 
f 421//421 414//414 414//414 
f 414//414 414//414 421//421 
f 414//414 421//421 421//421 
f 421//421 421//421 422//422 
f 421//421 420//420 422//422 
f 422//422 420//420 422//422 
f 420//420 419//419 422//422 
f 422//422 419//419 423//423 
f 419//419 418//418 423//423 
f 423//423 418//418 424//424 
f 418//418 418//418 424//424 
f 424//424 418//418 425//425 
f 418//418 358//358 425//425 
f 425//425 358//358 425//425 
f 358//358 359//359 425//425 
f 425//425 359//359 426//426 
f 359//359 360//360 426//426 
f 426//426 360//360 426//426 
f 360//360 369//369 426//426 
f 426//426 369//369 427//427 
f 369//369 370//370 427//427 
f 427//427 370//370 428//428 
f 370//370 371//371 428//428 
f 428//428 371//371 429//429 
f 371//371 372//372 429//429 
f 429//429 372//372 430//430 
f 372//372 431//431 430//430 
f 430//430 431//431 432//432 
f 431//431 431//431 432//432 
f 432//432 431//431 433//433 
f 431//431 431//431 433//433 
f 433//433 431//431 434//434 
f 431//431 373//373 434//434 
f 434//434 373//373 435//435 
f 373//373 374//374 435//435 
f 435//435 374//374 436//436 
f 374//374 437//437 436//436 
f 436//436 437//437 436//436 
f 437//437 438//438 436//436 
f 436//436 438//438 435//435 
f 438//438 439//439 435//435 
f 435//435 439//439 434//434 
f 439//439 440//440 434//434 
f 434//434 440//440 433//433 
f 440//440 433//433 433//433 
f 433//433 433//433 430//430 
f 433//433 430//430 430//430 
f 430//430 430//430 429//429 
f 430//430 432//432 429//429 
f 429//429 432//432 429//429 
f 432//432 441//441 429//429 
f 429//429 441//441 428//428 
f 441//441 428//428 428//428 
f 428//428 428//428 431//431 
f 428//428 431//431 431//431 
f 431//431 431//431 373//373 
f 431//431 372//372 373//373 
f 373//373 372//372 372//372 
f 372//372 374//374 372//372 
f 372//372 374//374 374//374 
f 374//374 375//375 374//374 
f 374//374 375//375 437//437 
f 375//375 442//442 437//437 
f 437//437 442//442 437//437 
f 442//442 443//443 437//437 
f 437//437 443//443 438//438 
f 443//443 444//444 438//438 
f 438//438 444//444 439//439 
f 444//444 445//445 439//439 
f 439//439 445//445 440//440 
f 445//445 440//440 440//440 
f 440//440 440//440 442//442 
f 440//440 442//442 442//442 
f 442//442 442//442 446//446 
f 442//442 375//375 446//446 
f 446//446 375//375 446//446 
f 375//375 376//376 446//446 
f 446//446 376//376 447//447 
f 376//376 377//377 447//447 
f 447//447 377//377 448//448 
f 377//377 378//378 448//448 
f 448//448 378//378 378//378 
f 378//378 447//447 378//378 
f 378//378 447//447 447//447 
f 447//447 448//448 447//447 
f 447//447 448//448 446//446 
f 448//448 449//449 446//446 
f 446//446 449//449 442//442 
f 449//449 450//450 442//442 
f 442//442 450//450 443//443 
f 450//450 451//451 443//443 
f 443//443 451//451 444//444 
f 451//451 452//452 444//444 
f 444//444 452//452 445//445 
f 452//452 453//453 445//445 
f 445//445 453//453 454//454 
f 453//453 455//455 454//454 
f 454//454 455//455 440//440 
f 455//455 455//455 440//440 
f 440//440 455//455 433//433 
f 455//455 456//456 433//433 
f 433//433 456//456 432//432 
f 456//456 456//456 432//432 
f 432//432 456//456 441//441 
f 456//456 457//457 441//441 
f 441//441 457//457 441//441 
f 457//457 458//458 441//441 
f 441//441 458//458 428//428 
f 458//458 459//459 428//428 
f 428//428 459//459 428//428 
f 459//459 460//460 428//428 
f 428//428 460//460 427//427 
f 460//460 461//461 427//427 
f 427//427 461//461 426//426 
f 461//461 462//462 426//426 
f 426//426 462//462 426//426 
f 462//462 463//463 426//426 
f 426//426 463//463 426//426 
f 463//463 464//464 426//426 
f 426//426 464//464 465//465 
f 464//464 466//466 465//465 
f 465//465 466//466 467//467 
f 466//466 468//468 467//467 
f 467//467 468//468 424//424 
f 468//468 468//468 424//424 
f 424//424 468//468 423//423 
f 468//468 469//469 423//423 
f 423//423 469//469 422//422 
f 469//469 422//422 422//422 
f 422//422 422//422 440//440 
f 422//422 440//440 440//440 
f 440//440 440//440 454//454 
f 440//440 445//445 454//454 
f 454//454 445//445 445//445 
f 445//445 426//426 445//445 
f 445//445 426//426 426//426 
f 426//426 465//465 426//426 
f 426//426 465//465 425//425 
f 465//465 465//465 425//425 
f 425//425 465//465 424//424 
f 465//465 467//467 424//424 
f 424//424 467//467 467//467 
f 467//467 469//469 467//467 
f 467//467 469//469 469//469 
f 469//469 468//468 469//469 
f 469//469 468//468 470//470 
f 468//468 466//466 470//470 
f 470//470 466//466 471//471 
f 466//466 464//464 471//471 
f 471//471 464//464 472//472 
f 464//464 463//463 472//472 
f 472//472 463//463 473//473 
f 463//463 474//474 473//473 
f 473//473 474//474 473//473 
f 474//474 475//475 473//473 
f 473//473 475//475 472//472 
f 475//475 476//476 472//472 
f 472//472 476//476 471//471 
f 476//476 477//477 471//471 
f 471//471 477//477 470//470 
f 477//477 478//478 470//470 
f 470//470 478//478 469//469 
f 478//478 469//469 469//469 
f 469//469 469//469 474//474 
f 469//469 474//474 474//474 
f 474//474 474//474 462//462 
f 474//474 463//463 462//462 
f 462//462 463//463 463//463 
f 463//463 478//478 463//463 
f 463//463 478//478 478//478 
f 478//478 477//477 478//478 
f 478//478 477//477 479//479 
f 477//477 477//477 479//479 
f 479//479 477//477 480//480 
f 477//477 476//476 480//480 
f 480//480 476//476 481//481 
f 476//476 475//475 481//481 
f 481//481 475//475 482//482 
f 475//475 474//474 482//482 
f 482//482 474//474 483//483 
f 474//474 462//462 483//483 
f 483//483 462//462 484//484 
f 462//462 461//461 484//484 
f 484//484 461//461 485//485 
f 461//461 460//460 485//485 
f 485//485 460//460 486//486 
f 460//460 459//459 486//486 
f 486//486 459//459 459//459 
f 459//459 485//485 459//459 
f 459//459 485//485 485//485 
f 485//485 486//486 485//485 
f 485//485 486//486 484//484 
f 486//486 487//487 484//484 
f 484//484 487//487 483//483 
f 487//487 488//488 483//483 
f 483//483 488//488 482//482 
f 488//488 489//489 482//482 
f 482//482 489//489 481//481 
f 489//489 490//490 481//481 
f 481//481 490//490 480//480 
f 490//490 491//491 480//480 
f 480//480 491//491 479//479 
f 491//491 491//491 479//479 
f 479//479 491//491 478//478 
f 491//491 492//492 478//478 
f 478//478 492//492 469//469 
f 492//492 469//469 469//469 
f 469//469 469//469 492//492 
f 469//469 492//492 492//492 
f 492//492 492//492 493//493 
f 492//492 491//491 493//493 
f 493//493 491//491 493//493 
f 491//491 490//490 493//493 
f 493//493 490//490 494//494 
f 490//490 489//489 494//494 
f 494//494 489//489 495//495 
f 489//489 488//488 495//495 
f 495//495 488//488 496//496 
f 488//488 487//487 496//496 
f 496//496 487//487 487//487 
f 487//487 495//495 487//487 
f 487//487 495//495 495//495 
f 495//495 496//496 495//495 
f 495//495 496//496 494//494 
f 496//496 497//497 494//494 
f 494//494 497//497 493//493 
f 497//497 498//498 493//493 
f 493//493 498//498 492//492 
f 498//498 499//499 492//492 
f 492//492 499//499 469//469 
f 499//499 469//469 469//469 
f 469//469 469//469 496//496 
f 469//469 496//496 496//496 
f 496//496 496//496 497//497 
f 496//496 500//500 497//497 
f 497//497 500//500 497//497 
f 500//500 501//501 497//497 
f 497//497 501//501 498//498 
f 501//501 502//502 498//498 
f 498//498 502//502 499//499 
f 502//502 499//499 499//499 
f 499//499 499//499 496//496 
f 499//499 496//496 496//496 
f 496//496 496//496 500//500 
f 496//496 487//487 500//500 
f 500//500 487//487 500//500 
f 487//487 486//486 500//500 
f 500//500 486//486 500//500 
f 486//486 459//459 500//500 
f 500//500 459//459 503//503 
f 459//459 458//458 503//503 
f 503//503 458//458 504//504 
f 458//458 457//457 504//504 
f 504//504 457//457 504//504 
f 457//457 505//505 504//504 
f 504//504 505//505 503//503 
f 505//505 506//506 503//503 
f 503//503 506//506 500//500 
f 506//506 507//507 500//500 
f 500//500 507//507 500//500 
f 507//507 508//508 500//500 
f 500//500 508//508 501//501 
f 508//508 509//509 501//501 
f 501//501 509//509 502//502 
f 509//509 509//509 502//502 
f 502//502 509//509 499//499 
f 509//509 510//510 499//499 
f 499//499 510//510 469//469 
f 510//510 469//469 469//469 
f 469//469 469//469 510//510 
f 469//469 510//510 510//510 
f 510//510 510//510 511//511 
f 510//510 509//509 511//511 
f 511//511 509//509 511//511 
f 509//509 508//508 511//511 
f 511//511 508//508 512//512 
f 508//508 507//507 512//512 
f 512//512 507//507 513//513 
f 507//507 507//507 513//513 
f 513//513 507//507 514//514 
f 507//507 506//506 514//514 
f 514//514 506//506 515//515 
f 506//506 505//505 515//515 
f 515//515 505//505 516//516 
f 505//505 457//457 516//516 
f 516//516 457//457 516//516 
f 457//457 456//456 516//516 
f 516//516 456//456 516//516 
f 456//456 517//517 516//516 
f 516//516 517//517 516//516 
f 517//517 518//518 516//516 
f 516//516 518//518 515//515 
f 518//518 519//519 515//515 
f 515//515 519//519 515//515 
f 519//519 520//520 515//515 
f 515//515 520//520 515//515 
f 520//520 521//521 515//515 
f 515//515 521//521 515//515 
f 521//521 522//522 515//515 
f 515//515 522//522 515//515 
f 522//522 523//523 515//515 
f 515//515 523//523 515//515 
f 523//523 524//524 515//515 
f 515//515 524//524 514//514 
f 524//524 525//525 514//514 
f 514//514 525//525 514//514 
f 525//525 526//526 514//514 
f 514//514 526//526 514//514 
f 526//526 527//527 514//514 
f 514//514 527//527 528//528 
f 527//527 529//529 528//528 
f 528//528 529//529 528//528 
f 529//529 530//530 528//528 
f 528//528 530//530 528//528 
f 530//530 531//531 528//528 
f 528//528 531//531 528//528 
f 531//531 532//532 528//528 
f 528//528 532//532 528//528 
f 532//532 533//533 528//528 
f 528//528 533//533 528//528 
f 533//533 534//534 528//528 
f 528//528 534//534 535//535 
f 534//534 536//536 535//535 
f 535//535 536//536 535//535 
f 536//536 537//537 535//535 
f 535//535 537//537 538//538 
f 537//537 539//539 538//538 
f 538//538 539//539 538//538 
f 539//539 540//540 538//538 
f 538//538 540//540 538//538 
f 540//540 541//541 538//538 
f 538//538 541//541 538//538 
f 541//541 542//542 538//538 
f 538//538 542//542 538//538 
f 542//542 543//543 538//538 
f 538//538 543//543 538//538 
f 543//543 544//544 538//538 
f 538//538 544//544 538//538 
f 544//544 545//545 538//538 
f 538//538 545//545 538//538 
f 545//545 546//546 538//538 
f 538//538 546//546 547//547 
f 546//546 548//548 547//547 
f 547//547 548//548 547//547 
f 548//548 549//549 547//547 
f 547//547 549//549 547//547 
f 549//549 550//550 547//547 
f 547//547 550//550 547//547 
f 550//550 551//551 547//547 
f 547//547 551//551 547//547 
f 551//551 552//552 547//547 
f 547//547 552//552 553//553 
f 552//552 554//554 553//553 
f 553//553 554//554 553//553 
f 554//554 555//555 553//553 
f 553//553 555//555 556//556 
f 555//555 555//555 556//556 
f 556//556 555//555 557//557 
f 555//555 558//558 557//557 
f 557//557 558//558 557//557 
f 558//558 559//559 557//557 
f 557//557 559//559 557//557 
f 559//559 560//560 557//557 
f 557//557 560//560 557//557 
f 560//560 561//561 557//557 
f 557//557 561//561 557//557 
f 561//561 562//562 557//557 
f 557//557 562//562 557//557 
f 562//562 563//563 557//557 
f 557//557 563//563 564//564 
f 563//563 565//565 564//564 
f 564//564 565//565 566//566 
f 565//565 520//520 566//566 
f 566//566 520//520 567//567 
f 520//520 520//520 567//567 
f 567//567 520//520 568//568 
f 520//520 519//519 568//568 
f 568//568 519//519 569//569 
f 519//519 570//570 569//569 
f 569//569 570//570 571//571 
f 570//570 571//571 571//571 
f 571//571 571//571 519//519 
f 571//571 519//519 519//519 
f 519//519 519//519 570//570 
f 519//519 518//518 570//570 
f 570//570 518//518 572//572 
f 518//518 518//518 572//572 
f 572//572 518//518 573//573 
f 518//518 518//518 573//573 
f 573//573 518//518 574//574 
f 518//518 518//518 574//574 
f 574//574 518//518 575//575 
f 518//518 518//518 575//575 
f 575//575 518//518 576//576 
f 518//518 518//518 576//576 
f 576//576 518//518 577//577 
f 518//518 578//578 577//577 
f 577//577 578//578 579//579 
f 578//578 578//578 579//579 
f 579//579 578//578 580//580 
f 578//578 578//578 580//580 
f 580//580 578//578 581//581 
f 578//578 578//578 581//581 
f 581//581 578//578 582//582 
f 578//578 578//578 582//582 
f 582//582 578//578 583//583 
f 578//578 578//578 583//583 
f 583//583 578//578 584//584 
f 578//578 585//585 584//584 
f 584//584 585//585 586//586 
f 585//585 585//585 586//586 
f 586//586 585//585 587//587 
f 585//585 585//585 587//587 
f 587//587 585//585 588//588 
f 585//585 589//589 588//588 
f 588//588 589//589 588//588 
f 589//589 590//590 588//588 
f 588//588 590//590 591//591 
f 590//590 592//592 591//591 
f 591//591 592//592 591//591 
f 592//592 593//593 591//591 
f 591//591 593//593 591//591 
f 593//593 594//594 591//591 
f 591//591 594//594 591//591 
f 594//594 595//595 591//591 
f 591//591 595//595 591//591 
f 595//595 596//596 591//591 
f 591//591 596//596 591//591 
f 596//596 597//597 591//591 
f 591//591 597//597 591//591 
f 597//597 598//598 591//591 
f 591//591 598//598 599//599 
f 598//598 600//600 599//599 
f 599//599 600//600 599//599 
f 600//600 601//601 599//599 
f 599//599 601//601 599//599 
f 601//601 602//602 599//599 
f 599//599 602//602 599//599 
f 602//602 603//603 599//599 
f 599//599 603//603 599//599 
f 603//603 604//604 599//599 
f 599//599 604//604 605//605 
f 604//604 606//606 605//605 
f 605//605 606//606 605//605 
f 606//606 607//607 605//605 
f 605//605 607//607 605//605 
f 607//607 608//608 605//605 
f 605//605 608//608 605//605 
f 608//608 609//609 605//605 
f 605//605 609//609 610//610 
f 609//609 611//611 610//610 
f 610//610 611//611 610//610 
f 611//611 612//612 610//610 
f 610//610 612//612 610//610 
f 612//612 613//613 610//610 
f 610//610 613//613 610//610 
f 613//613 614//614 610//610 
f 610//610 614//614 610//610 
f 614//614 615//615 610//610 
f 610//610 615//615 610//610 
f 615//615 616//616 610//610 
f 610//610 616//616 610//610 
f 616//616 617//617 610//610 
f 610//610 617//617 618//618 
f 617//617 619//619 618//618 
f 618//618 619//619 618//618 
f 619//619 620//620 618//618 
f 618//618 620//620 618//618 
f 620//620 621//621 618//618 
f 618//618 621//621 618//618 
f 621//621 622//622 618//618 
f 618//618 622//622 623//623 
f 622//622 624//624 623//623 
f 623//623 624//624 623//623 
f 624//624 625//625 623//623 
f 623//623 625//625 623//623 
f 625//625 626//626 623//623 
f 623//623 626//626 578//578 
f 626//626 627//627 578//578 
f 578//578 627//627 578//578 
f 627//627 628//628 578//578 
f 578//578 628//628 578//578 
f 628//628 629//629 578//578 
f 578//578 629//629 578//578 
f 629//629 630//630 578//578 
f 578//578 630//630 578//578 
f 630//630 631//631 578//578 
f 578//578 631//631 585//585 
f 631//631 585//585 585//585 
f 585//585 585//585 588//588 
f 585//585 588//588 588//588 
f 588//588 588//588 632//632 
f 588//588 591//591 632//632 
f 632//632 591//591 591//591 
f 591//591 578//578 591//591 
f 591//591 578//578 578//578 
f 578//578 518//518 578//578 
f 578//578 518//518 623//623 
f 518//518 517//517 623//623 
f 623//623 517//517 618//618 
f 517//517 633//633 618//618 
f 618//618 633//633 618//618 
f 633//633 634//634 618//618 
f 618//618 634//634 610//610 
f 634//634 635//635 610//610 
f 610//610 635//635 610//610 
f 635//635 636//636 610//610 
f 610//610 636//636 605//605 
f 636//636 637//637 605//605 
f 605//605 637//637 605//605 
f 637//637 638//638 605//605 
f 605//605 638//638 599//599 
f 638//638 639//639 599//599 
f 599//599 639//639 599//599 
f 639//639 640//640 599//599 
f 599//599 640//640 599//599 
f 640//640 641//641 599//599 
f 599//599 641//641 599//599 
f 641//641 642//642 599//599 
f 599//599 642//642 599//599 
f 642//642 643//643 599//599 
f 599//599 643//643 591//591 
f 643//643 644//644 591//591 
f 591//591 644//644 591//591 
f 644//644 645//645 591//591 
f 591//591 645//645 591//591 
f 645//645 646//646 591//591 
f 591//591 646//646 591//591 
f 646//646 647//647 591//591 
f 591//591 647//647 591//591 
f 647//647 648//648 591//591 
f 591//591 648//648 591//591 
f 648//648 649//649 591//591 
f 591//591 649//649 591//591 
f 649//649 650//650 591//591 
f 591//591 650//650 651//651 
f 650//650 652//652 651//651 
f 651//651 652//652 652//652 
f 652//652 633//633 652//652 
f 652//652 633//633 633//633 
f 633//633 517//517 633//633 
f 633//633 517//517 456//456 
f 517//517 456//456 456//456 
f 456//456 456//456 651//651 
f 456//456 651//651 651//651 
f 651//651 651//651 591//591 
f 651//651 653//653 591//591 
f 591//591 653//653 591//591 
f 653//653 654//654 591//591 
f 591//591 654//654 591//591 
f 654//654 655//655 591//591 
f 591//591 655//655 591//591 
f 655//655 656//656 591//591 
f 591//591 656//656 591//591 
f 656//656 657//657 591//591 
f 591//591 657//657 591//591 
f 657//657 658//658 591//591 
f 591//591 658//658 591//591 
f 658//658 659//659 591//591 
f 591//591 659//659 660//660 
f 659//659 661//661 660//660 
f 660//660 661//661 660//660 
f 661//661 662//662 660//660 
f 660//660 662//662 660//660 
f 662//662 663//663 660//660 
f 660//660 663//663 660//660 
f 663//663 664//664 660//660 
f 660//660 664//664 660//660 
f 664//664 665//665 660//660 
f 660//660 665//665 660//660 
f 665//665 666//666 660//660 
f 660//660 666//666 547//547 
f 666//666 667//667 547//547 
f 547//547 667//667 547//547 
f 667//667 668//668 547//547 
f 547//547 668//668 669//669 
f 668//668 670//670 669//669 
f 669//669 670//670 671//671 
f 670//670 672//672 671//671 
f 671//671 672//672 673//673 
f 672//672 672//672 673//673 
f 673//673 672//672 674//674 
f 672//672 672//672 674//674 
f 674//674 672//672 675//675 
f 672//672 672//672 675//675 
f 675//675 672//672 676//676 
f 672//672 672//672 676//676 
f 676//676 672//672 677//677 
f 672//672 672//672 677//677 
f 677//677 672//672 678//678 
f 672//672 672//672 678//678 
f 678//678 672//672 679//679 
f 672//672 672//672 679//679 
f 679//679 672//672 680//680 
f 672//672 681//681 680//680 
f 680//680 681//681 682//682 
f 681//681 683//683 682//682 
f 682//682 683//683 684//684 
f 683//683 685//685 684//684 
f 684//684 685//685 684//684 
f 685//685 686//686 684//684 
f 684//684 686//686 684//684 
f 686//686 687//687 684//684 
f 684//684 687//687 688//688 
f 687//687 689//689 688//688 
f 688//688 689//689 688//688 
f 689//689 690//690 688//688 
f 688//688 690//690 688//688 
f 690//690 691//691 688//688 
f 688//688 691//691 688//688 
f 691//691 692//692 688//688 
f 688//688 692//692 688//688 
f 692//692 693//693 688//688 
f 688//688 693//693 694//694 
f 693//693 695//695 694//694 
f 694//694 695//695 694//694 
f 695//695 696//696 694//694 
f 694//694 696//696 694//694 
f 696//696 697//697 694//694 
f 694//694 697//697 694//694 
f 697//697 698//698 694//694 
f 694//694 698//698 694//694 
f 698//698 699//699 694//694 
f 694//694 699//699 694//694 
f 699//699 700//700 694//694 
f 694//694 700//700 694//694 
f 700//700 701//701 694//694 
f 694//694 701//701 650//650 
f 701//701 652//652 650//650 
f 650//650 652//652 652//652 
f 652//652 682//682 652//652 
f 652//652 682//682 682//682 
f 682//682 684//684 682//682 
f 682//682 684//684 702//702 
f 684//684 702//702 702//702 
f 702//702 702//702 650//650 
f 702//702 650//650 650//650 
f 650//650 650//650 694//694 
f 650//650 703//703 694//694 
f 694//694 703//703 694//694 
f 703//703 704//704 694//694 
f 694//694 704//704 694//694 
f 704//704 705//705 694//694 
f 694//694 705//705 694//694 
f 705//705 706//706 694//694 
f 694//694 706//706 694//694 
f 706//706 707//707 694//694 
f 694//694 707//707 694//694 
f 707//707 708//708 694//694 
f 694//694 708//708 694//694 
f 708//708 709//709 694//694 
f 694//694 709//709 694//694 
f 709//709 710//710 694//694 
f 694//694 710//710 711//711 
f 710//710 712//712 711//711 
f 711//711 712//712 711//711 
f 712//712 713//713 711//711 
f 711//711 713//713 711//711 
f 713//713 714//714 711//711 
f 711//711 714//714 715//715 
f 714//714 716//716 715//715 
f 715//715 716//716 715//715 
f 716//716 717//717 715//715 
f 715//715 717//717 715//715 
f 717//717 718//718 715//715 
f 715//715 718//718 719//719 
f 718//718 720//720 719//719 
f 719//719 720//720 719//719 
f 720//720 721//721 719//719 
f 719//719 721//721 719//719 
f 721//721 722//722 719//719 
f 719//719 722//722 638//638 
f 722//722 723//723 638//638 
f 638//638 723//723 638//638 
f 723//723 724//724 638//638 
f 638//638 724//724 638//638 
f 724//724 725//725 638//638 
f 638//638 725//725 638//638 
f 725//725 726//726 638//638 
f 638//638 726//726 638//638 
f 726//726 727//727 638//638 
f 638//638 727//727 639//639 
f 727//727 639//639 639//639 
f 639//639 639//639 638//638 
f 639//639 638//638 638//638 
f 638//638 638//638 719//719 
f 638//638 728//728 719//719 
f 719//719 728//728 715//715 
f 728//728 715//715 715//715 
f 715//715 715//715 638//638 
f 715//715 638//638 638//638 
f 638//638 638//638 728//728 
f 638//638 637//637 728//728 
f 728//728 637//637 729//729 
f 637//637 637//637 729//729 
f 729//729 637//637 730//730 
f 637//637 636//636 730//730 
f 730//730 636//636 731//731 
f 636//636 635//635 731//731 
f 731//731 635//635 732//732 
f 635//635 635//635 732//732 
f 732//732 635//635 733//733 
f 635//635 634//634 733//733 
f 733//733 634//634 734//734 
f 634//634 634//634 734//734 
f 734//734 634//634 735//735 
f 634//634 633//633 735//735 
f 735//735 633//633 736//736 
f 633//633 456//456 736//736 
f 736//736 456//456 737//737 
f 456//456 455//455 737//737 
f 737//737 455//455 737//737 
f 455//455 453//453 737//737 
f 737//737 453//453 738//738 
f 453//453 452//452 738//738 
f 738//738 452//452 452//452 
f 452//452 738//738 452//452 
f 452//452 738//738 738//738 
f 738//738 739//739 738//738 
f 738//738 739//739 737//737 
f 739//739 739//739 737//737 
f 737//737 739//739 736//736 
f 739//739 740//740 736//736 
f 736//736 740//740 735//735 
f 740//740 741//741 735//735 
f 735//735 741//741 734//734 
f 741//741 734//734 734//734 
f 734//734 734//734 740//740 
f 734//734 740//740 740//740 
f 740//740 740//740 741//741 
f 740//740 739//739 741//741 
f 741//741 739//739 742//742 
f 739//739 738//738 742//742 
f 742//742 738//738 743//743 
f 738//738 452//452 743//743 
f 743//743 452//452 743//743 
f 452//452 451//451 743//743 
f 743//743 451//451 744//744 
f 451//451 450//450 744//744 
f 744//744 450//450 744//744 
f 450//450 745//745 744//744 
f 744//744 745//745 743//743 
f 745//745 745//745 743//743 
f 743//743 745//745 742//742 
f 745//745 746//746 742//742 
f 742//742 746//746 741//741 
f 746//746 746//746 741//741 
f 741//741 746//746 734//734 
f 746//746 747//747 734//734 
f 734//734 747//747 733//733 
f 747//747 748//748 733//733 
f 733//733 748//748 732//732 
f 748//748 732//732 732//732 
f 732//732 732//732 379//379 
f 732//732 379//379 379//379 
f 379//379 379//379 746//746 
f 379//379 380//380 746//746 
f 746//746 380//380 747//747 
f 380//380 749//749 747//747 
f 747//747 749//749 748//748 
f 749//749 748//748 748//748 
f 748//748 748//748 379//379 
f 748//748 379//379 379//379 
f 379//379 379//379 378//378 
f 379//379 746//746 378//378 
f 378//378 746//746 448//448 
f 746//746 746//746 448//448 
f 448//448 746//746 449//449 
f 746//746 745//745 449//449 
f 449//449 745//745 450//450 
f 745//745 450//450 450//450 
f 450//450 450//450 380//380 
f 450//450 380//380 380//380 
f 380//380 380//380 749//749 
f 380//380 381//381 749//749 
f 749//749 381//381 750//750 
f 381//381 382//382 750//750 
f 750//750 382//382 750//750 
f 382//382 383//383 750//750 
f 750//750 383//383 751//751 
f 383//383 384//384 751//751 
f 751//751 384//384 752//752 
f 384//384 385//385 752//752 
f 752//752 385//385 753//753 
f 385//385 385//385 753//753 
f 753//753 385//385 754//754 
f 385//385 386//386 754//754 
f 754//754 386//386 755//755 
f 386//386 387//387 755//755 
f 755//755 387//387 756//756 
f 387//387 388//388 756//756 
f 756//756 388//388 757//757 
f 388//388 389//389 757//757 
f 757//757 389//389 758//758 
f 389//389 390//390 758//758 
f 758//758 390//390 759//759 
f 390//390 391//391 759//759 
f 759//759 391//391 760//760 
f 391//391 392//392 760//760 
f 760//760 392//392 761//761 
f 392//392 393//393 761//761 
f 761//761 393//393 762//762 
f 393//393 394//394 762//762 
f 762//762 394//394 763//763 
f 394//394 395//395 763//763 
f 763//763 395//395 764//764 
f 395//395 396//396 764//764 
f 764//764 396//396 765//765 
f 396//396 397//397 765//765 
f 765//765 397//397 766//766 
f 397//397 398//398 766//766 
f 766//766 398//398 767//767 
f 398//398 399//399 767//767 
f 767//767 399//399 768//768 
f 399//399 400//400 768//768 
f 768//768 400//400 769//769 
f 400//400 401//401 769//769 
f 769//769 401//401 770//770 
f 401//401 402//402 770//770 
f 770//770 402//402 771//771 
f 402//402 403//403 771//771 
f 771//771 403//403 772//772 
f 403//403 404//404 772//772 
f 772//772 404//404 773//773 
f 404//404 405//405 773//773 
f 773//773 405//405 774//774 
f 405//405 406//406 774//774 
f 774//774 406//406 775//775 
f 406//406 407//407 775//775 
f 775//775 407//407 776//776 
f 407//407 408//408 776//776 
f 776//776 408//408 777//777 
f 408//408 409//409 777//777 
f 777//777 409//409 777//777 
f 409//409 410//410 777//777 
f 777//777 410//410 778//778 
f 410//410 411//411 778//778 
f 778//778 411//411 779//779 
f 411//411 412//412 779//779 
f 779//779 412//412 780//780 
f 412//412 413//413 780//780 
f 780//780 413//413 781//781 
f 413//413 414//414 781//781 
f 781//781 414//414 781//781 
f 414//414 421//421 781//781 
f 781//781 421//421 782//782 
f 421//421 422//422 782//782 
f 782//782 422//422 782//782 
f 422//422 469//469 782//782 
f 782//782 469//469 783//783 
f 469//469 510//510 783//783 
f 783//783 510//510 784//784 
f 510//510 511//511 784//784 
f 784//784 511//511 511//511 
f 511//511 782//782 511//511 
f 511//511 782//782 782//782 
f 782//782 783//783 782//782 
f 782//782 783//783 785//785 
f 783//783 786//786 785//785 
f 785//785 786//786 787//787 
f 786//786 786//786 787//787 
f 787//787 786//786 788//788 
f 786//786 784//784 788//788 
f 788//788 784//784 789//789 
f 784//784 511//511 789//789 
f 789//789 511//511 511//511 
f 511//511 784//784 511//511 
f 511//511 784//784 784//784 
f 784//784 786//786 784//784 
f 784//784 786//786 783//783 
f 786//786 783//783 783//783 
f 783//783 783//783 782//782 
f 783//783 782//782 782//782 
f 782//782 782//782 781//781 
f 782//782 785//785 781//781 
f 781//781 785//785 790//790 
f 785//785 787//787 790//790 
f 790//790 787//787 787//787 
f 787//787 790//790 787//787 
f 787//787 790//790 790//790 
f 790//790 780//780 790//790 
f 790//790 780//780 781//781 
f 780//780 781//781 781//781 
f 781//781 781//781 791//791 
f 781//781 791//791 791//791 
f 791//791 791//791 789//789 
f 791//791 792//792 789//789 
f 789//789 792//792 788//788 
f 792//792 793//793 788//788 
f 788//788 793//793 788//788 
f 793//793 794//794 788//788 
f 788//788 794//794 788//788 
f 794//794 795//795 788//788 
f 788//788 795//795 796//796 
f 795//795 797//797 796//796 
f 796//796 797//797 796//796 
f 797//797 798//798 796//796 
f 796//796 798//798 799//799 
f 798//798 800//800 799//799 
f 799//799 800//800 799//799 
f 800//800 801//801 799//799 
f 799//799 801//801 799//799 
f 801//801 802//802 799//799 
f 799//799 802//802 803//803 
f 802//802 804//804 803//803 
f 803//803 804//804 803//803 
f 804//804 805//805 803//803 
f 803//803 805//805 803//803 
f 805//805 806//806 803//803 
f 803//803 806//806 803//803 
f 806//806 807//807 803//803 
f 803//803 807//807 803//803 
f 807//807 808//808 803//803 
f 803//803 808//808 803//803 
f 808//808 809//809 803//803 
f 803//803 809//809 803//803 
f 809//809 810//810 803//803 
f 803//803 810//810 811//811 
f 810//810 812//812 811//811 
f 811//811 812//812 811//811 
f 812//812 813//813 811//811 
f 811//811 813//813 811//811 
f 813//813 814//814 811//811 
f 811//811 814//814 811//811 
f 814//814 815//815 811//811 
f 811//811 815//815 811//811 
f 815//815 816//816 811//811 
f 811//811 816//816 817//817 
f 816//816 818//818 817//817 
f 817//817 818//818 819//819 
f 818//818 818//818 819//819 
f 819//819 818//818 820//820 
f 818//818 821//821 820//820 
f 820//820 821//821 820//820 
f 821//821 822//822 820//820 
f 820//820 822//822 820//820 
f 822//822 823//823 820//820 
f 820//820 823//823 820//820 
f 823//823 824//824 820//820 
f 820//820 824//824 820//820 
f 824//824 825//825 820//820 
f 820//820 825//825 826//826 
f 825//825 827//827 826//826 
f 826//826 827//827 826//826 
f 827//827 828//828 826//826 
f 826//826 828//828 829//829 
f 828//828 829//829 829//829 
f 829//829 829//829 796//796 
f 829//829 796//796 796//796 
f 796//796 796//796 788//788 
f 796//796 787//787 788//788 
f 788//788 787//787 787//787 
f 787//787 820//820 787//787 
f 787//787 820//820 820//820 
f 820//820 826//826 820//820 
f 820//820 826//826 830//830 
f 826//826 826//826 830//830 
f 830//830 826//826 831//831 
f 826//826 826//826 831//831 
f 831//831 826//826 832//832 
f 826//826 826//826 832//832 
f 832//832 826//826 833//833 
f 826//826 826//826 833//833 
f 833//833 826//826 834//834 
f 826//826 826//826 834//834 
f 834//834 826//826 835//835 
f 826//826 826//826 835//835 
f 835//835 826//826 512//512 
f 826//826 836//836 512//512 
f 512//512 836//836 511//511 
f 836//836 837//837 511//511 
f 511//511 837//837 511//511 
f 837//837 838//838 511//511 
f 511//511 838//838 511//511 
f 838//838 839//839 511//511 
f 511//511 839//839 511//511 
f 839//839 840//840 511//511 
f 511//511 840//840 511//511 
f 840//840 841//841 511//511 
f 511//511 841//841 511//511 
f 841//841 842//842 511//511 
f 511//511 842//842 789//789 
f 842//842 843//843 789//789 
f 789//789 843//843 789//789 
f 843//843 844//844 789//789 
f 789//789 844//844 791//791 
f 844//844 791//791 791//791 
f 791//791 791//791 826//826 
f 791//791 826//826 826//826 
f 826//826 826//826 836//836 
f 826//826 829//829 836//836 
f 836//836 829//829 829//829 
f 829//829 512//512 829//829 
f 829//829 512//512 512//512 
f 512//512 513//513 512//512 
f 512//512 513//513 835//835 
f 513//513 513//513 835//835 
f 835//835 513//513 845//845 
f 513//513 513//513 845//845 
f 845//845 513//513 846//846 
f 513//513 513//513 846//846 
f 846//846 513//513 847//847 
f 513//513 513//513 847//847 
f 847//847 513//513 848//848 
f 513//513 513//513 848//848 
f 848//848 513//513 849//849 
f 513//513 513//513 849//849 
f 849//849 513//513 850//850 
f 513//513 513//513 850//850 
f 850//850 513//513 851//851 
f 513//513 514//514 851//851 
f 851//851 514//514 851//851 
f 514//514 528//528 851//851 
f 851//851 528//528 852//852 
f 528//528 528//528 852//852 
f 852//852 528//528 853//853 
f 528//528 528//528 853//853 
f 853//853 528//528 854//854 
f 528//528 528//528 854//854 
f 854//854 528//528 855//855 
f 528//528 528//528 855//855 
f 855//855 528//528 856//856 
f 528//528 528//528 856//856 
f 856//856 528//528 857//857 
f 528//528 528//528 857//857 
f 857//857 528//528 858//858 
f 528//528 535//535 858//858 
f 858//858 535//535 859//859 
f 535//535 535//535 859//859 
f 859//859 535//535 860//860 
f 535//535 535//535 860//860 
f 860//860 535//535 861//861 
f 535//535 535//535 861//861 
f 861//861 535//535 862//862 
f 535//535 538//538 862//862 
f 862//862 538//538 863//863 
f 538//538 864//864 863//863 
f 863//863 864//864 865//865 
f 864//864 864//864 865//865 
f 865//865 864//864 866//866 
f 864//864 864//864 866//866 
f 866//866 864//864 867//867 
f 864//864 864//864 867//867 
f 867//867 864//864 868//868 
f 864//864 864//864 868//868 
f 868//868 864//864 869//869 
f 864//864 811//811 869//869 
f 869//869 811//811 870//870 
f 811//811 811//811 870//870 
f 870//870 811//811 871//871 
f 811//811 811//811 871//871 
f 871//871 811//811 872//872 
f 811//811 811//811 872//872 
f 872//872 811//811 873//873 
f 811//811 811//811 873//873 
f 873//873 811//811 874//874 
f 811//811 817//817 874//874 
f 874//874 817//817 817//817 
f 817//817 875//875 817//817 
f 817//817 875//875 875//875 
f 875//875 876//876 875//875 
f 875//875 876//876 864//864 
f 876//876 811//811 864//864 
f 864//864 811//811 811//811 
f 811//811 875//875 811//811 
f 811//811 875//875 875//875 
f 875//875 864//864 875//875 
f 875//875 864//864 877//877 
f 864//864 864//864 877//877 
f 877//877 864//864 878//878 
f 864//864 864//864 878//878 
f 878//878 864//864 879//879 
f 864//864 538//538 879//879 
f 879//879 538//538 880//880 
f 538//538 538//538 880//880 
f 880//880 538//538 881//881 
f 538//538 538//538 881//881 
f 881//881 538//538 882//882 
f 538//538 538//538 882//882 
f 882//882 538//538 883//883 
f 538//538 538//538 883//883 
f 883//883 538//538 884//884 
f 538//538 538//538 884//884 
f 884//884 538//538 885//885 
f 538//538 538//538 885//885 
f 885//885 538//538 886//886 
f 538//538 887//887 886//886 
f 886//886 887//887 888//888 
f 887//887 887//887 888//888 
f 888//888 887//887 889//889 
f 887//887 890//890 889//889 
f 889//889 890//890 891//891 
f 890//890 890//890 891//891 
f 891//891 890//890 892//892 
f 890//890 890//890 892//892 
f 892//892 890//890 893//893 
f 890//890 890//890 893//893 
f 893//893 890//890 894//894 
f 890//890 890//890 894//894 
f 894//894 890//890 895//895 
f 890//890 896//896 895//895 
f 895//895 896//896 897//897 
f 896//896 896//896 897//897 
f 897//897 896//896 898//898 
f 896//896 896//896 898//898 
f 898//898 896//896 899//899 
f 896//896 900//900 899//899 
f 899//899 900//900 901//901 
f 900//900 900//900 901//901 
f 901//901 900//900 902//902 
f 900//900 900//900 902//902 
f 902//902 900//900 903//903 
f 900//900 900//900 903//903 
f 903//903 900//900 904//904 
f 900//900 900//900 904//904 
f 904//904 900//900 905//905 
f 900//900 900//900 905//905 
f 905//905 900//900 906//906 
f 900//900 900//900 906//906 
f 906//906 900//900 907//907 
f 900//900 908//908 907//907 
f 907//907 908//908 907//907 
f 908//908 909//909 907//907 
f 907//907 909//909 907//907 
f 909//909 910//910 907//907 
f 907//907 910//910 907//907 
f 910//910 911//911 907//907 
f 907//907 911//911 907//907 
f 911//911 912//912 907//907 
f 907//907 912//912 811//811 
f 912//912 913//913 811//811 
f 811//811 913//913 811//811 
f 913//913 914//914 811//811 
f 811//811 914//914 811//811 
f 914//914 915//915 811//811 
f 811//811 915//915 811//811 
f 915//915 916//916 811//811 
f 811//811 916//916 811//811 
f 916//916 917//917 811//811 
f 811//811 917//917 811//811 
f 917//917 918//918 811//811 
f 811//811 918//918 803//803 
f 918//918 919//919 803//803 
f 803//803 919//919 803//803 
f 919//919 920//920 803//803 
f 803//803 920//920 803//803 
f 920//920 921//921 803//803 
f 803//803 921//921 803//803 
f 921//921 922//922 803//803 
f 803//803 922//922 803//803 
f 922//922 923//923 803//803 
f 803//803 923//923 803//803 
f 923//923 924//924 803//803 
f 803//803 924//924 803//803 
f 924//924 925//925 803//803 
f 803//803 925//925 799//799 
f 925//925 926//926 799//799 
f 799//799 926//926 799//799 
f 926//926 927//927 799//799 
f 799//799 927//927 799//799 
f 927//927 928//928 799//799 
f 799//799 928//928 929//929 
f 928//928 928//928 929//929 
f 929//929 928//928 930//930 
f 928//928 931//931 930//930 
f 930//930 931//931 930//930 
f 931//931 932//932 930//930 
f 930//930 932//932 930//930 
f 932//932 933//933 930//930 
f 930//930 933//933 930//930 
f 933//933 934//934 930//930 
f 930//930 934//934 935//935 
f 934//934 936//936 935//935 
f 935//935 936//936 935//935 
f 936//936 937//937 935//935 
f 935//935 937//937 935//935 
f 937//937 938//938 935//935 
f 935//935 938//938 935//935 
f 938//938 939//939 935//935 
f 935//935 939//939 935//935 
f 939//939 940//940 935//935 
f 935//935 940//940 935//935 
f 940//940 941//941 935//935 
f 935//935 941//941 900//900 
f 941//941 942//942 900//900 
f 900//900 942//942 900//900 
f 942//942 943//943 900//900 
f 900//900 943//943 900//900 
f 943//943 944//944 900//900 
f 900//900 944//944 900//900 
f 944//944 945//945 900//900 
f 900//900 945//945 900//900 
f 945//945 946//946 900//900 
f 900//900 946//946 908//908 
f 946//946 908//908 908//908 
f 908//908 908//908 907//907 
f 908//908 907//907 907//907 
f 907//907 907//907 947//947 
f 907//907 811//811 947//947 
f 947//947 811//811 948//948 
f 811//811 811//811 948//948 
f 948//948 811//811 949//949 
f 811//811 811//811 949//949 
f 949//949 811//811 950//950 
f 811//811 811//811 950//950 
f 950//950 811//811 951//951 
f 811//811 876//876 951//951 
f 951//951 876//876 876//876 
f 876//876 952//952 876//876 
f 876//876 952//952 952//952 
f 952//952 953//953 952//952 
f 952//952 953//953 900//900 
f 953//953 953//953 900//900 
f 900//900 953//953 935//935 
f 953//953 954//954 935//935 
f 935//935 954//954 935//935 
f 954//954 955//955 935//935 
f 935//935 955//955 935//935 
f 955//955 956//956 935//935 
f 935//935 956//956 935//935 
f 956//956 957//957 935//935 
f 935//935 957//957 935//935 
f 957//957 958//958 935//935 
f 935//935 958//958 935//935 
f 958//958 959//959 935//935 
f 935//935 959//959 935//935 
f 959//959 960//960 935//935 
f 935//935 960//960 935//935 
f 960//960 961//961 935//935 
f 935//935 961//961 930//930 
f 961//961 962//962 930//930 
f 930//930 962//962 930//930 
f 962//962 963//963 930//930 
f 930//930 963//963 964//964 
f 963//963 965//965 964//964 
f 964//964 965//965 964//964 
f 965//965 966//966 964//964 
f 964//964 966//966 967//967 
f 966//966 968//968 967//967 
f 967//967 968//968 967//967 
f 968//968 969//969 967//967 
f 967//967 969//969 967//967 
f 969//969 970//970 967//967 
f 967//967 970//970 967//967 
f 970//970 971//971 967//967 
f 967//967 971//971 972//972 
f 971//971 973//973 972//972 
f 972//972 973//973 972//972 
f 973//973 974//974 972//972 
f 972//972 974//974 972//972 
f 974//974 975//975 972//972 
f 972//972 975//975 976//976 
f 975//975 977//977 976//976 
f 976//976 977//977 976//976 
f 977//977 978//978 976//976 
f 976//976 978//978 976//976 
f 978//978 979//979 976//976 
f 976//976 979//979 976//976 
f 979//979 980//980 976//976 
f 976//976 980//980 976//976 
f 980//980 981//981 976//976 
f 976//976 981//981 976//976 
f 981//981 982//982 976//976 
f 976//976 982//982 983//983 
f 982//982 982//982 983//983 
f 983//983 982//982 984//984 
f 982//982 985//985 984//984 
f 984//984 985//985 984//984 
f 985//985 986//986 984//984 
f 984//984 986//986 984//984 
f 986//986 987//987 984//984 
f 984//984 987//987 984//984 
f 987//987 988//988 984//984 
f 984//984 988//988 989//989 
f 988//988 990//990 989//989 
f 989//989 990//990 989//989 
f 990//990 991//991 989//989 
f 989//989 991//991 989//989 
f 991//991 992//992 989//989 
f 989//989 992//992 989//989 
f 992//992 993//993 989//989 
f 989//989 993//993 989//989 
f 993//993 994//994 989//989 
f 989//989 994//994 995//995 
f 994//994 994//994 995//995 
f 995//995 994//994 996//996 
f 994//994 997//997 996//996 
f 996//996 997//997 900//900 
f 997//997 998//998 900//900 
f 900//900 998//998 999//999 
f 998//998 999//999 999//999 
f 999//999 999//999 996//996 
f 999//999 996//996 996//996 
f 996//996 996//996 1000//1000 
f 996//996 900//900 1000//1000 
f 1000//1000 900//900 1001//1001 
f 900//900 900//900 1001//1001 
f 1001//1001 900//900 1002//1002 
f 900//900 900//900 1002//1002 
f 1002//1002 900//900 1003//1003 
f 900//900 900//900 1003//1003 
f 1003//1003 900//900 1004//1004 
f 900//900 896//896 1004//1004 
f 1004//1004 896//896 1005//1005 
f 896//896 896//896 1005//1005 
f 1005//1005 896//896 1006//1006 
f 896//896 896//896 1006//1006 
f 1006//1006 896//896 1007//1007 
f 896//896 896//896 1007//1007 
f 1007//1007 896//896 1008//1008 
f 896//896 896//896 1008//1008 
f 1008//1008 896//896 1009//1009 
f 896//896 896//896 1009//1009 
f 1009//1009 896//896 1010//1010 
f 896//896 890//890 1010//1010 
f 1010//1010 890//890 1011//1011 
f 890//890 890//890 1011//1011 
f 1011//1011 890//890 1012//1012 
f 890//890 890//890 1012//1012 
f 1012//1012 890//890 1013//1013 
f 890//890 890//890 1013//1013 
f 1013//1013 890//890 1014//1014 
f 890//890 1015//1015 1014//1014 
f 1014//1014 1015//1015 1016//1016 
f 1015//1015 1015//1015 1016//1016 
f 1016//1016 1015//1015 1017//1017 
f 1015//1015 1015//1015 1017//1017 
f 1017//1017 1015//1015 1018//1018 
f 1015//1015 1019//1019 1018//1018 
f 1018//1018 1019//1019 1020//1020 
f 1019//1019 1019//1019 1020//1020 
f 1020//1020 1019//1019 1021//1021 
f 1019//1019 1019//1019 1021//1021 
f 1021//1021 1019//1019 1022//1022 
f 1019//1019 1019//1019 1022//1022 
f 1022//1022 1019//1019 1023//1023 
f 1019//1019 1019//1019 1023//1023 
f 1023//1023 1019//1019 1024//1024 
f 1019//1019 1025//1025 1024//1024 
f 1024//1024 1025//1025 1024//1024 
f 1025//1025 1026//1026 1024//1024 
f 1024//1024 1026//1026 1027//1027 
f 1026//1026 1026//1026 1027//1027 
f 1027//1027 1026//1026 1028//1028 
f 1026//1026 1026//1026 1028//1028 
f 1028//1028 1026//1026 1029//1029 
f 1026//1026 1026//1026 1029//1029 
f 1029//1029 1026//1026 1030//1030 
f 1026//1026 1026//1026 1030//1030 
f 1030//1030 1026//1026 1031//1031 
f 1026//1026 1026//1026 1031//1031 
f 1031//1031 1026//1026 1032//1032 
f 1026//1026 1026//1026 1032//1032 
f 1032//1032 1026//1026 1033//1033 
f 1026//1026 983//983 1033//1033 
f 1033//1033 983//983 1033//1033 
f 983//983 984//984 1033//1033 
f 1033//1033 984//984 1034//1034 
f 984//984 984//984 1034//1034 
f 1034//1034 984//984 1035//1035 
f 984//984 984//984 1035//1035 
f 1035//1035 984//984 1036//1036 
f 984//984 984//984 1036//1036 
f 1036//1036 984//984 1037//1037 
f 984//984 984//984 1037//1037 
f 1037//1037 984//984 1038//1038 
f 984//984 989//989 1038//1038 
f 1038//1038 989//989 989//989 
f 989//989 983//983 989//989 
f 989//989 983//983 983//983 
f 983//983 1026//1026 983//983 
f 983//983 1026//1026 1039//1039 
f 1026//1026 1025//1025 1039//1039 
f 1039//1039 1025//1025 1025//1025 
f 1025//1025 1039//1039 1025//1025 
f 1025//1025 1039//1039 1039//1039 
f 1039//1039 1040//1040 1039//1039 
f 1039//1039 1040//1040 983//983 
f 1040//1040 976//976 983//983 
f 983//983 976//976 976//976 
f 976//976 1041//1041 976//976 
f 976//976 1041//1041 1041//1041 
f 1041//1041 1025//1025 1041//1041 
f 1041//1041 1025//1025 1042//1042 
f 1025//1025 1025//1025 1042//1042 
f 1042//1042 1025//1025 1043//1043 
f 1025//1025 1025//1025 1043//1043 
f 1043//1043 1025//1025 1044//1044 
f 1025//1025 1019//1019 1044//1044 
f 1044//1044 1019//1019 1045//1045 
f 1019//1019 1019//1019 1045//1045 
f 1045//1045 1019//1019 1046//1046 
f 1019//1019 1019//1019 1046//1046 
f 1046//1046 1019//1019 1047//1047 
f 1019//1019 1019//1019 1047//1047 
f 1047//1047 1019//1019 1048//1048 
f 1019//1019 1019//1019 1048//1048 
f 1048//1048 1019//1019 1049//1049 
f 1019//1019 1019//1019 1049//1049 
f 1049//1049 1019//1019 1050//1050 
f 1019//1019 1015//1015 1050//1050 
f 1050//1050 1015//1015 1051//1051 
f 1015//1015 1015//1015 1051//1051 
f 1051//1051 1015//1015 1052//1052 
f 1015//1015 890//890 1052//1052 
f 1052//1052 890//890 1053//1053 
f 890//890 890//890 1053//1053 
f 1053//1053 890//890 1054//1054 
f 890//890 890//890 1054//1054 
f 1054//1054 890//890 1055//1055 
f 890//890 890//890 1055//1055 
f 1055//1055 890//890 1056//1056 
f 890//890 890//890 1056//1056 
f 1056//1056 890//890 1057//1057 
f 890//890 890//890 1057//1057 
f 1057//1057 890//890 1058//1058 
f 890//890 890//890 1058//1058 
f 1058//1058 890//890 1059//1059 
f 890//890 684//684 1059//1059 
f 1059//1059 684//684 1060//1060 
f 684//684 684//684 1060//1060 
f 1060//1060 684//684 1061//1061 
f 684//684 684//684 1061//1061 
f 1061//1061 684//684 1062//1062 
f 684//684 684//684 1062//1062 
f 1062//1062 684//684 1063//1063 
f 684//684 684//684 1063//1063 
f 1063//1063 684//684 1064//1064 
f 684//684 684//684 1064//1064 
f 1064//1064 684//684 1065//1065 
f 684//684 1066//1066 1065//1065 
f 1065//1065 1066//1066 1067//1067 
f 1066//1066 1066//1066 1067//1067 
f 1067//1067 1066//1066 1068//1068 
f 1066//1066 1069//1069 1068//1068 
f 1068//1068 1069//1069 1068//1068 
f 1069//1069 1070//1070 1068//1068 
f 1068//1068 1070//1070 1071//1071 
f 1070//1070 1070//1070 1071//1071 
f 1071//1071 1070//1070 1072//1072 
f 1070//1070 1070//1070 1072//1072 
f 1072//1072 1070//1070 1073//1073 
f 1070//1070 1070//1070 1073//1073 
f 1073//1073 1070//1070 1074//1074 
f 1070//1070 1070//1070 1074//1074 
f 1074//1074 1070//1070 1075//1075 
f 1070//1070 1070//1070 1075//1075 
f 1075//1075 1070//1070 1076//1076 
f 1070//1070 1077//1077 1076//1076 
f 1076//1076 1077//1077 1078//1078 
f 1077//1077 1079//1079 1078//1078 
f 1078//1078 1079//1079 1080//1080 
f 1079//1079 1081//1081 1080//1080 
f 1080//1080 1081//1081 1080//1080 
f 1081//1081 1082//1082 1080//1080 
f 1080//1080 1082//1082 1080//1080 
f 1082//1082 1083//1083 1080//1080 
f 1080//1080 1083//1083 1084//1084 
f 1083//1083 1085//1085 1084//1084 
f 1084//1084 1085//1085 1086//1086 
f 1085//1085 1087//1087 1086//1086 
f 1086//1086 1087//1087 1086//1086 
f 1087//1087 1088//1088 1086//1086 
f 1086//1086 1088//1088 1086//1086 
f 1088//1088 1089//1089 1086//1086 
f 1086//1086 1089//1089 1086//1086 
f 1089//1089 1090//1090 1086//1086 
f 1086//1086 1090//1090 1086//1086 
f 1090//1090 1091//1091 1086//1086 
f 1086//1086 1091//1091 1086//1086 
f 1091//1091 1092//1092 1086//1086 
f 1086//1086 1092//1092 1093//1093 
f 1092//1092 1094//1094 1093//1093 
f 1093//1093 1094//1094 1093//1093 
f 1094//1094 1095//1095 1093//1093 
f 1093//1093 1095//1095 1093//1093 
f 1095//1095 1096//1096 1093//1093 
f 1093//1093 1096//1096 1093//1093 
f 1096//1096 1097//1097 1093//1093 
f 1093//1093 1097//1097 1093//1093 
f 1097//1097 1098//1098 1093//1093 
f 1093//1093 1098//1098 1093//1093 
f 1098//1098 1099//1099 1093//1093 
f 1093//1093 1099//1099 1100//1100 
f 1099//1099 1101//1101 1100//1100 
f 1100//1100 1101//1101 1100//1100 
f 1101//1101 1102//1102 1100//1100 
f 1100//1100 1102//1102 1100//1100 
f 1102//1102 1103//1103 1100//1100 
f 1100//1100 1103//1103 1104//1104 
f 1103//1103 1103//1103 1104//1104 
f 1104//1104 1103//1103 1105//1105 
f 1103//1103 694//694 1105//1105 
f 1105//1105 694//694 1106//1106 
f 694//694 694//694 1106//1106 
f 1106//1106 694//694 1107//1107 
f 694//694 694//694 1107//1107 
f 1107//1107 694//694 1108//1108 
f 694//694 1109//1109 1108//1108 
f 1108//1108 1109//1109 1109//1109 
f 1109//1109 1110//1110 1109//1109 
f 1109//1109 1110//1110 1110//1110 
f 1110//1110 1025//1025 1110//1110 
f 1110//1110 1025//1025 1041//1041 
f 1025//1025 1041//1041 1041//1041 
f 1041//1041 1041//1041 1083//1083 
f 1041//1041 1083//1083 1083//1083 
f 1083//1083 1083//1083 1085//1085 
f 1083//1083 1111//1111 1085//1085 
f 1085//1085 1111//1111 1111//1111 
f 1111//1111 1103//1103 1111//1111 
f 1111//1111 1103//1103 1103//1103 
f 1103//1103 1112//1112 1103//1103 
f 1103//1103 1112//1112 694//694 
f 1112//1112 1113//1113 694//694 
f 694//694 1113//1113 694//694 
f 1113//1113 1114//1114 694//694 
f 694//694 1114//1114 694//694 
f 1114//1114 1115//1115 694//694 
f 694//694 1115//1115 694//694 
f 1115//1115 1116//1116 694//694 
f 694//694 1116//1116 1117//1117 
f 1116//1116 1117//1117 1117//1117 
f 1117//1117 1117//1117 1109//1109 
f 1117//1117 1109//1109 1109//1109 
f 1109//1109 1109//1109 1118//1118 
f 1109//1109 694//694 1118//1118 
f 1118//1118 694//694 1119//1119 
f 694//694 711//711 1119//1119 
f 1119//1119 711//711 1120//1120 
f 711//711 711//711 1120//1120 
f 1120//1120 711//711 1121//1121 
f 711//711 711//711 1121//1121 
f 1121//1121 711//711 1122//1122 
f 711//711 711//711 1122//1122 
f 1122//1122 711//711 1123//1123 
f 711//711 711//711 1123//1123 
f 1123//1123 711//711 1124//1124 
f 711//711 711//711 1124//1124 
f 1124//1124 711//711 1125//1125 
f 711//711 715//715 1125//1125 
f 1125//1125 715//715 1126//1126 
f 715//715 715//715 1126//1126 
f 1126//1126 715//715 1127//1127 
f 715//715 715//715 1127//1127 
f 1127//1127 715//715 1128//1128 
f 715//715 1129//1129 1128//1128 
f 1128//1128 1129//1129 1130//1130 
f 1129//1129 1130//1130 1130//1130 
f 1130//1130 1130//1130 1129//1129 
f 1130//1130 1129//1129 1129//1129 
f 1129//1129 1129//1129 1131//1131 
f 1129//1129 715//715 1131//1131 
f 1131//1131 715//715 1131//1131 
f 715//715 728//728 1131//1131 
f 1131//1131 728//728 1131//1131 
f 728//728 729//729 1131//1131 
f 1131//1131 729//729 1131//1131 
f 729//729 1132//1132 1131//1131 
f 1131//1131 1132//1132 1131//1131 
f 1132//1132 1133//1133 1131//1131 
f 1131//1131 1133//1133 1129//1129 
f 1133//1133 1134//1134 1129//1129 
f 1129//1129 1134//1134 1130//1130 
f 1134//1134 1134//1134 1130//1130 
f 1130//1130 1134//1134 1135//1135 
f 1134//1134 1134//1134 1135//1135 
f 1135//1135 1134//1134 1136//1136 
f 1134//1134 1134//1134 1136//1136 
f 1136//1136 1134//1134 1137//1137 
f 1134//1134 1134//1134 1137//1137 
f 1137//1137 1134//1134 1138//1138 
f 1134//1134 1134//1134 1138//1138 
f 1138//1138 1134//1134 1139//1139 
f 1134//1134 1134//1134 1139//1139 
f 1139//1139 1134//1134 1140//1140 
f 1134//1134 1134//1134 1140//1140 
f 1140//1140 1134//1134 1141//1141 
f 1134//1134 1142//1142 1141//1141 
f 1141//1141 1142//1142 1143//1143 
f 1142//1142 1142//1142 1143//1143 
f 1143//1143 1142//1142 1144//1144 
f 1142//1142 1142//1142 1144//1144 
f 1144//1144 1142//1142 1145//1145 
f 1142//1142 1142//1142 1145//1145 
f 1145//1145 1142//1142 1146//1146 
f 1142//1142 1147//1147 1146//1146 
f 1146//1146 1147//1147 1148//1148 
f 1147//1147 1147//1147 1148//1148 
f 1148//1148 1147//1147 1149//1149 
f 1147//1147 1147//1147 1149//1149 
f 1149//1149 1147//1147 1150//1150 
f 1147//1147 1093//1093 1150//1150 
f 1150//1150 1093//1093 1151//1151 
f 1093//1093 1093//1093 1151//1151 
f 1151//1151 1093//1093 1152//1152 
f 1093//1093 1093//1093 1152//1152 
f 1152//1152 1093//1093 1153//1153 
f 1093//1093 1093//1093 1153//1153 
f 1153//1153 1093//1093 1154//1154 
f 1093//1093 1093//1093 1154//1154 
f 1154//1154 1093//1093 1155//1155 
f 1093//1093 1100//1100 1155//1155 
f 1155//1155 1100//1100 1100//1100 
f 1100//1100 1093//1093 1100//1100 
f 1100//1100 1093//1093 1093//1093 
f 1093//1093 1147//1147 1093//1093 
f 1093//1093 1147//1147 1086//1086 
f 1147//1147 1147//1147 1086//1086 
f 1086//1086 1147//1147 1156//1156 
f 1147//1147 1142//1142 1156//1156 
f 1156//1156 1142//1142 1157//1157 
f 1142//1142 1142//1142 1157//1157 
f 1157//1157 1142//1142 1158//1158 
f 1142//1142 1134//1134 1158//1158 
f 1158//1158 1134//1134 1159//1159 
f 1134//1134 1133//1133 1159//1159 
f 1159//1159 1133//1133 1160//1160 
f 1133//1133 1132//1132 1160//1160 
f 1160//1160 1132//1132 1161//1161 
f 1132//1132 1132//1132 1161//1161 
f 1161//1161 1132//1132 1162//1162 
f 1132//1132 729//729 1162//1162 
f 1162//1162 729//729 1162//1162 
f 729//729 730//730 1162//1162 
f 1162//1162 730//730 1163//1163 
f 730//730 731//731 1163//1163 
f 1163//1163 731//731 1164//1164 
f 731//731 732//732 1164//1164 
f 1164//1164 732//732 1165//1165 
f 732//732 748//748 1165//1165 
f 1165//1165 748//748 1165//1165 
f 748//748 749//749 1165//1165 
f 1165//1165 749//749 1165//1165 
f 749//749 750//750 1165//1165 
f 1165//1165 750//750 1165//1165 
f 750//750 751//751 1165//1165 
f 1165//1165 751//751 1164//1164 
f 751//751 752//752 1164//1164 
f 1164//1164 752//752 1163//1163 
f 752//752 753//753 1163//1163 
f 1163//1163 753//753 1162//1162 
f 753//753 753//753 1162//1162 
f 1162//1162 753//753 1161//1161 
f 753//753 754//754 1161//1161 
f 1161//1161 754//754 1166//1166 
f 754//754 755//755 1166//1166 
f 1166//1166 755//755 755//755 
f 755//755 1161//1161 755//755 
f 755//755 1161//1161 1161//1161 
f 1161//1161 1166//1166 1161//1161 
f 1161//1161 1166//1166 1160//1160 
f 1166//1166 1167//1167 1160//1160 
f 1160//1160 1167//1167 1159//1159 
f 1167//1167 1168//1168 1159//1159 
f 1159//1159 1168//1168 1158//1158 
f 1168//1168 1158//1158 1158//1158 
f 1158//1158 1158//1158 1166//1166 
f 1158//1158 1166//1166 1166//1166 
f 1166//1166 1166//1166 1167//1167 
f 1166//1166 1169//1169 1167//1167 
f 1167//1167 1169//1169 1170//1170 
f 1169//1169 1171//1171 1170//1170 
f 1170//1170 1171//1171 1170//1170 
f 1171//1171 1172//1172 1170//1170 
f 1170//1170 1172//1172 1168//1168 
f 1172//1172 1173//1173 1168//1168 
f 1168//1168 1173//1173 1158//1158 
f 1173//1173 1174//1174 1158//1158 
f 1158//1158 1174//1174 1157//1157 
f 1174//1174 1157//1157 1157//1157 
f 1157//1157 1157//1157 1168//1168 
f 1157//1157 1168//1168 1168//1168 
f 1168//1168 1168//1168 1170//1170 
f 1168//1168 1167//1167 1170//1170 
f 1170//1170 1167//1167 1167//1167 
f 1167//1167 1166//1166 1167//1167 
f 1167//1167 1166//1166 1166//1166 
f 1166//1166 755//755 1166//1166 
f 1166//1166 755//755 1169//1169 
f 755//755 756//756 1169//1169 
f 1169//1169 756//756 1171//1171 
f 756//756 757//757 1171//1171 
f 1171//1171 757//757 1175//1175 
f 757//757 758//758 1175//1175 
f 1175//1175 758//758 1176//1176 
f 758//758 759//759 1176//1176 
f 1176//1176 759//759 1176//1176 
f 759//759 760//760 1176//1176 
f 1176//1176 760//760 1176//1176 
f 760//760 1177//1177 1176//1176 
f 1176//1176 1177//1177 1176//1176 
f 1177//1177 1178//1178 1176//1176 
f 1176//1176 1178//1178 1175//1175 
f 1178//1178 1172//1172 1175//1175 
f 1175//1175 1172//1172 1171//1171 
f 1172//1172 1171//1171 1171//1171 
f 1171//1171 1171//1171 1172//1172 
f 1171//1171 1172//1172 1172//1172 
f 1172//1172 1172//1172 1173//1173 
f 1172//1172 1178//1178 1173//1173 
f 1173//1173 1178//1178 1173//1173 
f 1178//1178 1179//1179 1173//1173 
f 1173//1173 1179//1179 1174//1174 
f 1179//1179 1174//1174 1174//1174 
f 1174//1174 1174//1174 760//760 
f 1174//1174 760//760 760//760 
f 760//760 760//760 1177//1177 
f 760//760 761//761 1177//1177 
f 1177//1177 761//761 1180//1180 
f 761//761 761//761 1180//1180 
f 1180//1180 761//761 1181//1181 
f 761//761 762//762 1181//1181 
f 1181//1181 762//762 1182//1182 
f 762//762 763//763 1182//1182 
f 1182//1182 763//763 1182//1182 
f 763//763 764//764 1182//1182 
f 1182//1182 764//764 1183//1183 
f 764//764 765//765 1183//1183 
f 1183//1183 765//765 765//765 
f 765//765 1178//1178 765//765 
f 765//765 1178//1178 1178//1178 
f 1178//1178 1177//1177 1178//1178 
f 1178//1178 1177//1177 1184//1184 
f 1177//1177 1180//1180 1184//1184 
f 1184//1184 1180//1180 1185//1185 
f 1180//1180 1186//1186 1185//1185 
f 1185//1185 1186//1186 1187//1187 
f 1186//1186 1188//1188 1187//1187 
f 1187//1187 1188//1188 1187//1187 
f 1188//1188 1189//1189 1187//1187 
f 1187//1187 1189//1189 1187//1187 
f 1189//1189 1190//1190 1187//1187 
f 1187//1187 1190//1190 1184//1184 
f 1190//1190 1190//1190 1184//1184 
f 1184//1184 1190//1190 1178//1178 
f 1190//1190 1190//1190 1178//1178 
f 1178//1178 1190//1190 1191//1191 
f 1190//1190 1190//1190 1191//1191 
f 1191//1191 1190//1190 1192//1192 
f 1190//1190 1189//1189 1192//1192 
f 1192//1192 1189//1189 1193//1193 
f 1189//1189 1189//1189 1193//1193 
f 1193//1193 1189//1189 1194//1194 
f 1189//1189 1188//1188 1194//1194 
f 1194//1194 1188//1188 1195//1195 
f 1188//1188 1196//1196 1195//1195 
f 1195//1195 1196//1196 1197//1197 
f 1196//1196 1196//1196 1197//1197 
f 1197//1197 1196//1196 1198//1198 
f 1196//1196 1196//1196 1198//1198 
f 1198//1198 1196//1196 1199//1199 
f 1196//1196 1196//1196 1199//1199 
f 1199//1199 1196//1196 1200//1200 
f 1196//1196 1183//1183 1200//1200 
f 1200//1200 1183//1183 1201//1201 
f 1183//1183 765//765 1201//1201 
f 1201//1201 765//765 1202//1202 
f 765//765 766//766 1202//1202 
f 1202//1202 766//766 1203//1203 
f 766//766 767//767 1203//1203 
f 1203//1203 767//767 1203//1203 
f 767//767 768//768 1203//1203 
f 1203//1203 768//768 1204//1204 
f 768//768 769//769 1204//1204 
f 1204//1204 769//769 769//769 
f 769//769 1183//1183 769//769 
f 769//769 1183//1183 1183//1183 
f 1183//1183 1196//1196 1183//1183 
f 1183//1183 1196//1196 1182//1182 
f 1196//1196 1196//1196 1182//1182 
f 1182//1182 1196//1196 1181//1181 
f 1196//1196 1186//1186 1181//1181 
f 1181//1181 1186//1186 1180//1180 
f 1186//1186 1180//1180 1180//1180 
f 1180//1180 1180//1180 1187//1187 
f 1180//1180 1187//1187 1187//1187 
f 1187//1187 1187//1187 1185//1185 
f 1187//1187 1184//1184 1185//1185 
f 1185//1185 1184//1184 1184//1184 
f 1184//1184 1188//1188 1184//1184 
f 1184//1184 1188//1188 1188//1188 
f 1188//1188 1186//1186 1188//1188 
f 1188//1188 1186//1186 1196//1196 
f 1186//1186 1196//1196 1196//1196 
f 1196//1196 1196//1196 1204//1204 
f 1196//1196 1204//1204 1204//1204 
f 1204//1204 1204//1204 1203//1203 
f 1204//1204 1205//1205 1203//1203 
f 1203//1203 1205//1205 1202//1202 
f 1205//1205 1206//1206 1202//1202 
f 1202//1202 1206//1206 1201//1201 
f 1206//1206 1207//1207 1201//1201 
f 1201//1201 1207//1207 1200//1200 
f 1207//1207 1208//1208 1200//1200 
f 1200//1200 1208//1208 1199//1199 
f 1208//1208 1209//1209 1199//1199 
f 1199//1199 1209//1209 1210//1210 
f 1209//1209 1211//1211 1210//1210 
f 1210//1210 1211//1211 1210//1210 
f 1211//1211 1212//1212 1210//1210 
f 1210//1210 1212//1212 1210//1210 
f 1212//1212 1213//1213 1210//1210 
f 1210//1210 1213//1213 1198//1198 
f 1213//1213 1214//1214 1198//1198 
f 1198//1198 1214//1214 1197//1197 
f 1214//1214 1197//1197 1197//1197 
f 1197//1197 1197//1197 1207//1207 
f 1197//1197 1207//1207 1207//1207 
f 1207//1207 1207//1207 1208//1208 
f 1207//1207 1206//1206 1208//1208 
f 1208//1208 1206//1206 1215//1215 
f 1206//1206 1205//1205 1215//1215 
f 1215//1215 1205//1205 1205//1205 
f 1205//1205 1209//1209 1205//1205 
f 1205//1205 1209//1209 1209//1209 
f 1209//1209 1208//1208 1209//1209 
f 1209//1209 1208//1208 1215//1215 
f 1208//1208 1215//1215 1215//1215 
f 1215//1215 1215//1215 1210//1210 
f 1215//1215 1210//1210 1210//1210 
f 1210//1210 1210//1210 1199//1199 
f 1210//1210 1198//1198 1199//1199 
f 1199//1199 1198//1198 1198//1198 
f 1198//1198 1213//1213 1198//1198 
f 1198//1198 1213//1213 1213//1213 
f 1213//1213 1212//1212 1213//1213 
f 1213//1213 1212//1212 1214//1214 
f 1212//1212 1216//1216 1214//1214 
f 1214//1214 1216//1216 1214//1214 
f 1216//1216 1217//1217 1214//1214 
f 1214//1214 1217//1217 1197//1197 
f 1217//1217 1218//1218 1197//1197 
f 1197//1197 1218//1218 1195//1195 
f 1218//1218 1219//1219 1195//1195 
f 1195//1195 1219//1219 1194//1194 
f 1219//1219 1220//1220 1194//1194 
f 1194//1194 1220//1220 1193//1193 
f 1220//1220 1193//1193 1193//1193 
f 1193//1193 1193//1193 1219//1219 
f 1193//1193 1219//1219 1219//1219 
f 1219//1219 1219//1219 1220//1220 
f 1219//1219 1218//1218 1220//1220 
f 1220//1220 1218//1218 1221//1221 
f 1218//1218 1217//1217 1221//1221 
f 1221//1221 1217//1217 1222//1222 
f 1217//1217 1216//1216 1222//1222 
f 1222//1222 1216//1216 1223//1223 
f 1216//1216 1216//1216 1223//1223 
f 1223//1223 1216//1216 1224//1224 
f 1216//1216 1212//1212 1224//1224 
f 1224//1224 1212//1212 1224//1224 
f 1212//1212 1211//1211 1224//1224 
f 1224//1224 1211//1211 1225//1225 
f 1211//1211 1211//1211 1225//1225 
f 1225//1225 1211//1211 1226//1226 
f 1211//1211 1209//1209 1226//1226 
f 1226//1226 1209//1209 1227//1227 
f 1209//1209 1209//1209 1227//1227 
f 1227//1227 1209//1209 1228//1228 
f 1209//1209 1215//1215 1228//1228 
f 1228//1228 1215//1215 1229//1229 
f 1215//1215 1205//1205 1229//1229 
f 1229//1229 1205//1205 1230//1230 
f 1205//1205 1205//1205 1230//1230 
f 1230//1230 1205//1205 1231//1231 
f 1205//1205 1205//1205 1231//1231 
f 1231//1231 1205//1205 1232//1232 
f 1205//1205 1205//1205 1232//1232 
f 1232//1232 1205//1205 1233//1233 
f 1205//1205 1204//1204 1233//1233 
f 1233//1233 1204//1204 1234//1234 
f 1204//1204 769//769 1234//1234 
f 1234//1234 769//769 1235//1235 
f 769//769 770//770 1235//1235 
f 1235//1235 770//770 1236//1236 
f 770//770 771//771 1236//1236 
f 1236//1236 771//771 1236//1236 
f 771//771 772//772 1236//1236 
f 1236//1236 772//772 1237//1237 
f 772//772 773//773 1237//1237 
f 1237//1237 773//773 773//773 
f 773//773 1237//1237 773//773 
f 773//773 1237//1237 1237//1237 
f 1237//1237 1238//1238 1237//1237 
f 1237//1237 1238//1238 1236//1236 
f 1238//1238 1238//1238 1236//1236 
f 1236//1236 1238//1238 1235//1235 
f 1238//1238 1239//1239 1235//1235 
f 1235//1235 1239//1239 1234//1234 
f 1239//1239 1240//1240 1234//1234 
f 1234//1234 1240//1240 1233//1233 
f 1240//1240 1241//1241 1233//1233 
f 1233//1233 1241//1241 1232//1232 
f 1241//1241 1242//1242 1232//1232 
f 1232//1232 1242//1242 1232//1232 
f 1242//1242 1243//1243 1232//1232 
f 1232//1232 1243//1243 1231//1231 
f 1243//1243 1244//1244 1231//1231 
f 1231//1231 1244//1244 1245//1245 
f 1244//1244 1244//1244 1245//1245 
f 1245//1245 1244//1244 1246//1246 
f 1244//1244 1243//1243 1246//1246 
f 1246//1246 1243//1243 1247//1247 
f 1243//1243 1242//1242 1247//1247 
f 1247//1247 1242//1242 1248//1248 
f 1242//1242 1249//1249 1248//1248 
f 1248//1248 1249//1249 1250//1250 
f 1249//1249 1238//1238 1250//1250 
f 1250//1250 1238//1238 1251//1251 
f 1238//1238 1238//1238 1251//1251 
f 1251//1251 1238//1238 1252//1252 
f 1238//1238 1238//1238 1252//1252 
f 1252//1252 1238//1238 1253//1253 
f 1238//1238 1238//1238 1253//1253 
f 1253//1253 1238//1238 1254//1254 
f 1238//1238 1237//1237 1254//1254 
f 1254//1254 1237//1237 1255//1255 
f 1237//1237 773//773 1255//1255 
f 1255//1255 773//773 1256//1256 
f 773//773 774//774 1256//1256 
f 1256//1256 774//774 1257//1257 
f 774//774 775//775 1257//1257 
f 1257//1257 775//775 1258//1258 
f 775//775 776//776 1258//1258 
f 1258//1258 776//776 1259//1259 
f 776//776 777//777 1259//1259 
f 1259//1259 777//777 1259//1259 
f 777//777 778//778 1259//1259 
f 1259//1259 778//778 1260//1260 
f 778//778 779//779 1260//1260 
f 1260//1260 779//779 779//779 
f 779//779 1240//1240 779//779 
f 779//779 1240//1240 1240//1240 
f 1240//1240 1239//1239 1240//1240 
f 1240//1240 1239//1239 1241//1241 
f 1239//1239 1249//1249 1241//1241 
f 1241//1241 1249//1249 1242//1242 
f 1249//1249 1242//1242 1242//1242 
f 1242//1242 1242//1242 1249//1249 
f 1242//1242 1249//1249 1249//1249 
f 1249//1249 1249//1249 1238//1238 
f 1249//1249 1239//1239 1238//1238 
f 1238//1238 1239//1239 1239//1239 
f 1239//1239 1245//1245 1239//1239 
f 1239//1239 1245//1245 1245//1245 
f 1245//1245 1230//1230 1245//1245 
f 1245//1245 1230//1230 1231//1231 
f 1230//1230 1231//1231 1231//1231 
f 1231//1231 1231//1231 1260//1260 
f 1231//1231 1260//1260 1260//1260 
f 1260//1260 1260//1260 1259//1259 
f 1260//1260 1261//1261 1259//1259 
f 1259//1259 1261//1261 1258//1258 
f 1261//1261 1262//1262 1258//1258 
f 1258//1258 1262//1262 1257//1257 
f 1262//1262 1263//1263 1257//1257 
f 1257//1257 1263//1263 1256//1256 
f 1263//1263 1264//1264 1256//1256 
f 1256//1256 1264//1264 1255//1255 
f 1264//1264 1265//1265 1255//1255 
f 1255//1255 1265//1265 1254//1254 
f 1265//1265 1266//1266 1254//1254 
f 1254//1254 1266//1266 1253//1253 
f 1266//1266 1253//1253 1253//1253 
f 1253//1253 1253//1253 1266//1266 
f 1253//1253 1266//1266 1266//1266 
f 1266//1266 1266//1266 967//967 
f 1266//1266 1265//1265 967//967 
f 967//967 1265//1265 967//967 
f 1265//1265 1264//1264 967//967 
f 967//967 1264//1264 964//964 
f 1264//1264 1263//1263 964//964 
f 964//964 1263//1263 930//930 
f 1263//1263 1262//1262 930//930 
f 930//930 1262//1262 929//929 
f 1262//1262 1261//1261 929//929 
f 929//929 1261//1261 1267//1267 
f 1261//1261 1260//1260 1267//1267 
f 1267//1267 1260//1260 1268//1268 
f 1260//1260 779//779 1268//1268 
f 1268//1268 779//779 1268//1268 
f 779//779 780//780 1268//1268 
f 1268//1268 780//780 1268//1268 
f 780//780 790//790 1268//1268 
f 1268//1268 790//790 1269//1269 
f 790//790 787//787 1269//1269 
f 1269//1269 787//787 1269//1269 
f 787//787 796//796 1269//1269 
f 1269//1269 796//796 1269//1269 
f 796//796 799//799 1269//1269 
f 1269//1269 799//799 1267//1267 
f 799//799 929//929 1267//1267 
f 1267//1267 929//929 929//929 
f 929//929 972//972 929//929 
f 929//929 972//972 972//972 
f 972//972 1266//1266 972//972 
f 972//972 1266//1266 967//967 
f 1266//1266 967//967 967//967 
f 967//967 967//967 1267//1267 
f 967//967 1267//1267 1267//1267 
f 1267//1267 1267//1267 1269//1269 
f 1267//1267 1268//1268 1269//1269 
f 1269//1269 1268//1268 1268//1268 
f 1268//1268 1228//1228 1268//1268 
f 1268//1268 1228//1228 1228//1228 
f 1228//1228 1229//1229 1228//1228 
f 1228//1228 1229//1229 1270//1270 
f 1229//1229 1271//1271 1270//1270 
f 1270//1270 1271//1271 1272//1272 
f 1271//1271 1273//1273 1272//1272 
f 1272//1272 1273//1273 1272//1272 
f 1273//1273 1274//1274 1272//1272 
f 1272//1272 1274//1274 1272//1272 
f 1274//1274 1227//1227 1272//1272 
f 1272//1272 1227//1227 1272//1272 
f 1227//1227 1228//1228 1272//1272 
f 1272//1272 1228//1228 1270//1270 
f 1228//1228 1270//1270 1270//1270 
f 1270//1270 1270//1270 1229//1229 
f 1270//1270 1229//1229 1229//1229 
f 1229//1229 1229//1229 1271//1271 
f 1229//1229 1230//1230 1271//1271 
f 1271//1271 1230//1230 1275//1275 
f 1230//1230 1245//1245 1275//1275 
f 1275//1275 1245//1245 1276//1276 
f 1245//1245 1246//1246 1276//1276 
f 1276//1276 1246//1246 1277//1277 
f 1246//1246 1247//1247 1277//1277 
f 1277//1277 1247//1247 1278//1278 
f 1247//1247 1248//1248 1278//1278 
f 1278//1278 1248//1248 1279//1279 
f 1248//1248 1250//1250 1279//1279 
f 1279//1279 1250//1250 1280//1280 
f 1250//1250 1251//1251 1280//1280 
f 1280//1280 1251//1251 1251//1251 
f 1251//1251 1275//1275 1251//1251 
f 1251//1251 1275//1275 1275//1275 
f 1275//1275 1273//1273 1275//1275 
f 1275//1275 1273//1273 1271//1271 
f 1273//1273 1271//1271 1271//1271 
f 1271//1271 1271//1271 1279//1279 
f 1271//1271 1279//1279 1279//1279 
f 1279//1279 1279//1279 1278//1278 
f 1279//1279 1280//1280 1278//1278 
f 1278//1278 1280//1280 1278//1278 
f 1280//1280 1281//1281 1278//1278 
f 1278//1278 1281//1281 1277//1277 
f 1281//1281 1282//1282 1277//1277 
f 1277//1277 1282//1282 1276//1276 
f 1282//1282 1283//1283 1276//1276 
f 1276//1276 1283//1283 1275//1275 
f 1283//1283 1283//1283 1275//1275 
f 1275//1275 1283//1283 1273//1273 
f 1283//1283 1284//1284 1273//1273 
f 1273//1273 1284//1284 1274//1274 
f 1284//1284 1284//1284 1274//1274 
f 1274//1274 1284//1284 1285//1285 
f 1284//1284 1286//1286 1285//1285 
f 1285//1285 1286//1286 1287//1287 
f 1286//1286 1281//1281 1287//1287 
f 1287//1287 1281//1281 1287//1287 
f 1281//1281 1280//1280 1287//1287 
f 1287//1287 1280//1280 1287//1287 
f 1280//1280 1251//1251 1287//1287 
f 1287//1287 1251//1251 1288//1288 
f 1251//1251 1252//1252 1288//1288 
f 1288//1288 1252//1252 1252//1252 
f 1252//1252 1281//1281 1252//1252 
f 1252//1252 1281//1281 1281//1281 
f 1281//1281 1286//1286 1281//1281 
f 1281//1281 1286//1286 1282//1282 
f 1286//1286 1289//1289 1282//1282 
f 1282//1282 1289//1289 1283//1283 
f 1289//1289 1289//1289 1283//1283 
f 1283//1283 1289//1289 1284//1284 
f 1289//1289 1286//1286 1284//1284 
f 1284//1284 1286//1286 1286//1286 
f 1286//1286 1287//1287 1286//1286 
f 1286//1286 1287//1287 1287//1287 
f 1287//1287 1288//1288 1287//1287 
f 1287//1287 1288//1288 1285//1285 
f 1288//1288 1290//1290 1285//1285 
f 1285//1285 1290//1290 1274//1274 
f 1290//1290 1290//1290 1274//1274 
f 1274//1274 1290//1290 1040//1040 
f 1290//1290 1291//1291 1040//1040 
f 1040//1040 1291//1291 976//976 
f 1291//1291 1253//1253 976//976 
f 976//976 1253//1253 976//976 
f 1253//1253 1266//1266 976//976 
f 976//976 1266//1266 972//972 
f 1266//1266 972//972 972//972 
f 972//972 972//972 1253//1253 
f 972//972 1253//1253 1253//1253 
f 1253//1253 1253//1253 1252//1252 
f 1253//1253 1291//1291 1252//1252 
f 1252//1252 1291//1291 1292//1292 
f 1291//1291 1290//1290 1292//1292 
f 1292//1292 1290//1290 1292//1292 
f 1290//1290 1288//1288 1292//1292 
f 1292//1292 1288//1288 1252//1252 
f 1288//1288 1252//1252 1252//1252 
f 1252//1252 1252//1252 1040//1040 
f 1252//1252 1040//1040 1040//1040 
f 1040//1040 1040//1040 1274//1274 
f 1040//1040 1039//1039 1274//1274 
f 1274//1274 1039//1039 1293//1293 
f 1039//1039 1025//1025 1293//1293 
f 1293//1293 1025//1025 1294//1294 
f 1025//1025 1110//1110 1294//1294 
f 1294//1294 1110//1110 1294//1294 
f 1110//1110 1295//1295 1294//1294 
f 1294//1294 1295//1295 1294//1294 
f 1295//1295 1296//1296 1294//1294 
f 1294//1294 1296//1296 1294//1294 
f 1296//1296 1080//1080 1294//1294 
f 1294//1294 1080//1080 1294//1294 
f 1080//1080 1084//1084 1294//1294 
f 1294//1294 1084//1084 1294//1294 
f 1084//1084 1086//1086 1294//1294 
f 1294//1294 1086//1086 1297//1297 
f 1086//1086 1156//1156 1297//1297 
f 1297//1297 1156//1156 1224//1224 
f 1156//1156 1157//1157 1224//1224 
f 1224//1224 1157//1157 1298//1298 
f 1157//1157 1174//1174 1298//1298 
f 1298//1298 1174//1174 1299//1299 
f 1174//1174 1179//1179 1299//1299 
f 1299//1299 1179//1179 1299//1299 
f 1179//1179 1300//1300 1299//1299 
f 1299//1299 1300//1300 1298//1298 
f 1300//1300 1301//1301 1298//1298 
f 1298//1298 1301//1301 1224//1224 
f 1301//1301 1301//1301 1224//1224 
f 1224//1224 1301//1301 1223//1223 
f 1301//1301 1302//1302 1223//1223 
f 1223//1223 1302//1302 1303//1303 
f 1302//1302 1304//1304 1303//1303 
f 1303//1303 1304//1304 1222//1222 
f 1304//1304 1304//1304 1222//1222 
f 1222//1222 1304//1304 1221//1221 
f 1304//1304 1305//1305 1221//1221 
f 1221//1221 1305//1305 1220//1220 
f 1305//1305 1305//1305 1220//1220 
f 1220//1220 1305//1305 1193//1193 
f 1305//1305 1306//1306 1193//1193 
f 1193//1193 1306//1306 1192//1192 
f 1306//1306 1307//1307 1192//1192 
f 1192//1192 1307//1307 1191//1191 
f 1307//1307 1307//1307 1191//1191 
f 1191//1191 1307//1307 1308//1308 
f 1307//1307 1306//1306 1308//1308 
f 1308//1308 1306//1306 1309//1309 
f 1306//1306 1305//1305 1309//1309 
f 1309//1309 1305//1305 1309//1309 
f 1305//1305 1304//1304 1309//1309 
f 1309//1309 1304//1304 1309//1309 
f 1304//1304 1302//1302 1309//1309 
f 1309//1309 1302//1302 1310//1310 
f 1302//1302 1301//1301 1310//1310 
f 1310//1310 1301//1301 1310//1310 
f 1301//1301 1300//1300 1310//1310 
f 1310//1310 1300//1300 1311//1311 
f 1300//1300 1179//1179 1311//1311 
f 1311//1311 1179//1179 1311//1311 
f 1179//1179 1178//1178 1311//1311 
f 1311//1311 1178//1178 1311//1311 
f 1178//1178 1191//1191 1311//1311 
f 1311//1311 1191//1191 1311//1311 
f 1191//1191 1308//1308 1311//1311 
f 1311//1311 1308//1308 1310//1310 
f 1308//1308 1309//1309 1310//1310 
f 1310//1310 1309//1309 1309//1309 
f 1309//1309 1222//1222 1309//1309 
f 1309//1309 1222//1222 1222//1222 
f 1222//1222 1223//1223 1222//1222 
f 1222//1222 1223//1223 1303//1303 
f 1223//1223 1303//1303 1303//1303 
f 1303//1303 1303//1303 1224//1224 
f 1303//1303 1224//1224 1224//1224 
f 1224//1224 1224//1224 1297//1297 
f 1224//1224 1225//1225 1297//1297 
f 1297//1297 1225//1225 1297//1297 
f 1225//1225 1312//1312 1297//1297 
f 1297//1297 1312//1312 1294//1294 
f 1312//1312 1312//1312 1294//1294 
f 1294//1294 1312//1312 1293//1293 
f 1312//1312 1313//1313 1293//1293 
f 1293//1293 1313//1313 1274//1274 
f 1313//1313 1313//1313 1274//1274 
f 1274//1274 1313//1313 1227//1227 
f 1313//1313 1313//1313 1227//1227 
f 1227//1227 1313//1313 1226//1226 
f 1313//1313 1314//1314 1226//1226 
f 1226//1226 1314//1314 1225//1225 
f 1314//1314 1314//1314 1225//1225 
f 1225//1225 1314//1314 1312//1312 
f 1314//1314 1313//1313 1312//1312 
f 1312//1312 1313//1313 1313//1313 
f 1313//1313 669//669 1313//1313 
f 1313//1313 669//669 669//669 
f 669//669 1315//1315 669//669 
f 669//669 1315//1315 547//547 
f 1315//1315 1316//1316 547//547 
f 547//547 1316//1316 547//547 
f 1316//1316 1317//1317 547//547 
f 547//547 1317//1317 547//547 
f 1317//1317 1318//1318 547//547 
f 547//547 1318//1318 538//538 
f 1318//1318 1319//1319 538//538 
f 538//538 1319//1319 538//538 
f 1319//1319 1320//1320 538//538 
f 538//538 1320//1320 538//538 
f 1320//1320 1321//1321 538//538 
f 538//538 1321//1321 538//538 
f 1321//1321 1322//1322 538//538 
f 538//538 1322//1322 538//538 
f 1322//1322 1323//1323 538//538 
f 538//538 1323//1323 538//538 
f 1323//1323 1324//1324 538//538 
f 538//538 1324//1324 538//538 
f 1324//1324 1325//1325 538//538 
f 538//538 1325//1325 538//538 
f 1325//1325 1326//1326 538//538 
f 538//538 1326//1326 887//887 
f 1326//1326 1326//1326 887//887 
f 887//887 1326//1326 890//890 
f 1326//1326 1327//1327 890//890 
f 890//890 1327//1327 890//890 
f 1327//1327 1328//1328 890//890 
f 890//890 1328//1328 890//890 
f 1328//1328 1329//1329 890//890 
f 890//890 1329//1329 890//890 
f 1329//1329 1330//1330 890//890 
f 890//890 1330//1330 890//890 
f 1330//1330 1331//1331 890//890 
f 890//890 1331//1331 890//890 
f 1331//1331 1332//1332 890//890 
f 890//890 1332//1332 890//890 
f 1332//1332 1333//1333 890//890 
f 890//890 1333//1333 890//890 
f 1333//1333 1334//1334 890//890 
f 890//890 1334//1334 684//684 
f 1334//1334 1335//1335 684//684 
f 684//684 1335//1335 684//684 
f 1335//1335 1336//1336 684//684 
f 684//684 1336//1336 702//702 
f 1336//1336 702//702 702//702 
f 702//702 702//702 1066//1066 
f 702//702 1066//1066 1066//1066 
f 1066//1066 1066//1066 1337//1337 
f 1066//1066 684//684 1337//1337 
f 1337//1337 684//684 1338//1338 
f 684//684 684//684 1338//1338 
f 1338//1338 684//684 1339//1339 
f 684//684 688//688 1339//1339 
f 1339//1339 688//688 1340//1340 
f 688//688 688//688 1340//1340 
f 1340//1340 688//688 1341//1341 
f 688//688 688//688 1341//1341 
f 1341//1341 688//688 1342//1342 
f 688//688 688//688 1342//1342 
f 1342//1342 688//688 1343//1343 
f 688//688 688//688 1343//1343 
f 1343//1343 688//688 1344//1344 
f 688//688 688//688 1344//1344 
f 1344//1344 688//688 1345//1345 
f 688//688 688//688 1345//1345 
f 1345//1345 688//688 1117//1117 
f 688//688 694//694 1117//1117 
f 1117//1117 694//694 694//694 
f 694//694 553//553 694//694 
f 694//694 553//553 553//553 
f 553//553 1346//1346 553//553 
f 553//553 1346//1346 547//547 
f 1346//1346 1347//1347 547//547 
f 547//547 1347//1347 547//547 
f 1347//1347 1348//1348 547//547 
f 547//547 1348//1348 547//547 
f 1348//1348 1349//1349 547//547 
f 547//547 1349//1349 660//660 
f 1349//1349 1350//1350 660//660 
f 660//660 1350//1350 660//660 
f 1350//1350 1351//1351 660//660 
f 660//660 1351//1351 660//660 
f 1351//1351 1352//1352 660//660 
f 660//660 1352//1352 660//660 
f 1352//1352 1353//1353 660//660 
f 660//660 1353//1353 660//660 
f 1353//1353 1354//1354 660//660 
f 660//660 1354//1354 660//660 
f 1354//1354 1355//1355 660//660 
f 660//660 1355//1355 591//591 
f 1355//1355 1356//1356 591//591 
f 591//591 1356//1356 591//591 
f 1356//1356 1357//1357 591//591 
f 591//591 1357//1357 591//591 
f 1357//1357 1358//1358 591//591 
f 591//591 1358//1358 591//591 
f 1358//1358 1359//1359 591//591 
f 591//591 1359//1359 632//632 
f 1359//1359 632//632 632//632 
f 632//632 632//632 952//952 
f 632//632 952//952 952//952 
f 952//952 952//952 1360//1360 
f 952//952 900//900 1360//1360 
f 1360//1360 900//900 999//999 

