mtllib model_17.mtl
o model_17
v -0.9248849749565125 -4.816902160644531 1.1723179817199707 
v -0.9256830215454102 -4.817453861236572 1.1710189580917358 
v -0.9257619976997375 -4.815743923187256 1.1708600521087646 
v -0.9243000149726868 -4.816614151000977 1.1697180271148682 
v -0.9229270219802856 -4.809068202972412 1.1707489490509033 
v -0.9211660027503967 -4.809412956237793 1.169746994972229 
v -0.916949987411499 -4.8076090812683105 1.1506179571151733 
v -0.9211660027503967 -4.809412956237793 1.169746994972229 
v -0.9204260110855103 -4.814705848693848 1.1506249904632568 
v -0.9243000149726868 -4.816614151000977 1.1697180271148682 
v -0.9275490045547485 -4.818640232086182 1.1710150241851807 
v -0.9256830215454102 -4.817453861236572 1.1710189580917358 
v -0.9322929978370667 -4.821173191070557 1.1901240348815918 
v -0.9248849749565125 -4.816902160644531 1.1723179817199707 
v -0.9289630055427551 -4.818911075592041 1.1888270378112793 
v -0.9303699731826782 -4.819828987121582 1.1901240348815918 
v -0.929623007774353 -4.819202899932861 1.1914149522781372 
v -0.9394500255584717 -4.824227809906006 1.2173130512237549 
v -0.9360949993133545 -4.821759223937988 1.2160229682922363 
v -0.9374819993972778 -4.822703838348389 1.2173130512237549 
v -0.9367560148239136 -4.822031021118164 1.2186059951782227 
v -0.944907009601593 -4.82665491104126 1.2389500141143799 
v -0.9414640069007874 -4.824049949645996 1.2375489473342896 
v -0.9428269863128662 -4.825010776519775 1.23888099193573 
v -0.9421120285987854 -4.82434606552124 1.2401469945907593 
v -0.9495000243186951 -4.828828811645508 1.2563860416412354 
v -0.9458420276641846 -4.826138019561768 1.2550480365753174 
v -0.9472219944000244 -4.827096939086914 1.256356954574585 
v -0.9464669823646545 -4.826455116271973 1.2576450109481812 
v -0.9540590047836304 -4.831118106842041 1.2747009992599487 
v -0.950094997882843 -4.8283867835998535 1.2733720541000366 
v -0.951479971408844 -4.829308032989502 1.2746809720993042 
v -0.9506840109825134 -4.828707218170166 1.2759759426116943 
v -0.9592440128326416 -4.833798885345459 1.2961009740829468 
v -0.9548559784889221 -4.831026077270508 1.294774055480957 
v -0.95626300573349 -4.831899166107178 1.2960840463638306 
v -0.9554449915885925 -4.831348896026611 1.2973790168762207 
v -0.9635050296783447 -4.835974216461182 1.3132209777832031 
v -0.9587849974632263 -4.83316707611084 1.3119219541549683 
v -0.960220992565155 -4.834010124206543 1.3132209777832031 
v -0.9593949913978577 -4.83349084854126 1.3145179748535156 
v -0.9678440093994141 -4.838119983673096 1.3301680088043213 
v -0.9628469944000244 -4.835282802581787 1.3288710117340088 
v -0.9643099904060364 -4.83610200881958 1.3301680088043213 
v -0.9634739756584167 -4.835604190826416 1.3314640522003174 
v -0.9712380170822144 -4.8397722244262695 1.3434070348739624 
v -0.966060996055603 -4.836912155151367 1.3421080112457275 
v -0.9675359725952148 -4.837716102600098 1.3434070348739624 
v -0.9667549729347229 -4.8372321128845215 1.344689965248108 
v -0.9755510091781616 -4.841668128967285 1.358659029006958 
v -0.9751269817352295 -4.840789794921875 1.373100996017456 
v -0.9803500175476074 -4.843705177307129 1.3743840456008911 
v -0.976656973361969 -4.841606140136719 1.3743840456008911 
v -0.9759299755096436 -4.841111183166504 1.3756539821624756 
v -0.9840829968452454 -4.845184803009033 1.3859529495239258 
v -0.9789490103721619 -4.842251777648926 1.3846830129623413 
v -0.9805160164833069 -4.843084812164307 1.3859529495239258 
v -0.9798150062561035 -4.842562198638916 1.3872159719467163 
v -0.98922199010849 -4.847057819366455 1.401811957359314 
v -0.9849179983139038 -4.844295978546143 1.4018139839172363 
v -0.9234899878501892 -4.816472053527832 1.1506229639053345 
v 0.9789490103721619 -4.842251777648926 1.3846830129623413 
v 0.9805160164833069 -4.843084812164307 1.3859529495239258 
v 0.9759299755096436 -4.841111183166504 1.3756539821624756 
v 0.9766579866409302 -4.841606140136719 1.3743840456008911 
v 0.9806339740753174 -4.843107223510742 1.3723039627075195 
v 0.9763399958610535 -4.841131210327148 1.357550024986267 
v 0.9849280118942261 -4.845081806182861 1.3870580196380615 
v 0.9798150062561035 -4.842562198638916 1.3872159719467163 
v 0.98922199010849 -4.847057819366455 1.401811957359314 
v 0.9849179983139038 -4.844295978546143 1.4018139839172363 
v 0.987591028213501 -4.843076229095459 1.3859529495239258 
v 0.9891059994697571 -4.842544078826904 1.387218952178955 
v 0.9934679865837097 -4.844286918640137 1.4018030166625977 
v 0.9751269817352295 -4.840789794921875 1.373100996017456 
v 0.9667549729347229 -4.8372321128845215 1.344689965248108 
v 0.9675359725952148 -4.837716102600098 1.3434070348739624 
v 0.9720460176467896 -4.839155197143555 1.342795968055725 
v 0.9660620093345642 -4.836912155151367 1.3421080112457275 
v 0.9634739756584167 -4.835604190826416 1.3314640522003174 
v 0.9643099904060364 -4.83610200881958 1.3301680088043213 
v 0.9681699872016907 -4.837371826171875 1.3294800519943237 
v 0.9628469944000244 -4.835282802581787 1.3288710117340088 
v 0.9593949913978577 -4.83349084854126 1.3145179748535156 
v 0.9634569883346558 -4.835203170776367 1.3132890462875366 
v 0.960220992565155 -4.834010124206543 1.3132209777832031 
v 0.9587849974632263 -4.83316707611084 1.3119219541549683 
v 0.9554449915885925 -4.831348896026611 1.2973790168762207 
v 0.9562640190124512 -4.831899166107178 1.2960840463638306 
v 0.9595280289649963 -4.8328351974487305 1.2960220575332642 
v 0.9548559784889221 -4.831026077270508 1.294774055480957 
v 0.9506840109825134 -4.828707218170166 1.2759759426116943 
v 0.951479971408844 -4.829308032989502 1.2746809720993042 
v 0.9540159702301025 -4.8300628662109375 1.2742940187454224 
v 0.950094997882843 -4.8283867835998535 1.2733720541000366 
v 0.9464669823646545 -4.826455116271973 1.2576450109481812 
v 0.9493370056152344 -4.827591896057129 1.2564719915390015 
v 0.9472219944000244 -4.827096939086914 1.256356954574585 
v 0.9458420276641846 -4.826138019561768 1.2550480365753174 
v 0.9421129822731018 -4.82434606552124 1.2401469945907593 
v 0.9428269863128662 -4.825010776519775 1.23888099193573 
v 0.9445300102233887 -4.825115203857422 1.2386070489883423 
v 0.9414640069007874 -4.824049949645996 1.2375489473342896 
v 0.9367560148239136 -4.822031021118164 1.2186059951782227 
v 0.9374819993972778 -4.822703838348389 1.2173130512237549 
v 0.9387850165367126 -4.8222270011901855 1.2171440124511719 
v 0.9360949993133545 -4.821759223937988 1.2160229682922363 
v 0.929623007774353 -4.819202899932861 1.1914149522781372 
v 0.9303699731826782 -4.819828987121582 1.1901240348815918 
v 0.931788980960846 -4.817986011505127 1.189674973487854 
v 0.9289640188217163 -4.818911075592041 1.1888270378112793 
v 0.9248849749565125 -4.816902160644531 1.1723179817199707 
v 0.9267380237579346 -4.815301895141602 1.1714160442352295 
v 0.9256830215454102 -4.817453861236572 1.1710189580917358 
v 0.9243000149726868 -4.816614151000977 1.1697180271148682 
v 0.9204260110855103 -4.814705848693848 1.1506249904632568 
v 0.9234899878501892 -4.816472053527832 1.1506229639053345 
v 0.9279130101203918 -4.815301895141602 1.1714160442352295 
v 0.9256380200386047 -4.8126020431518555 1.1506119966506958 
v 0.9296339750289917 -4.814855098724365 1.1697310209274292 
v 0.9279130101203918 -4.815301895141602 1.1714160442352295 
v 0.9302269816398621 -4.815188884735107 1.1723109483718872 
v 0.9343870282173157 -4.817534923553467 1.1888400316238403 
v 0.9327309727668762 -4.81792688369751 1.1905529499053955 
v 0.9350590109825134 -4.817876815795898 1.1914019584655762 
v 0.9417799711227417 -4.820952892303467 1.216035008430481 
v 0.9401190280914307 -4.82114315032959 1.2177319526672363 
v 0.9424669742584229 -4.821268081665039 1.2185930013656616 
v 0.9474890232086182 -4.823566913604736 1.237589955329895 
v 0.9458289742469788 -4.823596000671387 1.2393100261688232 
v 0.9481819868087769 -4.823884963989258 1.2401490211486816 
v 0.9523389935493469 -4.825806140899658 1.2551209926605225 
v 0.9517049789428711 -4.826852798461914 1.2563929557800293 
v 0.9530360102653503 -4.826129913330078 1.257673978805542 
v 0.9572640061378479 -4.828121185302734 1.273440957069397 
v 0.9565709829330444 -4.829110145568848 1.2747130393981934 
v 0.9579430222511292 -4.828444004058838 1.2759970426559448 
v 0.9629120230674744 -4.830818176269531 1.2948329448699951 
v 0.9621649980545044 -4.831741809844971 1.2961089611053467 
v 0.963591992855072 -4.831141948699951 1.2973870038986206 
v 0.9675059914588928 -4.833002090454102 1.3119410276412964 
v 0.9667369723320007 -4.833885192871094 1.3132209777832031 
v -0.9934679865837097 -4.844286918640137 1.4018030166625977 
v -0.98922199010849 -4.847057819366455 1.401811957359314 
v -0.9891059994697571 -4.842544078826904 1.387218952178955 
v -0.987591028213501 -4.843076229095459 1.3859529495239258 
v -0.9840829968452454 -4.845184803009033 1.3859529495239258 
v -0.9883360266685486 -4.8422322273254395 1.3846919536590576 
v -0.9855300188064575 -4.841075897216797 1.3756450414657593 
v -0.9839940071105957 -4.841582775115967 1.3743840456008911 
v -0.9803500175476074 -4.843705177307129 1.3743840456008911 
v -0.9847580194473267 -4.840752124786377 1.3731210231781006 
v -0.9807720184326172 -4.839044094085693 1.3599220514297485 
v -0.9792420268058777 -4.839541912078857 1.358659029006958 
v -0.9755510091781616 -4.841668128967285 1.358659029006958 
v -0.9800289869308472 -4.838722229003906 1.357388973236084 
v -0.9764059782028198 -4.8371381759643555 1.3446760177612305 
v -0.9748979806900024 -4.837646007537842 1.3434070348739624 
v -0.9712380170822144 -4.8397722244262695 1.3434070348739624 
v -0.9756990075111389 -4.83682107925415 1.3421319723129272 
v -0.9728050231933594 -4.835480213165283 1.331447958946228 
v -0.9713249802589417 -4.836008071899414 1.3301680088043213 
v -0.9678440093994141 -4.838119983673096 1.3301680088043213 
v -0.9721109867095947 -4.8351569175720215 1.328889012336731 
v -0.9681980013847351 -4.833327770233154 1.3144999742507935 
v -0.9667369723320007 -4.833885192871094 1.3132209777832031 
v -0.9635050296783447 -4.835974216461182 1.3132209777832031 
v -0.9675059914588928 -4.833002090454102 1.3119410276412964 
v -0.963591992855072 -4.831141948699951 1.2973870038986206 
v -0.9621649980545044 -4.831741809844971 1.2961089611053467 
v -0.9592440128326416 -4.833798885345459 1.2961009740829468 
v -0.9629120230674744 -4.830818176269531 1.2948329448699951 
v -0.9579430222511292 -4.828444004058838 1.2759970426559448 
v -0.9565709829330444 -4.829110145568848 1.2747130393981934 
v -0.9540590047836304 -4.831118106842041 1.2747009992599487 
v -0.9572640061378479 -4.828121185302734 1.273440957069397 
v -0.9530349969863892 -4.826129913330078 1.257673978805542 
v -0.9517049789428711 -4.826852798461914 1.2563929557800293 
v -0.9495000243186951 -4.828828811645508 1.2563860416412354 
v -0.9523389935493469 -4.825806140899658 1.2551209926605225 
v -0.9481819868087769 -4.823884963989258 1.2401490211486816 
v -0.9458289742469788 -4.823596000671387 1.2393100261688232 
v -0.944907009601593 -4.82665491104126 1.2389500141143799 
v -0.9394500255584717 -4.824227809906006 1.2173130512237549 
v -0.9474890232086182 -4.823566913604736 1.237589955329895 
v -0.9424669742584229 -4.821268081665039 1.2185930013656616 
v -0.9401190280914307 -4.82114315032959 1.2177319526672363 
v -0.9322929978370667 -4.821173191070557 1.1901240348815918 
v -0.9417799711227417 -4.820952892303467 1.216035008430481 
v -0.9327309727668762 -4.81792688369751 1.1905529499053955 
v -0.9350579977035522 -4.817876815795898 1.1914019584655762 
v -0.9275490045547485 -4.818640232086182 1.1710150241851807 
v -0.9279130101203918 -4.815301895141602 1.1714160442352295 
v -0.9234899878501892 -4.816472053527832 1.1506229639053345 
v -0.9256380200386047 -4.8126020431518555 1.1506119966506958 
v -0.9296339750289917 -4.814855098724365 1.1697310209274292 
v -0.9343870282173157 -4.817534923553467 1.1888400316238403 
v -0.9302269816398621 -4.815188884735107 1.1723109483718872 
v 0.9748979806900024 -4.837646007537842 1.3434070348739624 
v 0.9764059782028198 -4.8371381759643555 1.3446760177612305 
v 0.9800289869308472 -4.838722229003906 1.357388973236084 
v 0.9792429804801941 -4.839541912078857 1.358659029006958 
v 0.016993999481201172 -0.5992109775543213 1.783821940422058 
v 0.016795000061392784 -0.5986379981040955 1.7853670120239258 
v 0.016992000862956047 -0.5992059707641602 1.7829140424728394 
v 0.0167859997600317 -0.5986160039901733 1.781417965888977 
v 0.016307000070810318 -0.5972399711608887 1.786115050315857 
v 0.016293000429868698 -0.5972070097923279 1.7807860374450684 
v 0.015766000375151634 -0.5956889986991882 1.7862600088119507 
v 0.015738999471068382 -0.5956230163574219 1.780769944190979 
v 0.015273000113666058 -0.5942800045013428 1.7857739925384521 
v 0.01525100041180849 -0.5942239761352539 1.7813719511032104 
v 0.015062999911606312 -0.5936800241470337 1.7843389511108398 
v 0.015054999850690365 -0.5936610102653503 1.7828559875488281 
v 0.0129399998113513 -0.5883700251579285 1.7849299907684326 
v 0.012923999689519405 -0.5883309841156006 1.7824269533157349 
v 0.012714000418782234 -0.5878239870071411 1.7864660024642944 
v 0.012683000415563583 -0.5877479910850525 1.780822992324829 
v 0.012149999849498272 -0.5864599943161011 1.7871949672698975 
v 0.012120000086724758 -0.5863860249519348 1.7799290418624878 
v 0.01172299962490797 -0.5854269862174988 1.7872799634933472 
v 0.011680999770760536 -0.5853250026702881 1.7797119617462158 
v 0.01115300040692091 -0.5840489864349365 1.78677499294281 
v 0.011123999953269958 -0.583977997303009 1.7800519466400146 
v 0.010912000201642513 -0.5834670066833496 1.7853319644927979 
v 0.010897999629378319 -0.5834310054779053 1.781427025794983 
v 0.019809000194072723 -0.6106950044631958 1.7829649448394775 
v 0.019675999879837036 -0.6100929975509644 1.7814719676971436 
v 0.019809000194072723 -0.6106950044631958 1.7836649417877197 
v 0.019675999879837036 -0.6100929975509644 1.7851519584655762 
v 0.019353000447154045 -0.6086379885673523 1.7808469533920288 
v 0.019353000447154045 -0.6086379885673523 1.7857619524002075 
v 0.018981000408530235 -0.6069650053977966 1.780837059020996 
v 0.018982000648975372 -0.6069679856300354 1.7857539653778076 
v 0.018658999353647232 -0.6055129766464233 1.7851300239562988 
v 0.018657999113202095 -0.6055110096931458 1.7814459800720215 
v 0.018525000661611557 -0.6049100160598755 1.7836370468139648 
v 0.018525000661611557 -0.6049090027809143 1.7829320430755615 
v 0.0018260000506415963 -0.5772669911384583 1.79019296169281 
v 0.0030159999150782824 -0.5772740244865417 1.7897000312805176 
v 0 -0.5772550106048584 1.79019296169281 
v 0.0035089999437332153 -0.5772770047187805 1.7885099649429321 
v 0.0035089999437332153 -0.5772770047187805 1.7807589769363403 
v 0.0030159999150782824 -0.5772740244865417 1.7795690298080444 
v 0.0018260000506415963 -0.5772669911384583 1.7790759801864624 
v 0 -0.5772550106048584 1.7790759801864624 
v -0.0030159999150782824 -0.5772740244865417 1.7795690298080444 
v -0.0018260000506415963 -0.5772669911384583 1.7790759801864624 
v -0.0035089999437332153 -0.5772770047187805 1.7807589769363403 
v -0.0035089999437332153 -0.5772770047187805 1.7885099649429321 
v -0.0030159999150782824 -0.5772740244865417 1.7897000312805176 
v -0.0018260000506415963 -0.5772669911384583 1.79019296169281 
v -0.016993999481201172 -0.5992109775543213 1.783821940422058 
v -0.016992000862956047 -0.5992059707641602 1.7829140424728394 
v -0.016795000061392784 -0.5986379981040955 1.7853670120239258 
v -0.0167859997600317 -0.5986160039901733 1.781417965888977 
v -0.016307000070810318 -0.5972399711608887 1.786115050315857 
v -0.016293000429868698 -0.5972070097923279 1.7807860374450684 
v -0.015766000375151634 -0.5956889986991882 1.7862600088119507 
v -0.015738999471068382 -0.5956230163574219 1.780769944190979 
v -0.015273000113666058 -0.5942800045013428 1.7857739925384521 
v -0.01525100041180849 -0.5942239761352539 1.7813719511032104 
v -0.015062999911606312 -0.5936800241470337 1.7843389511108398 
v -0.015054999850690365 -0.5936610102653503 1.7828559875488281 
v -0.0129399998113513 -0.5883700251579285 1.7849299907684326 
v -0.012923999689519405 -0.5883309841156006 1.7824269533157349 
v -0.012714000418782234 -0.5878239870071411 1.7864660024642944 
v -0.012683000415563583 -0.5877479910850525 1.780822992324829 
v -0.012149999849498272 -0.5864599943161011 1.7871949672698975 
v -0.012120000086724758 -0.5863860249519348 1.7799290418624878 
v -0.01172299962490797 -0.5854269862174988 1.7872799634933472 
v -0.011680999770760536 -0.5853250026702881 1.7797119617462158 
v -0.01115300040692091 -0.5840489864349365 1.78677499294281 
v -0.011123999953269958 -0.583977997303009 1.7800519466400146 
v -0.010912000201642513 -0.5834670066833496 1.7853319644927979 
v -0.010897999629378319 -0.5834310054779053 1.781427025794983 
v -0.019809000194072723 -0.6106950044631958 1.7836649417877197 
v -0.019809000194072723 -0.6106950044631958 1.7829649448394775 
v -0.019675999879837036 -0.6100929975509644 1.7851519584655762 
v -0.019675999879837036 -0.6100929975509644 1.7814719676971436 
v -0.019353000447154045 -0.6086379885673523 1.7857619524002075 
v -0.019353000447154045 -0.6086379885673523 1.7808469533920288 
v -0.018982000648975372 -0.6069679856300354 1.7857539653778076 
v -0.018981000408530235 -0.6069650053977966 1.780837059020996 
v -0.018658999353647232 -0.6055129766464233 1.7851300239562988 
v -0.018657999113202095 -0.6055110096931458 1.7814459800720215 
v -0.018525000661611557 -0.6049100160598755 1.7836370468139648 
v -0.018525000661611557 -0.6049090027809143 1.7829320430755615 
v -0.04106299951672554 -4.792273998260498 0.7549930214881897 
v -0.04299699887633324 -4.792273998260498 0.7548019886016846 
v -0.04106299951672554 -4.79675817489624 0.7625290155410767 
v -0.04446699842810631 -4.79675817489624 0.7621939778327942 
v -0.04299699887633324 -4.792273998260498 0.7548019886016846 
v -0.0448560006916523 -4.792273998260498 0.7542380094528198 
v -0.04446699842810631 -4.79675817489624 0.7621939778327942 
v -0.04774000123143196 -4.79675817489624 0.761201024055481 
v -0.0448560006916523 -4.792273998260498 0.7542380094528198 
v -0.04656999930739403 -4.792273998260498 0.7533220052719116 
v -0.04774000123143196 -4.79675817489624 0.761201024055481 
v -0.05075699836015701 -4.79675817489624 0.7595880031585693 
v -0.04656999930739403 -4.792273998260498 0.7533220052719116 
v -0.04807199910283089 -4.792273998260498 0.7520899772644043 
v -0.05075699836015701 -4.79675817489624 0.7595880031585693 
v -0.053401000797748566 -4.79675817489624 0.7574189901351929 
v -0.04807199910283089 -4.792273998260498 0.7520899772644043 
v -0.04930400103330612 -4.792273998260498 0.7505879998207092 
v -0.053401000797748566 -4.79675817489624 0.7574189901351929 
v -0.05557100102305412 -4.79675817489624 0.7547749876976013 
v -0.04930400103330612 -4.792273998260498 0.7505879998207092 
v -0.050220001488924026 -4.792273998260498 0.7488740086555481 
v -0.05557100102305412 -4.79675817489624 0.7547749876976013 
v -0.057183001190423965 -4.79675817489624 0.7517579793930054 
v -0.050220001488924026 -4.792273998260498 0.7488740086555481 
v -0.050783999264240265 -4.792273998260498 0.7470149993896484 
v -0.057183001190423965 -4.79675817489624 0.7517579793930054 
v -0.05817599967122078 -4.79675817489624 0.7484850287437439 
v -0.050783999264240265 -4.792273998260498 0.7470149993896484 
v -0.050974998623132706 -4.792273998260498 0.7450810074806213 
v -0.05817599967122078 -4.79675817489624 0.7484850287437439 
v -0.058511000126600266 -4.79675817489624 0.7450810074806213 
v -0.050974998623132706 -4.792273998260498 0.7450810074806213 
v -0.050783999264240265 -4.792273998260498 0.7431470155715942 
v -0.058511000126600266 -4.79675817489624 0.7450810074806213 
v -0.05817599967122078 -4.79675817489624 0.7416769862174988 
v -0.050783999264240265 -4.792273998260498 0.7431470155715942 
v -0.050220001488924026 -4.792273998260498 0.7412880063056946 
v -0.05817599967122078 -4.79675817489624 0.7416769862174988 
v -0.057183001190423965 -4.79675817489624 0.7384039759635925 
v -0.050220001488924026 -4.792273998260498 0.7412880063056946 
v -0.04930400103330612 -4.792273998260498 0.7395750284194946 
v -0.057183001190423965 -4.79675817489624 0.7384039759635925 
v -0.05557100102305412 -4.79675817489624 0.7353879809379578 
v -0.04930400103330612 -4.792273998260498 0.7395750284194946 
v -0.04807199910283089 -4.792273998260498 0.7380729913711548 
v -0.05557100102305412 -4.79675817489624 0.7353879809379578 
v -0.053401000797748566 -4.79675817489624 0.7327439785003662 
v -0.04807199910283089 -4.792273998260498 0.7380729913711548 
v -0.04656999930739403 -4.792273998260498 0.736840009689331 
v -0.053401000797748566 -4.79675817489624 0.7327439785003662 
v -0.05075699836015701 -4.79675817489624 0.7305740118026733 
v -0.04656999930739403 -4.792273998260498 0.736840009689331 
v -0.0448560006916523 -4.792273998260498 0.7359240055084229 
v -0.05075699836015701 -4.79675817489624 0.7305740118026733 
v -0.04774000123143196 -4.79675817489624 0.7289609909057617 
v -0.0448560006916523 -4.792273998260498 0.7359240055084229 
v -0.04299699887633324 -4.792273998260498 0.7353600263595581 
v -0.04774000123143196 -4.79675817489624 0.7289609909057617 
v -0.04446699842810631 -4.79675817489624 0.7279689908027649 
v -0.04299699887633324 -4.792273998260498 0.7353600263595581 
v -0.04106299951672554 -4.792273998260498 0.7351700067520142 
v -0.04446699842810631 -4.79675817489624 0.7279689908027649 
v -0.04106299951672554 -4.79675817489624 0.727632999420166 
v -0.04106299951672554 -4.792273998260498 0.7351700067520142 
v -0.03912999853491783 -4.792273998260498 0.7353600263595581 
v -0.04106299951672554 -4.79675817489624 0.727632999420166 
v -0.03765999898314476 -4.79675817489624 0.7279689908027649 
v -0.03912999853491783 -4.792273998260498 0.7353600263595581 
v -0.03726999834179878 -4.792273998260498 0.7359240055084229 
v -0.03765999898314476 -4.79675817489624 0.7279689908027649 
v -0.03438600152730942 -4.79675817489624 0.7289609909057617 
v -0.03726999834179878 -4.792273998260498 0.7359240055084229 
v -0.03555700182914734 -4.792273998260498 0.736840009689331 
v -0.03438600152730942 -4.79675817489624 0.7289609909057617 
v -0.031369999051094055 -4.79675817489624 0.7305740118026733 
v -0.03555700182914734 -4.792273998260498 0.736840009689331 
v -0.03405499830842018 -4.792273998260498 0.7380729913711548 
v -0.031369999051094055 -4.79675817489624 0.7305740118026733 
v -0.0287260003387928 -4.79675817489624 0.7327439785003662 
v -0.03405499830842018 -4.792273998260498 0.7380729913711548 
v -0.03282200172543526 -4.792273998260498 0.7395750284194946 
v -0.0287260003387928 -4.79675817489624 0.7327439785003662 
v -0.026556000113487244 -4.79675817489624 0.7353879809379578 
v -0.03282200172543526 -4.792273998260498 0.7395750284194946 
v -0.03190600126981735 -4.792273998260498 0.7412880063056946 
v -0.026556000113487244 -4.79675817489624 0.7353879809379578 
v -0.0249439999461174 -4.79675817489624 0.7384039759635925 
v -0.03190600126981735 -4.792273998260498 0.7412880063056946 
v -0.031341999769210815 -4.792273998260498 0.7431470155715942 
v -0.0249439999461174 -4.79675817489624 0.7384039759635925 
v -0.023950999602675438 -4.79675817489624 0.7416769862174988 
v -0.031341999769210815 -4.792273998260498 0.7431470155715942 
v -0.03115200065076351 -4.792273998260498 0.7450810074806213 
v -0.023950999602675438 -4.79675817489624 0.7416769862174988 
v -0.023615999147295952 -4.79675817489624 0.7450810074806213 
v -0.03115200065076351 -4.792273998260498 0.7450810074806213 
v -0.031341999769210815 -4.792273998260498 0.7470149993896484 
v -0.023615999147295952 -4.79675817489624 0.7450810074806213 
v -0.023950999602675438 -4.79675817489624 0.7484850287437439 
v -0.031341999769210815 -4.792273998260498 0.7470149993896484 
v -0.03190600126981735 -4.792273998260498 0.7488740086555481 
v -0.023950999602675438 -4.79675817489624 0.7484850287437439 
v -0.0249439999461174 -4.79675817489624 0.7517579793930054 
v -0.03190600126981735 -4.792273998260498 0.7488740086555481 
v -0.03282200172543526 -4.792273998260498 0.7505879998207092 
v -0.0249439999461174 -4.79675817489624 0.7517579793930054 
v -0.026556000113487244 -4.79675817489624 0.7547749876976013 
v -0.03282200172543526 -4.792273998260498 0.7505879998207092 
v -0.03405499830842018 -4.792273998260498 0.7520899772644043 
v -0.026556000113487244 -4.79675817489624 0.7547749876976013 
v -0.0287260003387928 -4.79675817489624 0.7574189901351929 
v -0.03405499830842018 -4.792273998260498 0.7520899772644043 
v -0.03555700182914734 -4.792273998260498 0.7533220052719116 
v -0.0287260003387928 -4.79675817489624 0.7574189901351929 
v -0.031369999051094055 -4.79675817489624 0.7595880031585693 
v -0.03555700182914734 -4.792273998260498 0.7533220052719116 
v -0.03726999834179878 -4.792273998260498 0.7542380094528198 
v -0.031369999051094055 -4.79675817489624 0.7595880031585693 
v -0.03438600152730942 -4.79675817489624 0.761201024055481 
v -0.03726999834179878 -4.792273998260498 0.7542380094528198 
v -0.03912999853491783 -4.792273998260498 0.7548019886016846 
v -0.03438600152730942 -4.79675817489624 0.761201024055481 
v -0.03765999898314476 -4.79675817489624 0.7621939778327942 
v -0.03912999853491783 -4.792273998260498 0.7548019886016846 
v -0.04106299951672554 -4.792273998260498 0.7549930214881897 
v -0.03765999898314476 -4.79675817489624 0.7621939778327942 
v -0.04106299951672554 -4.79675817489624 0.7625290155410767 
v -0.04106299951672554 -4.792273998260498 0.7161030173301697 
v -0.04299699887633324 -4.792273998260498 0.7159119844436646 
v -0.04106299951672554 -4.79675817489624 0.7236390113830566 
v -0.04446699842810631 -4.79675817489624 0.7233039736747742 
v -0.04299699887633324 -4.792273998260498 0.7159119844436646 
v -0.0448560006916523 -4.792273998260498 0.7153480052947998 
v -0.04446699842810631 -4.79675817489624 0.7233039736747742 
v -0.04774000123143196 -4.79675817489624 0.7223110198974609 
v -0.0448560006916523 -4.792273998260498 0.7153480052947998 
v -0.04656999930739403 -4.792273998260498 0.7144320011138916 
v -0.04774000123143196 -4.79675817489624 0.7223110198974609 
v -0.05075699836015701 -4.79675817489624 0.7206990122795105 
v -0.04656999930739403 -4.792273998260498 0.7144320011138916 
v -0.04807199910283089 -4.792273998260498 0.7131999731063843 
v -0.05075699836015701 -4.79675817489624 0.7206990122795105 
v -0.053401000797748566 -4.79675817489624 0.7185289859771729 
v -0.04807199910283089 -4.792273998260498 0.7131999731063843 
v -0.04930400103330612 -4.792273998260498 0.7116979956626892 
v -0.053401000797748566 -4.79675817489624 0.7185289859771729 
v -0.05557100102305412 -4.79675817489624 0.7158849835395813 
v -0.04930400103330612 -4.792273998260498 0.7116979956626892 
v -0.050220001488924026 -4.792273998260498 0.7099840044975281 
v -0.05557100102305412 -4.79675817489624 0.7158849835395813 
v -0.057183001190423965 -4.79675817489624 0.7128679752349854 
v -0.050220001488924026 -4.792273998260498 0.7099840044975281 
v -0.050783999264240265 -4.792273998260498 0.7081249952316284 
v -0.057183001190423965 -4.79675817489624 0.7128679752349854 
v -0.05817599967122078 -4.79675817489624 0.7095950245857239 
v -0.050783999264240265 -4.792273998260498 0.7081249952316284 
v -0.050974998623132706 -4.792273998260498 0.7061910033226013 
v -0.05817599967122078 -4.79675817489624 0.7095950245857239 
v -0.058511000126600266 -4.79675817489624 0.7061910033226013 
v -0.050974998623132706 -4.792273998260498 0.7061910033226013 
v -0.050783999264240265 -4.792273998260498 0.7042580246925354 
v -0.058511000126600266 -4.79675817489624 0.7061910033226013 
v -0.05817599967122078 -4.79675817489624 0.7027869820594788 
v -0.050783999264240265 -4.792273998260498 0.7042580246925354 
v -0.050220001488924026 -4.792273998260498 0.7023980021476746 
v -0.05817599967122078 -4.79675817489624 0.7027869820594788 
v -0.057183001190423965 -4.79675817489624 0.6995139718055725 
v -0.050220001488924026 -4.792273998260498 0.7023980021476746 
v -0.04930400103330612 -4.792273998260498 0.7006850242614746 
v -0.057183001190423965 -4.79675817489624 0.6995139718055725 
v -0.05557100102305412 -4.79675817489624 0.6964979767799377 
v -0.04930400103330612 -4.792273998260498 0.7006850242614746 
v -0.04807199910283089 -4.792273998260498 0.6991829872131348 
v -0.05557100102305412 -4.79675817489624 0.6964979767799377 
v -0.053401000797748566 -4.79675817489624 0.6938539743423462 
v -0.04807199910283089 -4.792273998260498 0.6991829872131348 
v -0.04656999930739403 -4.792273998260498 0.697950005531311 
v -0.053401000797748566 -4.79675817489624 0.6938539743423462 
v -0.05075699836015701 -4.79675817489624 0.6916840076446533 
v -0.04656999930739403 -4.792273998260498 0.697950005531311 
v -0.0448560006916523 -4.792273998260498 0.6970340013504028 
v -0.05075699836015701 -4.79675817489624 0.6916840076446533 
v -0.04774000123143196 -4.79675817489624 0.6900709867477417 
v -0.0448560006916523 -4.792273998260498 0.6970340013504028 
v -0.04299699887633324 -4.792273998260498 0.6964700222015381 
v -0.04774000123143196 -4.79675817489624 0.6900709867477417 
v -0.04446699842810631 -4.79675817489624 0.6890789866447449 
v -0.04299699887633324 -4.792273998260498 0.6964700222015381 
v -0.04106299951672554 -4.792273998260498 0.6962800025939941 
v -0.04446699842810631 -4.79675817489624 0.6890789866447449 
v -0.04106299951672554 -4.79675817489624 0.688742995262146 
v -0.04106299951672554 -4.792273998260498 0.6962800025939941 
v -0.03912999853491783 -4.792273998260498 0.6964700222015381 
v -0.04106299951672554 -4.79675817489624 0.688742995262146 
v -0.03765999898314476 -4.79675817489624 0.6890789866447449 
v -0.03912999853491783 -4.792273998260498 0.6964700222015381 
v -0.03726999834179878 -4.792273998260498 0.6970340013504028 
v -0.03765999898314476 -4.79675817489624 0.6890789866447449 
v -0.03438600152730942 -4.79675817489624 0.6900709867477417 
v -0.03726999834179878 -4.792273998260498 0.6970340013504028 
v -0.03555700182914734 -4.792273998260498 0.697950005531311 
v -0.03438600152730942 -4.79675817489624 0.6900709867477417 
v -0.031369999051094055 -4.79675817489624 0.6916840076446533 
v -0.03555700182914734 -4.792273998260498 0.697950005531311 
v -0.03405499830842018 -4.792273998260498 0.6991829872131348 
v -0.031369999051094055 -4.79675817489624 0.6916840076446533 
v -0.0287260003387928 -4.79675817489624 0.6938539743423462 
v -0.03405499830842018 -4.792273998260498 0.6991829872131348 
v -0.03282200172543526 -4.792273998260498 0.7006850242614746 
v -0.0287260003387928 -4.79675817489624 0.6938539743423462 
v -0.026556000113487244 -4.79675817489624 0.6964979767799377 
v -0.03282200172543526 -4.792273998260498 0.7006850242614746 
v -0.03190600126981735 -4.792273998260498 0.7023980021476746 
v -0.026556000113487244 -4.79675817489624 0.6964979767799377 
v -0.0249439999461174 -4.79675817489624 0.6995139718055725 
v -0.03190600126981735 -4.792273998260498 0.7023980021476746 
v -0.031341999769210815 -4.792273998260498 0.7042580246925354 
v -0.0249439999461174 -4.79675817489624 0.6995139718055725 
v -0.023950999602675438 -4.79675817489624 0.7027869820594788 
v -0.031341999769210815 -4.792273998260498 0.7042580246925354 
v -0.03115200065076351 -4.792273998260498 0.7061910033226013 
v -0.023950999602675438 -4.79675817489624 0.7027869820594788 
v -0.023615999147295952 -4.79675817489624 0.7061910033226013 
v -0.03115200065076351 -4.792273998260498 0.7061910033226013 
v -0.031341999769210815 -4.792273998260498 0.7081249952316284 
v -0.023615999147295952 -4.79675817489624 0.7061910033226013 
v -0.023950999602675438 -4.79675817489624 0.7095950245857239 
v -0.031341999769210815 -4.792273998260498 0.7081249952316284 
v -0.03190600126981735 -4.792273998260498 0.7099840044975281 
v -0.023950999602675438 -4.79675817489624 0.7095950245857239 
v -0.0249439999461174 -4.79675817489624 0.7128679752349854 
v -0.03190600126981735 -4.792273998260498 0.7099840044975281 
v -0.03282200172543526 -4.792273998260498 0.7116979956626892 
v -0.0249439999461174 -4.79675817489624 0.7128679752349854 
v -0.026556000113487244 -4.79675817489624 0.7158849835395813 
v -0.03282200172543526 -4.792273998260498 0.7116979956626892 
v -0.03405499830842018 -4.792273998260498 0.7131999731063843 
v -0.026556000113487244 -4.79675817489624 0.7158849835395813 
v -0.0287260003387928 -4.79675817489624 0.7185289859771729 
v -0.03405499830842018 -4.792273998260498 0.7131999731063843 
v -0.03555700182914734 -4.792273998260498 0.7144320011138916 
v -0.0287260003387928 -4.79675817489624 0.7185289859771729 
v -0.031369999051094055 -4.79675817489624 0.7206990122795105 
v -0.03555700182914734 -4.792273998260498 0.7144320011138916 
v -0.03726999834179878 -4.792273998260498 0.7153480052947998 
v -0.031369999051094055 -4.79675817489624 0.7206990122795105 
v -0.03438600152730942 -4.79675817489624 0.7223110198974609 
v -0.03726999834179878 -4.792273998260498 0.7153480052947998 
v -0.03912999853491783 -4.792273998260498 0.7159119844436646 
v -0.03438600152730942 -4.79675817489624 0.7223110198974609 
v -0.03765999898314476 -4.79675817489624 0.7233039736747742 
v -0.03912999853491783 -4.792273998260498 0.7159119844436646 
v -0.04106299951672554 -4.792273998260498 0.7161030173301697 
v -0.03765999898314476 -4.79675817489624 0.7233039736747742 
v -0.04106299951672554 -4.79675817489624 0.7236390113830566 
v -0.04106299951672554 -4.792273998260498 0.6774010062217712 
v -0.04299699887633324 -4.792273998260498 0.6772109866142273 
v -0.04106299951672554 -4.79675817489624 0.6849380135536194 
v -0.04446699842810631 -4.79675817489624 0.6846029758453369 
v -0.04299699887633324 -4.792273998260498 0.6772109866142273 
v -0.0448560006916523 -4.792273998260498 0.6766470074653625 
v -0.04446699842810631 -4.79675817489624 0.6846029758453369 
v -0.04774000123143196 -4.79675817489624 0.6836100220680237 
v -0.0448560006916523 -4.792273998260498 0.6766470074653625 
v -0.04656999930739403 -4.792273998260498 0.6757310032844543 
v -0.04774000123143196 -4.79675817489624 0.6836100220680237 
v -0.05075699836015701 -4.79675817489624 0.6819970011711121 
v -0.04656999930739403 -4.792273998260498 0.6757310032844543 
v -0.04807199910283089 -4.792273998260498 0.6744980216026306 
v -0.05075699836015701 -4.79675817489624 0.6819970011711121 
v -0.053401000797748566 -4.79675817489624 0.6798279881477356 
v -0.04807199910283089 -4.792273998260498 0.6744980216026306 
v -0.04930400103330612 -4.792273998260498 0.672996997833252 
v -0.053401000797748566 -4.79675817489624 0.6798279881477356 
v -0.05557100102305412 -4.79675817489624 0.677183985710144 
v -0.04930400103330612 -4.792273998260498 0.672996997833252 
v -0.050220001488924026 -4.792273998260498 0.6712830066680908 
v -0.05557100102305412 -4.79675817489624 0.677183985710144 
v -0.057183001190423965 -4.79675817489624 0.6741669774055481 
v -0.050220001488924026 -4.792273998260498 0.6712830066680908 
v -0.050783999264240265 -4.792273998260498 0.6694239974021912 
v -0.057183001190423965 -4.79675817489624 0.6741669774055481 
v -0.05817599967122078 -4.79675817489624 0.6708940267562866 
v -0.050783999264240265 -4.792273998260498 0.6694239974021912 
v -0.050974998623132706 -4.792273998260498 0.6674900054931641 
v -0.05817599967122078 -4.79675817489624 0.6708940267562866 
v -0.058511000126600266 -4.79675817489624 0.6674900054931641 
v -0.050974998623132706 -4.792273998260498 0.6674900054931641 
v -0.050783999264240265 -4.792273998260498 0.665556013584137 
v -0.058511000126600266 -4.79675817489624 0.6674900054931641 
v -0.05817599967122078 -4.79675817489624 0.6640859842300415 
v -0.050783999264240265 -4.792273998260498 0.665556013584137 
v -0.050220001488924026 -4.792273998260498 0.6636970043182373 
v -0.05817599967122078 -4.79675817489624 0.6640859842300415 
v -0.057183001190423965 -4.79675817489624 0.6608129739761353 
v -0.050220001488924026 -4.792273998260498 0.6636970043182373 
v -0.04930400103330612 -4.792273998260498 0.6619830131530762 
v -0.057183001190423965 -4.79675817489624 0.6608129739761353 
v -0.05557100102305412 -4.79675817489624 0.6577969789505005 
v -0.04930400103330612 -4.792273998260498 0.6619830131530762 
v -0.04807199910283089 -4.792273998260498 0.6604819893836975 
v -0.05557100102305412 -4.79675817489624 0.6577969789505005 
v -0.053401000797748566 -4.79675817489624 0.6551520228385925 
v -0.04807199910283089 -4.792273998260498 0.6604819893836975 
v -0.04656999930739403 -4.792273998260498 0.6592490077018738 
v -0.053401000797748566 -4.79675817489624 0.6551520228385925 
v -0.05075699836015701 -4.79675817489624 0.6529830098152161 
v -0.04656999930739403 -4.792273998260498 0.6592490077018738 
v -0.0448560006916523 -4.792273998260498 0.6583330035209656 
v -0.05075699836015701 -4.79675817489624 0.6529830098152161 
v -0.04774000123143196 -4.79675817489624 0.6513699889183044 
v -0.0448560006916523 -4.792273998260498 0.6583330035209656 
v -0.04299699887633324 -4.792273998260498 0.6577690243721008 
v -0.04774000123143196 -4.79675817489624 0.6513699889183044 
v -0.04446699842810631 -4.79675817489624 0.6503769755363464 
v -0.04299699887633324 -4.792273998260498 0.6577690243721008 
v -0.04106299951672554 -4.792273998260498 0.6575790047645569 
v -0.04446699842810631 -4.79675817489624 0.6503769755363464 
v -0.04106299951672554 -4.79675817489624 0.6500419974327087 
v -0.04106299951672554 -4.792273998260498 0.6575790047645569 
v -0.03912999853491783 -4.792273998260498 0.6577690243721008 
v -0.04106299951672554 -4.79675817489624 0.6500419974327087 
v -0.03765999898314476 -4.79675817489624 0.6503769755363464 
v -0.03912999853491783 -4.792273998260498 0.6577690243721008 
v -0.03726999834179878 -4.792273998260498 0.6583330035209656 
v -0.03765999898314476 -4.79675817489624 0.6503769755363464 
v -0.03438600152730942 -4.79675817489624 0.6513699889183044 
v -0.03726999834179878 -4.792273998260498 0.6583330035209656 
v -0.03555700182914734 -4.792273998260498 0.6592490077018738 
v -0.03438600152730942 -4.79675817489624 0.6513699889183044 
v -0.031369999051094055 -4.79675817489624 0.6529830098152161 
v -0.03555700182914734 -4.792273998260498 0.6592490077018738 
v -0.03405499830842018 -4.792273998260498 0.6604819893836975 
v -0.031369999051094055 -4.79675817489624 0.6529830098152161 
v -0.0287260003387928 -4.79675817489624 0.6551520228385925 
v -0.03405499830842018 -4.792273998260498 0.6604819893836975 
v -0.03282200172543526 -4.792273998260498 0.6619830131530762 
v -0.0287260003387928 -4.79675817489624 0.6551520228385925 
v -0.026556000113487244 -4.79675817489624 0.6577969789505005 
v -0.03282200172543526 -4.792273998260498 0.6619830131530762 
v -0.03190600126981735 -4.792273998260498 0.6636970043182373 
v -0.026556000113487244 -4.79675817489624 0.6577969789505005 
v -0.0249439999461174 -4.79675817489624 0.6608129739761353 
v -0.03190600126981735 -4.792273998260498 0.6636970043182373 
v -0.031341999769210815 -4.792273998260498 0.665556013584137 
v -0.0249439999461174 -4.79675817489624 0.6608129739761353 
v -0.023950999602675438 -4.79675817489624 0.6640859842300415 
v -0.031341999769210815 -4.792273998260498 0.665556013584137 
v -0.03115200065076351 -4.792273998260498 0.6674900054931641 
v -0.023950999602675438 -4.79675817489624 0.6640859842300415 
v -0.023615999147295952 -4.79675817489624 0.6674900054931641 
v -0.03115200065076351 -4.792273998260498 0.6674900054931641 
v -0.031341999769210815 -4.792273998260498 0.6694239974021912 
v -0.023615999147295952 -4.79675817489624 0.6674900054931641 
v -0.023950999602675438 -4.79675817489624 0.6708940267562866 
v -0.031341999769210815 -4.792273998260498 0.6694239974021912 
v -0.03190600126981735 -4.792273998260498 0.6712830066680908 
v -0.023950999602675438 -4.79675817489624 0.6708940267562866 
v -0.0249439999461174 -4.79675817489624 0.6741669774055481 
v -0.03190600126981735 -4.792273998260498 0.6712830066680908 
v -0.03282200172543526 -4.792273998260498 0.672996997833252 
v -0.0249439999461174 -4.79675817489624 0.6741669774055481 
v -0.026556000113487244 -4.79675817489624 0.677183985710144 
v -0.03282200172543526 -4.792273998260498 0.672996997833252 
v -0.03405499830842018 -4.792273998260498 0.6744980216026306 
v -0.026556000113487244 -4.79675817489624 0.677183985710144 
v -0.0287260003387928 -4.79675817489624 0.6798279881477356 
v -0.03405499830842018 -4.792273998260498 0.6744980216026306 
v -0.03555700182914734 -4.792273998260498 0.6757310032844543 
v -0.0287260003387928 -4.79675817489624 0.6798279881477356 
v -0.031369999051094055 -4.79675817489624 0.6819970011711121 
v -0.03555700182914734 -4.792273998260498 0.6757310032844543 
v -0.03726999834179878 -4.792273998260498 0.6766470074653625 
v -0.031369999051094055 -4.79675817489624 0.6819970011711121 
v -0.03438600152730942 -4.79675817489624 0.6836100220680237 
v -0.03726999834179878 -4.792273998260498 0.6766470074653625 
v -0.03912999853491783 -4.792273998260498 0.6772109866142273 
v -0.03438600152730942 -4.79675817489624 0.6836100220680237 
v -0.03765999898314476 -4.79675817489624 0.6846029758453369 
v -0.03912999853491783 -4.792273998260498 0.6772109866142273 
v -0.04106299951672554 -4.792273998260498 0.6774010062217712 
v -0.03765999898314476 -4.79675817489624 0.6846029758453369 
v -0.04106299951672554 -4.79675817489624 0.6849380135536194 
v -0.04106299951672554 -4.792273998260498 0.6398329734802246 
v -0.04299699887633324 -4.792273998260498 0.6396430134773254 
v -0.04106299951672554 -4.79675817489624 0.6473690271377563 
v -0.04446699842810631 -4.79675817489624 0.6470339894294739 
v -0.04299699887633324 -4.792273998260498 0.6396430134773254 
v -0.0448560006916523 -4.792273998260498 0.6390789747238159 
v -0.04446699842810631 -4.79675817489624 0.6470339894294739 
v -0.04774000123143196 -4.79675817489624 0.6460409760475159 
v -0.0448560006916523 -4.792273998260498 0.6390789747238159 
v -0.04656999930739403 -4.792273998260498 0.6381629705429077 
v -0.04774000123143196 -4.79675817489624 0.6460409760475159 
v -0.05075699836015701 -4.79675817489624 0.6444290280342102 
v -0.04656999930739403 -4.792273998260498 0.6381629705429077 
v -0.04807199910283089 -4.792273998260498 0.636929988861084 
v -0.05075699836015701 -4.79675817489624 0.6444290280342102 
v -0.053401000797748566 -4.79675817489624 0.6422590017318726 
v -0.04807199910283089 -4.792273998260498 0.636929988861084 
v -0.04930400103330612 -4.792273998260498 0.6354280114173889 
v -0.053401000797748566 -4.79675817489624 0.6422590017318726 
v -0.05557100102305412 -4.79675817489624 0.639614999294281 
v -0.04930400103330612 -4.792273998260498 0.6354280114173889 
v -0.050220001488924026 -4.792273998260498 0.6337140202522278 
v -0.05557100102305412 -4.79675817489624 0.639614999294281 
v -0.057183001190423965 -4.79675817489624 0.6365990042686462 
v -0.050220001488924026 -4.792273998260498 0.6337140202522278 
v -0.050783999264240265 -4.792273998260498 0.6318550109863281 
v -0.057183001190423965 -4.79675817489624 0.6365990042686462 
v -0.05817599967122078 -4.79675817489624 0.6333249807357788 
v -0.050783999264240265 -4.792273998260498 0.6318550109863281 
v -0.050974998623132706 -4.792273998260498 0.6299219727516174 
v -0.05817599967122078 -4.79675817489624 0.6333249807357788 
v -0.058511000126600266 -4.79675817489624 0.6299219727516174 
v -0.050974998623132706 -4.792273998260498 0.6299219727516174 
v -0.050783999264240265 -4.792273998260498 0.6279879808425903 
v -0.058511000126600266 -4.79675817489624 0.6299219727516174 
v -0.05817599967122078 -4.79675817489624 0.6265180110931396 
v -0.050783999264240265 -4.792273998260498 0.6279879808425903 
v -0.050220001488924026 -4.792273998260498 0.6261289715766907 
v -0.05817599967122078 -4.79675817489624 0.6265180110931396 
v -0.057183001190423965 -4.79675817489624 0.6232450008392334 
v -0.050220001488924026 -4.792273998260498 0.6261289715766907 
v -0.04930400103330612 -4.792273998260498 0.6244149804115295 
v -0.057183001190423965 -4.79675817489624 0.6232450008392334 
v -0.05557100102305412 -4.79675817489624 0.6202279925346375 
v -0.04930400103330612 -4.792273998260498 0.6244149804115295 
v -0.04807199910283089 -4.792273998260498 0.6229130029678345 
v -0.05557100102305412 -4.79675817489624 0.6202279925346375 
v -0.053401000797748566 -4.79675817489624 0.6175839900970459 
v -0.04807199910283089 -4.792273998260498 0.6229130029678345 
v -0.04656999930739403 -4.792273998260498 0.6216800212860107 
v -0.053401000797748566 -4.79675817489624 0.6175839900970459 
v -0.05075699836015701 -4.79675817489624 0.615414023399353 
v -0.04656999930739403 -4.792273998260498 0.6216800212860107 
v -0.0448560006916523 -4.792273998260498 0.620764970779419 
v -0.05075699836015701 -4.79675817489624 0.615414023399353 
v -0.04774000123143196 -4.79675817489624 0.6138020157814026 
v -0.0448560006916523 -4.792273998260498 0.620764970779419 
v -0.04299699887633324 -4.792273998260498 0.6202009916305542 
v -0.04774000123143196 -4.79675817489624 0.6138020157814026 
v -0.04446699842810631 -4.79675817489624 0.6128090023994446 
v -0.04299699887633324 -4.792273998260498 0.6202009916305542 
v -0.04106299951672554 -4.792273998260498 0.6200100183486938 
v -0.04446699842810631 -4.79675817489624 0.6128090023994446 
v -0.04106299951672554 -4.79675817489624 0.6124740242958069 
v -0.04106299951672554 -4.792273998260498 0.6200100183486938 
v -0.03912999853491783 -4.792273998260498 0.6202009916305542 
v -0.04106299951672554 -4.79675817489624 0.6124740242958069 
v -0.03765999898314476 -4.79675817489624 0.6128090023994446 
v -0.03912999853491783 -4.792273998260498 0.6202009916305542 
v -0.03726999834179878 -4.792273998260498 0.620764970779419 
v -0.03765999898314476 -4.79675817489624 0.6128090023994446 
v -0.03438600152730942 -4.79675817489624 0.6138020157814026 
v -0.03726999834179878 -4.792273998260498 0.620764970779419 
v -0.03555700182914734 -4.792273998260498 0.6216800212860107 
v -0.03438600152730942 -4.79675817489624 0.6138020157814026 
v -0.031369999051094055 -4.79675817489624 0.615414023399353 
v -0.03555700182914734 -4.792273998260498 0.6216800212860107 
v -0.03405499830842018 -4.792273998260498 0.6229130029678345 
v -0.031369999051094055 -4.79675817489624 0.615414023399353 
v -0.0287260003387928 -4.79675817489624 0.6175839900970459 
v -0.03405499830842018 -4.792273998260498 0.6229130029678345 
v -0.03282200172543526 -4.792273998260498 0.6244149804115295 
v -0.0287260003387928 -4.79675817489624 0.6175839900970459 
v -0.026556000113487244 -4.79675817489624 0.6202279925346375 
v -0.03282200172543526 -4.792273998260498 0.6244149804115295 
v -0.03190600126981735 -4.792273998260498 0.6261289715766907 
v -0.026556000113487244 -4.79675817489624 0.6202279925346375 
v -0.0249439999461174 -4.79675817489624 0.6232450008392334 
v -0.03190600126981735 -4.792273998260498 0.6261289715766907 
v -0.031341999769210815 -4.792273998260498 0.6279879808425903 
v -0.0249439999461174 -4.79675817489624 0.6232450008392334 
v -0.023950999602675438 -4.79675817489624 0.6265180110931396 
v -0.031341999769210815 -4.792273998260498 0.6279879808425903 
v -0.03115200065076351 -4.792273998260498 0.6299219727516174 
v -0.023950999602675438 -4.79675817489624 0.6265180110931396 
v -0.023615999147295952 -4.79675817489624 0.6299219727516174 
v -0.03115200065076351 -4.792273998260498 0.6299219727516174 
v -0.031341999769210815 -4.792273998260498 0.6318550109863281 
v -0.023615999147295952 -4.79675817489624 0.6299219727516174 
v -0.023950999602675438 -4.79675817489624 0.6333249807357788 
v -0.031341999769210815 -4.792273998260498 0.6318550109863281 
v -0.03190600126981735 -4.792273998260498 0.6337149739265442 
v -0.023950999602675438 -4.79675817489624 0.6333249807357788 
v -0.0249439999461174 -4.79675817489624 0.6365990042686462 
v -0.03190600126981735 -4.792273998260498 0.6337149739265442 
v -0.03282200172543526 -4.792273998260498 0.6354280114173889 
v -0.0249439999461174 -4.79675817489624 0.6365990042686462 
v -0.026556000113487244 -4.79675817489624 0.639614999294281 
v -0.03282200172543526 -4.792273998260498 0.6354280114173889 
v -0.03405499830842018 -4.792273998260498 0.636929988861084 
v -0.026556000113487244 -4.79675817489624 0.639614999294281 
v -0.0287260003387928 -4.79675817489624 0.6422590017318726 
v -0.03405499830842018 -4.792273998260498 0.636929988861084 
v -0.03555700182914734 -4.792273998260498 0.6381629705429077 
v -0.0287260003387928 -4.79675817489624 0.6422590017318726 
v -0.031369999051094055 -4.79675817489624 0.6444290280342102 
v -0.03555700182914734 -4.792273998260498 0.6381629705429077 
v -0.03726999834179878 -4.792273998260498 0.6390789747238159 
v -0.031369999051094055 -4.79675817489624 0.6444290280342102 
v -0.03438600152730942 -4.79675817489624 0.6460409760475159 
v -0.03726999834179878 -4.792273998260498 0.6390789747238159 
v -0.03912999853491783 -4.792273998260498 0.6396430134773254 
v -0.03438600152730942 -4.79675817489624 0.6460409760475159 
v -0.03765999898314476 -4.79675817489624 0.6470339894294739 
v -0.03912999853491783 -4.792273998260498 0.6396430134773254 
v -0.04106299951672554 -4.792273998260498 0.6398329734802246 
v -0.03765999898314476 -4.79675817489624 0.6470339894294739 
v -0.04106299951672554 -4.79675817489624 0.6473690271377563 
v -0.04106299951672554 -4.792273998260498 0.601502001285553 
v -0.04299699887633324 -4.792273998260498 0.6013110280036926 
v -0.04106299951672554 -4.79675817489624 0.6090379953384399 
v -0.04446699842810631 -4.79675817489624 0.6087030172348022 
v -0.04299699887633324 -4.792273998260498 0.6013110280036926 
v -0.0448560006916523 -4.792273998260498 0.6007469892501831 
v -0.04446699842810631 -4.79675817489624 0.6087030172348022 
v -0.04774000123143196 -4.79675817489624 0.6077100038528442 
v -0.0448560006916523 -4.792273998260498 0.6007469892501831 
v -0.04656999930739403 -4.792273998260498 0.5998309850692749 
v -0.04774000123143196 -4.79675817489624 0.6077100038528442 
v -0.05075699836015701 -4.79675817489624 0.6060979962348938 
v -0.04656999930739403 -4.792273998260498 0.5998309850692749 
v -0.04807199910283089 -4.792273998260498 0.5985990166664124 
v -0.05075699836015701 -4.79675817489624 0.6060979962348938 
v -0.053401000797748566 -4.79675817489624 0.6039280295372009 
v -0.04807199910283089 -4.792273998260498 0.5985990166664124 
v -0.04930400103330612 -4.792273998260498 0.5970969796180725 
v -0.053401000797748566 -4.79675817489624 0.6039280295372009 
v -0.05557100102305412 -4.79675817489624 0.6012840270996094 
v -0.04930400103330612 -4.792273998260498 0.5970969796180725 
v -0.050220001488924026 -4.792273998260498 0.5953829884529114 
v -0.05557100102305412 -4.79675817489624 0.6012840270996094 
v -0.057183001190423965 -4.79675817489624 0.5982670187950134 
v -0.050220001488924026 -4.792273998260498 0.5953829884529114 
v -0.050783999264240265 -4.792273998260498 0.5935239791870117 
v -0.057183001190423965 -4.79675817489624 0.5982670187950134 
v -0.05817599967122078 -4.79675817489624 0.5949940085411072 
v -0.050783999264240265 -4.792273998260498 0.5935239791870117 
v -0.050974998623132706 -4.792273998260498 0.5915899872779846 
v -0.05817599967122078 -4.79675817489624 0.5949940085411072 
v -0.058511000126600266 -4.79675817489624 0.5915899872779846 
v -0.050974998623132706 -4.792273998260498 0.5915899872779846 
v -0.050783999264240265 -4.792273998260498 0.5896570086479187 
v -0.058511000126600266 -4.79675817489624 0.5915899872779846 
v -0.05817599967122078 -4.79675817489624 0.5881869792938232 
v -0.050783999264240265 -4.792273998260498 0.5896570086479187 
v -0.050220001488924026 -4.792273998260498 0.587797999382019 
v -0.05817599967122078 -4.79675817489624 0.5881869792938232 
v -0.057183001190423965 -4.79675817489624 0.5849130153656006 
v -0.050220001488924026 -4.792273998260498 0.587797999382019 
v -0.04930400103330612 -4.792273998260498 0.5860840082168579 
v -0.057183001190423965 -4.79675817489624 0.5849130153656006 
v -0.05557100102305412 -4.79675817489624 0.5818970203399658 
v -0.04930400103330612 -4.792273998260498 0.5860840082168579 
v -0.04807199910283089 -4.792273998260498 0.5845819711685181 
v -0.05557100102305412 -4.79675817489624 0.5818970203399658 
v -0.053401000797748566 -4.79675817489624 0.5792530179023743 
v -0.04807199910283089 -4.792273998260498 0.5845819711685181 
v -0.04656999930739403 -4.792273998260498 0.5833489894866943 
v -0.053401000797748566 -4.79675817489624 0.5792530179023743 
v -0.05075699836015701 -4.79675817489624 0.5770829916000366 
v -0.04656999930739403 -4.792273998260498 0.5833489894866943 
v -0.0448560006916523 -4.792273998260498 0.5824329853057861 
v -0.05075699836015701 -4.79675817489624 0.5770829916000366 
v -0.04774000123143196 -4.79675817489624 0.5754709839820862 
v -0.0448560006916523 -4.792273998260498 0.5824329853057861 
v -0.04299699887633324 -4.792273998260498 0.5818690061569214 
v -0.04774000123143196 -4.79675817489624 0.5754709839820862 
v -0.04446699842810631 -4.79675817489624 0.5744779706001282 
v -0.04299699887633324 -4.792273998260498 0.5818690061569214 
v -0.04106299951672554 -4.792273998260498 0.5816789865493774 
v -0.04446699842810631 -4.79675817489624 0.5744779706001282 
v -0.04106299951672554 -4.79675817489624 0.5741429924964905 
v -0.04106299951672554 -4.792273998260498 0.5816789865493774 
v -0.03912999853491783 -4.792273998260498 0.5818690061569214 
v -0.04106299951672554 -4.79675817489624 0.5741429924964905 
v -0.03765999898314476 -4.79675817489624 0.5744779706001282 
v -0.03912999853491783 -4.792273998260498 0.5818690061569214 
v -0.03726999834179878 -4.792273998260498 0.5824329853057861 
v -0.03765999898314476 -4.79675817489624 0.5744779706001282 
v -0.03438600152730942 -4.79675817489624 0.5754709839820862 
v -0.03726999834179878 -4.792273998260498 0.5824329853057861 
v -0.03555700182914734 -4.792273998260498 0.5833489894866943 
v -0.03438600152730942 -4.79675817489624 0.5754709839820862 
v -0.031369999051094055 -4.79675817489624 0.5770829916000366 
v -0.03555700182914734 -4.792273998260498 0.5833489894866943 
v -0.03405499830842018 -4.792273998260498 0.5845819711685181 
v -0.031369999051094055 -4.79675817489624 0.5770829916000366 
v -0.0287260003387928 -4.79675817489624 0.5792530179023743 
v -0.03405499830842018 -4.792273998260498 0.5845819711685181 
v -0.03282200172543526 -4.792273998260498 0.5860840082168579 
v -0.0287260003387928 -4.79675817489624 0.5792530179023743 
v -0.026556000113487244 -4.79675817489624 0.5818970203399658 
v -0.03282200172543526 -4.792273998260498 0.5860840082168579 
v -0.03190600126981735 -4.792273998260498 0.587797999382019 
v -0.026556000113487244 -4.79675817489624 0.5818970203399658 
v -0.0249439999461174 -4.79675817489624 0.5849130153656006 
v -0.03190600126981735 -4.792273998260498 0.587797999382019 
v -0.031341999769210815 -4.792273998260498 0.5896570086479187 
v -0.0249439999461174 -4.79675817489624 0.5849130153656006 
v -0.023950999602675438 -4.79675817489624 0.5881869792938232 
v -0.031341999769210815 -4.792273998260498 0.5896570086479187 
v -0.03115200065076351 -4.792273998260498 0.5915899872779846 
v -0.023950999602675438 -4.79675817489624 0.5881869792938232 
v -0.023615999147295952 -4.79675817489624 0.5915899872779846 
v -0.03115200065076351 -4.792273998260498 0.5915899872779846 
v -0.031341999769210815 -4.792273998260498 0.5935239791870117 
v -0.023615999147295952 -4.79675817489624 0.5915899872779846 
v -0.023950999602675438 -4.79675817489624 0.5949940085411072 
v -0.031341999769210815 -4.792273998260498 0.5935239791870117 
v -0.03190600126981735 -4.792273998260498 0.5953829884529114 
v -0.023950999602675438 -4.79675817489624 0.5949940085411072 
v -0.0249439999461174 -4.79675817489624 0.5982670187950134 
v -0.03190600126981735 -4.792273998260498 0.5953829884529114 
v -0.03282200172543526 -4.792273998260498 0.5970969796180725 
v -0.0249439999461174 -4.79675817489624 0.5982670187950134 
v -0.026556000113487244 -4.79675817489624 0.6012840270996094 
v -0.03282200172543526 -4.792273998260498 0.5970969796180725 
v -0.03405499830842018 -4.792273998260498 0.5985990166664124 
v -0.026556000113487244 -4.79675817489624 0.6012840270996094 
v -0.0287260003387928 -4.79675817489624 0.6039280295372009 
v -0.03405499830842018 -4.792273998260498 0.5985990166664124 
v -0.03555700182914734 -4.792273998260498 0.5998309850692749 
v -0.0287260003387928 -4.79675817489624 0.6039280295372009 
v -0.031369999051094055 -4.79675817489624 0.6060979962348938 
v -0.03555700182914734 -4.792273998260498 0.5998309850692749 
v -0.03726999834179878 -4.792273998260498 0.6007469892501831 
v -0.031369999051094055 -4.79675817489624 0.6060979962348938 
v -0.03438600152730942 -4.79675817489624 0.6077100038528442 
v -0.03726999834179878 -4.792273998260498 0.6007469892501831 
v -0.03912999853491783 -4.792273998260498 0.6013110280036926 
v -0.03438600152730942 -4.79675817489624 0.6077100038528442 
v -0.03765999898314476 -4.79675817489624 0.6087030172348022 
v -0.03912999853491783 -4.792273998260498 0.6013110280036926 
v -0.04106299951672554 -4.792273998260498 0.601502001285553 
v -0.03765999898314476 -4.79675817489624 0.6087030172348022 
v -0.04106299951672554 -4.79675817489624 0.6090379953384399 
v 0 -4.792273998260498 0.7549930214881897 
v -0.0023169999476522207 -4.792273998260498 0.7548019886016846 
v 0 -4.79675817489624 0.7625290155410767 
v -0.0037869999650865793 -4.79675817489624 0.7621939778327942 
v -0.0023169999476522207 -4.792273998260498 0.7548019886016846 
v -0.004176000133156776 -4.792273998260498 0.7542380094528198 
v -0.0037869999650865793 -4.79675817489624 0.7621939778327942 
v -0.007060000207275152 -4.79675817489624 0.761201024055481 
v -0.004176000133156776 -4.792273998260498 0.7542380094528198 
v -0.005890000145882368 -4.792273998260498 0.7533220052719116 
v -0.007060000207275152 -4.79675817489624 0.761201024055481 
v -0.01007699966430664 -4.79675817489624 0.7595880031585693 
v -0.005890000145882368 -4.792273998260498 0.7533220052719116 
v -0.007391999941319227 -4.792273998260498 0.7520899772644043 
v -0.01007699966430664 -4.79675817489624 0.7595880031585693 
v -0.012721000239253044 -4.79675817489624 0.7574189901351929 
v -0.007391999941319227 -4.792273998260498 0.7520899772644043 
v -0.008624999783933163 -4.792273998260498 0.7505879998207092 
v -0.012721000239253044 -4.79675817489624 0.7574189901351929 
v -0.014891000464558601 -4.79675817489624 0.7547749876976013 
v -0.008624999783933163 -4.792273998260498 0.7505879998207092 
v -0.00953999999910593 -4.792273998260498 0.7488740086555481 
v -0.014891000464558601 -4.79675817489624 0.7547749876976013 
v -0.016503000631928444 -4.79675817489624 0.7517579793930054 
v -0.00953999999910593 -4.792273998260498 0.7488740086555481 
v -0.010103999637067318 -4.792273998260498 0.7470149993896484 
v -0.016503000631928444 -4.79675817489624 0.7517579793930054 
v -0.017495999112725258 -4.79675817489624 0.7484850287437439 
v -0.010103999637067318 -4.792273998260498 0.7470149993896484 
v -0.010294999927282333 -4.792273998260498 0.7450810074806213 
v -0.017495999112725258 -4.79675817489624 0.7484850287437439 
v -0.017830999568104744 -4.79675817489624 0.7450810074806213 
v -0.010294999927282333 -4.792273998260498 0.7450810074806213 
v -0.010103999637067318 -4.792273998260498 0.7431470155715942 
v -0.017830999568104744 -4.79675817489624 0.7450810074806213 
v -0.017495999112725258 -4.79675817489624 0.7416769862174988 
v -0.010103999637067318 -4.792273998260498 0.7431470155715942 
v -0.00953999999910593 -4.792273998260498 0.7412880063056946 
v -0.017495999112725258 -4.79675817489624 0.7416769862174988 
v -0.016503000631928444 -4.79675817489624 0.7384039759635925 
v -0.00953999999910593 -4.792273998260498 0.7412880063056946 
v -0.008624999783933163 -4.792273998260498 0.7395750284194946 
v -0.016503000631928444 -4.79675817489624 0.7384039759635925 
v -0.014891000464558601 -4.79675817489624 0.7353879809379578 
v -0.008624999783933163 -4.792273998260498 0.7395750284194946 
v -0.007391999941319227 -4.792273998260498 0.7380729913711548 
v -0.014891000464558601 -4.79675817489624 0.7353879809379578 
v -0.012721000239253044 -4.79675817489624 0.7327439785003662 
v -0.007391999941319227 -4.792273998260498 0.7380729913711548 
v -0.005890000145882368 -4.792273998260498 0.736840009689331 
v -0.012721000239253044 -4.79675817489624 0.7327439785003662 
v -0.01007699966430664 -4.79675817489624 0.7305740118026733 
v -0.005890000145882368 -4.792273998260498 0.736840009689331 
v -0.004176000133156776 -4.792273998260498 0.7359240055084229 
v -0.01007699966430664 -4.79675817489624 0.7305740118026733 
v -0.007060000207275152 -4.79675817489624 0.7289609909057617 
v -0.004176000133156776 -4.792273998260498 0.7359240055084229 
v -0.0023169999476522207 -4.792273998260498 0.7353600263595581 
v -0.007060000207275152 -4.79675817489624 0.7289609909057617 
v -0.0037869999650865793 -4.79675817489624 0.7279689908027649 
v -0.0023169999476522207 -4.792273998260498 0.7353600263595581 
v 0 -4.792273998260498 0.7351700067520142 
v -0.0037869999650865793 -4.79675817489624 0.7279689908027649 
v 0 -4.79675817489624 0.727632999420166 
v 0 -4.792273998260498 0.7161030173301697 
v -0.0023169999476522207 -4.792273998260498 0.7159119844436646 
v 0 -4.79675817489624 0.7236390113830566 
v -0.0037869999650865793 -4.79675817489624 0.7233039736747742 
v -0.0023169999476522207 -4.792273998260498 0.7159119844436646 
v -0.004176000133156776 -4.792273998260498 0.7153480052947998 
v -0.0037869999650865793 -4.79675817489624 0.7233039736747742 
v -0.007060000207275152 -4.79675817489624 0.7223110198974609 
v -0.004176000133156776 -4.792273998260498 0.7153480052947998 
v -0.005890000145882368 -4.792273998260498 0.7144320011138916 
v -0.007060000207275152 -4.79675817489624 0.7223110198974609 
v -0.01007699966430664 -4.79675817489624 0.7206990122795105 
v -0.005890000145882368 -4.792273998260498 0.7144320011138916 
v -0.007391999941319227 -4.792273998260498 0.7131999731063843 
v -0.01007699966430664 -4.79675817489624 0.7206990122795105 
v -0.012721000239253044 -4.79675817489624 0.7185289859771729 
v -0.007391999941319227 -4.792273998260498 0.7131999731063843 
v -0.008624999783933163 -4.792273998260498 0.7116979956626892 
v -0.012721000239253044 -4.79675817489624 0.7185289859771729 
v -0.014891000464558601 -4.79675817489624 0.7158849835395813 
v -0.008624999783933163 -4.792273998260498 0.7116979956626892 
v -0.00953999999910593 -4.792273998260498 0.7099840044975281 
v -0.014891000464558601 -4.79675817489624 0.7158849835395813 
v -0.016503000631928444 -4.79675817489624 0.7128679752349854 
v -0.00953999999910593 -4.792273998260498 0.7099840044975281 
v -0.010103999637067318 -4.792273998260498 0.7081249952316284 
v -0.016503000631928444 -4.79675817489624 0.7128679752349854 
v -0.017495999112725258 -4.79675817489624 0.7095950245857239 
v -0.010103999637067318 -4.792273998260498 0.7081249952316284 
v -0.010294999927282333 -4.792273998260498 0.7061910033226013 
v -0.017495999112725258 -4.79675817489624 0.7095950245857239 
v -0.017830999568104744 -4.79675817489624 0.7061910033226013 
v -0.010294999927282333 -4.792273998260498 0.7061910033226013 
v -0.010103999637067318 -4.792273998260498 0.7042580246925354 
v -0.017830999568104744 -4.79675817489624 0.7061910033226013 
v -0.017495999112725258 -4.79675817489624 0.7027869820594788 
v -0.010103999637067318 -4.792273998260498 0.7042580246925354 
v -0.00953999999910593 -4.792273998260498 0.7023980021476746 
v -0.017495999112725258 -4.79675817489624 0.7027869820594788 
v -0.016503000631928444 -4.79675817489624 0.6995139718055725 
v -0.00953999999910593 -4.792273998260498 0.7023980021476746 
v -0.008624999783933163 -4.792273998260498 0.7006850242614746 
v -0.016503000631928444 -4.79675817489624 0.6995139718055725 
v -0.014891000464558601 -4.79675817489624 0.6964979767799377 
v -0.008624999783933163 -4.792273998260498 0.7006850242614746 
v -0.007391999941319227 -4.792273998260498 0.6991829872131348 
v -0.014891000464558601 -4.79675817489624 0.6964979767799377 
v -0.012721000239253044 -4.79675817489624 0.6938539743423462 
v -0.007391999941319227 -4.792273998260498 0.6991829872131348 
v -0.005890000145882368 -4.792273998260498 0.697950005531311 
v -0.012721000239253044 -4.79675817489624 0.6938539743423462 
v -0.01007699966430664 -4.79675817489624 0.6916840076446533 
v -0.005890000145882368 -4.792273998260498 0.697950005531311 
v -0.004176000133156776 -4.792273998260498 0.6970340013504028 
v -0.01007699966430664 -4.79675817489624 0.6916840076446533 
v -0.007060000207275152 -4.79675817489624 0.6900709867477417 
v -0.004176000133156776 -4.792273998260498 0.6970340013504028 
v -0.0023169999476522207 -4.792273998260498 0.6964700222015381 
v -0.007060000207275152 -4.79675817489624 0.6900709867477417 
v -0.0037869999650865793 -4.79675817489624 0.6890789866447449 
v -0.0023169999476522207 -4.792273998260498 0.6964700222015381 
v 0 -4.792273998260498 0.6962800025939941 
v -0.0037869999650865793 -4.79675817489624 0.6890789866447449 
v 0 -4.79675817489624 0.688742995262146 
v 0 -4.792273998260498 0.6774010062217712 
v -0.0023169999476522207 -4.792273998260498 0.6772109866142273 
v 0 -4.79675817489624 0.6849380135536194 
v -0.0037869999650865793 -4.79675817489624 0.6846029758453369 
v -0.0023169999476522207 -4.792273998260498 0.6772109866142273 
v -0.004176000133156776 -4.792273998260498 0.6766470074653625 
v -0.0037869999650865793 -4.79675817489624 0.6846029758453369 
v -0.007060000207275152 -4.79675817489624 0.6836100220680237 
v -0.004176000133156776 -4.792273998260498 0.6766470074653625 
v -0.005890000145882368 -4.792273998260498 0.6757310032844543 
v -0.007060000207275152 -4.79675817489624 0.6836100220680237 
v -0.01007699966430664 -4.79675817489624 0.6819970011711121 
v -0.005890000145882368 -4.792273998260498 0.6757310032844543 
v -0.007391999941319227 -4.792273998260498 0.6744980216026306 
v -0.01007699966430664 -4.79675817489624 0.6819970011711121 
v -0.012721000239253044 -4.79675817489624 0.6798279881477356 
v -0.007391999941319227 -4.792273998260498 0.6744980216026306 
v -0.008624999783933163 -4.792273998260498 0.672996997833252 
v -0.012721000239253044 -4.79675817489624 0.6798279881477356 
v -0.014891000464558601 -4.79675817489624 0.677183985710144 
v -0.008624999783933163 -4.792273998260498 0.672996997833252 
v -0.00953999999910593 -4.792273998260498 0.6712830066680908 
v -0.014891000464558601 -4.79675817489624 0.677183985710144 
v -0.016503000631928444 -4.79675817489624 0.6741669774055481 
v -0.00953999999910593 -4.792273998260498 0.6712830066680908 
v -0.010103999637067318 -4.792273998260498 0.6694239974021912 
v -0.016503000631928444 -4.79675817489624 0.6741669774055481 
v -0.017495999112725258 -4.79675817489624 0.6708940267562866 
v -0.010103999637067318 -4.792273998260498 0.6694239974021912 
v -0.010294999927282333 -4.792273998260498 0.6674900054931641 
v -0.017495999112725258 -4.79675817489624 0.6708940267562866 
v -0.017830999568104744 -4.79675817489624 0.6674900054931641 
v -0.010294999927282333 -4.792273998260498 0.6674900054931641 
v -0.010103999637067318 -4.792273998260498 0.665556013584137 
v -0.017830999568104744 -4.79675817489624 0.6674900054931641 
v -0.017495999112725258 -4.79675817489624 0.6640859842300415 
v -0.010103999637067318 -4.792273998260498 0.665556013584137 
v -0.00953999999910593 -4.792273998260498 0.6636970043182373 
v -0.017495999112725258 -4.79675817489624 0.6640859842300415 
v -0.016503000631928444 -4.79675817489624 0.6608129739761353 
v -0.00953999999910593 -4.792273998260498 0.6636970043182373 
v -0.008624999783933163 -4.792273998260498 0.6619830131530762 
v -0.016503000631928444 -4.79675817489624 0.6608129739761353 
v -0.014891000464558601 -4.79675817489624 0.6577969789505005 
v -0.008624999783933163 -4.792273998260498 0.6619830131530762 
v -0.007391999941319227 -4.792273998260498 0.6604819893836975 
v -0.014891000464558601 -4.79675817489624 0.6577969789505005 
v -0.012721000239253044 -4.79675817489624 0.6551520228385925 
v -0.007391999941319227 -4.792273998260498 0.6604819893836975 
v -0.005890000145882368 -4.792273998260498 0.6592490077018738 
v -0.012721000239253044 -4.79675817489624 0.6551520228385925 
v -0.01007699966430664 -4.79675817489624 0.6529830098152161 
v -0.005890000145882368 -4.792273998260498 0.6592490077018738 
v -0.004176000133156776 -4.792273998260498 0.6583330035209656 
v -0.01007699966430664 -4.79675817489624 0.6529830098152161 
v -0.007060000207275152 -4.79675817489624 0.6513699889183044 
v -0.004176000133156776 -4.792273998260498 0.6583330035209656 
v -0.0023169999476522207 -4.792273998260498 0.6577690243721008 
v -0.007060000207275152 -4.79675817489624 0.6513699889183044 
v -0.0037869999650865793 -4.79675817489624 0.6503769755363464 
v -0.0023169999476522207 -4.792273998260498 0.6577690243721008 
v 0 -4.792273998260498 0.6575790047645569 
v -0.0037869999650865793 -4.79675817489624 0.6503769755363464 
v 0 -4.79675817489624 0.6500419974327087 
v 0 -4.792273998260498 0.6398329734802246 
v -0.0023169999476522207 -4.792273998260498 0.6396430134773254 
v 0 -4.79675817489624 0.6473690271377563 
v -0.0037869999650865793 -4.79675817489624 0.6470339894294739 
v -0.0023169999476522207 -4.792273998260498 0.6396430134773254 
v -0.004176000133156776 -4.792273998260498 0.6390789747238159 
v -0.0037869999650865793 -4.79675817489624 0.6470339894294739 
v -0.007060000207275152 -4.79675817489624 0.6460409760475159 
v -0.004176000133156776 -4.792273998260498 0.6390789747238159 
v -0.005890000145882368 -4.792273998260498 0.6381629705429077 
v -0.007060000207275152 -4.79675817489624 0.6460409760475159 
v -0.01007699966430664 -4.79675817489624 0.6444290280342102 
v -0.005890000145882368 -4.792273998260498 0.6381629705429077 
v -0.007391999941319227 -4.792273998260498 0.636929988861084 
v -0.01007699966430664 -4.79675817489624 0.6444290280342102 
v -0.012721000239253044 -4.79675817489624 0.6422590017318726 
v -0.007391999941319227 -4.792273998260498 0.636929988861084 
v -0.008624999783933163 -4.792273998260498 0.6354280114173889 
v -0.012721000239253044 -4.79675817489624 0.6422590017318726 
v -0.014891000464558601 -4.79675817489624 0.639614999294281 
v -0.008624999783933163 -4.792273998260498 0.6354280114173889 
v -0.00953999999910593 -4.792273998260498 0.6337140202522278 
v -0.014891000464558601 -4.79675817489624 0.639614999294281 
v -0.016503000631928444 -4.79675817489624 0.6365990042686462 
v -0.00953999999910593 -4.792273998260498 0.6337140202522278 
v -0.010103999637067318 -4.792273998260498 0.6318550109863281 
v -0.016503000631928444 -4.79675817489624 0.6365990042686462 
v -0.017495999112725258 -4.79675817489624 0.6333249807357788 
v -0.010103999637067318 -4.792273998260498 0.6318550109863281 
v -0.010294999927282333 -4.792273998260498 0.6299219727516174 
v -0.017495999112725258 -4.79675817489624 0.6333249807357788 
v -0.017830999568104744 -4.79675817489624 0.6299219727516174 
v -0.010294999927282333 -4.792273998260498 0.6299219727516174 
v -0.010103999637067318 -4.792273998260498 0.6279879808425903 
v -0.017830999568104744 -4.79675817489624 0.6299219727516174 
v -0.017495999112725258 -4.79675817489624 0.6265180110931396 
v -0.010103999637067318 -4.792273998260498 0.6279879808425903 
v -0.00953999999910593 -4.792273998260498 0.6261289715766907 
v -0.017495999112725258 -4.79675817489624 0.6265180110931396 
v -0.016503000631928444 -4.79675817489624 0.6232450008392334 
v -0.00953999999910593 -4.792273998260498 0.6261289715766907 
v -0.008624999783933163 -4.792273998260498 0.6244149804115295 
v -0.016503000631928444 -4.79675817489624 0.6232450008392334 
v -0.014891000464558601 -4.79675817489624 0.6202279925346375 
v -0.008624999783933163 -4.792273998260498 0.6244149804115295 
v -0.007391999941319227 -4.792273998260498 0.6229130029678345 
v -0.014891000464558601 -4.79675817489624 0.6202279925346375 
v -0.012721000239253044 -4.79675817489624 0.6175839900970459 
v -0.007391999941319227 -4.792273998260498 0.6229130029678345 
v -0.005890000145882368 -4.792273998260498 0.6216800212860107 
v -0.012721000239253044 -4.79675817489624 0.6175839900970459 
v -0.01007699966430664 -4.79675817489624 0.615414023399353 
v -0.005890000145882368 -4.792273998260498 0.6216800212860107 
v -0.004176000133156776 -4.792273998260498 0.620764970779419 
v -0.01007699966430664 -4.79675817489624 0.615414023399353 
v -0.007060000207275152 -4.79675817489624 0.6138020157814026 
v -0.004176000133156776 -4.792273998260498 0.620764970779419 
v -0.0023169999476522207 -4.792273998260498 0.6202009916305542 
v -0.007060000207275152 -4.79675817489624 0.6138020157814026 
v -0.0037869999650865793 -4.79675817489624 0.6128090023994446 
v -0.0023169999476522207 -4.792273998260498 0.6202009916305542 
v 0 -4.792273998260498 0.6200100183486938 
v -0.0037869999650865793 -4.79675817489624 0.6128090023994446 
v 0 -4.79675817489624 0.6124740242958069 
v 0 -4.792273998260498 0.601502001285553 
v -0.0023169999476522207 -4.792273998260498 0.6013110280036926 
v 0 -4.79675817489624 0.6090379953384399 
v -0.0037869999650865793 -4.79675817489624 0.6087030172348022 
v -0.0023169999476522207 -4.792273998260498 0.6013110280036926 
v -0.004176000133156776 -4.792273998260498 0.6007469892501831 
v -0.0037869999650865793 -4.79675817489624 0.6087030172348022 
v -0.007060000207275152 -4.79675817489624 0.6077100038528442 
v -0.004176000133156776 -4.792273998260498 0.6007469892501831 
v -0.005890000145882368 -4.792273998260498 0.5998309850692749 
v -0.007060000207275152 -4.79675817489624 0.6077100038528442 
v -0.01007699966430664 -4.79675817489624 0.6060979962348938 
v -0.005890000145882368 -4.792273998260498 0.5998309850692749 
v -0.007391999941319227 -4.792273998260498 0.5985990166664124 
v -0.01007699966430664 -4.79675817489624 0.6060979962348938 
v -0.012721000239253044 -4.79675817489624 0.6039280295372009 
v -0.007391999941319227 -4.792273998260498 0.5985990166664124 
v -0.008624999783933163 -4.792273998260498 0.5970969796180725 
v -0.012721000239253044 -4.79675817489624 0.6039280295372009 
v -0.014891000464558601 -4.79675817489624 0.6012840270996094 
v -0.008624999783933163 -4.792273998260498 0.5970969796180725 
v -0.00953999999910593 -4.792273998260498 0.5953829884529114 
v -0.014891000464558601 -4.79675817489624 0.6012840270996094 
v -0.016503000631928444 -4.79675817489624 0.5982670187950134 
v -0.00953999999910593 -4.792273998260498 0.5953829884529114 
v -0.010103999637067318 -4.792273998260498 0.5935239791870117 
v -0.016503000631928444 -4.79675817489624 0.5982670187950134 
v -0.017495999112725258 -4.79675817489624 0.5949940085411072 
v -0.010103999637067318 -4.792273998260498 0.5935239791870117 
v -0.010294999927282333 -4.792273998260498 0.5915899872779846 
v -0.017495999112725258 -4.79675817489624 0.5949940085411072 
v -0.017830999568104744 -4.79675817489624 0.5915899872779846 
v -0.010294999927282333 -4.792273998260498 0.5915899872779846 
v -0.010103999637067318 -4.792273998260498 0.5896570086479187 
v -0.017830999568104744 -4.79675817489624 0.5915899872779846 
v -0.017495999112725258 -4.79675817489624 0.5881869792938232 
v -0.010103999637067318 -4.792273998260498 0.5896570086479187 
v -0.00953999999910593 -4.792273998260498 0.587797999382019 
v -0.017495999112725258 -4.79675817489624 0.5881869792938232 
v -0.016503000631928444 -4.79675817489624 0.5849130153656006 
v -0.00953999999910593 -4.792273998260498 0.587797999382019 
v -0.008624999783933163 -4.792273998260498 0.5860840082168579 
v -0.016503000631928444 -4.79675817489624 0.5849130153656006 
v -0.014891000464558601 -4.79675817489624 0.5818970203399658 
v -0.008624999783933163 -4.792273998260498 0.5860840082168579 
v -0.007391999941319227 -4.792273998260498 0.5845819711685181 
v -0.014891000464558601 -4.79675817489624 0.5818970203399658 
v -0.012721000239253044 -4.79675817489624 0.5792530179023743 
v -0.007391999941319227 -4.792273998260498 0.5845819711685181 
v -0.005890000145882368 -4.792273998260498 0.5833489894866943 
v -0.012721000239253044 -4.79675817489624 0.5792530179023743 
v -0.01007699966430664 -4.79675817489624 0.5770829916000366 
v -0.005890000145882368 -4.792273998260498 0.5833489894866943 
v -0.004176000133156776 -4.792273998260498 0.5824329853057861 
v -0.01007699966430664 -4.79675817489624 0.5770829916000366 
v -0.007060000207275152 -4.79675817489624 0.5754709839820862 
v -0.004176000133156776 -4.792273998260498 0.5824329853057861 
v -0.0023169999476522207 -4.792273998260498 0.5818690061569214 
v -0.007060000207275152 -4.79675817489624 0.5754709839820862 
v -0.0037869999650865793 -4.79675817489624 0.5744779706001282 
v -0.0023169999476522207 -4.792273998260498 0.5818690061569214 
v 0 -4.792273998260498 0.5816789865493774 
v -0.0037869999650865793 -4.79675817489624 0.5744779706001282 
v 0 -4.79675817489624 0.5741429924964905 
v 0.04446699842810631 -4.79675817489624 0.7621939778327942 
v 0.04299699887633324 -4.792273998260498 0.7548019886016846 
v 0.04106299951672554 -4.79675817489624 0.7625290155410767 
v 0.04106299951672554 -4.792273998260498 0.7549930214881897 
v 0.04774000123143196 -4.79675817489624 0.761201024055481 
v 0.0448560006916523 -4.792273998260498 0.7542380094528198 
v 0.04446699842810631 -4.79675817489624 0.7621939778327942 
v 0.04299699887633324 -4.792273998260498 0.7548019886016846 
v 0.05075699836015701 -4.79675817489624 0.7595880031585693 
v 0.04656999930739403 -4.792273998260498 0.7533220052719116 
v 0.04774000123143196 -4.79675817489624 0.761201024055481 
v 0.0448560006916523 -4.792273998260498 0.7542380094528198 
v 0.053401000797748566 -4.79675817489624 0.7574189901351929 
v 0.04807199910283089 -4.792273998260498 0.7520899772644043 
v 0.05075699836015701 -4.79675817489624 0.7595880031585693 
v 0.04656999930739403 -4.792273998260498 0.7533220052719116 
v 0.05556999891996384 -4.79675817489624 0.7547749876976013 
v 0.04930400103330612 -4.792273998260498 0.7505879998207092 
v 0.053401000797748566 -4.79675817489624 0.7574189901351929 
v 0.04807199910283089 -4.792273998260498 0.7520899772644043 
v 0.057183001190423965 -4.79675817489624 0.7517579793930054 
v 0.050220001488924026 -4.792273998260498 0.7488740086555481 
v 0.05556999891996384 -4.79675817489624 0.7547749876976013 
v 0.04930400103330612 -4.792273998260498 0.7505879998207092 
v 0.05817599967122078 -4.79675817489624 0.7484850287437439 
v 0.050783999264240265 -4.792273998260498 0.7470149993896484 
v 0.057183001190423965 -4.79675817489624 0.7517579793930054 
v 0.050220001488924026 -4.792273998260498 0.7488740086555481 
v 0.058511000126600266 -4.79675817489624 0.7450810074806213 
v 0.050974998623132706 -4.792273998260498 0.7450810074806213 
v 0.05817599967122078 -4.79675817489624 0.7484850287437439 
v 0.050783999264240265 -4.792273998260498 0.7470149993896484 
v 0.05817599967122078 -4.79675817489624 0.7416769862174988 
v 0.050783999264240265 -4.792273998260498 0.7431470155715942 
v 0.058511000126600266 -4.79675817489624 0.7450810074806213 
v 0.050974998623132706 -4.792273998260498 0.7450810074806213 
v 0.057183001190423965 -4.79675817489624 0.7384039759635925 
v 0.050220001488924026 -4.792273998260498 0.7412880063056946 
v 0.05817599967122078 -4.79675817489624 0.7416769862174988 
v 0.050783999264240265 -4.792273998260498 0.7431470155715942 
v 0.05556999891996384 -4.79675817489624 0.7353879809379578 
v 0.04930400103330612 -4.792273998260498 0.7395750284194946 
v 0.057183001190423965 -4.79675817489624 0.7384039759635925 
v 0.050220001488924026 -4.792273998260498 0.7412880063056946 
v 0.053401000797748566 -4.79675817489624 0.7327439785003662 
v 0.04807199910283089 -4.792273998260498 0.7380729913711548 
v 0.05556999891996384 -4.79675817489624 0.7353879809379578 
v 0.04930400103330612 -4.792273998260498 0.7395750284194946 
v 0.05075699836015701 -4.79675817489624 0.7305740118026733 
v 0.04656999930739403 -4.792273998260498 0.736840009689331 
v 0.053401000797748566 -4.79675817489624 0.7327439785003662 
v 0.04807199910283089 -4.792273998260498 0.7380729913711548 
v 0.04774000123143196 -4.79675817489624 0.7289609909057617 
v 0.0448560006916523 -4.792273998260498 0.7359240055084229 
v 0.05075699836015701 -4.79675817489624 0.7305740118026733 
v 0.04656999930739403 -4.792273998260498 0.736840009689331 
v 0.04446699842810631 -4.79675817489624 0.7279689908027649 
v 0.04299699887633324 -4.792273998260498 0.7353600263595581 
v 0.04774000123143196 -4.79675817489624 0.7289609909057617 
v 0.0448560006916523 -4.792273998260498 0.7359240055084229 
v 0.04106299951672554 -4.79675817489624 0.727632999420166 
v 0.04106299951672554 -4.792273998260498 0.7351700067520142 
v 0.04446699842810631 -4.79675817489624 0.7279689908027649 
v 0.04299699887633324 -4.792273998260498 0.7353600263595581 
v 0.03765900060534477 -4.79675817489624 0.7279689908027649 
v 0.039129000157117844 -4.792273998260498 0.7353600263595581 
v 0.04106299951672554 -4.79675817489624 0.727632999420166 
v 0.04106299951672554 -4.792273998260498 0.7351700067520142 
v 0.03438600152730942 -4.79675817489624 0.7289609909057617 
v 0.03726999834179878 -4.792273998260498 0.7359240055084229 
v 0.03765900060534477 -4.79675817489624 0.7279689908027649 
v 0.039129000157117844 -4.792273998260498 0.7353600263595581 
v 0.031369999051094055 -4.79675817489624 0.7305740118026733 
v 0.03555700182914734 -4.792273998260498 0.736840009689331 
v 0.03438600152730942 -4.79675817489624 0.7289609909057617 
v 0.03726999834179878 -4.792273998260498 0.7359240055084229 
v 0.0287260003387928 -4.79675817489624 0.7327439785003662 
v 0.03405499830842018 -4.792273998260498 0.7380729913711548 
v 0.031369999051094055 -4.79675817489624 0.7305740118026733 
v 0.03555700182914734 -4.792273998260498 0.736840009689331 
v 0.026556000113487244 -4.79675817489624 0.7353879809379578 
v 0.03282200172543526 -4.792273998260498 0.7395750284194946 
v 0.0287260003387928 -4.79675817489624 0.7327439785003662 
v 0.03405499830842018 -4.792273998260498 0.7380729913711548 
v 0.024942999705672264 -4.79675817489624 0.7384039759635925 
v 0.03190600126981735 -4.792273998260498 0.7412880063056946 
v 0.026556000113487244 -4.79675817489624 0.7353879809379578 
v 0.03282200172543526 -4.792273998260498 0.7395750284194946 
v 0.0239499993622303 -4.79675817489624 0.7416769862174988 
v 0.031341999769210815 -4.792273998260498 0.7431470155715942 
v 0.024942999705672264 -4.79675817489624 0.7384039759635925 
v 0.03190600126981735 -4.792273998260498 0.7412880063056946 
v 0.023615000769495964 -4.79675817489624 0.7450810074806213 
v 0.03115200065076351 -4.792273998260498 0.7450810074806213 
v 0.0239499993622303 -4.79675817489624 0.7416769862174988 
v 0.031341999769210815 -4.792273998260498 0.7431470155715942 
v 0.0239499993622303 -4.79675817489624 0.7484850287437439 
v 0.031341999769210815 -4.792273998260498 0.7470149993896484 
v 0.023615000769495964 -4.79675817489624 0.7450810074806213 
v 0.03115200065076351 -4.792273998260498 0.7450810074806213 
v 0.024942999705672264 -4.79675817489624 0.7517579793930054 
v 0.03190600126981735 -4.792273998260498 0.7488740086555481 
v 0.0239499993622303 -4.79675817489624 0.7484850287437439 
v 0.031341999769210815 -4.792273998260498 0.7470149993896484 
v 0.026556000113487244 -4.79675817489624 0.7547749876976013 
v 0.03282200172543526 -4.792273998260498 0.7505879998207092 
v 0.024942999705672264 -4.79675817489624 0.7517579793930054 
v 0.03190600126981735 -4.792273998260498 0.7488740086555481 
v 0.0287260003387928 -4.79675817489624 0.7574189901351929 
v 0.03405499830842018 -4.792273998260498 0.7520899772644043 
v 0.026556000113487244 -4.79675817489624 0.7547749876976013 
v 0.03282200172543526 -4.792273998260498 0.7505879998207092 
v 0.031369999051094055 -4.79675817489624 0.7595880031585693 
v 0.03555700182914734 -4.792273998260498 0.7533220052719116 
v 0.0287260003387928 -4.79675817489624 0.7574189901351929 
v 0.03405499830842018 -4.792273998260498 0.7520899772644043 
v 0.03438600152730942 -4.79675817489624 0.761201024055481 
v 0.03726999834179878 -4.792273998260498 0.7542380094528198 
v 0.031369999051094055 -4.79675817489624 0.7595880031585693 
v 0.03555700182914734 -4.792273998260498 0.7533220052719116 
v 0.03765900060534477 -4.79675817489624 0.7621939778327942 
v 0.039129000157117844 -4.792273998260498 0.7548019886016846 
v 0.03438600152730942 -4.79675817489624 0.761201024055481 
v 0.03726999834179878 -4.792273998260498 0.7542380094528198 
v 0.04106299951672554 -4.79675817489624 0.7625290155410767 
v 0.04106299951672554 -4.792273998260498 0.7549930214881897 
v 0.03765900060534477 -4.79675817489624 0.7621939778327942 
v 0.039129000157117844 -4.792273998260498 0.7548019886016846 
v 0.04446699842810631 -4.79675817489624 0.7233039736747742 
v 0.04299699887633324 -4.792273998260498 0.7159119844436646 
v 0.04106299951672554 -4.79675817489624 0.7236390113830566 
v 0.04106299951672554 -4.792273998260498 0.7161030173301697 
v 0.04774000123143196 -4.79675817489624 0.7223110198974609 
v 0.0448560006916523 -4.792273998260498 0.7153480052947998 
v 0.04446699842810631 -4.79675817489624 0.7233039736747742 
v 0.04299699887633324 -4.792273998260498 0.7159119844436646 
v 0.05075699836015701 -4.79675817489624 0.7206990122795105 
v 0.04656999930739403 -4.792273998260498 0.7144320011138916 
v 0.04774000123143196 -4.79675817489624 0.7223110198974609 
v 0.0448560006916523 -4.792273998260498 0.7153480052947998 
v 0.053401000797748566 -4.79675817489624 0.7185289859771729 
v 0.04807199910283089 -4.792273998260498 0.7131999731063843 
v 0.05075699836015701 -4.79675817489624 0.7206990122795105 
v 0.04656999930739403 -4.792273998260498 0.7144320011138916 
v 0.05556999891996384 -4.79675817489624 0.7158849835395813 
v 0.04930400103330612 -4.792273998260498 0.7116979956626892 
v 0.053401000797748566 -4.79675817489624 0.7185289859771729 
v 0.04807199910283089 -4.792273998260498 0.7131999731063843 
v 0.057183001190423965 -4.79675817489624 0.7128679752349854 
v 0.050220001488924026 -4.792273998260498 0.7099840044975281 
v 0.05556999891996384 -4.79675817489624 0.7158849835395813 
v 0.04930400103330612 -4.792273998260498 0.7116979956626892 
v 0.05817599967122078 -4.79675817489624 0.7095950245857239 
v 0.050783999264240265 -4.792273998260498 0.7081249952316284 
v 0.057183001190423965 -4.79675817489624 0.7128679752349854 
v 0.050220001488924026 -4.792273998260498 0.7099840044975281 
v 0.058511000126600266 -4.79675817489624 0.7061910033226013 
v 0.050974998623132706 -4.792273998260498 0.7061910033226013 
v 0.05817599967122078 -4.79675817489624 0.7095950245857239 
v 0.050783999264240265 -4.792273998260498 0.7081249952316284 
v 0.05817599967122078 -4.79675817489624 0.7027869820594788 
v 0.050783999264240265 -4.792273998260498 0.7042580246925354 
v 0.058511000126600266 -4.79675817489624 0.7061910033226013 
v 0.050974998623132706 -4.792273998260498 0.7061910033226013 
v 0.057183001190423965 -4.79675817489624 0.6995139718055725 
v 0.050220001488924026 -4.792273998260498 0.7023980021476746 
v 0.05817599967122078 -4.79675817489624 0.7027869820594788 
v 0.050783999264240265 -4.792273998260498 0.7042580246925354 
v 0.05556999891996384 -4.79675817489624 0.6964979767799377 
v 0.04930400103330612 -4.792273998260498 0.7006850242614746 
v 0.057183001190423965 -4.79675817489624 0.6995139718055725 
v 0.050220001488924026 -4.792273998260498 0.7023980021476746 
v 0.053401000797748566 -4.79675817489624 0.6938539743423462 
v 0.04807199910283089 -4.792273998260498 0.6991829872131348 
v 0.05556999891996384 -4.79675817489624 0.6964979767799377 
v 0.04930400103330612 -4.792273998260498 0.7006850242614746 
v 0.05075699836015701 -4.79675817489624 0.6916840076446533 
v 0.04656999930739403 -4.792273998260498 0.697950005531311 
v 0.053401000797748566 -4.79675817489624 0.6938539743423462 
v 0.04807199910283089 -4.792273998260498 0.6991829872131348 
v 0.04774000123143196 -4.79675817489624 0.6900709867477417 
v 0.0448560006916523 -4.792273998260498 0.6970340013504028 
v 0.05075699836015701 -4.79675817489624 0.6916840076446533 
v 0.04656999930739403 -4.792273998260498 0.697950005531311 
v 0.04446699842810631 -4.79675817489624 0.6890789866447449 
v 0.04299699887633324 -4.792273998260498 0.6964700222015381 
v 0.04774000123143196 -4.79675817489624 0.6900709867477417 
v 0.0448560006916523 -4.792273998260498 0.6970340013504028 
v 0.04106299951672554 -4.79675817489624 0.688742995262146 
v 0.04106299951672554 -4.792273998260498 0.6962800025939941 
v 0.04446699842810631 -4.79675817489624 0.6890789866447449 
v 0.04299699887633324 -4.792273998260498 0.6964700222015381 
v 0.03765900060534477 -4.79675817489624 0.6890789866447449 
v 0.039129000157117844 -4.792273998260498 0.6964700222015381 
v 0.04106299951672554 -4.79675817489624 0.688742995262146 
v 0.04106299951672554 -4.792273998260498 0.6962800025939941 
v 0.03438600152730942 -4.79675817489624 0.6900709867477417 
v 0.03726999834179878 -4.792273998260498 0.6970340013504028 
v 0.03765900060534477 -4.79675817489624 0.6890789866447449 
v 0.039129000157117844 -4.792273998260498 0.6964700222015381 
v 0.031369999051094055 -4.79675817489624 0.6916840076446533 
v 0.03555700182914734 -4.792273998260498 0.697950005531311 
v 0.03438600152730942 -4.79675817489624 0.6900709867477417 
v 0.03726999834179878 -4.792273998260498 0.6970340013504028 
v 0.0287260003387928 -4.79675817489624 0.6938539743423462 
v 0.03405499830842018 -4.792273998260498 0.6991829872131348 
v 0.031369999051094055 -4.79675817489624 0.6916840076446533 
v 0.03555700182914734 -4.792273998260498 0.697950005531311 
v 0.026556000113487244 -4.79675817489624 0.6964979767799377 
v 0.03282200172543526 -4.792273998260498 0.7006850242614746 
v 0.0287260003387928 -4.79675817489624 0.6938539743423462 
v 0.03405499830842018 -4.792273998260498 0.6991829872131348 
v 0.024942999705672264 -4.79675817489624 0.6995139718055725 
v 0.03190600126981735 -4.792273998260498 0.7023980021476746 
v 0.026556000113487244 -4.79675817489624 0.6964979767799377 
v 0.03282200172543526 -4.792273998260498 0.7006850242614746 
v 0.0239499993622303 -4.79675817489624 0.7027869820594788 
v 0.031341999769210815 -4.792273998260498 0.7042580246925354 
v 0.024942999705672264 -4.79675817489624 0.6995139718055725 
v 0.03190600126981735 -4.792273998260498 0.7023980021476746 
v 0.023615000769495964 -4.79675817489624 0.7061910033226013 
v 0.03115200065076351 -4.792273998260498 0.7061910033226013 
v 0.0239499993622303 -4.79675817489624 0.7027869820594788 
v 0.031341999769210815 -4.792273998260498 0.7042580246925354 
v 0.0239499993622303 -4.79675817489624 0.7095950245857239 
v 0.031341999769210815 -4.792273998260498 0.7081249952316284 
v 0.023615000769495964 -4.79675817489624 0.7061910033226013 
v 0.03115200065076351 -4.792273998260498 0.7061910033226013 
v 0.024942999705672264 -4.79675817489624 0.7128679752349854 
v 0.03190600126981735 -4.792273998260498 0.7099840044975281 
v 0.0239499993622303 -4.79675817489624 0.7095950245857239 
v 0.031341999769210815 -4.792273998260498 0.7081249952316284 
v 0.026556000113487244 -4.79675817489624 0.7158849835395813 
v 0.03282200172543526 -4.792273998260498 0.7116979956626892 
v 0.024942999705672264 -4.79675817489624 0.7128679752349854 
v 0.03190600126981735 -4.792273998260498 0.7099840044975281 
v 0.0287260003387928 -4.79675817489624 0.7185289859771729 
v 0.03405499830842018 -4.792273998260498 0.7131999731063843 
v 0.026556000113487244 -4.79675817489624 0.7158849835395813 
v 0.03282200172543526 -4.792273998260498 0.7116979956626892 
v 0.031369999051094055 -4.79675817489624 0.7206990122795105 
v 0.03555700182914734 -4.792273998260498 0.7144320011138916 
v 0.0287260003387928 -4.79675817489624 0.7185289859771729 
v 0.03405499830842018 -4.792273998260498 0.7131999731063843 
v 0.03438600152730942 -4.79675817489624 0.7223110198974609 
v 0.03726999834179878 -4.792273998260498 0.7153480052947998 
v 0.031369999051094055 -4.79675817489624 0.7206990122795105 
v 0.03555700182914734 -4.792273998260498 0.7144320011138916 
v 0.03765900060534477 -4.79675817489624 0.7233039736747742 
v 0.039129000157117844 -4.792273998260498 0.7159119844436646 
v 0.03438600152730942 -4.79675817489624 0.7223110198974609 
v 0.03726999834179878 -4.792273998260498 0.7153480052947998 
v 0.04106299951672554 -4.79675817489624 0.7236390113830566 
v 0.04106299951672554 -4.792273998260498 0.7161030173301697 
v 0.03765900060534477 -4.79675817489624 0.7233039736747742 
v 0.039129000157117844 -4.792273998260498 0.7159119844436646 
v 0.04446699842810631 -4.79675817489624 0.6846029758453369 
v 0.04299699887633324 -4.792273998260498 0.6772109866142273 
v 0.04106299951672554 -4.79675817489624 0.6849380135536194 
v 0.04106299951672554 -4.792273998260498 0.6774010062217712 
v 0.04774000123143196 -4.79675817489624 0.6836100220680237 
v 0.0448560006916523 -4.792273998260498 0.6766470074653625 
v 0.04446699842810631 -4.79675817489624 0.6846029758453369 
v 0.04299699887633324 -4.792273998260498 0.6772109866142273 
v 0.05075699836015701 -4.79675817489624 0.6819970011711121 
v 0.04656999930739403 -4.792273998260498 0.6757310032844543 
v 0.04774000123143196 -4.79675817489624 0.6836100220680237 
v 0.0448560006916523 -4.792273998260498 0.6766470074653625 
v 0.053401000797748566 -4.79675817489624 0.6798279881477356 
v 0.04807199910283089 -4.792273998260498 0.6744980216026306 
v 0.05075699836015701 -4.79675817489624 0.6819970011711121 
v 0.04656999930739403 -4.792273998260498 0.6757310032844543 
v 0.05556999891996384 -4.79675817489624 0.677183985710144 
v 0.04930400103330612 -4.792273998260498 0.672996997833252 
v 0.053401000797748566 -4.79675817489624 0.6798279881477356 
v 0.04807199910283089 -4.792273998260498 0.6744980216026306 
v 0.057183001190423965 -4.79675817489624 0.6741669774055481 
v 0.050220001488924026 -4.792273998260498 0.6712830066680908 
v 0.05556999891996384 -4.79675817489624 0.677183985710144 
v 0.04930400103330612 -4.792273998260498 0.672996997833252 
v 0.05817599967122078 -4.79675817489624 0.6708940267562866 
v 0.050783999264240265 -4.792273998260498 0.6694239974021912 
v 0.057183001190423965 -4.79675817489624 0.6741669774055481 
v 0.050220001488924026 -4.792273998260498 0.6712830066680908 
v 0.058511000126600266 -4.79675817489624 0.6674900054931641 
v 0.050974998623132706 -4.792273998260498 0.6674900054931641 
v 0.05817599967122078 -4.79675817489624 0.6708940267562866 
v 0.050783999264240265 -4.792273998260498 0.6694239974021912 
v 0.05817599967122078 -4.79675817489624 0.6640859842300415 
v 0.050783999264240265 -4.792273998260498 0.665556013584137 
v 0.058511000126600266 -4.79675817489624 0.6674900054931641 
v 0.050974998623132706 -4.792273998260498 0.6674900054931641 
v 0.057183001190423965 -4.79675817489624 0.6608129739761353 
v 0.050220001488924026 -4.792273998260498 0.6636970043182373 
v 0.05817599967122078 -4.79675817489624 0.6640859842300415 
v 0.050783999264240265 -4.792273998260498 0.665556013584137 
v 0.05556999891996384 -4.79675817489624 0.6577969789505005 
v 0.04930400103330612 -4.792273998260498 0.6619830131530762 
v 0.057183001190423965 -4.79675817489624 0.6608129739761353 
v 0.050220001488924026 -4.792273998260498 0.6636970043182373 
v 0.053401000797748566 -4.79675817489624 0.6551520228385925 
v 0.04807199910283089 -4.792273998260498 0.6604819893836975 
v 0.05556999891996384 -4.79675817489624 0.6577969789505005 
v 0.04930400103330612 -4.792273998260498 0.6619830131530762 
v 0.05075699836015701 -4.79675817489624 0.6529830098152161 
v 0.04656999930739403 -4.792273998260498 0.6592490077018738 
v 0.053401000797748566 -4.79675817489624 0.6551520228385925 
v 0.04807199910283089 -4.792273998260498 0.6604819893836975 
v 0.04774000123143196 -4.79675817489624 0.6513699889183044 
v 0.0448560006916523 -4.792273998260498 0.6583330035209656 
v 0.05075699836015701 -4.79675817489624 0.6529830098152161 
v 0.04656999930739403 -4.792273998260498 0.6592490077018738 
v 0.04446699842810631 -4.79675817489624 0.6503769755363464 
v 0.04299699887633324 -4.792273998260498 0.6577690243721008 
v 0.04774000123143196 -4.79675817489624 0.6513699889183044 
v 0.0448560006916523 -4.792273998260498 0.6583330035209656 
v 0.04106299951672554 -4.79675817489624 0.6500419974327087 
v 0.04106299951672554 -4.792273998260498 0.6575790047645569 
v 0.04446699842810631 -4.79675817489624 0.6503769755363464 
v 0.04299699887633324 -4.792273998260498 0.6577690243721008 
v 0.03765900060534477 -4.79675817489624 0.6503769755363464 
v 0.039129000157117844 -4.792273998260498 0.6577690243721008 
v 0.04106299951672554 -4.79675817489624 0.6500419974327087 
v 0.04106299951672554 -4.792273998260498 0.6575790047645569 
v 0.03438600152730942 -4.79675817489624 0.6513699889183044 
v 0.03726999834179878 -4.792273998260498 0.6583330035209656 
v 0.03765900060534477 -4.79675817489624 0.6503769755363464 
v 0.039129000157117844 -4.792273998260498 0.6577690243721008 
v 0.031369999051094055 -4.79675817489624 0.6529830098152161 
v 0.03555700182914734 -4.792273998260498 0.6592490077018738 
v 0.03438600152730942 -4.79675817489624 0.6513699889183044 
v 0.03726999834179878 -4.792273998260498 0.6583330035209656 
v 0.0287260003387928 -4.79675817489624 0.6551520228385925 
v 0.03405499830842018 -4.792273998260498 0.6604819893836975 
v 0.031369999051094055 -4.79675817489624 0.6529830098152161 
v 0.03555700182914734 -4.792273998260498 0.6592490077018738 
v 0.026556000113487244 -4.79675817489624 0.6577969789505005 
v 0.03282200172543526 -4.792273998260498 0.6619830131530762 
v 0.0287260003387928 -4.79675817489624 0.6551520228385925 
v 0.03405499830842018 -4.792273998260498 0.6604819893836975 
v 0.024942999705672264 -4.79675817489624 0.6608129739761353 
v 0.03190600126981735 -4.792273998260498 0.6636970043182373 
v 0.026556000113487244 -4.79675817489624 0.6577969789505005 
v 0.03282200172543526 -4.792273998260498 0.6619830131530762 
v 0.0239499993622303 -4.79675817489624 0.6640859842300415 
v 0.031341999769210815 -4.792273998260498 0.665556013584137 
v 0.024942999705672264 -4.79675817489624 0.6608129739761353 
v 0.03190600126981735 -4.792273998260498 0.6636970043182373 
v 0.023615000769495964 -4.79675817489624 0.6674900054931641 
v 0.03115200065076351 -4.792273998260498 0.6674900054931641 
v 0.0239499993622303 -4.79675817489624 0.6640859842300415 
v 0.031341999769210815 -4.792273998260498 0.665556013584137 
v 0.0239499993622303 -4.79675817489624 0.6708940267562866 
v 0.031341999769210815 -4.792273998260498 0.6694239974021912 
v 0.023615000769495964 -4.79675817489624 0.6674900054931641 
v 0.03115200065076351 -4.792273998260498 0.6674900054931641 
v 0.024942999705672264 -4.79675817489624 0.6741669774055481 
v 0.03190600126981735 -4.792273998260498 0.6712830066680908 
v 0.0239499993622303 -4.79675817489624 0.6708940267562866 
v 0.031341999769210815 -4.792273998260498 0.6694239974021912 
v 0.026556000113487244 -4.79675817489624 0.677183985710144 
v 0.03282200172543526 -4.792273998260498 0.672996997833252 
v 0.024942999705672264 -4.79675817489624 0.6741669774055481 
v 0.03190600126981735 -4.792273998260498 0.6712830066680908 
v 0.0287260003387928 -4.79675817489624 0.6798279881477356 
v 0.03405499830842018 -4.792273998260498 0.6744980216026306 
v 0.026556000113487244 -4.79675817489624 0.677183985710144 
v 0.03282200172543526 -4.792273998260498 0.672996997833252 
v 0.031369999051094055 -4.79675817489624 0.6819970011711121 
v 0.03555700182914734 -4.792273998260498 0.6757310032844543 
v 0.0287260003387928 -4.79675817489624 0.6798279881477356 
v 0.03405499830842018 -4.792273998260498 0.6744980216026306 
v 0.03438600152730942 -4.79675817489624 0.6836100220680237 
v 0.03726999834179878 -4.792273998260498 0.6766470074653625 
v 0.031369999051094055 -4.79675817489624 0.6819970011711121 
v 0.03555700182914734 -4.792273998260498 0.6757310032844543 
v 0.03765900060534477 -4.79675817489624 0.6846029758453369 
v 0.039129000157117844 -4.792273998260498 0.6772109866142273 
v 0.03438600152730942 -4.79675817489624 0.6836100220680237 
v 0.03726999834179878 -4.792273998260498 0.6766470074653625 
v 0.04106299951672554 -4.79675817489624 0.6849380135536194 
v 0.04106299951672554 -4.792273998260498 0.6774010062217712 
v 0.03765900060534477 -4.79675817489624 0.6846029758453369 
v 0.039129000157117844 -4.792273998260498 0.6772109866142273 
v 0.04446699842810631 -4.79675817489624 0.6470339894294739 
v 0.04299699887633324 -4.792273998260498 0.6396430134773254 
v 0.04106299951672554 -4.79675817489624 0.6473690271377563 
v 0.04106299951672554 -4.792273998260498 0.6398329734802246 
v 0.04774000123143196 -4.79675817489624 0.6460409760475159 
v 0.0448560006916523 -4.792273998260498 0.6390789747238159 
v 0.04446699842810631 -4.79675817489624 0.6470339894294739 
v 0.04299699887633324 -4.792273998260498 0.6396430134773254 
v 0.05075699836015701 -4.79675817489624 0.6444290280342102 
v 0.04656999930739403 -4.792273998260498 0.6381629705429077 
v 0.04774000123143196 -4.79675817489624 0.6460409760475159 
v 0.0448560006916523 -4.792273998260498 0.6390789747238159 
v 0.053401000797748566 -4.79675817489624 0.6422590017318726 
v 0.04807199910283089 -4.792273998260498 0.636929988861084 
v 0.05075699836015701 -4.79675817489624 0.6444290280342102 
v 0.04656999930739403 -4.792273998260498 0.6381629705429077 
v 0.05556999891996384 -4.79675817489624 0.639614999294281 
v 0.04930400103330612 -4.792273998260498 0.6354280114173889 
v 0.053401000797748566 -4.79675817489624 0.6422590017318726 
v 0.04807199910283089 -4.792273998260498 0.636929988861084 
v 0.057183001190423965 -4.79675817489624 0.6365990042686462 
v 0.050220001488924026 -4.792273998260498 0.6337140202522278 
v 0.05556999891996384 -4.79675817489624 0.639614999294281 
v 0.04930400103330612 -4.792273998260498 0.6354280114173889 
v 0.05817599967122078 -4.79675817489624 0.6333249807357788 
v 0.050783999264240265 -4.792273998260498 0.6318550109863281 
v 0.057183001190423965 -4.79675817489624 0.6365990042686462 
v 0.050220001488924026 -4.792273998260498 0.6337140202522278 
v 0.058511000126600266 -4.79675817489624 0.6299219727516174 
v 0.050974998623132706 -4.792273998260498 0.6299219727516174 
v 0.05817599967122078 -4.79675817489624 0.6333249807357788 
v 0.050783999264240265 -4.792273998260498 0.6318550109863281 
v 0.05817599967122078 -4.79675817489624 0.6265180110931396 
v 0.050783999264240265 -4.792273998260498 0.6279879808425903 
v 0.058511000126600266 -4.79675817489624 0.6299219727516174 
v 0.050974998623132706 -4.792273998260498 0.6299219727516174 
v 0.057183001190423965 -4.79675817489624 0.6232450008392334 
v 0.050220001488924026 -4.792273998260498 0.6261289715766907 
v 0.05817599967122078 -4.79675817489624 0.6265180110931396 
v 0.050783999264240265 -4.792273998260498 0.6279879808425903 
v 0.05556999891996384 -4.79675817489624 0.6202279925346375 
v 0.04930400103330612 -4.792273998260498 0.6244149804115295 
v 0.057183001190423965 -4.79675817489624 0.6232450008392334 
v 0.050220001488924026 -4.792273998260498 0.6261289715766907 
v 0.053401000797748566 -4.79675817489624 0.6175839900970459 
v 0.04807199910283089 -4.792273998260498 0.6229130029678345 
v 0.05556999891996384 -4.79675817489624 0.6202279925346375 
v 0.04930400103330612 -4.792273998260498 0.6244149804115295 
v 0.05075699836015701 -4.79675817489624 0.615414023399353 
v 0.04656999930739403 -4.792273998260498 0.6216800212860107 
v 0.053401000797748566 -4.79675817489624 0.6175839900970459 
v 0.04807199910283089 -4.792273998260498 0.6229130029678345 
v 0.04774000123143196 -4.79675817489624 0.6138020157814026 
v 0.0448560006916523 -4.792273998260498 0.620764970779419 
v 0.05075699836015701 -4.79675817489624 0.615414023399353 
v 0.04656999930739403 -4.792273998260498 0.6216800212860107 
v 0.04446699842810631 -4.79675817489624 0.6128090023994446 
v 0.04299699887633324 -4.792273998260498 0.6202009916305542 
v 0.04774000123143196 -4.79675817489624 0.6138020157814026 
v 0.0448560006916523 -4.792273998260498 0.620764970779419 
v 0.04106299951672554 -4.79675817489624 0.6124740242958069 
v 0.04106299951672554 -4.792273998260498 0.6200100183486938 
v 0.04446699842810631 -4.79675817489624 0.6128090023994446 
v 0.04299699887633324 -4.792273998260498 0.6202009916305542 
v 0.03765900060534477 -4.79675817489624 0.6128090023994446 
v 0.039129000157117844 -4.792273998260498 0.6202009916305542 
v 0.04106299951672554 -4.79675817489624 0.6124740242958069 
v 0.04106299951672554 -4.792273998260498 0.6200100183486938 
v 0.03438600152730942 -4.79675817489624 0.6138020157814026 
v 0.03726999834179878 -4.792273998260498 0.620764970779419 
v 0.03765900060534477 -4.79675817489624 0.6128090023994446 
v 0.039129000157117844 -4.792273998260498 0.6202009916305542 
v 0.031369999051094055 -4.79675817489624 0.615414023399353 
v 0.03555700182914734 -4.792273998260498 0.6216800212860107 
v 0.03438600152730942 -4.79675817489624 0.6138020157814026 
v 0.03726999834179878 -4.792273998260498 0.620764970779419 
v 0.0287260003387928 -4.79675817489624 0.6175839900970459 
v 0.03405499830842018 -4.792273998260498 0.6229130029678345 
v 0.031369999051094055 -4.79675817489624 0.615414023399353 
v 0.03555700182914734 -4.792273998260498 0.6216800212860107 
v 0.026556000113487244 -4.79675817489624 0.6202279925346375 
v 0.03282200172543526 -4.792273998260498 0.6244149804115295 
v 0.0287260003387928 -4.79675817489624 0.6175839900970459 
v 0.03405499830842018 -4.792273998260498 0.6229130029678345 
v 0.024942999705672264 -4.79675817489624 0.6232450008392334 
v 0.03190600126981735 -4.792273998260498 0.6261289715766907 
v 0.026556000113487244 -4.79675817489624 0.6202279925346375 
v 0.03282200172543526 -4.792273998260498 0.6244149804115295 
v 0.0239499993622303 -4.79675817489624 0.6265180110931396 
v 0.031341999769210815 -4.792273998260498 0.6279879808425903 
v 0.024942999705672264 -4.79675817489624 0.6232450008392334 
v 0.03190600126981735 -4.792273998260498 0.6261289715766907 
v 0.023615000769495964 -4.79675817489624 0.6299219727516174 
v 0.03115200065076351 -4.792273998260498 0.6299219727516174 
v 0.0239499993622303 -4.79675817489624 0.6265180110931396 
v 0.031341999769210815 -4.792273998260498 0.6279879808425903 
v 0.0239499993622303 -4.79675817489624 0.6333249807357788 
v 0.031341999769210815 -4.792273998260498 0.6318550109863281 
v 0.023615000769495964 -4.79675817489624 0.6299219727516174 
v 0.03115200065076351 -4.792273998260498 0.6299219727516174 
v 0.024942999705672264 -4.79675817489624 0.6365990042686462 
v 0.03190600126981735 -4.792273998260498 0.6337149739265442 
v 0.0239499993622303 -4.79675817489624 0.6333249807357788 
v 0.031341999769210815 -4.792273998260498 0.6318550109863281 
v 0.026556000113487244 -4.79675817489624 0.639614999294281 
v 0.03282200172543526 -4.792273998260498 0.6354280114173889 
v 0.024942999705672264 -4.79675817489624 0.6365990042686462 
v 0.03190600126981735 -4.792273998260498 0.6337149739265442 
v 0.0287260003387928 -4.79675817489624 0.6422590017318726 
v 0.03405499830842018 -4.792273998260498 0.636929988861084 
v 0.026556000113487244 -4.79675817489624 0.639614999294281 
v 0.03282200172543526 -4.792273998260498 0.6354280114173889 
v 0.031369999051094055 -4.79675817489624 0.6444290280342102 
v 0.03555700182914734 -4.792273998260498 0.6381629705429077 
v 0.0287260003387928 -4.79675817489624 0.6422590017318726 
v 0.03405499830842018 -4.792273998260498 0.636929988861084 
v 0.03438600152730942 -4.79675817489624 0.6460409760475159 
v 0.03726999834179878 -4.792273998260498 0.6390789747238159 
v 0.031369999051094055 -4.79675817489624 0.6444290280342102 
v 0.03555700182914734 -4.792273998260498 0.6381629705429077 
v 0.03765900060534477 -4.79675817489624 0.6470339894294739 
v 0.039129000157117844 -4.792273998260498 0.6396430134773254 
v 0.03438600152730942 -4.79675817489624 0.6460409760475159 
v 0.03726999834179878 -4.792273998260498 0.6390789747238159 
v 0.04106299951672554 -4.79675817489624 0.6473690271377563 
v 0.04106299951672554 -4.792273998260498 0.6398329734802246 
v 0.03765900060534477 -4.79675817489624 0.6470339894294739 
v 0.039129000157117844 -4.792273998260498 0.6396430134773254 
v 0.04446699842810631 -4.79675817489624 0.6087030172348022 
v 0.04299699887633324 -4.792273998260498 0.6013110280036926 
v 0.04106299951672554 -4.79675817489624 0.6090379953384399 
v 0.04106299951672554 -4.792273998260498 0.601502001285553 
v 0.04774000123143196 -4.79675817489624 0.6077100038528442 
v 0.0448560006916523 -4.792273998260498 0.6007469892501831 
v 0.04446699842810631 -4.79675817489624 0.6087030172348022 
v 0.04299699887633324 -4.792273998260498 0.6013110280036926 
v 0.05075699836015701 -4.79675817489624 0.6060979962348938 
v 0.04656999930739403 -4.792273998260498 0.5998309850692749 
v 0.04774000123143196 -4.79675817489624 0.6077100038528442 
v 0.0448560006916523 -4.792273998260498 0.6007469892501831 
v 0.053401000797748566 -4.79675817489624 0.6039280295372009 
v 0.04807199910283089 -4.792273998260498 0.5985990166664124 
v 0.05075699836015701 -4.79675817489624 0.6060979962348938 
v 0.04656999930739403 -4.792273998260498 0.5998309850692749 
v 0.05556999891996384 -4.79675817489624 0.6012840270996094 
v 0.04930400103330612 -4.792273998260498 0.5970969796180725 
v 0.053401000797748566 -4.79675817489624 0.6039280295372009 
v 0.04807199910283089 -4.792273998260498 0.5985990166664124 
v 0.057183001190423965 -4.79675817489624 0.5982670187950134 
v 0.050220001488924026 -4.792273998260498 0.5953829884529114 
v 0.05556999891996384 -4.79675817489624 0.6012840270996094 
v 0.04930400103330612 -4.792273998260498 0.5970969796180725 
v 0.05817599967122078 -4.79675817489624 0.5949940085411072 
v 0.050783999264240265 -4.792273998260498 0.5935239791870117 
v 0.057183001190423965 -4.79675817489624 0.5982670187950134 
v 0.050220001488924026 -4.792273998260498 0.5953829884529114 
v 0.058511000126600266 -4.79675817489624 0.5915899872779846 
v 0.050974998623132706 -4.792273998260498 0.5915899872779846 
v 0.05817599967122078 -4.79675817489624 0.5949940085411072 
v 0.050783999264240265 -4.792273998260498 0.5935239791870117 
v 0.05817599967122078 -4.79675817489624 0.5881869792938232 
v 0.050783999264240265 -4.792273998260498 0.5896570086479187 
v 0.058511000126600266 -4.79675817489624 0.5915899872779846 
v 0.050974998623132706 -4.792273998260498 0.5915899872779846 
v 0.057183001190423965 -4.79675817489624 0.5849130153656006 
v 0.050220001488924026 -4.792273998260498 0.587797999382019 
v 0.05817599967122078 -4.79675817489624 0.5881869792938232 
v 0.050783999264240265 -4.792273998260498 0.5896570086479187 
v 0.05556999891996384 -4.79675817489624 0.5818970203399658 
v 0.04930400103330612 -4.792273998260498 0.5860840082168579 
v 0.057183001190423965 -4.79675817489624 0.5849130153656006 
v 0.050220001488924026 -4.792273998260498 0.587797999382019 
v 0.053401000797748566 -4.79675817489624 0.5792530179023743 
v 0.04807199910283089 -4.792273998260498 0.5845819711685181 
v 0.05556999891996384 -4.79675817489624 0.5818970203399658 
v 0.04930400103330612 -4.792273998260498 0.5860840082168579 
v 0.05075699836015701 -4.79675817489624 0.5770829916000366 
v 0.04656999930739403 -4.792273998260498 0.5833489894866943 
v 0.053401000797748566 -4.79675817489624 0.5792530179023743 
v 0.04807199910283089 -4.792273998260498 0.5845819711685181 
v 0.04774000123143196 -4.79675817489624 0.5754709839820862 
v 0.0448560006916523 -4.792273998260498 0.5824329853057861 
v 0.05075699836015701 -4.79675817489624 0.5770829916000366 
v 0.04656999930739403 -4.792273998260498 0.5833489894866943 
v 0.04446699842810631 -4.79675817489624 0.5744779706001282 
v 0.04299699887633324 -4.792273998260498 0.5818690061569214 
v 0.04774000123143196 -4.79675817489624 0.5754709839820862 
v 0.0448560006916523 -4.792273998260498 0.5824329853057861 
v 0.04106299951672554 -4.79675817489624 0.5741429924964905 
v 0.04106299951672554 -4.792273998260498 0.5816789865493774 
v 0.04446699842810631 -4.79675817489624 0.5744779706001282 
v 0.04299699887633324 -4.792273998260498 0.5818690061569214 
v 0.03765900060534477 -4.79675817489624 0.5744779706001282 
v 0.039129000157117844 -4.792273998260498 0.5818690061569214 
v 0.04106299951672554 -4.79675817489624 0.5741429924964905 
v 0.04106299951672554 -4.792273998260498 0.5816789865493774 
v 0.03438600152730942 -4.79675817489624 0.5754709839820862 
v 0.03726999834179878 -4.792273998260498 0.5824329853057861 
v 0.03765900060534477 -4.79675817489624 0.5744779706001282 
v 0.039129000157117844 -4.792273998260498 0.5818690061569214 
v 0.031369999051094055 -4.79675817489624 0.5770829916000366 
v 0.03555700182914734 -4.792273998260498 0.5833489894866943 
v 0.03438600152730942 -4.79675817489624 0.5754709839820862 
v 0.03726999834179878 -4.792273998260498 0.5824329853057861 
v 0.0287260003387928 -4.79675817489624 0.5792530179023743 
v 0.03405499830842018 -4.792273998260498 0.5845819711685181 
v 0.031369999051094055 -4.79675817489624 0.5770829916000366 
v 0.03555700182914734 -4.792273998260498 0.5833489894866943 
v 0.026556000113487244 -4.79675817489624 0.5818970203399658 
v 0.03282200172543526 -4.792273998260498 0.5860840082168579 
v 0.0287260003387928 -4.79675817489624 0.5792530179023743 
v 0.03405499830842018 -4.792273998260498 0.5845819711685181 
v 0.024942999705672264 -4.79675817489624 0.5849130153656006 
v 0.03190600126981735 -4.792273998260498 0.587797999382019 
v 0.026556000113487244 -4.79675817489624 0.5818970203399658 
v 0.03282200172543526 -4.792273998260498 0.5860840082168579 
v 0.0239499993622303 -4.79675817489624 0.5881869792938232 
v 0.031341999769210815 -4.792273998260498 0.5896570086479187 
v 0.024942999705672264 -4.79675817489624 0.5849130153656006 
v 0.03190600126981735 -4.792273998260498 0.587797999382019 
v 0.023615000769495964 -4.79675817489624 0.5915899872779846 
v 0.03115200065076351 -4.792273998260498 0.5915899872779846 
v 0.0239499993622303 -4.79675817489624 0.5881869792938232 
v 0.031341999769210815 -4.792273998260498 0.5896570086479187 
v 0.0239499993622303 -4.79675817489624 0.5949940085411072 
v 0.031341999769210815 -4.792273998260498 0.5935239791870117 
v 0.023615000769495964 -4.79675817489624 0.5915899872779846 
v 0.03115200065076351 -4.792273998260498 0.5915899872779846 
v 0.024942999705672264 -4.79675817489624 0.5982670187950134 
v 0.03190600126981735 -4.792273998260498 0.5953829884529114 
v 0.0239499993622303 -4.79675817489624 0.5949940085411072 
v 0.031341999769210815 -4.792273998260498 0.5935239791870117 
v 0.026556000113487244 -4.79675817489624 0.6012840270996094 
v 0.03282200172543526 -4.792273998260498 0.5970969796180725 
v 0.024942999705672264 -4.79675817489624 0.5982670187950134 
v 0.03190600126981735 -4.792273998260498 0.5953829884529114 
v 0.0287260003387928 -4.79675817489624 0.6039280295372009 
v 0.03405499830842018 -4.792273998260498 0.5985990166664124 
v 0.026556000113487244 -4.79675817489624 0.6012840270996094 
v 0.03282200172543526 -4.792273998260498 0.5970969796180725 
v 0.031369999051094055 -4.79675817489624 0.6060979962348938 
v 0.03555700182914734 -4.792273998260498 0.5998309850692749 
v 0.0287260003387928 -4.79675817489624 0.6039280295372009 
v 0.03405499830842018 -4.792273998260498 0.5985990166664124 
v 0.03438600152730942 -4.79675817489624 0.6077100038528442 
v 0.03726999834179878 -4.792273998260498 0.6007469892501831 
v 0.031369999051094055 -4.79675817489624 0.6060979962348938 
v 0.03555700182914734 -4.792273998260498 0.5998309850692749 
v 0.03765900060534477 -4.79675817489624 0.6087030172348022 
v 0.039129000157117844 -4.792273998260498 0.6013110280036926 
v 0.03438600152730942 -4.79675817489624 0.6077100038528442 
v 0.03726999834179878 -4.792273998260498 0.6007469892501831 
v 0.04106299951672554 -4.79675817489624 0.6090379953384399 
v 0.04106299951672554 -4.792273998260498 0.601502001285553 
v 0.03765900060534477 -4.79675817489624 0.6087030172348022 
v 0.039129000157117844 -4.792273998260498 0.6013110280036926 
v 0.0037869999650865793 -4.79675817489624 0.7621939778327942 
v 0.0023169999476522207 -4.792273998260498 0.7548019886016846 
v 0 -4.79675817489624 0.7625290155410767 
v 0 -4.792273998260498 0.7549930214881897 
v 0.007060000207275152 -4.79675817489624 0.761201024055481 
v 0.004176000133156776 -4.792273998260498 0.7542380094528198 
v 0.0037869999650865793 -4.79675817489624 0.7621939778327942 
v 0.0023169999476522207 -4.792273998260498 0.7548019886016846 
v 0.01007699966430664 -4.79675817489624 0.7595880031585693 
v 0.005890000145882368 -4.792273998260498 0.7533220052719116 
v 0.007060000207275152 -4.79675817489624 0.761201024055481 
v 0.004176000133156776 -4.792273998260498 0.7542380094528198 
v 0.012721000239253044 -4.79675817489624 0.7574189901351929 
v 0.007391999941319227 -4.792273998260498 0.7520899772644043 
v 0.01007699966430664 -4.79675817489624 0.7595880031585693 
v 0.005890000145882368 -4.792273998260498 0.7533220052719116 
v 0.014891000464558601 -4.79675817489624 0.7547749876976013 
v 0.008623999543488026 -4.792273998260498 0.7505879998207092 
v 0.012721000239253044 -4.79675817489624 0.7574189901351929 
v 0.007391999941319227 -4.792273998260498 0.7520899772644043 
v 0.016503000631928444 -4.79675817489624 0.7517579793930054 
v 0.00953999999910593 -4.792273998260498 0.7488740086555481 
v 0.014891000464558601 -4.79675817489624 0.7547749876976013 
v 0.008623999543488026 -4.792273998260498 0.7505879998207092 
v 0.017495999112725258 -4.79675817489624 0.7484850287437439 
v 0.010103999637067318 -4.792273998260498 0.7470149993896484 
v 0.016503000631928444 -4.79675817489624 0.7517579793930054 
v 0.00953999999910593 -4.792273998260498 0.7488740086555481 
v 0.017830999568104744 -4.79675817489624 0.7450810074806213 
v 0.010294999927282333 -4.792273998260498 0.7450810074806213 
v 0.017495999112725258 -4.79675817489624 0.7484850287437439 
v 0.010103999637067318 -4.792273998260498 0.7470149993896484 
v 0.017495999112725258 -4.79675817489624 0.7416769862174988 
v 0.010103999637067318 -4.792273998260498 0.7431470155715942 
v 0.017830999568104744 -4.79675817489624 0.7450810074806213 
v 0.010294999927282333 -4.792273998260498 0.7450810074806213 
v 0.016503000631928444 -4.79675817489624 0.7384039759635925 
v 0.00953999999910593 -4.792273998260498 0.7412880063056946 
v 0.017495999112725258 -4.79675817489624 0.7416769862174988 
v 0.010103999637067318 -4.792273998260498 0.7431470155715942 
v 0.014891000464558601 -4.79675817489624 0.7353879809379578 
v 0.008623999543488026 -4.792273998260498 0.7395750284194946 
v 0.016503000631928444 -4.79675817489624 0.7384039759635925 
v 0.00953999999910593 -4.792273998260498 0.7412880063056946 
v 0.012721000239253044 -4.79675817489624 0.7327439785003662 
v 0.007391999941319227 -4.792273998260498 0.7380729913711548 
v 0.014891000464558601 -4.79675817489624 0.7353879809379578 
v 0.008623999543488026 -4.792273998260498 0.7395750284194946 
v 0.01007699966430664 -4.79675817489624 0.7305740118026733 
v 0.005890000145882368 -4.792273998260498 0.736840009689331 
v 0.012721000239253044 -4.79675817489624 0.7327439785003662 
v 0.007391999941319227 -4.792273998260498 0.7380729913711548 
v 0.007060000207275152 -4.79675817489624 0.7289609909057617 
v 0.004176000133156776 -4.792273998260498 0.7359240055084229 
v 0.01007699966430664 -4.79675817489624 0.7305740118026733 
v 0.005890000145882368 -4.792273998260498 0.736840009689331 
v 0.0037869999650865793 -4.79675817489624 0.7279689908027649 
v 0.0023169999476522207 -4.792273998260498 0.7353600263595581 
v 0.007060000207275152 -4.79675817489624 0.7289609909057617 
v 0.004176000133156776 -4.792273998260498 0.7359240055084229 
v 0 -4.79675817489624 0.727632999420166 
v 0 -4.792273998260498 0.7351700067520142 
v 0.0037869999650865793 -4.79675817489624 0.7279689908027649 
v 0.0023169999476522207 -4.792273998260498 0.7353600263595581 
v 0.0037869999650865793 -4.79675817489624 0.7233039736747742 
v 0.0023169999476522207 -4.792273998260498 0.7159119844436646 
v 0 -4.79675817489624 0.7236390113830566 
v 0 -4.792273998260498 0.7161030173301697 
v 0.007060000207275152 -4.79675817489624 0.7223110198974609 
v 0.004176000133156776 -4.792273998260498 0.7153480052947998 
v 0.0037869999650865793 -4.79675817489624 0.7233039736747742 
v 0.0023169999476522207 -4.792273998260498 0.7159119844436646 
v 0.01007699966430664 -4.79675817489624 0.7206990122795105 
v 0.005890000145882368 -4.792273998260498 0.7144320011138916 
v 0.007060000207275152 -4.79675817489624 0.7223110198974609 
v 0.004176000133156776 -4.792273998260498 0.7153480052947998 
v 0.012721000239253044 -4.79675817489624 0.7185289859771729 
v 0.007391999941319227 -4.792273998260498 0.7131999731063843 
v 0.01007699966430664 -4.79675817489624 0.7206990122795105 
v 0.005890000145882368 -4.792273998260498 0.7144320011138916 
v 0.014891000464558601 -4.79675817489624 0.7158849835395813 
v 0.008623999543488026 -4.792273998260498 0.7116979956626892 
v 0.012721000239253044 -4.79675817489624 0.7185289859771729 
v 0.007391999941319227 -4.792273998260498 0.7131999731063843 
v 0.016503000631928444 -4.79675817489624 0.7128679752349854 
v 0.00953999999910593 -4.792273998260498 0.7099840044975281 
v 0.014891000464558601 -4.79675817489624 0.7158849835395813 
v 0.008623999543488026 -4.792273998260498 0.7116979956626892 
v 0.017495999112725258 -4.79675817489624 0.7095950245857239 
v 0.010103999637067318 -4.792273998260498 0.7081249952316284 
v 0.016503000631928444 -4.79675817489624 0.7128679752349854 
v 0.00953999999910593 -4.792273998260498 0.7099840044975281 
v 0.017830999568104744 -4.79675817489624 0.7061910033226013 
v 0.010294999927282333 -4.792273998260498 0.7061910033226013 
v 0.017495999112725258 -4.79675817489624 0.7095950245857239 
v 0.010103999637067318 -4.792273998260498 0.7081249952316284 
v 0.017495999112725258 -4.79675817489624 0.7027869820594788 
v 0.010103999637067318 -4.792273998260498 0.7042580246925354 
v 0.017830999568104744 -4.79675817489624 0.7061910033226013 
v 0.010294999927282333 -4.792273998260498 0.7061910033226013 
v 0.016503000631928444 -4.79675817489624 0.6995139718055725 
v 0.00953999999910593 -4.792273998260498 0.7023980021476746 
v 0.017495999112725258 -4.79675817489624 0.7027869820594788 
v 0.010103999637067318 -4.792273998260498 0.7042580246925354 
v 0.014891000464558601 -4.79675817489624 0.6964979767799377 
v 0.008623999543488026 -4.792273998260498 0.7006850242614746 
v 0.016503000631928444 -4.79675817489624 0.6995139718055725 
v 0.00953999999910593 -4.792273998260498 0.7023980021476746 
v 0.012721000239253044 -4.79675817489624 0.6938539743423462 
v 0.007391999941319227 -4.792273998260498 0.6991829872131348 
v 0.014891000464558601 -4.79675817489624 0.6964979767799377 
v 0.008623999543488026 -4.792273998260498 0.7006850242614746 
v 0.01007699966430664 -4.79675817489624 0.6916840076446533 
v 0.005890000145882368 -4.792273998260498 0.697950005531311 
v 0.012721000239253044 -4.79675817489624 0.6938539743423462 
v 0.007391999941319227 -4.792273998260498 0.6991829872131348 
v 0.007060000207275152 -4.79675817489624 0.6900709867477417 
v 0.004176000133156776 -4.792273998260498 0.6970340013504028 
v 0.01007699966430664 -4.79675817489624 0.6916840076446533 
v 0.005890000145882368 -4.792273998260498 0.697950005531311 
v 0.0037869999650865793 -4.79675817489624 0.6890789866447449 
v 0.0023169999476522207 -4.792273998260498 0.6964700222015381 
v 0.007060000207275152 -4.79675817489624 0.6900709867477417 
v 0.004176000133156776 -4.792273998260498 0.6970340013504028 
v 0 -4.79675817489624 0.688742995262146 
v 0 -4.792273998260498 0.6962800025939941 
v 0.0037869999650865793 -4.79675817489624 0.6890789866447449 
v 0.0023169999476522207 -4.792273998260498 0.6964700222015381 
v 0.0037869999650865793 -4.79675817489624 0.6846029758453369 
v 0.0023169999476522207 -4.792273998260498 0.6772109866142273 
v 0 -4.79675817489624 0.6849380135536194 
v 0 -4.792273998260498 0.6774010062217712 
v 0.007060000207275152 -4.79675817489624 0.6836100220680237 
v 0.004176000133156776 -4.792273998260498 0.6766470074653625 
v 0.0037869999650865793 -4.79675817489624 0.6846029758453369 
v 0.0023169999476522207 -4.792273998260498 0.6772109866142273 
v 0.01007699966430664 -4.79675817489624 0.6819970011711121 
v 0.005890000145882368 -4.792273998260498 0.6757310032844543 
v 0.007060000207275152 -4.79675817489624 0.6836100220680237 
v 0.004176000133156776 -4.792273998260498 0.6766470074653625 
v 0.012721000239253044 -4.79675817489624 0.6798279881477356 
v 0.007391999941319227 -4.792273998260498 0.6744980216026306 
v 0.01007699966430664 -4.79675817489624 0.6819970011711121 
v 0.005890000145882368 -4.792273998260498 0.6757310032844543 
v 0.014891000464558601 -4.79675817489624 0.677183985710144 
v 0.008623999543488026 -4.792273998260498 0.672996997833252 
v 0.012721000239253044 -4.79675817489624 0.6798279881477356 
v 0.007391999941319227 -4.792273998260498 0.6744980216026306 
v 0.016503000631928444 -4.79675817489624 0.6741669774055481 
v 0.00953999999910593 -4.792273998260498 0.6712830066680908 
v 0.014891000464558601 -4.79675817489624 0.677183985710144 
v 0.008623999543488026 -4.792273998260498 0.672996997833252 
v 0.017495999112725258 -4.79675817489624 0.6708940267562866 
v 0.010103999637067318 -4.792273998260498 0.6694239974021912 
v 0.016503000631928444 -4.79675817489624 0.6741669774055481 
v 0.00953999999910593 -4.792273998260498 0.6712830066680908 
v 0.017830999568104744 -4.79675817489624 0.6674900054931641 
v 0.010294999927282333 -4.792273998260498 0.6674900054931641 
v 0.017495999112725258 -4.79675817489624 0.6708940267562866 
v 0.010103999637067318 -4.792273998260498 0.6694239974021912 
v 0.017495999112725258 -4.79675817489624 0.6640859842300415 
v 0.010103999637067318 -4.792273998260498 0.665556013584137 
v 0.017830999568104744 -4.79675817489624 0.6674900054931641 
v 0.010294999927282333 -4.792273998260498 0.6674900054931641 
v 0.016503000631928444 -4.79675817489624 0.6608129739761353 
v 0.00953999999910593 -4.792273998260498 0.6636970043182373 
v 0.017495999112725258 -4.79675817489624 0.6640859842300415 
v 0.010103999637067318 -4.792273998260498 0.665556013584137 
v 0.014891000464558601 -4.79675817489624 0.6577969789505005 
v 0.008623999543488026 -4.792273998260498 0.6619830131530762 
v 0.016503000631928444 -4.79675817489624 0.6608129739761353 
v 0.00953999999910593 -4.792273998260498 0.6636970043182373 
v 0.012721000239253044 -4.79675817489624 0.6551520228385925 
v 0.007391999941319227 -4.792273998260498 0.6604819893836975 
v 0.014891000464558601 -4.79675817489624 0.6577969789505005 
v 0.008623999543488026 -4.792273998260498 0.6619830131530762 
v 0.01007699966430664 -4.79675817489624 0.6529830098152161 
v 0.005890000145882368 -4.792273998260498 0.6592490077018738 
v 0.012721000239253044 -4.79675817489624 0.6551520228385925 
v 0.007391999941319227 -4.792273998260498 0.6604819893836975 
v 0.007060000207275152 -4.79675817489624 0.6513699889183044 
v 0.004176000133156776 -4.792273998260498 0.6583330035209656 
v 0.01007699966430664 -4.79675817489624 0.6529830098152161 
v 0.005890000145882368 -4.792273998260498 0.6592490077018738 
v 0.0037869999650865793 -4.79675817489624 0.6503769755363464 
v 0.0023169999476522207 -4.792273998260498 0.6577690243721008 
v 0.007060000207275152 -4.79675817489624 0.6513699889183044 
v 0.004176000133156776 -4.792273998260498 0.6583330035209656 
v 0 -4.79675817489624 0.6500419974327087 
v 0 -4.792273998260498 0.6575790047645569 
v 0.0037869999650865793 -4.79675817489624 0.6503769755363464 
v 0.0023169999476522207 -4.792273998260498 0.6577690243721008 
v 0.0037869999650865793 -4.79675817489624 0.6470339894294739 
v 0.0023169999476522207 -4.792273998260498 0.6396430134773254 
v 0 -4.79675817489624 0.6473690271377563 
v 0 -4.792273998260498 0.6398329734802246 
v 0.007060000207275152 -4.79675817489624 0.6460409760475159 
v 0.004176000133156776 -4.792273998260498 0.6390789747238159 
v 0.0037869999650865793 -4.79675817489624 0.6470339894294739 
v 0.0023169999476522207 -4.792273998260498 0.6396430134773254 
v 0.01007699966430664 -4.79675817489624 0.6444290280342102 
v 0.005890000145882368 -4.792273998260498 0.6381629705429077 
v 0.007060000207275152 -4.79675817489624 0.6460409760475159 
v 0.004176000133156776 -4.792273998260498 0.6390789747238159 
v 0.012721000239253044 -4.79675817489624 0.6422590017318726 
v 0.007391999941319227 -4.792273998260498 0.636929988861084 
v 0.01007699966430664 -4.79675817489624 0.6444290280342102 
v 0.005890000145882368 -4.792273998260498 0.6381629705429077 
v 0.014891000464558601 -4.79675817489624 0.639614999294281 
v 0.008623999543488026 -4.792273998260498 0.6354280114173889 
v 0.012721000239253044 -4.79675817489624 0.6422590017318726 
v 0.007391999941319227 -4.792273998260498 0.636929988861084 
v 0.016503000631928444 -4.79675817489624 0.6365990042686462 
v 0.00953999999910593 -4.792273998260498 0.6337140202522278 
v 0.014891000464558601 -4.79675817489624 0.639614999294281 
v 0.008623999543488026 -4.792273998260498 0.6354280114173889 
v 0.017495999112725258 -4.79675817489624 0.6333249807357788 
v 0.010103999637067318 -4.792273998260498 0.6318550109863281 
v 0.016503000631928444 -4.79675817489624 0.6365990042686462 
v 0.00953999999910593 -4.792273998260498 0.6337140202522278 
v 0.017830999568104744 -4.79675817489624 0.6299219727516174 
v 0.010294999927282333 -4.792273998260498 0.6299219727516174 
v 0.017495999112725258 -4.79675817489624 0.6333249807357788 
v 0.010103999637067318 -4.792273998260498 0.6318550109863281 
v 0.017495999112725258 -4.79675817489624 0.6265180110931396 
v 0.010103999637067318 -4.792273998260498 0.6279879808425903 
v 0.017830999568104744 -4.79675817489624 0.6299219727516174 
v 0.010294999927282333 -4.792273998260498 0.6299219727516174 
v 0.016503000631928444 -4.79675817489624 0.6232450008392334 
v 0.00953999999910593 -4.792273998260498 0.6261289715766907 
v 0.017495999112725258 -4.79675817489624 0.6265180110931396 
v 0.010103999637067318 -4.792273998260498 0.6279879808425903 
v 0.014891000464558601 -4.79675817489624 0.6202279925346375 
v 0.008623999543488026 -4.792273998260498 0.6244149804115295 
v 0.016503000631928444 -4.79675817489624 0.6232450008392334 
v 0.00953999999910593 -4.792273998260498 0.6261289715766907 
v 0.012721000239253044 -4.79675817489624 0.6175839900970459 
v 0.007391999941319227 -4.792273998260498 0.6229130029678345 
v 0.014891000464558601 -4.79675817489624 0.6202279925346375 
v 0.008623999543488026 -4.792273998260498 0.6244149804115295 
v 0.01007699966430664 -4.79675817489624 0.615414023399353 
v 0.005890000145882368 -4.792273998260498 0.6216800212860107 
v 0.012721000239253044 -4.79675817489624 0.6175839900970459 
v 0.007391999941319227 -4.792273998260498 0.6229130029678345 
v 0.007060000207275152 -4.79675817489624 0.6138020157814026 
v 0.004176000133156776 -4.792273998260498 0.620764970779419 
v 0.01007699966430664 -4.79675817489624 0.615414023399353 
v 0.005890000145882368 -4.792273998260498 0.6216800212860107 
v 0.0037869999650865793 -4.79675817489624 0.6128090023994446 
v 0.0023169999476522207 -4.792273998260498 0.6202009916305542 
v 0.007060000207275152 -4.79675817489624 0.6138020157814026 
v 0.004176000133156776 -4.792273998260498 0.620764970779419 
v 0 -4.79675817489624 0.6124740242958069 
v 0 -4.792273998260498 0.6200100183486938 
v 0.0037869999650865793 -4.79675817489624 0.6128090023994446 
v 0.0023169999476522207 -4.792273998260498 0.6202009916305542 
v 0.0037869999650865793 -4.79675817489624 0.6087030172348022 
v 0.0023169999476522207 -4.792273998260498 0.6013110280036926 
v 0 -4.79675817489624 0.6090379953384399 
v 0 -4.792273998260498 0.601502001285553 
v 0.007060000207275152 -4.79675817489624 0.6077100038528442 
v 0.004176000133156776 -4.792273998260498 0.6007469892501831 
v 0.0037869999650865793 -4.79675817489624 0.6087030172348022 
v 0.0023169999476522207 -4.792273998260498 0.6013110280036926 
v 0.01007699966430664 -4.79675817489624 0.6060979962348938 
v 0.005890000145882368 -4.792273998260498 0.5998309850692749 
v 0.007060000207275152 -4.79675817489624 0.6077100038528442 
v 0.004176000133156776 -4.792273998260498 0.6007469892501831 
v 0.012721000239253044 -4.79675817489624 0.6039280295372009 
v 0.007391999941319227 -4.792273998260498 0.5985990166664124 
v 0.01007699966430664 -4.79675817489624 0.6060979962348938 
v 0.005890000145882368 -4.792273998260498 0.5998309850692749 
v 0.014891000464558601 -4.79675817489624 0.6012840270996094 
v 0.008623999543488026 -4.792273998260498 0.5970969796180725 
v 0.012721000239253044 -4.79675817489624 0.6039280295372009 
v 0.007391999941319227 -4.792273998260498 0.5985990166664124 
v 0.016503000631928444 -4.79675817489624 0.5982670187950134 
v 0.00953999999910593 -4.792273998260498 0.5953829884529114 
v 0.014891000464558601 -4.79675817489624 0.6012840270996094 
v 0.008623999543488026 -4.792273998260498 0.5970969796180725 
v 0.017495999112725258 -4.79675817489624 0.5949940085411072 
v 0.010103999637067318 -4.792273998260498 0.5935239791870117 
v 0.016503000631928444 -4.79675817489624 0.5982670187950134 
v 0.00953999999910593 -4.792273998260498 0.5953829884529114 
v 0.017830999568104744 -4.79675817489624 0.5915899872779846 
v 0.010294999927282333 -4.792273998260498 0.5915899872779846 
v 0.017495999112725258 -4.79675817489624 0.5949940085411072 
v 0.010103999637067318 -4.792273998260498 0.5935239791870117 
v 0.017495999112725258 -4.79675817489624 0.5881869792938232 
v 0.010103999637067318 -4.792273998260498 0.5896570086479187 
v 0.017830999568104744 -4.79675817489624 0.5915899872779846 
v 0.010294999927282333 -4.792273998260498 0.5915899872779846 
v 0.016503000631928444 -4.79675817489624 0.5849130153656006 
v 0.00953999999910593 -4.792273998260498 0.587797999382019 
v 0.017495999112725258 -4.79675817489624 0.5881869792938232 
v 0.010103999637067318 -4.792273998260498 0.5896570086479187 
v 0.014891000464558601 -4.79675817489624 0.5818970203399658 
v 0.008623999543488026 -4.792273998260498 0.5860840082168579 
v 0.016503000631928444 -4.79675817489624 0.5849130153656006 
v 0.00953999999910593 -4.792273998260498 0.587797999382019 
v 0.012721000239253044 -4.79675817489624 0.5792530179023743 
v 0.007391999941319227 -4.792273998260498 0.5845819711685181 
v 0.014891000464558601 -4.79675817489624 0.5818970203399658 
v 0.008623999543488026 -4.792273998260498 0.5860840082168579 
v 0.01007699966430664 -4.79675817489624 0.5770829916000366 
v 0.005890000145882368 -4.792273998260498 0.5833489894866943 
v 0.012721000239253044 -4.79675817489624 0.5792530179023743 
v 0.007391999941319227 -4.792273998260498 0.5845819711685181 
v 0.007060000207275152 -4.79675817489624 0.5754709839820862 
v 0.004176000133156776 -4.792273998260498 0.5824329853057861 
v 0.01007699966430664 -4.79675817489624 0.5770829916000366 
v 0.005890000145882368 -4.792273998260498 0.5833489894866943 
v 0.0037869999650865793 -4.79675817489624 0.5744779706001282 
v 0.0023169999476522207 -4.792273998260498 0.5818690061569214 
v 0.007060000207275152 -4.79675817489624 0.5754709839820862 
v 0.004176000133156776 -4.792273998260498 0.5824329853057861 
v 0 -4.79675817489624 0.5741429924964905 
v 0 -4.792273998260498 0.5816789865493774 
v 0.0037869999650865793 -4.79675817489624 0.5744779706001282 
v 0.0023169999476522207 -4.792273998260498 0.5818690061569214 
v 0.9681980013847351 -4.833327770233154 1.3144999742507935 
v 0.9667369723320007 -4.833885192871094 1.3132209777832031 
v 0.9721109867095947 -4.8351569175720215 1.328889012336731 
v 0.9634569883346558 -4.835203170776367 1.3132890462875366 
v 0.9681699872016907 -4.837371826171875 1.3294800519943237 
v 0.9713379740715027 -4.834321975708008 1.330603003501892 
v 0.9720460176467896 -4.839155197143555 1.342795968055725 
v 0.9681699872016907 -4.837371826171875 1.3294800519943237 
v 0.9748979806900024 -4.837646007537842 1.3434070348739624 
v 0.9756990075111389 -4.83682107925415 1.3421319723129272 
v 0.9728050231933594 -4.835480213165283 1.331447958946228 
v 0.9713379740715027 -4.834321975708008 1.330603003501892 
v 0.9807729721069336 -4.839044094085693 1.3599220514297485 
v 0.9847580194473267 -4.840752124786377 1.3731210231781006 
v 0.9792429804801941 -4.839541912078857 1.358659029006958 
v 0.9763399958610535 -4.841131210327148 1.357550024986267 
v 0.9806339740753174 -4.843107223510742 1.3723039627075195 
v 0.984046995639801 -4.83990478515625 1.374845027923584 
v 0.9806339740753174 -4.843107223510742 1.3723039627075195 
v 0.984046995639801 -4.83990478515625 1.374845027923584 
v 0.9849280118942261 -4.845081806182861 1.3870580196380615 
v 0.9855300188064575 -4.841075897216797 1.3756450414657593 
v 0.9883360266685486 -4.8422322273254395 1.3846919536590576 
v 0.987591028213501 -4.843076229095459 1.3859529495239258 
v -0.04106299951672554 -4.792273998260498 0.7351700067520142 
v -0.04299699887633324 -4.792273998260498 0.7353600263595581 
v -0.03912999853491783 -4.792273998260498 0.7353600263595581 
v -0.03726999834179878 -4.792273998260498 0.7359240055084229 
v -0.0448560006916523 -4.792273998260498 0.7359240055084229 
v -0.03555700182914734 -4.792273998260498 0.736840009689331 
v -0.04656999930739403 -4.792273998260498 0.736840009689331 
v -0.03405499830842018 -4.792273998260498 0.7380729913711548 
v -0.04807199910283089 -4.792273998260498 0.7380729913711548 
v -0.03282200172543526 -4.792273998260498 0.7395750284194946 
v -0.04930400103330612 -4.792273998260498 0.7395750284194946 
v -0.03190600126981735 -4.792273998260498 0.7412880063056946 
v -0.050220001488924026 -4.792273998260498 0.7412880063056946 
v -0.031341999769210815 -4.792273998260498 0.7431470155715942 
v -0.050783999264240265 -4.792273998260498 0.7431470155715942 
v -0.03115200065076351 -4.792273998260498 0.7450810074806213 
v -0.050974998623132706 -4.792273998260498 0.7450810074806213 
v -0.031341999769210815 -4.792273998260498 0.7470149993896484 
v -0.050783999264240265 -4.792273998260498 0.7470149993896484 
v -0.03190600126981735 -4.792273998260498 0.7488740086555481 
v -0.050220001488924026 -4.792273998260498 0.7488740086555481 
v -0.03282200172543526 -4.792273998260498 0.7505879998207092 
v -0.04930400103330612 -4.792273998260498 0.7505879998207092 
v -0.03405499830842018 -4.792273998260498 0.7520899772644043 
v -0.04807199910283089 -4.792273998260498 0.7520899772644043 
v -0.03555700182914734 -4.792273998260498 0.7533220052719116 
v -0.04656999930739403 -4.792273998260498 0.7533220052719116 
v -0.03726999834179878 -4.792273998260498 0.7542380094528198 
v -0.0448560006916523 -4.792273998260498 0.7542380094528198 
v -0.03912999853491783 -4.792273998260498 0.7548019886016846 
v -0.04299699887633324 -4.792273998260498 0.7548019886016846 
v -0.04106299951672554 -4.792273998260498 0.7549930214881897 
v -0.04106299951672554 -4.792273998260498 0.6962800025939941 
v -0.03912999853491783 -4.792273998260498 0.6964700222015381 
v -0.04299699887633324 -4.792273998260498 0.6964700222015381 
v -0.03726999834179878 -4.792273998260498 0.6970340013504028 
v -0.0448560006916523 -4.792273998260498 0.6970340013504028 
v -0.03555700182914734 -4.792273998260498 0.697950005531311 
v -0.04656999930739403 -4.792273998260498 0.697950005531311 
v -0.03405499830842018 -4.792273998260498 0.6991829872131348 
v -0.04807199910283089 -4.792273998260498 0.6991829872131348 
v -0.03282200172543526 -4.792273998260498 0.7006850242614746 
v -0.04930400103330612 -4.792273998260498 0.7006850242614746 
v -0.03190600126981735 -4.792273998260498 0.7023980021476746 
v -0.050220001488924026 -4.792273998260498 0.7023980021476746 
v -0.031341999769210815 -4.792273998260498 0.7042580246925354 
v -0.050783999264240265 -4.792273998260498 0.7042580246925354 
v -0.03115200065076351 -4.792273998260498 0.7061910033226013 
v -0.050974998623132706 -4.792273998260498 0.7061910033226013 
v -0.031341999769210815 -4.792273998260498 0.7081249952316284 
v -0.050783999264240265 -4.792273998260498 0.7081249952316284 
v -0.03190600126981735 -4.792273998260498 0.7099840044975281 
v -0.050220001488924026 -4.792273998260498 0.7099840044975281 
v -0.03282200172543526 -4.792273998260498 0.7116979956626892 
v -0.04930400103330612 -4.792273998260498 0.7116979956626892 
v -0.03405499830842018 -4.792273998260498 0.7131999731063843 
v -0.04807199910283089 -4.792273998260498 0.7131999731063843 
v -0.03555700182914734 -4.792273998260498 0.7144320011138916 
v -0.04656999930739403 -4.792273998260498 0.7144320011138916 
v -0.03726999834179878 -4.792273998260498 0.7153480052947998 
v -0.0448560006916523 -4.792273998260498 0.7153480052947998 
v -0.03912999853491783 -4.792273998260498 0.7159119844436646 
v -0.04299699887633324 -4.792273998260498 0.7159119844436646 
v -0.04106299951672554 -4.792273998260498 0.7161030173301697 
v -0.04106299951672554 -4.792273998260498 0.6575790047645569 
v -0.03912999853491783 -4.792273998260498 0.6577690243721008 
v -0.04299699887633324 -4.792273998260498 0.6577690243721008 
v -0.03726999834179878 -4.792273998260498 0.6583330035209656 
v -0.0448560006916523 -4.792273998260498 0.6583330035209656 
v -0.03555700182914734 -4.792273998260498 0.6592490077018738 
v -0.04656999930739403 -4.792273998260498 0.6592490077018738 
v -0.03405499830842018 -4.792273998260498 0.6604819893836975 
v -0.04807199910283089 -4.792273998260498 0.6604819893836975 
v -0.03282200172543526 -4.792273998260498 0.6619830131530762 
v -0.04930400103330612 -4.792273998260498 0.6619830131530762 
v -0.03190600126981735 -4.792273998260498 0.6636970043182373 
v -0.050220001488924026 -4.792273998260498 0.6636970043182373 
v -0.031341999769210815 -4.792273998260498 0.665556013584137 
v -0.050783999264240265 -4.792273998260498 0.665556013584137 
v -0.03115200065076351 -4.792273998260498 0.6674900054931641 
v -0.050974998623132706 -4.792273998260498 0.6674900054931641 
v -0.031341999769210815 -4.792273998260498 0.6694239974021912 
v -0.050783999264240265 -4.792273998260498 0.6694239974021912 
v -0.03190600126981735 -4.792273998260498 0.6712830066680908 
v -0.050220001488924026 -4.792273998260498 0.6712830066680908 
v -0.03282200172543526 -4.792273998260498 0.672996997833252 
v -0.04930400103330612 -4.792273998260498 0.672996997833252 
v -0.03405499830842018 -4.792273998260498 0.6744980216026306 
v -0.04807199910283089 -4.792273998260498 0.6744980216026306 
v -0.03555700182914734 -4.792273998260498 0.6757310032844543 
v -0.04656999930739403 -4.792273998260498 0.6757310032844543 
v -0.03726999834179878 -4.792273998260498 0.6766470074653625 
v -0.0448560006916523 -4.792273998260498 0.6766470074653625 
v -0.03912999853491783 -4.792273998260498 0.6772109866142273 
v -0.04299699887633324 -4.792273998260498 0.6772109866142273 
v -0.04106299951672554 -4.792273998260498 0.6774010062217712 
v -0.04106299951672554 -4.792273998260498 0.6200100183486938 
v -0.03912999853491783 -4.792273998260498 0.6202009916305542 
v -0.04299699887633324 -4.792273998260498 0.6202009916305542 
v -0.03726999834179878 -4.792273998260498 0.620764970779419 
v -0.0448560006916523 -4.792273998260498 0.620764970779419 
v -0.03555700182914734 -4.792273998260498 0.6216800212860107 
v -0.04656999930739403 -4.792273998260498 0.6216800212860107 
v -0.03405499830842018 -4.792273998260498 0.6229130029678345 
v -0.04807199910283089 -4.792273998260498 0.6229130029678345 
v -0.03282200172543526 -4.792273998260498 0.6244149804115295 
v -0.04930400103330612 -4.792273998260498 0.6244149804115295 
v -0.03190600126981735 -4.792273998260498 0.6261289715766907 
v -0.050220001488924026 -4.792273998260498 0.6261289715766907 
v -0.031341999769210815 -4.792273998260498 0.6279879808425903 
v -0.050783999264240265 -4.792273998260498 0.6279879808425903 
v -0.03115200065076351 -4.792273998260498 0.6299219727516174 
v -0.050974998623132706 -4.792273998260498 0.6299219727516174 
v -0.031341999769210815 -4.792273998260498 0.6318550109863281 
v -0.050783999264240265 -4.792273998260498 0.6318550109863281 
v -0.03190600126981735 -4.792273998260498 0.6337149739265442 
v -0.050220001488924026 -4.792273998260498 0.6337140202522278 
v -0.04930400103330612 -4.792273998260498 0.6354280114173889 
v -0.03282200172543526 -4.792273998260498 0.6354280114173889 
v -0.03405499830842018 -4.792273998260498 0.636929988861084 
v -0.04807199910283089 -4.792273998260498 0.636929988861084 
v -0.03555700182914734 -4.792273998260498 0.6381629705429077 
v -0.04656999930739403 -4.792273998260498 0.6381629705429077 
v -0.03726999834179878 -4.792273998260498 0.6390789747238159 
v -0.0448560006916523 -4.792273998260498 0.6390789747238159 
v -0.03912999853491783 -4.792273998260498 0.6396430134773254 
v -0.04299699887633324 -4.792273998260498 0.6396430134773254 
v -0.04106299951672554 -4.792273998260498 0.6398329734802246 
v -0.04106299951672554 -4.792273998260498 0.5816789865493774 
v -0.03912999853491783 -4.792273998260498 0.5818690061569214 
v -0.04299699887633324 -4.792273998260498 0.5818690061569214 
v -0.03726999834179878 -4.792273998260498 0.5824329853057861 
v -0.0448560006916523 -4.792273998260498 0.5824329853057861 
v -0.03555700182914734 -4.792273998260498 0.5833489894866943 
v -0.04656999930739403 -4.792273998260498 0.5833489894866943 
v -0.03405499830842018 -4.792273998260498 0.5845819711685181 
v -0.04807199910283089 -4.792273998260498 0.5845819711685181 
v -0.03282200172543526 -4.792273998260498 0.5860840082168579 
v -0.04930400103330612 -4.792273998260498 0.5860840082168579 
v -0.03190600126981735 -4.792273998260498 0.587797999382019 
v -0.050220001488924026 -4.792273998260498 0.587797999382019 
v -0.031341999769210815 -4.792273998260498 0.5896570086479187 
v -0.050783999264240265 -4.792273998260498 0.5896570086479187 
v -0.03115200065076351 -4.792273998260498 0.5915899872779846 
v -0.050974998623132706 -4.792273998260498 0.5915899872779846 
v -0.031341999769210815 -4.792273998260498 0.5935239791870117 
v -0.050783999264240265 -4.792273998260498 0.5935239791870117 
v -0.03190600126981735 -4.792273998260498 0.5953829884529114 
v -0.050220001488924026 -4.792273998260498 0.5953829884529114 
v -0.03282200172543526 -4.792273998260498 0.5970969796180725 
v -0.04930400103330612 -4.792273998260498 0.5970969796180725 
v -0.03405499830842018 -4.792273998260498 0.5985990166664124 
v -0.04807199910283089 -4.792273998260498 0.5985990166664124 
v -0.03555700182914734 -4.792273998260498 0.5998309850692749 
v -0.04656999930739403 -4.792273998260498 0.5998309850692749 
v -0.03726999834179878 -4.792273998260498 0.6007469892501831 
v -0.0448560006916523 -4.792273998260498 0.6007469892501831 
v -0.03912999853491783 -4.792273998260498 0.6013110280036926 
v -0.04299699887633324 -4.792273998260498 0.6013110280036926 
v -0.04106299951672554 -4.792273998260498 0.601502001285553 
v 0 -4.792273998260498 0.6575790047645569 
v 0 -4.792273998260498 0.6774010062217712 
v -0.0023169999476522207 -4.792273998260498 0.6577690243721008 
v -0.004176000133156776 -4.792273998260498 0.6583330035209656 
v 0.0023169999476522207 -4.792273998260498 0.6577690243721008 
v 0.004176000133156776 -4.792273998260498 0.6583330035209656 
v 0.005890000145882368 -4.792273998260498 0.6592490077018738 
v 0.007391999941319227 -4.792273998260498 0.6604819893836975 
v 0.008623999543488026 -4.792273998260498 0.6619830131530762 
v 0.00953999999910593 -4.792273998260498 0.6636970043182373 
v 0.010103999637067318 -4.792273998260498 0.665556013584137 
v 0.010294999927282333 -4.792273998260498 0.6674900054931641 
v 0.010103999637067318 -4.792273998260498 0.6694239974021912 
v 0.00953999999910593 -4.792273998260498 0.6712830066680908 
v 0.008623999543488026 -4.792273998260498 0.672996997833252 
v 0.007391999941319227 -4.792273998260498 0.6744980216026306 
v 0.005890000145882368 -4.792273998260498 0.6757310032844543 
v 0.004176000133156776 -4.792273998260498 0.6766470074653625 
v 0.0023169999476522207 -4.792273998260498 0.6772109866142273 
v -0.0023169999476522207 -4.792273998260498 0.6772109866142273 
v -0.004176000133156776 -4.792273998260498 0.6766470074653625 
v -0.005890000145882368 -4.792273998260498 0.6757310032844543 
v -0.007391999941319227 -4.792273998260498 0.6744980216026306 
v -0.008624999783933163 -4.792273998260498 0.672996997833252 
v -0.00953999999910593 -4.792273998260498 0.6712830066680908 
v -0.010103999637067318 -4.792273998260498 0.6694239974021912 
v -0.010294999927282333 -4.792273998260498 0.6674900054931641 
v -0.010103999637067318 -4.792273998260498 0.665556013584137 
v -0.00953999999910593 -4.792273998260498 0.6636970043182373 
v -0.008624999783933163 -4.792273998260498 0.6619830131530762 
v -0.007391999941319227 -4.792273998260498 0.6604819893836975 
v -0.005890000145882368 -4.792273998260498 0.6592490077018738 
v 0 -4.792273998260498 0.7351700067520142 
v -0.0023169999476522207 -4.792273998260498 0.7353600263595581 
v 0 -4.792273998260498 0.7549930214881897 
v -0.004176000133156776 -4.792273998260498 0.7359240055084229 
v 0.0023169999476522207 -4.792273998260498 0.7353600263595581 
v 0.004176000133156776 -4.792273998260498 0.7359240055084229 
v 0.005890000145882368 -4.792273998260498 0.736840009689331 
v 0.007391999941319227 -4.792273998260498 0.7380729913711548 
v 0.008623999543488026 -4.792273998260498 0.7395750284194946 
v 0.00953999999910593 -4.792273998260498 0.7412880063056946 
v 0.010103999637067318 -4.792273998260498 0.7431470155715942 
v 0.010294999927282333 -4.792273998260498 0.7450810074806213 
v 0.010103999637067318 -4.792273998260498 0.7470149993896484 
v 0.00953999999910593 -4.792273998260498 0.7488740086555481 
v 0.008623999543488026 -4.792273998260498 0.7505879998207092 
v 0.007391999941319227 -4.792273998260498 0.7520899772644043 
v 0.005890000145882368 -4.792273998260498 0.7533220052719116 
v 0.004176000133156776 -4.792273998260498 0.7542380094528198 
v 0.0023169999476522207 -4.792273998260498 0.7548019886016846 
v -0.0023169999476522207 -4.792273998260498 0.7548019886016846 
v -0.004176000133156776 -4.792273998260498 0.7542380094528198 
v -0.005890000145882368 -4.792273998260498 0.7533220052719116 
v -0.007391999941319227 -4.792273998260498 0.7520899772644043 
v -0.008624999783933163 -4.792273998260498 0.7505879998207092 
v -0.00953999999910593 -4.792273998260498 0.7488740086555481 
v -0.010103999637067318 -4.792273998260498 0.7470149993896484 
v -0.010294999927282333 -4.792273998260498 0.7450810074806213 
v -0.010103999637067318 -4.792273998260498 0.7431470155715942 
v -0.00953999999910593 -4.792273998260498 0.7412880063056946 
v -0.008624999783933163 -4.792273998260498 0.7395750284194946 
v -0.007391999941319227 -4.792273998260498 0.7380729913711548 
v -0.005890000145882368 -4.792273998260498 0.736840009689331 
v 0 -4.792273998260498 0.5816789865493774 
v -0.0023169999476522207 -4.792273998260498 0.5818690061569214 
v 0 -4.792273998260498 0.601502001285553 
v -0.004176000133156776 -4.792273998260498 0.5824329853057861 
v 0.0023169999476522207 -4.792273998260498 0.5818690061569214 
v 0.004176000133156776 -4.792273998260498 0.5824329853057861 
v 0.005890000145882368 -4.792273998260498 0.5833489894866943 
v 0.007391999941319227 -4.792273998260498 0.5845819711685181 
v 0.008623999543488026 -4.792273998260498 0.5860840082168579 
v 0.00953999999910593 -4.792273998260498 0.587797999382019 
v 0.010103999637067318 -4.792273998260498 0.5896570086479187 
v 0.010294999927282333 -4.792273998260498 0.5915899872779846 
v 0.010103999637067318 -4.792273998260498 0.5935239791870117 
v 0.00953999999910593 -4.792273998260498 0.5953829884529114 
v 0.008623999543488026 -4.792273998260498 0.5970969796180725 
v 0.007391999941319227 -4.792273998260498 0.5985990166664124 
v 0.005890000145882368 -4.792273998260498 0.5998309850692749 
v 0.004176000133156776 -4.792273998260498 0.6007469892501831 
v 0.0023169999476522207 -4.792273998260498 0.6013110280036926 
v -0.0023169999476522207 -4.792273998260498 0.6013110280036926 
v -0.004176000133156776 -4.792273998260498 0.6007469892501831 
v -0.005890000145882368 -4.792273998260498 0.5998309850692749 
v -0.007391999941319227 -4.792273998260498 0.5985990166664124 
v -0.008624999783933163 -4.792273998260498 0.5970969796180725 
v -0.00953999999910593 -4.792273998260498 0.5953829884529114 
v -0.010103999637067318 -4.792273998260498 0.5935239791870117 
v -0.010294999927282333 -4.792273998260498 0.5915899872779846 
v -0.010103999637067318 -4.792273998260498 0.5896570086479187 
v -0.00953999999910593 -4.792273998260498 0.587797999382019 
v -0.008624999783933163 -4.792273998260498 0.5860840082168579 
v -0.007391999941319227 -4.792273998260498 0.5845819711685181 
v -0.005890000145882368 -4.792273998260498 0.5833489894866943 
v 0 -4.792273998260498 0.6200100183486938 
v -0.0023169999476522207 -4.792273998260498 0.6202009916305542 
v 0 -4.792273998260498 0.6398329734802246 
v -0.004176000133156776 -4.792273998260498 0.620764970779419 
v 0.0023169999476522207 -4.792273998260498 0.6202009916305542 
v 0.004176000133156776 -4.792273998260498 0.620764970779419 
v 0.005890000145882368 -4.792273998260498 0.6216800212860107 
v 0.007391999941319227 -4.792273998260498 0.6229130029678345 
v 0.008623999543488026 -4.792273998260498 0.6244149804115295 
v 0.00953999999910593 -4.792273998260498 0.6261289715766907 
v 0.010103999637067318 -4.792273998260498 0.6279879808425903 
v 0.010294999927282333 -4.792273998260498 0.6299219727516174 
v 0.010103999637067318 -4.792273998260498 0.6318550109863281 
v 0.00953999999910593 -4.792273998260498 0.6337140202522278 
v 0.008623999543488026 -4.792273998260498 0.6354280114173889 
v 0.007391999941319227 -4.792273998260498 0.636929988861084 
v 0.005890000145882368 -4.792273998260498 0.6381629705429077 
v 0.004176000133156776 -4.792273998260498 0.6390789747238159 
v 0.0023169999476522207 -4.792273998260498 0.6396430134773254 
v -0.0023169999476522207 -4.792273998260498 0.6396430134773254 
v -0.004176000133156776 -4.792273998260498 0.6390789747238159 
v -0.005890000145882368 -4.792273998260498 0.6381629705429077 
v -0.007391999941319227 -4.792273998260498 0.636929988861084 
v -0.008624999783933163 -4.792273998260498 0.6354280114173889 
v -0.00953999999910593 -4.792273998260498 0.6337140202522278 
v -0.010103999637067318 -4.792273998260498 0.6318550109863281 
v -0.010294999927282333 -4.792273998260498 0.6299219727516174 
v -0.010103999637067318 -4.792273998260498 0.6279879808425903 
v -0.00953999999910593 -4.792273998260498 0.6261289715766907 
v -0.008624999783933163 -4.792273998260498 0.6244149804115295 
v -0.007391999941319227 -4.792273998260498 0.6229130029678345 
v -0.005890000145882368 -4.792273998260498 0.6216800212860107 
v 0 -4.792273998260498 0.6962800025939941 
v -0.0023169999476522207 -4.792273998260498 0.6964700222015381 
v 0 -4.792273998260498 0.7161030173301697 
v -0.004176000133156776 -4.792273998260498 0.6970340013504028 
v 0.0023169999476522207 -4.792273998260498 0.6964700222015381 
v 0.004176000133156776 -4.792273998260498 0.6970340013504028 
v 0.005890000145882368 -4.792273998260498 0.697950005531311 
v 0.007391999941319227 -4.792273998260498 0.6991829872131348 
v 0.008623999543488026 -4.792273998260498 0.7006850242614746 
v 0.00953999999910593 -4.792273998260498 0.7023980021476746 
v 0.010103999637067318 -4.792273998260498 0.7042580246925354 
v 0.010294999927282333 -4.792273998260498 0.7061910033226013 
v 0.010103999637067318 -4.792273998260498 0.7081249952316284 
v 0.00953999999910593 -4.792273998260498 0.7099840044975281 
v 0.008623999543488026 -4.792273998260498 0.7116979956626892 
v 0.007391999941319227 -4.792273998260498 0.7131999731063843 
v 0.005890000145882368 -4.792273998260498 0.7144320011138916 
v 0.004176000133156776 -4.792273998260498 0.7153480052947998 
v 0.0023169999476522207 -4.792273998260498 0.7159119844436646 
v -0.0023169999476522207 -4.792273998260498 0.7159119844436646 
v -0.004176000133156776 -4.792273998260498 0.7153480052947998 
v -0.005890000145882368 -4.792273998260498 0.7144320011138916 
v -0.007391999941319227 -4.792273998260498 0.7131999731063843 
v -0.008624999783933163 -4.792273998260498 0.7116979956626892 
v -0.00953999999910593 -4.792273998260498 0.7099840044975281 
v -0.010103999637067318 -4.792273998260498 0.7081249952316284 
v -0.010294999927282333 -4.792273998260498 0.7061910033226013 
v -0.010103999637067318 -4.792273998260498 0.7042580246925354 
v -0.00953999999910593 -4.792273998260498 0.7023980021476746 
v -0.008624999783933163 -4.792273998260498 0.7006850242614746 
v -0.007391999941319227 -4.792273998260498 0.6991829872131348 
v -0.005890000145882368 -4.792273998260498 0.697950005531311 
v 0.04106299951672554 -4.792273998260498 0.7351700067520142 
v 0.039129000157117844 -4.792273998260498 0.7353600263595581 
v 0.04299699887633324 -4.792273998260498 0.7353600263595581 
v 0.0448560006916523 -4.792273998260498 0.7359240055084229 
v 0.03726999834179878 -4.792273998260498 0.7359240055084229 
v 0.04656999930739403 -4.792273998260498 0.736840009689331 
v 0.03555700182914734 -4.792273998260498 0.736840009689331 
v 0.04807199910283089 -4.792273998260498 0.7380729913711548 
v 0.03405499830842018 -4.792273998260498 0.7380729913711548 
v 0.04930400103330612 -4.792273998260498 0.7395750284194946 
v 0.03282200172543526 -4.792273998260498 0.7395750284194946 
v 0.050220001488924026 -4.792273998260498 0.7412880063056946 
v 0.03190600126981735 -4.792273998260498 0.7412880063056946 
v 0.050783999264240265 -4.792273998260498 0.7431470155715942 
v 0.031341999769210815 -4.792273998260498 0.7431470155715942 
v 0.050974998623132706 -4.792273998260498 0.7450810074806213 
v 0.03115200065076351 -4.792273998260498 0.7450810074806213 
v 0.050783999264240265 -4.792273998260498 0.7470149993896484 
v 0.031341999769210815 -4.792273998260498 0.7470149993896484 
v 0.050220001488924026 -4.792273998260498 0.7488740086555481 
v 0.03190600126981735 -4.792273998260498 0.7488740086555481 
v 0.04930400103330612 -4.792273998260498 0.7505879998207092 
v 0.03282200172543526 -4.792273998260498 0.7505879998207092 
v 0.04807199910283089 -4.792273998260498 0.7520899772644043 
v 0.03405499830842018 -4.792273998260498 0.7520899772644043 
v 0.04656999930739403 -4.792273998260498 0.7533220052719116 
v 0.03555700182914734 -4.792273998260498 0.7533220052719116 
v 0.0448560006916523 -4.792273998260498 0.7542380094528198 
v 0.03726999834179878 -4.792273998260498 0.7542380094528198 
v 0.04299699887633324 -4.792273998260498 0.7548019886016846 
v 0.039129000157117844 -4.792273998260498 0.7548019886016846 
v 0.04106299951672554 -4.792273998260498 0.7549930214881897 
v 0.04106299951672554 -4.792273998260498 0.6962800025939941 
v 0.04299699887633324 -4.792273998260498 0.6964700222015381 
v 0.039129000157117844 -4.792273998260498 0.6964700222015381 
v 0.0448560006916523 -4.792273998260498 0.6970340013504028 
v 0.03726999834179878 -4.792273998260498 0.6970340013504028 
v 0.04656999930739403 -4.792273998260498 0.697950005531311 
v 0.03555700182914734 -4.792273998260498 0.697950005531311 
v 0.04807199910283089 -4.792273998260498 0.6991829872131348 
v 0.03405499830842018 -4.792273998260498 0.6991829872131348 
v 0.04930400103330612 -4.792273998260498 0.7006850242614746 
v 0.03282200172543526 -4.792273998260498 0.7006850242614746 
v 0.050220001488924026 -4.792273998260498 0.7023980021476746 
v 0.03190600126981735 -4.792273998260498 0.7023980021476746 
v 0.050783999264240265 -4.792273998260498 0.7042580246925354 
v 0.031341999769210815 -4.792273998260498 0.7042580246925354 
v 0.050974998623132706 -4.792273998260498 0.7061910033226013 
v 0.03115200065076351 -4.792273998260498 0.7061910033226013 
v 0.050783999264240265 -4.792273998260498 0.7081249952316284 
v 0.031341999769210815 -4.792273998260498 0.7081249952316284 
v 0.050220001488924026 -4.792273998260498 0.7099840044975281 
v 0.03190600126981735 -4.792273998260498 0.7099840044975281 
v 0.04930400103330612 -4.792273998260498 0.7116979956626892 
v 0.03282200172543526 -4.792273998260498 0.7116979956626892 
v 0.04807199910283089 -4.792273998260498 0.7131999731063843 
v 0.03405499830842018 -4.792273998260498 0.7131999731063843 
v 0.04656999930739403 -4.792273998260498 0.7144320011138916 
v 0.03555700182914734 -4.792273998260498 0.7144320011138916 
v 0.0448560006916523 -4.792273998260498 0.7153480052947998 
v 0.03726999834179878 -4.792273998260498 0.7153480052947998 
v 0.04299699887633324 -4.792273998260498 0.7159119844436646 
v 0.039129000157117844 -4.792273998260498 0.7159119844436646 
v 0.04106299951672554 -4.792273998260498 0.7161030173301697 
v 0.04106299951672554 -4.792273998260498 0.6575790047645569 
v 0.04299699887633324 -4.792273998260498 0.6577690243721008 
v 0.039129000157117844 -4.792273998260498 0.6577690243721008 
v 0.0448560006916523 -4.792273998260498 0.6583330035209656 
v 0.03726999834179878 -4.792273998260498 0.6583330035209656 
v 0.04656999930739403 -4.792273998260498 0.6592490077018738 
v 0.03555700182914734 -4.792273998260498 0.6592490077018738 
v 0.04807199910283089 -4.792273998260498 0.6604819893836975 
v 0.03405499830842018 -4.792273998260498 0.6604819893836975 
v 0.04930400103330612 -4.792273998260498 0.6619830131530762 
v 0.03282200172543526 -4.792273998260498 0.6619830131530762 
v 0.050220001488924026 -4.792273998260498 0.6636970043182373 
v 0.03190600126981735 -4.792273998260498 0.6636970043182373 
v 0.050783999264240265 -4.792273998260498 0.665556013584137 
v 0.031341999769210815 -4.792273998260498 0.665556013584137 
v 0.050974998623132706 -4.792273998260498 0.6674900054931641 
v 0.03115200065076351 -4.792273998260498 0.6674900054931641 
v 0.050783999264240265 -4.792273998260498 0.6694239974021912 
v 0.031341999769210815 -4.792273998260498 0.6694239974021912 
v 0.050220001488924026 -4.792273998260498 0.6712830066680908 
v 0.03190600126981735 -4.792273998260498 0.6712830066680908 
v 0.04930400103330612 -4.792273998260498 0.672996997833252 
v 0.03282200172543526 -4.792273998260498 0.672996997833252 
v 0.04807199910283089 -4.792273998260498 0.6744980216026306 
v 0.03405499830842018 -4.792273998260498 0.6744980216026306 
v 0.04656999930739403 -4.792273998260498 0.6757310032844543 
v 0.03555700182914734 -4.792273998260498 0.6757310032844543 
v 0.0448560006916523 -4.792273998260498 0.6766470074653625 
v 0.03726999834179878 -4.792273998260498 0.6766470074653625 
v 0.04299699887633324 -4.792273998260498 0.6772109866142273 
v 0.039129000157117844 -4.792273998260498 0.6772109866142273 
v 0.04106299951672554 -4.792273998260498 0.6774010062217712 
v 0.04106299951672554 -4.792273998260498 0.6200100183486938 
v 0.04299699887633324 -4.792273998260498 0.6202009916305542 
v 0.039129000157117844 -4.792273998260498 0.6202009916305542 
v 0.0448560006916523 -4.792273998260498 0.620764970779419 
v 0.03726999834179878 -4.792273998260498 0.620764970779419 
v 0.04656999930739403 -4.792273998260498 0.6216800212860107 
v 0.03555700182914734 -4.792273998260498 0.6216800212860107 
v 0.04807199910283089 -4.792273998260498 0.6229130029678345 
v 0.03405499830842018 -4.792273998260498 0.6229130029678345 
v 0.04930400103330612 -4.792273998260498 0.6244149804115295 
v 0.03282200172543526 -4.792273998260498 0.6244149804115295 
v 0.050220001488924026 -4.792273998260498 0.6261289715766907 
v 0.03190600126981735 -4.792273998260498 0.6261289715766907 
v 0.050783999264240265 -4.792273998260498 0.6279879808425903 
v 0.031341999769210815 -4.792273998260498 0.6279879808425903 
v 0.050974998623132706 -4.792273998260498 0.6299219727516174 
v 0.03115200065076351 -4.792273998260498 0.6299219727516174 
v 0.050783999264240265 -4.792273998260498 0.6318550109863281 
v 0.031341999769210815 -4.792273998260498 0.6318550109863281 
v 0.050220001488924026 -4.792273998260498 0.6337140202522278 
v 0.03190600126981735 -4.792273998260498 0.6337149739265442 
v 0.04930400103330612 -4.792273998260498 0.6354280114173889 
v 0.03282200172543526 -4.792273998260498 0.6354280114173889 
v 0.04807199910283089 -4.792273998260498 0.636929988861084 
v 0.03405499830842018 -4.792273998260498 0.636929988861084 
v 0.04656999930739403 -4.792273998260498 0.6381629705429077 
v 0.03555700182914734 -4.792273998260498 0.6381629705429077 
v 0.0448560006916523 -4.792273998260498 0.6390789747238159 
v 0.03726999834179878 -4.792273998260498 0.6390789747238159 
v 0.04299699887633324 -4.792273998260498 0.6396430134773254 
v 0.039129000157117844 -4.792273998260498 0.6396430134773254 
v 0.04106299951672554 -4.792273998260498 0.6398329734802246 
v 0.04106299951672554 -4.792273998260498 0.5816789865493774 
v 0.04299699887633324 -4.792273998260498 0.5818690061569214 
v 0.039129000157117844 -4.792273998260498 0.5818690061569214 
v 0.0448560006916523 -4.792273998260498 0.5824329853057861 
v 0.03726999834179878 -4.792273998260498 0.5824329853057861 
v 0.04656999930739403 -4.792273998260498 0.5833489894866943 
v 0.03555700182914734 -4.792273998260498 0.5833489894866943 
v 0.04807199910283089 -4.792273998260498 0.5845819711685181 
v 0.03405499830842018 -4.792273998260498 0.5845819711685181 
v 0.04930400103330612 -4.792273998260498 0.5860840082168579 
v 0.03282200172543526 -4.792273998260498 0.5860840082168579 
v 0.050220001488924026 -4.792273998260498 0.587797999382019 
v 0.03190600126981735 -4.792273998260498 0.587797999382019 
v 0.050783999264240265 -4.792273998260498 0.5896570086479187 
v 0.031341999769210815 -4.792273998260498 0.5896570086479187 
v 0.050974998623132706 -4.792273998260498 0.5915899872779846 
v 0.03115200065076351 -4.792273998260498 0.5915899872779846 
v 0.050783999264240265 -4.792273998260498 0.5935239791870117 
v 0.031341999769210815 -4.792273998260498 0.5935239791870117 
v 0.050220001488924026 -4.792273998260498 0.5953829884529114 
v 0.03190600126981735 -4.792273998260498 0.5953829884529114 
v 0.04930400103330612 -4.792273998260498 0.5970969796180725 
v 0.03282200172543526 -4.792273998260498 0.5970969796180725 
v 0.04807199910283089 -4.792273998260498 0.5985990166664124 
v 0.03405499830842018 -4.792273998260498 0.5985990166664124 
v 0.04656999930739403 -4.792273998260498 0.5998309850692749 
v 0.03555700182914734 -4.792273998260498 0.5998309850692749 
v 0.0448560006916523 -4.792273998260498 0.6007469892501831 
v 0.03726999834179878 -4.792273998260498 0.6007469892501831 
v 0.04299699887633324 -4.792273998260498 0.6013110280036926 
v 0.039129000157117844 -4.792273998260498 0.6013110280036926 
v 0.04106299951672554 -4.792273998260498 0.601502001285553 
vn 0.7789438962936401 -0.17972570657730103 -0.6007870435714722 
vn 0.994970440864563 0.05283738300204277 0.08510008454322815 
vn 0.9638195037841797 -0.2172190099954605 0.15449213981628418 
vn 0.5562567114830017 -0.09000913798809052 0.8261215686798096 
vn 0.47589483857154846 -0.15541885793209076 0.865661084651947 
vn 0.4742389917373657 -0.14815765619277954 0.8678402304649353 
vn 0.9305679202079773 -0.3186245560646057 0.18033768236637115 
vn 0.9237194657325745 -0.3402247130870819 0.1760382205247879 
vn 0.7680289149284363 -0.633508026599884 0.09380380809307098 
vn 0.6824269890785217 -0.727814257144928 0.06767380982637405 
vn -0.20433372259140015 -0.9679746031761169 -0.1458524912595749 
vn 0.5364367961883545 -0.8435983657836914 0.024029340595006943 
vn -0.15407653152942657 -0.9752131104469299 -0.15880759060382843 
vn 0.7422534823417664 -0.6622336506843567 0.10250037163496017 
vn 0.7076002955436707 -0.7009279727935791 0.08945280313491821 
vn 0.5725947022438049 -0.8182985782623291 0.05022686347365379 
vn 0.7620230317115784 -0.6328479647636414 0.1372016966342926 
vn -0.09796948730945587 -0.9850744605064392 -0.1415284425020218 
vn 0.7341830730438232 -0.6674938797950745 0.1242060661315918 
vn 0.6016075611114502 -0.7959199547767639 0.06767380982637405 
vn 0.7818609476089478 -0.6100580096244812 0.12854042649269104 
vn -0.05469442531466484 -0.9871455430984497 -0.15017375349998474 
vn 0.749625563621521 -0.6509168744087219 0.11986933648586273 
vn 0.6146244406700134 -0.7862748503684998 0.0633138045668602 
vn 0.7827857136726379 -0.6097699403762817 0.1242060661315918 
vn -0.03397732973098755 -0.9874095916748047 -0.15449213981628418 
vn 0.7509509921073914 -0.6509298086166382 0.1111890971660614 
vn 0.6031139492988586 -0.7960721254348755 0.05022686347365379 
vn 0.7671776413917542 -0.6338804960250854 0.0981530249118805 
vn -0.02265736646950245 -0.9902839660644531 -0.1372016966342926 
vn 0.7387327551841736 -0.6680360436439514 0.08945280313491821 
vn 0.573955237865448 -0.818230926990509 0.03276457265019417 
vn 0.7440594434738159 -0.6626715064048767 0.08510008454322815 
vn -0.013209400698542595 -0.9910451173782349 -0.1328723281621933 
vn 0.7092627286911011 -0.7012543678283691 0.07203252613544464 
vn 0.5427922010421753 -0.839523196220398 0.024029340595006943 
vn 0.7245189547538757 -0.6845088601112366 0.08074574917554855 
vn -0.005661308765411377 -0.991117000579834 -0.1328723281621933 
vn 0.6879170536994934 -0.7226274609565735 0.06767380982637405 
vn 0.5172378420829773 -0.8556158542633057 0.01966099627315998 
vn 0.7087880373001099 -0.7007849812507629 0.08074574917554855 
vn -0.005664570722728968 -0.991688072681427 -0.12854042649269104 
vn 0.6713299751281738 -0.7380625605583191 0.06767380982637405 
vn 0.497760146856308 -0.8671798706054688 0.0152922747656703 
vn 0.6980971693992615 -0.7114354968070984 0.08074574917554855 
vn 0.003775948192924261 -0.992782473564148 -0.11986933648586273 
vn 0.6600790023803711 -0.7481416463851929 0.06767380982637405 
vn 0.49111276865005493 -0.8707644939422607 0.024029340595006943 
vn 0.6990288496017456 -0.7056992053985596 0.11553031951189041 
vn 0.003773920238018036 -0.9922492504119873 -0.1242060661315918 
vn 0.656871497631073 -0.7475866675376892 0.0981530249118805 
vn 0.011321541853249073 -0.9921918511390686 -0.1242060661315918 
vn 0.49619975686073303 -0.8669962286949158 0.04586252197623253 
vn 0.7048590183258057 -0.6941907405853271 0.1458524912595749 
vn 0.005659987218677998 -0.9932878017425537 -0.11553031951189041 
vn 0.6590734720230103 -0.7417513132095337 0.1242060661315918 
vn 0.5087668299674988 -0.8585730195045471 0.0633138045668602 
vn 0.7150304317474365 -0.6776713132858276 0.17173540592193604 
vn -0.09796948730945587 -0.9850744605064392 -0.1415284425020218 
vn 0.7009648680686951 -0.6942910552024841 0.16312000155448914 
vn -0.16711527109146118 -0.9791451692581177 -0.11553031951189041 
vn -0.590607762336731 -0.8019854426383972 0.08945280313491821 
vn -0.40350592136383057 -0.9149535894393921 0.006554040592163801 
vn -0.6537632942199707 -0.7471445202827454 0.11986933648586273 
vn -0.38268253207206726 -0.9238772988319397 -0.002184694167226553 
vn -0.38964858651161194 -0.9209610223770142 0.002184694167226553 
vn -0.024524250999093056 -0.9930011630058289 -0.11553031951189041 
vn -0.12619802355766296 -0.9887133836746216 -0.08074574917554855 
vn -0.6887959241867065 -0.710131824016571 0.1458524912595749 
vn 0.11109655350446701 -0.9823977947235107 -0.15017375349998474 
vn -0.6833610534667969 -0.7153633832931519 0.1458524912595749 
vn 0.5155229568481445 -0.8174082040786743 -0.25706008076667786 
vn 0.6823391318321228 -0.674327552318573 -0.28230419754981995 
vn 0.7399322986602783 -0.6066360473632812 -0.29067665338516235 
vn -0.5833784341812134 -0.8093762397766113 0.06767380982637405 
vn -0.6436389088630676 -0.7595589756965637 0.09380380809307098 
vn -0.36158594489097595 -0.9321314692497253 -0.01966099627315998 
vn -0.1335882693529129 -0.9869915843009949 -0.08945280313491821 
vn -0.5799297094345093 -0.8136089444160461 0.04149730131030083 
vn -0.6353843808174133 -0.7699424028396606 0.058952588587999344 
vn -0.361551433801651 -0.9320424795150757 -0.024029340595006943 
vn -0.361551433801651 -0.9320424795150757 -0.024029340595006943 
vn -0.5941715836524963 -0.8030297160148621 0.04586252197623253 
vn -0.6525093913078308 -0.7551310062408447 0.0633138045668602 
vn -0.10547920316457748 -0.9891247749328613 -0.10250037163496017 
vn -0.3685375154018402 -0.9291790127754211 -0.028397228568792343 
vn -0.5984064936637878 -0.8005224466323853 0.03276457265019417 
vn -0.6529959440231323 -0.7556940913200378 0.05022686347365379 
vn -0.36848825216293335 -0.929054856300354 -0.03276457265019417 
vn 0.03773321211338043 -0.9892147779464722 -0.1415284425020218 
vn -0.6043424606323242 -0.7958589196205139 0.03713129088282585 
vn -0.6585400104522705 -0.7505631446838379 0.05459024757146835 
vn -0.3685375154018402 -0.9291790127754211 -0.028397228568792343 
vn 0.03773321211338043 -0.9892147779464722 -0.1415284425020218 
vn -0.6181829571723938 -0.7846951484680176 0.04586252197623253 
vn -0.6750456690788269 -0.7350542545318604 0.0633138045668602 
vn 0.03397732973098755 -0.9874095916748047 -0.15449213981628418 
vn -0.3615100085735321 -0.9319356679916382 -0.028397228568792343 
vn -0.6061192154884338 -0.793786346912384 0.05022686347365379 
vn -0.6711245775222778 -0.7378367781639099 0.07203252613544464 
vn -0.29003462195396423 -0.9561160206794739 -0.04149730131030083 
vn 0.05095917358994484 -0.9879930019378662 -0.1458524912595749 
vn -0.5362216830253601 -0.8432601094245911 0.03713129088282585 
vn -0.6116475462913513 -0.7885928153991699 0.0633138045668602 
vn -0.03964836522936821 -0.9934847950935364 -0.10684575140476227 
vn 0.11859335005283356 -0.9815210103988647 -0.15017375349998474 
vn -0.29012882709503174 -0.9564265608787537 -0.03276457265019417 
vn -0.4104039967060089 -0.9118802547454834 0.006554040592163801 
vn 0.31153184175491333 -0.9294845461845398 -0.1975002884864807 
vn 0.22814702987670898 -0.9559599161148071 -0.18463370203971863 
vn -0.02076868712902069 -0.9914867877960205 -0.12854042649269104 
vn -0.20809482038021088 -0.9747700691223145 -0.08074574917554855 
vn 0.33649754524230957 -0.9281969666481018 -0.15880759060382843 
vn 0.20249643921852112 -0.9696241021156311 -0.1372016966342926 
vn -0.41019245982170105 -0.9114102721214294 0.03276457265019417 
vn -0.6191356182098389 -0.7815597653388977 0.0763898640871048 
vn 0.2702160179615021 -0.9586352109909058 -0.08945280313491821 
vn 0.33673080801963806 -0.9288403987884521 -0.15449213981628418 
vn 0.8636587262153625 -0.4637749493122101 -0.1975002884864807 
vn 0.8189786076545715 -0.5418311357498169 -0.18892620503902435 
vn 0.3438207507133484 -0.9262394309043884 -0.15449213981628418 
vn 0.5838004350662231 -0.7701280117034912 -0.25706008076667786 
vn 0.554854691028595 -0.7925974726676941 -0.25283506512641907 
vn 0.18579013645648956 -0.9666915535926819 -0.1760382205247879 
vn 0.6375701427459717 -0.7216393947601318 -0.26970529556274414 
vn 0.6219666004180908 -0.7366612553596497 -0.26549527049064636 
vn 0.31153184175491333 -0.9294845461845398 -0.1975002884864807 
vn 0.6777127981185913 -0.685724139213562 -0.26549527049064636 
vn 0.6723198294639587 -0.6910125613212585 -0.26549527049064636 
vn 0.39575496315956116 -0.8864055871963501 -0.2401314377784729 
vn 0.6850717067718506 -0.6623824238777161 -0.30319350957870483 
vn 0.6637381315231323 -0.6837583184242249 -0.30319350957870483 
vn 0.41977590322494507 -0.8729166984558105 -0.24860523641109467 
vn 0.6708155870437622 -0.6908440589904785 -0.26970529556274414 
vn 0.6708155870437622 -0.6908440589904785 -0.26970529556274414 
vn 0.44041457772254944 -0.8685219287872314 -0.22738653421401978 
vn 0.6668855547904968 -0.6962584853172302 -0.26549527049064636 
vn 0.6668855547904968 -0.6962584853172302 -0.26549527049064636 
vn 0.4285255968570709 -0.8755450248718262 -0.22312943637371063 
vn 0.6447426676750183 -0.7168118357658386 -0.26549527049064636 
vn 0.6503385901451111 -0.7117387056350708 -0.26549527049064636 
vn 0.42172956466674805 -0.8788386583328247 -0.22312943637371063 
vn -0.7351208329200745 -0.6124577522277832 -0.29067665338516235 
vn -0.09796948730945587 -0.9850744605064392 -0.1415284425020218 
vn -0.6781337857246399 -0.6767985224723816 -0.2864931523799896 
vn -0.5042680501937866 -0.8230713605880737 -0.2612801790237427 
vn 0.005659987218677998 -0.9932878017425537 -0.11553031951189041 
vn -0.6696361303329468 -0.6816511154174805 -0.2948545813560486 
vn -0.6642279028892517 -0.6869221925735474 -0.2948545813560486 
vn -0.4897233545780182 -0.8331212997436523 -0.25706008076667786 
vn 0.011321541853249073 -0.9921918511390686 -0.1242060661315918 
vn -0.6630927324295044 -0.6897935271263123 -0.29067665338516235 
vn -0.6564578413963318 -0.6978428959846497 -0.2864931523799896 
vn -0.4864805340766907 -0.8375751376152039 -0.24860523641109467 
vn 0.003773920238018036 -0.9922492504119873 -0.1242060661315918 
vn -0.6650465726852417 -0.6930858492851257 -0.2781098484992981 
vn -0.6583667993545532 -0.7010894417762756 -0.27391019463539124 
vn -0.4897218942642212 -0.8381583094596863 -0.2401314377784729 
vn 0.003775948192924261 -0.992782473564148 -0.11986933648586273 
vn -0.6735199689865112 -0.688207745552063 -0.26970529556274414 
vn -0.6681008338928223 -0.693469762802124 -0.26970529556274414 
vn -0.5075125098228455 -0.8287268280982971 -0.23588760197162628 
vn -0.005664570722728968 -0.991688072681427 -0.12854042649269104 
vn -0.6906617283821106 -0.6692978143692017 -0.27391019463539124 
vn -0.6842334866523743 -0.677557110786438 -0.26970529556274414 
vn -0.5282809734344482 -0.8144053816795349 -0.2401314377784729 
vn -0.005661308765411377 -0.991117000579834 -0.1328723281621933 
vn -0.7113441228866577 -0.6472733616828918 -0.27391019463539124 
vn -0.7062385678291321 -0.6528401970863342 -0.27391019463539124 
vn -0.5610721111297607 -0.7908735871315002 -0.24437066912651062 
vn -0.013209400698542595 -0.9910451173782349 -0.1328723281621933 
vn -0.7400790452957153 -0.6160698533058167 -0.26970529556274414 
vn -0.7352237701416016 -0.621856153011322 -0.26970529556274414 
vn -0.6047582626342773 -0.7566127777099609 -0.24860523641109467 
vn -0.02265736646950245 -0.9902839660644531 -0.1372016966342926 
vn -0.7653954029083252 -0.5803661346435547 -0.2781098484992981 
vn -0.7653954029083252 -0.5803661346435547 -0.2781098484992981 
vn -0.6441558003425598 -0.7108921408653259 -0.28230419754981995 
vn -0.03397732973098755 -0.9874095916748047 -0.15449213981628418 
vn -0.7886537909507751 -0.5300822257995605 -0.31150925159454346 
vn -0.7969751954078674 -0.5174867510795593 -0.31150925159454346 
vn -0.6939493417739868 -0.6605724692344666 -0.2864931523799896 
vn -0.05469442531466484 -0.9871455430984497 -0.15017375349998474 
vn -0.09796948730945587 -0.9850744605064392 -0.1415284425020218 
vn -0.8321745991706848 -0.47972941398620605 -0.2781098484992981 
vn -0.8321745991706848 -0.47972941398620605 -0.2781098484992981 
vn -0.7448887825012207 -0.6102456450462341 -0.26970529556274414 
vn -0.15407653152942657 -0.9752131104469299 -0.15880759060382843 
vn -0.8646019101142883 -0.41277748346328735 -0.2864931523799896 
vn -0.7911788821220398 -0.5468173623085022 -0.27391019463539124 
vn -0.8646019101142883 -0.41277748346328735 -0.2864931523799896 
vn -0.20433372259140015 -0.9679746031761169 -0.1458524912595749 
vn -0.8305827379226685 -0.5064342021942139 -0.23163928091526031 
vn -0.16711527109146118 -0.9791451692581177 -0.11553031951189041 
vn -0.9292475581169128 -0.3007403016090393 -0.21460255980491638 
vn -0.9151772856712341 -0.34381765127182007 -0.2103329300880432 
vn -0.8885459899902344 -0.3680478036403656 -0.27391019463539124 
vn -0.8942174315452576 -0.35404571890830994 -0.27391019463539124 
vn 0.5043144822120667 -0.8256763219833374 -0.25283506512641907 
vn 0.6677665710449219 -0.6904655694961548 -0.2781098484992981 
vn 0.6770085692405701 -0.6796790957450867 -0.28230419754981995 
vn 0.5043144822120667 -0.8256763219833374 -0.25283506512641907 
vn 0.9547185897827148 0.297502338886261 0.002184694167226553 
vn 0.9498443603515625 0.31179845333099365 0.024029340595006943 
vn 0.9547185897827148 0.297502338886261 -0.002184694167226553 
vn 0.947733998298645 0.31905397772789 -0.002184694167226553 
vn 0.9461985230445862 0.31894874572753906 0.05459024757146835 
vn 0.9452975392341614 0.32620200514793396 -0.002184694167226553 
vn 0.9437599182128906 0.32609376311302185 0.05459024757146835 
vn 0.9428071975708008 0.333331435918808 -0.002184694167226553 
vn 0.9400835037231445 0.3403768539428711 0.01966099627315998 
vn 0.940263032913208 0.34044185280799866 -0.002184694167226553 
vn 0.9376652836799622 0.34753286838531494 0.002184694167226553 
vn 0.9376652836799622 0.34753286838531494 -0.002184694167226553 
vn 0.9267409443855286 0.3756946325302124 0.002184694167226553 
vn 0.9267409443855286 0.3756946325302124 -0.002184694167226553 
vn 0.9266347885131836 0.37565159797668457 0.0152922747656703 
vn 0.9238772988319397 0.38268253207206726 -0.002184694167226553 
vn 0.9263694286346436 0.375544011592865 0.028397228568792343 
vn 0.9238772988319397 0.38268253207206726 0.002184694167226553 
vn 0.9263694286346436 0.375544011592865 0.028397228568792343 
vn 0.9238772988319397 0.38268253207206726 0.002184694167226553 
vn 0.9209082722663879 0.38962626457214355 0.010923261754214764 
vn 0.9209610223770142 0.38964858651161194 -0.002184694167226553 
vn 0.9179922342300415 0.3965924084186554 0.002184694167226553 
vn 0.9179922342300415 0.3965924084186554 -0.002184694167226553 
vn 0.9807829260826111 0.19508986175060272 -0.002184694167226553 
vn 0.9777246117591858 0.20988060534000397 -0.002184694167226553 
vn 0.9807829260826111 0.19508986175060272 0.002184694167226553 
vn 0.9787582159042358 0.20238277316093445 0.03276457265019417 
vn 0.9761117100715637 0.21725822985172272 -0.002184694167226553 
vn 0.9747632741928101 0.2097645252943039 0.0763898640871048 
vn 0.9761117100715637 0.21725822985172272 0.002184694167226553 
vn 0.9731473922729492 0.21713750064373016 0.0763898640871048 
vn 0.9723291397094727 0.23188289999961853 0.028397228568792343 
vn 0.9744431972503662 0.22462347149848938 -0.002184694167226553 
vn 0.9709395170211792 0.23931509256362915 0.002184694167226553 
vn 0.9709395170211792 0.23931509256362915 -0.002184694167226553 
vn 0.007550373673439026 0.9997782111167908 0.01966099627315998 
vn 0.015102335251867771 0.9998263120651245 0.010923261754214764 
vn -1.0339156559981827e-13 0.9998067021369934 0.01966099627315998 
vn 0.0302029550075531 0.9995414018630981 0.002184694167226553 
vn 0.0302029550075531 0.9995414018630981 -0.002184694167226553 
vn 0.015103200450539589 0.9998835325241089 -0.002184694167226553 
vn 0.007551815826445818 0.9999691247940063 0.002184694167226553 
vn -1.0341130485562108e-13 0.999997615814209 0.002184694167226553 
vn -0.015103200450539589 0.9998835325241089 -0.002184694167226553 
vn -0.007551815826445818 0.9999691247940063 0.002184694167226553 
vn -0.0302029550075531 0.9995414018630981 -0.002184694167226553 
vn -0.0302029550075531 0.9995414018630981 0.002184694167226553 
vn -0.015102335251867771 0.9998263120651245 0.010923261754214764 
vn -0.007550373673439026 0.9997782111167908 0.01966099627315998 
vn -0.9547185897827148 0.297502338886261 0.002184694167226553 
vn -0.9547185897827148 0.297502338886261 -0.002184694167226553 
vn -0.9498443603515625 0.31179845333099365 0.024029340595006943 
vn -0.947733998298645 0.31905397772789 -0.002184694167226553 
vn -0.9449859261512756 0.3225235641002655 0.05459024757146835 
vn -0.9452975392341614 0.32620200514793396 -0.002184694167226553 
vn -0.9449859261512756 0.3225235641002655 0.05459024757146835 
vn -0.9428071975708008 0.333331435918808 -0.002184694167226553 
vn -0.9400835037231445 0.3403768539428711 0.01966099627315998 
vn -0.940263032913208 0.34044185280799866 -0.002184694167226553 
vn -0.9376652836799622 0.34753286838531494 0.002184694167226553 
vn -0.9376652836799622 0.34753286838531494 -0.002184694167226553 
vn -0.9267409443855286 0.3756946325302124 0.002184694167226553 
vn -0.9267409443855286 0.3756946325302124 -0.002184694167226553 
vn -0.9266347885131836 0.37565159797668457 0.0152922747656703 
vn -0.9238772988319397 0.38268253207206726 -0.002184694167226553 
vn -0.9263694286346436 0.375544011592865 0.028397228568792343 
vn -0.9238772988319397 0.38268253207206726 0.002184694167226553 
vn -0.9263694286346436 0.375544011592865 0.028397228568792343 
vn -0.9238772988319397 0.38268253207206726 0.002184694167226553 
vn -0.9209082722663879 0.38962626457214355 0.010923261754214764 
vn -0.9209610223770142 0.38964858651161194 -0.002184694167226553 
vn -0.9179922342300415 0.3965924084186554 0.002184694167226553 
vn -0.9179922342300415 0.3965924084186554 -0.002184694167226553 
vn -0.9807829260826111 0.19508986175060272 0.002184694167226553 
vn -0.9807829260826111 0.19508986175060272 -0.002184694167226553 
vn -0.9787582159042358 0.20238277316093445 0.03276457265019417 
vn -0.9777246117591858 0.20988060534000397 -0.002184694167226553 
vn -0.9747632741928101 0.2097645252943039 0.0763898640871048 
vn -0.9761117100715637 0.21725822985172272 -0.002184694167226553 
vn -0.9731473922729492 0.21713750064373016 0.0763898640871048 
vn -0.9761117100715637 0.21725822985172272 0.002184694167226553 
vn -0.9723291397094727 0.23188289999961853 0.028397228568792343 
vn -0.9744431972503662 0.22462347149848938 -0.002184694167226553 
vn -0.9709395170211792 0.23931509256362915 0.002184694167226553 
vn -0.9709395170211792 0.23931509256362915 -0.002184694167226553 
vn 0.05099087953567505 -0.8586281538009644 -0.5100564956665039 
vn 0.05099087953567505 -0.8586281538009644 -0.5100564956665039 
vn 0.05099087953567505 -0.8586281538009644 -0.5100564956665039 
vn 0.05099087953567505 -0.8586281538009644 -0.5100564956665039 
vn 0.15208707749843597 -0.8576982617378235 -0.4911448359489441 
vn 0.15208707749843597 -0.8576982617378235 -0.4911448359489441 
vn 0.15208707749843597 -0.8576982617378235 -0.4911448359489441 
vn 0.15208707749843597 -0.8576982617378235 -0.4911448359489441 
vn 0.24231590330600739 -0.858144223690033 -0.45262736082077026 
vn 0.24231590330600739 -0.858144223690033 -0.45262736082077026 
vn 0.24231590330600739 -0.858144223690033 -0.45262736082077026 
vn 0.24231590330600739 -0.858144223690033 -0.45262736082077026 
vn 0.3235186040401459 -0.8587861657142639 -0.3972681760787964 
vn 0.3235186040401459 -0.8587861657142639 -0.3972681760787964 
vn 0.3235186040401459 -0.8587861657142639 -0.3972681760787964 
vn 0.3235186040401459 -0.8587861657142639 -0.3972681760787964 
vn 0.39363962411880493 -0.8602976202964783 -0.3239381015300751 
vn 0.39363962411880493 -0.8602976202964783 -0.3239381015300751 
vn 0.39363962411880493 -0.8602976202964783 -0.3239381015300751 
vn 0.39363962411880493 -0.8602976202964783 -0.3239381015300751 
vn 0.45009690523147583 -0.8600870370864868 -0.2401314377784729 
vn 0.45009690523147583 -0.8600870370864868 -0.2401314377784729 
vn 0.45009690523147583 -0.8600870370864868 -0.2401314377784729 
vn 0.45009690523147583 -0.8600870370864868 -0.2401314377784729 
vn 0.48887261748313904 -0.8593319654464722 -0.15017375349998474 
vn 0.48887261748313904 -0.8593319654464722 -0.15017375349998474 
vn 0.48887261748313904 -0.8593319654464722 -0.15017375349998474 
vn 0.48887261748313904 -0.8593319654464722 -0.15017375349998474 
vn 0.5091462135314941 -0.8592132329940796 -0.05022686347365379 
vn 0.5091462135314941 -0.8592132329940796 -0.05022686347365379 
vn 0.5091462135314941 -0.8592132329940796 -0.05022686347365379 
vn 0.5091462135314941 -0.8592132329940796 -0.05022686347365379 
vn 0.5091462135314941 -0.8592132329940796 0.05022686347365379 
vn 0.5091462135314941 -0.8592132329940796 0.05022686347365379 
vn 0.5091462135314941 -0.8592132329940796 0.05022686347365379 
vn 0.5091462135314941 -0.8592132329940796 0.05022686347365379 
vn 0.48887261748313904 -0.8593319654464722 0.15017375349998474 
vn 0.48887261748313904 -0.8593319654464722 0.15017375349998474 
vn 0.48887261748313904 -0.8593319654464722 0.15017375349998474 
vn 0.48887261748313904 -0.8593319654464722 0.15017375349998474 
vn 0.45009690523147583 -0.8600870370864868 0.2401314377784729 
vn 0.45009690523147583 -0.8600870370864868 0.2401314377784729 
vn 0.45009690523147583 -0.8600870370864868 0.2401314377784729 
vn 0.45009690523147583 -0.8600870370864868 0.2401314377784729 
vn 0.3948856294155121 -0.8597263693809509 0.3239381015300751 
vn 0.3948856294155121 -0.8597263693809509 0.3239381015300751 
vn 0.3948856294155121 -0.8597263693809509 0.3239381015300751 
vn 0.3948856294155121 -0.8597263693809509 0.3239381015300751 
vn 0.3248789310455322 -0.8582724928855896 0.3972681760787964 
vn 0.3248789310455322 -0.8582724928855896 0.3972681760787964 
vn 0.3248789310455322 -0.8582724928855896 0.3972681760787964 
vn 0.3248789310455322 -0.8582724928855896 0.3972681760787964 
vn 0.24381190538406372 -0.8577203750610352 0.45262736082077026 
vn 0.24381190538406372 -0.8577203750610352 0.45262736082077026 
vn 0.24381190538406372 -0.8577203750610352 0.45262736082077026 
vn 0.24381190538406372 -0.8577203750610352 0.45262736082077026 
vn 0.15208707749843597 -0.8576982617378235 0.4911448359489441 
vn 0.15208707749843597 -0.8576982617378235 0.4911448359489441 
vn 0.15208707749843597 -0.8576982617378235 0.4911448359489441 
vn 0.15208707749843597 -0.8576982617378235 0.4911448359489441 
vn 0.05280333012342453 -0.8585186004638672 0.5100564956665039 
vn 0.05280333012342453 -0.8585186004638672 0.5100564956665039 
vn 0.05280333012342453 -0.8585186004638672 0.5100564956665039 
vn 0.05280333012342453 -0.8585186004638672 0.5100564956665039 
vn -0.05280333012342453 -0.8585186004638672 0.5100564956665039 
vn -0.05280333012342453 -0.8585186004638672 0.5100564956665039 
vn -0.05280333012342453 -0.8585186004638672 0.5100564956665039 
vn -0.05280333012342453 -0.8585186004638672 0.5100564956665039 
vn -0.14836905896663666 -0.8583492040634155 0.4911448359489441 
vn -0.14836905896663666 -0.8583492040634155 0.4911448359489441 
vn -0.14836905896663666 -0.8583492040634155 0.4911448359489441 
vn -0.14836905896663666 -0.8583492040634155 0.4911448359489441 
vn -0.24018307030200958 -0.8587436079978943 0.45262736082077026 
vn -0.24018307030200958 -0.8587436079978943 0.45262736082077026 
vn -0.24018307030200958 -0.8587436079978943 0.45262736082077026 
vn -0.24018307030200958 -0.8587436079978943 0.45262736082077026 
vn -0.3248789310455322 -0.8582724928855896 0.3972681760787964 
vn -0.3248789310455322 -0.8582724928855896 0.3972681760787964 
vn -0.3248789310455322 -0.8582724928855896 0.3972681760787964 
vn -0.3248789310455322 -0.8582724928855896 0.3972681760787964 
vn -0.3948856294155121 -0.8597263693809509 0.3239381015300751 
vn -0.3948856294155121 -0.8597263693809509 0.3239381015300751 
vn -0.3948856294155121 -0.8597263693809509 0.3239381015300751 
vn -0.3948856294155121 -0.8597263693809509 0.3239381015300751 
vn -0.45009690523147583 -0.8600870370864868 0.2401314377784729 
vn -0.45009690523147583 -0.8600870370864868 0.2401314377784729 
vn -0.45009690523147583 -0.8600870370864868 0.2401314377784729 
vn -0.45009690523147583 -0.8600870370864868 0.2401314377784729 
vn -0.49214932322502136 -0.857459545135498 0.15017375349998474 
vn -0.49214932322502136 -0.857459545135498 0.15017375349998474 
vn -0.49214932322502136 -0.857459545135498 0.15017375349998474 
vn -0.49214932322502136 -0.857459545135498 0.15017375349998474 
vn -0.5123907923698425 -0.857282280921936 0.05022686347365379 
vn -0.5123907923698425 -0.857282280921936 0.05022686347365379 
vn -0.5123907923698425 -0.857282280921936 0.05022686347365379 
vn -0.5123907923698425 -0.857282280921936 0.05022686347365379 
vn -0.5123907923698425 -0.857282280921936 -0.05022686347365379 
vn -0.5123907923698425 -0.857282280921936 -0.05022686347365379 
vn -0.5123907923698425 -0.857282280921936 -0.05022686347365379 
vn -0.5123907923698425 -0.857282280921936 -0.05022686347365379 
vn -0.49214932322502136 -0.857459545135498 -0.15017375349998474 
vn -0.49214932322502136 -0.857459545135498 -0.15017375349998474 
vn -0.49214932322502136 -0.857459545135498 -0.15017375349998474 
vn -0.49214932322502136 -0.857459545135498 -0.15017375349998474 
vn -0.45009690523147583 -0.8600870370864868 -0.2401314377784729 
vn -0.45009690523147583 -0.8600870370864868 -0.2401314377784729 
vn -0.45009690523147583 -0.8600870370864868 -0.2401314377784729 
vn -0.45009690523147583 -0.8600870370864868 -0.2401314377784729 
vn -0.39707067608833313 -0.8587194085121155 -0.3239381015300751 
vn -0.39707067608833313 -0.8587194085121155 -0.3239381015300751 
vn -0.39707067608833313 -0.8587194085121155 -0.3239381015300751 
vn -0.39707067608833313 -0.8587194085121155 -0.3239381015300751 
vn -0.3270518481731415 -0.8574468493461609 -0.3972681760787964 
vn -0.3270518481731415 -0.8574468493461609 -0.3972681760787964 
vn -0.3270518481731415 -0.8574468493461609 -0.3972681760787964 
vn -0.3270518481731415 -0.8574468493461609 -0.3972681760787964 
vn -0.24231590330600739 -0.858144223690033 -0.45262736082077026 
vn -0.24231590330600739 -0.858144223690033 -0.45262736082077026 
vn -0.24231590330600739 -0.858144223690033 -0.45262736082077026 
vn -0.24231590330600739 -0.858144223690033 -0.45262736082077026 
vn -0.14836905896663666 -0.8583492040634155 -0.4911448359489441 
vn -0.14836905896663666 -0.8583492040634155 -0.4911448359489441 
vn -0.14836905896663666 -0.8583492040634155 -0.4911448359489441 
vn -0.14836905896663666 -0.8583492040634155 -0.4911448359489441 
vn -0.047217726707458496 -0.8588439226150513 -0.5100564956665039 
vn -0.047217726707458496 -0.8588439226150513 -0.5100564956665039 
vn -0.047217726707458496 -0.8588439226150513 -0.5100564956665039 
vn -0.047217726707458496 -0.8588439226150513 -0.5100564956665039 
vn 0.05099087953567505 -0.8586281538009644 -0.5100564956665039 
vn 0.05099087953567505 -0.8586281538009644 -0.5100564956665039 
vn 0.05099087953567505 -0.8586281538009644 -0.5100564956665039 
vn 0.05099087953567505 -0.8586281538009644 -0.5100564956665039 
vn 0.15208707749843597 -0.8576982617378235 -0.4911448359489441 
vn 0.15208707749843597 -0.8576982617378235 -0.4911448359489441 
vn 0.15208707749843597 -0.8576982617378235 -0.4911448359489441 
vn 0.15208707749843597 -0.8576982617378235 -0.4911448359489441 
vn 0.24231590330600739 -0.858144223690033 -0.45262736082077026 
vn 0.24231590330600739 -0.858144223690033 -0.45262736082077026 
vn 0.24231590330600739 -0.858144223690033 -0.45262736082077026 
vn 0.24231590330600739 -0.858144223690033 -0.45262736082077026 
vn 0.3235186040401459 -0.8587861657142639 -0.3972681760787964 
vn 0.3235186040401459 -0.8587861657142639 -0.3972681760787964 
vn 0.3235186040401459 -0.8587861657142639 -0.3972681760787964 
vn 0.3235186040401459 -0.8587861657142639 -0.3972681760787964 
vn 0.39363962411880493 -0.8602976202964783 -0.3239381015300751 
vn 0.39363962411880493 -0.8602976202964783 -0.3239381015300751 
vn 0.39363962411880493 -0.8602976202964783 -0.3239381015300751 
vn 0.39363962411880493 -0.8602976202964783 -0.3239381015300751 
vn 0.45009690523147583 -0.8600870370864868 -0.2401314377784729 
vn 0.45009690523147583 -0.8600870370864868 -0.2401314377784729 
vn 0.45009690523147583 -0.8600870370864868 -0.2401314377784729 
vn 0.45009690523147583 -0.8600870370864868 -0.2401314377784729 
vn 0.48887261748313904 -0.8593319654464722 -0.15017375349998474 
vn 0.48887261748313904 -0.8593319654464722 -0.15017375349998474 
vn 0.48887261748313904 -0.8593319654464722 -0.15017375349998474 
vn 0.48887261748313904 -0.8593319654464722 -0.15017375349998474 
vn 0.5091462135314941 -0.8592132329940796 -0.05022686347365379 
vn 0.5091462135314941 -0.8592132329940796 -0.05022686347365379 
vn 0.5091462135314941 -0.8592132329940796 -0.05022686347365379 
vn 0.5091462135314941 -0.8592132329940796 -0.05022686347365379 
vn 0.5091462135314941 -0.8592132329940796 0.05022686347365379 
vn 0.5091462135314941 -0.8592132329940796 0.05022686347365379 
vn 0.5091462135314941 -0.8592132329940796 0.05022686347365379 
vn 0.5091462135314941 -0.8592132329940796 0.05022686347365379 
vn 0.48887261748313904 -0.8593319654464722 0.15017375349998474 
vn 0.48887261748313904 -0.8593319654464722 0.15017375349998474 
vn 0.48887261748313904 -0.8593319654464722 0.15017375349998474 
vn 0.48887261748313904 -0.8593319654464722 0.15017375349998474 
vn 0.45009690523147583 -0.8600870370864868 0.2401314377784729 
vn 0.45009690523147583 -0.8600870370864868 0.2401314377784729 
vn 0.45009690523147583 -0.8600870370864868 0.2401314377784729 
vn 0.45009690523147583 -0.8600870370864868 0.2401314377784729 
vn 0.3948856294155121 -0.8597263693809509 0.3239381015300751 
vn 0.3948856294155121 -0.8597263693809509 0.3239381015300751 
vn 0.3948856294155121 -0.8597263693809509 0.3239381015300751 
vn 0.3948856294155121 -0.8597263693809509 0.3239381015300751 
vn 0.3248789310455322 -0.8582724928855896 0.3972681760787964 
vn 0.3248789310455322 -0.8582724928855896 0.3972681760787964 
vn 0.3248789310455322 -0.8582724928855896 0.3972681760787964 
vn 0.3248789310455322 -0.8582724928855896 0.3972681760787964 
vn 0.24381190538406372 -0.8577203750610352 0.45262736082077026 
vn 0.24381190538406372 -0.8577203750610352 0.45262736082077026 
vn 0.24381190538406372 -0.8577203750610352 0.45262736082077026 
vn 0.24381190538406372 -0.8577203750610352 0.45262736082077026 
vn 0.15208707749843597 -0.8576982617378235 0.4911448359489441 
vn 0.15208707749843597 -0.8576982617378235 0.4911448359489441 
vn 0.15208707749843597 -0.8576982617378235 0.4911448359489441 
vn 0.15208707749843597 -0.8576982617378235 0.4911448359489441 
vn 0.05280333012342453 -0.8585186004638672 0.5100564956665039 
vn 0.05280333012342453 -0.8585186004638672 0.5100564956665039 
vn 0.05280333012342453 -0.8585186004638672 0.5100564956665039 
vn 0.05280333012342453 -0.8585186004638672 0.5100564956665039 
vn -0.05280333012342453 -0.8585186004638672 0.5100564956665039 
vn -0.05280333012342453 -0.8585186004638672 0.5100564956665039 
vn -0.05280333012342453 -0.8585186004638672 0.5100564956665039 
vn -0.05280333012342453 -0.8585186004638672 0.5100564956665039 
vn -0.14836905896663666 -0.8583492040634155 0.4911448359489441 
vn -0.14836905896663666 -0.8583492040634155 0.4911448359489441 
vn -0.14836905896663666 -0.8583492040634155 0.4911448359489441 
vn -0.14836905896663666 -0.8583492040634155 0.4911448359489441 
vn -0.24018307030200958 -0.8587436079978943 0.45262736082077026 
vn -0.24018307030200958 -0.8587436079978943 0.45262736082077026 
vn -0.24018307030200958 -0.8587436079978943 0.45262736082077026 
vn -0.24018307030200958 -0.8587436079978943 0.45262736082077026 
vn -0.3248789310455322 -0.8582724928855896 0.3972681760787964 
vn -0.3248789310455322 -0.8582724928855896 0.3972681760787964 
vn -0.3248789310455322 -0.8582724928855896 0.3972681760787964 
vn -0.3248789310455322 -0.8582724928855896 0.3972681760787964 
vn -0.3948856294155121 -0.8597263693809509 0.3239381015300751 
vn -0.3948856294155121 -0.8597263693809509 0.3239381015300751 
vn -0.3948856294155121 -0.8597263693809509 0.3239381015300751 
vn -0.3948856294155121 -0.8597263693809509 0.3239381015300751 
vn -0.45009690523147583 -0.8600870370864868 0.2401314377784729 
vn -0.45009690523147583 -0.8600870370864868 0.2401314377784729 
vn -0.45009690523147583 -0.8600870370864868 0.2401314377784729 
vn -0.45009690523147583 -0.8600870370864868 0.2401314377784729 
vn -0.49214932322502136 -0.857459545135498 0.15017375349998474 
vn -0.49214932322502136 -0.857459545135498 0.15017375349998474 
vn -0.49214932322502136 -0.857459545135498 0.15017375349998474 
vn -0.49214932322502136 -0.857459545135498 0.15017375349998474 
vn -0.5123907923698425 -0.857282280921936 0.05022686347365379 
vn -0.5123907923698425 -0.857282280921936 0.05022686347365379 
vn -0.5123907923698425 -0.857282280921936 0.05022686347365379 
vn -0.5123907923698425 -0.857282280921936 0.05022686347365379 
vn -0.5123907923698425 -0.857282280921936 -0.05022686347365379 
vn -0.5123907923698425 -0.857282280921936 -0.05022686347365379 
vn -0.5123907923698425 -0.857282280921936 -0.05022686347365379 
vn -0.5123907923698425 -0.857282280921936 -0.05022686347365379 
vn -0.49214932322502136 -0.857459545135498 -0.15017375349998474 
vn -0.49214932322502136 -0.857459545135498 -0.15017375349998474 
vn -0.49214932322502136 -0.857459545135498 -0.15017375349998474 
vn -0.49214932322502136 -0.857459545135498 -0.15017375349998474 
vn -0.45009690523147583 -0.8600870370864868 -0.2401314377784729 
vn -0.45009690523147583 -0.8600870370864868 -0.2401314377784729 
vn -0.45009690523147583 -0.8600870370864868 -0.2401314377784729 
vn -0.45009690523147583 -0.8600870370864868 -0.2401314377784729 
vn -0.39707067608833313 -0.8587194085121155 -0.3239381015300751 
vn -0.39707067608833313 -0.8587194085121155 -0.3239381015300751 
vn -0.39707067608833313 -0.8587194085121155 -0.3239381015300751 
vn -0.39707067608833313 -0.8587194085121155 -0.3239381015300751 
vn -0.3270518481731415 -0.8574468493461609 -0.3972681760787964 
vn -0.3270518481731415 -0.8574468493461609 -0.3972681760787964 
vn -0.3270518481731415 -0.8574468493461609 -0.3972681760787964 
vn -0.3270518481731415 -0.8574468493461609 -0.3972681760787964 
vn -0.24231590330600739 -0.858144223690033 -0.45262736082077026 
vn -0.24231590330600739 -0.858144223690033 -0.45262736082077026 
vn -0.24231590330600739 -0.858144223690033 -0.45262736082077026 
vn -0.24231590330600739 -0.858144223690033 -0.45262736082077026 
vn -0.14836905896663666 -0.8583492040634155 -0.4911448359489441 
vn -0.14836905896663666 -0.8583492040634155 -0.4911448359489441 
vn -0.14836905896663666 -0.8583492040634155 -0.4911448359489441 
vn -0.14836905896663666 -0.8583492040634155 -0.4911448359489441 
vn -0.047217726707458496 -0.8588439226150513 -0.5100564956665039 
vn -0.047217726707458496 -0.8588439226150513 -0.5100564956665039 
vn -0.047217726707458496 -0.8588439226150513 -0.5100564956665039 
vn -0.047217726707458496 -0.8588439226150513 -0.5100564956665039 
vn 0.05099087953567505 -0.8586281538009644 -0.5100564956665039 
vn 0.05099087953567505 -0.8586281538009644 -0.5100564956665039 
vn 0.05099087953567505 -0.8586281538009644 -0.5100564956665039 
vn 0.05099087953567505 -0.8586281538009644 -0.5100564956665039 
vn 0.15208707749843597 -0.8576982617378235 -0.4911448359489441 
vn 0.15208707749843597 -0.8576982617378235 -0.4911448359489441 
vn 0.15208707749843597 -0.8576982617378235 -0.4911448359489441 
vn 0.15208707749843597 -0.8576982617378235 -0.4911448359489441 
vn 0.24231590330600739 -0.858144223690033 -0.45262736082077026 
vn 0.24231590330600739 -0.858144223690033 -0.45262736082077026 
vn 0.24231590330600739 -0.858144223690033 -0.45262736082077026 
vn 0.24231590330600739 -0.858144223690033 -0.45262736082077026 
vn 0.3235186040401459 -0.8587861657142639 -0.3972681760787964 
vn 0.3235186040401459 -0.8587861657142639 -0.3972681760787964 
vn 0.3235186040401459 -0.8587861657142639 -0.3972681760787964 
vn 0.3235186040401459 -0.8587861657142639 -0.3972681760787964 
vn 0.39363962411880493 -0.8602976202964783 -0.3239381015300751 
vn 0.39363962411880493 -0.8602976202964783 -0.3239381015300751 
vn 0.39363962411880493 -0.8602976202964783 -0.3239381015300751 
vn 0.39363962411880493 -0.8602976202964783 -0.3239381015300751 
vn 0.45009690523147583 -0.8600870370864868 -0.2401314377784729 
vn 0.45009690523147583 -0.8600870370864868 -0.2401314377784729 
vn 0.45009690523147583 -0.8600870370864868 -0.2401314377784729 
vn 0.45009690523147583 -0.8600870370864868 -0.2401314377784729 
vn 0.48887261748313904 -0.8593319654464722 -0.15017375349998474 
vn 0.48887261748313904 -0.8593319654464722 -0.15017375349998474 
vn 0.48887261748313904 -0.8593319654464722 -0.15017375349998474 
vn 0.48887261748313904 -0.8593319654464722 -0.15017375349998474 
vn 0.5091462135314941 -0.8592132329940796 -0.05022686347365379 
vn 0.5091462135314941 -0.8592132329940796 -0.05022686347365379 
vn 0.5091462135314941 -0.8592132329940796 -0.05022686347365379 
vn 0.5091462135314941 -0.8592132329940796 -0.05022686347365379 
vn 0.5091462135314941 -0.8592132329940796 0.05022686347365379 
vn 0.5091462135314941 -0.8592132329940796 0.05022686347365379 
vn 0.5091462135314941 -0.8592132329940796 0.05022686347365379 
vn 0.5091462135314941 -0.8592132329940796 0.05022686347365379 
vn 0.48887261748313904 -0.8593319654464722 0.15017375349998474 
vn 0.48887261748313904 -0.8593319654464722 0.15017375349998474 
vn 0.48887261748313904 -0.8593319654464722 0.15017375349998474 
vn 0.48887261748313904 -0.8593319654464722 0.15017375349998474 
vn 0.45009690523147583 -0.8600870370864868 0.2401314377784729 
vn 0.45009690523147583 -0.8600870370864868 0.2401314377784729 
vn 0.45009690523147583 -0.8600870370864868 0.2401314377784729 
vn 0.45009690523147583 -0.8600870370864868 0.2401314377784729 
vn 0.3948856294155121 -0.8597263693809509 0.3239381015300751 
vn 0.3948856294155121 -0.8597263693809509 0.3239381015300751 
vn 0.3948856294155121 -0.8597263693809509 0.3239381015300751 
vn 0.3948856294155121 -0.8597263693809509 0.3239381015300751 
vn 0.3248789310455322 -0.8582724928855896 0.3972681760787964 
vn 0.3248789310455322 -0.8582724928855896 0.3972681760787964 
vn 0.3248789310455322 -0.8582724928855896 0.3972681760787964 
vn 0.3248789310455322 -0.8582724928855896 0.3972681760787964 
vn 0.24381190538406372 -0.8577203750610352 0.45262736082077026 
vn 0.24381190538406372 -0.8577203750610352 0.45262736082077026 
vn 0.24381190538406372 -0.8577203750610352 0.45262736082077026 
vn 0.24381190538406372 -0.8577203750610352 0.45262736082077026 
vn 0.15208707749843597 -0.8576982617378235 0.4911448359489441 
vn 0.15208707749843597 -0.8576982617378235 0.4911448359489441 
vn 0.15208707749843597 -0.8576982617378235 0.4911448359489441 
vn 0.15208707749843597 -0.8576982617378235 0.4911448359489441 
vn 0.05280333012342453 -0.8585186004638672 0.5100564956665039 
vn 0.05280333012342453 -0.8585186004638672 0.5100564956665039 
vn 0.05280333012342453 -0.8585186004638672 0.5100564956665039 
vn 0.05280333012342453 -0.8585186004638672 0.5100564956665039 
vn -0.05280333012342453 -0.8585186004638672 0.5100564956665039 
vn -0.05280333012342453 -0.8585186004638672 0.5100564956665039 
vn -0.05280333012342453 -0.8585186004638672 0.5100564956665039 
vn -0.05280333012342453 -0.8585186004638672 0.5100564956665039 
vn -0.14836905896663666 -0.8583492040634155 0.4911448359489441 
vn -0.14836905896663666 -0.8583492040634155 0.4911448359489441 
vn -0.14836905896663666 -0.8583492040634155 0.4911448359489441 
vn -0.14836905896663666 -0.8583492040634155 0.4911448359489441 
vn -0.24018307030200958 -0.8587436079978943 0.45262736082077026 
vn -0.24018307030200958 -0.8587436079978943 0.45262736082077026 
vn -0.24018307030200958 -0.8587436079978943 0.45262736082077026 
vn -0.24018307030200958 -0.8587436079978943 0.45262736082077026 
vn -0.3248789310455322 -0.8582724928855896 0.3972681760787964 
vn -0.3248789310455322 -0.8582724928855896 0.3972681760787964 
vn -0.3248789310455322 -0.8582724928855896 0.3972681760787964 
vn -0.3248789310455322 -0.8582724928855896 0.3972681760787964 
vn -0.3948856294155121 -0.8597263693809509 0.3239381015300751 
vn -0.3948856294155121 -0.8597263693809509 0.3239381015300751 
vn -0.3948856294155121 -0.8597263693809509 0.3239381015300751 
vn -0.3948856294155121 -0.8597263693809509 0.3239381015300751 
vn -0.45009690523147583 -0.8600870370864868 0.2401314377784729 
vn -0.45009690523147583 -0.8600870370864868 0.2401314377784729 
vn -0.45009690523147583 -0.8600870370864868 0.2401314377784729 
vn -0.45009690523147583 -0.8600870370864868 0.2401314377784729 
vn -0.49214932322502136 -0.857459545135498 0.15017375349998474 
vn -0.49214932322502136 -0.857459545135498 0.15017375349998474 
vn -0.49214932322502136 -0.857459545135498 0.15017375349998474 
vn -0.49214932322502136 -0.857459545135498 0.15017375349998474 
vn -0.5123907923698425 -0.857282280921936 0.05022686347365379 
vn -0.5123907923698425 -0.857282280921936 0.05022686347365379 
vn -0.5123907923698425 -0.857282280921936 0.05022686347365379 
vn -0.5123907923698425 -0.857282280921936 0.05022686347365379 
vn -0.5123907923698425 -0.857282280921936 -0.05022686347365379 
vn -0.5123907923698425 -0.857282280921936 -0.05022686347365379 
vn -0.5123907923698425 -0.857282280921936 -0.05022686347365379 
vn -0.5123907923698425 -0.857282280921936 -0.05022686347365379 
vn -0.49214932322502136 -0.857459545135498 -0.15017375349998474 
vn -0.49214932322502136 -0.857459545135498 -0.15017375349998474 
vn -0.49214932322502136 -0.857459545135498 -0.15017375349998474 
vn -0.49214932322502136 -0.857459545135498 -0.15017375349998474 
vn -0.45009690523147583 -0.8600870370864868 -0.2401314377784729 
vn -0.45009690523147583 -0.8600870370864868 -0.2401314377784729 
vn -0.45009690523147583 -0.8600870370864868 -0.2401314377784729 
vn -0.45009690523147583 -0.8600870370864868 -0.2401314377784729 
vn -0.39707067608833313 -0.8587194085121155 -0.3239381015300751 
vn -0.39707067608833313 -0.8587194085121155 -0.3239381015300751 
vn -0.39707067608833313 -0.8587194085121155 -0.3239381015300751 
vn -0.39707067608833313 -0.8587194085121155 -0.3239381015300751 
vn -0.3270518481731415 -0.8574468493461609 -0.3972681760787964 
vn -0.3270518481731415 -0.8574468493461609 -0.3972681760787964 
vn -0.3270518481731415 -0.8574468493461609 -0.3972681760787964 
vn -0.3270518481731415 -0.8574468493461609 -0.3972681760787964 
vn -0.24231590330600739 -0.858144223690033 -0.45262736082077026 
vn -0.24231590330600739 -0.858144223690033 -0.45262736082077026 
vn -0.24231590330600739 -0.858144223690033 -0.45262736082077026 
vn -0.24231590330600739 -0.858144223690033 -0.45262736082077026 
vn -0.14836905896663666 -0.8583492040634155 -0.4911448359489441 
vn -0.14836905896663666 -0.8583492040634155 -0.4911448359489441 
vn -0.14836905896663666 -0.8583492040634155 -0.4911448359489441 
vn -0.14836905896663666 -0.8583492040634155 -0.4911448359489441 
vn -0.047217726707458496 -0.8588439226150513 -0.5100564956665039 
vn -0.047217726707458496 -0.8588439226150513 -0.5100564956665039 
vn -0.047217726707458496 -0.8588439226150513 -0.5100564956665039 
vn -0.047217726707458496 -0.8588439226150513 -0.5100564956665039 
vn 0.05099087953567505 -0.8586281538009644 -0.5100564956665039 
vn 0.05099087953567505 -0.8586281538009644 -0.5100564956665039 
vn 0.05099087953567505 -0.8586281538009644 -0.5100564956665039 
vn 0.05099087953567505 -0.8586281538009644 -0.5100564956665039 
vn 0.15208707749843597 -0.8576982617378235 -0.4911448359489441 
vn 0.15208707749843597 -0.8576982617378235 -0.4911448359489441 
vn 0.15208707749843597 -0.8576982617378235 -0.4911448359489441 
vn 0.15208707749843597 -0.8576982617378235 -0.4911448359489441 
vn 0.24231590330600739 -0.858144223690033 -0.45262736082077026 
vn 0.24231590330600739 -0.858144223690033 -0.45262736082077026 
vn 0.24231590330600739 -0.858144223690033 -0.45262736082077026 
vn 0.24231590330600739 -0.858144223690033 -0.45262736082077026 
vn 0.3235186040401459 -0.8587861657142639 -0.3972681760787964 
vn 0.3235186040401459 -0.8587861657142639 -0.3972681760787964 
vn 0.3235186040401459 -0.8587861657142639 -0.3972681760787964 
vn 0.3235186040401459 -0.8587861657142639 -0.3972681760787964 
vn 0.39363962411880493 -0.8602976202964783 -0.3239381015300751 
vn 0.39363962411880493 -0.8602976202964783 -0.3239381015300751 
vn 0.39363962411880493 -0.8602976202964783 -0.3239381015300751 
vn 0.39363962411880493 -0.8602976202964783 -0.3239381015300751 
vn 0.45009690523147583 -0.8600870370864868 -0.2401314377784729 
vn 0.45009690523147583 -0.8600870370864868 -0.2401314377784729 
vn 0.45009690523147583 -0.8600870370864868 -0.2401314377784729 
vn 0.45009690523147583 -0.8600870370864868 -0.2401314377784729 
vn 0.48887261748313904 -0.8593319654464722 -0.15017375349998474 
vn 0.48887261748313904 -0.8593319654464722 -0.15017375349998474 
vn 0.48887261748313904 -0.8593319654464722 -0.15017375349998474 
vn 0.48887261748313904 -0.8593319654464722 -0.15017375349998474 
vn 0.5091462135314941 -0.8592132329940796 -0.05022686347365379 
vn 0.5091462135314941 -0.8592132329940796 -0.05022686347365379 
vn 0.5091462135314941 -0.8592132329940796 -0.05022686347365379 
vn 0.5091462135314941 -0.8592132329940796 -0.05022686347365379 
vn 0.5091462135314941 -0.8592132329940796 0.05022686347365379 
vn 0.5091462135314941 -0.8592132329940796 0.05022686347365379 
vn 0.5091462135314941 -0.8592132329940796 0.05022686347365379 
vn 0.5091462135314941 -0.8592132329940796 0.05022686347365379 
vn 0.48887261748313904 -0.8593319654464722 0.15017375349998474 
vn 0.48887261748313904 -0.8593319654464722 0.15017375349998474 
vn 0.48887261748313904 -0.8593319654464722 0.15017375349998474 
vn 0.48887261748313904 -0.8593319654464722 0.15017375349998474 
vn 0.45009690523147583 -0.8600870370864868 0.2401314377784729 
vn 0.45009690523147583 -0.8600870370864868 0.2401314377784729 
vn 0.45009690523147583 -0.8600870370864868 0.2401314377784729 
vn 0.45009690523147583 -0.8600870370864868 0.2401314377784729 
vn 0.3948856294155121 -0.8597263693809509 0.3239381015300751 
vn 0.3948856294155121 -0.8597263693809509 0.3239381015300751 
vn 0.3948856294155121 -0.8597263693809509 0.3239381015300751 
vn 0.3948856294155121 -0.8597263693809509 0.3239381015300751 
vn 0.3248789310455322 -0.8582724928855896 0.3972681760787964 
vn 0.3248789310455322 -0.8582724928855896 0.3972681760787964 
vn 0.3248789310455322 -0.8582724928855896 0.3972681760787964 
vn 0.3248789310455322 -0.8582724928855896 0.3972681760787964 
vn 0.24381190538406372 -0.8577203750610352 0.45262736082077026 
vn 0.24381190538406372 -0.8577203750610352 0.45262736082077026 
vn 0.24381190538406372 -0.8577203750610352 0.45262736082077026 
vn 0.24381190538406372 -0.8577203750610352 0.45262736082077026 
vn 0.15208707749843597 -0.8576982617378235 0.4911448359489441 
vn 0.15208707749843597 -0.8576982617378235 0.4911448359489441 
vn 0.15208707749843597 -0.8576982617378235 0.4911448359489441 
vn 0.15208707749843597 -0.8576982617378235 0.4911448359489441 
vn 0.05280333012342453 -0.8585186004638672 0.5100564956665039 
vn 0.05280333012342453 -0.8585186004638672 0.5100564956665039 
vn 0.05280333012342453 -0.8585186004638672 0.5100564956665039 
vn 0.05280333012342453 -0.8585186004638672 0.5100564956665039 
vn -0.05280333012342453 -0.8585186004638672 0.5100564956665039 
vn -0.05280333012342453 -0.8585186004638672 0.5100564956665039 
vn -0.05280333012342453 -0.8585186004638672 0.5100564956665039 
vn -0.05280333012342453 -0.8585186004638672 0.5100564956665039 
vn -0.14836905896663666 -0.8583492040634155 0.4911448359489441 
vn -0.14836905896663666 -0.8583492040634155 0.4911448359489441 
vn -0.14836905896663666 -0.8583492040634155 0.4911448359489441 
vn -0.14836905896663666 -0.8583492040634155 0.4911448359489441 
vn -0.24018307030200958 -0.8587436079978943 0.45262736082077026 
vn -0.24018307030200958 -0.8587436079978943 0.45262736082077026 
vn -0.24018307030200958 -0.8587436079978943 0.45262736082077026 
vn -0.24018307030200958 -0.8587436079978943 0.45262736082077026 
vn -0.3248789310455322 -0.8582724928855896 0.3972681760787964 
vn -0.3248789310455322 -0.8582724928855896 0.3972681760787964 
vn -0.3248789310455322 -0.8582724928855896 0.3972681760787964 
vn -0.3248789310455322 -0.8582724928855896 0.3972681760787964 
vn -0.3948856294155121 -0.8597263693809509 0.3239381015300751 
vn -0.3948856294155121 -0.8597263693809509 0.3239381015300751 
vn -0.3948856294155121 -0.8597263693809509 0.3239381015300751 
vn -0.3948856294155121 -0.8597263693809509 0.3239381015300751 
vn -0.45009690523147583 -0.8600870370864868 0.2401314377784729 
vn -0.45009690523147583 -0.8600870370864868 0.2401314377784729 
vn -0.45009690523147583 -0.8600870370864868 0.2401314377784729 
vn -0.45009690523147583 -0.8600870370864868 0.2401314377784729 
vn -0.49214932322502136 -0.857459545135498 0.15017375349998474 
vn -0.49214932322502136 -0.857459545135498 0.15017375349998474 
vn -0.49214932322502136 -0.857459545135498 0.15017375349998474 
vn -0.49214932322502136 -0.857459545135498 0.15017375349998474 
vn -0.5123907923698425 -0.857282280921936 0.05022686347365379 
vn -0.5123907923698425 -0.857282280921936 0.05022686347365379 
vn -0.5123907923698425 -0.857282280921936 0.05022686347365379 
vn -0.5123907923698425 -0.857282280921936 0.05022686347365379 
vn -0.5123907923698425 -0.857282280921936 -0.05022686347365379 
vn -0.5123907923698425 -0.857282280921936 -0.05022686347365379 
vn -0.5123907923698425 -0.857282280921936 -0.05022686347365379 
vn -0.5123907923698425 -0.857282280921936 -0.05022686347365379 
vn -0.49214932322502136 -0.857459545135498 -0.15017375349998474 
vn -0.49214932322502136 -0.857459545135498 -0.15017375349998474 
vn -0.49214932322502136 -0.857459545135498 -0.15017375349998474 
vn -0.49214932322502136 -0.857459545135498 -0.15017375349998474 
vn -0.45009690523147583 -0.8600870370864868 -0.2401314377784729 
vn -0.45009690523147583 -0.8600870370864868 -0.2401314377784729 
vn -0.45009690523147583 -0.8600870370864868 -0.2401314377784729 
vn -0.45009690523147583 -0.8600870370864868 -0.2401314377784729 
vn -0.39707067608833313 -0.8587194085121155 -0.3239381015300751 
vn -0.39707067608833313 -0.8587194085121155 -0.3239381015300751 
vn -0.39707067608833313 -0.8587194085121155 -0.3239381015300751 
vn -0.39707067608833313 -0.8587194085121155 -0.3239381015300751 
vn -0.3270518481731415 -0.8574468493461609 -0.3972681760787964 
vn -0.3270518481731415 -0.8574468493461609 -0.3972681760787964 
vn -0.3270518481731415 -0.8574468493461609 -0.3972681760787964 
vn -0.3270518481731415 -0.8574468493461609 -0.3972681760787964 
vn -0.24231590330600739 -0.858144223690033 -0.45262736082077026 
vn -0.24231590330600739 -0.858144223690033 -0.45262736082077026 
vn -0.24231590330600739 -0.858144223690033 -0.45262736082077026 
vn -0.24231590330600739 -0.858144223690033 -0.45262736082077026 
vn -0.14836905896663666 -0.8583492040634155 -0.4911448359489441 
vn -0.14836905896663666 -0.8583492040634155 -0.4911448359489441 
vn -0.14836905896663666 -0.8583492040634155 -0.4911448359489441 
vn -0.14836905896663666 -0.8583492040634155 -0.4911448359489441 
vn -0.047217726707458496 -0.8588439226150513 -0.5100564956665039 
vn -0.047217726707458496 -0.8588439226150513 -0.5100564956665039 
vn -0.047217726707458496 -0.8588439226150513 -0.5100564956665039 
vn -0.047217726707458496 -0.8588439226150513 -0.5100564956665039 
vn 0.05099087953567505 -0.8586281538009644 -0.5100564956665039 
vn 0.05099087953567505 -0.8586281538009644 -0.5100564956665039 
vn 0.05099087953567505 -0.8586281538009644 -0.5100564956665039 
vn 0.05099087953567505 -0.8586281538009644 -0.5100564956665039 
vn 0.15208707749843597 -0.8576982617378235 -0.4911448359489441 
vn 0.15208707749843597 -0.8576982617378235 -0.4911448359489441 
vn 0.15208707749843597 -0.8576982617378235 -0.4911448359489441 
vn 0.15208707749843597 -0.8576982617378235 -0.4911448359489441 
vn 0.24231590330600739 -0.858144223690033 -0.45262736082077026 
vn 0.24231590330600739 -0.858144223690033 -0.45262736082077026 
vn 0.24231590330600739 -0.858144223690033 -0.45262736082077026 
vn 0.24231590330600739 -0.858144223690033 -0.45262736082077026 
vn 0.3235186040401459 -0.8587861657142639 -0.3972681760787964 
vn 0.3235186040401459 -0.8587861657142639 -0.3972681760787964 
vn 0.3235186040401459 -0.8587861657142639 -0.3972681760787964 
vn 0.3235186040401459 -0.8587861657142639 -0.3972681760787964 
vn 0.39363962411880493 -0.8602976202964783 -0.3239381015300751 
vn 0.39363962411880493 -0.8602976202964783 -0.3239381015300751 
vn 0.39363962411880493 -0.8602976202964783 -0.3239381015300751 
vn 0.39363962411880493 -0.8602976202964783 -0.3239381015300751 
vn 0.45009690523147583 -0.8600870370864868 -0.2401314377784729 
vn 0.45009690523147583 -0.8600870370864868 -0.2401314377784729 
vn 0.45009690523147583 -0.8600870370864868 -0.2401314377784729 
vn 0.45009690523147583 -0.8600870370864868 -0.2401314377784729 
vn 0.48887261748313904 -0.8593319654464722 -0.15017375349998474 
vn 0.48887261748313904 -0.8593319654464722 -0.15017375349998474 
vn 0.48887261748313904 -0.8593319654464722 -0.15017375349998474 
vn 0.48887261748313904 -0.8593319654464722 -0.15017375349998474 
vn 0.5091462135314941 -0.8592132329940796 -0.05022686347365379 
vn 0.5091462135314941 -0.8592132329940796 -0.05022686347365379 
vn 0.5091462135314941 -0.8592132329940796 -0.05022686347365379 
vn 0.5091462135314941 -0.8592132329940796 -0.05022686347365379 
vn 0.5091462135314941 -0.8592132329940796 0.05022686347365379 
vn 0.5091462135314941 -0.8592132329940796 0.05022686347365379 
vn 0.5091462135314941 -0.8592132329940796 0.05022686347365379 
vn 0.5091462135314941 -0.8592132329940796 0.05022686347365379 
vn 0.48887261748313904 -0.8593319654464722 0.15017375349998474 
vn 0.48887261748313904 -0.8593319654464722 0.15017375349998474 
vn 0.48887261748313904 -0.8593319654464722 0.15017375349998474 
vn 0.48887261748313904 -0.8593319654464722 0.15017375349998474 
vn 0.45009690523147583 -0.8600870370864868 0.2401314377784729 
vn 0.45009690523147583 -0.8600870370864868 0.2401314377784729 
vn 0.45009690523147583 -0.8600870370864868 0.2401314377784729 
vn 0.45009690523147583 -0.8600870370864868 0.2401314377784729 
vn 0.3948856294155121 -0.8597263693809509 0.3239381015300751 
vn 0.3948856294155121 -0.8597263693809509 0.3239381015300751 
vn 0.3948856294155121 -0.8597263693809509 0.3239381015300751 
vn 0.3948856294155121 -0.8597263693809509 0.3239381015300751 
vn 0.3248789310455322 -0.8582724928855896 0.3972681760787964 
vn 0.3248789310455322 -0.8582724928855896 0.3972681760787964 
vn 0.3248789310455322 -0.8582724928855896 0.3972681760787964 
vn 0.3248789310455322 -0.8582724928855896 0.3972681760787964 
vn 0.24381190538406372 -0.8577203750610352 0.45262736082077026 
vn 0.24381190538406372 -0.8577203750610352 0.45262736082077026 
vn 0.24381190538406372 -0.8577203750610352 0.45262736082077026 
vn 0.24381190538406372 -0.8577203750610352 0.45262736082077026 
vn 0.15208707749843597 -0.8576982617378235 0.4911448359489441 
vn 0.15208707749843597 -0.8576982617378235 0.4911448359489441 
vn 0.15208707749843597 -0.8576982617378235 0.4911448359489441 
vn 0.15208707749843597 -0.8576982617378235 0.4911448359489441 
vn 0.05280333012342453 -0.8585186004638672 0.5100564956665039 
vn 0.05280333012342453 -0.8585186004638672 0.5100564956665039 
vn 0.05280333012342453 -0.8585186004638672 0.5100564956665039 
vn 0.05280333012342453 -0.8585186004638672 0.5100564956665039 
vn -0.05280333012342453 -0.8585186004638672 0.5100564956665039 
vn -0.05280333012342453 -0.8585186004638672 0.5100564956665039 
vn -0.05280333012342453 -0.8585186004638672 0.5100564956665039 
vn -0.05280333012342453 -0.8585186004638672 0.5100564956665039 
vn -0.14836905896663666 -0.8583492040634155 0.4911448359489441 
vn -0.14836905896663666 -0.8583492040634155 0.4911448359489441 
vn -0.14836905896663666 -0.8583492040634155 0.4911448359489441 
vn -0.14836905896663666 -0.8583492040634155 0.4911448359489441 
vn -0.24018307030200958 -0.8587436079978943 0.45262736082077026 
vn -0.24018307030200958 -0.8587436079978943 0.45262736082077026 
vn -0.24018307030200958 -0.8587436079978943 0.45262736082077026 
vn -0.24018307030200958 -0.8587436079978943 0.45262736082077026 
vn -0.3248789310455322 -0.8582724928855896 0.3972681760787964 
vn -0.3248789310455322 -0.8582724928855896 0.3972681760787964 
vn -0.3248789310455322 -0.8582724928855896 0.3972681760787964 
vn -0.3248789310455322 -0.8582724928855896 0.3972681760787964 
vn -0.3948856294155121 -0.8597263693809509 0.3239381015300751 
vn -0.3948856294155121 -0.8597263693809509 0.3239381015300751 
vn -0.3948856294155121 -0.8597263693809509 0.3239381015300751 
vn -0.3948856294155121 -0.8597263693809509 0.3239381015300751 
vn -0.45009690523147583 -0.8600870370864868 0.2401314377784729 
vn -0.45009690523147583 -0.8600870370864868 0.2401314377784729 
vn -0.45009690523147583 -0.8600870370864868 0.2401314377784729 
vn -0.45009690523147583 -0.8600870370864868 0.2401314377784729 
vn -0.49214932322502136 -0.857459545135498 0.15017375349998474 
vn -0.49214932322502136 -0.857459545135498 0.15017375349998474 
vn -0.49214932322502136 -0.857459545135498 0.15017375349998474 
vn -0.49214932322502136 -0.857459545135498 0.15017375349998474 
vn -0.5123907923698425 -0.857282280921936 0.05022686347365379 
vn -0.5123907923698425 -0.857282280921936 0.05022686347365379 
vn -0.5123907923698425 -0.857282280921936 0.05022686347365379 
vn -0.5123907923698425 -0.857282280921936 0.05022686347365379 
vn -0.5123907923698425 -0.857282280921936 -0.05022686347365379 
vn -0.5123907923698425 -0.857282280921936 -0.05022686347365379 
vn -0.5123907923698425 -0.857282280921936 -0.05022686347365379 
vn -0.5123907923698425 -0.857282280921936 -0.05022686347365379 
vn -0.49214932322502136 -0.857459545135498 -0.15017375349998474 
vn -0.49214932322502136 -0.857459545135498 -0.15017375349998474 
vn -0.49214932322502136 -0.857459545135498 -0.15017375349998474 
vn -0.49214932322502136 -0.857459545135498 -0.15017375349998474 
vn -0.45009690523147583 -0.8600870370864868 -0.2401314377784729 
vn -0.45009690523147583 -0.8600870370864868 -0.2401314377784729 
vn -0.45009690523147583 -0.8600870370864868 -0.2401314377784729 
vn -0.45009690523147583 -0.8600870370864868 -0.2401314377784729 
vn -0.39707067608833313 -0.8587194085121155 -0.3239381015300751 
vn -0.39707067608833313 -0.8587194085121155 -0.3239381015300751 
vn -0.39707067608833313 -0.8587194085121155 -0.3239381015300751 
vn -0.39707067608833313 -0.8587194085121155 -0.3239381015300751 
vn -0.3270518481731415 -0.8574468493461609 -0.3972681760787964 
vn -0.3270518481731415 -0.8574468493461609 -0.3972681760787964 
vn -0.3270518481731415 -0.8574468493461609 -0.3972681760787964 
vn -0.3270518481731415 -0.8574468493461609 -0.3972681760787964 
vn -0.24231590330600739 -0.858144223690033 -0.45262736082077026 
vn -0.24231590330600739 -0.858144223690033 -0.45262736082077026 
vn -0.24231590330600739 -0.858144223690033 -0.45262736082077026 
vn -0.24231590330600739 -0.858144223690033 -0.45262736082077026 
vn -0.14836905896663666 -0.8583492040634155 -0.4911448359489441 
vn -0.14836905896663666 -0.8583492040634155 -0.4911448359489441 
vn -0.14836905896663666 -0.8583492040634155 -0.4911448359489441 
vn -0.14836905896663666 -0.8583492040634155 -0.4911448359489441 
vn -0.047217726707458496 -0.8588439226150513 -0.5100564956665039 
vn -0.047217726707458496 -0.8588439226150513 -0.5100564956665039 
vn -0.047217726707458496 -0.8588439226150513 -0.5100564956665039 
vn -0.047217726707458496 -0.8588439226150513 -0.5100564956665039 
vn 0.04344366490840912 -0.8590430617332458 -0.5100564956665039 
vn 0.04344366490840912 -0.8590430617332458 -0.5100564956665039 
vn 0.04344366490840912 -0.8590430617332458 -0.5100564956665039 
vn 0.04344366490840912 -0.8590430617332458 -0.5100564956665039 
vn 0.15208707749843597 -0.8576982617378235 -0.4911448359489441 
vn 0.15208707749843597 -0.8576982617378235 -0.4911448359489441 
vn 0.15208707749843597 -0.8576982617378235 -0.4911448359489441 
vn 0.15208707749843597 -0.8576982617378235 -0.4911448359489441 
vn 0.24231590330600739 -0.858144223690033 -0.45262736082077026 
vn 0.24231590330600739 -0.858144223690033 -0.45262736082077026 
vn 0.24231590330600739 -0.858144223690033 -0.45262736082077026 
vn 0.24231590330600739 -0.858144223690033 -0.45262736082077026 
vn 0.3235186040401459 -0.8587861657142639 -0.3972681760787964 
vn 0.3235186040401459 -0.8587861657142639 -0.3972681760787964 
vn 0.3235186040401459 -0.8587861657142639 -0.3972681760787964 
vn 0.3235186040401459 -0.8587861657142639 -0.3972681760787964 
vn 0.39363962411880493 -0.8602976202964783 -0.3239381015300751 
vn 0.39363962411880493 -0.8602976202964783 -0.3239381015300751 
vn 0.39363962411880493 -0.8602976202964783 -0.3239381015300751 
vn 0.39363962411880493 -0.8602976202964783 -0.3239381015300751 
vn 0.45009690523147583 -0.8600870370864868 -0.2401314377784729 
vn 0.45009690523147583 -0.8600870370864868 -0.2401314377784729 
vn 0.45009690523147583 -0.8600870370864868 -0.2401314377784729 
vn 0.45009690523147583 -0.8600870370864868 -0.2401314377784729 
vn 0.48887261748313904 -0.8593319654464722 -0.15017375349998474 
vn 0.48887261748313904 -0.8593319654464722 -0.15017375349998474 
vn 0.48887261748313904 -0.8593319654464722 -0.15017375349998474 
vn 0.48887261748313904 -0.8593319654464722 -0.15017375349998474 
vn 0.5091462135314941 -0.8592132329940796 -0.05022686347365379 
vn 0.5091462135314941 -0.8592132329940796 -0.05022686347365379 
vn 0.5091462135314941 -0.8592132329940796 -0.05022686347365379 
vn 0.5091462135314941 -0.8592132329940796 -0.05022686347365379 
vn 0.5091462135314941 -0.8592132329940796 0.05022686347365379 
vn 0.5091462135314941 -0.8592132329940796 0.05022686347365379 
vn 0.5091462135314941 -0.8592132329940796 0.05022686347365379 
vn 0.5091462135314941 -0.8592132329940796 0.05022686347365379 
vn 0.48887261748313904 -0.8593319654464722 0.15017375349998474 
vn 0.48887261748313904 -0.8593319654464722 0.15017375349998474 
vn 0.48887261748313904 -0.8593319654464722 0.15017375349998474 
vn 0.48887261748313904 -0.8593319654464722 0.15017375349998474 
vn 0.45009690523147583 -0.8600870370864868 0.2401314377784729 
vn 0.45009690523147583 -0.8600870370864868 0.2401314377784729 
vn 0.45009690523147583 -0.8600870370864868 0.2401314377784729 
vn 0.45009690523147583 -0.8600870370864868 0.2401314377784729 
vn 0.3948856294155121 -0.8597263693809509 0.3239381015300751 
vn 0.3948856294155121 -0.8597263693809509 0.3239381015300751 
vn 0.3948856294155121 -0.8597263693809509 0.3239381015300751 
vn 0.3948856294155121 -0.8597263693809509 0.3239381015300751 
vn 0.3248789310455322 -0.8582724928855896 0.3972681760787964 
vn 0.3248789310455322 -0.8582724928855896 0.3972681760787964 
vn 0.3248789310455322 -0.8582724928855896 0.3972681760787964 
vn 0.3248789310455322 -0.8582724928855896 0.3972681760787964 
vn 0.24381190538406372 -0.8577203750610352 0.45262736082077026 
vn 0.24381190538406372 -0.8577203750610352 0.45262736082077026 
vn 0.24381190538406372 -0.8577203750610352 0.45262736082077026 
vn 0.24381190538406372 -0.8577203750610352 0.45262736082077026 
vn 0.15208707749843597 -0.8576982617378235 0.4911448359489441 
vn 0.15208707749843597 -0.8576982617378235 0.4911448359489441 
vn 0.15208707749843597 -0.8576982617378235 0.4911448359489441 
vn 0.15208707749843597 -0.8576982617378235 0.4911448359489441 
vn 0.04526755213737488 -0.8589488863945007 0.5100564956665039 
vn 0.04526755213737488 -0.8589488863945007 0.5100564956665039 
vn 0.04526755213737488 -0.8589488863945007 0.5100564956665039 
vn 0.04526755213737488 -0.8589488863945007 0.5100564956665039 
vn 0.04344366490840912 -0.8590430617332458 -0.5100564956665039 
vn 0.04344366490840912 -0.8590430617332458 -0.5100564956665039 
vn 0.04344366490840912 -0.8590430617332458 -0.5100564956665039 
vn 0.04344366490840912 -0.8590430617332458 -0.5100564956665039 
vn 0.15208707749843597 -0.8576982617378235 -0.4911448359489441 
vn 0.15208707749843597 -0.8576982617378235 -0.4911448359489441 
vn 0.15208707749843597 -0.8576982617378235 -0.4911448359489441 
vn 0.15208707749843597 -0.8576982617378235 -0.4911448359489441 
vn 0.24231590330600739 -0.858144223690033 -0.45262736082077026 
vn 0.24231590330600739 -0.858144223690033 -0.45262736082077026 
vn 0.24231590330600739 -0.858144223690033 -0.45262736082077026 
vn 0.24231590330600739 -0.858144223690033 -0.45262736082077026 
vn 0.3235186040401459 -0.8587861657142639 -0.3972681760787964 
vn 0.3235186040401459 -0.8587861657142639 -0.3972681760787964 
vn 0.3235186040401459 -0.8587861657142639 -0.3972681760787964 
vn 0.3235186040401459 -0.8587861657142639 -0.3972681760787964 
vn 0.39363962411880493 -0.8602976202964783 -0.3239381015300751 
vn 0.39363962411880493 -0.8602976202964783 -0.3239381015300751 
vn 0.39363962411880493 -0.8602976202964783 -0.3239381015300751 
vn 0.39363962411880493 -0.8602976202964783 -0.3239381015300751 
vn 0.45009690523147583 -0.8600870370864868 -0.2401314377784729 
vn 0.45009690523147583 -0.8600870370864868 -0.2401314377784729 
vn 0.45009690523147583 -0.8600870370864868 -0.2401314377784729 
vn 0.45009690523147583 -0.8600870370864868 -0.2401314377784729 
vn 0.48887261748313904 -0.8593319654464722 -0.15017375349998474 
vn 0.48887261748313904 -0.8593319654464722 -0.15017375349998474 
vn 0.48887261748313904 -0.8593319654464722 -0.15017375349998474 
vn 0.48887261748313904 -0.8593319654464722 -0.15017375349998474 
vn 0.5091462135314941 -0.8592132329940796 -0.05022686347365379 
vn 0.5091462135314941 -0.8592132329940796 -0.05022686347365379 
vn 0.5091462135314941 -0.8592132329940796 -0.05022686347365379 
vn 0.5091462135314941 -0.8592132329940796 -0.05022686347365379 
vn 0.5091462135314941 -0.8592132329940796 0.05022686347365379 
vn 0.5091462135314941 -0.8592132329940796 0.05022686347365379 
vn 0.5091462135314941 -0.8592132329940796 0.05022686347365379 
vn 0.5091462135314941 -0.8592132329940796 0.05022686347365379 
vn 0.48887261748313904 -0.8593319654464722 0.15017375349998474 
vn 0.48887261748313904 -0.8593319654464722 0.15017375349998474 
vn 0.48887261748313904 -0.8593319654464722 0.15017375349998474 
vn 0.48887261748313904 -0.8593319654464722 0.15017375349998474 
vn 0.45009690523147583 -0.8600870370864868 0.2401314377784729 
vn 0.45009690523147583 -0.8600870370864868 0.2401314377784729 
vn 0.45009690523147583 -0.8600870370864868 0.2401314377784729 
vn 0.45009690523147583 -0.8600870370864868 0.2401314377784729 
vn 0.3948856294155121 -0.8597263693809509 0.3239381015300751 
vn 0.3948856294155121 -0.8597263693809509 0.3239381015300751 
vn 0.3948856294155121 -0.8597263693809509 0.3239381015300751 
vn 0.3948856294155121 -0.8597263693809509 0.3239381015300751 
vn 0.3248789310455322 -0.8582724928855896 0.3972681760787964 
vn 0.3248789310455322 -0.8582724928855896 0.3972681760787964 
vn 0.3248789310455322 -0.8582724928855896 0.3972681760787964 
vn 0.3248789310455322 -0.8582724928855896 0.3972681760787964 
vn 0.24381190538406372 -0.8577203750610352 0.45262736082077026 
vn 0.24381190538406372 -0.8577203750610352 0.45262736082077026 
vn 0.24381190538406372 -0.8577203750610352 0.45262736082077026 
vn 0.24381190538406372 -0.8577203750610352 0.45262736082077026 
vn 0.15208707749843597 -0.8576982617378235 0.4911448359489441 
vn 0.15208707749843597 -0.8576982617378235 0.4911448359489441 
vn 0.15208707749843597 -0.8576982617378235 0.4911448359489441 
vn 0.15208707749843597 -0.8576982617378235 0.4911448359489441 
vn 0.04526755213737488 -0.8589488863945007 0.5100564956665039 
vn 0.04526755213737488 -0.8589488863945007 0.5100564956665039 
vn 0.04526755213737488 -0.8589488863945007 0.5100564956665039 
vn 0.04526755213737488 -0.8589488863945007 0.5100564956665039 
vn 0.04344366490840912 -0.8590430617332458 -0.5100564956665039 
vn 0.04344366490840912 -0.8590430617332458 -0.5100564956665039 
vn 0.04344366490840912 -0.8590430617332458 -0.5100564956665039 
vn 0.04344366490840912 -0.8590430617332458 -0.5100564956665039 
vn 0.15208707749843597 -0.8576982617378235 -0.4911448359489441 
vn 0.15208707749843597 -0.8576982617378235 -0.4911448359489441 
vn 0.15208707749843597 -0.8576982617378235 -0.4911448359489441 
vn 0.15208707749843597 -0.8576982617378235 -0.4911448359489441 
vn 0.24231590330600739 -0.858144223690033 -0.45262736082077026 
vn 0.24231590330600739 -0.858144223690033 -0.45262736082077026 
vn 0.24231590330600739 -0.858144223690033 -0.45262736082077026 
vn 0.24231590330600739 -0.858144223690033 -0.45262736082077026 
vn 0.3235186040401459 -0.8587861657142639 -0.3972681760787964 
vn 0.3235186040401459 -0.8587861657142639 -0.3972681760787964 
vn 0.3235186040401459 -0.8587861657142639 -0.3972681760787964 
vn 0.3235186040401459 -0.8587861657142639 -0.3972681760787964 
vn 0.39363962411880493 -0.8602976202964783 -0.3239381015300751 
vn 0.39363962411880493 -0.8602976202964783 -0.3239381015300751 
vn 0.39363962411880493 -0.8602976202964783 -0.3239381015300751 
vn 0.39363962411880493 -0.8602976202964783 -0.3239381015300751 
vn 0.45009690523147583 -0.8600870370864868 -0.2401314377784729 
vn 0.45009690523147583 -0.8600870370864868 -0.2401314377784729 
vn 0.45009690523147583 -0.8600870370864868 -0.2401314377784729 
vn 0.45009690523147583 -0.8600870370864868 -0.2401314377784729 
vn 0.48887261748313904 -0.8593319654464722 -0.15017375349998474 
vn 0.48887261748313904 -0.8593319654464722 -0.15017375349998474 
vn 0.48887261748313904 -0.8593319654464722 -0.15017375349998474 
vn 0.48887261748313904 -0.8593319654464722 -0.15017375349998474 
vn 0.5091462135314941 -0.8592132329940796 -0.05022686347365379 
vn 0.5091462135314941 -0.8592132329940796 -0.05022686347365379 
vn 0.5091462135314941 -0.8592132329940796 -0.05022686347365379 
vn 0.5091462135314941 -0.8592132329940796 -0.05022686347365379 
vn 0.5091462135314941 -0.8592132329940796 0.05022686347365379 
vn 0.5091462135314941 -0.8592132329940796 0.05022686347365379 
vn 0.5091462135314941 -0.8592132329940796 0.05022686347365379 
vn 0.5091462135314941 -0.8592132329940796 0.05022686347365379 
vn 0.48887261748313904 -0.8593319654464722 0.15017375349998474 
vn 0.48887261748313904 -0.8593319654464722 0.15017375349998474 
vn 0.48887261748313904 -0.8593319654464722 0.15017375349998474 
vn 0.48887261748313904 -0.8593319654464722 0.15017375349998474 
vn 0.45009690523147583 -0.8600870370864868 0.2401314377784729 
vn 0.45009690523147583 -0.8600870370864868 0.2401314377784729 
vn 0.45009690523147583 -0.8600870370864868 0.2401314377784729 
vn 0.45009690523147583 -0.8600870370864868 0.2401314377784729 
vn 0.3948856294155121 -0.8597263693809509 0.3239381015300751 
vn 0.3948856294155121 -0.8597263693809509 0.3239381015300751 
vn 0.3948856294155121 -0.8597263693809509 0.3239381015300751 
vn 0.3948856294155121 -0.8597263693809509 0.3239381015300751 
vn 0.3248789310455322 -0.8582724928855896 0.3972681760787964 
vn 0.3248789310455322 -0.8582724928855896 0.3972681760787964 
vn 0.3248789310455322 -0.8582724928855896 0.3972681760787964 
vn 0.3248789310455322 -0.8582724928855896 0.3972681760787964 
vn 0.24381190538406372 -0.8577203750610352 0.45262736082077026 
vn 0.24381190538406372 -0.8577203750610352 0.45262736082077026 
vn 0.24381190538406372 -0.8577203750610352 0.45262736082077026 
vn 0.24381190538406372 -0.8577203750610352 0.45262736082077026 
vn 0.15208707749843597 -0.8576982617378235 0.4911448359489441 
vn 0.15208707749843597 -0.8576982617378235 0.4911448359489441 
vn 0.15208707749843597 -0.8576982617378235 0.4911448359489441 
vn 0.15208707749843597 -0.8576982617378235 0.4911448359489441 
vn 0.04526755213737488 -0.8589488863945007 0.5100564956665039 
vn 0.04526755213737488 -0.8589488863945007 0.5100564956665039 
vn 0.04526755213737488 -0.8589488863945007 0.5100564956665039 
vn 0.04526755213737488 -0.8589488863945007 0.5100564956665039 
vn 0.04344366490840912 -0.8590430617332458 -0.5100564956665039 
vn 0.04344366490840912 -0.8590430617332458 -0.5100564956665039 
vn 0.04344366490840912 -0.8590430617332458 -0.5100564956665039 
vn 0.04344366490840912 -0.8590430617332458 -0.5100564956665039 
vn 0.15208707749843597 -0.8576982617378235 -0.4911448359489441 
vn 0.15208707749843597 -0.8576982617378235 -0.4911448359489441 
vn 0.15208707749843597 -0.8576982617378235 -0.4911448359489441 
vn 0.15208707749843597 -0.8576982617378235 -0.4911448359489441 
vn 0.24231590330600739 -0.858144223690033 -0.45262736082077026 
vn 0.24231590330600739 -0.858144223690033 -0.45262736082077026 
vn 0.24231590330600739 -0.858144223690033 -0.45262736082077026 
vn 0.24231590330600739 -0.858144223690033 -0.45262736082077026 
vn 0.3235186040401459 -0.8587861657142639 -0.3972681760787964 
vn 0.3235186040401459 -0.8587861657142639 -0.3972681760787964 
vn 0.3235186040401459 -0.8587861657142639 -0.3972681760787964 
vn 0.3235186040401459 -0.8587861657142639 -0.3972681760787964 
vn 0.39363962411880493 -0.8602976202964783 -0.3239381015300751 
vn 0.39363962411880493 -0.8602976202964783 -0.3239381015300751 
vn 0.39363962411880493 -0.8602976202964783 -0.3239381015300751 
vn 0.39363962411880493 -0.8602976202964783 -0.3239381015300751 
vn 0.45009690523147583 -0.8600870370864868 -0.2401314377784729 
vn 0.45009690523147583 -0.8600870370864868 -0.2401314377784729 
vn 0.45009690523147583 -0.8600870370864868 -0.2401314377784729 
vn 0.45009690523147583 -0.8600870370864868 -0.2401314377784729 
vn 0.48887261748313904 -0.8593319654464722 -0.15017375349998474 
vn 0.48887261748313904 -0.8593319654464722 -0.15017375349998474 
vn 0.48887261748313904 -0.8593319654464722 -0.15017375349998474 
vn 0.48887261748313904 -0.8593319654464722 -0.15017375349998474 
vn 0.5091462135314941 -0.8592132329940796 -0.05022686347365379 
vn 0.5091462135314941 -0.8592132329940796 -0.05022686347365379 
vn 0.5091462135314941 -0.8592132329940796 -0.05022686347365379 
vn 0.5091462135314941 -0.8592132329940796 -0.05022686347365379 
vn 0.5091462135314941 -0.8592132329940796 0.05022686347365379 
vn 0.5091462135314941 -0.8592132329940796 0.05022686347365379 
vn 0.5091462135314941 -0.8592132329940796 0.05022686347365379 
vn 0.5091462135314941 -0.8592132329940796 0.05022686347365379 
vn 0.48887261748313904 -0.8593319654464722 0.15017375349998474 
vn 0.48887261748313904 -0.8593319654464722 0.15017375349998474 
vn 0.48887261748313904 -0.8593319654464722 0.15017375349998474 
vn 0.48887261748313904 -0.8593319654464722 0.15017375349998474 
vn 0.45009690523147583 -0.8600870370864868 0.2401314377784729 
vn 0.45009690523147583 -0.8600870370864868 0.2401314377784729 
vn 0.45009690523147583 -0.8600870370864868 0.2401314377784729 
vn 0.45009690523147583 -0.8600870370864868 0.2401314377784729 
vn 0.3948856294155121 -0.8597263693809509 0.3239381015300751 
vn 0.3948856294155121 -0.8597263693809509 0.3239381015300751 
vn 0.3948856294155121 -0.8597263693809509 0.3239381015300751 
vn 0.3948856294155121 -0.8597263693809509 0.3239381015300751 
vn 0.3248789310455322 -0.8582724928855896 0.3972681760787964 
vn 0.3248789310455322 -0.8582724928855896 0.3972681760787964 
vn 0.3248789310455322 -0.8582724928855896 0.3972681760787964 
vn 0.3248789310455322 -0.8582724928855896 0.3972681760787964 
vn 0.24381190538406372 -0.8577203750610352 0.45262736082077026 
vn 0.24381190538406372 -0.8577203750610352 0.45262736082077026 
vn 0.24381190538406372 -0.8577203750610352 0.45262736082077026 
vn 0.24381190538406372 -0.8577203750610352 0.45262736082077026 
vn 0.15208707749843597 -0.8576982617378235 0.4911448359489441 
vn 0.15208707749843597 -0.8576982617378235 0.4911448359489441 
vn 0.15208707749843597 -0.8576982617378235 0.4911448359489441 
vn 0.15208707749843597 -0.8576982617378235 0.4911448359489441 
vn 0.04526755213737488 -0.8589488863945007 0.5100564956665039 
vn 0.04526755213737488 -0.8589488863945007 0.5100564956665039 
vn 0.04526755213737488 -0.8589488863945007 0.5100564956665039 
vn 0.04526755213737488 -0.8589488863945007 0.5100564956665039 
vn 0.04344366490840912 -0.8590430617332458 -0.5100564956665039 
vn 0.04344366490840912 -0.8590430617332458 -0.5100564956665039 
vn 0.04344366490840912 -0.8590430617332458 -0.5100564956665039 
vn 0.04344366490840912 -0.8590430617332458 -0.5100564956665039 
vn 0.15208707749843597 -0.8576982617378235 -0.4911448359489441 
vn 0.15208707749843597 -0.8576982617378235 -0.4911448359489441 
vn 0.15208707749843597 -0.8576982617378235 -0.4911448359489441 
vn 0.15208707749843597 -0.8576982617378235 -0.4911448359489441 
vn 0.24231590330600739 -0.858144223690033 -0.45262736082077026 
vn 0.24231590330600739 -0.858144223690033 -0.45262736082077026 
vn 0.24231590330600739 -0.858144223690033 -0.45262736082077026 
vn 0.24231590330600739 -0.858144223690033 -0.45262736082077026 
vn 0.3235186040401459 -0.8587861657142639 -0.3972681760787964 
vn 0.3235186040401459 -0.8587861657142639 -0.3972681760787964 
vn 0.3235186040401459 -0.8587861657142639 -0.3972681760787964 
vn 0.3235186040401459 -0.8587861657142639 -0.3972681760787964 
vn 0.39363962411880493 -0.8602976202964783 -0.3239381015300751 
vn 0.39363962411880493 -0.8602976202964783 -0.3239381015300751 
vn 0.39363962411880493 -0.8602976202964783 -0.3239381015300751 
vn 0.39363962411880493 -0.8602976202964783 -0.3239381015300751 
vn 0.45009690523147583 -0.8600870370864868 -0.2401314377784729 
vn 0.45009690523147583 -0.8600870370864868 -0.2401314377784729 
vn 0.45009690523147583 -0.8600870370864868 -0.2401314377784729 
vn 0.45009690523147583 -0.8600870370864868 -0.2401314377784729 
vn 0.48887261748313904 -0.8593319654464722 -0.15017375349998474 
vn 0.48887261748313904 -0.8593319654464722 -0.15017375349998474 
vn 0.48887261748313904 -0.8593319654464722 -0.15017375349998474 
vn 0.48887261748313904 -0.8593319654464722 -0.15017375349998474 
vn 0.5091462135314941 -0.8592132329940796 -0.05022686347365379 
vn 0.5091462135314941 -0.8592132329940796 -0.05022686347365379 
vn 0.5091462135314941 -0.8592132329940796 -0.05022686347365379 
vn 0.5091462135314941 -0.8592132329940796 -0.05022686347365379 
vn 0.5091462135314941 -0.8592132329940796 0.05022686347365379 
vn 0.5091462135314941 -0.8592132329940796 0.05022686347365379 
vn 0.5091462135314941 -0.8592132329940796 0.05022686347365379 
vn 0.5091462135314941 -0.8592132329940796 0.05022686347365379 
vn 0.48887261748313904 -0.8593319654464722 0.15017375349998474 
vn 0.48887261748313904 -0.8593319654464722 0.15017375349998474 
vn 0.48887261748313904 -0.8593319654464722 0.15017375349998474 
vn 0.48887261748313904 -0.8593319654464722 0.15017375349998474 
vn 0.45009690523147583 -0.8600870370864868 0.2401314377784729 
vn 0.45009690523147583 -0.8600870370864868 0.2401314377784729 
vn 0.45009690523147583 -0.8600870370864868 0.2401314377784729 
vn 0.45009690523147583 -0.8600870370864868 0.2401314377784729 
vn 0.3948856294155121 -0.8597263693809509 0.3239381015300751 
vn 0.3948856294155121 -0.8597263693809509 0.3239381015300751 
vn 0.3948856294155121 -0.8597263693809509 0.3239381015300751 
vn 0.3948856294155121 -0.8597263693809509 0.3239381015300751 
vn 0.3248789310455322 -0.8582724928855896 0.3972681760787964 
vn 0.3248789310455322 -0.8582724928855896 0.3972681760787964 
vn 0.3248789310455322 -0.8582724928855896 0.3972681760787964 
vn 0.3248789310455322 -0.8582724928855896 0.3972681760787964 
vn 0.24381190538406372 -0.8577203750610352 0.45262736082077026 
vn 0.24381190538406372 -0.8577203750610352 0.45262736082077026 
vn 0.24381190538406372 -0.8577203750610352 0.45262736082077026 
vn 0.24381190538406372 -0.8577203750610352 0.45262736082077026 
vn 0.15208707749843597 -0.8576982617378235 0.4911448359489441 
vn 0.15208707749843597 -0.8576982617378235 0.4911448359489441 
vn 0.15208707749843597 -0.8576982617378235 0.4911448359489441 
vn 0.15208707749843597 -0.8576982617378235 0.4911448359489441 
vn 0.04526755213737488 -0.8589488863945007 0.5100564956665039 
vn 0.04526755213737488 -0.8589488863945007 0.5100564956665039 
vn 0.04526755213737488 -0.8589488863945007 0.5100564956665039 
vn 0.04526755213737488 -0.8589488863945007 0.5100564956665039 
vn -0.047217726707458496 -0.8588439226150513 -0.5100564956665039 
vn -0.047217726707458496 -0.8588439226150513 -0.5100564956665039 
vn -0.047217726707458496 -0.8588439226150513 -0.5100564956665039 
vn -0.047217726707458496 -0.8588439226150513 -0.5100564956665039 
vn -0.14836905896663666 -0.8583492040634155 -0.4911448359489441 
vn -0.14836905896663666 -0.8583492040634155 -0.4911448359489441 
vn -0.14836905896663666 -0.8583492040634155 -0.4911448359489441 
vn -0.14836905896663666 -0.8583492040634155 -0.4911448359489441 
vn -0.24231590330600739 -0.858144223690033 -0.45262736082077026 
vn -0.24231590330600739 -0.858144223690033 -0.45262736082077026 
vn -0.24231590330600739 -0.858144223690033 -0.45262736082077026 
vn -0.24231590330600739 -0.858144223690033 -0.45262736082077026 
vn -0.3270518481731415 -0.8574468493461609 -0.3972681760787964 
vn -0.3270518481731415 -0.8574468493461609 -0.3972681760787964 
vn -0.3270518481731415 -0.8574468493461609 -0.3972681760787964 
vn -0.3270518481731415 -0.8574468493461609 -0.3972681760787964 
vn -0.39707067608833313 -0.8587194085121155 -0.3239381015300751 
vn -0.39707067608833313 -0.8587194085121155 -0.3239381015300751 
vn -0.39707067608833313 -0.8587194085121155 -0.3239381015300751 
vn -0.39707067608833313 -0.8587194085121155 -0.3239381015300751 
vn -0.45009690523147583 -0.8600870370864868 -0.2401314377784729 
vn -0.45009690523147583 -0.8600870370864868 -0.2401314377784729 
vn -0.45009690523147583 -0.8600870370864868 -0.2401314377784729 
vn -0.45009690523147583 -0.8600870370864868 -0.2401314377784729 
vn -0.49214932322502136 -0.857459545135498 -0.15017375349998474 
vn -0.49214932322502136 -0.857459545135498 -0.15017375349998474 
vn -0.49214932322502136 -0.857459545135498 -0.15017375349998474 
vn -0.49214932322502136 -0.857459545135498 -0.15017375349998474 
vn -0.5123907923698425 -0.857282280921936 -0.05022686347365379 
vn -0.5123907923698425 -0.857282280921936 -0.05022686347365379 
vn -0.5123907923698425 -0.857282280921936 -0.05022686347365379 
vn -0.5123907923698425 -0.857282280921936 -0.05022686347365379 
vn -0.5123907923698425 -0.857282280921936 0.05022686347365379 
vn -0.5123907923698425 -0.857282280921936 0.05022686347365379 
vn -0.5123907923698425 -0.857282280921936 0.05022686347365379 
vn -0.5123907923698425 -0.857282280921936 0.05022686347365379 
vn -0.49214932322502136 -0.857459545135498 0.15017375349998474 
vn -0.49214932322502136 -0.857459545135498 0.15017375349998474 
vn -0.49214932322502136 -0.857459545135498 0.15017375349998474 
vn -0.49214932322502136 -0.857459545135498 0.15017375349998474 
vn -0.45009690523147583 -0.8600870370864868 0.2401314377784729 
vn -0.45009690523147583 -0.8600870370864868 0.2401314377784729 
vn -0.45009690523147583 -0.8600870370864868 0.2401314377784729 
vn -0.45009690523147583 -0.8600870370864868 0.2401314377784729 
vn -0.3948856294155121 -0.8597263693809509 0.3239381015300751 
vn -0.3948856294155121 -0.8597263693809509 0.3239381015300751 
vn -0.3948856294155121 -0.8597263693809509 0.3239381015300751 
vn -0.3948856294155121 -0.8597263693809509 0.3239381015300751 
vn -0.3248789310455322 -0.8582724928855896 0.3972681760787964 
vn -0.3248789310455322 -0.8582724928855896 0.3972681760787964 
vn -0.3248789310455322 -0.8582724928855896 0.3972681760787964 
vn -0.3248789310455322 -0.8582724928855896 0.3972681760787964 
vn -0.24018307030200958 -0.8587436079978943 0.45262736082077026 
vn -0.24018307030200958 -0.8587436079978943 0.45262736082077026 
vn -0.24018307030200958 -0.8587436079978943 0.45262736082077026 
vn -0.24018307030200958 -0.8587436079978943 0.45262736082077026 
vn -0.14836905896663666 -0.8583492040634155 0.4911448359489441 
vn -0.14836905896663666 -0.8583492040634155 0.4911448359489441 
vn -0.14836905896663666 -0.8583492040634155 0.4911448359489441 
vn -0.14836905896663666 -0.8583492040634155 0.4911448359489441 
vn -0.05280333012342453 -0.8585186004638672 0.5100564956665039 
vn -0.05280333012342453 -0.8585186004638672 0.5100564956665039 
vn -0.05280333012342453 -0.8585186004638672 0.5100564956665039 
vn -0.05280333012342453 -0.8585186004638672 0.5100564956665039 
vn 0.05280333012342453 -0.8585186004638672 0.5100564956665039 
vn 0.05280333012342453 -0.8585186004638672 0.5100564956665039 
vn 0.05280333012342453 -0.8585186004638672 0.5100564956665039 
vn 0.05280333012342453 -0.8585186004638672 0.5100564956665039 
vn 0.15208707749843597 -0.8576982617378235 0.4911448359489441 
vn 0.15208707749843597 -0.8576982617378235 0.4911448359489441 
vn 0.15208707749843597 -0.8576982617378235 0.4911448359489441 
vn 0.15208707749843597 -0.8576982617378235 0.4911448359489441 
vn 0.24381190538406372 -0.8577203750610352 0.45262736082077026 
vn 0.24381190538406372 -0.8577203750610352 0.45262736082077026 
vn 0.24381190538406372 -0.8577203750610352 0.45262736082077026 
vn 0.24381190538406372 -0.8577203750610352 0.45262736082077026 
vn 0.3248789310455322 -0.8582724928855896 0.3972681760787964 
vn 0.3248789310455322 -0.8582724928855896 0.3972681760787964 
vn 0.3248789310455322 -0.8582724928855896 0.3972681760787964 
vn 0.3248789310455322 -0.8582724928855896 0.3972681760787964 
vn 0.3948856294155121 -0.8597263693809509 0.3239381015300751 
vn 0.3948856294155121 -0.8597263693809509 0.3239381015300751 
vn 0.3948856294155121 -0.8597263693809509 0.3239381015300751 
vn 0.3948856294155121 -0.8597263693809509 0.3239381015300751 
vn 0.45009690523147583 -0.8600870370864868 0.2401314377784729 
vn 0.45009690523147583 -0.8600870370864868 0.2401314377784729 
vn 0.45009690523147583 -0.8600870370864868 0.2401314377784729 
vn 0.45009690523147583 -0.8600870370864868 0.2401314377784729 
vn 0.48887261748313904 -0.8593319654464722 0.15017375349998474 
vn 0.48887261748313904 -0.8593319654464722 0.15017375349998474 
vn 0.48887261748313904 -0.8593319654464722 0.15017375349998474 
vn 0.48887261748313904 -0.8593319654464722 0.15017375349998474 
vn 0.5091462135314941 -0.8592132329940796 0.05022686347365379 
vn 0.5091462135314941 -0.8592132329940796 0.05022686347365379 
vn 0.5091462135314941 -0.8592132329940796 0.05022686347365379 
vn 0.5091462135314941 -0.8592132329940796 0.05022686347365379 
vn 0.5091462135314941 -0.8592132329940796 -0.05022686347365379 
vn 0.5091462135314941 -0.8592132329940796 -0.05022686347365379 
vn 0.5091462135314941 -0.8592132329940796 -0.05022686347365379 
vn 0.5091462135314941 -0.8592132329940796 -0.05022686347365379 
vn 0.48887261748313904 -0.8593319654464722 -0.15017375349998474 
vn 0.48887261748313904 -0.8593319654464722 -0.15017375349998474 
vn 0.48887261748313904 -0.8593319654464722 -0.15017375349998474 
vn 0.48887261748313904 -0.8593319654464722 -0.15017375349998474 
vn 0.45009690523147583 -0.8600870370864868 -0.2401314377784729 
vn 0.45009690523147583 -0.8600870370864868 -0.2401314377784729 
vn 0.45009690523147583 -0.8600870370864868 -0.2401314377784729 
vn 0.45009690523147583 -0.8600870370864868 -0.2401314377784729 
vn 0.39363962411880493 -0.8602976202964783 -0.3239381015300751 
vn 0.39363962411880493 -0.8602976202964783 -0.3239381015300751 
vn 0.39363962411880493 -0.8602976202964783 -0.3239381015300751 
vn 0.39363962411880493 -0.8602976202964783 -0.3239381015300751 
vn 0.3235186040401459 -0.8587861657142639 -0.3972681760787964 
vn 0.3235186040401459 -0.8587861657142639 -0.3972681760787964 
vn 0.3235186040401459 -0.8587861657142639 -0.3972681760787964 
vn 0.3235186040401459 -0.8587861657142639 -0.3972681760787964 
vn 0.24231590330600739 -0.858144223690033 -0.45262736082077026 
vn 0.24231590330600739 -0.858144223690033 -0.45262736082077026 
vn 0.24231590330600739 -0.858144223690033 -0.45262736082077026 
vn 0.24231590330600739 -0.858144223690033 -0.45262736082077026 
vn 0.15208707749843597 -0.8576982617378235 -0.4911448359489441 
vn 0.15208707749843597 -0.8576982617378235 -0.4911448359489441 
vn 0.15208707749843597 -0.8576982617378235 -0.4911448359489441 
vn 0.15208707749843597 -0.8576982617378235 -0.4911448359489441 
vn 0.05099087953567505 -0.8586281538009644 -0.5100564956665039 
vn 0.05099087953567505 -0.8586281538009644 -0.5100564956665039 
vn 0.05099087953567505 -0.8586281538009644 -0.5100564956665039 
vn 0.05099087953567505 -0.8586281538009644 -0.5100564956665039 
vn -0.047217726707458496 -0.8588439226150513 -0.5100564956665039 
vn -0.047217726707458496 -0.8588439226150513 -0.5100564956665039 
vn -0.047217726707458496 -0.8588439226150513 -0.5100564956665039 
vn -0.047217726707458496 -0.8588439226150513 -0.5100564956665039 
vn -0.14836905896663666 -0.8583492040634155 -0.4911448359489441 
vn -0.14836905896663666 -0.8583492040634155 -0.4911448359489441 
vn -0.14836905896663666 -0.8583492040634155 -0.4911448359489441 
vn -0.14836905896663666 -0.8583492040634155 -0.4911448359489441 
vn -0.24231590330600739 -0.858144223690033 -0.45262736082077026 
vn -0.24231590330600739 -0.858144223690033 -0.45262736082077026 
vn -0.24231590330600739 -0.858144223690033 -0.45262736082077026 
vn -0.24231590330600739 -0.858144223690033 -0.45262736082077026 
vn -0.3270518481731415 -0.8574468493461609 -0.3972681760787964 
vn -0.3270518481731415 -0.8574468493461609 -0.3972681760787964 
vn -0.3270518481731415 -0.8574468493461609 -0.3972681760787964 
vn -0.3270518481731415 -0.8574468493461609 -0.3972681760787964 
vn -0.39707067608833313 -0.8587194085121155 -0.3239381015300751 
vn -0.39707067608833313 -0.8587194085121155 -0.3239381015300751 
vn -0.39707067608833313 -0.8587194085121155 -0.3239381015300751 
vn -0.39707067608833313 -0.8587194085121155 -0.3239381015300751 
vn -0.45009690523147583 -0.8600870370864868 -0.2401314377784729 
vn -0.45009690523147583 -0.8600870370864868 -0.2401314377784729 
vn -0.45009690523147583 -0.8600870370864868 -0.2401314377784729 
vn -0.45009690523147583 -0.8600870370864868 -0.2401314377784729 
vn -0.49214932322502136 -0.857459545135498 -0.15017375349998474 
vn -0.49214932322502136 -0.857459545135498 -0.15017375349998474 
vn -0.49214932322502136 -0.857459545135498 -0.15017375349998474 
vn -0.49214932322502136 -0.857459545135498 -0.15017375349998474 
vn -0.5123907923698425 -0.857282280921936 -0.05022686347365379 
vn -0.5123907923698425 -0.857282280921936 -0.05022686347365379 
vn -0.5123907923698425 -0.857282280921936 -0.05022686347365379 
vn -0.5123907923698425 -0.857282280921936 -0.05022686347365379 
vn -0.5123907923698425 -0.857282280921936 0.05022686347365379 
vn -0.5123907923698425 -0.857282280921936 0.05022686347365379 
vn -0.5123907923698425 -0.857282280921936 0.05022686347365379 
vn -0.5123907923698425 -0.857282280921936 0.05022686347365379 
vn -0.49214932322502136 -0.857459545135498 0.15017375349998474 
vn -0.49214932322502136 -0.857459545135498 0.15017375349998474 
vn -0.49214932322502136 -0.857459545135498 0.15017375349998474 
vn -0.49214932322502136 -0.857459545135498 0.15017375349998474 
vn -0.45009690523147583 -0.8600870370864868 0.2401314377784729 
vn -0.45009690523147583 -0.8600870370864868 0.2401314377784729 
vn -0.45009690523147583 -0.8600870370864868 0.2401314377784729 
vn -0.45009690523147583 -0.8600870370864868 0.2401314377784729 
vn -0.3948856294155121 -0.8597263693809509 0.3239381015300751 
vn -0.3948856294155121 -0.8597263693809509 0.3239381015300751 
vn -0.3948856294155121 -0.8597263693809509 0.3239381015300751 
vn -0.3948856294155121 -0.8597263693809509 0.3239381015300751 
vn -0.3248789310455322 -0.8582724928855896 0.3972681760787964 
vn -0.3248789310455322 -0.8582724928855896 0.3972681760787964 
vn -0.3248789310455322 -0.8582724928855896 0.3972681760787964 
vn -0.3248789310455322 -0.8582724928855896 0.3972681760787964 
vn -0.24018307030200958 -0.8587436079978943 0.45262736082077026 
vn -0.24018307030200958 -0.8587436079978943 0.45262736082077026 
vn -0.24018307030200958 -0.8587436079978943 0.45262736082077026 
vn -0.24018307030200958 -0.8587436079978943 0.45262736082077026 
vn -0.14836905896663666 -0.8583492040634155 0.4911448359489441 
vn -0.14836905896663666 -0.8583492040634155 0.4911448359489441 
vn -0.14836905896663666 -0.8583492040634155 0.4911448359489441 
vn -0.14836905896663666 -0.8583492040634155 0.4911448359489441 
vn -0.05280333012342453 -0.8585186004638672 0.5100564956665039 
vn -0.05280333012342453 -0.8585186004638672 0.5100564956665039 
vn -0.05280333012342453 -0.8585186004638672 0.5100564956665039 
vn -0.05280333012342453 -0.8585186004638672 0.5100564956665039 
vn 0.05280333012342453 -0.8585186004638672 0.5100564956665039 
vn 0.05280333012342453 -0.8585186004638672 0.5100564956665039 
vn 0.05280333012342453 -0.8585186004638672 0.5100564956665039 
vn 0.05280333012342453 -0.8585186004638672 0.5100564956665039 
vn 0.15208707749843597 -0.8576982617378235 0.4911448359489441 
vn 0.15208707749843597 -0.8576982617378235 0.4911448359489441 
vn 0.15208707749843597 -0.8576982617378235 0.4911448359489441 
vn 0.15208707749843597 -0.8576982617378235 0.4911448359489441 
vn 0.24381190538406372 -0.8577203750610352 0.45262736082077026 
vn 0.24381190538406372 -0.8577203750610352 0.45262736082077026 
vn 0.24381190538406372 -0.8577203750610352 0.45262736082077026 
vn 0.24381190538406372 -0.8577203750610352 0.45262736082077026 
vn 0.3248789310455322 -0.8582724928855896 0.3972681760787964 
vn 0.3248789310455322 -0.8582724928855896 0.3972681760787964 
vn 0.3248789310455322 -0.8582724928855896 0.3972681760787964 
vn 0.3248789310455322 -0.8582724928855896 0.3972681760787964 
vn 0.3948856294155121 -0.8597263693809509 0.3239381015300751 
vn 0.3948856294155121 -0.8597263693809509 0.3239381015300751 
vn 0.3948856294155121 -0.8597263693809509 0.3239381015300751 
vn 0.3948856294155121 -0.8597263693809509 0.3239381015300751 
vn 0.45009690523147583 -0.8600870370864868 0.2401314377784729 
vn 0.45009690523147583 -0.8600870370864868 0.2401314377784729 
vn 0.45009690523147583 -0.8600870370864868 0.2401314377784729 
vn 0.45009690523147583 -0.8600870370864868 0.2401314377784729 
vn 0.48887261748313904 -0.8593319654464722 0.15017375349998474 
vn 0.48887261748313904 -0.8593319654464722 0.15017375349998474 
vn 0.48887261748313904 -0.8593319654464722 0.15017375349998474 
vn 0.48887261748313904 -0.8593319654464722 0.15017375349998474 
vn 0.5091462135314941 -0.8592132329940796 0.05022686347365379 
vn 0.5091462135314941 -0.8592132329940796 0.05022686347365379 
vn 0.5091462135314941 -0.8592132329940796 0.05022686347365379 
vn 0.5091462135314941 -0.8592132329940796 0.05022686347365379 
vn 0.5091462135314941 -0.8592132329940796 -0.05022686347365379 
vn 0.5091462135314941 -0.8592132329940796 -0.05022686347365379 
vn 0.5091462135314941 -0.8592132329940796 -0.05022686347365379 
vn 0.5091462135314941 -0.8592132329940796 -0.05022686347365379 
vn 0.48887261748313904 -0.8593319654464722 -0.15017375349998474 
vn 0.48887261748313904 -0.8593319654464722 -0.15017375349998474 
vn 0.48887261748313904 -0.8593319654464722 -0.15017375349998474 
vn 0.48887261748313904 -0.8593319654464722 -0.15017375349998474 
vn 0.45009690523147583 -0.8600870370864868 -0.2401314377784729 
vn 0.45009690523147583 -0.8600870370864868 -0.2401314377784729 
vn 0.45009690523147583 -0.8600870370864868 -0.2401314377784729 
vn 0.45009690523147583 -0.8600870370864868 -0.2401314377784729 
vn 0.39363962411880493 -0.8602976202964783 -0.3239381015300751 
vn 0.39363962411880493 -0.8602976202964783 -0.3239381015300751 
vn 0.39363962411880493 -0.8602976202964783 -0.3239381015300751 
vn 0.39363962411880493 -0.8602976202964783 -0.3239381015300751 
vn 0.3235186040401459 -0.8587861657142639 -0.3972681760787964 
vn 0.3235186040401459 -0.8587861657142639 -0.3972681760787964 
vn 0.3235186040401459 -0.8587861657142639 -0.3972681760787964 
vn 0.3235186040401459 -0.8587861657142639 -0.3972681760787964 
vn 0.24231590330600739 -0.858144223690033 -0.45262736082077026 
vn 0.24231590330600739 -0.858144223690033 -0.45262736082077026 
vn 0.24231590330600739 -0.858144223690033 -0.45262736082077026 
vn 0.24231590330600739 -0.858144223690033 -0.45262736082077026 
vn 0.15208707749843597 -0.8576982617378235 -0.4911448359489441 
vn 0.15208707749843597 -0.8576982617378235 -0.4911448359489441 
vn 0.15208707749843597 -0.8576982617378235 -0.4911448359489441 
vn 0.15208707749843597 -0.8576982617378235 -0.4911448359489441 
vn 0.05099087953567505 -0.8586281538009644 -0.5100564956665039 
vn 0.05099087953567505 -0.8586281538009644 -0.5100564956665039 
vn 0.05099087953567505 -0.8586281538009644 -0.5100564956665039 
vn 0.05099087953567505 -0.8586281538009644 -0.5100564956665039 
vn -0.047217726707458496 -0.8588439226150513 -0.5100564956665039 
vn -0.047217726707458496 -0.8588439226150513 -0.5100564956665039 
vn -0.047217726707458496 -0.8588439226150513 -0.5100564956665039 
vn -0.047217726707458496 -0.8588439226150513 -0.5100564956665039 
vn -0.14836905896663666 -0.8583492040634155 -0.4911448359489441 
vn -0.14836905896663666 -0.8583492040634155 -0.4911448359489441 
vn -0.14836905896663666 -0.8583492040634155 -0.4911448359489441 
vn -0.14836905896663666 -0.8583492040634155 -0.4911448359489441 
vn -0.24231590330600739 -0.858144223690033 -0.45262736082077026 
vn -0.24231590330600739 -0.858144223690033 -0.45262736082077026 
vn -0.24231590330600739 -0.858144223690033 -0.45262736082077026 
vn -0.24231590330600739 -0.858144223690033 -0.45262736082077026 
vn -0.3270518481731415 -0.8574468493461609 -0.3972681760787964 
vn -0.3270518481731415 -0.8574468493461609 -0.3972681760787964 
vn -0.3270518481731415 -0.8574468493461609 -0.3972681760787964 
vn -0.3270518481731415 -0.8574468493461609 -0.3972681760787964 
vn -0.39707067608833313 -0.8587194085121155 -0.3239381015300751 
vn -0.39707067608833313 -0.8587194085121155 -0.3239381015300751 
vn -0.39707067608833313 -0.8587194085121155 -0.3239381015300751 
vn -0.39707067608833313 -0.8587194085121155 -0.3239381015300751 
vn -0.45009690523147583 -0.8600870370864868 -0.2401314377784729 
vn -0.45009690523147583 -0.8600870370864868 -0.2401314377784729 
vn -0.45009690523147583 -0.8600870370864868 -0.2401314377784729 
vn -0.45009690523147583 -0.8600870370864868 -0.2401314377784729 
vn -0.49214932322502136 -0.857459545135498 -0.15017375349998474 
vn -0.49214932322502136 -0.857459545135498 -0.15017375349998474 
vn -0.49214932322502136 -0.857459545135498 -0.15017375349998474 
vn -0.49214932322502136 -0.857459545135498 -0.15017375349998474 
vn -0.5123907923698425 -0.857282280921936 -0.05022686347365379 
vn -0.5123907923698425 -0.857282280921936 -0.05022686347365379 
vn -0.5123907923698425 -0.857282280921936 -0.05022686347365379 
vn -0.5123907923698425 -0.857282280921936 -0.05022686347365379 
vn -0.5123907923698425 -0.857282280921936 0.05022686347365379 
vn -0.5123907923698425 -0.857282280921936 0.05022686347365379 
vn -0.5123907923698425 -0.857282280921936 0.05022686347365379 
vn -0.5123907923698425 -0.857282280921936 0.05022686347365379 
vn -0.49214932322502136 -0.857459545135498 0.15017375349998474 
vn -0.49214932322502136 -0.857459545135498 0.15017375349998474 
vn -0.49214932322502136 -0.857459545135498 0.15017375349998474 
vn -0.49214932322502136 -0.857459545135498 0.15017375349998474 
vn -0.45009690523147583 -0.8600870370864868 0.2401314377784729 
vn -0.45009690523147583 -0.8600870370864868 0.2401314377784729 
vn -0.45009690523147583 -0.8600870370864868 0.2401314377784729 
vn -0.45009690523147583 -0.8600870370864868 0.2401314377784729 
vn -0.3948856294155121 -0.8597263693809509 0.3239381015300751 
vn -0.3948856294155121 -0.8597263693809509 0.3239381015300751 
vn -0.3948856294155121 -0.8597263693809509 0.3239381015300751 
vn -0.3948856294155121 -0.8597263693809509 0.3239381015300751 
vn -0.3248789310455322 -0.8582724928855896 0.3972681760787964 
vn -0.3248789310455322 -0.8582724928855896 0.3972681760787964 
vn -0.3248789310455322 -0.8582724928855896 0.3972681760787964 
vn -0.3248789310455322 -0.8582724928855896 0.3972681760787964 
vn -0.24018307030200958 -0.8587436079978943 0.45262736082077026 
vn -0.24018307030200958 -0.8587436079978943 0.45262736082077026 
vn -0.24018307030200958 -0.8587436079978943 0.45262736082077026 
vn -0.24018307030200958 -0.8587436079978943 0.45262736082077026 
vn -0.14836905896663666 -0.8583492040634155 0.4911448359489441 
vn -0.14836905896663666 -0.8583492040634155 0.4911448359489441 
vn -0.14836905896663666 -0.8583492040634155 0.4911448359489441 
vn -0.14836905896663666 -0.8583492040634155 0.4911448359489441 
vn -0.05280333012342453 -0.8585186004638672 0.5100564956665039 
vn -0.05280333012342453 -0.8585186004638672 0.5100564956665039 
vn -0.05280333012342453 -0.8585186004638672 0.5100564956665039 
vn -0.05280333012342453 -0.8585186004638672 0.5100564956665039 
vn 0.05280333012342453 -0.8585186004638672 0.5100564956665039 
vn 0.05280333012342453 -0.8585186004638672 0.5100564956665039 
vn 0.05280333012342453 -0.8585186004638672 0.5100564956665039 
vn 0.05280333012342453 -0.8585186004638672 0.5100564956665039 
vn 0.15208707749843597 -0.8576982617378235 0.4911448359489441 
vn 0.15208707749843597 -0.8576982617378235 0.4911448359489441 
vn 0.15208707749843597 -0.8576982617378235 0.4911448359489441 
vn 0.15208707749843597 -0.8576982617378235 0.4911448359489441 
vn 0.24381190538406372 -0.8577203750610352 0.45262736082077026 
vn 0.24381190538406372 -0.8577203750610352 0.45262736082077026 
vn 0.24381190538406372 -0.8577203750610352 0.45262736082077026 
vn 0.24381190538406372 -0.8577203750610352 0.45262736082077026 
vn 0.3248789310455322 -0.8582724928855896 0.3972681760787964 
vn 0.3248789310455322 -0.8582724928855896 0.3972681760787964 
vn 0.3248789310455322 -0.8582724928855896 0.3972681760787964 
vn 0.3248789310455322 -0.8582724928855896 0.3972681760787964 
vn 0.3948856294155121 -0.8597263693809509 0.3239381015300751 
vn 0.3948856294155121 -0.8597263693809509 0.3239381015300751 
vn 0.3948856294155121 -0.8597263693809509 0.3239381015300751 
vn 0.3948856294155121 -0.8597263693809509 0.3239381015300751 
vn 0.45009690523147583 -0.8600870370864868 0.2401314377784729 
vn 0.45009690523147583 -0.8600870370864868 0.2401314377784729 
vn 0.45009690523147583 -0.8600870370864868 0.2401314377784729 
vn 0.45009690523147583 -0.8600870370864868 0.2401314377784729 
vn 0.48887261748313904 -0.8593319654464722 0.15017375349998474 
vn 0.48887261748313904 -0.8593319654464722 0.15017375349998474 
vn 0.48887261748313904 -0.8593319654464722 0.15017375349998474 
vn 0.48887261748313904 -0.8593319654464722 0.15017375349998474 
vn 0.5091462135314941 -0.8592132329940796 0.05022686347365379 
vn 0.5091462135314941 -0.8592132329940796 0.05022686347365379 
vn 0.5091462135314941 -0.8592132329940796 0.05022686347365379 
vn 0.5091462135314941 -0.8592132329940796 0.05022686347365379 
vn 0.5091462135314941 -0.8592132329940796 -0.05022686347365379 
vn 0.5091462135314941 -0.8592132329940796 -0.05022686347365379 
vn 0.5091462135314941 -0.8592132329940796 -0.05022686347365379 
vn 0.5091462135314941 -0.8592132329940796 -0.05022686347365379 
vn 0.48887261748313904 -0.8593319654464722 -0.15017375349998474 
vn 0.48887261748313904 -0.8593319654464722 -0.15017375349998474 
vn 0.48887261748313904 -0.8593319654464722 -0.15017375349998474 
vn 0.48887261748313904 -0.8593319654464722 -0.15017375349998474 
vn 0.45009690523147583 -0.8600870370864868 -0.2401314377784729 
vn 0.45009690523147583 -0.8600870370864868 -0.2401314377784729 
vn 0.45009690523147583 -0.8600870370864868 -0.2401314377784729 
vn 0.45009690523147583 -0.8600870370864868 -0.2401314377784729 
vn 0.39363962411880493 -0.8602976202964783 -0.3239381015300751 
vn 0.39363962411880493 -0.8602976202964783 -0.3239381015300751 
vn 0.39363962411880493 -0.8602976202964783 -0.3239381015300751 
vn 0.39363962411880493 -0.8602976202964783 -0.3239381015300751 
vn 0.3235186040401459 -0.8587861657142639 -0.3972681760787964 
vn 0.3235186040401459 -0.8587861657142639 -0.3972681760787964 
vn 0.3235186040401459 -0.8587861657142639 -0.3972681760787964 
vn 0.3235186040401459 -0.8587861657142639 -0.3972681760787964 
vn 0.24231590330600739 -0.858144223690033 -0.45262736082077026 
vn 0.24231590330600739 -0.858144223690033 -0.45262736082077026 
vn 0.24231590330600739 -0.858144223690033 -0.45262736082077026 
vn 0.24231590330600739 -0.858144223690033 -0.45262736082077026 
vn 0.15208707749843597 -0.8576982617378235 -0.4911448359489441 
vn 0.15208707749843597 -0.8576982617378235 -0.4911448359489441 
vn 0.15208707749843597 -0.8576982617378235 -0.4911448359489441 
vn 0.15208707749843597 -0.8576982617378235 -0.4911448359489441 
vn 0.05099087953567505 -0.8586281538009644 -0.5100564956665039 
vn 0.05099087953567505 -0.8586281538009644 -0.5100564956665039 
vn 0.05099087953567505 -0.8586281538009644 -0.5100564956665039 
vn 0.05099087953567505 -0.8586281538009644 -0.5100564956665039 
vn -0.047217726707458496 -0.8588439226150513 -0.5100564956665039 
vn -0.047217726707458496 -0.8588439226150513 -0.5100564956665039 
vn -0.047217726707458496 -0.8588439226150513 -0.5100564956665039 
vn -0.047217726707458496 -0.8588439226150513 -0.5100564956665039 
vn -0.14836905896663666 -0.8583492040634155 -0.4911448359489441 
vn -0.14836905896663666 -0.8583492040634155 -0.4911448359489441 
vn -0.14836905896663666 -0.8583492040634155 -0.4911448359489441 
vn -0.14836905896663666 -0.8583492040634155 -0.4911448359489441 
vn -0.24231590330600739 -0.858144223690033 -0.45262736082077026 
vn -0.24231590330600739 -0.858144223690033 -0.45262736082077026 
vn -0.24231590330600739 -0.858144223690033 -0.45262736082077026 
vn -0.24231590330600739 -0.858144223690033 -0.45262736082077026 
vn -0.3270518481731415 -0.8574468493461609 -0.3972681760787964 
vn -0.3270518481731415 -0.8574468493461609 -0.3972681760787964 
vn -0.3270518481731415 -0.8574468493461609 -0.3972681760787964 
vn -0.3270518481731415 -0.8574468493461609 -0.3972681760787964 
vn -0.39707067608833313 -0.8587194085121155 -0.3239381015300751 
vn -0.39707067608833313 -0.8587194085121155 -0.3239381015300751 
vn -0.39707067608833313 -0.8587194085121155 -0.3239381015300751 
vn -0.39707067608833313 -0.8587194085121155 -0.3239381015300751 
vn -0.45009690523147583 -0.8600870370864868 -0.2401314377784729 
vn -0.45009690523147583 -0.8600870370864868 -0.2401314377784729 
vn -0.45009690523147583 -0.8600870370864868 -0.2401314377784729 
vn -0.45009690523147583 -0.8600870370864868 -0.2401314377784729 
vn -0.49214932322502136 -0.857459545135498 -0.15017375349998474 
vn -0.49214932322502136 -0.857459545135498 -0.15017375349998474 
vn -0.49214932322502136 -0.857459545135498 -0.15017375349998474 
vn -0.49214932322502136 -0.857459545135498 -0.15017375349998474 
vn -0.5123907923698425 -0.857282280921936 -0.05022686347365379 
vn -0.5123907923698425 -0.857282280921936 -0.05022686347365379 
vn -0.5123907923698425 -0.857282280921936 -0.05022686347365379 
vn -0.5123907923698425 -0.857282280921936 -0.05022686347365379 
vn -0.5123907923698425 -0.857282280921936 0.05022686347365379 
vn -0.5123907923698425 -0.857282280921936 0.05022686347365379 
vn -0.5123907923698425 -0.857282280921936 0.05022686347365379 
vn -0.5123907923698425 -0.857282280921936 0.05022686347365379 
vn -0.49214932322502136 -0.857459545135498 0.15017375349998474 
vn -0.49214932322502136 -0.857459545135498 0.15017375349998474 
vn -0.49214932322502136 -0.857459545135498 0.15017375349998474 
vn -0.49214932322502136 -0.857459545135498 0.15017375349998474 
vn -0.45009690523147583 -0.8600870370864868 0.2401314377784729 
vn -0.45009690523147583 -0.8600870370864868 0.2401314377784729 
vn -0.45009690523147583 -0.8600870370864868 0.2401314377784729 
vn -0.45009690523147583 -0.8600870370864868 0.2401314377784729 
vn -0.3948856294155121 -0.8597263693809509 0.3239381015300751 
vn -0.3948856294155121 -0.8597263693809509 0.3239381015300751 
vn -0.3948856294155121 -0.8597263693809509 0.3239381015300751 
vn -0.3948856294155121 -0.8597263693809509 0.3239381015300751 
vn -0.3248789310455322 -0.8582724928855896 0.3972681760787964 
vn -0.3248789310455322 -0.8582724928855896 0.3972681760787964 
vn -0.3248789310455322 -0.8582724928855896 0.3972681760787964 
vn -0.3248789310455322 -0.8582724928855896 0.3972681760787964 
vn -0.24018307030200958 -0.8587436079978943 0.45262736082077026 
vn -0.24018307030200958 -0.8587436079978943 0.45262736082077026 
vn -0.24018307030200958 -0.8587436079978943 0.45262736082077026 
vn -0.24018307030200958 -0.8587436079978943 0.45262736082077026 
vn -0.14836905896663666 -0.8583492040634155 0.4911448359489441 
vn -0.14836905896663666 -0.8583492040634155 0.4911448359489441 
vn -0.14836905896663666 -0.8583492040634155 0.4911448359489441 
vn -0.14836905896663666 -0.8583492040634155 0.4911448359489441 
vn -0.05280333012342453 -0.8585186004638672 0.5100564956665039 
vn -0.05280333012342453 -0.8585186004638672 0.5100564956665039 
vn -0.05280333012342453 -0.8585186004638672 0.5100564956665039 
vn -0.05280333012342453 -0.8585186004638672 0.5100564956665039 
vn 0.05280333012342453 -0.8585186004638672 0.5100564956665039 
vn 0.05280333012342453 -0.8585186004638672 0.5100564956665039 
vn 0.05280333012342453 -0.8585186004638672 0.5100564956665039 
vn 0.05280333012342453 -0.8585186004638672 0.5100564956665039 
vn 0.15208707749843597 -0.8576982617378235 0.4911448359489441 
vn 0.15208707749843597 -0.8576982617378235 0.4911448359489441 
vn 0.15208707749843597 -0.8576982617378235 0.4911448359489441 
vn 0.15208707749843597 -0.8576982617378235 0.4911448359489441 
vn 0.24381190538406372 -0.8577203750610352 0.45262736082077026 
vn 0.24381190538406372 -0.8577203750610352 0.45262736082077026 
vn 0.24381190538406372 -0.8577203750610352 0.45262736082077026 
vn 0.24381190538406372 -0.8577203750610352 0.45262736082077026 
vn 0.3248789310455322 -0.8582724928855896 0.3972681760787964 
vn 0.3248789310455322 -0.8582724928855896 0.3972681760787964 
vn 0.3248789310455322 -0.8582724928855896 0.3972681760787964 
vn 0.3248789310455322 -0.8582724928855896 0.3972681760787964 
vn 0.3948856294155121 -0.8597263693809509 0.3239381015300751 
vn 0.3948856294155121 -0.8597263693809509 0.3239381015300751 
vn 0.3948856294155121 -0.8597263693809509 0.3239381015300751 
vn 0.3948856294155121 -0.8597263693809509 0.3239381015300751 
vn 0.45009690523147583 -0.8600870370864868 0.2401314377784729 
vn 0.45009690523147583 -0.8600870370864868 0.2401314377784729 
vn 0.45009690523147583 -0.8600870370864868 0.2401314377784729 
vn 0.45009690523147583 -0.8600870370864868 0.2401314377784729 
vn 0.48887261748313904 -0.8593319654464722 0.15017375349998474 
vn 0.48887261748313904 -0.8593319654464722 0.15017375349998474 
vn 0.48887261748313904 -0.8593319654464722 0.15017375349998474 
vn 0.48887261748313904 -0.8593319654464722 0.15017375349998474 
vn 0.5091462135314941 -0.8592132329940796 0.05022686347365379 
vn 0.5091462135314941 -0.8592132329940796 0.05022686347365379 
vn 0.5091462135314941 -0.8592132329940796 0.05022686347365379 
vn 0.5091462135314941 -0.8592132329940796 0.05022686347365379 
vn 0.5091462135314941 -0.8592132329940796 -0.05022686347365379 
vn 0.5091462135314941 -0.8592132329940796 -0.05022686347365379 
vn 0.5091462135314941 -0.8592132329940796 -0.05022686347365379 
vn 0.5091462135314941 -0.8592132329940796 -0.05022686347365379 
vn 0.48887261748313904 -0.8593319654464722 -0.15017375349998474 
vn 0.48887261748313904 -0.8593319654464722 -0.15017375349998474 
vn 0.48887261748313904 -0.8593319654464722 -0.15017375349998474 
vn 0.48887261748313904 -0.8593319654464722 -0.15017375349998474 
vn 0.45009690523147583 -0.8600870370864868 -0.2401314377784729 
vn 0.45009690523147583 -0.8600870370864868 -0.2401314377784729 
vn 0.45009690523147583 -0.8600870370864868 -0.2401314377784729 
vn 0.45009690523147583 -0.8600870370864868 -0.2401314377784729 
vn 0.39363962411880493 -0.8602976202964783 -0.3239381015300751 
vn 0.39363962411880493 -0.8602976202964783 -0.3239381015300751 
vn 0.39363962411880493 -0.8602976202964783 -0.3239381015300751 
vn 0.39363962411880493 -0.8602976202964783 -0.3239381015300751 
vn 0.3235186040401459 -0.8587861657142639 -0.3972681760787964 
vn 0.3235186040401459 -0.8587861657142639 -0.3972681760787964 
vn 0.3235186040401459 -0.8587861657142639 -0.3972681760787964 
vn 0.3235186040401459 -0.8587861657142639 -0.3972681760787964 
vn 0.24231590330600739 -0.858144223690033 -0.45262736082077026 
vn 0.24231590330600739 -0.858144223690033 -0.45262736082077026 
vn 0.24231590330600739 -0.858144223690033 -0.45262736082077026 
vn 0.24231590330600739 -0.858144223690033 -0.45262736082077026 
vn 0.15208707749843597 -0.8576982617378235 -0.4911448359489441 
vn 0.15208707749843597 -0.8576982617378235 -0.4911448359489441 
vn 0.15208707749843597 -0.8576982617378235 -0.4911448359489441 
vn 0.15208707749843597 -0.8576982617378235 -0.4911448359489441 
vn 0.05099087953567505 -0.8586281538009644 -0.5100564956665039 
vn 0.05099087953567505 -0.8586281538009644 -0.5100564956665039 
vn 0.05099087953567505 -0.8586281538009644 -0.5100564956665039 
vn 0.05099087953567505 -0.8586281538009644 -0.5100564956665039 
vn -0.047217726707458496 -0.8588439226150513 -0.5100564956665039 
vn -0.047217726707458496 -0.8588439226150513 -0.5100564956665039 
vn -0.047217726707458496 -0.8588439226150513 -0.5100564956665039 
vn -0.047217726707458496 -0.8588439226150513 -0.5100564956665039 
vn -0.14836905896663666 -0.8583492040634155 -0.4911448359489441 
vn -0.14836905896663666 -0.8583492040634155 -0.4911448359489441 
vn -0.14836905896663666 -0.8583492040634155 -0.4911448359489441 
vn -0.14836905896663666 -0.8583492040634155 -0.4911448359489441 
vn -0.24231590330600739 -0.858144223690033 -0.45262736082077026 
vn -0.24231590330600739 -0.858144223690033 -0.45262736082077026 
vn -0.24231590330600739 -0.858144223690033 -0.45262736082077026 
vn -0.24231590330600739 -0.858144223690033 -0.45262736082077026 
vn -0.3270518481731415 -0.8574468493461609 -0.3972681760787964 
vn -0.3270518481731415 -0.8574468493461609 -0.3972681760787964 
vn -0.3270518481731415 -0.8574468493461609 -0.3972681760787964 
vn -0.3270518481731415 -0.8574468493461609 -0.3972681760787964 
vn -0.39707067608833313 -0.8587194085121155 -0.3239381015300751 
vn -0.39707067608833313 -0.8587194085121155 -0.3239381015300751 
vn -0.39707067608833313 -0.8587194085121155 -0.3239381015300751 
vn -0.39707067608833313 -0.8587194085121155 -0.3239381015300751 
vn -0.45009690523147583 -0.8600870370864868 -0.2401314377784729 
vn -0.45009690523147583 -0.8600870370864868 -0.2401314377784729 
vn -0.45009690523147583 -0.8600870370864868 -0.2401314377784729 
vn -0.45009690523147583 -0.8600870370864868 -0.2401314377784729 
vn -0.49214932322502136 -0.857459545135498 -0.15017375349998474 
vn -0.49214932322502136 -0.857459545135498 -0.15017375349998474 
vn -0.49214932322502136 -0.857459545135498 -0.15017375349998474 
vn -0.49214932322502136 -0.857459545135498 -0.15017375349998474 
vn -0.5123907923698425 -0.857282280921936 -0.05022686347365379 
vn -0.5123907923698425 -0.857282280921936 -0.05022686347365379 
vn -0.5123907923698425 -0.857282280921936 -0.05022686347365379 
vn -0.5123907923698425 -0.857282280921936 -0.05022686347365379 
vn -0.5123907923698425 -0.857282280921936 0.05022686347365379 
vn -0.5123907923698425 -0.857282280921936 0.05022686347365379 
vn -0.5123907923698425 -0.857282280921936 0.05022686347365379 
vn -0.5123907923698425 -0.857282280921936 0.05022686347365379 
vn -0.49214932322502136 -0.857459545135498 0.15017375349998474 
vn -0.49214932322502136 -0.857459545135498 0.15017375349998474 
vn -0.49214932322502136 -0.857459545135498 0.15017375349998474 
vn -0.49214932322502136 -0.857459545135498 0.15017375349998474 
vn -0.45009690523147583 -0.8600870370864868 0.2401314377784729 
vn -0.45009690523147583 -0.8600870370864868 0.2401314377784729 
vn -0.45009690523147583 -0.8600870370864868 0.2401314377784729 
vn -0.45009690523147583 -0.8600870370864868 0.2401314377784729 
vn -0.3948856294155121 -0.8597263693809509 0.3239381015300751 
vn -0.3948856294155121 -0.8597263693809509 0.3239381015300751 
vn -0.3948856294155121 -0.8597263693809509 0.3239381015300751 
vn -0.3948856294155121 -0.8597263693809509 0.3239381015300751 
vn -0.3248789310455322 -0.8582724928855896 0.3972681760787964 
vn -0.3248789310455322 -0.8582724928855896 0.3972681760787964 
vn -0.3248789310455322 -0.8582724928855896 0.3972681760787964 
vn -0.3248789310455322 -0.8582724928855896 0.3972681760787964 
vn -0.24018307030200958 -0.8587436079978943 0.45262736082077026 
vn -0.24018307030200958 -0.8587436079978943 0.45262736082077026 
vn -0.24018307030200958 -0.8587436079978943 0.45262736082077026 
vn -0.24018307030200958 -0.8587436079978943 0.45262736082077026 
vn -0.14836905896663666 -0.8583492040634155 0.4911448359489441 
vn -0.14836905896663666 -0.8583492040634155 0.4911448359489441 
vn -0.14836905896663666 -0.8583492040634155 0.4911448359489441 
vn -0.14836905896663666 -0.8583492040634155 0.4911448359489441 
vn -0.05280333012342453 -0.8585186004638672 0.5100564956665039 
vn -0.05280333012342453 -0.8585186004638672 0.5100564956665039 
vn -0.05280333012342453 -0.8585186004638672 0.5100564956665039 
vn -0.05280333012342453 -0.8585186004638672 0.5100564956665039 
vn 0.05280333012342453 -0.8585186004638672 0.5100564956665039 
vn 0.05280333012342453 -0.8585186004638672 0.5100564956665039 
vn 0.05280333012342453 -0.8585186004638672 0.5100564956665039 
vn 0.05280333012342453 -0.8585186004638672 0.5100564956665039 
vn 0.15208707749843597 -0.8576982617378235 0.4911448359489441 
vn 0.15208707749843597 -0.8576982617378235 0.4911448359489441 
vn 0.15208707749843597 -0.8576982617378235 0.4911448359489441 
vn 0.15208707749843597 -0.8576982617378235 0.4911448359489441 
vn 0.24381190538406372 -0.8577203750610352 0.45262736082077026 
vn 0.24381190538406372 -0.8577203750610352 0.45262736082077026 
vn 0.24381190538406372 -0.8577203750610352 0.45262736082077026 
vn 0.24381190538406372 -0.8577203750610352 0.45262736082077026 
vn 0.3248789310455322 -0.8582724928855896 0.3972681760787964 
vn 0.3248789310455322 -0.8582724928855896 0.3972681760787964 
vn 0.3248789310455322 -0.8582724928855896 0.3972681760787964 
vn 0.3248789310455322 -0.8582724928855896 0.3972681760787964 
vn 0.3948856294155121 -0.8597263693809509 0.3239381015300751 
vn 0.3948856294155121 -0.8597263693809509 0.3239381015300751 
vn 0.3948856294155121 -0.8597263693809509 0.3239381015300751 
vn 0.3948856294155121 -0.8597263693809509 0.3239381015300751 
vn 0.45009690523147583 -0.8600870370864868 0.2401314377784729 
vn 0.45009690523147583 -0.8600870370864868 0.2401314377784729 
vn 0.45009690523147583 -0.8600870370864868 0.2401314377784729 
vn 0.45009690523147583 -0.8600870370864868 0.2401314377784729 
vn 0.48887261748313904 -0.8593319654464722 0.15017375349998474 
vn 0.48887261748313904 -0.8593319654464722 0.15017375349998474 
vn 0.48887261748313904 -0.8593319654464722 0.15017375349998474 
vn 0.48887261748313904 -0.8593319654464722 0.15017375349998474 
vn 0.5091462135314941 -0.8592132329940796 0.05022686347365379 
vn 0.5091462135314941 -0.8592132329940796 0.05022686347365379 
vn 0.5091462135314941 -0.8592132329940796 0.05022686347365379 
vn 0.5091462135314941 -0.8592132329940796 0.05022686347365379 
vn 0.5091462135314941 -0.8592132329940796 -0.05022686347365379 
vn 0.5091462135314941 -0.8592132329940796 -0.05022686347365379 
vn 0.5091462135314941 -0.8592132329940796 -0.05022686347365379 
vn 0.5091462135314941 -0.8592132329940796 -0.05022686347365379 
vn 0.48887261748313904 -0.8593319654464722 -0.15017375349998474 
vn 0.48887261748313904 -0.8593319654464722 -0.15017375349998474 
vn 0.48887261748313904 -0.8593319654464722 -0.15017375349998474 
vn 0.48887261748313904 -0.8593319654464722 -0.15017375349998474 
vn 0.45009690523147583 -0.8600870370864868 -0.2401314377784729 
vn 0.45009690523147583 -0.8600870370864868 -0.2401314377784729 
vn 0.45009690523147583 -0.8600870370864868 -0.2401314377784729 
vn 0.45009690523147583 -0.8600870370864868 -0.2401314377784729 
vn 0.39363962411880493 -0.8602976202964783 -0.3239381015300751 
vn 0.39363962411880493 -0.8602976202964783 -0.3239381015300751 
vn 0.39363962411880493 -0.8602976202964783 -0.3239381015300751 
vn 0.39363962411880493 -0.8602976202964783 -0.3239381015300751 
vn 0.3235186040401459 -0.8587861657142639 -0.3972681760787964 
vn 0.3235186040401459 -0.8587861657142639 -0.3972681760787964 
vn 0.3235186040401459 -0.8587861657142639 -0.3972681760787964 
vn 0.3235186040401459 -0.8587861657142639 -0.3972681760787964 
vn 0.24231590330600739 -0.858144223690033 -0.45262736082077026 
vn 0.24231590330600739 -0.858144223690033 -0.45262736082077026 
vn 0.24231590330600739 -0.858144223690033 -0.45262736082077026 
vn 0.24231590330600739 -0.858144223690033 -0.45262736082077026 
vn 0.15208707749843597 -0.8576982617378235 -0.4911448359489441 
vn 0.15208707749843597 -0.8576982617378235 -0.4911448359489441 
vn 0.15208707749843597 -0.8576982617378235 -0.4911448359489441 
vn 0.15208707749843597 -0.8576982617378235 -0.4911448359489441 
vn 0.05099087953567505 -0.8586281538009644 -0.5100564956665039 
vn 0.05099087953567505 -0.8586281538009644 -0.5100564956665039 
vn 0.05099087953567505 -0.8586281538009644 -0.5100564956665039 
vn 0.05099087953567505 -0.8586281538009644 -0.5100564956665039 
vn -0.047217726707458496 -0.8588439226150513 -0.5100564956665039 
vn -0.047217726707458496 -0.8588439226150513 -0.5100564956665039 
vn -0.047217726707458496 -0.8588439226150513 -0.5100564956665039 
vn -0.047217726707458496 -0.8588439226150513 -0.5100564956665039 
vn -0.14836905896663666 -0.8583492040634155 -0.4911448359489441 
vn -0.14836905896663666 -0.8583492040634155 -0.4911448359489441 
vn -0.14836905896663666 -0.8583492040634155 -0.4911448359489441 
vn -0.14836905896663666 -0.8583492040634155 -0.4911448359489441 
vn -0.24231590330600739 -0.858144223690033 -0.45262736082077026 
vn -0.24231590330600739 -0.858144223690033 -0.45262736082077026 
vn -0.24231590330600739 -0.858144223690033 -0.45262736082077026 
vn -0.24231590330600739 -0.858144223690033 -0.45262736082077026 
vn -0.3270518481731415 -0.8574468493461609 -0.3972681760787964 
vn -0.3270518481731415 -0.8574468493461609 -0.3972681760787964 
vn -0.3270518481731415 -0.8574468493461609 -0.3972681760787964 
vn -0.3270518481731415 -0.8574468493461609 -0.3972681760787964 
vn -0.39707067608833313 -0.8587194085121155 -0.3239381015300751 
vn -0.39707067608833313 -0.8587194085121155 -0.3239381015300751 
vn -0.39707067608833313 -0.8587194085121155 -0.3239381015300751 
vn -0.39707067608833313 -0.8587194085121155 -0.3239381015300751 
vn -0.45009690523147583 -0.8600870370864868 -0.2401314377784729 
vn -0.45009690523147583 -0.8600870370864868 -0.2401314377784729 
vn -0.45009690523147583 -0.8600870370864868 -0.2401314377784729 
vn -0.45009690523147583 -0.8600870370864868 -0.2401314377784729 
vn -0.49214932322502136 -0.857459545135498 -0.15017375349998474 
vn -0.49214932322502136 -0.857459545135498 -0.15017375349998474 
vn -0.49214932322502136 -0.857459545135498 -0.15017375349998474 
vn -0.49214932322502136 -0.857459545135498 -0.15017375349998474 
vn -0.5123907923698425 -0.857282280921936 -0.05022686347365379 
vn -0.5123907923698425 -0.857282280921936 -0.05022686347365379 
vn -0.5123907923698425 -0.857282280921936 -0.05022686347365379 
vn -0.5123907923698425 -0.857282280921936 -0.05022686347365379 
vn -0.5123907923698425 -0.857282280921936 0.05022686347365379 
vn -0.5123907923698425 -0.857282280921936 0.05022686347365379 
vn -0.5123907923698425 -0.857282280921936 0.05022686347365379 
vn -0.5123907923698425 -0.857282280921936 0.05022686347365379 
vn -0.49214932322502136 -0.857459545135498 0.15017375349998474 
vn -0.49214932322502136 -0.857459545135498 0.15017375349998474 
vn -0.49214932322502136 -0.857459545135498 0.15017375349998474 
vn -0.49214932322502136 -0.857459545135498 0.15017375349998474 
vn -0.45009690523147583 -0.8600870370864868 0.2401314377784729 
vn -0.45009690523147583 -0.8600870370864868 0.2401314377784729 
vn -0.45009690523147583 -0.8600870370864868 0.2401314377784729 
vn -0.45009690523147583 -0.8600870370864868 0.2401314377784729 
vn -0.3948856294155121 -0.8597263693809509 0.3239381015300751 
vn -0.3948856294155121 -0.8597263693809509 0.3239381015300751 
vn -0.3948856294155121 -0.8597263693809509 0.3239381015300751 
vn -0.3948856294155121 -0.8597263693809509 0.3239381015300751 
vn -0.3248789310455322 -0.8582724928855896 0.3972681760787964 
vn -0.3248789310455322 -0.8582724928855896 0.3972681760787964 
vn -0.3248789310455322 -0.8582724928855896 0.3972681760787964 
vn -0.3248789310455322 -0.8582724928855896 0.3972681760787964 
vn -0.24018307030200958 -0.8587436079978943 0.45262736082077026 
vn -0.24018307030200958 -0.8587436079978943 0.45262736082077026 
vn -0.24018307030200958 -0.8587436079978943 0.45262736082077026 
vn -0.24018307030200958 -0.8587436079978943 0.45262736082077026 
vn -0.14836905896663666 -0.8583492040634155 0.4911448359489441 
vn -0.14836905896663666 -0.8583492040634155 0.4911448359489441 
vn -0.14836905896663666 -0.8583492040634155 0.4911448359489441 
vn -0.14836905896663666 -0.8583492040634155 0.4911448359489441 
vn -0.04526755213737488 -0.8589488863945007 0.5100564956665039 
vn -0.04526755213737488 -0.8589488863945007 0.5100564956665039 
vn -0.04526755213737488 -0.8589488863945007 0.5100564956665039 
vn -0.04526755213737488 -0.8589488863945007 0.5100564956665039 
vn -0.047217726707458496 -0.8588439226150513 -0.5100564956665039 
vn -0.047217726707458496 -0.8588439226150513 -0.5100564956665039 
vn -0.047217726707458496 -0.8588439226150513 -0.5100564956665039 
vn -0.047217726707458496 -0.8588439226150513 -0.5100564956665039 
vn -0.14836905896663666 -0.8583492040634155 -0.4911448359489441 
vn -0.14836905896663666 -0.8583492040634155 -0.4911448359489441 
vn -0.14836905896663666 -0.8583492040634155 -0.4911448359489441 
vn -0.14836905896663666 -0.8583492040634155 -0.4911448359489441 
vn -0.24231590330600739 -0.858144223690033 -0.45262736082077026 
vn -0.24231590330600739 -0.858144223690033 -0.45262736082077026 
vn -0.24231590330600739 -0.858144223690033 -0.45262736082077026 
vn -0.24231590330600739 -0.858144223690033 -0.45262736082077026 
vn -0.3270518481731415 -0.8574468493461609 -0.3972681760787964 
vn -0.3270518481731415 -0.8574468493461609 -0.3972681760787964 
vn -0.3270518481731415 -0.8574468493461609 -0.3972681760787964 
vn -0.3270518481731415 -0.8574468493461609 -0.3972681760787964 
vn -0.39707067608833313 -0.8587194085121155 -0.3239381015300751 
vn -0.39707067608833313 -0.8587194085121155 -0.3239381015300751 
vn -0.39707067608833313 -0.8587194085121155 -0.3239381015300751 
vn -0.39707067608833313 -0.8587194085121155 -0.3239381015300751 
vn -0.45009690523147583 -0.8600870370864868 -0.2401314377784729 
vn -0.45009690523147583 -0.8600870370864868 -0.2401314377784729 
vn -0.45009690523147583 -0.8600870370864868 -0.2401314377784729 
vn -0.45009690523147583 -0.8600870370864868 -0.2401314377784729 
vn -0.49214932322502136 -0.857459545135498 -0.15017375349998474 
vn -0.49214932322502136 -0.857459545135498 -0.15017375349998474 
vn -0.49214932322502136 -0.857459545135498 -0.15017375349998474 
vn -0.49214932322502136 -0.857459545135498 -0.15017375349998474 
vn -0.5123907923698425 -0.857282280921936 -0.05022686347365379 
vn -0.5123907923698425 -0.857282280921936 -0.05022686347365379 
vn -0.5123907923698425 -0.857282280921936 -0.05022686347365379 
vn -0.5123907923698425 -0.857282280921936 -0.05022686347365379 
vn -0.5123907923698425 -0.857282280921936 0.05022686347365379 
vn -0.5123907923698425 -0.857282280921936 0.05022686347365379 
vn -0.5123907923698425 -0.857282280921936 0.05022686347365379 
vn -0.5123907923698425 -0.857282280921936 0.05022686347365379 
vn -0.49214932322502136 -0.857459545135498 0.15017375349998474 
vn -0.49214932322502136 -0.857459545135498 0.15017375349998474 
vn -0.49214932322502136 -0.857459545135498 0.15017375349998474 
vn -0.49214932322502136 -0.857459545135498 0.15017375349998474 
vn -0.45009690523147583 -0.8600870370864868 0.2401314377784729 
vn -0.45009690523147583 -0.8600870370864868 0.2401314377784729 
vn -0.45009690523147583 -0.8600870370864868 0.2401314377784729 
vn -0.45009690523147583 -0.8600870370864868 0.2401314377784729 
vn -0.3948856294155121 -0.8597263693809509 0.3239381015300751 
vn -0.3948856294155121 -0.8597263693809509 0.3239381015300751 
vn -0.3948856294155121 -0.8597263693809509 0.3239381015300751 
vn -0.3948856294155121 -0.8597263693809509 0.3239381015300751 
vn -0.3248789310455322 -0.8582724928855896 0.3972681760787964 
vn -0.3248789310455322 -0.8582724928855896 0.3972681760787964 
vn -0.3248789310455322 -0.8582724928855896 0.3972681760787964 
vn -0.3248789310455322 -0.8582724928855896 0.3972681760787964 
vn -0.24018307030200958 -0.8587436079978943 0.45262736082077026 
vn -0.24018307030200958 -0.8587436079978943 0.45262736082077026 
vn -0.24018307030200958 -0.8587436079978943 0.45262736082077026 
vn -0.24018307030200958 -0.8587436079978943 0.45262736082077026 
vn -0.14836905896663666 -0.8583492040634155 0.4911448359489441 
vn -0.14836905896663666 -0.8583492040634155 0.4911448359489441 
vn -0.14836905896663666 -0.8583492040634155 0.4911448359489441 
vn -0.14836905896663666 -0.8583492040634155 0.4911448359489441 
vn -0.04526755213737488 -0.8589488863945007 0.5100564956665039 
vn -0.04526755213737488 -0.8589488863945007 0.5100564956665039 
vn -0.04526755213737488 -0.8589488863945007 0.5100564956665039 
vn -0.04526755213737488 -0.8589488863945007 0.5100564956665039 
vn -0.047217726707458496 -0.8588439226150513 -0.5100564956665039 
vn -0.047217726707458496 -0.8588439226150513 -0.5100564956665039 
vn -0.047217726707458496 -0.8588439226150513 -0.5100564956665039 
vn -0.047217726707458496 -0.8588439226150513 -0.5100564956665039 
vn -0.14836905896663666 -0.8583492040634155 -0.4911448359489441 
vn -0.14836905896663666 -0.8583492040634155 -0.4911448359489441 
vn -0.14836905896663666 -0.8583492040634155 -0.4911448359489441 
vn -0.14836905896663666 -0.8583492040634155 -0.4911448359489441 
vn -0.24231590330600739 -0.858144223690033 -0.45262736082077026 
vn -0.24231590330600739 -0.858144223690033 -0.45262736082077026 
vn -0.24231590330600739 -0.858144223690033 -0.45262736082077026 
vn -0.24231590330600739 -0.858144223690033 -0.45262736082077026 
vn -0.3270518481731415 -0.8574468493461609 -0.3972681760787964 
vn -0.3270518481731415 -0.8574468493461609 -0.3972681760787964 
vn -0.3270518481731415 -0.8574468493461609 -0.3972681760787964 
vn -0.3270518481731415 -0.8574468493461609 -0.3972681760787964 
vn -0.39707067608833313 -0.8587194085121155 -0.3239381015300751 
vn -0.39707067608833313 -0.8587194085121155 -0.3239381015300751 
vn -0.39707067608833313 -0.8587194085121155 -0.3239381015300751 
vn -0.39707067608833313 -0.8587194085121155 -0.3239381015300751 
vn -0.45009690523147583 -0.8600870370864868 -0.2401314377784729 
vn -0.45009690523147583 -0.8600870370864868 -0.2401314377784729 
vn -0.45009690523147583 -0.8600870370864868 -0.2401314377784729 
vn -0.45009690523147583 -0.8600870370864868 -0.2401314377784729 
vn -0.49214932322502136 -0.857459545135498 -0.15017375349998474 
vn -0.49214932322502136 -0.857459545135498 -0.15017375349998474 
vn -0.49214932322502136 -0.857459545135498 -0.15017375349998474 
vn -0.49214932322502136 -0.857459545135498 -0.15017375349998474 
vn -0.5123907923698425 -0.857282280921936 -0.05022686347365379 
vn -0.5123907923698425 -0.857282280921936 -0.05022686347365379 
vn -0.5123907923698425 -0.857282280921936 -0.05022686347365379 
vn -0.5123907923698425 -0.857282280921936 -0.05022686347365379 
vn -0.5123907923698425 -0.857282280921936 0.05022686347365379 
vn -0.5123907923698425 -0.857282280921936 0.05022686347365379 
vn -0.5123907923698425 -0.857282280921936 0.05022686347365379 
vn -0.5123907923698425 -0.857282280921936 0.05022686347365379 
vn -0.49214932322502136 -0.857459545135498 0.15017375349998474 
vn -0.49214932322502136 -0.857459545135498 0.15017375349998474 
vn -0.49214932322502136 -0.857459545135498 0.15017375349998474 
vn -0.49214932322502136 -0.857459545135498 0.15017375349998474 
vn -0.45009690523147583 -0.8600870370864868 0.2401314377784729 
vn -0.45009690523147583 -0.8600870370864868 0.2401314377784729 
vn -0.45009690523147583 -0.8600870370864868 0.2401314377784729 
vn -0.45009690523147583 -0.8600870370864868 0.2401314377784729 
vn -0.3948856294155121 -0.8597263693809509 0.3239381015300751 
vn -0.3948856294155121 -0.8597263693809509 0.3239381015300751 
vn -0.3948856294155121 -0.8597263693809509 0.3239381015300751 
vn -0.3948856294155121 -0.8597263693809509 0.3239381015300751 
vn -0.3248789310455322 -0.8582724928855896 0.3972681760787964 
vn -0.3248789310455322 -0.8582724928855896 0.3972681760787964 
vn -0.3248789310455322 -0.8582724928855896 0.3972681760787964 
vn -0.3248789310455322 -0.8582724928855896 0.3972681760787964 
vn -0.24018307030200958 -0.8587436079978943 0.45262736082077026 
vn -0.24018307030200958 -0.8587436079978943 0.45262736082077026 
vn -0.24018307030200958 -0.8587436079978943 0.45262736082077026 
vn -0.24018307030200958 -0.8587436079978943 0.45262736082077026 
vn -0.14836905896663666 -0.8583492040634155 0.4911448359489441 
vn -0.14836905896663666 -0.8583492040634155 0.4911448359489441 
vn -0.14836905896663666 -0.8583492040634155 0.4911448359489441 
vn -0.14836905896663666 -0.8583492040634155 0.4911448359489441 
vn -0.04526755213737488 -0.8589488863945007 0.5100564956665039 
vn -0.04526755213737488 -0.8589488863945007 0.5100564956665039 
vn -0.04526755213737488 -0.8589488863945007 0.5100564956665039 
vn -0.04526755213737488 -0.8589488863945007 0.5100564956665039 
vn -0.047217726707458496 -0.8588439226150513 -0.5100564956665039 
vn -0.047217726707458496 -0.8588439226150513 -0.5100564956665039 
vn -0.047217726707458496 -0.8588439226150513 -0.5100564956665039 
vn -0.047217726707458496 -0.8588439226150513 -0.5100564956665039 
vn -0.14836905896663666 -0.8583492040634155 -0.4911448359489441 
vn -0.14836905896663666 -0.8583492040634155 -0.4911448359489441 
vn -0.14836905896663666 -0.8583492040634155 -0.4911448359489441 
vn -0.14836905896663666 -0.8583492040634155 -0.4911448359489441 
vn -0.24231590330600739 -0.858144223690033 -0.45262736082077026 
vn -0.24231590330600739 -0.858144223690033 -0.45262736082077026 
vn -0.24231590330600739 -0.858144223690033 -0.45262736082077026 
vn -0.24231590330600739 -0.858144223690033 -0.45262736082077026 
vn -0.3270518481731415 -0.8574468493461609 -0.3972681760787964 
vn -0.3270518481731415 -0.8574468493461609 -0.3972681760787964 
vn -0.3270518481731415 -0.8574468493461609 -0.3972681760787964 
vn -0.3270518481731415 -0.8574468493461609 -0.3972681760787964 
vn -0.39707067608833313 -0.8587194085121155 -0.3239381015300751 
vn -0.39707067608833313 -0.8587194085121155 -0.3239381015300751 
vn -0.39707067608833313 -0.8587194085121155 -0.3239381015300751 
vn -0.39707067608833313 -0.8587194085121155 -0.3239381015300751 
vn -0.45009690523147583 -0.8600870370864868 -0.2401314377784729 
vn -0.45009690523147583 -0.8600870370864868 -0.2401314377784729 
vn -0.45009690523147583 -0.8600870370864868 -0.2401314377784729 
vn -0.45009690523147583 -0.8600870370864868 -0.2401314377784729 
vn -0.49214932322502136 -0.857459545135498 -0.15017375349998474 
vn -0.49214932322502136 -0.857459545135498 -0.15017375349998474 
vn -0.49214932322502136 -0.857459545135498 -0.15017375349998474 
vn -0.49214932322502136 -0.857459545135498 -0.15017375349998474 
vn -0.5123907923698425 -0.857282280921936 -0.05022686347365379 
vn -0.5123907923698425 -0.857282280921936 -0.05022686347365379 
vn -0.5123907923698425 -0.857282280921936 -0.05022686347365379 
vn -0.5123907923698425 -0.857282280921936 -0.05022686347365379 
vn -0.5123907923698425 -0.857282280921936 0.05022686347365379 
vn -0.5123907923698425 -0.857282280921936 0.05022686347365379 
vn -0.5123907923698425 -0.857282280921936 0.05022686347365379 
vn -0.5123907923698425 -0.857282280921936 0.05022686347365379 
vn -0.49214932322502136 -0.857459545135498 0.15017375349998474 
vn -0.49214932322502136 -0.857459545135498 0.15017375349998474 
vn -0.49214932322502136 -0.857459545135498 0.15017375349998474 
vn -0.49214932322502136 -0.857459545135498 0.15017375349998474 
vn -0.45009690523147583 -0.8600870370864868 0.2401314377784729 
vn -0.45009690523147583 -0.8600870370864868 0.2401314377784729 
vn -0.45009690523147583 -0.8600870370864868 0.2401314377784729 
vn -0.45009690523147583 -0.8600870370864868 0.2401314377784729 
vn -0.3948856294155121 -0.8597263693809509 0.3239381015300751 
vn -0.3948856294155121 -0.8597263693809509 0.3239381015300751 
vn -0.3948856294155121 -0.8597263693809509 0.3239381015300751 
vn -0.3948856294155121 -0.8597263693809509 0.3239381015300751 
vn -0.3248789310455322 -0.8582724928855896 0.3972681760787964 
vn -0.3248789310455322 -0.8582724928855896 0.3972681760787964 
vn -0.3248789310455322 -0.8582724928855896 0.3972681760787964 
vn -0.3248789310455322 -0.8582724928855896 0.3972681760787964 
vn -0.24018307030200958 -0.8587436079978943 0.45262736082077026 
vn -0.24018307030200958 -0.8587436079978943 0.45262736082077026 
vn -0.24018307030200958 -0.8587436079978943 0.45262736082077026 
vn -0.24018307030200958 -0.8587436079978943 0.45262736082077026 
vn -0.14836905896663666 -0.8583492040634155 0.4911448359489441 
vn -0.14836905896663666 -0.8583492040634155 0.4911448359489441 
vn -0.14836905896663666 -0.8583492040634155 0.4911448359489441 
vn -0.14836905896663666 -0.8583492040634155 0.4911448359489441 
vn -0.04526755213737488 -0.8589488863945007 0.5100564956665039 
vn -0.04526755213737488 -0.8589488863945007 0.5100564956665039 
vn -0.04526755213737488 -0.8589488863945007 0.5100564956665039 
vn -0.04526755213737488 -0.8589488863945007 0.5100564956665039 
vn -0.047217726707458496 -0.8588439226150513 -0.5100564956665039 
vn -0.047217726707458496 -0.8588439226150513 -0.5100564956665039 
vn -0.047217726707458496 -0.8588439226150513 -0.5100564956665039 
vn -0.047217726707458496 -0.8588439226150513 -0.5100564956665039 
vn -0.14836905896663666 -0.8583492040634155 -0.4911448359489441 
vn -0.14836905896663666 -0.8583492040634155 -0.4911448359489441 
vn -0.14836905896663666 -0.8583492040634155 -0.4911448359489441 
vn -0.14836905896663666 -0.8583492040634155 -0.4911448359489441 
vn -0.24231590330600739 -0.858144223690033 -0.45262736082077026 
vn -0.24231590330600739 -0.858144223690033 -0.45262736082077026 
vn -0.24231590330600739 -0.858144223690033 -0.45262736082077026 
vn -0.24231590330600739 -0.858144223690033 -0.45262736082077026 
vn -0.3270518481731415 -0.8574468493461609 -0.3972681760787964 
vn -0.3270518481731415 -0.8574468493461609 -0.3972681760787964 
vn -0.3270518481731415 -0.8574468493461609 -0.3972681760787964 
vn -0.3270518481731415 -0.8574468493461609 -0.3972681760787964 
vn -0.39707067608833313 -0.8587194085121155 -0.3239381015300751 
vn -0.39707067608833313 -0.8587194085121155 -0.3239381015300751 
vn -0.39707067608833313 -0.8587194085121155 -0.3239381015300751 
vn -0.39707067608833313 -0.8587194085121155 -0.3239381015300751 
vn -0.45009690523147583 -0.8600870370864868 -0.2401314377784729 
vn -0.45009690523147583 -0.8600870370864868 -0.2401314377784729 
vn -0.45009690523147583 -0.8600870370864868 -0.2401314377784729 
vn -0.45009690523147583 -0.8600870370864868 -0.2401314377784729 
vn -0.49214932322502136 -0.857459545135498 -0.15017375349998474 
vn -0.49214932322502136 -0.857459545135498 -0.15017375349998474 
vn -0.49214932322502136 -0.857459545135498 -0.15017375349998474 
vn -0.49214932322502136 -0.857459545135498 -0.15017375349998474 
vn -0.5123907923698425 -0.857282280921936 -0.05022686347365379 
vn -0.5123907923698425 -0.857282280921936 -0.05022686347365379 
vn -0.5123907923698425 -0.857282280921936 -0.05022686347365379 
vn -0.5123907923698425 -0.857282280921936 -0.05022686347365379 
vn -0.5123907923698425 -0.857282280921936 0.05022686347365379 
vn -0.5123907923698425 -0.857282280921936 0.05022686347365379 
vn -0.5123907923698425 -0.857282280921936 0.05022686347365379 
vn -0.5123907923698425 -0.857282280921936 0.05022686347365379 
vn -0.49214932322502136 -0.857459545135498 0.15017375349998474 
vn -0.49214932322502136 -0.857459545135498 0.15017375349998474 
vn -0.49214932322502136 -0.857459545135498 0.15017375349998474 
vn -0.49214932322502136 -0.857459545135498 0.15017375349998474 
vn -0.45009690523147583 -0.8600870370864868 0.2401314377784729 
vn -0.45009690523147583 -0.8600870370864868 0.2401314377784729 
vn -0.45009690523147583 -0.8600870370864868 0.2401314377784729 
vn -0.45009690523147583 -0.8600870370864868 0.2401314377784729 
vn -0.3948856294155121 -0.8597263693809509 0.3239381015300751 
vn -0.3948856294155121 -0.8597263693809509 0.3239381015300751 
vn -0.3948856294155121 -0.8597263693809509 0.3239381015300751 
vn -0.3948856294155121 -0.8597263693809509 0.3239381015300751 
vn -0.3248789310455322 -0.8582724928855896 0.3972681760787964 
vn -0.3248789310455322 -0.8582724928855896 0.3972681760787964 
vn -0.3248789310455322 -0.8582724928855896 0.3972681760787964 
vn -0.3248789310455322 -0.8582724928855896 0.3972681760787964 
vn -0.24018307030200958 -0.8587436079978943 0.45262736082077026 
vn -0.24018307030200958 -0.8587436079978943 0.45262736082077026 
vn -0.24018307030200958 -0.8587436079978943 0.45262736082077026 
vn -0.24018307030200958 -0.8587436079978943 0.45262736082077026 
vn -0.14836905896663666 -0.8583492040634155 0.4911448359489441 
vn -0.14836905896663666 -0.8583492040634155 0.4911448359489441 
vn -0.14836905896663666 -0.8583492040634155 0.4911448359489441 
vn -0.14836905896663666 -0.8583492040634155 0.4911448359489441 
vn -0.04526755213737488 -0.8589488863945007 0.5100564956665039 
vn -0.04526755213737488 -0.8589488863945007 0.5100564956665039 
vn -0.04526755213737488 -0.8589488863945007 0.5100564956665039 
vn -0.04526755213737488 -0.8589488863945007 0.5100564956665039 
vn 0.4389037787914276 -0.8784477114677429 -0.18892620503902435 
vn 0.4389037787914276 -0.8784477114677429 -0.18892620503902435 
vn 0.4389037787914276 -0.8784477114677429 -0.18892620503902435 
vn 0.4389037787914276 -0.8784477114677429 -0.18892620503902435 
vn 0.4389037787914276 -0.8784477114677429 -0.18892620503902435 
vn 0.4389037787914276 -0.8784477114677429 -0.18892620503902435 
vn 0.48581504821777344 -0.8213200569152832 -0.2990269064903259 
vn 0.48581504821777344 -0.8213200569152832 -0.2990269064903259 
vn 0.48581504821777344 -0.8213200569152832 -0.2990269064903259 
vn 0.48581504821777344 -0.8213200569152832 -0.2990269064903259 
vn 0.48581504821777344 -0.8213200569152832 -0.2990269064903259 
vn 0.48581504821777344 -0.8213200569152832 -0.2990269064903259 
vn 0.5174662470817566 -0.8283564448356628 -0.21460255980491638 
vn 0.5174662470817566 -0.8283564448356628 -0.21460255980491638 
vn 0.5174662470817566 -0.8283564448356628 -0.21460255980491638 
vn 0.5174662470817566 -0.8283564448356628 -0.21460255980491638 
vn 0.5174662470817566 -0.8283564448356628 -0.21460255980491638 
vn 0.5174662470817566 -0.8283564448356628 -0.21460255980491638 
vn 0.5396665334701538 -0.7787728905677795 -0.3198012113571167 
vn 0.5396665334701538 -0.7787728905677795 -0.3198012113571167 
vn 0.5396665334701538 -0.7787728905677795 -0.3198012113571167 
vn 0.5396665334701538 -0.7787728905677795 -0.3198012113571167 
vn 0.5396665334701538 -0.7787728905677795 -0.3198012113571167 
vn 0.5396665334701538 -0.7787728905677795 -0.3198012113571167 
vn 3.097898456858039e-13 -0.999997615814209 0.002184694167226553 
vn 3.097898456858039e-13 -0.999997615814209 0.002184694167226553 
vn 3.097898456858039e-13 -0.999997615814209 0.002184694167226553 
vn 3.097898456858039e-13 -0.999997615814209 0.002184694167226553 
vn 3.097898456858039e-13 -0.999997615814209 0.002184694167226553 
vn 3.097898456858039e-13 -0.999997615814209 0.002184694167226553 
vn 3.097898456858039e-13 -0.999997615814209 0.002184694167226553 
vn 3.097898456858039e-13 -0.999997615814209 0.002184694167226553 
vn 3.097898456858039e-13 -0.999997615814209 0.002184694167226553 
vn 3.097898456858039e-13 -0.999997615814209 0.002184694167226553 
vn 3.097898456858039e-13 -0.999997615814209 0.002184694167226553 
vn 3.097898456858039e-13 -0.999997615814209 0.002184694167226553 
vn 3.097898456858039e-13 -0.999997615814209 0.002184694167226553 
vn 3.097898456858039e-13 -0.999997615814209 0.002184694167226553 
vn 3.097898456858039e-13 -0.999997615814209 0.002184694167226553 
vn 3.097898456858039e-13 -0.999997615814209 0.002184694167226553 
vn 3.097898456858039e-13 -0.999997615814209 0.002184694167226553 
vn 3.097898456858039e-13 -0.999997615814209 0.002184694167226553 
vn 3.097898456858039e-13 -0.999997615814209 0.002184694167226553 
vn 3.097898456858039e-13 -0.999997615814209 0.002184694167226553 
vn 3.097898456858039e-13 -0.999997615814209 0.002184694167226553 
vn 3.097898456858039e-13 -0.999997615814209 0.002184694167226553 
vn 3.097898456858039e-13 -0.999997615814209 0.002184694167226553 
vn 3.097898456858039e-13 -0.999997615814209 0.002184694167226553 
vn 3.097898456858039e-13 -0.999997615814209 0.002184694167226553 
vn 3.097898456858039e-13 -0.999997615814209 0.002184694167226553 
vn 3.097898456858039e-13 -0.999997615814209 0.002184694167226553 
vn 3.097898456858039e-13 -0.999997615814209 0.002184694167226553 
vn 3.097898456858039e-13 -0.999997615814209 0.002184694167226553 
vn 3.097898456858039e-13 -0.999997615814209 0.002184694167226553 
vn 3.097898456858039e-13 -0.999997615814209 0.002184694167226553 
vn 3.097898456858039e-13 -0.999997615814209 0.002184694167226553 
vn 3.097898456858039e-13 -0.999997615814209 0.002184694167226553 
vn 3.097898456858039e-13 -0.999997615814209 0.002184694167226553 
vn 3.097898456858039e-13 -0.999997615814209 0.002184694167226553 
vn 3.097898456858039e-13 -0.999997615814209 0.002184694167226553 
vn 3.097898456858039e-13 -0.999997615814209 0.002184694167226553 
vn 3.097898456858039e-13 -0.999997615814209 0.002184694167226553 
vn 3.097898456858039e-13 -0.999997615814209 0.002184694167226553 
vn 3.097898456858039e-13 -0.999997615814209 0.002184694167226553 
vn 3.097898456858039e-13 -0.999997615814209 0.002184694167226553 
vn 3.097898456858039e-13 -0.999997615814209 0.002184694167226553 
vn 3.097898456858039e-13 -0.999997615814209 0.002184694167226553 
vn 3.097898456858039e-13 -0.999997615814209 0.002184694167226553 
vn 3.097898456858039e-13 -0.999997615814209 0.002184694167226553 
vn 3.097898456858039e-13 -0.999997615814209 0.002184694167226553 
vn 3.097898456858039e-13 -0.999997615814209 0.002184694167226553 
vn 3.097898456858039e-13 -0.999997615814209 0.002184694167226553 
vn 3.097898456858039e-13 -0.999997615814209 0.002184694167226553 
vn 3.097898456858039e-13 -0.999997615814209 0.002184694167226553 
vn 3.097898456858039e-13 -0.999997615814209 0.002184694167226553 
vn 3.097898456858039e-13 -0.999997615814209 0.002184694167226553 
vn 3.097898456858039e-13 -0.999997615814209 0.002184694167226553 
vn 3.097898456858039e-13 -0.999997615814209 0.002184694167226553 
vn 3.097898456858039e-13 -0.999997615814209 0.002184694167226553 
vn 3.097898456858039e-13 -0.999997615814209 0.002184694167226553 
vn 3.097898456858039e-13 -0.999997615814209 0.002184694167226553 
vn 3.097898456858039e-13 -0.999997615814209 0.002184694167226553 
vn 3.097898456858039e-13 -0.999997615814209 0.002184694167226553 
vn 3.097898456858039e-13 -0.999997615814209 0.002184694167226553 
vn 3.097898456858039e-13 -0.999997615814209 0.002184694167226553 
vn 3.097898456858039e-13 -0.999997615814209 0.002184694167226553 
vn 3.097898456858039e-13 -0.999997615814209 0.002184694167226553 
vn 3.097898456858039e-13 -0.999997615814209 0.002184694167226553 
vn 3.097898456858039e-13 -0.999997615814209 0.002184694167226553 
vn 3.097898456858039e-13 -0.999997615814209 0.002184694167226553 
vn 3.097898456858039e-13 -0.999997615814209 0.002184694167226553 
vn 3.097898456858039e-13 -0.999997615814209 0.002184694167226553 
vn 3.097898456858039e-13 -0.999997615814209 0.002184694167226553 
vn 3.097898456858039e-13 -0.999997615814209 0.002184694167226553 
vn 3.097898456858039e-13 -0.999997615814209 0.002184694167226553 
vn 3.097898456858039e-13 -0.999997615814209 0.002184694167226553 
vn 3.097898456858039e-13 -0.999997615814209 0.002184694167226553 
vn 3.097898456858039e-13 -0.999997615814209 0.002184694167226553 
vn 3.097898456858039e-13 -0.999997615814209 0.002184694167226553 
vn 3.097898456858039e-13 -0.999997615814209 0.002184694167226553 
vn 3.097898456858039e-13 -0.999997615814209 0.002184694167226553 
vn 3.097898456858039e-13 -0.999997615814209 0.002184694167226553 
vn 3.097898456858039e-13 -0.999997615814209 0.002184694167226553 
vn 3.097898456858039e-13 -0.999997615814209 0.002184694167226553 
vn 3.097898456858039e-13 -0.999997615814209 0.002184694167226553 
vn 3.097898456858039e-13 -0.999997615814209 0.002184694167226553 
vn 3.097898456858039e-13 -0.999997615814209 0.002184694167226553 
vn 3.097898456858039e-13 -0.999997615814209 0.002184694167226553 
vn 3.097898456858039e-13 -0.999997615814209 0.002184694167226553 
vn 3.097898456858039e-13 -0.999997615814209 0.002184694167226553 
vn 3.097898456858039e-13 -0.999997615814209 0.002184694167226553 
vn 3.097898456858039e-13 -0.999997615814209 0.002184694167226553 
vn 3.097898456858039e-13 -0.999997615814209 0.002184694167226553 
vn 3.097898456858039e-13 -0.999997615814209 0.002184694167226553 
vn 3.097898456858039e-13 -0.999997615814209 0.002184694167226553 
vn 3.097898456858039e-13 -0.999997615814209 0.002184694167226553 
vn 3.097898456858039e-13 -0.999997615814209 0.002184694167226553 
vn 3.097898456858039e-13 -0.999997615814209 0.002184694167226553 
vn 3.097898456858039e-13 -0.999997615814209 0.002184694167226553 
vn 3.097898456858039e-13 -0.999997615814209 0.002184694167226553 
vn 3.097898456858039e-13 -0.999997615814209 0.002184694167226553 
vn 3.097898456858039e-13 -0.999997615814209 0.002184694167226553 
vn 3.097898456858039e-13 -0.999997615814209 0.002184694167226553 
vn 3.097898456858039e-13 -0.999997615814209 0.002184694167226553 
vn 3.097898456858039e-13 -0.999997615814209 0.002184694167226553 
vn 3.097898456858039e-13 -0.999997615814209 0.002184694167226553 
vn 3.097898456858039e-13 -0.999997615814209 0.002184694167226553 
vn 3.097898456858039e-13 -0.999997615814209 0.002184694167226553 
vn 3.097898456858039e-13 -0.999997615814209 0.002184694167226553 
vn 3.097898456858039e-13 -0.999997615814209 0.002184694167226553 
vn 3.097898456858039e-13 -0.999997615814209 0.002184694167226553 
vn 3.097898456858039e-13 -0.999997615814209 0.002184694167226553 
vn 3.097898456858039e-13 -0.999997615814209 0.002184694167226553 
vn 3.097898456858039e-13 -0.999997615814209 0.002184694167226553 
vn 3.097898456858039e-13 -0.999997615814209 0.002184694167226553 
vn 3.097898456858039e-13 -0.999997615814209 0.002184694167226553 
vn 3.097898456858039e-13 -0.999997615814209 0.002184694167226553 
vn 3.097898456858039e-13 -0.999997615814209 0.002184694167226553 
vn 3.097898456858039e-13 -0.999997615814209 0.002184694167226553 
vn 3.097898456858039e-13 -0.999997615814209 0.002184694167226553 
vn 3.097898456858039e-13 -0.999997615814209 0.002184694167226553 
vn 3.097898456858039e-13 -0.999997615814209 0.002184694167226553 
vn 3.097898456858039e-13 -0.999997615814209 0.002184694167226553 
vn 3.097898456858039e-13 -0.999997615814209 0.002184694167226553 
vn 3.097898456858039e-13 -0.999997615814209 0.002184694167226553 
vn 3.097898456858039e-13 -0.999997615814209 0.002184694167226553 
vn 3.097898456858039e-13 -0.999997615814209 0.002184694167226553 
vn 3.097898456858039e-13 -0.999997615814209 0.002184694167226553 
vn 3.097898456858039e-13 -0.999997615814209 0.002184694167226553 
vn 3.097898456858039e-13 -0.999997615814209 0.002184694167226553 
vn 3.097898456858039e-13 -0.999997615814209 0.002184694167226553 
vn 3.097898456858039e-13 -0.999997615814209 0.002184694167226553 
vn 3.097898456858039e-13 -0.999997615814209 0.002184694167226553 
vn 3.097898456858039e-13 -0.999997615814209 0.002184694167226553 
vn 3.097898456858039e-13 -0.999997615814209 0.002184694167226553 
vn 3.097898456858039e-13 -0.999997615814209 0.002184694167226553 
vn 3.097898456858039e-13 -0.999997615814209 0.002184694167226553 
vn 3.097898456858039e-13 -0.999997615814209 0.002184694167226553 
vn 3.097898456858039e-13 -0.999997615814209 0.002184694167226553 
vn 3.097898456858039e-13 -0.999997615814209 0.002184694167226553 
vn 3.097898456858039e-13 -0.999997615814209 0.002184694167226553 
vn 3.097898456858039e-13 -0.999997615814209 0.002184694167226553 
vn 3.097898456858039e-13 -0.999997615814209 0.002184694167226553 
vn 3.097898456858039e-13 -0.999997615814209 0.002184694167226553 
vn 3.097898456858039e-13 -0.999997615814209 0.002184694167226553 
vn 3.097898456858039e-13 -0.999997615814209 0.002184694167226553 
vn 3.097898456858039e-13 -0.999997615814209 0.002184694167226553 
vn 3.097898456858039e-13 -0.999997615814209 0.002184694167226553 
vn 3.097898456858039e-13 -0.999997615814209 0.002184694167226553 
vn 3.097898456858039e-13 -0.999997615814209 0.002184694167226553 
vn 3.097898456858039e-13 -0.999997615814209 0.002184694167226553 
vn 3.097898456858039e-13 -0.999997615814209 0.002184694167226553 
vn 3.097898456858039e-13 -0.999997615814209 0.002184694167226553 
vn 3.097898456858039e-13 -0.999997615814209 0.002184694167226553 
vn 3.097898456858039e-13 -0.999997615814209 0.002184694167226553 
vn 3.097898456858039e-13 -0.999997615814209 0.002184694167226553 
vn 3.097898456858039e-13 -0.999997615814209 0.002184694167226553 
vn 3.097898456858039e-13 -0.999997615814209 0.002184694167226553 
vn 3.097898456858039e-13 -0.999997615814209 0.002184694167226553 
vn 3.097898456858039e-13 -0.999997615814209 0.002184694167226553 
vn 3.097898456858039e-13 -0.999997615814209 0.002184694167226553 
vn 3.097898456858039e-13 -0.999997615814209 0.002184694167226553 
vn 3.097898456858039e-13 -0.999997615814209 0.002184694167226553 
vn 3.097898456858039e-13 -0.999997615814209 0.002184694167226553 
vn 3.097898456858039e-13 -0.999997615814209 0.002184694167226553 
vn 3.097898456858039e-13 -0.999997615814209 0.002184694167226553 
vn 3.097898456858039e-13 -0.999997615814209 0.002184694167226553 
vn 3.097898456858039e-13 -0.999997615814209 0.002184694167226553 
vn 3.097898456858039e-13 -0.999997615814209 0.002184694167226553 
vn 3.097898456858039e-13 -0.999997615814209 0.002184694167226553 
vn 3.097898456858039e-13 -0.999997615814209 0.002184694167226553 
vn 3.097898456858039e-13 -0.999997615814209 0.002184694167226553 
vn 3.097898456858039e-13 -0.999997615814209 0.002184694167226553 
vn 3.097898456858039e-13 -0.999997615814209 0.002184694167226553 
vn 3.097898456858039e-13 -0.999997615814209 0.002184694167226553 
vn 3.097898456858039e-13 -0.999997615814209 0.002184694167226553 
vn 3.097898456858039e-13 -0.999997615814209 0.002184694167226553 
vn 3.097898456858039e-13 -0.999997615814209 0.002184694167226553 
vn 3.097898456858039e-13 -0.999997615814209 0.002184694167226553 
vn 3.097898456858039e-13 -0.999997615814209 0.002184694167226553 
vn 3.097898456858039e-13 -0.999997615814209 0.002184694167226553 
vn 3.097898456858039e-13 -0.999997615814209 0.002184694167226553 
vn 3.097898456858039e-13 -0.999997615814209 0.002184694167226553 
vn 3.097898456858039e-13 -0.999997615814209 0.002184694167226553 
vn 3.097898456858039e-13 -0.999997615814209 0.002184694167226553 
vn 3.097898456858039e-13 -0.999997615814209 0.002184694167226553 
vn 3.097898456858039e-13 -0.999997615814209 0.002184694167226553 
vn 3.097898456858039e-13 -0.999997615814209 0.002184694167226553 
vn 3.097898456858039e-13 -0.999997615814209 0.002184694167226553 
vn 3.097898456858039e-13 -0.999997615814209 0.002184694167226553 
vn 3.097898456858039e-13 -0.999997615814209 0.002184694167226553 
vn 3.097898456858039e-13 -0.999997615814209 0.002184694167226553 
vn 3.097898456858039e-13 -0.999997615814209 0.002184694167226553 
vn 3.097898456858039e-13 -0.999997615814209 0.002184694167226553 
vn 3.097898456858039e-13 -0.999997615814209 0.002184694167226553 
vn 3.097898456858039e-13 -0.999997615814209 0.002184694167226553 
vn 3.097898456858039e-13 -0.999997615814209 0.002184694167226553 
vn 3.097898456858039e-13 -0.999997615814209 0.002184694167226553 
vn 3.097898456858039e-13 -0.999997615814209 0.002184694167226553 
vn 3.097898456858039e-13 -0.999997615814209 0.002184694167226553 
vn 3.097898456858039e-13 -0.999997615814209 0.002184694167226553 
vn 3.097898456858039e-13 -0.999997615814209 0.002184694167226553 
vn 3.097898456858039e-13 -0.999997615814209 0.002184694167226553 
vn 3.097898456858039e-13 -0.999997615814209 0.002184694167226553 
vn 3.097898456858039e-13 -0.999997615814209 0.002184694167226553 
vn 3.097898456858039e-13 -0.999997615814209 0.002184694167226553 
vn 3.097898456858039e-13 -0.999997615814209 0.002184694167226553 
vn 3.097898456858039e-13 -0.999997615814209 0.002184694167226553 
vn 3.097898456858039e-13 -0.999997615814209 0.002184694167226553 
vn 3.097898456858039e-13 -0.999997615814209 0.002184694167226553 
vn 3.097898456858039e-13 -0.999997615814209 0.002184694167226553 
vn 3.097898456858039e-13 -0.999997615814209 0.002184694167226553 
vn 3.097898456858039e-13 -0.999997615814209 0.002184694167226553 
vn 3.097898456858039e-13 -0.999997615814209 0.002184694167226553 
vn 3.097898456858039e-13 -0.999997615814209 0.002184694167226553 
vn 3.097898456858039e-13 -0.999997615814209 0.002184694167226553 
vn 3.097898456858039e-13 -0.999997615814209 0.002184694167226553 
vn 3.097898456858039e-13 -0.999997615814209 0.002184694167226553 
vn 3.097898456858039e-13 -0.999997615814209 0.002184694167226553 
vn 3.097898456858039e-13 -0.999997615814209 0.002184694167226553 
vn 3.097898456858039e-13 -0.999997615814209 0.002184694167226553 
vn 3.097898456858039e-13 -0.999997615814209 0.002184694167226553 
vn 3.097898456858039e-13 -0.999997615814209 0.002184694167226553 
vn 3.097898456858039e-13 -0.999997615814209 0.002184694167226553 
vn 3.097898456858039e-13 -0.999997615814209 0.002184694167226553 
vn 3.097898456858039e-13 -0.999997615814209 0.002184694167226553 
vn 3.097898456858039e-13 -0.999997615814209 0.002184694167226553 
vn 3.097898456858039e-13 -0.999997615814209 0.002184694167226553 
vn 3.097898456858039e-13 -0.999997615814209 0.002184694167226553 
vn 3.097898456858039e-13 -0.999997615814209 0.002184694167226553 
vn 3.097898456858039e-13 -0.999997615814209 0.002184694167226553 
vn 3.097898456858039e-13 -0.999997615814209 0.002184694167226553 
vn 3.097898456858039e-13 -0.999997615814209 0.002184694167226553 
vn 3.097898456858039e-13 -0.999997615814209 0.002184694167226553 
vn 3.097898456858039e-13 -0.999997615814209 0.002184694167226553 
vn 3.097898456858039e-13 -0.999997615814209 0.002184694167226553 
vn 3.097898456858039e-13 -0.999997615814209 0.002184694167226553 
vn 3.097898456858039e-13 -0.999997615814209 0.002184694167226553 
vn 3.097898456858039e-13 -0.999997615814209 0.002184694167226553 
vn 3.097898456858039e-13 -0.999997615814209 0.002184694167226553 
vn 3.097898456858039e-13 -0.999997615814209 0.002184694167226553 
vn 3.097898456858039e-13 -0.999997615814209 0.002184694167226553 
vn 3.097898456858039e-13 -0.999997615814209 0.002184694167226553 
vn 3.097898456858039e-13 -0.999997615814209 0.002184694167226553 
vn 3.097898456858039e-13 -0.999997615814209 0.002184694167226553 
vn 3.097898456858039e-13 -0.999997615814209 0.002184694167226553 
vn 3.097898456858039e-13 -0.999997615814209 0.002184694167226553 
vn 3.097898456858039e-13 -0.999997615814209 0.002184694167226553 
vn 3.097898456858039e-13 -0.999997615814209 0.002184694167226553 
vn 3.097898456858039e-13 -0.999997615814209 0.002184694167226553 
vn 3.097898456858039e-13 -0.999997615814209 0.002184694167226553 
vn 3.097898456858039e-13 -0.999997615814209 0.002184694167226553 
vn 3.097898456858039e-13 -0.999997615814209 0.002184694167226553 
vn 3.097898456858039e-13 -0.999997615814209 0.002184694167226553 
vn 3.097898456858039e-13 -0.999997615814209 0.002184694167226553 
vn 3.097898456858039e-13 -0.999997615814209 0.002184694167226553 
vn 3.097898456858039e-13 -0.999997615814209 0.002184694167226553 
vn 3.097898456858039e-13 -0.999997615814209 0.002184694167226553 
vn 3.097898456858039e-13 -0.999997615814209 0.002184694167226553 
vn 3.097898456858039e-13 -0.999997615814209 0.002184694167226553 
vn 3.097898456858039e-13 -0.999997615814209 0.002184694167226553 
vn 3.097898456858039e-13 -0.999997615814209 0.002184694167226553 
vn 3.097898456858039e-13 -0.999997615814209 0.002184694167226553 
vn 3.097898456858039e-13 -0.999997615814209 0.002184694167226553 
vn 3.097898456858039e-13 -0.999997615814209 0.002184694167226553 
vn 3.097898456858039e-13 -0.999997615814209 0.002184694167226553 
vn 3.097898456858039e-13 -0.999997615814209 0.002184694167226553 
vn 3.097898456858039e-13 -0.999997615814209 0.002184694167226553 
vn 3.097898456858039e-13 -0.999997615814209 0.002184694167226553 
vn 3.097898456858039e-13 -0.999997615814209 0.002184694167226553 
vn 3.097898456858039e-13 -0.999997615814209 0.002184694167226553 
vn 3.097898456858039e-13 -0.999997615814209 0.002184694167226553 
vn 3.097898456858039e-13 -0.999997615814209 0.002184694167226553 
vn 3.097898456858039e-13 -0.999997615814209 0.002184694167226553 
vn 3.097898456858039e-13 -0.999997615814209 0.002184694167226553 
vn 3.097898456858039e-13 -0.999997615814209 0.002184694167226553 
vn 3.097898456858039e-13 -0.999997615814209 0.002184694167226553 
vn 3.097898456858039e-13 -0.999997615814209 0.002184694167226553 
vn 3.097898456858039e-13 -0.999997615814209 0.002184694167226553 
vn 3.097898456858039e-13 -0.999997615814209 0.002184694167226553 
vn 3.097898456858039e-13 -0.999997615814209 0.002184694167226553 
vn 3.097898456858039e-13 -0.999997615814209 0.002184694167226553 
vn 3.097898456858039e-13 -0.999997615814209 0.002184694167226553 
vn 3.097898456858039e-13 -0.999997615814209 0.002184694167226553 
vn 3.097898456858039e-13 -0.999997615814209 0.002184694167226553 
vn 3.097898456858039e-13 -0.999997615814209 0.002184694167226553 
vn 3.097898456858039e-13 -0.999997615814209 0.002184694167226553 
vn 3.097898456858039e-13 -0.999997615814209 0.002184694167226553 
vn 3.097898456858039e-13 -0.999997615814209 0.002184694167226553 
vn 3.097898456858039e-13 -0.999997615814209 0.002184694167226553 
vn 3.097898456858039e-13 -0.999997615814209 0.002184694167226553 
vn 3.097898456858039e-13 -0.999997615814209 0.002184694167226553 
vn 3.097898456858039e-13 -0.999997615814209 0.002184694167226553 
vn 3.097898456858039e-13 -0.999997615814209 0.002184694167226553 
vn 3.097898456858039e-13 -0.999997615814209 0.002184694167226553 
vn 3.097898456858039e-13 -0.999997615814209 0.002184694167226553 
vn 3.097898456858039e-13 -0.999997615814209 0.002184694167226553 
vn 3.097898456858039e-13 -0.999997615814209 0.002184694167226553 
vn 3.097898456858039e-13 -0.999997615814209 0.002184694167226553 
vn 3.097898456858039e-13 -0.999997615814209 0.002184694167226553 
vn 3.097898456858039e-13 -0.999997615814209 0.002184694167226553 
vn 3.097898456858039e-13 -0.999997615814209 0.002184694167226553 
vn 3.097898456858039e-13 -0.999997615814209 0.002184694167226553 
vn 3.097898456858039e-13 -0.999997615814209 0.002184694167226553 
vn 3.097898456858039e-13 -0.999997615814209 0.002184694167226553 
vn 3.097898456858039e-13 -0.999997615814209 0.002184694167226553 
vn 3.097898456858039e-13 -0.999997615814209 0.002184694167226553 
vn 3.097898456858039e-13 -0.999997615814209 0.002184694167226553 
vn 3.097898456858039e-13 -0.999997615814209 0.002184694167226553 
vn 3.097898456858039e-13 -0.999997615814209 0.002184694167226553 
vn 3.097898456858039e-13 -0.999997615814209 0.002184694167226553 
vn 3.097898456858039e-13 -0.999997615814209 0.002184694167226553 
vn 3.097898456858039e-13 -0.999997615814209 0.002184694167226553 
vn 3.097898456858039e-13 -0.999997615814209 0.002184694167226553 
vn 3.097898456858039e-13 -0.999997615814209 0.002184694167226553 
vn 3.097898456858039e-13 -0.999997615814209 0.002184694167226553 
vn 3.097898456858039e-13 -0.999997615814209 0.002184694167226553 
vn 3.097898456858039e-13 -0.999997615814209 0.002184694167226553 
vn 3.097898456858039e-13 -0.999997615814209 0.002184694167226553 
vn 3.097898456858039e-13 -0.999997615814209 0.002184694167226553 
vn 3.097898456858039e-13 -0.999997615814209 0.002184694167226553 
vn 3.097898456858039e-13 -0.999997615814209 0.002184694167226553 
vn 3.097898456858039e-13 -0.999997615814209 0.002184694167226553 
vn 3.097898456858039e-13 -0.999997615814209 0.002184694167226553 
vn 3.097898456858039e-13 -0.999997615814209 0.002184694167226553 
vn 3.097898456858039e-13 -0.999997615814209 0.002184694167226553 
vn 3.097898456858039e-13 -0.999997615814209 0.002184694167226553 
vn 3.097898456858039e-13 -0.999997615814209 0.002184694167226553 
vn 3.097898456858039e-13 -0.999997615814209 0.002184694167226553 
vn 3.097898456858039e-13 -0.999997615814209 0.002184694167226553 
vn 3.097898456858039e-13 -0.999997615814209 0.002184694167226553 
vn 3.097898456858039e-13 -0.999997615814209 0.002184694167226553 
vn 3.097898456858039e-13 -0.999997615814209 0.002184694167226553 
vn 3.097898456858039e-13 -0.999997615814209 0.002184694167226553 
vn 3.097898456858039e-13 -0.999997615814209 0.002184694167226553 
vn 3.097898456858039e-13 -0.999997615814209 0.002184694167226553 
vn 3.097898456858039e-13 -0.999997615814209 0.002184694167226553 
vn 3.097898456858039e-13 -0.999997615814209 0.002184694167226553 
vn 3.097898456858039e-13 -0.999997615814209 0.002184694167226553 
vn 3.097898456858039e-13 -0.999997615814209 0.002184694167226553 
vn 3.097898456858039e-13 -0.999997615814209 0.002184694167226553 
vn 3.097898456858039e-13 -0.999997615814209 0.002184694167226553 
vn 3.097898456858039e-13 -0.999997615814209 0.002184694167226553 
vn 3.097898456858039e-13 -0.999997615814209 0.002184694167226553 
vn 3.097898456858039e-13 -0.999997615814209 0.002184694167226553 
vn 3.097898456858039e-13 -0.999997615814209 0.002184694167226553 
vn 3.097898456858039e-13 -0.999997615814209 0.002184694167226553 
vn 3.097898456858039e-13 -0.999997615814209 0.002184694167226553 
vn 3.097898456858039e-13 -0.999997615814209 0.002184694167226553 
vn 3.097898456858039e-13 -0.999997615814209 0.002184694167226553 
vn 3.097898456858039e-13 -0.999997615814209 0.002184694167226553 
vn 3.097898456858039e-13 -0.999997615814209 0.002184694167226553 
vn 3.097898456858039e-13 -0.999997615814209 0.002184694167226553 
vn 3.097898456858039e-13 -0.999997615814209 0.002184694167226553 
vn 3.097898456858039e-13 -0.999997615814209 0.002184694167226553 
vn 3.097898456858039e-13 -0.999997615814209 0.002184694167226553 
vn 3.097898456858039e-13 -0.999997615814209 0.002184694167226553 
vn 3.097898456858039e-13 -0.999997615814209 0.002184694167226553 
vn 3.097898456858039e-13 -0.999997615814209 0.002184694167226553 
vn 3.097898456858039e-13 -0.999997615814209 0.002184694167226553 
vn 3.097898456858039e-13 -0.999997615814209 0.002184694167226553 
vn 3.097898456858039e-13 -0.999997615814209 0.002184694167226553 
vn 3.097898456858039e-13 -0.999997615814209 0.002184694167226553 
vn 3.097898456858039e-13 -0.999997615814209 0.002184694167226553 
vn 3.097898456858039e-13 -0.999997615814209 0.002184694167226553 
vn 3.097898456858039e-13 -0.999997615814209 0.002184694167226553 
vn 3.097898456858039e-13 -0.999997615814209 0.002184694167226553 
vn 3.097898456858039e-13 -0.999997615814209 0.002184694167226553 
vn 3.097898456858039e-13 -0.999997615814209 0.002184694167226553 
vn 3.097898456858039e-13 -0.999997615814209 0.002184694167226553 
vn 3.097898456858039e-13 -0.999997615814209 0.002184694167226553 
vn 3.097898456858039e-13 -0.999997615814209 0.002184694167226553 
vn 3.097898456858039e-13 -0.999997615814209 0.002184694167226553 
vn 3.097898456858039e-13 -0.999997615814209 0.002184694167226553 
vn 3.097898456858039e-13 -0.999997615814209 0.002184694167226553 
vn 3.097898456858039e-13 -0.999997615814209 0.002184694167226553 
vn 3.097898456858039e-13 -0.999997615814209 0.002184694167226553 
vn 3.097898456858039e-13 -0.999997615814209 0.002184694167226553 
vn 3.097898456858039e-13 -0.999997615814209 0.002184694167226553 
vn 3.097898456858039e-13 -0.999997615814209 0.002184694167226553 
vn 3.097898456858039e-13 -0.999997615814209 0.002184694167226553 
vn 3.097898456858039e-13 -0.999997615814209 0.002184694167226553 
vn 3.097898456858039e-13 -0.999997615814209 0.002184694167226553 
vn 3.097898456858039e-13 -0.999997615814209 0.002184694167226553 
vn 3.097898456858039e-13 -0.999997615814209 0.002184694167226553 
vn 3.097898456858039e-13 -0.999997615814209 0.002184694167226553 
vn 3.097898456858039e-13 -0.999997615814209 0.002184694167226553 
vn 3.097898456858039e-13 -0.999997615814209 0.002184694167226553 
vn 3.097898456858039e-13 -0.999997615814209 0.002184694167226553 
vn 3.097898456858039e-13 -0.999997615814209 0.002184694167226553 
vn 3.097898456858039e-13 -0.999997615814209 0.002184694167226553 
vn 3.097898456858039e-13 -0.999997615814209 0.002184694167226553 
vn 3.097898456858039e-13 -0.999997615814209 0.002184694167226553 
vn 3.097898456858039e-13 -0.999997615814209 0.002184694167226553 
vn 3.097898456858039e-13 -0.999997615814209 0.002184694167226553 
vn 3.097898456858039e-13 -0.999997615814209 0.002184694167226553 
vn 3.097898456858039e-13 -0.999997615814209 0.002184694167226553 
vn 3.097898456858039e-13 -0.999997615814209 0.002184694167226553 
vn 3.097898456858039e-13 -0.999997615814209 0.002184694167226553 
vn 3.097898456858039e-13 -0.999997615814209 0.002184694167226553 
vn 3.097898456858039e-13 -0.999997615814209 0.002184694167226553 
vn 3.097898456858039e-13 -0.999997615814209 0.002184694167226553 
vn 3.097898456858039e-13 -0.999997615814209 0.002184694167226553 
vn 3.097898456858039e-13 -0.999997615814209 0.002184694167226553 
vn 3.097898456858039e-13 -0.999997615814209 0.002184694167226553 
vn 3.097898456858039e-13 -0.999997615814209 0.002184694167226553 
vn 3.097898456858039e-13 -0.999997615814209 0.002184694167226553 
vn 3.097898456858039e-13 -0.999997615814209 0.002184694167226553 
vn 3.097898456858039e-13 -0.999997615814209 0.002184694167226553 
vn 3.097898456858039e-13 -0.999997615814209 0.002184694167226553 
vn 3.097898456858039e-13 -0.999997615814209 0.002184694167226553 
vn 3.097898456858039e-13 -0.999997615814209 0.002184694167226553 
vn 3.097898456858039e-13 -0.999997615814209 0.002184694167226553 
vn 3.097898456858039e-13 -0.999997615814209 0.002184694167226553 
vn 3.097898456858039e-13 -0.999997615814209 0.002184694167226553 
vn 3.097898456858039e-13 -0.999997615814209 0.002184694167226553 
vn 3.097898456858039e-13 -0.999997615814209 0.002184694167226553 
vn 3.097898456858039e-13 -0.999997615814209 0.002184694167226553 
vn 3.097898456858039e-13 -0.999997615814209 0.002184694167226553 
vn 3.097898456858039e-13 -0.999997615814209 0.002184694167226553 
vn 3.097898456858039e-13 -0.999997615814209 0.002184694167226553 
vn 3.097898456858039e-13 -0.999997615814209 0.002184694167226553 
vn 3.097898456858039e-13 -0.999997615814209 0.002184694167226553 
vn 3.097898456858039e-13 -0.999997615814209 0.002184694167226553 
vn 3.097898456858039e-13 -0.999997615814209 0.002184694167226553 
vn 3.097898456858039e-13 -0.999997615814209 0.002184694167226553 
vn 3.097898456858039e-13 -0.999997615814209 0.002184694167226553 
vn 3.097898456858039e-13 -0.999997615814209 0.002184694167226553 
vn 3.097898456858039e-13 -0.999997615814209 0.002184694167226553 
vn 3.097898456858039e-13 -0.999997615814209 0.002184694167226553 
vn 3.097898456858039e-13 -0.999997615814209 0.002184694167226553 
vn 3.097898456858039e-13 -0.999997615814209 0.002184694167226553 
vn 3.097898456858039e-13 -0.999997615814209 0.002184694167226553 
vn 3.097898456858039e-13 -0.999997615814209 0.002184694167226553 
vn 3.097898456858039e-13 -0.999997615814209 0.002184694167226553 
vn 3.097898456858039e-13 -0.999997615814209 0.002184694167226553 
vn 3.097898456858039e-13 -0.999997615814209 0.002184694167226553 
vn 3.097898456858039e-13 -0.999997615814209 0.002184694167226553 
vn 3.097898456858039e-13 -0.999997615814209 0.002184694167226553 
vn 3.097898456858039e-13 -0.999997615814209 0.002184694167226553 
vn 3.097898456858039e-13 -0.999997615814209 0.002184694167226553 
vn 3.097898456858039e-13 -0.999997615814209 0.002184694167226553 
vn 3.097898456858039e-13 -0.999997615814209 0.002184694167226553 
vn 3.097898456858039e-13 -0.999997615814209 0.002184694167226553 
vn 3.097898456858039e-13 -0.999997615814209 0.002184694167226553 
vn 3.097898456858039e-13 -0.999997615814209 0.002184694167226553 
vn 3.097898456858039e-13 -0.999997615814209 0.002184694167226553 
vn 3.097898456858039e-13 -0.999997615814209 0.002184694167226553 
vn 3.097898456858039e-13 -0.999997615814209 0.002184694167226553 
vn 3.097898456858039e-13 -0.999997615814209 0.002184694167226553 
vn 3.097898456858039e-13 -0.999997615814209 0.002184694167226553 
vn 3.097898456858039e-13 -0.999997615814209 0.002184694167226553 
vn 3.097898456858039e-13 -0.999997615814209 0.002184694167226553 
vn 3.097898456858039e-13 -0.999997615814209 0.002184694167226553 
vn 3.097898456858039e-13 -0.999997615814209 0.002184694167226553 
vn 3.097898456858039e-13 -0.999997615814209 0.002184694167226553 
vn 3.097898456858039e-13 -0.999997615814209 0.002184694167226553 
vn 3.097898456858039e-13 -0.999997615814209 0.002184694167226553 
vn 3.097898456858039e-13 -0.999997615814209 0.002184694167226553 
vn 3.097898456858039e-13 -0.999997615814209 0.002184694167226553 
vn 3.097898456858039e-13 -0.999997615814209 0.002184694167226553 
vn 3.097898456858039e-13 -0.999997615814209 0.002184694167226553 
vn 3.097898456858039e-13 -0.999997615814209 0.002184694167226553 
vn 3.097898456858039e-13 -0.999997615814209 0.002184694167226553 
vn 3.097898456858039e-13 -0.999997615814209 0.002184694167226553 
vn 3.097898456858039e-13 -0.999997615814209 0.002184694167226553 
vn 3.097898456858039e-13 -0.999997615814209 0.002184694167226553 
vn 3.097898456858039e-13 -0.999997615814209 0.002184694167226553 
vn 3.097898456858039e-13 -0.999997615814209 0.002184694167226553 
vn 3.097898456858039e-13 -0.999997615814209 0.002184694167226553 
vn 3.097898456858039e-13 -0.999997615814209 0.002184694167226553 
vn 3.097898456858039e-13 -0.999997615814209 0.002184694167226553 
vn 3.097898456858039e-13 -0.999997615814209 0.002184694167226553 
vn 3.097898456858039e-13 -0.999997615814209 0.002184694167226553 
vn 3.097898456858039e-13 -0.999997615814209 0.002184694167226553 
vn 3.097898456858039e-13 -0.999997615814209 0.002184694167226553 
vn 3.097898456858039e-13 -0.999997615814209 0.002184694167226553 
vn 3.097898456858039e-13 -0.999997615814209 0.002184694167226553 
vn 3.097898456858039e-13 -0.999997615814209 0.002184694167226553 
vn 3.097898456858039e-13 -0.999997615814209 0.002184694167226553 
vn 3.097898456858039e-13 -0.999997615814209 0.002184694167226553 
vn 3.097898456858039e-13 -0.999997615814209 0.002184694167226553 
vn 3.097898456858039e-13 -0.999997615814209 0.002184694167226553 
vn 3.097898456858039e-13 -0.999997615814209 0.002184694167226553 
s on 
f 1//1 2//2 3//3 
f 2//2 4//4 3//3 
f 3//3 4//4 5//5 
f 4//4 6//6 5//5 
f 5//5 6//6 6//6 
f 6//6 7//7 6//6 
f 6//6 7//7 7//7 
f 7//7 8//8 7//7 
f 7//7 8//8 9//9 
f 8//8 10//10 9//9 
f 9//9 10//10 11//11 
f 10//10 12//12 11//11 
f 11//11 12//12 13//13 
f 12//12 14//14 13//13 
f 13//13 14//14 13//13 
f 14//14 15//15 13//13 
f 13//13 15//15 13//13 
f 15//15 16//16 13//13 
f 13//13 16//16 13//13 
f 16//16 17//17 13//13 
f 13//13 17//17 18//18 
f 17//17 19//19 18//18 
f 18//18 19//19 18//18 
f 19//19 20//20 18//18 
f 18//18 20//20 18//18 
f 20//20 21//21 18//18 
f 18//18 21//21 22//22 
f 21//21 23//23 22//22 
f 22//22 23//23 22//22 
f 23//23 24//24 22//22 
f 22//22 24//24 22//22 
f 24//24 25//25 22//22 
f 22//22 25//25 26//26 
f 25//25 27//27 26//26 
f 26//26 27//27 26//26 
f 27//27 28//28 26//26 
f 26//26 28//28 26//26 
f 28//28 29//29 26//26 
f 26//26 29//29 30//30 
f 29//29 31//31 30//30 
f 30//30 31//31 30//30 
f 31//31 32//32 30//30 
f 30//30 32//32 30//30 
f 32//32 33//33 30//30 
f 30//30 33//33 34//34 
f 33//33 35//35 34//34 
f 34//34 35//35 34//34 
f 35//35 36//36 34//34 
f 34//34 36//36 34//34 
f 36//36 37//37 34//34 
f 34//34 37//37 38//38 
f 37//37 39//39 38//38 
f 38//38 39//39 38//38 
f 39//39 40//40 38//38 
f 38//38 40//40 38//38 
f 40//40 41//41 38//38 
f 38//38 41//41 42//42 
f 41//41 43//43 42//42 
f 42//42 43//43 42//42 
f 43//43 44//44 42//42 
f 42//42 44//44 42//42 
f 44//44 45//45 42//42 
f 42//42 45//45 46//46 
f 45//45 47//47 46//46 
f 46//46 47//47 46//46 
f 47//47 48//48 46//46 
f 46//46 48//48 46//46 
f 48//48 49//49 46//46 
f 46//46 49//49 50//50 
f 49//49 51//51 50//50 
f 50//50 51//51 52//52 
f 51//51 53//53 52//52 
f 52//52 53//53 52//52 
f 53//53 54//54 52//52 
f 52//52 54//54 55//55 
f 54//54 56//56 55//55 
f 55//55 56//56 55//55 
f 56//56 57//57 55//55 
f 55//55 57//57 55//55 
f 57//57 58//58 55//55 
f 55//55 58//58 59//59 
f 58//58 60//60 59//59 
f 59//59 60//60 60//60 
f 60//60 9//9 60//60 
f 60//60 9//9 9//9 
f 9//9 11//11 9//9 
f 9//9 11//11 61//61 
f 11//11 61//61 61//61 
f 61//61 61//61 62//62 
f 61//61 62//62 62//62 
f 62//62 62//62 63//63 
f 62//62 64//64 63//63 
f 63//63 64//64 63//63 
f 64//64 65//65 63//63 
f 63//63 65//65 66//66 
f 65//65 67//67 66//66 
f 66//66 67//67 67//67 
f 67//67 66//66 67//67 
f 67//67 66//66 66//66 
f 66//66 68//68 66//66 
f 66//66 68//68 63//63 
f 68//68 68//68 63//63 
f 63//63 68//68 69//69 
f 68//68 70//70 69//69 
f 69//69 70//70 71//71 
f 70//70 71//71 71//71 
f 71//71 71//71 72//72 
f 71//71 72//72 72//72 
f 72//72 72//72 68//68 
f 72//72 73//73 68//68 
f 68//68 73//73 70//70 
f 73//73 74//74 70//70 
f 70//70 74//74 74//74 
f 74//74 65//65 74//74 
f 74//74 65//65 65//65 
f 65//65 75//75 65//65 
f 65//65 75//75 67//67 
f 75//75 76//76 67//67 
f 67//67 76//76 67//67 
f 76//76 77//77 67//67 
f 67//67 77//77 78//78 
f 77//77 79//79 78//78 
f 78//78 79//79 78//78 
f 79//79 80//80 78//78 
f 78//78 80//80 78//78 
f 80//80 81//81 78//78 
f 78//78 81//81 82//82 
f 81//81 83//83 82//82 
f 82//82 83//83 82//82 
f 83//83 84//84 82//82 
f 82//82 84//84 85//85 
f 84//84 86//86 85//85 
f 85//85 86//86 85//85 
f 86//86 87//87 85//85 
f 85//85 87//87 85//85 
f 87//87 88//88 85//85 
f 85//85 88//88 85//85 
f 88//88 89//89 85//85 
f 85//85 89//89 90//90 
f 89//89 91//91 90//90 
f 90//90 91//91 90//90 
f 91//91 92//92 90//90 
f 90//90 92//92 90//90 
f 92//92 93//93 90//90 
f 90//90 93//93 94//94 
f 93//93 95//95 94//94 
f 94//94 95//95 94//94 
f 95//95 96//96 94//94 
f 94//94 96//96 97//97 
f 96//96 98//98 97//97 
f 97//97 98//98 97//97 
f 98//98 99//99 97//97 
f 97//97 99//99 97//97 
f 99//99 100//100 97//97 
f 97//97 100//100 97//97 
f 100//100 101//101 97//97 
f 97//97 101//101 102//102 
f 101//101 103//103 102//102 
f 102//102 103//103 102//102 
f 103//103 104//104 102//102 
f 102//102 104//104 102//102 
f 104//104 105//105 102//102 
f 102//102 105//105 106//106 
f 105//105 107//107 106//106 
f 106//106 107//107 106//106 
f 107//107 108//108 106//106 
f 106//106 108//108 106//106 
f 108//108 109//109 106//106 
f 106//106 109//109 110//110 
f 109//109 111//111 110//110 
f 110//110 111//111 110//110 
f 111//111 112//112 110//110 
f 110//110 112//112 113//113 
f 112//112 114//114 113//113 
f 113//113 114//114 113//113 
f 114//114 115//115 113//113 
f 113//113 115//115 113//113 
f 115//115 116//116 113//113 
f 113//113 116//116 117//117 
f 116//116 117//117 117//117 
f 117//117 117//117 117//117 
f 117//117 117//117 117//117 
f 117//117 117//117 118//118 
f 117//117 119//119 118//118 
f 118//118 119//119 120//120 
f 119//119 120//120 120//120 
f 120//120 120//120 121//121 
f 120//120 121//121 121//121 
f 121//121 121//121 113//113 
f 121//121 122//122 113//113 
f 113//113 122//122 110//110 
f 122//122 123//123 110//110 
f 110//110 123//123 110//110 
f 123//123 124//124 110//110 
f 110//110 124//124 106//106 
f 124//124 125//125 106//106 
f 106//106 125//125 106//106 
f 125//125 126//126 106//106 
f 106//106 126//126 106//106 
f 126//126 127//127 106//106 
f 106//106 127//127 102//102 
f 127//127 128//128 102//102 
f 102//102 128//128 102//102 
f 128//128 129//129 102//102 
f 102//102 129//129 102//102 
f 129//129 130//130 102//102 
f 102//102 130//130 97//97 
f 130//130 131//131 97//97 
f 97//97 131//131 97//97 
f 131//131 132//132 97//97 
f 97//97 132//132 97//97 
f 132//132 133//133 97//97 
f 97//97 133//133 97//97 
f 133//133 134//134 97//97 
f 97//97 134//134 94//94 
f 134//134 135//135 94//94 
f 94//94 135//135 94//94 
f 135//135 136//136 94//94 
f 94//94 136//136 90//90 
f 136//136 137//137 90//90 
f 90//90 137//137 90//90 
f 137//137 138//138 90//90 
f 90//90 138//138 90//90 
f 138//138 139//139 90//90 
f 90//90 139//139 85//85 
f 139//139 140//140 85//85 
f 85//85 140//140 85//85 
f 140//140 141//141 85//85 
f 85//85 141//141 142//142 
f 141//141 142//142 142//142 
f 142//142 142//142 143//143 
f 142//142 143//143 143//143 
f 143//143 143//143 144//144 
f 143//143 145//145 144//144 
f 144//144 145//145 144//144 
f 145//145 146//146 144//144 
f 144//144 146//146 147//147 
f 146//146 148//148 147//147 
f 147//147 148//148 147//147 
f 148//148 149//149 147//147 
f 147//147 149//149 147//147 
f 149//149 150//150 147//147 
f 147//147 150//150 151//151 
f 150//150 152//152 151//151 
f 151//151 152//152 151//151 
f 152//152 153//153 151//151 
f 151//151 153//153 151//151 
f 153//153 154//154 151//151 
f 151//151 154//154 155//155 
f 154//154 156//156 155//155 
f 155//155 156//156 155//155 
f 156//156 157//157 155//155 
f 155//155 157//157 155//155 
f 157//157 158//158 155//155 
f 155//155 158//158 159//159 
f 158//158 160//160 159//159 
f 159//159 160//160 159//159 
f 160//160 161//161 159//159 
f 159//159 161//161 159//159 
f 161//161 162//162 159//159 
f 159//159 162//162 163//163 
f 162//162 164//164 163//163 
f 163//163 164//164 163//163 
f 164//164 165//165 163//163 
f 163//163 165//165 163//163 
f 165//165 166//166 163//163 
f 163//163 166//166 167//167 
f 166//166 168//168 167//167 
f 167//167 168//168 167//167 
f 168//168 169//169 167//167 
f 167//167 169//169 167//167 
f 169//169 170//170 167//167 
f 167//167 170//170 171//171 
f 170//170 172//172 171//171 
f 171//171 172//172 171//171 
f 172//172 173//173 171//171 
f 171//171 173//173 171//171 
f 173//173 174//174 171//171 
f 171//171 174//174 175//175 
f 174//174 176//176 175//175 
f 175//175 176//176 175//175 
f 176//176 177//177 175//175 
f 175//175 177//177 175//175 
f 177//177 178//178 175//175 
f 175//175 178//178 179//179 
f 178//178 180//180 179//179 
f 179//179 180//180 179//179 
f 180//180 181//181 179//179 
f 179//179 181//181 179//179 
f 181//181 182//182 179//179 
f 179//179 182//182 183//183 
f 182//182 182//182 183//183 
f 183//183 182//182 184//184 
f 182//182 185//185 184//184 
f 184//184 185//185 184//184 
f 185//185 186//186 184//184 
f 184//184 186//186 184//184 
f 186//186 187//187 184//184 
f 184//184 187//187 188//188 
f 187//187 189//189 188//188 
f 188//188 189//189 190//190 
f 189//189 191//191 190//190 
f 190//190 191//191 191//191 
f 191//191 188//188 191//191 
f 191//191 188//188 188//188 
f 188//188 190//190 188//188 
f 188//188 190//190 192//192 
f 190//190 193//193 192//192 
f 192//192 193//193 194//194 
f 193//193 193//193 194//194 
f 194//194 193//193 195//195 
f 193//193 196//196 195//195 
f 195//195 196//196 196//196 
f 196//196 190//190 196//196 
f 196//196 190//190 190//190 
f 190//190 197//197 190//190 
f 190//190 197//197 193//193 
f 197//197 198//198 193//193 
f 193//193 198//198 198//198 
f 198//198 78//78 198//198 
f 198//198 78//78 78//78 
f 78//78 199//199 78//78 
f 78//78 199//199 67//67 
f 199//199 200//200 67//67 
f 67//67 200//200 67//67 
f 200//200 201//201 67//67 
f 67//67 201//201 202//202 
f 201//201 202//202 202//202 
f 202//202 202//202 203//203 
f 202//202 203//203 203//203 
f 203//203 203//203 204//204 
f 203//203 205//205 204//204 
f 204//204 205//205 204//204 
f 205//205 206//206 204//204 
f 204//204 206//206 207//207 
f 206//206 208//208 207//207 
f 207//207 208//208 209//209 
f 208//208 210//210 209//209 
f 209//209 210//210 211//211 
f 210//210 212//212 211//211 
f 211//211 212//212 213//213 
f 212//212 214//214 213//213 
f 213//213 214//214 214//214 
f 214//214 215//215 214//214 
f 214//214 215//215 215//215 
f 215//215 216//216 215//215 
f 215//215 216//216 217//217 
f 216//216 218//218 217//217 
f 217//217 218//218 219//219 
f 218//218 220//220 219//219 
f 219//219 220//220 221//221 
f 220//220 222//222 221//221 
f 221//221 222//222 223//223 
f 222//222 224//224 223//223 
f 223//223 224//224 225//225 
f 224//224 226//226 225//225 
f 225//225 226//226 226//226 
f 226//226 227//227 226//226 
f 226//226 227//227 227//227 
f 227//227 228//228 227//227 
f 227//227 228//228 229//229 
f 228//228 228//228 229//229 
f 229//229 228//228 230//230 
f 228//228 231//231 230//230 
f 230//230 231//231 232//232 
f 231//231 233//233 232//232 
f 232//232 233//233 234//234 
f 233//233 233//233 234//234 
f 234//234 233//233 235//235 
f 233//233 236//236 235//235 
f 235//235 236//236 237//237 
f 236//236 238//238 237//237 
f 237//237 238//238 238//238 
f 238//238 239//239 238//238 
f 238//238 239//239 239//239 
f 239//239 240//240 239//239 
f 239//239 240//240 241//241 
f 240//240 242//242 241//241 
f 241//241 242//242 241//241 
f 242//242 243//243 241//241 
f 241//241 243//243 241//241 
f 243//243 244//244 241//241 
f 241//241 244//244 241//241 
f 244//244 245//245 241//241 
f 241//241 245//245 241//241 
f 245//245 246//246 241//241 
f 241//241 246//246 247//247 
f 246//246 248//248 247//247 
f 247//247 248//248 248//248 
f 248//248 247//247 248//248 
f 248//248 247//247 247//247 
f 247//247 249//249 247//247 
f 247//247 249//249 241//241 
f 249//249 250//250 241//241 
f 241//241 250//250 241//241 
f 250//250 251//251 241//241 
f 241//241 251//251 252//252 
f 251//251 252//252 252//252 
f 252//252 252//252 253//253 
f 252//252 253//253 253//253 
f 253//253 253//253 254//254 
f 253//253 255//255 254//254 
f 254//254 255//255 256//256 
f 255//255 257//257 256//256 
f 256//256 257//257 258//258 
f 257//257 259//259 258//258 
f 258//258 259//259 260//260 
f 259//259 261//261 260//260 
f 260//260 261//261 262//262 
f 261//261 263//263 262//262 
f 262//262 263//263 264//264 
f 263//263 264//264 264//264 
f 264//264 264//264 265//265 
f 264//264 265//265 265//265 
f 265//265 265//265 266//266 
f 265//265 267//267 266//266 
f 266//266 267//267 268//268 
f 267//267 269//269 268//268 
f 268//268 269//269 270//270 
f 269//269 271//271 270//270 
f 270//270 271//271 272//272 
f 271//271 273//273 272//272 
f 272//272 273//273 274//274 
f 273//273 275//275 274//274 
f 274//274 275//275 276//276 
f 275//275 276//276 276//276 
f 276//276 276//276 277//277 
f 276//276 277//277 277//277 
f 277//277 277//277 278//278 
f 277//277 279//279 278//278 
f 278//278 279//279 280//280 
f 279//279 281//281 280//280 
f 280//280 281//281 282//282 
f 281//281 283//283 282//282 
f 282//282 283//283 284//284 
f 283//283 285//285 284//284 
f 284//284 285//285 286//286 
f 285//285 287//287 286//286 
f 286//286 287//287 288//288 
f 287//287 288//288 288//288 
f 288//288 288//288 289//289 
f 288//288 289//289 289//289 
f 289//289 289//289 290//290 
f 289//289 291//291 290//290 
f 290//290 291//291 292//292 
f 291//291 292//292 292//292 
f 292//292 292//292 293//293 
f 292//292 293//293 293//293 
f 293//293 293//293 294//294 
f 293//293 295//295 294//294 
f 294//294 295//295 296//296 
f 295//295 296//296 296//296 
f 296//296 296//296 297//297 
f 296//296 297//297 297//297 
f 297//297 297//297 298//298 
f 297//297 299//299 298//298 
f 298//298 299//299 300//300 
f 299//299 300//300 300//300 
f 300//300 300//300 301//301 
f 300//300 301//301 301//301 
f 301//301 301//301 302//302 
f 301//301 303//303 302//302 
f 302//302 303//303 304//304 
f 303//303 304//304 304//304 
f 304//304 304//304 305//305 
f 304//304 305//305 305//305 
f 305//305 305//305 306//306 
f 305//305 307//307 306//306 
f 306//306 307//307 308//308 
f 307//307 308//308 308//308 
f 308//308 308//308 309//309 
f 308//308 309//309 309//309 
f 309//309 309//309 310//310 
f 309//309 311//311 310//310 
f 310//310 311//311 312//312 
f 311//311 312//312 312//312 
f 312//312 312//312 313//313 
f 312//312 313//313 313//313 
f 313//313 313//313 314//314 
f 313//313 315//315 314//314 
f 314//314 315//315 316//316 
f 315//315 316//316 316//316 
f 316//316 316//316 317//317 
f 316//316 317//317 317//317 
f 317//317 317//317 318//318 
f 317//317 319//319 318//318 
f 318//318 319//319 320//320 
f 319//319 320//320 320//320 
f 320//320 320//320 321//321 
f 320//320 321//321 321//321 
f 321//321 321//321 322//322 
f 321//321 323//323 322//322 
f 322//322 323//323 324//324 
f 323//323 324//324 324//324 
f 324//324 324//324 325//325 
f 324//324 325//325 325//325 
f 325//325 325//325 326//326 
f 325//325 327//327 326//326 
f 326//326 327//327 328//328 
f 327//327 328//328 328//328 
f 328//328 328//328 329//329 
f 328//328 329//329 329//329 
f 329//329 329//329 330//330 
f 329//329 331//331 330//330 
f 330//330 331//331 332//332 
f 331//331 332//332 332//332 
f 332//332 332//332 333//333 
f 332//332 333//333 333//333 
f 333//333 333//333 334//334 
f 333//333 335//335 334//334 
f 334//334 335//335 336//336 
f 335//335 336//336 336//336 
f 336//336 336//336 337//337 
f 336//336 337//337 337//337 
f 337//337 337//337 338//338 
f 337//337 339//339 338//338 
f 338//338 339//339 340//340 
f 339//339 340//340 340//340 
f 340//340 340//340 341//341 
f 340//340 341//341 341//341 
f 341//341 341//341 342//342 
f 341//341 343//343 342//342 
f 342//342 343//343 344//344 
f 343//343 344//344 344//344 
f 344//344 344//344 345//345 
f 344//344 345//345 345//345 
f 345//345 345//345 346//346 
f 345//345 347//347 346//346 
f 346//346 347//347 348//348 
f 347//347 348//348 348//348 
f 348//348 348//348 349//349 
f 348//348 349//349 349//349 
f 349//349 349//349 350//350 
f 349//349 351//351 350//350 
f 350//350 351//351 352//352 
f 351//351 352//352 352//352 
f 352//352 352//352 353//353 
f 352//352 353//353 353//353 
f 353//353 353//353 354//354 
f 353//353 355//355 354//354 
f 354//354 355//355 356//356 
f 355//355 356//356 356//356 
f 356//356 356//356 357//357 
f 356//356 357//357 357//357 
f 357//357 357//357 358//358 
f 357//357 359//359 358//358 
f 358//358 359//359 360//360 
f 359//359 360//360 360//360 
f 360//360 360//360 361//361 
f 360//360 361//361 361//361 
f 361//361 361//361 362//362 
f 361//361 363//363 362//362 
f 362//362 363//363 364//364 
f 363//363 364//364 364//364 
f 364//364 364//364 365//365 
f 364//364 365//365 365//365 
f 365//365 365//365 366//366 
f 365//365 367//367 366//366 
f 366//366 367//367 368//368 
f 367//367 368//368 368//368 
f 368//368 368//368 369//369 
f 368//368 369//369 369//369 
f 369//369 369//369 370//370 
f 369//369 371//371 370//370 
f 370//370 371//371 372//372 
f 371//371 372//372 372//372 
f 372//372 372//372 373//373 
f 372//372 373//373 373//373 
f 373//373 373//373 374//374 
f 373//373 375//375 374//374 
f 374//374 375//375 376//376 
f 375//375 376//376 376//376 
f 376//376 376//376 377//377 
f 376//376 377//377 377//377 
f 377//377 377//377 378//378 
f 377//377 379//379 378//378 
f 378//378 379//379 380//380 
f 379//379 380//380 380//380 
f 380//380 380//380 381//381 
f 380//380 381//381 381//381 
f 381//381 381//381 382//382 
f 381//381 383//383 382//382 
f 382//382 383//383 384//384 
f 383//383 384//384 384//384 
f 384//384 384//384 385//385 
f 384//384 385//385 385//385 
f 385//385 385//385 386//386 
f 385//385 387//387 386//386 
f 386//386 387//387 388//388 
f 387//387 388//388 388//388 
f 388//388 388//388 389//389 
f 388//388 389//389 389//389 
f 389//389 389//389 390//390 
f 389//389 391//391 390//390 
f 390//390 391//391 392//392 
f 391//391 392//392 392//392 
f 392//392 392//392 393//393 
f 392//392 393//393 393//393 
f 393//393 393//393 394//394 
f 393//393 395//395 394//394 
f 394//394 395//395 396//396 
f 395//395 396//396 396//396 
f 396//396 396//396 397//397 
f 396//396 397//397 397//397 
f 397//397 397//397 398//398 
f 397//397 399//399 398//398 
f 398//398 399//399 400//400 
f 399//399 400//400 400//400 
f 400//400 400//400 401//401 
f 400//400 401//401 401//401 
f 401//401 401//401 402//402 
f 401//401 403//403 402//402 
f 402//402 403//403 404//404 
f 403//403 404//404 404//404 
f 404//404 404//404 405//405 
f 404//404 405//405 405//405 
f 405//405 405//405 406//406 
f 405//405 407//407 406//406 
f 406//406 407//407 408//408 
f 407//407 408//408 408//408 
f 408//408 408//408 409//409 
f 408//408 409//409 409//409 
f 409//409 409//409 410//410 
f 409//409 411//411 410//410 
f 410//410 411//411 412//412 
f 411//411 412//412 412//412 
f 412//412 412//412 413//413 
f 412//412 413//413 413//413 
f 413//413 413//413 414//414 
f 413//413 415//415 414//414 
f 414//414 415//415 416//416 
f 415//415 416//416 416//416 
f 416//416 416//416 417//417 
f 416//416 417//417 417//417 
f 417//417 417//417 418//418 
f 417//417 419//419 418//418 
f 418//418 419//419 420//420 
f 419//419 420//420 420//420 
f 420//420 420//420 421//421 
f 420//420 421//421 421//421 
f 421//421 421//421 422//422 
f 421//421 423//423 422//422 
f 422//422 423//423 424//424 
f 423//423 424//424 424//424 
f 424//424 424//424 425//425 
f 424//424 425//425 425//425 
f 425//425 425//425 426//426 
f 425//425 427//427 426//426 
f 426//426 427//427 428//428 
f 427//427 428//428 428//428 
f 428//428 428//428 429//429 
f 428//428 429//429 429//429 
f 429//429 429//429 430//430 
f 429//429 431//431 430//430 
f 430//430 431//431 432//432 
f 431//431 432//432 432//432 
f 432//432 432//432 433//433 
f 432//432 433//433 433//433 
f 433//433 433//433 434//434 
f 433//433 435//435 434//434 
f 434//434 435//435 436//436 
f 435//435 436//436 436//436 
f 436//436 436//436 437//437 
f 436//436 437//437 437//437 
f 437//437 437//437 438//438 
f 437//437 439//439 438//438 
f 438//438 439//439 440//440 
f 439//439 440//440 440//440 
f 440//440 440//440 441//441 
f 440//440 441//441 441//441 
f 441//441 441//441 442//442 
f 441//441 443//443 442//442 
f 442//442 443//443 444//444 
f 443//443 444//444 444//444 
f 444//444 444//444 445//445 
f 444//444 445//445 445//445 
f 445//445 445//445 446//446 
f 445//445 447//447 446//446 
f 446//446 447//447 448//448 
f 447//447 448//448 448//448 
f 448//448 448//448 449//449 
f 448//448 449//449 449//449 
f 449//449 449//449 450//450 
f 449//449 451//451 450//450 
f 450//450 451//451 452//452 
f 451//451 452//452 452//452 
f 452//452 452//452 453//453 
f 452//452 453//453 453//453 
f 453//453 453//453 454//454 
f 453//453 455//455 454//454 
f 454//454 455//455 456//456 
f 455//455 456//456 456//456 
f 456//456 456//456 457//457 
f 456//456 457//457 457//457 
f 457//457 457//457 458//458 
f 457//457 459//459 458//458 
f 458//458 459//459 460//460 
f 459//459 460//460 460//460 
f 460//460 460//460 461//461 
f 460//460 461//461 461//461 
f 461//461 461//461 462//462 
f 461//461 463//463 462//462 
f 462//462 463//463 464//464 
f 463//463 464//464 464//464 
f 464//464 464//464 465//465 
f 464//464 465//465 465//465 
f 465//465 465//465 466//466 
f 465//465 467//467 466//466 
f 466//466 467//467 468//468 
f 467//467 468//468 468//468 
f 468//468 468//468 469//469 
f 468//468 469//469 469//469 
f 469//469 469//469 470//470 
f 469//469 471//471 470//470 
f 470//470 471//471 472//472 
f 471//471 472//472 472//472 
f 472//472 472//472 473//473 
f 472//472 473//473 473//473 
f 473//473 473//473 474//474 
f 473//473 475//475 474//474 
f 474//474 475//475 476//476 
f 475//475 476//476 476//476 
f 476//476 476//476 477//477 
f 476//476 477//477 477//477 
f 477//477 477//477 478//478 
f 477//477 479//479 478//478 
f 478//478 479//479 480//480 
f 479//479 480//480 480//480 
f 480//480 480//480 481//481 
f 480//480 481//481 481//481 
f 481//481 481//481 482//482 
f 481//481 483//483 482//482 
f 482//482 483//483 484//484 
f 483//483 484//484 484//484 
f 484//484 484//484 485//485 
f 484//484 485//485 485//485 
f 485//485 485//485 486//486 
f 485//485 487//487 486//486 
f 486//486 487//487 488//488 
f 487//487 488//488 488//488 
f 488//488 488//488 489//489 
f 488//488 489//489 489//489 
f 489//489 489//489 490//490 
f 489//489 491//491 490//490 
f 490//490 491//491 492//492 
f 491//491 492//492 492//492 
f 492//492 492//492 493//493 
f 492//492 493//493 493//493 
f 493//493 493//493 494//494 
f 493//493 495//495 494//494 
f 494//494 495//495 496//496 
f 495//495 496//496 496//496 
f 496//496 496//496 497//497 
f 496//496 497//497 497//497 
f 497//497 497//497 498//498 
f 497//497 499//499 498//498 
f 498//498 499//499 500//500 
f 499//499 500//500 500//500 
f 500//500 500//500 501//501 
f 500//500 501//501 501//501 
f 501//501 501//501 502//502 
f 501//501 503//503 502//502 
f 502//502 503//503 504//504 
f 503//503 504//504 504//504 
f 504//504 504//504 505//505 
f 504//504 505//505 505//505 
f 505//505 505//505 506//506 
f 505//505 507//507 506//506 
f 506//506 507//507 508//508 
f 507//507 508//508 508//508 
f 508//508 508//508 509//509 
f 508//508 509//509 509//509 
f 509//509 509//509 510//510 
f 509//509 511//511 510//510 
f 510//510 511//511 512//512 
f 511//511 512//512 512//512 
f 512//512 512//512 513//513 
f 512//512 513//513 513//513 
f 513//513 513//513 514//514 
f 513//513 515//515 514//514 
f 514//514 515//515 516//516 
f 515//515 516//516 516//516 
f 516//516 516//516 517//517 
f 516//516 517//517 517//517 
f 517//517 517//517 518//518 
f 517//517 519//519 518//518 
f 518//518 519//519 520//520 
f 519//519 520//520 520//520 
f 520//520 520//520 521//521 
f 520//520 521//521 521//521 
f 521//521 521//521 522//522 
f 521//521 523//523 522//522 
f 522//522 523//523 524//524 
f 523//523 524//524 524//524 
f 524//524 524//524 525//525 
f 524//524 525//525 525//525 
f 525//525 525//525 526//526 
f 525//525 527//527 526//526 
f 526//526 527//527 528//528 
f 527//527 528//528 528//528 
f 528//528 528//528 529//529 
f 528//528 529//529 529//529 
f 529//529 529//529 530//530 
f 529//529 531//531 530//530 
f 530//530 531//531 532//532 
f 531//531 532//532 532//532 
f 532//532 532//532 533//533 
f 532//532 533//533 533//533 
f 533//533 533//533 534//534 
f 533//533 535//535 534//534 
f 534//534 535//535 536//536 
f 535//535 536//536 536//536 
f 536//536 536//536 537//537 
f 536//536 537//537 537//537 
f 537//537 537//537 538//538 
f 537//537 539//539 538//538 
f 538//538 539//539 540//540 
f 539//539 540//540 540//540 
f 540//540 540//540 541//541 
f 540//540 541//541 541//541 
f 541//541 541//541 542//542 
f 541//541 543//543 542//542 
f 542//542 543//543 544//544 
f 543//543 544//544 544//544 
f 544//544 544//544 545//545 
f 544//544 545//545 545//545 
f 545//545 545//545 546//546 
f 545//545 547//547 546//546 
f 546//546 547//547 548//548 
f 547//547 548//548 548//548 
f 548//548 548//548 549//549 
f 548//548 549//549 549//549 
f 549//549 549//549 550//550 
f 549//549 551//551 550//550 
f 550//550 551//551 552//552 
f 551//551 552//552 552//552 
f 552//552 552//552 553//553 
f 552//552 553//553 553//553 
f 553//553 553//553 554//554 
f 553//553 555//555 554//554 
f 554//554 555//555 556//556 
f 555//555 556//556 556//556 
f 556//556 556//556 557//557 
f 556//556 557//557 557//557 
f 557//557 557//557 558//558 
f 557//557 559//559 558//558 
f 558//558 559//559 560//560 
f 559//559 560//560 560//560 
f 560//560 560//560 561//561 
f 560//560 561//561 561//561 
f 561//561 561//561 562//562 
f 561//561 563//563 562//562 
f 562//562 563//563 564//564 
f 563//563 564//564 564//564 
f 564//564 564//564 565//565 
f 564//564 565//565 565//565 
f 565//565 565//565 566//566 
f 565//565 567//567 566//566 
f 566//566 567//567 568//568 
f 567//567 568//568 568//568 
f 568//568 568//568 569//569 
f 568//568 569//569 569//569 
f 569//569 569//569 570//570 
f 569//569 571//571 570//570 
f 570//570 571//571 572//572 
f 571//571 572//572 572//572 
f 572//572 572//572 573//573 
f 572//572 573//573 573//573 
f 573//573 573//573 574//574 
f 573//573 575//575 574//574 
f 574//574 575//575 576//576 
f 575//575 576//576 576//576 
f 576//576 576//576 577//577 
f 576//576 577//577 577//577 
f 577//577 577//577 578//578 
f 577//577 579//579 578//578 
f 578//578 579//579 580//580 
f 579//579 580//580 580//580 
f 580//580 580//580 581//581 
f 580//580 581//581 581//581 
f 581//581 581//581 582//582 
f 581//581 583//583 582//582 
f 582//582 583//583 584//584 
f 583//583 584//584 584//584 
f 584//584 584//584 585//585 
f 584//584 585//585 585//585 
f 585//585 585//585 586//586 
f 585//585 587//587 586//586 
f 586//586 587//587 588//588 
f 587//587 588//588 588//588 
f 588//588 588//588 589//589 
f 588//588 589//589 589//589 
f 589//589 589//589 590//590 
f 589//589 591//591 590//590 
f 590//590 591//591 592//592 
f 591//591 592//592 592//592 
f 592//592 592//592 593//593 
f 592//592 593//593 593//593 
f 593//593 593//593 594//594 
f 593//593 595//595 594//594 
f 594//594 595//595 596//596 
f 595//595 596//596 596//596 
f 596//596 596//596 597//597 
f 596//596 597//597 597//597 
f 597//597 597//597 598//598 
f 597//597 599//599 598//598 
f 598//598 599//599 600//600 
f 599//599 600//600 600//600 
f 600//600 600//600 601//601 
f 600//600 601//601 601//601 
f 601//601 601//601 602//602 
f 601//601 603//603 602//602 
f 602//602 603//603 604//604 
f 603//603 604//604 604//604 
f 604//604 604//604 605//605 
f 604//604 605//605 605//605 
f 605//605 605//605 606//606 
f 605//605 607//607 606//606 
f 606//606 607//607 608//608 
f 607//607 608//608 608//608 
f 608//608 608//608 609//609 
f 608//608 609//609 609//609 
f 609//609 609//609 610//610 
f 609//609 611//611 610//610 
f 610//610 611//611 612//612 
f 611//611 612//612 612//612 
f 612//612 612//612 613//613 
f 612//612 613//613 613//613 
f 613//613 613//613 614//614 
f 613//613 615//615 614//614 
f 614//614 615//615 616//616 
f 615//615 616//616 616//616 
f 616//616 616//616 617//617 
f 616//616 617//617 617//617 
f 617//617 617//617 618//618 
f 617//617 619//619 618//618 
f 618//618 619//619 620//620 
f 619//619 620//620 620//620 
f 620//620 620//620 621//621 
f 620//620 621//621 621//621 
f 621//621 621//621 622//622 
f 621//621 623//623 622//622 
f 622//622 623//623 624//624 
f 623//623 624//624 624//624 
f 624//624 624//624 625//625 
f 624//624 625//625 625//625 
f 625//625 625//625 626//626 
f 625//625 627//627 626//626 
f 626//626 627//627 628//628 
f 627//627 628//628 628//628 
f 628//628 628//628 629//629 
f 628//628 629//629 629//629 
f 629//629 629//629 630//630 
f 629//629 631//631 630//630 
f 630//630 631//631 632//632 
f 631//631 632//632 632//632 
f 632//632 632//632 633//633 
f 632//632 633//633 633//633 
f 633//633 633//633 634//634 
f 633//633 635//635 634//634 
f 634//634 635//635 636//636 
f 635//635 636//636 636//636 
f 636//636 636//636 637//637 
f 636//636 637//637 637//637 
f 637//637 637//637 638//638 
f 637//637 639//639 638//638 
f 638//638 639//639 640//640 
f 639//639 640//640 640//640 
f 640//640 640//640 641//641 
f 640//640 641//641 641//641 
f 641//641 641//641 642//642 
f 641//641 643//643 642//642 
f 642//642 643//643 644//644 
f 643//643 644//644 644//644 
f 644//644 644//644 645//645 
f 644//644 645//645 645//645 
f 645//645 645//645 646//646 
f 645//645 647//647 646//646 
f 646//646 647//647 648//648 
f 647//647 648//648 648//648 
f 648//648 648//648 649//649 
f 648//648 649//649 649//649 
f 649//649 649//649 650//650 
f 649//649 651//651 650//650 
f 650//650 651//651 652//652 
f 651//651 652//652 652//652 
f 652//652 652//652 653//653 
f 652//652 653//653 653//653 
f 653//653 653//653 654//654 
f 653//653 655//655 654//654 
f 654//654 655//655 656//656 
f 655//655 656//656 656//656 
f 656//656 656//656 657//657 
f 656//656 657//657 657//657 
f 657//657 657//657 658//658 
f 657//657 659//659 658//658 
f 658//658 659//659 660//660 
f 659//659 660//660 660//660 
f 660//660 660//660 661//661 
f 660//660 661//661 661//661 
f 661//661 661//661 662//662 
f 661//661 663//663 662//662 
f 662//662 663//663 664//664 
f 663//663 664//664 664//664 
f 664//664 664//664 665//665 
f 664//664 665//665 665//665 
f 665//665 665//665 666//666 
f 665//665 667//667 666//666 
f 666//666 667//667 668//668 
f 667//667 668//668 668//668 
f 668//668 668//668 669//669 
f 668//668 669//669 669//669 
f 669//669 669//669 670//670 
f 669//669 671//671 670//670 
f 670//670 671//671 672//672 
f 671//671 672//672 672//672 
f 672//672 672//672 673//673 
f 672//672 673//673 673//673 
f 673//673 673//673 674//674 
f 673//673 675//675 674//674 
f 674//674 675//675 676//676 
f 675//675 676//676 676//676 
f 676//676 676//676 677//677 
f 676//676 677//677 677//677 
f 677//677 677//677 678//678 
f 677//677 679//679 678//678 
f 678//678 679//679 680//680 
f 679//679 680//680 680//680 
f 680//680 680//680 681//681 
f 680//680 681//681 681//681 
f 681//681 681//681 682//682 
f 681//681 683//683 682//682 
f 682//682 683//683 684//684 
f 683//683 684//684 684//684 
f 684//684 684//684 685//685 
f 684//684 685//685 685//685 
f 685//685 685//685 686//686 
f 685//685 687//687 686//686 
f 686//686 687//687 688//688 
f 687//687 688//688 688//688 
f 688//688 688//688 689//689 
f 688//688 689//689 689//689 
f 689//689 689//689 690//690 
f 689//689 691//691 690//690 
f 690//690 691//691 692//692 
f 691//691 692//692 692//692 
f 692//692 692//692 693//693 
f 692//692 693//693 693//693 
f 693//693 693//693 694//694 
f 693//693 695//695 694//694 
f 694//694 695//695 696//696 
f 695//695 696//696 696//696 
f 696//696 696//696 697//697 
f 696//696 697//697 697//697 
f 697//697 697//697 698//698 
f 697//697 699//699 698//698 
f 698//698 699//699 700//700 
f 699//699 700//700 700//700 
f 700//700 700//700 701//701 
f 700//700 701//701 701//701 
f 701//701 701//701 702//702 
f 701//701 703//703 702//702 
f 702//702 703//703 704//704 
f 703//703 704//704 704//704 
f 704//704 704//704 705//705 
f 704//704 705//705 705//705 
f 705//705 705//705 706//706 
f 705//705 707//707 706//706 
f 706//706 707//707 708//708 
f 707//707 708//708 708//708 
f 708//708 708//708 709//709 
f 708//708 709//709 709//709 
f 709//709 709//709 710//710 
f 709//709 711//711 710//710 
f 710//710 711//711 712//712 
f 711//711 712//712 712//712 
f 712//712 712//712 713//713 
f 712//712 713//713 713//713 
f 713//713 713//713 714//714 
f 713//713 715//715 714//714 
f 714//714 715//715 716//716 
f 715//715 716//716 716//716 
f 716//716 716//716 717//717 
f 716//716 717//717 717//717 
f 717//717 717//717 718//718 
f 717//717 719//719 718//718 
f 718//718 719//719 720//720 
f 719//719 720//720 720//720 
f 720//720 720//720 721//721 
f 720//720 721//721 721//721 
f 721//721 721//721 722//722 
f 721//721 723//723 722//722 
f 722//722 723//723 724//724 
f 723//723 724//724 724//724 
f 724//724 724//724 725//725 
f 724//724 725//725 725//725 
f 725//725 725//725 726//726 
f 725//725 727//727 726//726 
f 726//726 727//727 728//728 
f 727//727 728//728 728//728 
f 728//728 728//728 729//729 
f 728//728 729//729 729//729 
f 729//729 729//729 730//730 
f 729//729 731//731 730//730 
f 730//730 731//731 732//732 
f 731//731 732//732 732//732 
f 732//732 732//732 733//733 
f 732//732 733//733 733//733 
f 733//733 733//733 734//734 
f 733//733 735//735 734//734 
f 734//734 735//735 736//736 
f 735//735 736//736 736//736 
f 736//736 736//736 737//737 
f 736//736 737//737 737//737 
f 737//737 737//737 738//738 
f 737//737 739//739 738//738 
f 738//738 739//739 740//740 
f 739//739 740//740 740//740 
f 740//740 740//740 741//741 
f 740//740 741//741 741//741 
f 741//741 741//741 742//742 
f 741//741 743//743 742//742 
f 742//742 743//743 744//744 
f 743//743 744//744 744//744 
f 744//744 744//744 745//745 
f 744//744 745//745 745//745 
f 745//745 745//745 746//746 
f 745//745 747//747 746//746 
f 746//746 747//747 748//748 
f 747//747 748//748 748//748 
f 748//748 748//748 749//749 
f 748//748 749//749 749//749 
f 749//749 749//749 750//750 
f 749//749 751//751 750//750 
f 750//750 751//751 752//752 
f 751//751 752//752 752//752 
f 752//752 752//752 753//753 
f 752//752 753//753 753//753 
f 753//753 753//753 754//754 
f 753//753 755//755 754//754 
f 754//754 755//755 756//756 
f 755//755 756//756 756//756 
f 756//756 756//756 757//757 
f 756//756 757//757 757//757 
f 757//757 757//757 758//758 
f 757//757 759//759 758//758 
f 758//758 759//759 760//760 
f 759//759 760//760 760//760 
f 760//760 760//760 761//761 
f 760//760 761//761 761//761 
f 761//761 761//761 762//762 
f 761//761 763//763 762//762 
f 762//762 763//763 764//764 
f 763//763 764//764 764//764 
f 764//764 764//764 765//765 
f 764//764 765//765 765//765 
f 765//765 765//765 766//766 
f 765//765 767//767 766//766 
f 766//766 767//767 768//768 
f 767//767 768//768 768//768 
f 768//768 768//768 769//769 
f 768//768 769//769 769//769 
f 769//769 769//769 770//770 
f 769//769 771//771 770//770 
f 770//770 771//771 772//772 
f 771//771 772//772 772//772 
f 772//772 772//772 773//773 
f 772//772 773//773 773//773 
f 773//773 773//773 774//774 
f 773//773 775//775 774//774 
f 774//774 775//775 776//776 
f 775//775 776//776 776//776 
f 776//776 776//776 777//777 
f 776//776 777//777 777//777 
f 777//777 777//777 778//778 
f 777//777 779//779 778//778 
f 778//778 779//779 780//780 
f 779//779 780//780 780//780 
f 780//780 780//780 781//781 
f 780//780 781//781 781//781 
f 781//781 781//781 782//782 
f 781//781 783//783 782//782 
f 782//782 783//783 784//784 
f 783//783 784//784 784//784 
f 784//784 784//784 785//785 
f 784//784 785//785 785//785 
f 785//785 785//785 786//786 
f 785//785 787//787 786//786 
f 786//786 787//787 788//788 
f 787//787 788//788 788//788 
f 788//788 788//788 789//789 
f 788//788 789//789 789//789 
f 789//789 789//789 790//790 
f 789//789 791//791 790//790 
f 790//790 791//791 792//792 
f 791//791 792//792 792//792 
f 792//792 792//792 793//793 
f 792//792 793//793 793//793 
f 793//793 793//793 794//794 
f 793//793 795//795 794//794 
f 794//794 795//795 796//796 
f 795//795 796//796 796//796 
f 796//796 796//796 797//797 
f 796//796 797//797 797//797 
f 797//797 797//797 798//798 
f 797//797 799//799 798//798 
f 798//798 799//799 800//800 
f 799//799 800//800 800//800 
f 800//800 800//800 801//801 
f 800//800 801//801 801//801 
f 801//801 801//801 802//802 
f 801//801 803//803 802//802 
f 802//802 803//803 804//804 
f 803//803 804//804 804//804 
f 804//804 804//804 805//805 
f 804//804 805//805 805//805 
f 805//805 805//805 806//806 
f 805//805 807//807 806//806 
f 806//806 807//807 808//808 
f 807//807 808//808 808//808 
f 808//808 808//808 809//809 
f 808//808 809//809 809//809 
f 809//809 809//809 810//810 
f 809//809 811//811 810//810 
f 810//810 811//811 812//812 
f 811//811 812//812 812//812 
f 812//812 812//812 813//813 
f 812//812 813//813 813//813 
f 813//813 813//813 814//814 
f 813//813 815//815 814//814 
f 814//814 815//815 816//816 
f 815//815 816//816 816//816 
f 816//816 816//816 817//817 
f 816//816 817//817 817//817 
f 817//817 817//817 818//818 
f 817//817 819//819 818//818 
f 818//818 819//819 820//820 
f 819//819 820//820 820//820 
f 820//820 820//820 821//821 
f 820//820 821//821 821//821 
f 821//821 821//821 822//822 
f 821//821 823//823 822//822 
f 822//822 823//823 824//824 
f 823//823 824//824 824//824 
f 824//824 824//824 825//825 
f 824//824 825//825 825//825 
f 825//825 825//825 826//826 
f 825//825 827//827 826//826 
f 826//826 827//827 828//828 
f 827//827 828//828 828//828 
f 828//828 828//828 829//829 
f 828//828 829//829 829//829 
f 829//829 829//829 830//830 
f 829//829 831//831 830//830 
f 830//830 831//831 832//832 
f 831//831 832//832 832//832 
f 832//832 832//832 833//833 
f 832//832 833//833 833//833 
f 833//833 833//833 834//834 
f 833//833 835//835 834//834 
f 834//834 835//835 836//836 
f 835//835 836//836 836//836 
f 836//836 836//836 837//837 
f 836//836 837//837 837//837 
f 837//837 837//837 838//838 
f 837//837 839//839 838//838 
f 838//838 839//839 840//840 
f 839//839 840//840 840//840 
f 840//840 840//840 841//841 
f 840//840 841//841 841//841 
f 841//841 841//841 842//842 
f 841//841 843//843 842//842 
f 842//842 843//843 844//844 
f 843//843 844//844 844//844 
f 844//844 844//844 845//845 
f 844//844 845//845 845//845 
f 845//845 845//845 846//846 
f 845//845 847//847 846//846 
f 846//846 847//847 848//848 
f 847//847 848//848 848//848 
f 848//848 848//848 849//849 
f 848//848 849//849 849//849 
f 849//849 849//849 850//850 
f 849//849 851//851 850//850 
f 850//850 851//851 852//852 
f 851//851 852//852 852//852 
f 852//852 852//852 853//853 
f 852//852 853//853 853//853 
f 853//853 853//853 854//854 
f 853//853 855//855 854//854 
f 854//854 855//855 856//856 
f 855//855 856//856 856//856 
f 856//856 856//856 857//857 
f 856//856 857//857 857//857 
f 857//857 857//857 858//858 
f 857//857 859//859 858//858 
f 858//858 859//859 860//860 
f 859//859 860//860 860//860 
f 860//860 860//860 861//861 
f 860//860 861//861 861//861 
f 861//861 861//861 862//862 
f 861//861 863//863 862//862 
f 862//862 863//863 864//864 
f 863//863 864//864 864//864 
f 864//864 864//864 865//865 
f 864//864 865//865 865//865 
f 865//865 865//865 866//866 
f 865//865 867//867 866//866 
f 866//866 867//867 868//868 
f 867//867 868//868 868//868 
f 868//868 868//868 869//869 
f 868//868 869//869 869//869 
f 869//869 869//869 870//870 
f 869//869 871//871 870//870 
f 870//870 871//871 872//872 
f 871//871 872//872 872//872 
f 872//872 872//872 873//873 
f 872//872 873//873 873//873 
f 873//873 873//873 874//874 
f 873//873 875//875 874//874 
f 874//874 875//875 876//876 
f 875//875 876//876 876//876 
f 876//876 876//876 877//877 
f 876//876 877//877 877//877 
f 877//877 877//877 878//878 
f 877//877 879//879 878//878 
f 878//878 879//879 880//880 
f 879//879 880//880 880//880 
f 880//880 880//880 881//881 
f 880//880 881//881 881//881 
f 881//881 881//881 882//882 
f 881//881 883//883 882//882 
f 882//882 883//883 884//884 
f 883//883 884//884 884//884 
f 884//884 884//884 885//885 
f 884//884 885//885 885//885 
f 885//885 885//885 886//886 
f 885//885 887//887 886//886 
f 886//886 887//887 888//888 
f 887//887 888//888 888//888 
f 888//888 888//888 889//889 
f 888//888 889//889 889//889 
f 889//889 889//889 890//890 
f 889//889 891//891 890//890 
f 890//890 891//891 892//892 
f 891//891 892//892 892//892 
f 892//892 892//892 893//893 
f 892//892 893//893 893//893 
f 893//893 893//893 894//894 
f 893//893 895//895 894//894 
f 894//894 895//895 896//896 
f 895//895 896//896 896//896 
f 896//896 896//896 897//897 
f 896//896 897//897 897//897 
f 897//897 897//897 898//898 
f 897//897 899//899 898//898 
f 898//898 899//899 900//900 
f 899//899 900//900 900//900 
f 900//900 900//900 901//901 
f 900//900 901//901 901//901 
f 901//901 901//901 902//902 
f 901//901 903//903 902//902 
f 902//902 903//903 904//904 
f 903//903 904//904 904//904 
f 904//904 904//904 905//905 
f 904//904 905//905 905//905 
f 905//905 905//905 906//906 
f 905//905 907//907 906//906 
f 906//906 907//907 908//908 
f 907//907 908//908 908//908 
f 908//908 908//908 909//909 
f 908//908 909//909 909//909 
f 909//909 909//909 910//910 
f 909//909 911//911 910//910 
f 910//910 911//911 912//912 
f 911//911 912//912 912//912 
f 912//912 912//912 913//913 
f 912//912 913//913 913//913 
f 913//913 913//913 914//914 
f 913//913 915//915 914//914 
f 914//914 915//915 916//916 
f 915//915 916//916 916//916 
f 916//916 916//916 917//917 
f 916//916 917//917 917//917 
f 917//917 917//917 918//918 
f 917//917 919//919 918//918 
f 918//918 919//919 920//920 
f 919//919 920//920 920//920 
f 920//920 920//920 921//921 
f 920//920 921//921 921//921 
f 921//921 921//921 922//922 
f 921//921 923//923 922//922 
f 922//922 923//923 924//924 
f 923//923 924//924 924//924 
f 924//924 924//924 925//925 
f 924//924 925//925 925//925 
f 925//925 925//925 926//926 
f 925//925 927//927 926//926 
f 926//926 927//927 928//928 
f 927//927 928//928 928//928 
f 928//928 928//928 929//929 
f 928//928 929//929 929//929 
f 929//929 929//929 930//930 
f 929//929 931//931 930//930 
f 930//930 931//931 932//932 
f 931//931 932//932 932//932 
f 932//932 932//932 933//933 
f 932//932 933//933 933//933 
f 933//933 933//933 934//934 
f 933//933 935//935 934//934 
f 934//934 935//935 936//936 
f 935//935 936//936 936//936 
f 936//936 936//936 937//937 
f 936//936 937//937 937//937 
f 937//937 937//937 938//938 
f 937//937 939//939 938//938 
f 938//938 939//939 940//940 
f 939//939 940//940 940//940 
f 940//940 940//940 941//941 
f 940//940 941//941 941//941 
f 941//941 941//941 942//942 
f 941//941 943//943 942//942 
f 942//942 943//943 944//944 
f 943//943 944//944 944//944 
f 944//944 944//944 945//945 
f 944//944 945//945 945//945 
f 945//945 945//945 946//946 
f 945//945 947//947 946//946 
f 946//946 947//947 948//948 
f 947//947 948//948 948//948 
f 948//948 948//948 949//949 
f 948//948 949//949 949//949 
f 949//949 949//949 950//950 
f 949//949 951//951 950//950 
f 950//950 951//951 952//952 
f 951//951 952//952 952//952 
f 952//952 952//952 953//953 
f 952//952 953//953 953//953 
f 953//953 953//953 954//954 
f 953//953 955//955 954//954 
f 954//954 955//955 956//956 
f 955//955 956//956 956//956 
f 956//956 956//956 957//957 
f 956//956 957//957 957//957 
f 957//957 957//957 958//958 
f 957//957 959//959 958//958 
f 958//958 959//959 960//960 
f 959//959 960//960 960//960 
f 960//960 960//960 961//961 
f 960//960 961//961 961//961 
f 961//961 961//961 962//962 
f 961//961 963//963 962//962 
f 962//962 963//963 964//964 
f 963//963 964//964 964//964 
f 964//964 964//964 965//965 
f 964//964 965//965 965//965 
f 965//965 965//965 966//966 
f 965//965 967//967 966//966 
f 966//966 967//967 968//968 
f 967//967 968//968 968//968 
f 968//968 968//968 969//969 
f 968//968 969//969 969//969 
f 969//969 969//969 970//970 
f 969//969 971//971 970//970 
f 970//970 971//971 972//972 
f 971//971 972//972 972//972 
f 972//972 972//972 973//973 
f 972//972 973//973 973//973 
f 973//973 973//973 974//974 
f 973//973 975//975 974//974 
f 974//974 975//975 976//976 
f 975//975 976//976 976//976 
f 976//976 976//976 977//977 
f 976//976 977//977 977//977 
f 977//977 977//977 978//978 
f 977//977 979//979 978//978 
f 978//978 979//979 980//980 
f 979//979 980//980 980//980 
f 980//980 980//980 981//981 
f 980//980 981//981 981//981 
f 981//981 981//981 982//982 
f 981//981 983//983 982//982 
f 982//982 983//983 984//984 
f 983//983 984//984 984//984 
f 984//984 984//984 985//985 
f 984//984 985//985 985//985 
f 985//985 985//985 986//986 
f 985//985 987//987 986//986 
f 986//986 987//987 988//988 
f 987//987 988//988 988//988 
f 988//988 988//988 989//989 
f 988//988 989//989 989//989 
f 989//989 989//989 990//990 
f 989//989 991//991 990//990 
f 990//990 991//991 992//992 
f 991//991 992//992 992//992 
f 992//992 992//992 993//993 
f 992//992 993//993 993//993 
f 993//993 993//993 994//994 
f 993//993 995//995 994//994 
f 994//994 995//995 996//996 
f 995//995 996//996 996//996 
f 996//996 996//996 997//997 
f 996//996 997//997 997//997 
f 997//997 997//997 998//998 
f 997//997 999//999 998//998 
f 998//998 999//999 1000//1000 
f 999//999 1000//1000 1000//1000 
f 1000//1000 1000//1000 1001//1001 
f 1000//1000 1001//1001 1001//1001 
f 1001//1001 1001//1001 1002//1002 
f 1001//1001 1003//1003 1002//1002 
f 1002//1002 1003//1003 1004//1004 
f 1003//1003 1004//1004 1004//1004 
f 1004//1004 1004//1004 1005//1005 
f 1004//1004 1005//1005 1005//1005 
f 1005//1005 1005//1005 1006//1006 
f 1005//1005 1007//1007 1006//1006 
f 1006//1006 1007//1007 1008//1008 
f 1007//1007 1008//1008 1008//1008 
f 1008//1008 1008//1008 1009//1009 
f 1008//1008 1009//1009 1009//1009 
f 1009//1009 1009//1009 1010//1010 
f 1009//1009 1011//1011 1010//1010 
f 1010//1010 1011//1011 1012//1012 
f 1011//1011 1012//1012 1012//1012 
f 1012//1012 1012//1012 1013//1013 
f 1012//1012 1013//1013 1013//1013 
f 1013//1013 1013//1013 1014//1014 
f 1013//1013 1015//1015 1014//1014 
f 1014//1014 1015//1015 1016//1016 
f 1015//1015 1016//1016 1016//1016 
f 1016//1016 1016//1016 1017//1017 
f 1016//1016 1017//1017 1017//1017 
f 1017//1017 1017//1017 1018//1018 
f 1017//1017 1019//1019 1018//1018 
f 1018//1018 1019//1019 1020//1020 
f 1019//1019 1020//1020 1020//1020 
f 1020//1020 1020//1020 1021//1021 
f 1020//1020 1021//1021 1021//1021 
f 1021//1021 1021//1021 1022//1022 
f 1021//1021 1023//1023 1022//1022 
f 1022//1022 1023//1023 1024//1024 
f 1023//1023 1024//1024 1024//1024 
f 1024//1024 1024//1024 1025//1025 
f 1024//1024 1025//1025 1025//1025 
f 1025//1025 1025//1025 1026//1026 
f 1025//1025 1027//1027 1026//1026 
f 1026//1026 1027//1027 1028//1028 
f 1027//1027 1028//1028 1028//1028 
f 1028//1028 1028//1028 1029//1029 
f 1028//1028 1029//1029 1029//1029 
f 1029//1029 1029//1029 1030//1030 
f 1029//1029 1031//1031 1030//1030 
f 1030//1030 1031//1031 1032//1032 
f 1031//1031 1032//1032 1032//1032 
f 1032//1032 1032//1032 1033//1033 
f 1032//1032 1033//1033 1033//1033 
f 1033//1033 1033//1033 1034//1034 
f 1033//1033 1035//1035 1034//1034 
f 1034//1034 1035//1035 1036//1036 
f 1035//1035 1036//1036 1036//1036 
f 1036//1036 1036//1036 1037//1037 
f 1036//1036 1037//1037 1037//1037 
f 1037//1037 1037//1037 1038//1038 
f 1037//1037 1039//1039 1038//1038 
f 1038//1038 1039//1039 1040//1040 
f 1039//1039 1040//1040 1040//1040 
f 1040//1040 1040//1040 1041//1041 
f 1040//1040 1041//1041 1041//1041 
f 1041//1041 1041//1041 1042//1042 
f 1041//1041 1043//1043 1042//1042 
f 1042//1042 1043//1043 1044//1044 
f 1043//1043 1044//1044 1044//1044 
f 1044//1044 1044//1044 1045//1045 
f 1044//1044 1045//1045 1045//1045 
f 1045//1045 1045//1045 1046//1046 
f 1045//1045 1047//1047 1046//1046 
f 1046//1046 1047//1047 1048//1048 
f 1047//1047 1048//1048 1048//1048 
f 1048//1048 1048//1048 1049//1049 
f 1048//1048 1049//1049 1049//1049 
f 1049//1049 1049//1049 1050//1050 
f 1049//1049 1051//1051 1050//1050 
f 1050//1050 1051//1051 1052//1052 
f 1051//1051 1052//1052 1052//1052 
f 1052//1052 1052//1052 1053//1053 
f 1052//1052 1053//1053 1053//1053 
f 1053//1053 1053//1053 1054//1054 
f 1053//1053 1055//1055 1054//1054 
f 1054//1054 1055//1055 1056//1056 
f 1055//1055 1056//1056 1056//1056 
f 1056//1056 1056//1056 1057//1057 
f 1056//1056 1057//1057 1057//1057 
f 1057//1057 1057//1057 1058//1058 
f 1057//1057 1059//1059 1058//1058 
f 1058//1058 1059//1059 1060//1060 
f 1059//1059 1060//1060 1060//1060 
f 1060//1060 1060//1060 1061//1061 
f 1060//1060 1061//1061 1061//1061 
f 1061//1061 1061//1061 1062//1062 
f 1061//1061 1063//1063 1062//1062 
f 1062//1062 1063//1063 1064//1064 
f 1063//1063 1064//1064 1064//1064 
f 1064//1064 1064//1064 1065//1065 
f 1064//1064 1065//1065 1065//1065 
f 1065//1065 1065//1065 1066//1066 
f 1065//1065 1067//1067 1066//1066 
f 1066//1066 1067//1067 1068//1068 
f 1067//1067 1068//1068 1068//1068 
f 1068//1068 1068//1068 1069//1069 
f 1068//1068 1069//1069 1069//1069 
f 1069//1069 1069//1069 1070//1070 
f 1069//1069 1071//1071 1070//1070 
f 1070//1070 1071//1071 1072//1072 
f 1071//1071 1072//1072 1072//1072 
f 1072//1072 1072//1072 1073//1073 
f 1072//1072 1073//1073 1073//1073 
f 1073//1073 1073//1073 1074//1074 
f 1073//1073 1075//1075 1074//1074 
f 1074//1074 1075//1075 1076//1076 
f 1075//1075 1076//1076 1076//1076 
f 1076//1076 1076//1076 1077//1077 
f 1076//1076 1077//1077 1077//1077 
f 1077//1077 1077//1077 1078//1078 
f 1077//1077 1079//1079 1078//1078 
f 1078//1078 1079//1079 1080//1080 
f 1079//1079 1080//1080 1080//1080 
f 1080//1080 1080//1080 1081//1081 
f 1080//1080 1081//1081 1081//1081 
f 1081//1081 1081//1081 1082//1082 
f 1081//1081 1083//1083 1082//1082 
f 1082//1082 1083//1083 1084//1084 
f 1083//1083 1084//1084 1084//1084 
f 1084//1084 1084//1084 1085//1085 
f 1084//1084 1085//1085 1085//1085 
f 1085//1085 1085//1085 1086//1086 
f 1085//1085 1087//1087 1086//1086 
f 1086//1086 1087//1087 1088//1088 
f 1087//1087 1088//1088 1088//1088 
f 1088//1088 1088//1088 1089//1089 
f 1088//1088 1089//1089 1089//1089 
f 1089//1089 1089//1089 1090//1090 
f 1089//1089 1091//1091 1090//1090 
f 1090//1090 1091//1091 1092//1092 
f 1091//1091 1092//1092 1092//1092 
f 1092//1092 1092//1092 1093//1093 
f 1092//1092 1093//1093 1093//1093 
f 1093//1093 1093//1093 1094//1094 
f 1093//1093 1095//1095 1094//1094 
f 1094//1094 1095//1095 1096//1096 
f 1095//1095 1096//1096 1096//1096 
f 1096//1096 1096//1096 1097//1097 
f 1096//1096 1097//1097 1097//1097 
f 1097//1097 1097//1097 1098//1098 
f 1097//1097 1099//1099 1098//1098 
f 1098//1098 1099//1099 1100//1100 
f 1099//1099 1100//1100 1100//1100 
f 1100//1100 1100//1100 1101//1101 
f 1100//1100 1101//1101 1101//1101 
f 1101//1101 1101//1101 1102//1102 
f 1101//1101 1103//1103 1102//1102 
f 1102//1102 1103//1103 1104//1104 
f 1103//1103 1104//1104 1104//1104 
f 1104//1104 1104//1104 1105//1105 
f 1104//1104 1105//1105 1105//1105 
f 1105//1105 1105//1105 1106//1106 
f 1105//1105 1107//1107 1106//1106 
f 1106//1106 1107//1107 1108//1108 
f 1107//1107 1108//1108 1108//1108 
f 1108//1108 1108//1108 1109//1109 
f 1108//1108 1109//1109 1109//1109 
f 1109//1109 1109//1109 1110//1110 
f 1109//1109 1111//1111 1110//1110 
f 1110//1110 1111//1111 1112//1112 
f 1111//1111 1112//1112 1112//1112 
f 1112//1112 1112//1112 1113//1113 
f 1112//1112 1113//1113 1113//1113 
f 1113//1113 1113//1113 1114//1114 
f 1113//1113 1115//1115 1114//1114 
f 1114//1114 1115//1115 1116//1116 
f 1115//1115 1116//1116 1116//1116 
f 1116//1116 1116//1116 1117//1117 
f 1116//1116 1117//1117 1117//1117 
f 1117//1117 1117//1117 1118//1118 
f 1117//1117 1119//1119 1118//1118 
f 1118//1118 1119//1119 1120//1120 
f 1119//1119 1120//1120 1120//1120 
f 1120//1120 1120//1120 1121//1121 
f 1120//1120 1121//1121 1121//1121 
f 1121//1121 1121//1121 1122//1122 
f 1121//1121 1123//1123 1122//1122 
f 1122//1122 1123//1123 1124//1124 
f 1123//1123 1124//1124 1124//1124 
f 1124//1124 1124//1124 1125//1125 
f 1124//1124 1125//1125 1125//1125 
f 1125//1125 1125//1125 1126//1126 
f 1125//1125 1127//1127 1126//1126 
f 1126//1126 1127//1127 1128//1128 
f 1127//1127 1128//1128 1128//1128 
f 1128//1128 1128//1128 1129//1129 
f 1128//1128 1129//1129 1129//1129 
f 1129//1129 1129//1129 1130//1130 
f 1129//1129 1131//1131 1130//1130 
f 1130//1130 1131//1131 1132//1132 
f 1131//1131 1132//1132 1132//1132 
f 1132//1132 1132//1132 1133//1133 
f 1132//1132 1133//1133 1133//1133 
f 1133//1133 1133//1133 1134//1134 
f 1133//1133 1135//1135 1134//1134 
f 1134//1134 1135//1135 1136//1136 
f 1135//1135 1136//1136 1136//1136 
f 1136//1136 1136//1136 1137//1137 
f 1136//1136 1137//1137 1137//1137 
f 1137//1137 1137//1137 1138//1138 
f 1137//1137 1139//1139 1138//1138 
f 1138//1138 1139//1139 1140//1140 
f 1139//1139 1140//1140 1140//1140 
f 1140//1140 1140//1140 1141//1141 
f 1140//1140 1141//1141 1141//1141 
f 1141//1141 1141//1141 1142//1142 
f 1141//1141 1143//1143 1142//1142 
f 1142//1142 1143//1143 1144//1144 
f 1143//1143 1144//1144 1144//1144 
f 1144//1144 1144//1144 1145//1145 
f 1144//1144 1145//1145 1145//1145 
f 1145//1145 1145//1145 1146//1146 
f 1145//1145 1147//1147 1146//1146 
f 1146//1146 1147//1147 1148//1148 
f 1147//1147 1148//1148 1148//1148 
f 1148//1148 1148//1148 1149//1149 
f 1148//1148 1149//1149 1149//1149 
f 1149//1149 1149//1149 1150//1150 
f 1149//1149 1151//1151 1150//1150 
f 1150//1150 1151//1151 1152//1152 
f 1151//1151 1152//1152 1152//1152 
f 1152//1152 1152//1152 1153//1153 
f 1152//1152 1153//1153 1153//1153 
f 1153//1153 1153//1153 1154//1154 
f 1153//1153 1155//1155 1154//1154 
f 1154//1154 1155//1155 1156//1156 
f 1155//1155 1156//1156 1156//1156 
f 1156//1156 1156//1156 1157//1157 
f 1156//1156 1157//1157 1157//1157 
f 1157//1157 1157//1157 1158//1158 
f 1157//1157 1159//1159 1158//1158 
f 1158//1158 1159//1159 1160//1160 
f 1159//1159 1160//1160 1160//1160 
f 1160//1160 1160//1160 1161//1161 
f 1160//1160 1161//1161 1161//1161 
f 1161//1161 1161//1161 1162//1162 
f 1161//1161 1163//1163 1162//1162 
f 1162//1162 1163//1163 1164//1164 
f 1163//1163 1164//1164 1164//1164 
f 1164//1164 1164//1164 1165//1165 
f 1164//1164 1165//1165 1165//1165 
f 1165//1165 1165//1165 1166//1166 
f 1165//1165 1167//1167 1166//1166 
f 1166//1166 1167//1167 1168//1168 
f 1167//1167 1168//1168 1168//1168 
f 1168//1168 1168//1168 1169//1169 
f 1168//1168 1169//1169 1169//1169 
f 1169//1169 1169//1169 1170//1170 
f 1169//1169 1171//1171 1170//1170 
f 1170//1170 1171//1171 1172//1172 
f 1171//1171 1172//1172 1172//1172 
f 1172//1172 1172//1172 1173//1173 
f 1172//1172 1173//1173 1173//1173 
f 1173//1173 1173//1173 1174//1174 
f 1173//1173 1175//1175 1174//1174 
f 1174//1174 1175//1175 1176//1176 
f 1175//1175 1176//1176 1176//1176 
f 1176//1176 1176//1176 1177//1177 
f 1176//1176 1177//1177 1177//1177 
f 1177//1177 1177//1177 1178//1178 
f 1177//1177 1179//1179 1178//1178 
f 1178//1178 1179//1179 1180//1180 
f 1179//1179 1180//1180 1180//1180 
f 1180//1180 1180//1180 1181//1181 
f 1180//1180 1181//1181 1181//1181 
f 1181//1181 1181//1181 1182//1182 
f 1181//1181 1183//1183 1182//1182 
f 1182//1182 1183//1183 1184//1184 
f 1183//1183 1184//1184 1184//1184 
f 1184//1184 1184//1184 1185//1185 
f 1184//1184 1185//1185 1185//1185 
f 1185//1185 1185//1185 1186//1186 
f 1185//1185 1187//1187 1186//1186 
f 1186//1186 1187//1187 1188//1188 
f 1187//1187 1188//1188 1188//1188 
f 1188//1188 1188//1188 1189//1189 
f 1188//1188 1189//1189 1189//1189 
f 1189//1189 1189//1189 1190//1190 
f 1189//1189 1191//1191 1190//1190 
f 1190//1190 1191//1191 1192//1192 
f 1191//1191 1192//1192 1192//1192 
f 1192//1192 1192//1192 1193//1193 
f 1192//1192 1193//1193 1193//1193 
f 1193//1193 1193//1193 1194//1194 
f 1193//1193 1195//1195 1194//1194 
f 1194//1194 1195//1195 1196//1196 
f 1195//1195 1196//1196 1196//1196 
f 1196//1196 1196//1196 1197//1197 
f 1196//1196 1197//1197 1197//1197 
f 1197//1197 1197//1197 1198//1198 
f 1197//1197 1199//1199 1198//1198 
f 1198//1198 1199//1199 1200//1200 
f 1199//1199 1200//1200 1200//1200 
f 1200//1200 1200//1200 1201//1201 
f 1200//1200 1201//1201 1201//1201 
f 1201//1201 1201//1201 1202//1202 
f 1201//1201 1203//1203 1202//1202 
f 1202//1202 1203//1203 1204//1204 
f 1203//1203 1204//1204 1204//1204 
f 1204//1204 1204//1204 1205//1205 
f 1204//1204 1205//1205 1205//1205 
f 1205//1205 1205//1205 1206//1206 
f 1205//1205 1207//1207 1206//1206 
f 1206//1206 1207//1207 1208//1208 
f 1207//1207 1208//1208 1208//1208 
f 1208//1208 1208//1208 1209//1209 
f 1208//1208 1209//1209 1209//1209 
f 1209//1209 1209//1209 1210//1210 
f 1209//1209 1211//1211 1210//1210 
f 1210//1210 1211//1211 1212//1212 
f 1211//1211 1212//1212 1212//1212 
f 1212//1212 1212//1212 1213//1213 
f 1212//1212 1213//1213 1213//1213 
f 1213//1213 1213//1213 1214//1214 
f 1213//1213 1215//1215 1214//1214 
f 1214//1214 1215//1215 1216//1216 
f 1215//1215 1216//1216 1216//1216 
f 1216//1216 1216//1216 1217//1217 
f 1216//1216 1217//1217 1217//1217 
f 1217//1217 1217//1217 1218//1218 
f 1217//1217 1219//1219 1218//1218 
f 1218//1218 1219//1219 1220//1220 
f 1219//1219 1220//1220 1220//1220 
f 1220//1220 1220//1220 1221//1221 
f 1220//1220 1221//1221 1221//1221 
f 1221//1221 1221//1221 1222//1222 
f 1221//1221 1223//1223 1222//1222 
f 1222//1222 1223//1223 1224//1224 
f 1223//1223 1224//1224 1224//1224 
f 1224//1224 1224//1224 1225//1225 
f 1224//1224 1225//1225 1225//1225 
f 1225//1225 1225//1225 1226//1226 
f 1225//1225 1227//1227 1226//1226 
f 1226//1226 1227//1227 1228//1228 
f 1227//1227 1228//1228 1228//1228 
f 1228//1228 1228//1228 1229//1229 
f 1228//1228 1229//1229 1229//1229 
f 1229//1229 1229//1229 1230//1230 
f 1229//1229 1231//1231 1230//1230 
f 1230//1230 1231//1231 1232//1232 
f 1231//1231 1232//1232 1232//1232 
f 1232//1232 1232//1232 1233//1233 
f 1232//1232 1233//1233 1233//1233 
f 1233//1233 1233//1233 1234//1234 
f 1233//1233 1235//1235 1234//1234 
f 1234//1234 1235//1235 1236//1236 
f 1235//1235 1236//1236 1236//1236 
f 1236//1236 1236//1236 1237//1237 
f 1236//1236 1237//1237 1237//1237 
f 1237//1237 1237//1237 1238//1238 
f 1237//1237 1239//1239 1238//1238 
f 1238//1238 1239//1239 1240//1240 
f 1239//1239 1240//1240 1240//1240 
f 1240//1240 1240//1240 1241//1241 
f 1240//1240 1241//1241 1241//1241 
f 1241//1241 1241//1241 1242//1242 
f 1241//1241 1243//1243 1242//1242 
f 1242//1242 1243//1243 1244//1244 
f 1243//1243 1244//1244 1244//1244 
f 1244//1244 1244//1244 1245//1245 
f 1244//1244 1245//1245 1245//1245 
f 1245//1245 1245//1245 1246//1246 
f 1245//1245 1247//1247 1246//1246 
f 1246//1246 1247//1247 1248//1248 
f 1247//1247 1248//1248 1248//1248 
f 1248//1248 1248//1248 1249//1249 
f 1248//1248 1249//1249 1249//1249 
f 1249//1249 1249//1249 1250//1250 
f 1249//1249 1251//1251 1250//1250 
f 1250//1250 1251//1251 1252//1252 
f 1251//1251 1252//1252 1252//1252 
f 1252//1252 1252//1252 1253//1253 
f 1252//1252 1253//1253 1253//1253 
f 1253//1253 1253//1253 1254//1254 
f 1253//1253 1255//1255 1254//1254 
f 1254//1254 1255//1255 1256//1256 
f 1255//1255 1256//1256 1256//1256 
f 1256//1256 1256//1256 1257//1257 
f 1256//1256 1257//1257 1257//1257 
f 1257//1257 1257//1257 1258//1258 
f 1257//1257 1259//1259 1258//1258 
f 1258//1258 1259//1259 1260//1260 
f 1259//1259 1260//1260 1260//1260 
f 1260//1260 1260//1260 1261//1261 
f 1260//1260 1261//1261 1261//1261 
f 1261//1261 1261//1261 1262//1262 
f 1261//1261 1263//1263 1262//1262 
f 1262//1262 1263//1263 1264//1264 
f 1263//1263 1264//1264 1264//1264 
f 1264//1264 1264//1264 1265//1265 
f 1264//1264 1265//1265 1265//1265 
f 1265//1265 1265//1265 1266//1266 
f 1265//1265 1267//1267 1266//1266 
f 1266//1266 1267//1267 1268//1268 
f 1267//1267 1268//1268 1268//1268 
f 1268//1268 1268//1268 1269//1269 
f 1268//1268 1269//1269 1269//1269 
f 1269//1269 1269//1269 1270//1270 
f 1269//1269 1271//1271 1270//1270 
f 1270//1270 1271//1271 1272//1272 
f 1271//1271 1272//1272 1272//1272 
f 1272//1272 1272//1272 1273//1273 
f 1272//1272 1273//1273 1273//1273 
f 1273//1273 1273//1273 1274//1274 
f 1273//1273 1275//1275 1274//1274 
f 1274//1274 1275//1275 1276//1276 
f 1275//1275 1276//1276 1276//1276 
f 1276//1276 1276//1276 1277//1277 
f 1276//1276 1277//1277 1277//1277 
f 1277//1277 1277//1277 1278//1278 
f 1277//1277 1279//1279 1278//1278 
f 1278//1278 1279//1279 1280//1280 
f 1279//1279 1280//1280 1280//1280 
f 1280//1280 1280//1280 1281//1281 
f 1280//1280 1281//1281 1281//1281 
f 1281//1281 1281//1281 1282//1282 
f 1281//1281 1283//1283 1282//1282 
f 1282//1282 1283//1283 1284//1284 
f 1283//1283 1284//1284 1284//1284 
f 1284//1284 1284//1284 1285//1285 
f 1284//1284 1285//1285 1285//1285 
f 1285//1285 1285//1285 1286//1286 
f 1285//1285 1287//1287 1286//1286 
f 1286//1286 1287//1287 1288//1288 
f 1287//1287 1288//1288 1288//1288 
f 1288//1288 1288//1288 1289//1289 
f 1288//1288 1289//1289 1289//1289 
f 1289//1289 1289//1289 1290//1290 
f 1289//1289 1291//1291 1290//1290 
f 1290//1290 1291//1291 1292//1292 
f 1291//1291 1292//1292 1292//1292 
f 1292//1292 1292//1292 1293//1293 
f 1292//1292 1293//1293 1293//1293 
f 1293//1293 1293//1293 1294//1294 
f 1293//1293 1295//1295 1294//1294 
f 1294//1294 1295//1295 1296//1296 
f 1295//1295 1296//1296 1296//1296 
f 1296//1296 1296//1296 1297//1297 
f 1296//1296 1297//1297 1297//1297 
f 1297//1297 1297//1297 1298//1298 
f 1297//1297 1299//1299 1298//1298 
f 1298//1298 1299//1299 1300//1300 
f 1299//1299 1300//1300 1300//1300 
f 1300//1300 1300//1300 1301//1301 
f 1300//1300 1301//1301 1301//1301 
f 1301//1301 1301//1301 1302//1302 
f 1301//1301 1303//1303 1302//1302 
f 1302//1302 1303//1303 1304//1304 
f 1303//1303 1304//1304 1304//1304 
f 1304//1304 1304//1304 1305//1305 
f 1304//1304 1305//1305 1305//1305 
f 1305//1305 1305//1305 1306//1306 
f 1305//1305 1307//1307 1306//1306 
f 1306//1306 1307//1307 1308//1308 
f 1307//1307 1308//1308 1308//1308 
f 1308//1308 1308//1308 1309//1309 
f 1308//1308 1309//1309 1309//1309 
f 1309//1309 1309//1309 1310//1310 
f 1309//1309 1311//1311 1310//1310 
f 1310//1310 1311//1311 1312//1312 
f 1311//1311 1312//1312 1312//1312 
f 1312//1312 1312//1312 1313//1313 
f 1312//1312 1313//1313 1313//1313 
f 1313//1313 1313//1313 1314//1314 
f 1313//1313 1315//1315 1314//1314 
f 1314//1314 1315//1315 1316//1316 
f 1315//1315 1316//1316 1316//1316 
f 1316//1316 1316//1316 1317//1317 
f 1316//1316 1317//1317 1317//1317 
f 1317//1317 1317//1317 1318//1318 
f 1317//1317 1319//1319 1318//1318 
f 1318//1318 1319//1319 1320//1320 
f 1319//1319 1320//1320 1320//1320 
f 1320//1320 1320//1320 1321//1321 
f 1320//1320 1321//1321 1321//1321 
f 1321//1321 1321//1321 1322//1322 
f 1321//1321 1323//1323 1322//1322 
f 1322//1322 1323//1323 1324//1324 
f 1323//1323 1324//1324 1324//1324 
f 1324//1324 1324//1324 1325//1325 
f 1324//1324 1325//1325 1325//1325 
f 1325//1325 1325//1325 1326//1326 
f 1325//1325 1327//1327 1326//1326 
f 1326//1326 1327//1327 1328//1328 
f 1327//1327 1328//1328 1328//1328 
f 1328//1328 1328//1328 1329//1329 
f 1328//1328 1329//1329 1329//1329 
f 1329//1329 1329//1329 1330//1330 
f 1329//1329 1331//1331 1330//1330 
f 1330//1330 1331//1331 1332//1332 
f 1331//1331 1332//1332 1332//1332 
f 1332//1332 1332//1332 1333//1333 
f 1332//1332 1333//1333 1333//1333 
f 1333//1333 1333//1333 1334//1334 
f 1333//1333 1335//1335 1334//1334 
f 1334//1334 1335//1335 1336//1336 
f 1335//1335 1336//1336 1336//1336 
f 1336//1336 1336//1336 1337//1337 
f 1336//1336 1337//1337 1337//1337 
f 1337//1337 1337//1337 1338//1338 
f 1337//1337 1339//1339 1338//1338 
f 1338//1338 1339//1339 1340//1340 
f 1339//1339 1340//1340 1340//1340 
f 1340//1340 1340//1340 1341//1341 
f 1340//1340 1341//1341 1341//1341 
f 1341//1341 1341//1341 1342//1342 
f 1341//1341 1343//1343 1342//1342 
f 1342//1342 1343//1343 1344//1344 
f 1343//1343 1344//1344 1344//1344 
f 1344//1344 1344//1344 1345//1345 
f 1344//1344 1345//1345 1345//1345 
f 1345//1345 1345//1345 1346//1346 
f 1345//1345 1347//1347 1346//1346 
f 1346//1346 1347//1347 1348//1348 
f 1347//1347 1348//1348 1348//1348 
f 1348//1348 1348//1348 1349//1349 
f 1348//1348 1349//1349 1349//1349 
f 1349//1349 1349//1349 1350//1350 
f 1349//1349 1351//1351 1350//1350 
f 1350//1350 1351//1351 1352//1352 
f 1351//1351 1352//1352 1352//1352 
f 1352//1352 1352//1352 1353//1353 
f 1352//1352 1353//1353 1353//1353 
f 1353//1353 1353//1353 1354//1354 
f 1353//1353 1355//1355 1354//1354 
f 1354//1354 1355//1355 1356//1356 
f 1355//1355 1356//1356 1356//1356 
f 1356//1356 1356//1356 1357//1357 
f 1356//1356 1357//1357 1357//1357 
f 1357//1357 1357//1357 1358//1358 
f 1357//1357 1359//1359 1358//1358 
f 1358//1358 1359//1359 1360//1360 
f 1359//1359 1360//1360 1360//1360 
f 1360//1360 1360//1360 1361//1361 
f 1360//1360 1361//1361 1361//1361 
f 1361//1361 1361//1361 1362//1362 
f 1361//1361 1363//1363 1362//1362 
f 1362//1362 1363//1363 1364//1364 
f 1363//1363 1364//1364 1364//1364 
f 1364//1364 1364//1364 1365//1365 
f 1364//1364 1365//1365 1365//1365 
f 1365//1365 1365//1365 1366//1366 
f 1365//1365 1367//1367 1366//1366 
f 1366//1366 1367//1367 1368//1368 
f 1367//1367 1368//1368 1368//1368 
f 1368//1368 1368//1368 1369//1369 
f 1368//1368 1369//1369 1369//1369 
f 1369//1369 1369//1369 1370//1370 
f 1369//1369 1371//1371 1370//1370 
f 1370//1370 1371//1371 1372//1372 
f 1371//1371 1372//1372 1372//1372 
f 1372//1372 1372//1372 1373//1373 
f 1372//1372 1373//1373 1373//1373 
f 1373//1373 1373//1373 1374//1374 
f 1373//1373 1375//1375 1374//1374 
f 1374//1374 1375//1375 1376//1376 
f 1375//1375 1376//1376 1376//1376 
f 1376//1376 1376//1376 1377//1377 
f 1376//1376 1377//1377 1377//1377 
f 1377//1377 1377//1377 1378//1378 
f 1377//1377 1379//1379 1378//1378 
f 1378//1378 1379//1379 1380//1380 
f 1379//1379 1380//1380 1380//1380 
f 1380//1380 1380//1380 1381//1381 
f 1380//1380 1381//1381 1381//1381 
f 1381//1381 1381//1381 1382//1382 
f 1381//1381 1383//1383 1382//1382 
f 1382//1382 1383//1383 1384//1384 
f 1383//1383 1384//1384 1384//1384 
f 1384//1384 1384//1384 1385//1385 
f 1384//1384 1385//1385 1385//1385 
f 1385//1385 1385//1385 1386//1386 
f 1385//1385 1387//1387 1386//1386 
f 1386//1386 1387//1387 1388//1388 
f 1387//1387 1388//1388 1388//1388 
f 1388//1388 1388//1388 1389//1389 
f 1388//1388 1389//1389 1389//1389 
f 1389//1389 1389//1389 1390//1390 
f 1389//1389 1391//1391 1390//1390 
f 1390//1390 1391//1391 1392//1392 
f 1391//1391 1392//1392 1392//1392 
f 1392//1392 1392//1392 1393//1393 
f 1392//1392 1393//1393 1393//1393 
f 1393//1393 1393//1393 1394//1394 
f 1393//1393 1395//1395 1394//1394 
f 1394//1394 1395//1395 1396//1396 
f 1395//1395 1396//1396 1396//1396 
f 1396//1396 1396//1396 1397//1397 
f 1396//1396 1397//1397 1397//1397 
f 1397//1397 1397//1397 1398//1398 
f 1397//1397 1399//1399 1398//1398 
f 1398//1398 1399//1399 1400//1400 
f 1399//1399 1400//1400 1400//1400 
f 1400//1400 1400//1400 1401//1401 
f 1400//1400 1401//1401 1401//1401 
f 1401//1401 1401//1401 1402//1402 
f 1401//1401 1403//1403 1402//1402 
f 1402//1402 1403//1403 1404//1404 
f 1403//1403 1404//1404 1404//1404 
f 1404//1404 1404//1404 1405//1405 
f 1404//1404 1405//1405 1405//1405 
f 1405//1405 1405//1405 1406//1406 
f 1405//1405 1407//1407 1406//1406 
f 1406//1406 1407//1407 1408//1408 
f 1407//1407 1408//1408 1408//1408 
f 1408//1408 1408//1408 1409//1409 
f 1408//1408 1409//1409 1409//1409 
f 1409//1409 1409//1409 1410//1410 
f 1409//1409 1411//1411 1410//1410 
f 1410//1410 1411//1411 1412//1412 
f 1411//1411 1412//1412 1412//1412 
f 1412//1412 1412//1412 1413//1413 
f 1412//1412 1413//1413 1413//1413 
f 1413//1413 1413//1413 1414//1414 
f 1413//1413 1415//1415 1414//1414 
f 1414//1414 1415//1415 1416//1416 
f 1415//1415 1416//1416 1416//1416 
f 1416//1416 1416//1416 1417//1417 
f 1416//1416 1417//1417 1417//1417 
f 1417//1417 1417//1417 1418//1418 
f 1417//1417 1419//1419 1418//1418 
f 1418//1418 1419//1419 1420//1420 
f 1419//1419 1420//1420 1420//1420 
f 1420//1420 1420//1420 1421//1421 
f 1420//1420 1421//1421 1421//1421 
f 1421//1421 1421//1421 1422//1422 
f 1421//1421 1423//1423 1422//1422 
f 1422//1422 1423//1423 1424//1424 
f 1423//1423 1424//1424 1424//1424 
f 1424//1424 1424//1424 1425//1425 
f 1424//1424 1425//1425 1425//1425 
f 1425//1425 1425//1425 1426//1426 
f 1425//1425 1427//1427 1426//1426 
f 1426//1426 1427//1427 1428//1428 
f 1427//1427 1428//1428 1428//1428 
f 1428//1428 1428//1428 1429//1429 
f 1428//1428 1429//1429 1429//1429 
f 1429//1429 1429//1429 1430//1430 
f 1429//1429 1431//1431 1430//1430 
f 1430//1430 1431//1431 1432//1432 
f 1431//1431 1432//1432 1432//1432 
f 1432//1432 1432//1432 1433//1433 
f 1432//1432 1433//1433 1433//1433 
f 1433//1433 1433//1433 1434//1434 
f 1433//1433 1435//1435 1434//1434 
f 1434//1434 1435//1435 1436//1436 
f 1435//1435 1436//1436 1436//1436 
f 1436//1436 1436//1436 1437//1437 
f 1436//1436 1437//1437 1437//1437 
f 1437//1437 1437//1437 1438//1438 
f 1437//1437 1439//1439 1438//1438 
f 1438//1438 1439//1439 1440//1440 
f 1439//1439 1440//1440 1440//1440 
f 1440//1440 1440//1440 1441//1441 
f 1440//1440 1441//1441 1441//1441 
f 1441//1441 1441//1441 1442//1442 
f 1441//1441 1443//1443 1442//1442 
f 1442//1442 1443//1443 1444//1444 
f 1443//1443 1444//1444 1444//1444 
f 1444//1444 1444//1444 1445//1445 
f 1444//1444 1445//1445 1445//1445 
f 1445//1445 1445//1445 1446//1446 
f 1445//1445 1447//1447 1446//1446 
f 1446//1446 1447//1447 1448//1448 
f 1447//1447 1448//1448 1448//1448 
f 1448//1448 1448//1448 1449//1449 
f 1448//1448 1449//1449 1449//1449 
f 1449//1449 1449//1449 1450//1450 
f 1449//1449 1451//1451 1450//1450 
f 1450//1450 1451//1451 1452//1452 
f 1451//1451 1452//1452 1452//1452 
f 1452//1452 1452//1452 1453//1453 
f 1452//1452 1453//1453 1453//1453 
f 1453//1453 1453//1453 1454//1454 
f 1453//1453 1455//1455 1454//1454 
f 1454//1454 1455//1455 1456//1456 
f 1455//1455 1456//1456 1456//1456 
f 1456//1456 1456//1456 1457//1457 
f 1456//1456 1457//1457 1457//1457 
f 1457//1457 1457//1457 1458//1458 
f 1457//1457 1459//1459 1458//1458 
f 1458//1458 1459//1459 1460//1460 
f 1459//1459 1460//1460 1460//1460 
f 1460//1460 1460//1460 1461//1461 
f 1460//1460 1461//1461 1461//1461 
f 1461//1461 1461//1461 1462//1462 
f 1461//1461 1463//1463 1462//1462 
f 1462//1462 1463//1463 1464//1464 
f 1463//1463 1464//1464 1464//1464 
f 1464//1464 1464//1464 1465//1465 
f 1464//1464 1465//1465 1465//1465 
f 1465//1465 1465//1465 1466//1466 
f 1465//1465 1467//1467 1466//1466 
f 1466//1466 1467//1467 1468//1468 
f 1467//1467 1468//1468 1468//1468 
f 1468//1468 1468//1468 1469//1469 
f 1468//1468 1469//1469 1469//1469 
f 1469//1469 1469//1469 1470//1470 
f 1469//1469 1471//1471 1470//1470 
f 1470//1470 1471//1471 1472//1472 
f 1471//1471 1472//1472 1472//1472 
f 1472//1472 1472//1472 1473//1473 
f 1472//1472 1473//1473 1473//1473 
f 1473//1473 1473//1473 1474//1474 
f 1473//1473 1475//1475 1474//1474 
f 1474//1474 1475//1475 1476//1476 
f 1475//1475 1476//1476 1476//1476 
f 1476//1476 1476//1476 1477//1477 
f 1476//1476 1477//1477 1477//1477 
f 1477//1477 1477//1477 1478//1478 
f 1477//1477 1479//1479 1478//1478 
f 1478//1478 1479//1479 1480//1480 
f 1479//1479 1480//1480 1480//1480 
f 1480//1480 1480//1480 1481//1481 
f 1480//1480 1481//1481 1481//1481 
f 1481//1481 1481//1481 1482//1482 
f 1481//1481 1483//1483 1482//1482 
f 1482//1482 1483//1483 1484//1484 
f 1483//1483 1484//1484 1484//1484 
f 1484//1484 1484//1484 1485//1485 
f 1484//1484 1485//1485 1485//1485 
f 1485//1485 1485//1485 1486//1486 
f 1485//1485 1487//1487 1486//1486 
f 1486//1486 1487//1487 1488//1488 
f 1487//1487 1488//1488 1488//1488 
f 1488//1488 1488//1488 1489//1489 
f 1488//1488 1489//1489 1489//1489 
f 1489//1489 1489//1489 1490//1490 
f 1489//1489 1491//1491 1490//1490 
f 1490//1490 1491//1491 1492//1492 
f 1491//1491 1492//1492 1492//1492 
f 1492//1492 1492//1492 1493//1493 
f 1492//1492 1493//1493 1493//1493 
f 1493//1493 1493//1493 1494//1494 
f 1493//1493 1495//1495 1494//1494 
f 1494//1494 1495//1495 1496//1496 
f 1495//1495 1496//1496 1496//1496 
f 1496//1496 1496//1496 1497//1497 
f 1496//1496 1497//1497 1497//1497 
f 1497//1497 1497//1497 1498//1498 
f 1497//1497 1499//1499 1498//1498 
f 1498//1498 1499//1499 1500//1500 
f 1499//1499 1500//1500 1500//1500 
f 1500//1500 1500//1500 1501//1501 
f 1500//1500 1501//1501 1501//1501 
f 1501//1501 1501//1501 1502//1502 
f 1501//1501 1503//1503 1502//1502 
f 1502//1502 1503//1503 1504//1504 
f 1503//1503 1504//1504 1504//1504 
f 1504//1504 1504//1504 1505//1505 
f 1504//1504 1505//1505 1505//1505 
f 1505//1505 1505//1505 1506//1506 
f 1505//1505 1507//1507 1506//1506 
f 1506//1506 1507//1507 1508//1508 
f 1507//1507 1508//1508 1508//1508 
f 1508//1508 1508//1508 1509//1509 
f 1508//1508 1509//1509 1509//1509 
f 1509//1509 1509//1509 1510//1510 
f 1509//1509 1511//1511 1510//1510 
f 1510//1510 1511//1511 1512//1512 
f 1511//1511 1512//1512 1512//1512 
f 1512//1512 1512//1512 1513//1513 
f 1512//1512 1513//1513 1513//1513 
f 1513//1513 1513//1513 1514//1514 
f 1513//1513 1515//1515 1514//1514 
f 1514//1514 1515//1515 1516//1516 
f 1515//1515 1516//1516 1516//1516 
f 1516//1516 1516//1516 1517//1517 
f 1516//1516 1517//1517 1517//1517 
f 1517//1517 1517//1517 1518//1518 
f 1517//1517 1519//1519 1518//1518 
f 1518//1518 1519//1519 1520//1520 
f 1519//1519 1520//1520 1520//1520 
f 1520//1520 1520//1520 1521//1521 
f 1520//1520 1521//1521 1521//1521 
f 1521//1521 1521//1521 1522//1522 
f 1521//1521 1523//1523 1522//1522 
f 1522//1522 1523//1523 1524//1524 
f 1523//1523 1524//1524 1524//1524 
f 1524//1524 1524//1524 1525//1525 
f 1524//1524 1525//1525 1525//1525 
f 1525//1525 1525//1525 1526//1526 
f 1525//1525 1527//1527 1526//1526 
f 1526//1526 1527//1527 1528//1528 
f 1527//1527 1528//1528 1528//1528 
f 1528//1528 1528//1528 1529//1529 
f 1528//1528 1529//1529 1529//1529 
f 1529//1529 1529//1529 1530//1530 
f 1529//1529 1531//1531 1530//1530 
f 1530//1530 1531//1531 1532//1532 
f 1531//1531 1532//1532 1532//1532 
f 1532//1532 1532//1532 1533//1533 
f 1532//1532 1533//1533 1533//1533 
f 1533//1533 1533//1533 1534//1534 
f 1533//1533 1535//1535 1534//1534 
f 1534//1534 1535//1535 1536//1536 
f 1535//1535 1536//1536 1536//1536 
f 1536//1536 1536//1536 1537//1537 
f 1536//1536 1537//1537 1537//1537 
f 1537//1537 1537//1537 1538//1538 
f 1537//1537 1539//1539 1538//1538 
f 1538//1538 1539//1539 1540//1540 
f 1539//1539 1540//1540 1540//1540 
f 1540//1540 1540//1540 1541//1541 
f 1540//1540 1541//1541 1541//1541 
f 1541//1541 1541//1541 1542//1542 
f 1541//1541 1543//1543 1542//1542 
f 1542//1542 1543//1543 1544//1544 
f 1543//1543 1544//1544 1544//1544 
f 1544//1544 1544//1544 1545//1545 
f 1544//1544 1545//1545 1545//1545 
f 1545//1545 1545//1545 1546//1546 
f 1545//1545 1547//1547 1546//1546 
f 1546//1546 1547//1547 1548//1548 
f 1547//1547 1548//1548 1548//1548 
f 1548//1548 1548//1548 1549//1549 
f 1548//1548 1549//1549 1549//1549 
f 1549//1549 1549//1549 1550//1550 
f 1549//1549 1551//1551 1550//1550 
f 1550//1550 1551//1551 1552//1552 
f 1551//1551 1552//1552 1552//1552 
f 1552//1552 1552//1552 1553//1553 
f 1552//1552 1553//1553 1553//1553 
f 1553//1553 1553//1553 1554//1554 
f 1553//1553 1555//1555 1554//1554 
f 1554//1554 1555//1555 1556//1556 
f 1555//1555 1556//1556 1556//1556 
f 1556//1556 1556//1556 1557//1557 
f 1556//1556 1557//1557 1557//1557 
f 1557//1557 1557//1557 1558//1558 
f 1557//1557 1559//1559 1558//1558 
f 1558//1558 1559//1559 1560//1560 
f 1559//1559 1560//1560 1560//1560 
f 1560//1560 1560//1560 1561//1561 
f 1560//1560 1561//1561 1561//1561 
f 1561//1561 1561//1561 1562//1562 
f 1561//1561 1563//1563 1562//1562 
f 1562//1562 1563//1563 1564//1564 
f 1563//1563 1564//1564 1564//1564 
f 1564//1564 1564//1564 1565//1565 
f 1564//1564 1565//1565 1565//1565 
f 1565//1565 1565//1565 1566//1566 
f 1565//1565 1567//1567 1566//1566 
f 1566//1566 1567//1567 1568//1568 
f 1567//1567 1568//1568 1568//1568 
f 1568//1568 1568//1568 1569//1569 
f 1568//1568 1569//1569 1569//1569 
f 1569//1569 1569//1569 1570//1570 
f 1569//1569 1571//1571 1570//1570 
f 1570//1570 1571//1571 1572//1572 
f 1571//1571 1572//1572 1572//1572 
f 1572//1572 1572//1572 1573//1573 
f 1572//1572 1573//1573 1573//1573 
f 1573//1573 1573//1573 1574//1574 
f 1573//1573 1575//1575 1574//1574 
f 1574//1574 1575//1575 1576//1576 
f 1575//1575 1576//1576 1576//1576 
f 1576//1576 1576//1576 1577//1577 
f 1576//1576 1577//1577 1577//1577 
f 1577//1577 1577//1577 1578//1578 
f 1577//1577 1579//1579 1578//1578 
f 1578//1578 1579//1579 1580//1580 
f 1579//1579 1580//1580 1580//1580 
f 1580//1580 1580//1580 1581//1581 
f 1580//1580 1581//1581 1581//1581 
f 1581//1581 1581//1581 1582//1582 
f 1581//1581 1583//1583 1582//1582 
f 1582//1582 1583//1583 1584//1584 
f 1583//1583 1584//1584 1584//1584 
f 1584//1584 1584//1584 1585//1585 
f 1584//1584 1585//1585 1585//1585 
f 1585//1585 1585//1585 1586//1586 
f 1585//1585 1587//1587 1586//1586 
f 1586//1586 1587//1587 1588//1588 
f 1587//1587 1588//1588 1588//1588 
f 1588//1588 1588//1588 1589//1589 
f 1588//1588 1589//1589 1589//1589 
f 1589//1589 1589//1589 1590//1590 
f 1589//1589 1591//1591 1590//1590 
f 1590//1590 1591//1591 1592//1592 
f 1591//1591 1592//1592 1592//1592 
f 1592//1592 1592//1592 1593//1593 
f 1592//1592 1593//1593 1593//1593 
f 1593//1593 1593//1593 1594//1594 
f 1593//1593 1595//1595 1594//1594 
f 1594//1594 1595//1595 1596//1596 
f 1595//1595 1596//1596 1596//1596 
f 1596//1596 1596//1596 1597//1597 
f 1596//1596 1597//1597 1597//1597 
f 1597//1597 1597//1597 1598//1598 
f 1597//1597 1599//1599 1598//1598 
f 1598//1598 1599//1599 1600//1600 
f 1599//1599 1600//1600 1600//1600 
f 1600//1600 1600//1600 1601//1601 
f 1600//1600 1601//1601 1601//1601 
f 1601//1601 1601//1601 1602//1602 
f 1601//1601 1603//1603 1602//1602 
f 1602//1602 1603//1603 1604//1604 
f 1603//1603 1604//1604 1604//1604 
f 1604//1604 1604//1604 1605//1605 
f 1604//1604 1605//1605 1605//1605 
f 1605//1605 1605//1605 1606//1606 
f 1605//1605 1607//1607 1606//1606 
f 1606//1606 1607//1607 1608//1608 
f 1607//1607 1608//1608 1608//1608 
f 1608//1608 1608//1608 1609//1609 
f 1608//1608 1609//1609 1609//1609 
f 1609//1609 1609//1609 1610//1610 
f 1609//1609 1611//1611 1610//1610 
f 1610//1610 1611//1611 1612//1612 
f 1611//1611 1612//1612 1612//1612 
f 1612//1612 1612//1612 1613//1613 
f 1612//1612 1613//1613 1613//1613 
f 1613//1613 1613//1613 1614//1614 
f 1613//1613 1615//1615 1614//1614 
f 1614//1614 1615//1615 1616//1616 
f 1615//1615 1616//1616 1616//1616 
f 1616//1616 1616//1616 1617//1617 
f 1616//1616 1617//1617 1617//1617 
f 1617//1617 1617//1617 1618//1618 
f 1617//1617 1619//1619 1618//1618 
f 1618//1618 1619//1619 1620//1620 
f 1619//1619 1620//1620 1620//1620 
f 1620//1620 1620//1620 1621//1621 
f 1620//1620 1621//1621 1621//1621 
f 1621//1621 1621//1621 1622//1622 
f 1621//1621 1623//1623 1622//1622 
f 1622//1622 1623//1623 1624//1624 
f 1623//1623 1624//1624 1624//1624 
f 1624//1624 1624//1624 1625//1625 
f 1624//1624 1625//1625 1625//1625 
f 1625//1625 1625//1625 1626//1626 
f 1625//1625 1627//1627 1626//1626 
f 1626//1626 1627//1627 1628//1628 
f 1627//1627 1628//1628 1628//1628 
f 1628//1628 1628//1628 1629//1629 
f 1628//1628 1629//1629 1629//1629 
f 1629//1629 1629//1629 1630//1630 
f 1629//1629 1631//1631 1630//1630 
f 1630//1630 1631//1631 1632//1632 
f 1631//1631 1632//1632 1632//1632 
f 1632//1632 1632//1632 1633//1633 
f 1632//1632 1633//1633 1633//1633 
f 1633//1633 1633//1633 1634//1634 
f 1633//1633 1635//1635 1634//1634 
f 1634//1634 1635//1635 1636//1636 
f 1635//1635 1636//1636 1636//1636 
f 1636//1636 1636//1636 1637//1637 
f 1636//1636 1637//1637 1637//1637 
f 1637//1637 1637//1637 1638//1638 
f 1637//1637 1639//1639 1638//1638 
f 1638//1638 1639//1639 1640//1640 
f 1639//1639 1640//1640 1640//1640 
f 1640//1640 1640//1640 1641//1641 
f 1640//1640 1641//1641 1641//1641 
f 1641//1641 1641//1641 1642//1642 
f 1641//1641 1643//1643 1642//1642 
f 1642//1642 1643//1643 1644//1644 
f 1643//1643 1644//1644 1644//1644 
f 1644//1644 1644//1644 1645//1645 
f 1644//1644 1645//1645 1645//1645 
f 1645//1645 1645//1645 1646//1646 
f 1645//1645 1647//1647 1646//1646 
f 1646//1646 1647//1647 1648//1648 
f 1647//1647 1648//1648 1648//1648 
f 1648//1648 1648//1648 1649//1649 
f 1648//1648 1649//1649 1649//1649 
f 1649//1649 1649//1649 1650//1650 
f 1649//1649 1651//1651 1650//1650 
f 1650//1650 1651//1651 1652//1652 
f 1651//1651 1652//1652 1652//1652 
f 1652//1652 1652//1652 1653//1653 
f 1652//1652 1653//1653 1653//1653 
f 1653//1653 1653//1653 1654//1654 
f 1653//1653 1655//1655 1654//1654 
f 1654//1654 1655//1655 1656//1656 
f 1655//1655 1656//1656 1656//1656 
f 1656//1656 1656//1656 1657//1657 
f 1656//1656 1657//1657 1657//1657 
f 1657//1657 1657//1657 1658//1658 
f 1657//1657 1659//1659 1658//1658 
f 1658//1658 1659//1659 1660//1660 
f 1659//1659 1660//1660 1660//1660 
f 1660//1660 1660//1660 1661//1661 
f 1660//1660 1661//1661 1661//1661 
f 1661//1661 1661//1661 1662//1662 
f 1661//1661 1663//1663 1662//1662 
f 1662//1662 1663//1663 1664//1664 
f 1663//1663 1664//1664 1664//1664 
f 1664//1664 1664//1664 1665//1665 
f 1664//1664 1665//1665 1665//1665 
f 1665//1665 1665//1665 1666//1666 
f 1665//1665 1667//1667 1666//1666 
f 1666//1666 1667//1667 1668//1668 
f 1667//1667 1668//1668 1668//1668 
f 1668//1668 1668//1668 1669//1669 
f 1668//1668 1669//1669 1669//1669 
f 1669//1669 1669//1669 1670//1670 
f 1669//1669 1671//1671 1670//1670 
f 1670//1670 1671//1671 1672//1672 
f 1671//1671 1672//1672 1672//1672 
f 1672//1672 1672//1672 1673//1673 
f 1672//1672 1673//1673 1673//1673 
f 1673//1673 1673//1673 1674//1674 
f 1673//1673 1675//1675 1674//1674 
f 1674//1674 1675//1675 1676//1676 
f 1675//1675 1676//1676 1676//1676 
f 1676//1676 1676//1676 1677//1677 
f 1676//1676 1677//1677 1677//1677 
f 1677//1677 1677//1677 1678//1678 
f 1677//1677 1679//1679 1678//1678 
f 1678//1678 1679//1679 1680//1680 
f 1679//1679 1680//1680 1680//1680 
f 1680//1680 1680//1680 1681//1681 
f 1680//1680 1681//1681 1681//1681 
f 1681//1681 1681//1681 1682//1682 
f 1681//1681 1683//1683 1682//1682 
f 1682//1682 1683//1683 1684//1684 
f 1683//1683 1684//1684 1684//1684 
f 1684//1684 1684//1684 1685//1685 
f 1684//1684 1685//1685 1685//1685 
f 1685//1685 1685//1685 1686//1686 
f 1685//1685 1687//1687 1686//1686 
f 1686//1686 1687//1687 1688//1688 
f 1687//1687 1688//1688 1688//1688 
f 1688//1688 1688//1688 1689//1689 
f 1688//1688 1689//1689 1689//1689 
f 1689//1689 1689//1689 1690//1690 
f 1689//1689 1691//1691 1690//1690 
f 1690//1690 1691//1691 1692//1692 
f 1691//1691 1692//1692 1692//1692 
f 1692//1692 1692//1692 1693//1693 
f 1692//1692 1693//1693 1693//1693 
f 1693//1693 1693//1693 1694//1694 
f 1693//1693 1695//1695 1694//1694 
f 1694//1694 1695//1695 1696//1696 
f 1695//1695 1696//1696 1696//1696 
f 1696//1696 1696//1696 1697//1697 
f 1696//1696 1697//1697 1697//1697 
f 1697//1697 1697//1697 1698//1698 
f 1697//1697 1699//1699 1698//1698 
f 1698//1698 1699//1699 1700//1700 
f 1699//1699 1700//1700 1700//1700 
f 1700//1700 1700//1700 1701//1701 
f 1700//1700 1701//1701 1701//1701 
f 1701//1701 1701//1701 1702//1702 
f 1701//1701 1703//1703 1702//1702 
f 1702//1702 1703//1703 1704//1704 
f 1703//1703 1704//1704 1704//1704 
f 1704//1704 1704//1704 1705//1705 
f 1704//1704 1705//1705 1705//1705 
f 1705//1705 1705//1705 1706//1706 
f 1705//1705 1707//1707 1706//1706 
f 1706//1706 1707//1707 1708//1708 
f 1707//1707 1708//1708 1708//1708 
f 1708//1708 1708//1708 1709//1709 
f 1708//1708 1709//1709 1709//1709 
f 1709//1709 1709//1709 1710//1710 
f 1709//1709 1711//1711 1710//1710 
f 1710//1710 1711//1711 1712//1712 
f 1711//1711 1712//1712 1712//1712 
f 1712//1712 1712//1712 1713//1713 
f 1712//1712 1713//1713 1713//1713 
f 1713//1713 1713//1713 1714//1714 
f 1713//1713 1715//1715 1714//1714 
f 1714//1714 1715//1715 1716//1716 
f 1715//1715 1716//1716 1716//1716 
f 1716//1716 1716//1716 1717//1717 
f 1716//1716 1717//1717 1717//1717 
f 1717//1717 1717//1717 1718//1718 
f 1717//1717 1719//1719 1718//1718 
f 1718//1718 1719//1719 1720//1720 
f 1719//1719 1720//1720 1720//1720 
f 1720//1720 1720//1720 1721//1721 
f 1720//1720 1721//1721 1721//1721 
f 1721//1721 1721//1721 1722//1722 
f 1721//1721 1723//1723 1722//1722 
f 1722//1722 1723//1723 1724//1724 
f 1723//1723 1724//1724 1724//1724 
f 1724//1724 1724//1724 1725//1725 
f 1724//1724 1725//1725 1725//1725 
f 1725//1725 1725//1725 1726//1726 
f 1725//1725 1727//1727 1726//1726 
f 1726//1726 1727//1727 1728//1728 
f 1727//1727 1728//1728 1728//1728 
f 1728//1728 1728//1728 1729//1729 
f 1728//1728 1729//1729 1729//1729 
f 1729//1729 1729//1729 1730//1730 
f 1729//1729 1731//1731 1730//1730 
f 1730//1730 1731//1731 1732//1732 
f 1731//1731 1732//1732 1732//1732 
f 1732//1732 1732//1732 1733//1733 
f 1732//1732 1733//1733 1733//1733 
f 1733//1733 1733//1733 1734//1734 
f 1733//1733 1735//1735 1734//1734 
f 1734//1734 1735//1735 1736//1736 
f 1735//1735 1736//1736 1736//1736 
f 1736//1736 1736//1736 1737//1737 
f 1736//1736 1737//1737 1737//1737 
f 1737//1737 1737//1737 1738//1738 
f 1737//1737 1739//1739 1738//1738 
f 1738//1738 1739//1739 1740//1740 
f 1739//1739 1740//1740 1740//1740 
f 1740//1740 1740//1740 1741//1741 
f 1740//1740 1741//1741 1741//1741 
f 1741//1741 1741//1741 1742//1742 
f 1741//1741 1743//1743 1742//1742 
f 1742//1742 1743//1743 1744//1744 
f 1743//1743 1744//1744 1744//1744 
f 1744//1744 1744//1744 1745//1745 
f 1744//1744 1745//1745 1745//1745 
f 1745//1745 1745//1745 1746//1746 
f 1745//1745 1747//1747 1746//1746 
f 1746//1746 1747//1747 1748//1748 
f 1747//1747 1748//1748 1748//1748 
f 1748//1748 1748//1748 1749//1749 
f 1748//1748 1749//1749 1749//1749 
f 1749//1749 1749//1749 1750//1750 
f 1749//1749 1751//1751 1750//1750 
f 1750//1750 1751//1751 1752//1752 
f 1751//1751 1752//1752 1752//1752 
f 1752//1752 1752//1752 1753//1753 
f 1752//1752 1753//1753 1753//1753 
f 1753//1753 1753//1753 1754//1754 
f 1753//1753 1755//1755 1754//1754 
f 1754//1754 1755//1755 1756//1756 
f 1755//1755 1756//1756 1756//1756 
f 1756//1756 1756//1756 1757//1757 
f 1756//1756 1757//1757 1757//1757 
f 1757//1757 1757//1757 1758//1758 
f 1757//1757 1759//1759 1758//1758 
f 1758//1758 1759//1759 1760//1760 
f 1759//1759 1760//1760 1760//1760 
f 1760//1760 1760//1760 1761//1761 
f 1760//1760 1761//1761 1761//1761 
f 1761//1761 1761//1761 1762//1762 
f 1761//1761 1763//1763 1762//1762 
f 1762//1762 1763//1763 1764//1764 
f 1763//1763 1764//1764 1764//1764 
f 1764//1764 1764//1764 1765//1765 
f 1764//1764 1765//1765 1765//1765 
f 1765//1765 1765//1765 1766//1766 
f 1765//1765 1767//1767 1766//1766 
f 1766//1766 1767//1767 1768//1768 
f 1767//1767 1768//1768 1768//1768 
f 1768//1768 1768//1768 1769//1769 
f 1768//1768 1769//1769 1769//1769 
f 1769//1769 1769//1769 1770//1770 
f 1769//1769 1771//1771 1770//1770 
f 1770//1770 1771//1771 1772//1772 
f 1771//1771 1772//1772 1772//1772 
f 1772//1772 1772//1772 1773//1773 
f 1772//1772 1773//1773 1773//1773 
f 1773//1773 1773//1773 1774//1774 
f 1773//1773 1775//1775 1774//1774 
f 1774//1774 1775//1775 1776//1776 
f 1775//1775 1776//1776 1776//1776 
f 1776//1776 1776//1776 1777//1777 
f 1776//1776 1777//1777 1777//1777 
f 1777//1777 1777//1777 1778//1778 
f 1777//1777 1779//1779 1778//1778 
f 1778//1778 1779//1779 1780//1780 
f 1779//1779 1780//1780 1780//1780 
f 1780//1780 1780//1780 1781//1781 
f 1780//1780 1781//1781 1781//1781 
f 1781//1781 1781//1781 1782//1782 
f 1781//1781 1783//1783 1782//1782 
f 1782//1782 1783//1783 1784//1784 
f 1783//1783 1784//1784 1784//1784 
f 1784//1784 1784//1784 1785//1785 
f 1784//1784 1785//1785 1785//1785 
f 1785//1785 1785//1785 1786//1786 
f 1785//1785 1787//1787 1786//1786 
f 1786//1786 1787//1787 1788//1788 
f 1787//1787 1788//1788 1788//1788 
f 1788//1788 1788//1788 1789//1789 
f 1788//1788 1789//1789 1789//1789 
f 1789//1789 1789//1789 1790//1790 
f 1789//1789 1791//1791 1790//1790 
f 1790//1790 1791//1791 1792//1792 
f 1791//1791 1792//1792 1792//1792 
f 1792//1792 1792//1792 1793//1793 
f 1792//1792 1793//1793 1793//1793 
f 1793//1793 1793//1793 1794//1794 
f 1793//1793 1795//1795 1794//1794 
f 1794//1794 1795//1795 1796//1796 
f 1795//1795 1796//1796 1796//1796 
f 1796//1796 1796//1796 1797//1797 
f 1796//1796 1797//1797 1797//1797 
f 1797//1797 1797//1797 1798//1798 
f 1797//1797 1799//1799 1798//1798 
f 1798//1798 1799//1799 1800//1800 
f 1799//1799 1800//1800 1800//1800 
f 1800//1800 1800//1800 1801//1801 
f 1800//1800 1801//1801 1801//1801 
f 1801//1801 1801//1801 1802//1802 
f 1801//1801 1803//1803 1802//1802 
f 1802//1802 1803//1803 1804//1804 
f 1803//1803 1804//1804 1804//1804 
f 1804//1804 1804//1804 1805//1805 
f 1804//1804 1805//1805 1805//1805 
f 1805//1805 1805//1805 1806//1806 
f 1805//1805 1807//1807 1806//1806 
f 1806//1806 1807//1807 1808//1808 
f 1807//1807 1808//1808 1808//1808 
f 1808//1808 1808//1808 1809//1809 
f 1808//1808 1809//1809 1809//1809 
f 1809//1809 1809//1809 1810//1810 
f 1809//1809 1811//1811 1810//1810 
f 1810//1810 1811//1811 1812//1812 
f 1811//1811 1812//1812 1812//1812 
f 1812//1812 1812//1812 1813//1813 
f 1812//1812 1813//1813 1813//1813 
f 1813//1813 1813//1813 1814//1814 
f 1813//1813 1815//1815 1814//1814 
f 1814//1814 1815//1815 1816//1816 
f 1815//1815 1816//1816 1816//1816 
f 1816//1816 1816//1816 1817//1817 
f 1816//1816 1817//1817 1817//1817 
f 1817//1817 1817//1817 1818//1818 
f 1817//1817 1819//1819 1818//1818 
f 1818//1818 1819//1819 1820//1820 
f 1819//1819 1820//1820 1820//1820 
f 1820//1820 1820//1820 1821//1821 
f 1820//1820 1821//1821 1821//1821 
f 1821//1821 1821//1821 1822//1822 
f 1821//1821 1823//1823 1822//1822 
f 1822//1822 1823//1823 1824//1824 
f 1823//1823 1824//1824 1824//1824 
f 1824//1824 1824//1824 1825//1825 
f 1824//1824 1825//1825 1825//1825 
f 1825//1825 1825//1825 1826//1826 
f 1825//1825 1827//1827 1826//1826 
f 1826//1826 1827//1827 1828//1828 
f 1827//1827 1828//1828 1828//1828 
f 1828//1828 1828//1828 1829//1829 
f 1828//1828 1829//1829 1829//1829 
f 1829//1829 1829//1829 1830//1830 
f 1829//1829 1831//1831 1830//1830 
f 1830//1830 1831//1831 1832//1832 
f 1831//1831 1832//1832 1832//1832 
f 1832//1832 1832//1832 1833//1833 
f 1832//1832 1833//1833 1833//1833 
f 1833//1833 1833//1833 1834//1834 
f 1833//1833 1835//1835 1834//1834 
f 1834//1834 1835//1835 1836//1836 
f 1835//1835 1836//1836 1836//1836 
f 1836//1836 1836//1836 1837//1837 
f 1836//1836 1837//1837 1837//1837 
f 1837//1837 1837//1837 1838//1838 
f 1837//1837 1839//1839 1838//1838 
f 1838//1838 1839//1839 1840//1840 
f 1839//1839 1840//1840 1840//1840 
f 1840//1840 1840//1840 1841//1841 
f 1840//1840 1841//1841 1841//1841 
f 1841//1841 1841//1841 1842//1842 
f 1841//1841 1843//1843 1842//1842 
f 1842//1842 1843//1843 1844//1844 
f 1843//1843 1844//1844 1844//1844 
f 1844//1844 1844//1844 1845//1845 
f 1844//1844 1845//1845 1845//1845 
f 1845//1845 1845//1845 1846//1846 
f 1845//1845 1847//1847 1846//1846 
f 1846//1846 1847//1847 1848//1848 
f 1847//1847 1848//1848 1848//1848 
f 1848//1848 1848//1848 1849//1849 
f 1848//1848 1849//1849 1849//1849 
f 1849//1849 1849//1849 1850//1850 
f 1849//1849 1851//1851 1850//1850 
f 1850//1850 1851//1851 1852//1852 
f 1851//1851 1852//1852 1852//1852 
f 1852//1852 1852//1852 1853//1853 
f 1852//1852 1853//1853 1853//1853 
f 1853//1853 1853//1853 1854//1854 
f 1853//1853 1855//1855 1854//1854 
f 1854//1854 1855//1855 1856//1856 
f 1855//1855 1856//1856 1856//1856 
f 1856//1856 1856//1856 1857//1857 
f 1856//1856 1857//1857 1857//1857 
f 1857//1857 1857//1857 1858//1858 
f 1857//1857 1859//1859 1858//1858 
f 1858//1858 1859//1859 1860//1860 
f 1859//1859 1860//1860 1860//1860 
f 1860//1860 1860//1860 1861//1861 
f 1860//1860 1861//1861 1861//1861 
f 1861//1861 1861//1861 1862//1862 
f 1861//1861 1863//1863 1862//1862 
f 1862//1862 1863//1863 1864//1864 
f 1863//1863 1864//1864 1864//1864 
f 1864//1864 1864//1864 1865//1865 
f 1864//1864 1865//1865 1865//1865 
f 1865//1865 1865//1865 1866//1866 
f 1865//1865 1867//1867 1866//1866 
f 1866//1866 1867//1867 1868//1868 
f 1867//1867 1868//1868 1868//1868 
f 1868//1868 1868//1868 1869//1869 
f 1868//1868 1869//1869 1869//1869 
f 1869//1869 1869//1869 1870//1870 
f 1869//1869 1871//1871 1870//1870 
f 1870//1870 1871//1871 1872//1872 
f 1871//1871 1872//1872 1872//1872 
f 1872//1872 1872//1872 1873//1873 
f 1872//1872 1873//1873 1873//1873 
f 1873//1873 1873//1873 1874//1874 
f 1873//1873 1875//1875 1874//1874 
f 1874//1874 1875//1875 1876//1876 
f 1875//1875 1876//1876 1876//1876 
f 1876//1876 1876//1876 1877//1877 
f 1876//1876 1877//1877 1877//1877 
f 1877//1877 1877//1877 1878//1878 
f 1877//1877 1879//1879 1878//1878 
f 1878//1878 1879//1879 1880//1880 
f 1879//1879 1880//1880 1880//1880 
f 1880//1880 1880//1880 1881//1881 
f 1880//1880 1881//1881 1881//1881 
f 1881//1881 1881//1881 1882//1882 
f 1881//1881 1883//1883 1882//1882 
f 1882//1882 1883//1883 1884//1884 
f 1883//1883 1884//1884 1884//1884 
f 1884//1884 1884//1884 1885//1885 
f 1884//1884 1885//1885 1885//1885 
f 1885//1885 1885//1885 1886//1886 
f 1885//1885 1887//1887 1886//1886 
f 1886//1886 1887//1887 1888//1888 
f 1887//1887 1888//1888 1888//1888 
f 1888//1888 1888//1888 1889//1889 
f 1888//1888 1889//1889 1889//1889 
f 1889//1889 1889//1889 1890//1890 
f 1889//1889 1891//1891 1890//1890 
f 1890//1890 1891//1891 1892//1892 
f 1891//1891 1892//1892 1892//1892 
f 1892//1892 1892//1892 1893//1893 
f 1892//1892 1893//1893 1893//1893 
f 1893//1893 1893//1893 1894//1894 
f 1893//1893 1895//1895 1894//1894 
f 1894//1894 1895//1895 1896//1896 
f 1895//1895 1896//1896 1896//1896 
f 1896//1896 1896//1896 1897//1897 
f 1896//1896 1897//1897 1897//1897 
f 1897//1897 1897//1897 1898//1898 
f 1897//1897 1899//1899 1898//1898 
f 1898//1898 1899//1899 1900//1900 
f 1899//1899 1900//1900 1900//1900 
f 1900//1900 1900//1900 1901//1901 
f 1900//1900 1901//1901 1901//1901 
f 1901//1901 1901//1901 1902//1902 
f 1901//1901 1903//1903 1902//1902 
f 1902//1902 1903//1903 1904//1904 
f 1903//1903 1904//1904 1904//1904 
f 1904//1904 1904//1904 1905//1905 
f 1904//1904 1905//1905 1905//1905 
f 1905//1905 1905//1905 1906//1906 
f 1905//1905 1907//1907 1906//1906 
f 1906//1906 1907//1907 1908//1908 
f 1907//1907 1908//1908 1908//1908 
f 1908//1908 1908//1908 1909//1909 
f 1908//1908 1909//1909 1909//1909 
f 1909//1909 1909//1909 1910//1910 
f 1909//1909 1911//1911 1910//1910 
f 1910//1910 1911//1911 1912//1912 
f 1911//1911 1912//1912 1912//1912 
f 1912//1912 1912//1912 1913//1913 
f 1912//1912 1913//1913 1913//1913 
f 1913//1913 1913//1913 1914//1914 
f 1913//1913 1915//1915 1914//1914 
f 1914//1914 1915//1915 1916//1916 
f 1915//1915 1916//1916 1916//1916 
f 1916//1916 1916//1916 1917//1917 
f 1916//1916 1917//1917 1917//1917 
f 1917//1917 1917//1917 1918//1918 
f 1917//1917 1919//1919 1918//1918 
f 1918//1918 1919//1919 1920//1920 
f 1919//1919 1920//1920 1920//1920 
f 1920//1920 1920//1920 1921//1921 
f 1920//1920 1921//1921 1921//1921 
f 1921//1921 1921//1921 1922//1922 
f 1921//1921 1923//1923 1922//1922 
f 1922//1922 1923//1923 1924//1924 
f 1923//1923 1924//1924 1924//1924 
f 1924//1924 1924//1924 1925//1925 
f 1924//1924 1925//1925 1925//1925 
f 1925//1925 1925//1925 1926//1926 
f 1925//1925 1927//1927 1926//1926 
f 1926//1926 1927//1927 1928//1928 
f 1927//1927 1928//1928 1928//1928 
f 1928//1928 1928//1928 1929//1929 
f 1928//1928 1929//1929 1929//1929 
f 1929//1929 1929//1929 1930//1930 
f 1929//1929 1931//1931 1930//1930 
f 1930//1930 1931//1931 1932//1932 
f 1931//1931 1932//1932 1932//1932 
f 1932//1932 1932//1932 1933//1933 
f 1932//1932 1933//1933 1933//1933 
f 1933//1933 1933//1933 1934//1934 
f 1933//1933 1935//1935 1934//1934 
f 1934//1934 1935//1935 1936//1936 
f 1935//1935 1936//1936 1936//1936 
f 1936//1936 1936//1936 1937//1937 
f 1936//1936 1937//1937 1937//1937 
f 1937//1937 1937//1937 1938//1938 
f 1937//1937 1939//1939 1938//1938 
f 1938//1938 1939//1939 1940//1940 
f 1939//1939 1940//1940 1940//1940 
f 1940//1940 1940//1940 1941//1941 
f 1940//1940 1941//1941 1941//1941 
f 1941//1941 1941//1941 1942//1942 
f 1941//1941 1943//1943 1942//1942 
f 1942//1942 1943//1943 1944//1944 
f 1943//1943 1944//1944 1944//1944 
f 1944//1944 1944//1944 1945//1945 
f 1944//1944 1945//1945 1945//1945 
f 1945//1945 1945//1945 1946//1946 
f 1945//1945 1947//1947 1946//1946 
f 1946//1946 1947//1947 1948//1948 
f 1947//1947 1948//1948 1948//1948 
f 1948//1948 1948//1948 1949//1949 
f 1948//1948 1949//1949 1949//1949 
f 1949//1949 1949//1949 1950//1950 
f 1949//1949 1951//1951 1950//1950 
f 1950//1950 1951//1951 1952//1952 
f 1951//1951 1952//1952 1952//1952 
f 1952//1952 1952//1952 1953//1953 
f 1952//1952 1953//1953 1953//1953 
f 1953//1953 1953//1953 1954//1954 
f 1953//1953 1955//1955 1954//1954 
f 1954//1954 1955//1955 1956//1956 
f 1955//1955 1956//1956 1956//1956 
f 1956//1956 1956//1956 1957//1957 
f 1956//1956 1957//1957 1957//1957 
f 1957//1957 1957//1957 1958//1958 
f 1957//1957 1959//1959 1958//1958 
f 1958//1958 1959//1959 1960//1960 
f 1959//1959 1960//1960 1960//1960 
f 1960//1960 1960//1960 1961//1961 
f 1960//1960 1961//1961 1961//1961 
f 1961//1961 1961//1961 1962//1962 
f 1961//1961 1963//1963 1962//1962 
f 1962//1962 1963//1963 1964//1964 
f 1963//1963 1964//1964 1964//1964 
f 1964//1964 1964//1964 1965//1965 
f 1964//1964 1965//1965 1965//1965 
f 1965//1965 1965//1965 1966//1966 
f 1965//1965 1967//1967 1966//1966 
f 1966//1966 1967//1967 1968//1968 
f 1967//1967 1968//1968 1968//1968 
f 1968//1968 1968//1968 1969//1969 
f 1968//1968 1969//1969 1969//1969 
f 1969//1969 1969//1969 1970//1970 
f 1969//1969 1971//1971 1970//1970 
f 1970//1970 1971//1971 1972//1972 
f 1971//1971 1972//1972 1972//1972 
f 1972//1972 1972//1972 1973//1973 
f 1972//1972 1973//1973 1973//1973 
f 1973//1973 1973//1973 1974//1974 
f 1973//1973 1975//1975 1974//1974 
f 1974//1974 1975//1975 1976//1976 
f 1975//1975 1976//1976 1976//1976 
f 1976//1976 1976//1976 1977//1977 
f 1976//1976 1977//1977 1977//1977 
f 1977//1977 1977//1977 1978//1978 
f 1977//1977 1979//1979 1978//1978 
f 1978//1978 1979//1979 1980//1980 
f 1979//1979 1980//1980 1980//1980 
f 1980//1980 1980//1980 1981//1981 
f 1980//1980 1981//1981 1981//1981 
f 1981//1981 1981//1981 1982//1982 
f 1981//1981 1983//1983 1982//1982 
f 1982//1982 1983//1983 1984//1984 
f 1983//1983 1984//1984 1984//1984 
f 1984//1984 1984//1984 1985//1985 
f 1984//1984 1985//1985 1985//1985 
f 1985//1985 1985//1985 1986//1986 
f 1985//1985 1987//1987 1986//1986 
f 1986//1986 1987//1987 1988//1988 
f 1987//1987 1988//1988 1988//1988 
f 1988//1988 1988//1988 1989//1989 
f 1988//1988 1989//1989 1989//1989 
f 1989//1989 1989//1989 1990//1990 
f 1989//1989 1991//1991 1990//1990 
f 1990//1990 1991//1991 1992//1992 
f 1991//1991 1992//1992 1992//1992 
f 1992//1992 1992//1992 1993//1993 
f 1992//1992 1993//1993 1993//1993 
f 1993//1993 1993//1993 1994//1994 
f 1993//1993 1995//1995 1994//1994 
f 1994//1994 1995//1995 1996//1996 
f 1995//1995 1996//1996 1996//1996 
f 1996//1996 1996//1996 1997//1997 
f 1996//1996 1997//1997 1997//1997 
f 1997//1997 1997//1997 1998//1998 
f 1997//1997 1999//1999 1998//1998 
f 1998//1998 1999//1999 2000//2000 
f 1999//1999 2000//2000 2000//2000 
f 2000//2000 2000//2000 2001//2001 
f 2000//2000 2001//2001 2001//2001 
f 2001//2001 2001//2001 2002//2002 
f 2001//2001 2003//2003 2002//2002 
f 2002//2002 2003//2003 2004//2004 
f 2003//2003 2004//2004 2004//2004 
f 2004//2004 2004//2004 2005//2005 
f 2004//2004 2005//2005 2005//2005 
f 2005//2005 2005//2005 2006//2006 
f 2005//2005 2007//2007 2006//2006 
f 2006//2006 2007//2007 2008//2008 
f 2007//2007 2008//2008 2008//2008 
f 2008//2008 2008//2008 2009//2009 
f 2008//2008 2009//2009 2009//2009 
f 2009//2009 2009//2009 2010//2010 
f 2009//2009 2011//2011 2010//2010 
f 2010//2010 2011//2011 2012//2012 
f 2011//2011 2012//2012 2012//2012 
f 2012//2012 2012//2012 2013//2013 
f 2012//2012 2013//2013 2013//2013 
f 2013//2013 2013//2013 2014//2014 
f 2013//2013 2015//2015 2014//2014 
f 2014//2014 2015//2015 2016//2016 
f 2015//2015 2016//2016 2016//2016 
f 2016//2016 2016//2016 2017//2017 
f 2016//2016 2017//2017 2017//2017 
f 2017//2017 2017//2017 2018//2018 
f 2017//2017 2019//2019 2018//2018 
f 2018//2018 2019//2019 2020//2020 
f 2019//2019 2020//2020 2020//2020 
f 2020//2020 2020//2020 2021//2021 
f 2020//2020 2021//2021 2021//2021 
f 2021//2021 2021//2021 2022//2022 
f 2021//2021 2023//2023 2022//2022 
f 2022//2022 2023//2023 2024//2024 
f 2023//2023 2024//2024 2024//2024 
f 2024//2024 2024//2024 2025//2025 
f 2024//2024 2025//2025 2025//2025 
f 2025//2025 2025//2025 2026//2026 
f 2025//2025 2027//2027 2026//2026 
f 2026//2026 2027//2027 2028//2028 
f 2027//2027 2028//2028 2028//2028 
f 2028//2028 2028//2028 2029//2029 
f 2028//2028 2029//2029 2029//2029 
f 2029//2029 2029//2029 2030//2030 
f 2029//2029 2031//2031 2030//2030 
f 2030//2030 2031//2031 2032//2032 
f 2031//2031 2032//2032 2032//2032 
f 2032//2032 2032//2032 2033//2033 
f 2032//2032 2033//2033 2033//2033 
f 2033//2033 2033//2033 2034//2034 
f 2033//2033 2035//2035 2034//2034 
f 2034//2034 2035//2035 2036//2036 
f 2035//2035 2036//2036 2036//2036 
f 2036//2036 2036//2036 2037//2037 
f 2036//2036 2037//2037 2037//2037 
f 2037//2037 2037//2037 2038//2038 
f 2037//2037 2039//2039 2038//2038 
f 2038//2038 2039//2039 2040//2040 
f 2039//2039 2040//2040 2040//2040 
f 2040//2040 2040//2040 2041//2041 
f 2040//2040 2041//2041 2041//2041 
f 2041//2041 2041//2041 2042//2042 
f 2041//2041 2043//2043 2042//2042 
f 2042//2042 2043//2043 2044//2044 
f 2043//2043 2044//2044 2044//2044 
f 2044//2044 2044//2044 2045//2045 
f 2044//2044 2045//2045 2045//2045 
f 2045//2045 2045//2045 2046//2046 
f 2045//2045 2047//2047 2046//2046 
f 2046//2046 2047//2047 2048//2048 
f 2047//2047 2048//2048 2048//2048 
f 2048//2048 2048//2048 2049//2049 
f 2048//2048 2049//2049 2049//2049 
f 2049//2049 2049//2049 2050//2050 
f 2049//2049 2051//2051 2050//2050 
f 2050//2050 2051//2051 2052//2052 
f 2051//2051 2052//2052 2052//2052 
f 2052//2052 2052//2052 2053//2053 
f 2052//2052 2053//2053 2053//2053 
f 2053//2053 2053//2053 2054//2054 
f 2053//2053 2055//2055 2054//2054 
f 2054//2054 2055//2055 2056//2056 
f 2055//2055 2056//2056 2056//2056 
f 2056//2056 2056//2056 2057//2057 
f 2056//2056 2057//2057 2057//2057 
f 2057//2057 2057//2057 2058//2058 
f 2057//2057 2059//2059 2058//2058 
f 2058//2058 2059//2059 2060//2060 
f 2059//2059 2060//2060 2060//2060 
f 2060//2060 2060//2060 2061//2061 
f 2060//2060 2061//2061 2061//2061 
f 2061//2061 2061//2061 2062//2062 
f 2061//2061 2063//2063 2062//2062 
f 2062//2062 2063//2063 2064//2064 
f 2063//2063 2064//2064 2064//2064 
f 2064//2064 2064//2064 2065//2065 
f 2064//2064 2065//2065 2065//2065 
f 2065//2065 2065//2065 2066//2066 
f 2065//2065 2067//2067 2066//2066 
f 2066//2066 2067//2067 2068//2068 
f 2067//2067 2068//2068 2068//2068 
f 2068//2068 2068//2068 2069//2069 
f 2068//2068 2069//2069 2069//2069 
f 2069//2069 2069//2069 2070//2070 
f 2069//2069 2071//2071 2070//2070 
f 2070//2070 2071//2071 2072//2072 
f 2071//2071 2072//2072 2072//2072 
f 2072//2072 2072//2072 2073//2073 
f 2072//2072 2073//2073 2073//2073 
f 2073//2073 2073//2073 2074//2074 
f 2073//2073 2075//2075 2074//2074 
f 2074//2074 2075//2075 2076//2076 
f 2075//2075 2076//2076 2076//2076 
f 2076//2076 2076//2076 2077//2077 
f 2076//2076 2077//2077 2077//2077 
f 2077//2077 2077//2077 2078//2078 
f 2077//2077 2079//2079 2078//2078 
f 2078//2078 2079//2079 2080//2080 
f 2079//2079 2080//2080 2080//2080 
f 2080//2080 2080//2080 2081//2081 
f 2080//2080 2081//2081 2081//2081 
f 2081//2081 2081//2081 2082//2082 
f 2081//2081 2083//2083 2082//2082 
f 2082//2082 2083//2083 2084//2084 
f 2083//2083 2084//2084 2084//2084 
f 2084//2084 2084//2084 2085//2085 
f 2084//2084 2085//2085 2085//2085 
f 2085//2085 2085//2085 2086//2086 
f 2085//2085 2087//2087 2086//2086 
f 2086//2086 2087//2087 2088//2088 
f 2087//2087 2088//2088 2088//2088 
f 2088//2088 2088//2088 2089//2089 
f 2088//2088 2089//2089 2089//2089 
f 2089//2089 2089//2089 2090//2090 
f 2089//2089 2091//2091 2090//2090 
f 2090//2090 2091//2091 2092//2092 
f 2091//2091 2092//2092 2092//2092 
f 2092//2092 2092//2092 2093//2093 
f 2092//2092 2093//2093 2093//2093 
f 2093//2093 2093//2093 2094//2094 
f 2093//2093 2095//2095 2094//2094 
f 2094//2094 2095//2095 2096//2096 
f 2095//2095 2096//2096 2096//2096 
f 2096//2096 2096//2096 2097//2097 
f 2096//2096 2097//2097 2097//2097 
f 2097//2097 2097//2097 2098//2098 
f 2097//2097 2099//2099 2098//2098 
f 2098//2098 2099//2099 2100//2100 
f 2099//2099 2100//2100 2100//2100 
f 2100//2100 2100//2100 2101//2101 
f 2100//2100 2101//2101 2101//2101 
f 2101//2101 2101//2101 2102//2102 
f 2101//2101 2103//2103 2102//2102 
f 2102//2102 2103//2103 2104//2104 
f 2103//2103 2104//2104 2104//2104 
f 2104//2104 2104//2104 2105//2105 
f 2104//2104 2105//2105 2105//2105 
f 2105//2105 2105//2105 2106//2106 
f 2105//2105 2107//2107 2106//2106 
f 2106//2106 2107//2107 2108//2108 
f 2107//2107 2108//2108 2108//2108 
f 2108//2108 2108//2108 2109//2109 
f 2108//2108 2109//2109 2109//2109 
f 2109//2109 2109//2109 2110//2110 
f 2109//2109 2111//2111 2110//2110 
f 2110//2110 2111//2111 2112//2112 
f 2111//2111 2112//2112 2112//2112 
f 2112//2112 2112//2112 2113//2113 
f 2112//2112 2113//2113 2113//2113 
f 2113//2113 2113//2113 2114//2114 
f 2113//2113 2115//2115 2114//2114 
f 2114//2114 2115//2115 2116//2116 
f 2115//2115 2116//2116 2116//2116 
f 2116//2116 2116//2116 2117//2117 
f 2116//2116 2117//2117 2117//2117 
f 2117//2117 2117//2117 2118//2118 
f 2117//2117 2119//2119 2118//2118 
f 2118//2118 2119//2119 2120//2120 
f 2119//2119 2120//2120 2120//2120 
f 2120//2120 2120//2120 2121//2121 
f 2120//2120 2121//2121 2121//2121 
f 2121//2121 2121//2121 2122//2122 
f 2121//2121 2123//2123 2122//2122 
f 2122//2122 2123//2123 2124//2124 
f 2123//2123 2124//2124 2124//2124 
f 2124//2124 2124//2124 2125//2125 
f 2124//2124 2125//2125 2125//2125 
f 2125//2125 2125//2125 2126//2126 
f 2125//2125 2127//2127 2126//2126 
f 2126//2126 2127//2127 2128//2128 
f 2127//2127 2128//2128 2128//2128 
f 2128//2128 2128//2128 2129//2129 
f 2128//2128 2129//2129 2129//2129 
f 2129//2129 2129//2129 2130//2130 
f 2129//2129 2131//2131 2130//2130 
f 2130//2130 2131//2131 2132//2132 
f 2131//2131 2132//2132 2132//2132 
f 2132//2132 2132//2132 2133//2133 
f 2132//2132 2133//2133 2133//2133 
f 2133//2133 2133//2133 2134//2134 
f 2133//2133 2135//2135 2134//2134 
f 2134//2134 2135//2135 2136//2136 
f 2135//2135 2136//2136 2136//2136 
f 2136//2136 2136//2136 2137//2137 
f 2136//2136 2137//2137 2137//2137 
f 2137//2137 2137//2137 2138//2138 
f 2137//2137 2139//2139 2138//2138 
f 2138//2138 2139//2139 2140//2140 
f 2139//2139 2140//2140 2140//2140 
f 2140//2140 2140//2140 2141//2141 
f 2140//2140 2141//2141 2141//2141 
f 2141//2141 2141//2141 2142//2142 
f 2141//2141 2143//2143 2142//2142 
f 2142//2142 2143//2143 2144//2144 
f 2143//2143 2144//2144 2144//2144 
f 2144//2144 2144//2144 2145//2145 
f 2144//2144 2145//2145 2145//2145 
f 2145//2145 2145//2145 2146//2146 
f 2145//2145 2147//2147 2146//2146 
f 2146//2146 2147//2147 2148//2148 
f 2147//2147 2148//2148 2148//2148 
f 2148//2148 2148//2148 2149//2149 
f 2148//2148 2149//2149 2149//2149 
f 2149//2149 2149//2149 2150//2150 
f 2149//2149 2151//2151 2150//2150 
f 2150//2150 2151//2151 2152//2152 
f 2151//2151 2152//2152 2152//2152 
f 2152//2152 2152//2152 2153//2153 
f 2152//2152 2153//2153 2153//2153 
f 2153//2153 2153//2153 2154//2154 
f 2153//2153 2155//2155 2154//2154 
f 2154//2154 2155//2155 2156//2156 
f 2155//2155 2156//2156 2156//2156 
f 2156//2156 2156//2156 2157//2157 
f 2156//2156 2157//2157 2157//2157 
f 2157//2157 2157//2157 2158//2158 
f 2157//2157 2159//2159 2158//2158 
f 2158//2158 2159//2159 2160//2160 
f 2159//2159 2160//2160 2160//2160 
f 2160//2160 2160//2160 2161//2161 
f 2160//2160 2161//2161 2161//2161 
f 2161//2161 2161//2161 2162//2162 
f 2161//2161 2163//2163 2162//2162 
f 2162//2162 2163//2163 2164//2164 
f 2163//2163 2164//2164 2164//2164 
f 2164//2164 2164//2164 2165//2165 
f 2164//2164 2165//2165 2165//2165 
f 2165//2165 2165//2165 2166//2166 
f 2165//2165 2167//2167 2166//2166 
f 2166//2166 2167//2167 2168//2168 
f 2167//2167 2168//2168 2168//2168 
f 2168//2168 2168//2168 2169//2169 
f 2168//2168 2169//2169 2169//2169 
f 2169//2169 2169//2169 2170//2170 
f 2169//2169 2171//2171 2170//2170 
f 2170//2170 2171//2171 2172//2172 
f 2171//2171 2172//2172 2172//2172 
f 2172//2172 2172//2172 2173//2173 
f 2172//2172 2173//2173 2173//2173 
f 2173//2173 2173//2173 2174//2174 
f 2173//2173 2175//2175 2174//2174 
f 2174//2174 2175//2175 2176//2176 
f 2175//2175 2176//2176 2176//2176 
f 2176//2176 2176//2176 2177//2177 
f 2176//2176 2177//2177 2177//2177 
f 2177//2177 2177//2177 2178//2178 
f 2177//2177 2179//2179 2178//2178 
f 2178//2178 2179//2179 2180//2180 
f 2179//2179 2180//2180 2180//2180 
f 2180//2180 2180//2180 2181//2181 
f 2180//2180 2181//2181 2181//2181 
f 2181//2181 2181//2181 2182//2182 
f 2181//2181 2183//2183 2182//2182 
f 2182//2182 2183//2183 2184//2184 
f 2183//2183 2184//2184 2184//2184 
f 2184//2184 2184//2184 2185//2185 
f 2184//2184 2185//2185 2185//2185 
f 2185//2185 2185//2185 2186//2186 
f 2185//2185 2187//2187 2186//2186 
f 2186//2186 2187//2187 2188//2188 
f 2187//2187 2188//2188 2188//2188 
f 2188//2188 2188//2188 2189//2189 
f 2188//2188 2189//2189 2189//2189 
f 2189//2189 2189//2189 2190//2190 
f 2189//2189 2191//2191 2190//2190 
f 2190//2190 2191//2191 2192//2192 
f 2191//2191 2192//2192 2192//2192 
f 2192//2192 2192//2192 2193//2193 
f 2192//2192 2193//2193 2193//2193 
f 2193//2193 2193//2193 2194//2194 
f 2193//2193 2195//2195 2194//2194 
f 2194//2194 2195//2195 2196//2196 
f 2195//2195 2196//2196 2196//2196 
f 2196//2196 2196//2196 2197//2197 
f 2196//2196 2197//2197 2197//2197 
f 2197//2197 2197//2197 2198//2198 
f 2197//2197 2199//2199 2198//2198 
f 2198//2198 2199//2199 2200//2200 
f 2199//2199 2200//2200 2200//2200 
f 2200//2200 2200//2200 2201//2201 
f 2200//2200 2201//2201 2201//2201 
f 2201//2201 2201//2201 2202//2202 
f 2201//2201 2203//2203 2202//2202 
f 2202//2202 2203//2203 2204//2204 
f 2203//2203 2204//2204 2204//2204 
f 2204//2204 2204//2204 2205//2205 
f 2204//2204 2205//2205 2205//2205 
f 2205//2205 2205//2205 2206//2206 
f 2205//2205 2207//2207 2206//2206 
f 2206//2206 2207//2207 2208//2208 
f 2207//2207 2208//2208 2208//2208 
f 2208//2208 2208//2208 2209//2209 
f 2208//2208 2209//2209 2209//2209 
f 2209//2209 2209//2209 2210//2210 
f 2209//2209 2211//2211 2210//2210 
f 2210//2210 2211//2211 2212//2212 
f 2211//2211 2211//2211 2212//2212 
f 2212//2212 2211//2211 2213//2213 
f 2211//2211 2214//2214 2213//2213 
f 2213//2213 2214//2214 2214//2214 
f 2214//2214 2215//2215 2214//2214 
f 2214//2214 2215//2215 2215//2215 
f 2215//2215 2216//2216 2215//2215 
f 2215//2215 2216//2216 2217//2217 
f 2216//2216 2216//2216 2217//2217 
f 2217//2217 2216//2216 2218//2218 
f 2216//2216 2216//2216 2218//2218 
f 2218//2218 2216//2216 2219//2219 
f 2216//2216 2220//2220 2219//2219 
f 2219//2219 2220//2220 2220//2220 
f 2220//2220 2221//2221 2220//2220 
f 2220//2220 2221//2221 2221//2221 
f 2221//2221 2222//2222 2221//2221 
f 2221//2221 2222//2222 2223//2223 
f 2222//2222 2222//2222 2223//2223 
f 2223//2223 2222//2222 2224//2224 
f 2222//2222 2222//2222 2224//2224 
f 2224//2224 2222//2222 2225//2225 
f 2222//2222 2226//2226 2225//2225 
f 2225//2225 2226//2226 2226//2226 
f 2226//2226 2227//2227 2226//2226 
f 2226//2226 2227//2227 2227//2227 
f 2227//2227 2228//2228 2227//2227 
f 2227//2227 2228//2228 2229//2229 
f 2228//2228 2230//2230 2229//2229 
f 2229//2229 2230//2230 2229//2229 
f 2230//2230 2231//2231 2229//2229 
f 2229//2229 2231//2231 2232//2232 
f 2231//2231 2232//2232 2232//2232 
f 2232//2232 2232//2232 2233//2233 
f 2232//2232 2233//2233 2233//2233 
f 2233//2233 2233//2233 2234//2234 
f 2233//2233 2235//2235 2234//2234 
f 2234//2234 2235//2235 2234//2234 
f 2235//2235 2236//2236 2234//2234 
f 2234//2234 2236//2236 2237//2237 
f 2236//2236 2238//2238 2237//2237 
f 2237//2237 2238//2238 2239//2239 
f 2238//2238 2240//2240 2239//2239 
f 2239//2239 2240//2240 2241//2241 
f 2240//2240 2242//2242 2241//2241 
f 2241//2241 2242//2242 2243//2243 
f 2242//2242 2244//2244 2243//2243 
f 2243//2243 2244//2244 2245//2245 
f 2244//2244 2246//2246 2245//2245 
f 2245//2245 2246//2246 2247//2247 
f 2246//2246 2248//2248 2247//2247 
f 2247//2247 2248//2248 2249//2249 
f 2248//2248 2250//2250 2249//2249 
f 2249//2249 2250//2250 2251//2251 
f 2250//2250 2252//2252 2251//2251 
f 2251//2251 2252//2252 2253//2253 
f 2252//2252 2254//2254 2253//2253 
f 2253//2253 2254//2254 2255//2255 
f 2254//2254 2256//2256 2255//2255 
f 2255//2255 2256//2256 2257//2257 
f 2256//2256 2258//2258 2257//2257 
f 2257//2257 2258//2258 2259//2259 
f 2258//2258 2260//2260 2259//2259 
f 2259//2259 2260//2260 2261//2261 
f 2260//2260 2262//2262 2261//2261 
f 2261//2261 2262//2262 2263//2263 
f 2262//2262 2264//2264 2263//2263 
f 2263//2263 2264//2264 2264//2264 
f 2264//2264 2265//2265 2264//2264 
f 2264//2264 2265//2265 2265//2265 
f 2265//2265 2266//2266 2265//2265 
f 2265//2265 2266//2266 2267//2267 
f 2266//2266 2268//2268 2267//2267 
f 2267//2267 2268//2268 2269//2269 
f 2268//2268 2270//2270 2269//2269 
f 2269//2269 2270//2270 2271//2271 
f 2270//2270 2272//2272 2271//2271 
f 2271//2271 2272//2272 2273//2273 
f 2272//2272 2274//2274 2273//2273 
f 2273//2273 2274//2274 2275//2275 
f 2274//2274 2276//2276 2275//2275 
f 2275//2275 2276//2276 2277//2277 
f 2276//2276 2278//2278 2277//2277 
f 2277//2277 2278//2278 2279//2279 
f 2278//2278 2280//2280 2279//2279 
f 2279//2279 2280//2280 2281//2281 
f 2280//2280 2282//2282 2281//2281 
f 2281//2281 2282//2282 2283//2283 
f 2282//2282 2284//2284 2283//2283 
f 2283//2283 2284//2284 2285//2285 
f 2284//2284 2286//2286 2285//2285 
f 2285//2285 2286//2286 2287//2287 
f 2286//2286 2288//2288 2287//2287 
f 2287//2287 2288//2288 2289//2289 
f 2288//2288 2290//2290 2289//2289 
f 2289//2289 2290//2290 2291//2291 
f 2290//2290 2292//2292 2291//2291 
f 2291//2291 2292//2292 2293//2293 
f 2292//2292 2294//2294 2293//2293 
f 2293//2293 2294//2294 2295//2295 
f 2294//2294 2296//2296 2295//2295 
f 2295//2295 2296//2296 2296//2296 
f 2296//2296 2297//2297 2296//2296 
f 2296//2296 2297//2297 2297//2297 
f 2297//2297 2298//2298 2297//2297 
f 2297//2297 2298//2298 2299//2299 
f 2298//2298 2300//2300 2299//2299 
f 2299//2299 2300//2300 2301//2301 
f 2300//2300 2302//2302 2301//2301 
f 2301//2301 2302//2302 2303//2303 
f 2302//2302 2304//2304 2303//2303 
f 2303//2303 2304//2304 2305//2305 
f 2304//2304 2306//2306 2305//2305 
f 2305//2305 2306//2306 2307//2307 
f 2306//2306 2308//2308 2307//2307 
f 2307//2307 2308//2308 2309//2309 
f 2308//2308 2310//2310 2309//2309 
f 2309//2309 2310//2310 2311//2311 
f 2310//2310 2312//2312 2311//2311 
f 2311//2311 2312//2312 2313//2313 
f 2312//2312 2314//2314 2313//2313 
f 2313//2313 2314//2314 2315//2315 
f 2314//2314 2316//2316 2315//2315 
f 2315//2315 2316//2316 2317//2317 
f 2316//2316 2318//2318 2317//2317 
f 2317//2317 2318//2318 2319//2319 
f 2318//2318 2320//2320 2319//2319 
f 2319//2319 2320//2320 2321//2321 
f 2320//2320 2322//2322 2321//2321 
f 2321//2321 2322//2322 2323//2323 
f 2322//2322 2324//2324 2323//2323 
f 2323//2323 2324//2324 2325//2325 
f 2324//2324 2326//2326 2325//2325 
f 2325//2325 2326//2326 2327//2327 
f 2326//2326 2328//2328 2327//2327 
f 2327//2327 2328//2328 2328//2328 
f 2328//2328 2329//2329 2328//2328 
f 2328//2328 2329//2329 2329//2329 
f 2329//2329 2330//2330 2329//2329 
f 2329//2329 2330//2330 2331//2331 
f 2330//2330 2332//2332 2331//2331 
f 2331//2331 2332//2332 2333//2333 
f 2332//2332 2334//2334 2333//2333 
f 2333//2333 2334//2334 2335//2335 
f 2334//2334 2336//2336 2335//2335 
f 2335//2335 2336//2336 2337//2337 
f 2336//2336 2338//2338 2337//2337 
f 2337//2337 2338//2338 2339//2339 
f 2338//2338 2340//2340 2339//2339 
f 2339//2339 2340//2340 2341//2341 
f 2340//2340 2342//2342 2341//2341 
f 2341//2341 2342//2342 2343//2343 
f 2342//2342 2344//2344 2343//2343 
f 2343//2343 2344//2344 2345//2345 
f 2344//2344 2346//2346 2345//2345 
f 2345//2345 2346//2346 2347//2347 
f 2346//2346 2348//2348 2347//2347 
f 2347//2347 2348//2348 2349//2349 
f 2348//2348 2348//2348 2349//2349 
f 2349//2349 2348//2348 2350//2350 
f 2348//2348 2351//2351 2350//2350 
f 2350//2350 2351//2351 2350//2350 
f 2351//2351 2352//2352 2350//2350 
f 2350//2350 2352//2352 2353//2353 
f 2352//2352 2354//2354 2353//2353 
f 2353//2353 2354//2354 2355//2355 
f 2354//2354 2356//2356 2355//2355 
f 2355//2355 2356//2356 2357//2357 
f 2356//2356 2358//2358 2357//2357 
f 2357//2357 2358//2358 2359//2359 
f 2358//2358 2360//2360 2359//2359 
f 2359//2359 2360//2360 2360//2360 
f 2360//2360 2361//2361 2360//2360 
f 2360//2360 2361//2361 2361//2361 
f 2361//2361 2362//2362 2361//2361 
f 2361//2361 2362//2362 2363//2363 
f 2362//2362 2364//2364 2363//2363 
f 2363//2363 2364//2364 2365//2365 
f 2364//2364 2366//2366 2365//2365 
f 2365//2365 2366//2366 2367//2367 
f 2366//2366 2368//2368 2367//2367 
f 2367//2367 2368//2368 2369//2369 
f 2368//2368 2370//2370 2369//2369 
f 2369//2369 2370//2370 2371//2371 
f 2370//2370 2372//2372 2371//2371 
f 2371//2371 2372//2372 2373//2373 
f 2372//2372 2374//2374 2373//2373 
f 2373//2373 2374//2374 2375//2375 
f 2374//2374 2376//2376 2375//2375 
f 2375//2375 2376//2376 2377//2377 
f 2376//2376 2378//2378 2377//2377 
f 2377//2377 2378//2378 2379//2379 
f 2378//2378 2380//2380 2379//2379 
f 2379//2379 2380//2380 2381//2381 
f 2380//2380 2382//2382 2381//2381 
f 2381//2381 2382//2382 2383//2383 
f 2382//2382 2384//2384 2383//2383 
f 2383//2383 2384//2384 2385//2385 
f 2384//2384 2386//2386 2385//2385 
f 2385//2385 2386//2386 2387//2387 
f 2386//2386 2388//2388 2387//2387 
f 2387//2387 2388//2388 2389//2389 
f 2388//2388 2390//2390 2389//2389 
f 2389//2389 2390//2390 2391//2391 
f 2390//2390 2392//2392 2391//2391 
f 2391//2391 2392//2392 2392//2392 
f 2392//2392 2393//2393 2392//2392 
f 2392//2392 2393//2393 2393//2393 
f 2393//2393 2394//2394 2393//2393 
f 2393//2393 2394//2394 2395//2395 
f 2394//2394 2396//2396 2395//2395 
f 2395//2395 2396//2396 2396//2396 
f 2396//2396 2393//2393 2396//2396 
f 2396//2396 2393//2393 2393//2393 
f 2393//2393 2397//2397 2393//2393 
f 2393//2393 2397//2397 2394//2394 
f 2397//2397 2398//2398 2394//2394 
f 2394//2394 2398//2398 2394//2394 
f 2398//2398 2399//2399 2394//2394 
f 2394//2394 2399//2399 2394//2394 
f 2399//2399 2400//2400 2394//2394 
f 2394//2394 2400//2400 2394//2394 
f 2400//2400 2401//2401 2394//2394 
f 2394//2394 2401//2401 2394//2394 
f 2401//2401 2402//2402 2394//2394 
f 2394//2394 2402//2402 2394//2394 
f 2402//2402 2403//2403 2394//2394 
f 2394//2394 2403//2403 2394//2394 
f 2403//2403 2404//2404 2394//2394 
f 2394//2394 2404//2404 2394//2394 
f 2404//2404 2405//2405 2394//2394 
f 2394//2394 2405//2405 2394//2394 
f 2405//2405 2406//2406 2394//2394 
f 2394//2394 2406//2406 2394//2394 
f 2406//2406 2407//2407 2394//2394 
f 2394//2394 2407//2407 2394//2394 
f 2407//2407 2408//2408 2394//2394 
f 2394//2394 2408//2408 2394//2394 
f 2408//2408 2409//2409 2394//2394 
f 2394//2394 2409//2409 2394//2394 
f 2409//2409 2410//2410 2394//2394 
f 2394//2394 2410//2410 2411//2411 
f 2410//2410 2411//2411 2411//2411 
f 2411//2411 2411//2411 2412//2412 
f 2411//2411 2412//2412 2412//2412 
f 2412//2412 2412//2412 2394//2394 
f 2412//2412 2413//2413 2394//2394 
f 2394//2394 2413//2413 2394//2394 
f 2413//2413 2414//2414 2394//2394 
f 2394//2394 2414//2414 2394//2394 
f 2414//2414 2415//2415 2394//2394 
f 2394//2394 2415//2415 2394//2394 
f 2415//2415 2416//2416 2394//2394 
f 2394//2394 2416//2416 2394//2394 
f 2416//2416 2417//2417 2394//2394 
f 2394//2394 2417//2417 2394//2394 
f 2417//2417 2418//2418 2394//2394 
f 2394//2394 2418//2418 2394//2394 
f 2418//2418 2419//2419 2394//2394 
f 2394//2394 2419//2419 2394//2394 
f 2419//2419 2420//2420 2394//2394 
f 2394//2394 2420//2420 2394//2394 
f 2420//2420 2421//2421 2394//2394 
f 2394//2394 2421//2421 2394//2394 
f 2421//2421 2422//2422 2394//2394 
f 2394//2394 2422//2422 2394//2394 
f 2422//2422 2423//2423 2394//2394 
f 2394//2394 2423//2423 2394//2394 
f 2423//2423 2424//2424 2394//2394 
f 2394//2394 2424//2424 2396//2396 
f 2424//2424 2396//2396 2396//2396 
f 2396//2396 2396//2396 2425//2425 
f 2396//2396 2425//2425 2425//2425 
f 2425//2425 2425//2425 2426//2426 
f 2425//2425 2427//2427 2426//2426 
f 2426//2426 2427//2427 2428//2428 
f 2427//2427 2428//2428 2428//2428 
f 2428//2428 2428//2428 2425//2425 
f 2428//2428 2425//2425 2425//2425 
f 2425//2425 2425//2425 2427//2427 
f 2425//2425 2429//2429 2427//2427 
f 2427//2427 2429//2429 2427//2427 
f 2429//2429 2430//2430 2427//2427 
f 2427//2427 2430//2430 2427//2427 
f 2430//2430 2431//2431 2427//2427 
f 2427//2427 2431//2431 2427//2427 
f 2431//2431 2432//2432 2427//2427 
f 2427//2427 2432//2432 2427//2427 
f 2432//2432 2433//2433 2427//2427 
f 2427//2427 2433//2433 2427//2427 
f 2433//2433 2434//2434 2427//2427 
f 2427//2427 2434//2434 2427//2427 
f 2434//2434 2435//2435 2427//2427 
f 2427//2427 2435//2435 2427//2427 
f 2435//2435 2436//2436 2427//2427 
f 2427//2427 2436//2436 2427//2427 
f 2436//2436 2437//2437 2427//2427 
f 2427//2427 2437//2437 2427//2427 
f 2437//2437 2438//2438 2427//2427 
f 2427//2427 2438//2438 2427//2427 
f 2438//2438 2439//2439 2427//2427 
f 2427//2427 2439//2439 2427//2427 
f 2439//2439 2440//2440 2427//2427 
f 2427//2427 2440//2440 2427//2427 
f 2440//2440 2441//2441 2427//2427 
f 2427//2427 2441//2441 2427//2427 
f 2441//2441 2442//2442 2427//2427 
f 2427//2427 2442//2442 2443//2443 
f 2442//2442 2443//2443 2443//2443 
f 2443//2443 2443//2443 2444//2444 
f 2443//2443 2444//2444 2444//2444 
f 2444//2444 2444//2444 2427//2427 
f 2444//2444 2445//2445 2427//2427 
f 2427//2427 2445//2445 2427//2427 
f 2445//2445 2446//2446 2427//2427 
f 2427//2427 2446//2446 2427//2427 
f 2446//2446 2447//2447 2427//2427 
f 2427//2427 2447//2447 2427//2427 
f 2447//2447 2448//2448 2427//2427 
f 2427//2427 2448//2448 2427//2427 
f 2448//2448 2449//2449 2427//2427 
f 2427//2427 2449//2449 2427//2427 
f 2449//2449 2450//2450 2427//2427 
f 2427//2427 2450//2450 2427//2427 
f 2450//2450 2451//2451 2427//2427 
f 2427//2427 2451//2451 2427//2427 
f 2451//2451 2452//2452 2427//2427 
f 2427//2427 2452//2452 2427//2427 
f 2452//2452 2453//2453 2427//2427 
f 2427//2427 2453//2453 2427//2427 
f 2453//2453 2454//2454 2427//2427 
f 2427//2427 2454//2454 2427//2427 
f 2454//2454 2455//2455 2427//2427 
f 2427//2427 2455//2455 2427//2427 
f 2455//2455 2456//2456 2427//2427 
f 2427//2427 2456//2456 2428//2428 
f 2456//2456 2428//2428 2428//2428 
f 2428//2428 2428//2428 2457//2457 
f 2428//2428 2457//2457 2457//2457 
f 2457//2457 2457//2457 2458//2458 
f 2457//2457 2459//2459 2458//2458 
f 2458//2458 2459//2459 2460//2460 
f 2459//2459 2460//2460 2460//2460 
f 2460//2460 2460//2460 2457//2457 
f 2460//2460 2457//2457 2457//2457 
f 2457//2457 2457//2457 2459//2459 
f 2457//2457 2461//2461 2459//2459 
f 2459//2459 2461//2461 2459//2459 
f 2461//2461 2462//2462 2459//2459 
f 2459//2459 2462//2462 2459//2459 
f 2462//2462 2463//2463 2459//2459 
f 2459//2459 2463//2463 2459//2459 
f 2463//2463 2464//2464 2459//2459 
f 2459//2459 2464//2464 2459//2459 
f 2464//2464 2465//2465 2459//2459 
f 2459//2459 2465//2465 2459//2459 
f 2465//2465 2466//2466 2459//2459 
f 2459//2459 2466//2466 2459//2459 
f 2466//2466 2467//2467 2459//2459 
f 2459//2459 2467//2467 2459//2459 
f 2467//2467 2468//2468 2459//2459 
f 2459//2459 2468//2468 2459//2459 
f 2468//2468 2469//2469 2459//2459 
f 2459//2459 2469//2469 2459//2459 
f 2469//2469 2470//2470 2459//2459 
f 2459//2459 2470//2470 2459//2459 
f 2470//2470 2471//2471 2459//2459 
f 2459//2459 2471//2471 2459//2459 
f 2471//2471 2472//2472 2459//2459 
f 2459//2459 2472//2472 2459//2459 
f 2472//2472 2473//2473 2459//2459 
f 2459//2459 2473//2473 2459//2459 
f 2473//2473 2474//2474 2459//2459 
f 2459//2459 2474//2474 2475//2475 
f 2474//2474 2475//2475 2475//2475 
f 2475//2475 2475//2475 2476//2476 
f 2475//2475 2476//2476 2476//2476 
f 2476//2476 2476//2476 2459//2459 
f 2476//2476 2477//2477 2459//2459 
f 2459//2459 2477//2477 2459//2459 
f 2477//2477 2478//2478 2459//2459 
f 2459//2459 2478//2478 2459//2459 
f 2478//2478 2479//2479 2459//2459 
f 2459//2459 2479//2479 2459//2459 
f 2479//2479 2480//2480 2459//2459 
f 2459//2459 2480//2480 2459//2459 
f 2480//2480 2481//2481 2459//2459 
f 2459//2459 2481//2481 2459//2459 
f 2481//2481 2482//2482 2459//2459 
f 2459//2459 2482//2482 2459//2459 
f 2482//2482 2483//2483 2459//2459 
f 2459//2459 2483//2483 2459//2459 
f 2483//2483 2484//2484 2459//2459 
f 2459//2459 2484//2484 2459//2459 
f 2484//2484 2485//2485 2459//2459 
f 2459//2459 2485//2485 2459//2459 
f 2485//2485 2486//2486 2459//2459 
f 2459//2459 2486//2486 2459//2459 
f 2486//2486 2487//2487 2459//2459 
f 2459//2459 2487//2487 2459//2459 
f 2487//2487 2488//2488 2459//2459 
f 2459//2459 2488//2488 2460//2460 
f 2488//2488 2460//2460 2460//2460 
f 2460//2460 2460//2460 2489//2489 
f 2460//2460 2489//2489 2489//2489 
f 2489//2489 2489//2489 2490//2490 
f 2489//2489 2491//2491 2490//2490 
f 2490//2490 2491//2491 2492//2492 
f 2491//2491 2492//2492 2492//2492 
f 2492//2492 2492//2492 2489//2489 
f 2492//2492 2489//2489 2489//2489 
f 2489//2489 2489//2489 2491//2491 
f 2489//2489 2493//2493 2491//2491 
f 2491//2491 2493//2493 2491//2491 
f 2493//2493 2494//2494 2491//2491 
f 2491//2491 2494//2494 2491//2491 
f 2494//2494 2495//2495 2491//2491 
f 2491//2491 2495//2495 2491//2491 
f 2495//2495 2496//2496 2491//2491 
f 2491//2491 2496//2496 2491//2491 
f 2496//2496 2497//2497 2491//2491 
f 2491//2491 2497//2497 2491//2491 
f 2497//2497 2498//2498 2491//2491 
f 2491//2491 2498//2498 2491//2491 
f 2498//2498 2499//2499 2491//2491 
f 2491//2491 2499//2499 2491//2491 
f 2499//2499 2500//2500 2491//2491 
f 2491//2491 2500//2500 2491//2491 
f 2500//2500 2501//2501 2491//2491 
f 2491//2491 2501//2501 2491//2491 
f 2501//2501 2502//2502 2491//2491 
f 2491//2491 2502//2502 2491//2491 
f 2502//2502 2503//2503 2491//2491 
f 2491//2491 2503//2503 2491//2491 
f 2503//2503 2504//2504 2491//2491 
f 2491//2491 2504//2504 2491//2491 
f 2504//2504 2505//2505 2491//2491 
f 2491//2491 2505//2505 2491//2491 
f 2505//2505 2506//2506 2491//2491 
f 2491//2491 2506//2506 2507//2507 
f 2506//2506 2507//2507 2507//2507 
f 2507//2507 2507//2507 2508//2508 
f 2507//2507 2508//2508 2508//2508 
f 2508//2508 2508//2508 2491//2491 
f 2508//2508 2509//2509 2491//2491 
f 2491//2491 2509//2509 2491//2491 
f 2509//2509 2510//2510 2491//2491 
f 2491//2491 2510//2510 2491//2491 
f 2510//2510 2511//2511 2491//2491 
f 2491//2491 2511//2511 2491//2491 
f 2511//2511 2512//2512 2491//2491 
f 2491//2491 2512//2512 2491//2491 
f 2512//2512 2513//2513 2491//2491 
f 2491//2491 2513//2513 2491//2491 
f 2513//2513 2514//2514 2491//2491 
f 2491//2491 2514//2514 2491//2491 
f 2514//2514 2515//2515 2491//2491 
f 2491//2491 2515//2515 2491//2491 
f 2515//2515 2516//2516 2491//2491 
f 2491//2491 2516//2516 2491//2491 
f 2516//2516 2517//2517 2491//2491 
f 2491//2491 2517//2517 2491//2491 
f 2517//2517 2518//2518 2491//2491 
f 2491//2491 2518//2518 2491//2491 
f 2518//2518 2519//2519 2491//2491 
f 2491//2491 2519//2519 2491//2491 
f 2519//2519 2520//2520 2491//2491 
f 2491//2491 2520//2520 2492//2492 
f 2520//2520 2492//2492 2492//2492 
f 2492//2492 2492//2492 2521//2521 
f 2492//2492 2521//2521 2521//2521 
f 2521//2521 2521//2521 2522//2522 
f 2521//2521 2523//2523 2522//2522 
f 2522//2522 2523//2523 2524//2524 
f 2523//2523 2524//2524 2524//2524 
f 2524//2524 2524//2524 2521//2521 
f 2524//2524 2521//2521 2521//2521 
f 2521//2521 2521//2521 2523//2523 
f 2521//2521 2525//2525 2523//2523 
f 2523//2523 2525//2525 2523//2523 
f 2525//2525 2526//2526 2523//2523 
f 2523//2523 2526//2526 2523//2523 
f 2526//2526 2527//2527 2523//2523 
f 2523//2523 2527//2527 2523//2523 
f 2527//2527 2528//2528 2523//2523 
f 2523//2523 2528//2528 2523//2523 
f 2528//2528 2529//2529 2523//2523 
f 2523//2523 2529//2529 2523//2523 
f 2529//2529 2530//2530 2523//2523 
f 2523//2523 2530//2530 2523//2523 
f 2530//2530 2531//2531 2523//2523 
f 2523//2523 2531//2531 2523//2523 
f 2531//2531 2532//2532 2523//2523 
f 2523//2523 2532//2532 2523//2523 
f 2532//2532 2533//2533 2523//2523 
f 2523//2523 2533//2533 2523//2523 
f 2533//2533 2534//2534 2523//2523 
f 2523//2523 2534//2534 2523//2523 
f 2534//2534 2535//2535 2523//2523 
f 2523//2523 2535//2535 2523//2523 
f 2535//2535 2536//2536 2523//2523 
f 2523//2523 2536//2536 2523//2523 
f 2536//2536 2537//2537 2523//2523 
f 2523//2523 2537//2537 2523//2523 
f 2537//2537 2538//2538 2523//2523 
f 2523//2523 2538//2538 2539//2539 
f 2538//2538 2539//2539 2539//2539 
f 2539//2539 2539//2539 2540//2540 
f 2539//2539 2540//2540 2540//2540 
f 2540//2540 2540//2540 2523//2523 
f 2540//2540 2541//2541 2523//2523 
f 2523//2523 2541//2541 2523//2523 
f 2541//2541 2542//2542 2523//2523 
f 2523//2523 2542//2542 2523//2523 
f 2542//2542 2543//2543 2523//2523 
f 2523//2523 2543//2543 2523//2523 
f 2543//2543 2544//2544 2523//2523 
f 2523//2523 2544//2544 2523//2523 
f 2544//2544 2545//2545 2523//2523 
f 2523//2523 2545//2545 2523//2523 
f 2545//2545 2546//2546 2523//2523 
f 2523//2523 2546//2546 2523//2523 
f 2546//2546 2547//2547 2523//2523 
f 2523//2523 2547//2547 2523//2523 
f 2547//2547 2548//2548 2523//2523 
f 2523//2523 2548//2548 2523//2523 
f 2548//2548 2549//2549 2523//2523 
f 2523//2523 2549//2549 2523//2523 
f 2549//2549 2550//2550 2523//2523 
f 2523//2523 2550//2550 2523//2523 
f 2550//2550 2551//2551 2523//2523 
f 2523//2523 2551//2551 2523//2523 
f 2551//2551 2552//2552 2523//2523 
f 2523//2523 2552//2552 2524//2524 
f 2552//2552 2524//2524 2524//2524 
f 2524//2524 2524//2524 2553//2553 
f 2524//2524 2553//2553 2553//2553 
f 2553//2553 2553//2553 2554//2554 
f 2553//2553 2555//2555 2554//2554 
f 2554//2554 2555//2555 2554//2554 
f 2555//2555 2556//2556 2554//2554 
f 2554//2554 2556//2556 2557//2557 
f 2556//2556 2558//2558 2557//2557 
f 2557//2557 2558//2558 2559//2559 
f 2558//2558 2560//2560 2559//2559 
f 2559//2559 2560//2560 2561//2561 
f 2560//2560 2562//2562 2561//2561 
f 2561//2561 2562//2562 2563//2563 
f 2562//2562 2564//2564 2563//2563 
f 2563//2563 2564//2564 2565//2565 
f 2564//2564 2566//2566 2565//2565 
f 2565//2565 2566//2566 2567//2567 
f 2566//2566 2568//2568 2567//2567 
f 2567//2567 2568//2568 2569//2569 
f 2568//2568 2570//2570 2569//2569 
f 2569//2569 2570//2570 2571//2571 
f 2570//2570 2572//2572 2571//2571 
f 2571//2571 2572//2572 2573//2573 
f 2572//2572 2574//2574 2573//2573 
f 2573//2573 2574//2574 2575//2575 
f 2574//2574 2576//2576 2575//2575 
f 2575//2575 2576//2576 2577//2577 
f 2576//2576 2578//2578 2577//2577 
f 2577//2577 2578//2578 2579//2579 
f 2578//2578 2580//2580 2579//2579 
f 2579//2579 2580//2580 2581//2581 
f 2580//2580 2582//2582 2581//2581 
f 2581//2581 2582//2582 2583//2583 
f 2582//2582 2584//2584 2583//2583 
f 2583//2583 2584//2584 2584//2584 
f 2584//2584 2585//2585 2584//2584 
f 2584//2584 2585//2585 2585//2585 
f 2585//2585 2586//2586 2585//2585 
f 2585//2585 2586//2586 2587//2587 
f 2586//2586 2588//2588 2587//2587 
f 2587//2587 2588//2588 2589//2589 
f 2588//2588 2590//2590 2589//2589 
f 2589//2589 2590//2590 2591//2591 
f 2590//2590 2592//2592 2591//2591 
f 2591//2591 2592//2592 2593//2593 
f 2592//2592 2594//2594 2593//2593 
f 2593//2593 2594//2594 2595//2595 
f 2594//2594 2596//2596 2595//2595 
f 2595//2595 2596//2596 2597//2597 
f 2596//2596 2598//2598 2597//2597 
f 2597//2597 2598//2598 2599//2599 
f 2598//2598 2600//2600 2599//2599 
f 2599//2599 2600//2600 2601//2601 
f 2600//2600 2602//2602 2601//2601 
f 2601//2601 2602//2602 2603//2603 
f 2602//2602 2604//2604 2603//2603 
f 2603//2603 2604//2604 2605//2605 
f 2604//2604 2606//2606 2605//2605 
f 2605//2605 2606//2606 2607//2607 
f 2606//2606 2608//2608 2607//2607 
f 2607//2607 2608//2608 2609//2609 
f 2608//2608 2610//2610 2609//2609 
f 2609//2609 2610//2610 2611//2611 
f 2610//2610 2612//2612 2611//2611 
f 2611//2611 2612//2612 2613//2613 
f 2612//2612 2614//2614 2613//2613 
f 2613//2613 2614//2614 2615//2615 
f 2614//2614 2616//2616 2615//2615 
f 2615//2615 2616//2616 2616//2616 
f 2616//2616 2617//2617 2616//2616 
f 2616//2616 2617//2617 2617//2617 
f 2617//2617 2618//2618 2617//2617 
f 2617//2617 2618//2618 2619//2619 
f 2618//2618 2620//2620 2619//2619 
f 2619//2619 2620//2620 2621//2621 
f 2620//2620 2622//2622 2621//2621 
f 2621//2621 2622//2622 2623//2623 
f 2622//2622 2624//2624 2623//2623 
f 2623//2623 2624//2624 2625//2625 
f 2624//2624 2626//2626 2625//2625 
f 2625//2625 2626//2626 2627//2627 
f 2626//2626 2628//2628 2627//2627 
f 2627//2627 2628//2628 2629//2629 
f 2628//2628 2630//2630 2629//2629 
f 2629//2629 2630//2630 2631//2631 
f 2630//2630 2632//2632 2631//2631 
f 2631//2631 2632//2632 2633//2633 
f 2632//2632 2634//2634 2633//2633 
f 2633//2633 2634//2634 2635//2635 
f 2634//2634 2636//2636 2635//2635 
f 2635//2635 2636//2636 2637//2637 
f 2636//2636 2638//2638 2637//2637 
f 2637//2637 2638//2638 2639//2639 
f 2638//2638 2640//2640 2639//2639 
f 2639//2639 2640//2640 2641//2641 
f 2640//2640 2642//2642 2641//2641 
f 2641//2641 2642//2642 2643//2643 
f 2642//2642 2644//2644 2643//2643 
f 2643//2643 2644//2644 2645//2645 
f 2644//2644 2646//2646 2645//2645 
f 2645//2645 2646//2646 2647//2647 
f 2646//2646 2648//2648 2647//2647 
f 2647//2647 2648//2648 2648//2648 
f 2648//2648 2649//2649 2648//2648 
f 2648//2648 2649//2649 2649//2649 
f 2649//2649 2650//2650 2649//2649 
f 2649//2649 2650//2650 2651//2651 
f 2650//2650 2652//2652 2651//2651 
f 2651//2651 2652//2652 2653//2653 
f 2652//2652 2654//2654 2653//2653 
f 2653//2653 2654//2654 2655//2655 
f 2654//2654 2656//2656 2655//2655 
f 2655//2655 2656//2656 2657//2657 
f 2656//2656 2658//2658 2657//2657 
f 2657//2657 2658//2658 2659//2659 
f 2658//2658 2660//2660 2659//2659 
f 2659//2659 2660//2660 2661//2661 
f 2660//2660 2662//2662 2661//2661 
f 2661//2661 2662//2662 2663//2663 
f 2662//2662 2664//2664 2663//2663 
f 2663//2663 2664//2664 2665//2665 
f 2664//2664 2666//2666 2665//2665 
f 2665//2665 2666//2666 2667//2667 
f 2666//2666 2668//2668 2667//2667 
f 2667//2667 2668//2668 2669//2669 
f 2668//2668 2670//2670 2669//2669 
f 2669//2669 2670//2670 2671//2671 
f 2670//2670 2672//2672 2671//2671 
f 2671//2671 2672//2672 2673//2673 
f 2672//2672 2674//2674 2673//2673 
f 2673//2673 2674//2674 2675//2675 
f 2674//2674 2676//2676 2675//2675 
f 2675//2675 2676//2676 2677//2677 
f 2676//2676 2678//2678 2677//2677 
f 2677//2677 2678//2678 2679//2679 
f 2678//2678 2680//2680 2679//2679 
f 2679//2679 2680//2680 2680//2680 
f 2680//2680 2681//2681 2680//2680 
f 2680//2680 2681//2681 2681//2681 
f 2681//2681 2682//2682 2681//2681 
f 2681//2681 2682//2682 2683//2683 
f 2682//2682 2684//2684 2683//2683 
f 2683//2683 2684//2684 2685//2685 
f 2684//2684 2686//2686 2685//2685 
f 2685//2685 2686//2686 2687//2687 
f 2686//2686 2688//2688 2687//2687 
f 2687//2687 2688//2688 2689//2689 
f 2688//2688 2690//2690 2689//2689 
f 2689//2689 2690//2690 2691//2691 
f 2690//2690 2692//2692 2691//2691 
f 2691//2691 2692//2692 2693//2693 
f 2692//2692 2694//2694 2693//2693 
f 2693//2693 2694//2694 2695//2695 
f 2694//2694 2696//2696 2695//2695 
f 2695//2695 2696//2696 2697//2697 
f 2696//2696 2698//2698 2697//2697 
f 2697//2697 2698//2698 2699//2699 
f 2698//2698 2700//2700 2699//2699 
f 2699//2699 2700//2700 2701//2701 
f 2700//2700 2702//2702 2701//2701 
f 2701//2701 2702//2702 2703//2703 
f 2702//2702 2704//2704 2703//2703 
f 2703//2703 2704//2704 2705//2705 
f 2704//2704 2706//2706 2705//2705 
f 2705//2705 2706//2706 2707//2707 
f 2706//2706 2708//2708 2707//2707 
f 2707//2707 2708//2708 2709//2709 
f 2708//2708 2710//2710 2709//2709 
f 2709//2709 2710//2710 2711//2711 
f 2710//2710 2712//2712 2711//2711 

