mtllib model_20.mtl
o model_20
v -40551744 14677590 55933652 
v -40278008 14696105 56504804 
v -40321312 14920673 56501612 
v -40007368 14863934 57120628 
v -40066136 14708648 56938752 
v -39917668 14562320 57181252 
v -40179032 14467953 56610100 
v -40012004 14207550 56843028 
v -40394000 14132295 56035756 
v -39916120 13723772 56827072 
v -40332136 13850988 56051712 
v -39985716 13543998 56616480 
v -40284196 13567889 56042140 
v -39981076 13330181 56543092 
v -40250172 13285386 56007040 
v -39922308 13066194 56559048 
v -40231612 13005871 55949608 
v -40468232 14408825 55997468 
v -40646084 14936799 55847500 
v -39750644 13147420 56922796 
v -39657852 13213716 57133388 
v -39619188 12899559 57085528 
v -39793944 12715007 56667532 
v -39793944 12261690 56479276 
v -40230068 12732925 55866644 
v -39913028 12185838 56233588 
v -40245532 12468938 55758160 
v -39960972 12016815 56096384 
v -40276464 12216298 55630528 
v -39959424 11758800 56016612 
v -40325952 11978590 55483752 
v -39744456 11670406 56354836 
v -39622280 11637557 56555856 
v -39657852 11362222 56402700 
v -39905296 11374167 55987896 
v -40027472 11026564 55678388 
v -40390904 11757008 55317828 
v -40179032 11065386 55448652 
v -40471324 11555136 55139144 
v -40282648 10973408 55263588 
v -40564116 11372973 54947700 
v -40373892 10781689 55078520 
v -40670828 11213505 54746680 
v -40163564 10525466 55336976 
v -40038296 10380333 55499704 
v -40192948 10217282 55222108 
v -40513080 10490826 54804112 
v -40953844 10440656 54156384 
v -41072924 10566677 54009604 
v -40785272 11077331 54536088 
v -41168812 10555927 53859640 
v -40908992 10966241 54319112 
v -41292532 10483659 53652236 
v -41041996 10879639 54092568 
v -41420896 10411988 53438456 
v -41179636 10818719 53862828 
v -41323464 10784078 53623520 
v -41529152 10403626 53259772 
v -41471932 10776314 53384212 
v -41672980 9999284 53010888 
v -41519872 10099026 53259772 
v -41352848 10250131 53530988 
v -41372952 10104401 53483124 
v -41297172 9904917 53556512 
v -40762072 10103206 54354212 
v -40329044 9873263 54950888 
v -40033656 9707226 55391216 
v -39875912 10239381 55726252 
v -39790852 10823497 56003848 
v -39569700 10951310 56421844 
v -39387208 11086887 56785592 
v -39472268 11637557 56833456 
v -39582072 12237799 56878128 
v -39459896 12547178 57251448 
v -39364008 12836847 57560956 
v -39548048 13342126 57407796 
v -39755280 13886226 57222732 
v -39727444 14327598 57471612 
v -39710432 14724773 57666252 
v -39942412 15099850 57334408 
v -40298112 15175702 56638816 
v -40748156 15182869 55735824 
v -40448128 15607518 56469704 
v -40627524 15735331 56157008 
v -40856412 15413410 55601812 
v -40746608 15891214 55971940 
v -40973948 15626630 55448652 
v -40820840 16090698 55888980 
v -41096124 15819544 55276348 
v -40844040 16378575 55927272 
v -41226032 15990359 55091284 
v -41043540 16693926 55617764 
v -41219844 16669439 55289112 
v -41362128 16136687 54896644 
v -41352848 16727970 55075328 
v -41502860 16257930 54689244 
v -41458012 16868922 54938124 
v -41646688 16352893 54472272 
v -41539976 17141868 54887072 
v -41792060 16420383 54245724 
v -41795156 17284612 54516940 
v -41940528 17112006 54217008 
v -41935888 16459205 54012796 
v -42065796 17064822 53993652 
v -42078168 16469955 53773488 
v -42186428 17125742 53814968 
v -42220452 16453830 53530988 
v -42320976 17343144 53674572 
v -42358092 16410230 53294868 
v -42571512 17303724 53278916 
v -42658120 17015848 53049180 
v -42492640 16340948 53061940 
v -42755552 16875492 52857732 
v -42624096 16245984 52838584 
v -42879272 16852796 52675856 
v -42746272 16127728 52621612 
v -43064856 16978220 52468456 
v -42862260 15986178 52414212 
v -43417464 16677801 51926020 
v -43470048 15742498 51594176 
v -42967424 15823127 52219572 
v -43395812 15498817 51606940 
v -43061764 15640367 52034508 
v -43417464 15338753 51523980 
v -43491700 15149422 51374012 
v -43145276 15439092 51865396 
v -43569024 14953522 51220856 
v -43216416 15221093 51715428 
v -43275184 14987566 51581416 
v -43599956 14773151 51137896 
v -43320032 14742094 51469736 
v -41697724 9738283 52956644 
v -43927820 14694911 50732664 
v -43824204 14909923 50917732 
v -43680376 15132699 51153848 
v -43793272 15154200 51032600 
v -43921632 15346517 50940064 
v -43678828 16182675 51463356 
v -43808736 17220706 51603752 
v -43346324 17282820 52194048 
v -43166928 17758834 52583324 
v -42984436 17543224 52762008 
v -42857620 17356284 52873684 
v -42832876 17640578 53007696 
v -42772560 17987582 53218288 
v -42489548 17766000 53562896 
v -42254476 18040738 54022368 
v -42130752 17749876 54114900 
v -42054972 17518140 54162764 
v -41966820 17730762 54379736 
v -43029284 18164370 52908784 
v -42036412 18279642 54449936 
v -41832272 17968470 54679672 
v -41608024 17598770 54922172 
v -41315732 17651926 55416744 
v -41261604 17330004 55407172 
v -41239952 17085726 55372072 
v -41106948 17189648 55633720 
v -40927552 17275654 55987896 
v -40806924 16802030 56102764 
v -40531640 16614491 56597336 
v -40547104 16309891 56485660 
v -40571848 16091892 56373980 
v -40424928 16068599 56654772 
v -41051272 17682982 55879408 
v -40278008 16425759 57047240 
v -40233160 15988567 57012140 
v -40191404 15493442 56951516 
v -39892924 15406243 57529048 
v -39588256 14980996 58001284 
v -39456800 14475718 58077864 
v -39274312 14089890 58285264 
v -39532580 14014039 57733256 
v -39449068 13546387 57694968 
v -39190800 12930616 57947040 
v -39139764 12416976 57825792 
v -39017588 11956492 57860888 
v -39309880 12130891 57359936 
v -39317612 11702061 57155724 
v -39172240 11000882 57149344 
v -39241832 10566080 56865364 
v -39224824 10108582 56740924 
v -39510932 10502173 56373980 
v -39667128 10164127 56032568 
v -39846528 9402625 55643292 
v -40196044 9198364 55078520 
v -40595048 9607484 54507368 
v -41080660 9654667 53814968 
v -41423988 9181043 53272532 
v -41707004 9424126 52908784 
v -41943620 9575232 52576940 
v -41750304 10043481 52886448 
v -41643596 10417363 53077896 
v -41796700 10410196 52841776 
v -41623492 10797815 53144900 
v -42019400 10408404 52516316 
v -41776596 10847985 52908784 
v -42300872 10738687 52171712 
v -41931248 10929809 52685428 
v -42325616 10916072 52152568 
v -42084356 11038509 52468456 
v -42409128 11032537 52040888 
v -42235916 11171100 52267436 
v -42542128 11149002 51868584 
v -42382836 11325192 52082368 
v -42679772 11274426 51693092 
v -42526664 11496605 51913256 
v -42783388 11419559 51571844 
v -42662760 11685338 51763288 
v -42879272 11575443 51469736 
v -42993716 11731924 51348488 
v -42792668 11890794 51629276 
v -43103520 11905725 51240000 
v -42911748 12112376 51517600 
v -43020008 12349486 51421876 
v -43183940 12114167 51176184 
v -43114344 12599737 51348488 
v -43306116 11697880 50956020 
v -43177752 11561706 51093224 
v -43035472 11500188 51262336 
v -43049392 11369389 51230428 
v -43327768 11370584 50895396 
v -43528816 11486451 50668848 
v -43360244 11912295 50924112 
v -43259720 12325596 51118752 
v -43357152 12510148 51029408 
v -43196312 12859543 51291052 
v -43513348 12680366 50863488 
v -43262812 13127711 51255956 
v -43689656 13201173 50735856 
v -43313848 13400657 51236808 
v -43650992 13474119 50831580 
v -43347872 13675395 51240000 
v -43646352 13705257 50873060 
v -43366428 13949535 51262336 
v -43672644 13929826 50879440 
v -43366428 14220689 51307008 
v -43689656 14151408 50895396 
v -43350964 14485274 51377204 
v -43660272 14375976 50975164 
v -43618512 14588002 51070888 
v -43912356 14552166 50710328 
v -44294348 14454216 50247664 
v -44125776 14770165 50534836 
v -44350024 14895589 50314672 
v -44841820 14149019 49571216 
v -44198464 14316250 50321052 
v -43828840 14479898 50793288 
v -43949472 14306694 50611416 
v -44014424 14096460 50493356 
v -43964936 13889810 50515692 
v -43861320 13727356 50614604 
v -43964936 13595362 50467828 
v -44342288 14068389 50104080 
v -44396420 13604918 49963684 
v -44229392 13810972 50187040 
v -44045356 13360641 50330624 
v -43765436 12849987 50579508 
v -44074740 13018413 50238092 
v -44393324 13184450 49899868 
v -44744388 13307485 49574408 
v -45438780 13917283 49051120 
v -45143392 13347501 49255328 
v -44554164 12673199 49698848 
v -44263416 12666629 49976448 
v -44045356 12168518 50158324 
v -43882972 12485063 50378488 
v -43663364 12263481 50611416 
v -43488604 12152392 50806052 
v -43371068 12128502 50946448 
v -43564384 11779107 50662468 
v -44076288 12719785 50193420 
v -43793272 11826887 50404012 
v -44319092 12046080 49887104 
v -44928424 12783691 49405296 
v -45536212 13308679 48977732 
v -45879540 13810972 48735232 
v -45839332 14457203 48760756 
v -45562500 14826904 49038356 
v -45380012 15481497 49357436 
v -44886668 15314862 49826480 
v -44447452 15452231 50349768 
v -44049996 15779528 50904968 
v -43991228 16667647 51224048 
v -44221660 17758236 51271908 
v -44003600 18244404 51673948 
v -43675736 17720012 51913256 
v -43395812 17948762 52340824 
v -43250440 18516752 52723716 
v -42989076 18647550 53135328 
v -42832876 18925274 53463980 
v -42667396 18319060 53489508 
v -42419952 18336380 53869212 
v -42166324 18703692 54392500 
v -41887948 18639786 54813684 
v -41672980 18757446 55196580 
v -41654420 18162578 55030660 
v -41408524 18006098 55375264 
v -41080660 18116590 55962368 
v -40831668 17857978 56326120 
v -40612060 17787502 56724968 
v -40724956 17294168 56380364 
v -40539372 16975234 56667532 
v -40217696 16802628 57264212 
v -40032112 16386937 57522664 
v -39826424 16140867 57870460 
v -40027472 15830294 57382272 
v -39863540 15670827 57663060 
v -39585164 15356670 58128916 
v -39128936 14740302 58830888 
v -39000576 14140657 58856416 
v -38890772 13534442 58821316 
v -39164508 13647921 58317172 
v -38804164 12928825 58728784 
v -39130484 13231036 58202304 
v -38743852 12330971 58578816 
v -38712920 11747452 58371416 
v -38714468 11184837 58116152 
v -38986656 11519898 57726876 
v -39381020 13736315 57918324 
v -38750036 10648501 57813028 
v -39037692 11173489 57474804 
v -38822724 10144417 57474804 
v -38935620 9678557 57101480 
v -39145948 9215087 56642008 
v -39336172 9731713 56453752 
v -39509384 8716975 56038948 
v -39203172 11782690 57417368 
v -39495464 10134264 56294212 
v -39578976 9453392 56042140 
v -40084692 8148985 55241252 
v -40548652 9006644 54523324 
v -40881156 9432488 54070232 
v -40990960 9034118 53872400 
v -40737328 8358024.5 54274440 
v -41273976 7717766 53639476 
v -40926004 7474085.5 54197864 
v -42044148 7135441.5 52774772 
v -41988472 6756184 53004508 
v -42931856 6663609 51843060 
v -43222604 6057991.5 51769672 
v -43725224 6442624.5 51019836 
v -44634584 5424303 50592268 
v -44951624 6203125 50024308 
v -46295556 5654844 49312764 
v -46233696 4899912 49577600 
v -47129136 5237959 48910724 
v -47868380 4471679.5 48706512 
v -48247280 4918427 48333192 
v -49428828 4737458.5 47755656 
v -49390164 4124674 47963060 
v -50562432 4763738 47203652 
v -50814516 3834407.5 47324900 
v -51988336 4609048.5 46632500 
v -52156904 3576393 46779276 
v -52712112 4287725 46402764 
v -53485376 3366756 46284704 
v -53646216 4106756.25 46070920 
v -54724144 4073310 45684836 
v -54871068 3224012 45796512 
v -55850020 4271001.5 45244504 
v -56338724 3093212.75 45266840 
v -57626984 4254278.5 44542532 
v -57908452 2920008.5 44641448 
v -58638412 3918023.25 44169208 
v -59628192 2758152.25 43904372 
v -59922032 3762736.75 43623584 
v -61434540 3780654.5 42915228 
v -61541248 2660202.25 43026908 
v -63013548 4073907.25 42076052 
v -63578028 2599879.25 42018616 
v -65345712 4115117.75 40735920 
v -65667392 2549709.75 40876316 
v -66606136 3780057.25 40056280 
v -67772216 2508499.25 39622332 
v -68124832 3681510 39143716 
v -69740952 3759153.25 38055656 
v -69858488 2476247.25 38263056 
v -71287480 4136619 36849536 
v -71885992 2451162.5 36817628 
v -73375296 4213665 35100984 
v -73822248 2433842.25 35298812 
v -74508904 3840380 34239472 
v -75657976 2422494.25 33709800 
v -75820360 3746013.5 33103550 
v -77138008 3857700.5 31788944 
v -77390088 2416521.75 32060162 
v -78318008 4300864.5 30362662 
v -79009304 2414730 30353088 
v -79917120 4379702 28362036 
v -80512536 2415924.5 28591772 
v -80831120 3962817.5 27385654 
v -81896680 2420702.5 26782594 
v -81825536 3861881.25 26096576 
v -82762736 3990291.25 24619240 
v -83158648 2427272.5 24925556 
v -83518984 4467499 23030226 
v -84298440 2435634 23017462 
v -84569080 4514682 20819008 
v -85311416 2445190 21061508 
v -85237184 4062559.25 19740522 
v -86196032 2455343.5 19070456 
v -85882088 3952664.25 18320620 
v -86409456 4082866 16715652 
v -85880536 5527628.5 16549731 
v -86114064 6084868 15018152 
v -86721848 4562462.5 15011771 
v -86944552 2466094 17044304 
v -87564712 2476844.5 14999007 
v -85662480 5022349.5 17733514 
v -85231000 5512697 18323810 
v -84706720 6043657.5 19076836 
v -83970576 5413552.5 21402922 
v -82965328 5933762.5 23033416 
v -82326616 5381300.5 24466082 
v -81794608 4889161.5 25554140 
v -81236312 5352035 26090194 
v -80554288 5838798.5 26769832 
v -79218088 5199734.5 28891708 
v -77832400 5644093 30365852 
v -76803952 5134036.5 31651740 
v -75971920 4684303 32621740 
v -75302272 5103576.5 33097168 
v -74479520 5531212 33703420 
v -72591208 4936942 35576412 
v -70876104 5323964 36871872 
v -69508976 4889759 37956740 
v -68432584 4505126 38757628 
v -67687160 4879008.5 39150096 
v -66768520 5249307 39641480 
v -64496668 4745820 41128388 
v -62639288 5102382 42107960 
v -61235036 4763738 42860984 
v -60214328 4461526.5 43377892 
v -59555504 4805546 43620392 
v -58782240 5140606.5 43897992 
v -56927952 4781058.5 44733980 
v -55549992 5083867 45209408 
v -54547840 4836006 45608256 
v -53842624 4632939 45898616 
v -53389492 4927386 46010296 
v -52897692 5239153.5 46144308 
v -51542932 5065352 46709080 
v -50426340 5430275.5 47111116 
v -49394804 5320380.5 47615264 
v -48576688 5263044 48058784 
v -48100356 5558685.5 48250228 
v -47559072 5931373.5 48492732 
v -45970784 6127273.5 49376580 
v -45158856 6779477 49737140 
v -44210836 6612842.5 50483784 
v -43214868 7192180.5 51313388 
v -42605536 7296700.5 51999408 
v -42101368 7443028.5 52602468 
v -41682260 7905304.5 53033224 
v -41255416 8493004 53518224 
v -41799796 8639332 52765196 
v -42211172 7982947.5 52324868 
v -42794212 7971002.5 51619704 
v -43698932 7220252 50799672 
v -44478384 7042866.5 50167896 
v -42384384 8935571 51957928 
v -43366428 7890373 51026216 
v -44040716 7332536 50483784 
v -42003936 9721560 52484408 
v -41776596 10164724 52851348 
v -41934344 10044675 52602468 
v -42166324 9995103 52267436 
v -42345720 10437670 52072796 
v -42750912 10761980 51581416 
v -42715340 10939365 51638848 
v -42651932 11024772 51721808 
v -42831328 11108986 51492072 
v -42290044 9568065 52072796 
v -43089600 11035523 51169804 
v -42992168 11227242 51294244 
v -43332404 11186032 50876252 
v -43222604 10850374 50997500 
v -42732352 10469324 51568652 
v -42449336 10075135 51890920 
v -42608628 9712601 51667568 
v -42879272 9369179 51364440 
v -43208684 9822496 50984736 
v -42908656 10050051 51316580 
v -42696780 10194587 51587796 
v -43137544 10475297 51067696 
v -43913900 11149002 50225328 
v -44775320 12262884 49536120 
v -45262476 12924644 49175560 
v -45321244 12689922 49150032 
v -44772224 11848389 49564836 
v -44679432 11024772 49660560 
v -44651596 10405418 49708420 
v -44229392 10254910 50027500 
v -43525720 10337331 50643324 
v -43859772 9935378 50359344 
v -43555108 9515507 50672040 
v -43321580 9062189 50946448 
v -43234976 8533618 51096416 
v -43963388 7760768.5 50499736 
v -44617572 7600704 50005164 
v -43899984 8329953.5 50515692 
v -43862864 8854941 50480592 
v -43853588 9247339 50439112 
v -44156708 9388291 50171084 
v -44430440 8812536 50033880 
v -44608292 8214683 49970064 
v -45376920 7407790 49516972 
v -46014088 6640316 49229804 
v -47088928 6299880.5 48680988 
v -46774980 6611050.5 48802236 
v -46284732 7179041 49003256 
v -45621272 8220655.5 49280856 
v -44923784 8958267 49654176 
v -44530968 9587775 49861580 
v -44863472 9812940 49603124 
v -45243916 9318412 49398916 
v -45833144 9025757 49067072 
v -46912624 8538993 48499112 
v -46784260 7688500.5 48671416 
v -47235848 6919832 48511876 
v -48122008 6635538 48077928 
v -48824132 6289129.5 47762040 
v -49221592 5844174 47612072 
v -50366024 6054408 47040920 
v -51357348 5597507 46677172 
v -52415176 5531809 46271940 
v -50364476 6841591.5 46938816 
v -51409932 6148177.5 46578256 
v -52039368 5757572 46380428 
v -48926204 7095425.5 47608880 
v -47826620 7355829 48144932 
v -47514224 8111357.5 48215132 
v -47976636 8890777 47864144 
v -46662084 9039494 48585264 
v -46004808 9646306 48907532 
v -45463524 9818913 49217040 
v -45140300 10017202 49405296 
v -45126380 10433489 49386152 
v -45219172 10981770 49303192 
v -45011936 11602319 49414868 
v -45414036 12406226 49111744 
v -45867168 13196395 48773520 
v -46329580 13743482 48448060 
v -46080588 12967646 48655460 
v -46123892 12577638 48652268 
v -45531572 12124321 49051120 
v -45427952 11507953 49146840 
v -45811492 10975200 48926676 
v -45650656 10385111 49060692 
v -46255348 10279994 48706512 
v -46702296 9582399 48505492 
v -47588456 9283771 48033256 
v -47331732 9597928 48144932 
v -46971392 10137847 48301284 
v -46615688 11020592 48432104 
v -45952228 11546177 48811808 
v -45666120 11904531 48974540 
v -46058940 12084902 48719276 
v -46632700 12298122 48342764 
v -46768796 12896573 48224704 
v -46968296 13671214 48049212 
v -46572388 11708033 48412960 
v -47262140 12480883 47924768 
v -47447724 13016621 47774804 
v -47806516 13551165 47500396 
v -47277604 11983368 47943916 
v -47515768 11543191 47829044 
v -47419884 10679559 47985396 
v -47730736 9944336 47886480 
v -48465340 9685127 47506776 
v -49057660 9319607 47229176 
v -48408116 8475684 47679080 
v -48364816 7797798.5 47797136 
v -49357688 7638928 47305756 
v -50381488 7685514 46804804 
v -50395408 8358024.5 46689932 
v -49489140 8223642 47149408 
v -48752992 8159138 47541876 
v -49394804 8808355 47117500 
v -50383036 9970616 46460196 
v -49150452 10204740 47066448 
v -48239544 10424530 47541876 
v -47996740 11179462 47580164 
v -50387676 9058606 46594208 
v -48675668 10922642 47219604 
v -49501512 10805580 46779276 
v -50369116 10894571 46316612 
v -51481072 10789454 45857136 
v -51174860 11257105 45895428 
v -50353652 11610681 46201744 
v -49589668 11432101 46626116 
v -48981880 11325790 46983488 
v -48692680 11630987 47104736 
v -48335432 12014426 47273848 
v -48012204 12359042 47446152 
v -47789504 12605709 47573784 
v -48114276 12977800 47340856 
v -49493780 12028163 46591020 
v -49206128 12517315 46699508 
v -48723608 12823110 46964340 
v -50324268 12329180 46106020 
v -51071240 11845999 45837992 
v -51909460 11807178 45509340 
v -52299188 11482868 45423192 
v -52048648 10505160 45684836 
v -51564584 9841608 45978388 
v -51303220 9176862 46176216 
v -51232080 8546757 46297468 
v -51323328 7990712 46348520 
v -51646552 7555909.5 46294276 
v -51711504 6713778.5 46390000 
v -52359500 6142204.5 46201744 
v -53225560 6053811 45892236 
v -53910672 5831034.5 45678452 
v -54314316 5423705.5 45595492 
v -55407712 5787434.5 45145592 
v -56573796 5403996.5 44765888 
v -57998148 5451179.5 44181972 
v -55297908 6617023 45065820 
v -56592352 6029323.5 44657400 
v -57444492 5673358.5 44373420 
v -53831796 6622996 45598684 
v -52755412 6652261.5 45991152 
v -52275988 7291325 46086876 
v -52591480 8174667 45834800 
v -52172372 8481656 45940100 
v -51850692 8731309 46026248 
v -52144532 9179849 45844376 
v -52492504 9781883 45627400 
v -52804900 10396459 45413616 
v -52705924 11146015 45327468 
v -53135860 12214506 44992432 
v -52560552 12458784 45158356 
v -51856880 12533441 45413616 
v -51610980 12059817 45585920 
v -51111452 12494022 45723124 
v -50299524 13216105 45991152 
v -52922440 9086080 45569968 
v -51327964 13155782 45538060 
v -52153812 13138461 45212596 
v -53030696 13146226 44880756 
v -54247816 13208938 44453188 
v -53490016 11745063 44944572 
v -53050800 10888001 45244504 
v -53658588 11132279 44986052 
v -53678692 10456185 45088156 
v -53462176 9759784 45276412 
v -53545688 8844191 45384900 
v -53035336 7860510 45716744 
v -53120396 7186805.5 45780560 
v -54091616 7231002.5 45420000 
v -55140164 7472294 45005196 
v -55013348 8150776.5 44954144 
v -54093160 7837814.5 45333848 
v -53411140 7623997 45611448 
v -53923044 8401624 45314704 
v -54796832 9778896 44797796 
v -54622076 10741076 44718024 
v -54484432 11491229 44647828 
v -54380816 12250939 44561676 
v -55359768 12609890 44220264 
v -55341212 11909906 44312796 
v -55588656 11306677 44303224 
v -56131488 10871278 44156448 
v -56344908 9882819 44197928 
v -56007764 9154764 44437236 
v -54920556 8853747 44887136 
v -55972196 8507338 44548912 
v -56218092 7957265.5 44529768 
v -56784124 7558896 44360656 
v -56974348 6677346 44408520 
v -57835764 6143996.5 44137300 
v -59099280 6126676 43598060 
v -60174116 5920622.5 43151348 
v -60849952 5471486 42924800 
v -62379468 5948096.5 42092004 
v -64051268 5515086 41252828 
v -65857616 5601091 40145624 
v -62118104 6900720 42063288 
v -63997140 6266434 41137960 
v -65161676 5859105.5 40522136 
v -59968428 6806353.5 43113060 
v -58398700 6740058 43815032 
v -57708948 7368371.5 44019244 
v -58016708 8341301.5 43744836 
v -57297572 8604094 44006480 
v -56793404 8805966 44181972 
v -57159932 9311842 43958616 
v -57674924 9982561 43642728 
v -57003732 10673586 43830984 
v -57251176 11771940 43582104 
v -56562968 12050261 43843748 
v -56088184 12258703 44012860 
v -56414504 12817735 43830984 
v -55659796 13378558 44025624 
v -55455656 14321626 43974572 
v -54079244 14103627 44392564 
v -53219372 13804999 44714836 
v -52424456 13720786 45021152 
v -51748620 13784692 45273224 
v -51247548 13999705 45442336 
v -50978452 14369406 45499768 
v -50287152 14007469 45885856 
v -50894936 14847211 45471052 
v -50282512 14599947 45809276 
v -50955252 15387728 45384900 
v -50284060 15196606 45748652 
v -51085160 15959302 45273224 
v -50321176 15959302 45656116 
v -58350760 9329760 43448092 
v -51917192 16011263 44912664 
v -51609436 15476121 45091348 
v -51374360 15066404 45234932 
v -51637272 14884241 45151972 
v -52255884 15479108 44842468 
v -52855936 16113394 44552104 
v -52784796 15325016 44673356 
v -53882832 16268680 44194736 
v -51986788 14645936 45056248 
v -52344036 14381351 44957336 
v -52650248 14169325 44871184 
v -53208548 14411811 44631876 
v -53083276 14943966 44612728 
v -53913764 15436105 44284080 
v -54787552 15820141 44012860 
v -54976232 16479512 43850132 
v -55730936 16085920 43706544 
v -56222732 16738721 43397040 
v -56770204 16221497 43272596 
v -57708948 17037348 42720592 
v -57685752 16141465 42867368 
v -59357548 17358076 41887796 
v -58257968 15758624 42656776 
v -57132092 14992941 43304504 
v -56490284 15225274 43518288 
v -55845380 15428938 43754408 
v -55413900 15573474 43882040 
v -54733424 15206162 44118156 
v -53964800 14770762 44347892 
v -54951484 14684160 44102204 
v -56258304 14186049 43741644 
v -56886196 13533845 43572532 
v -57531096 12866710 43326840 
v -58503864 12695298 42873748 
v -58276524 13694507 42886512 
v -58578100 14472134 42659964 
v -57314584 14246969 43326840 
v -58537888 15169729 42599340 
v -57648632 14802417 43097104 
v -59558600 16418591 41897368 
v -60956660 16909536 41128388 
v -61089664 17681788 40968848 
v -62362456 17234444 40311544 
v -62882092 18010876 39899932 
v -63680100 17397494 39424504 
v -64708544 18347132 38610852 
v -64765764 17328810 38639572 
v -66517984 18689956 37159044 
v -65472528 16957914 38135424 
v -64176536 16076961 39166052 
v -63367700 16278236 39711676 
v -62571240 16477123 40238156 
v -61966544 16635993 40595524 
v -60975220 16199398 41189012 
v -59734904 15665452 41887796 
v -59940592 14911715 41862268 
v -61298444 15614088 41051808 
v -61977372 15237816 40672104 
v -60211236 13926242 41827168 
v -59125572 12240786 42653584 
v -57942476 11476298 43323652 
v -58140432 10683142 43345984 
v -58496132 11250535 43103484 
v -59436424 11599930 42612104 
v -60480332 12899559 41855888 
v -61938708 13386323 40962464 
v -62275852 14240996 40605096 
v -63066128 15154200 39995656 
v -64414704 15307098 39089472 
v -64809068 15916896 38728912 
v -65831324 16367227 37924832 
v -66855128 17711650 36970788 
v -68226896 18251570 35739144 
v -68257832 19039948 35592368 
v -69515160 18595590 34507496 
v -69900248 19390538 33949108 
v -70653408 18762822 33342860 
v -71412752 19733960 32264372 
v -71564312 18681594 32414340 
v -72738128 20049908 30630688 
v -72175192 18280836 31887858 
v -71239536 17389730 33154602 
v -70495656 17607728 33818288 
v -69770336 17817962 34456444 
v -69208944 17979818 34922300 
v -68315048 17525904 35790196 
v -67111848 16945968 36859108 
v -68642912 16925662 35640228 
v -69287816 16536848 35180756 
v -70322448 16446065 34290524 
v -71507088 16588212 33132266 
v -71770000 17211748 32666412 
v -72510784 17655508 31725128 
v -73092280 19020238 30573254 
v -73952152 19508794 29284174 
v -73816056 20317478 29131016 
v -74760992 19785920 27991904 
v -74818208 20560562 27487760 
v -75523424 19890440 26658154 
v -75913152 20800658 25420128 
v -76196168 19770392 25515852 
v -76940048 21030006 23202528 
v -76729720 19375606 24801114 
v -76137400 18537656 26358220 
v -75532704 18762822 27226114 
v -75045552 18996348 27918516 
v -74654280 19182094 28429042 
v -74130008 18761626 29347990 
v -73350552 18213346 30547728 
v -74391368 18137494 29229930 
v -74850688 17727180 28722596 
v -75623952 17620868 27624964 
v -76507024 17745694 26189108 
v -76593624 18355492 25684964 
v -77103984 18772974 24517134 
v -77337504 20052894 23106804 
v -77892712 20486502 21428450 
v -77731872 21237850 21109370 
v -78396880 20709876 19836246 
v -78369040 21423000 19076836 
v -78848464 20757060 18400390 
v -78925792 21583662 17037922 
v -79261392 20591022 17296376 
v -79399032 21718642 14986244 
v -79651120 20174734 16706080 
v -79460896 19422790 18320620 
v -79071168 19679610 19083218 
v -78700000 19944790 19839436 
v -78404616 20147858 20423350 
v -78101496 19779350 21591180 
v -77643720 19286614 23068516 
v -78406160 19160594 21431640 
v -78806712 18726388 20857298 
v -79300056 18571700 19762856 
v -79808864 18629036 18323810 
v -79759376 19211360 17727132 
v -79989808 19567922 16536968 
v -79859896 20757656 14995817 
v -80077960 21101676 13275981 
v -79785664 21827342 12924994 
v -80286744 21240836 11607198 
v -80070224 21909166 10793546 
v -80461496 21210974 10053283 
v -80235704 21962322 8550421 
v -80668736 20963112 8843973 
v -80269728 21985018 6243479.5 
v -80971856 20449472 8212197 
v -80888344 20720030 6253052 
v -81313632 19758446 8039894.5 
v -81298168 19869536 6259433.5 
v -81632224 18979028 8218578.5 
v -81675520 18981416 6262624.5 
v -81924512 18145258 8856737 
v -82168864 17810796 6272196.5 
v -82468896 16889826 8866309 
v -82192064 17290586 10072428 
v -81703360 18241416 10819072 
v -81477568 19005904 10030947 
v -81305904 19545226 9380026 
v -81109496 19840272 10027757 
v -80858960 20162192 10812691 
v -80628520 20477544 11613579 
v -80438296 20712862 12232592 
v -80374896 20408262 13454665 
v -81247136 19081756 11556145 
v -80221784 19996752 14999007 
v -80674920 19779350 13282362 
v -80970304 19306922 12679303 
v -81442000 18221708 12682494 
v -81961632 17433330 11626342 
v -82394664 16431731 11632724 
v -82682312 15981400 10835026 
v -82976152 15543611 10050092 
v -82815320 16242401 8234532.5 
v -83201952 15167340 9402362 
v -83421560 14505580 10053283 
v -83171016 14633393 11578480 
v -82853976 14958301 12698448 
v -82496728 15586017 13301507 
v -82124016 16405452 13470619 
v -82164224 16766194 12248546 
v -81752848 17306712 13291935 
v -81024432 18118980 15005389 
v -81564176 16891618 15011771 
v -82008024 15897187 15018152 
v -82431776 14878865 15018152 
v -82134840 14435702 16725225 
v -81800792 15367421 16552922 
v -81392512 16166549 16718843 
v -80937832 16739318 17309140 
v -81244040 15237816 18330192 
v -81581184 14945161 17739896 
v -81675520 14224870 18333382 
v -81769864 13312263 19086410 
v -82343624 13439479 17315520 
v -82982344 13571472 15021343 
v -83423104 13634781 12701639 
v -83698384 13618655 10838217 
v -81128056 14212328 19756476 
v -83972120 12765774 11642296 
v -83749424 12670810 13307889 
v -84166984 12107598 12261310 
v -84115952 11766564 13480191 
v -84397416 11765967 11642296 
v -84207192 12608695 10088382 
v -83927272 13500996 8875881 
v -83579304 14467356 8240914 
v -83197312 15412812 8065420.5 
v -82730256 16541626 6275387.5 
v -83534456 12300511 15021343 
v -83177208 15544209 6281769 
v -83619512 14474523 6284960 
v -84185544 13127114 6291341.5 
v -84479384 12206742 8879072 
v -84675792 11322206 10841408 
v -84479384 10949518 13307889 
v -83970576 11306080 15021343 
v -83724680 10837831 16549731 
v -83322576 11633376 16718843 
v -82864808 12200770 17309140 
v -82380744 12446242 18413152 
v -81856464 12432505 19842626 
v -81115680 13177283 20838154 
v -80579032 14461981 20838154 
v -80797096 15612296 19086410 
v -80464592 16990166 18409962 
v -80418192 17965484 17302758 
v -80563568 19201208 15002198 
v -80252720 18827922 16709271 
v -79870720 17828712 19083218 
v -79963512 16969262 19845818 
v -80370256 15986178 19845818 
v -80118168 15037138 21425258 
v -79661944 14257122 23049370 
v -80166112 12987356 23049370 
v -81281160 12221674 21418876 
v -81898224 11761786 20420160 
v -82243104 11490035 19833054 
v -82673032 11134070 19073646 
v -83126168 10763772 18317428 
v -83471048 10456782 17727132 
v -83543736 9757993 18314238 
v -82962240 9786661 19730948 
v -82394664 10050648 20812626 
v -81936888 10604902 21402922 
v -81570360 11359236 21581608 
v -80667184 11779107 23046180 
v -81058456 10844401 23042988 
v -81423440 9894764 23027036 
v -80667184 9462948 24609666 
v -80435208 10333150 24466082 
v -80028472 11071956 24622430 
v -79454704 11586193 25164864 
v -78989200 12772941 25161674 
v -78961360 13757219 24625620 
v -79275312 15250359 23062134 
v -79736176 15828503 21594370 
v -80030016 16264499 20429732 
v -79426872 16723789 21438022 
v -78862384 16225678 23081278 
v -78703096 14670423 24485226 
v -78113864 13500399 26093384 
v -77987048 12594959 26769832 
v -78718560 11782690 26163582 
v -78789696 10516508 26776214 
v -79408312 10193392 26090194 
v -79880000 9930600 25547760 
v -79774840 9259881 26080622 
v -79621736 8369372.5 26763450 
v -80671824 8485837 25142528 
v -81912144 8622609 23017462 
v -82925120 8736088 20809436 
v -83624152 8816120 19067264 
v -84044808 9907307 16715652 
v -84385048 10286564 15018152 
v -84827352 10322399 12701639 
v -85142848 9989131 11578480 
v -84960352 10890390 10056474 
v -84813432 11568275 8247295.5 
v -78851560 9236588 27376082 
v -85183056 10507549 9408743 
v -85398024 9842803 10056474 
v -85184600 10741673 8074993 
v -84736104 11854958 6294532.5 
v -84406696 12223465 3706801.5 
v -84760848 11580818 4341769 
v -85169136 10859930 6294532.5 
v -85563504 9775313 8247295.5 
v -85684128 8901527 10841408 
v -85401112 8942141 12698448 
v -84938704 8920640 15018152 
v -84247400 8869276 17305948 
v -84296896 7751809.5 18403580 
v -83724680 7822286 19826672 
v -83110704 7645498 21399732 
v -82468896 7191583.5 23027036 
v -83475688 6532810 21572034 
v -83803552 6995683.5 20410588 
v -84202552 6588355 19829864 
v -81813168 6427693 24612858 
v -81182184 7114537.5 25145720 
v -80396544 7426305 26150818 
v -79892376 6319589.5 27459042 
v -78737120 6218056 29044864 
v -77405552 6783060.5 30359470 
v -76307520 6078895.5 31782562 
v -75585288 6683318.5 32261182 
v -76933864 8070744.5 30349898 
v -78475752 7231002.5 28885326 
v -79372744 6672568 27988714 
v -79482544 7440042 27455852 
v -78494312 8237378.5 28352464 
v -78033448 9448614 28355654 
v -77461232 9950906 28882134 
v -78195832 10828275 27459042 
v -77852504 11726548 27455852 
v -77721048 11070761 27985522 
v -77091608 10658057 29032102 
v -76884376 11484062 28872562 
v -76906024 12417573 28346082 
v -77224608 13447243 27388844 
v -76431240 13652102 28377990 
v -75418264 12173893 30324372 
v -75852840 11024175 30333944 
v -76197712 10136056 30346708 
v -76513208 9244950 30349898 
v -75166176 7898734.5 32257990 
v -75350216 8803577 31772990 
v -75200200 9620624 31629404 
v -74796560 10316427 31757036 
v -74123816 10791245 32229274 
v -73775848 9456975 33081214 
v -74363528 9220462 32602596 
v -74089792 8584384 33090786 
v -73717080 7758379.5 33706608 
v -72854120 8541979 34236280 
v -73013408 9747839 33684272 
v -74573856 6937749.5 33160984 
v -73347456 6922221 34325624 
v -72199936 7614440.5 35113748 
v -71819488 8722948 35100984 
v -73678416 5942721 34322432 
v -72134984 5831631.5 35723188 
v -70531232 6317200.5 36865492 
v -69046560 5714569.5 38068420 
v -68262472 6233585 38464076 
v -67065456 6446208 39204340 
v -65596252 6431276.5 40145624 
v -64388412 7033310.5 40748684 
v -66173108 7149178.5 39635096 
v -67940792 7274602 38454504 
v -70158512 7438250 36855920 
v -71981872 6717362 35589176 
v -73055168 6243738 34794668 
v -69826008 8495393 36843156 
v -71159120 9172084 35560460 
v -72281904 10018993 34290524 
v -73169608 10945337 33119504 
v -73749560 11900350 32213320 
v -75016168 13363627 30349898 
v -75871400 14168728 28917234 
v -77111712 14820334 26830456 
v -77722592 14485871 26122102 
v -78188096 14219495 25566904 
v -78282440 15445661 24663910 
v -78364400 17426760 23106804 
v -79258296 17659690 20857298 
v -77713312 15978414 25231870 
v -77946840 18493458 23078088 
v -77297296 18028794 24667102 
v -76339992 16926856 26891082 
v -75303824 16676009 28527956 
v -73896480 16349907 30534964 
v -73571704 17407050 30557300 
v -72600488 16899382 31875096 
v -71134376 15766388 33751280 
v -69654344 15497623 35142464 
v -67612928 15150617 36868684 
v -67326816 16170730 36846348 
v -65876172 15638575 38017368 
v -63907440 14512150 39555328 
v -63397084 13701077 40033944 
v -63002720 13067985 40388124 
v -61982012 12626016 41086908 
v -60690660 12088485 41900556 
v -59481272 10870083 42707828 
v -59154956 10097831 42975856 
v -60913360 11288760 41919704 
v -62326888 11995313 40987992 
v -63632160 12882836 40017992 
v -64745660 13843224 39121380 
v -65537484 14791069 38416216 
v -65857616 13730939 38387500 
v -64462644 12636766 39513848 
v -63041384 11568873 40621052 
v -61196372 10269841 41961184 
v -59373016 9154167 43026908 
v -58738936 8064772 43492764 
v -58918336 7355231.5 43518288 
v -60339596 7491406 42860984 
v -60013280 8728323 42819504 
v -61459284 9293327 42009044 
v -60319492 8144207 42781216 
v -61657240 8550341 42047336 
v -61861380 7828258.5 42050524 
v -64094572 8018186 40726348 
v -65277668 7848565 40046708 
v -66740684 7878428 39130952 
v -68305776 8079106 38046084 
v -69577016 9308856 36830392 
v -70808056 9817718 35681708 
v -71705048 10228033 34749996 
v -72003528 10852166 34268188 
v -70695160 10586984 35525360 
v -69298648 10130083 36798484 
v -68250096 8821495 37918452 
v -67165976 8454780 38725720 
v -66494784 8670987 39111808 
v -65622544 8939155 39593616 
v -63370796 8418347 41096480 
v -63033652 8994102 41195392 
v -59315792 7852148.5 43272596 
v -64771952 9179251 40091380 
v -63010452 9692294 41061380 
v -64119316 9365595 40461512 
v -64550796 9934183 40072236 
v -65965872 10029744 39130952 
v -67118040 9898348 38390688 
v -67866560 9461754 38010984 
v -68950672 11196782 36769768 
v -63373888 10503368 40659340 
v -65093628 10701060 39548944 
v -66799452 10917864 38371544 
v -64193548 11419559 39947796 
v -65320968 12368598 39022464 
v -65610172 11507355 39038420 
v -67114944 11792844 37969504 
v -67015968 12599139 37864208 
v -68315048 13183853 36804868 
v -68599616 12309470 36779340 
v -65985976 12156573 38642760 
v -66606136 13280608 37985460 
v -68001104 14055847 36830392 
v -69459480 14595169 35566840 
v -70817336 14917090 34309668 
v -71913824 15040722 33183320 
v -72411808 16023805 32353714 
v -72772152 14894991 32305852 
v -73423240 14410617 31798516 
v -72509240 13460382 33042924 
v -71773096 13754232 33661940 
v -71098808 14034345 34261808 
v -70528136 14243982 34740424 
v -69606400 13778720 35652992 
v -69960560 13090084 35503024 
v -70600824 12618849 35033976 
v -70925592 11469728 35037168 
v -72376240 11681157 33642792 
v -73953696 12833861 31737892 
v -74706856 14290568 30388188 
v -75504872 14900964 29092726 
v -76530216 15138672 27522858 
v -77009640 16162966 26249732 
v -77275648 17155008 25247824 
v -76194624 16065016 27554766 
v -76083272 15370407 28058910 
v -75289904 15752651 28990622 
v -74348064 15207356 30442430 
v -73828432 13689729 31619832 
v -72781432 12542997 33026970 
v -71602976 12454006 34166084 
v -73055168 13230439 32561116 
v -39272764 15326210 58738356 
v -39674864 15769971 58071480 
v -39433604 15893603 58588388 
v -39608360 16437704 58384180 
v -39801676 16953732 58128916 
v -40274916 17194426 57241876 
v -40559476 17273862 56699440 
v -40417196 17542030 57044048 
v -40010460 17436316 57825792 
v -40237800 17880674 57481184 
v -40485244 18281432 57104672 
v -40754340 18633814 56702632 
v -41222940 18458220 55831548 
v -41498220 18286808 55321020 
v -41436360 18680400 55550756 
v -41355940 19177914 55844312 
v -41679164 19367244 55391216 
v -42007028 19501030 54922172 
v -42372012 18946776 54159572 
v -42565328 18561546 53728816 
v -41046636 18933040 56281448 
v -42337988 19576882 54440364 
v -42610176 19018446 53824540 
v -42665852 19596590 53948980 
v -42990624 19558964 53460792 
v -43309208 19464598 52972600 
v -43494792 18627842 52433356 
v -43604596 18070004 52111084 
v -43748424 18527502 52069604 
v -43616968 19313492 52497172 
v -43947924 19098480 52002600 
v -44328372 18812990 51456972 
v -44789236 18449860 50828388 
v -44370128 17047502 50889012 
v -44161344 16228664 50898584 
v -44445908 16237026 50566744 
v -44848004 16264499 50126416 
v -44809340 17234444 50448684 
v -45304232 17140674 49893488 
v -45361452 18002514 50091316 
v -45816132 16844434 49293620 
v -46014088 17519334 49296808 
v -46309476 16424564 48709704 
v -46716212 17048696 48495920 
v -46677552 15925258 48262992 
v -47438444 16638979 47749276 
v -46815192 15392506 48081120 
v -47356476 15688147 47701416 
v -48151392 16339156 47107928 
v -47931784 15753248 47261084 
v -48862796 16135492 46555920 
v -48493176 15672619 46843092 
v -48992704 15531069 46514440 
v -49583480 16013652 46077300 
v -49376244 15283805 46294276 
v -49589668 14887227 46192172 
v -49649980 14398074 46201744 
v -49571108 13873086 46319804 
v -49285000 13339139 46565492 
v -48528748 13446646 47034540 
v -48309140 14045096 47117500 
v -48892180 13905935 46747368 
v -49152000 14264289 46536776 
v -48916924 14492441 46664408 
v -48632364 14789277 46827136 
v -48384920 15082530 46964340 
v -47900856 14305500 47366380 
v -47743108 14702675 47436580 
v -48216348 15314265 47060064 
v -47775588 15197800 47382336 
v -47135324 14426743 47873716 
v -47251312 15035347 47765228 
v -46779620 14842433 48087500 
v -46624968 14292360 48215132 
v -46198124 14301916 48495920 
v -46428560 14694313 48333192 
v -46309476 14952925 48425724 
v -46120800 15360851 48636316 
v -45873356 15876880 48974540 
v -45659932 16334976 49306380 
v -45293404 16294959 49660560 
v -84838176 7374344 17309140 
v -85360904 6628968.5 16722034 
v -85565048 7402415 15018152 
v -85773832 7824077.5 13304698 
v -85998072 7917249.5 11639106 
v -86250160 7704029 10088382 
v -85925392 8739671 8879072 
v -85611440 9764562 6294532.5 
v -85136656 10753021 4517262 
v -84859832 10914280 2532590.75 
v -84552072 11352069 1747656.5 
v -84250496 11801205 949959 
v -84100480 12633183 2497492.25 
v -83853040 13517719 3700420 
v -83522080 14479898 4332196.5 
v -83144728 15424160 4498117.5 
v -82758096 16254943 4322624 
v -82391568 16906550 3684466 
v -82077624 17315072 2475156.75 
v -82235368 16466372 927623.5 
v -82546224 16010666 1728511.75 
v -82864808 15567502 2513446 
v -83110704 15187050 3164367.25 
v -83311752 14529471 2519827.75 
v -83566928 13647921 1741274.875 
v -83820560 12801012 946768.25 
v -84001504 12146419 330945.75 
v -83916448 11814345 -884745.25 
v -84290704 10995507 -709251.8125 
v -84658784 10364207 -106192.4765625 
v -85005200 10023771 1013774.8125 
v -85101088 10527258 3183512 
v -85512464 9787855 4344959.5 
v -83017912 14668034 997820.875 
v -85299040 9867290 2535781.75 
v -85238728 8983949 -103001.6875 
v -84719096 8978573 -2413133.75 
v -84154608 10344498 -2416324.5 
v -83733952 11364014 -2419515.25 
v -83553008 12716799 -715633.375 
v -83239064 13676589 -115764.8515625 
v -82666848 15000108 -125337.21875 
v -82291040 15632005 -731587.3125 
v -81910600 16452635 -907080.75 
v -81986376 16805016 308610.21875 
v -81800792 17467970 924432.6875 
v -81847192 18161982 3681275.25 
v -81571904 18991570 4309861 
v -81259504 19769794 4475782 
v -80913088 20462014 4297097.5 
v -80589856 20979836 3658939.75 
v -80345512 21235462 2449630.25 
v -80166112 21976656 3942920 
v -80124352 21275478 895715.5625 
v -79934128 21937834 1699794.625 
v -79867632 21147068 -763495.25 
v -79586160 21870942 -422080.6875 
v -79598536 20814992 -2470567.75 
v -79142304 21775978 -2473758.75 
v -78938168 20663290 -4755173.5 
v -78498952 20837092 -5855996 
v -78618032 21654138 -4512673.5 
v -78011792 20799464 -7279088.5 
v -78013344 21507212 -6532443.5 
v -77467416 20586842 -8852148 
v -77325136 21335202 -8539450 
v -76898296 20164582 -10460306 
v -76537952 21139900 -10492214 
v -75846656 19894622 -12531129 
v -75195560 20020046 -13513892 
v -75631688 20920708 -12362017 
v -74420752 19919108 -14771063 
v -74612520 20680012 -14145668 
v -73567064 19636606 -16123958 
v -73483552 20420206 -15849550 
v -72645336 19149246 -17515142 
v -72243240 20140690 -17495998 
v -71032304 18821352 -19330702 
v -70132224 18911538 -20185834 
v -70888480 19843854 -19113728 
v -69006352 18762822 -21305802 
v -69391440 19533282 -20718696 
v -67694896 18437316 -22543828 
v -67724280 19213750 -22323664 
v -66275180 17913524 -23781854 
v -65951952 18888244 -23855242 
v -64123956 17543822 -25297480 
v -63038292 17617284 -25999454 
v -64134780 18559754 -25236854 
v -61711368 17460206 -26851394 
v -62294412 18232458 -26455736 
v -60279280 17141868 -27700144 
v -60449400 17911732 -27492744 
v -58854928 16656897 -28513796 
v -58663156 17601158 -28402118 
v -56972800 16389326 -29416790 
v -56058800 16481303 -29802876 
v -56997544 17305516 -29238106 
v -54968496 16363644 -30300638 
v -55460292 17032570 -29984750 
v -53872008 16120561 -30798402 
v -54056044 16790682 -30619718 
v -52882228 15753248 -31232348 
v -52843564 16587615 -31123862 
v -51827496 15641561 -31592908 
v -51875436 16429939 -31474848 
v -51354256 15792070 -31723730 
v -51049592 16321239 -31771592 
v -50765028 15785500 -31937514 
v -50259312 16265694 -32109816 
v -50134044 15694120 -32221494 
v -49501512 16264499 -32489520 
v -50545420 15374588 -32077908 
v -50797508 15194217 -32001330 
v -50078368 15154200 -32307646 
v -49470584 15501803 -32582054 
v -48567408 15587808 -33127678 
v -48768460 16317058 -32907514 
v -48183872 15834475 -33347842 
v -48052416 16438301 -33386132 
v -47687436 15975427 -33673304 
v -47344104 16641368 -33934948 
v -47130684 16055460 -34091296 
v -46634248 16941190 -34576296 
v -47415244 15616477 -33893468 
v -47583816 15385339 -33797744 
v -46977576 15499414 -34215736 
v -46558468 15989762 -34528436 
v -45882632 16226275 -35090016 
v -45514560 16726178 -35533532 
v -45915112 17351506 -35319752 
v -45021216 17147244 -36114256 
v -45214532 17823338 -36114256 
v -44510860 17444080 -36714128 
v -44563444 18307712 -36908764 
v -44019064 17539044 -37266132 
v -43992776 18756848 -37642648 
v -43432932 18064628 -38086164 
v -43213324 18551990 -38488204 
v -43533456 19121174 -38268040 
v -42961240 18835686 -38887056 
v -43157648 19407858 -38820048 
v -42845248 19623468 -39343336 
v -42715340 18936622 -39263568 
v -42557596 19775170 -39834720 
v -42818956 18377592 -38928536 
v -42890100 18027002 -38730704 
v -42613268 18256946 -39161464 
v -42478720 18826130 -39563500 
v -42257568 18473750 -39738996 
v -42206532 17852006 -39582648 
v -42389024 18067616 -39403964 
v -42565328 17589810 -39014684 
v -43024648 17527098 -38421200 
v -43582944 17352102 -37706460 
v -44062368 16567308 -36950244 
v -44506220 16597171 -36487580 
v -44869656 16637187 -36130212 
v -45084624 16177897 -35801560 
v -45332068 15661271 -35466528 
v -46023368 15692925 -34911328 
v -46457944 15336961 -34595440 
v -46949740 15004289 -34269980 
v -47832808 15092683 -33660540 
v -48782376 15191828 -33025572 
v -49472128 14905742 -32645868 
v -50164976 14676993 -32336362 
v -51133104 14957106 -31915178 
v -52110508 15262304 -31551428 
v -52939452 15086711 -31315310 
v -53822520 15498817 -30913270 
v -54614344 15849406 -30533566 
v -55086032 15692328 -30361264 
v -44597468 15782514 -36187644 
v -54045220 14973232 -30910080 
v -55735576 15483289 -30128336 
v -57545016 16002304 -29257250 
v -59025044 15904354 -28587184 
v -60271548 16432926 -27811822 
v -61281432 16864742 -27164092 
v -61876848 16703483 -26813104 
v -62674856 16501610 -26356822 
v -64832264 17170536 -24898630 
v -66521076 17149632 -23746756 
v -67772216 17720012 -22649124 
v -68686216 18161384 -21755702 
v -69238328 17997736 -21305802 
v -60587040 15847615 -27732052 
v -68069152 17122160 -22518302 
v -69940456 17783322 -20725078 
v -71669472 18430746 -18877610 
v -72934536 18366840 -17521524 
v -73715536 18907954 -16257971 
v -74276928 19323048 -15259254 
v -74675928 19136106 -14739155 
v -75211032 18897204 -14072280 
v -76332264 19497446 -11995076 
v -77187496 19398302 -10441161 
v -77665368 19881482 -9002115 
v -77999424 20242224 -7853430.5 
v -78307184 20034380 -7269516 
v -73995456 18287406 -16104814 
v -77973128 19261530 -8823431 
v -78698456 19764420 -6510108 
v -79341808 20243418 -4164877.25 
v -79960424 20054088 -2467377 
v -80158376 20454848 -932607.0625 
v -80257352 20751684 283083.90625 
v -80466136 20512184 902097.1875 
v -80721312 20191458 1702985.5 
v -80995048 19864162 2491110.5 
v -81211568 19564936 3142031.75 
v -81363128 19029794 2497492.25 
v -81565720 18270682 1718939.375 
v -80464592 19824742 -753922.875 
v -80776992 19348132 -147672.75 
v -81087840 19115800 975485.3125 
v -80302208 19258544 -2460995.5 
v -79685136 19635412 -3992574.75 
v -79108288 19502224 -5757081.5 
v -78910328 18661288 -7161029 
v -78387600 18823144 -8236325.5 
v -77484424 18605146 -10422017 
v -76658584 18894814 -11829155 
v -75772416 18668454 -13405405 
v -75217216 17760028 -14646623 
v -74473336 17872312 -15591096 
v -73134040 17567114 -17518334 
v -72023632 17820352 -18753170 
v -70675056 17564726 -20144354 
v -69697648 16634201 -21251558 
v -68680032 16730359 -22077972 
v -66700472 16375589 -23737184 
v -65186420 16579253 -24774190 
v -63486784 16296751 -25897348 
v -62359364 15381158 -26778006 
v -61267516 15468954 -27406592 
v -59229188 15151214 -28628664 
v -57824940 15413410 -29263632 
v -56395944 15245581 -29908172 
v -55451016 14455411 -30437842 
v -54574132 14605919 -30760112 
v -53060080 14419576 -31372744 
v -52258976 14124531 -31672678 
v -52241964 14731343 -31583336 
v -51485712 14694313 -31822646 
v -50435616 14308486 -32282118 
v -49481408 14313861 -32725638 
v -48771552 14178284 -33156396 
v -48845784 14703272 -33038336 
v -48117368 14796444 -33501000 
v -47109032 14608308 -34202976 
v -46348140 14728357 -34707120 
v -45990892 15143450 -34920904 
v -45523840 15253345 -35259124 
v -44783052 15127324 -35871756 
v -44107216 15616477 -36653500 
v -43663364 16540432 -37390572 
v -43208684 16972248 -38044684 
v -42902472 16486679 -38287184 
v -42639560 16983596 -38746660 
v -42286952 17285808 -39285904 
v -42104460 17160384 -39496496 
v -41980740 17183676 -39678372 
v -42081264 17664468 -39694324 
v -42054972 17949956 -39828336 
v -42223544 18958124 -39975112 
v -42076624 19237042 -40287812 
v -42260660 19870134 -40297384 
v -41857016 19330214 -40635608 
v -41940528 19908956 -40760048 
v -41608024 19260336 -40967448 
v -41589468 19891636 -41241856 
v -41389964 19017850 -41203568 
v -41233764 19816978 -41726856 
v -41258508 18593200 -41264192 
v -41355940 18062240 -40932352 
v -41476568 18353104 -40836628 
v -41643596 18648746 -40683468 
v -41798248 18873910 -40539884 
v -41892588 18630230 -40306956 
v -41996204 18298156 -40038928 
v -41711644 18077172 -40380344 
v -41546164 17654314 -40492020 
v -41413160 17436316 -40635608 
v -41294080 17375992 -40814292 
v -41280160 17830504 -40980212 
v -41193556 18043726 -41193996 
v -41110044 18955138 -41624752 
v -40895076 19073992 -42004456 
v -40896620 19684984 -42195904 
v -40660000 18998140 -42361824 
v -40578036 19496252 -42652188 
v -40270276 19252572 -43092516 
v -40449672 18775960 -42642612 
v -39981076 18954540 -43513700 
v -40723408 18603354 -42132088 
v -40879608 18477930 -41844916 
v -41057460 18282628 -41493928 
v -41170356 17424370 -41037648 
v -41309544 16779932 -40594128 
v -41450280 16763208 -40354816 
v -41587920 16719011 -40115508 
v -41795156 17613104 -40096364 
v -41722468 16648535 -39885772 
v -41881760 17324628 -39869816 
v -41852376 16553571 -39662416 
v -41976100 16434120 -39445444 
v -42090544 16292570 -39241232 
v -42696780 16046501 -38421200 
v -42195708 16128922 -39043404 
v -42624096 15802820 -38433960 
v -42291592 15944967 -38861528 
v -42645748 15642756 -38354192 
v -42375104 15743095 -38695608 
v -42721528 15452231 -38204224 
v -42447792 15524499 -38542448 
v -42800400 15255734 -38051068 
v -42506560 15290972 -38411628 
v -42831328 15075363 -37968108 
v -42554500 15044305 -38299948 
v -42851436 14890213 -37904292 
v -42894736 14677590 -37808568 
v -42585432 14787485 -38210608 
v -42924120 14453022 -37731988 
v -42602444 14522901 -38143600 
v -42602444 14251747 -38098928 
v -42908656 14230843 -37716036 
v -42586980 13977009 -38076592 
v -43247348 14396880 -37326756 
v -43180844 14607711 -37444816 
v -43061764 14781513 -37626692 
v -43143728 14853183 -37543732 
v -43428292 14616670 -37154456 
v -43573664 14368212 -36937480 
v -43199404 14190229 -37352284 
v -42883912 14006274 -37712844 
v -42890100 13775136 -37668172 
v -42554500 13701674 -38076592 
v -42928760 13501593 -37575640 
v -42506560 13428728 -38095740 
v -42757096 12980786 -37706460 
v -42441604 13160560 -38134028 
v -42602444 12810568 -37872384 
v -42361184 12900156 -38191460 
v -42506560 12626016 -37961724 
v -42432324 12413990 -38022352 
v -42268392 12649906 -38268040 
v -42353452 12206145 -38086164 
v -42161684 12412795 -38363764 
v -42044148 12191811 -38478632 
v -42246740 12031746 -38197844 
v -41917332 11986355 -38612648 
v -42556048 11997105 -37805376 
v -42610176 12212117 -37770276 
v -42617908 12428921 -37792612 
v -42735444 12452214 -37652220 
v -42814320 12078332 -37508632 
v -42780296 11785677 -37518204 
v -42430780 11861528 -37942580 
v -42133844 11875862 -38319092 
v -42039508 11720576 -38424388 
v -41782784 11797622 -38765804 
v -41935888 11575443 -38545640 
v -41640500 11626807 -38934916 
v -41495128 11473312 -39119980 
v -41799796 11450019 -38721132 
v -41345116 11340721 -39324192 
v -42246740 11527065 -38146792 
v -42302416 11669212 -38082976 
v -42288496 11800608 -38111692 
v -42579244 11669809 -37744752 
v -42586980 11485257 -37728796 
v -42087448 11409405 -38344620 
v -41668340 11334151 -38893436 
v -41586372 11217686 -39005112 
v -41193556 11232618 -39537976 
v -41563176 11040301 -39027448 
v -41040448 11151988 -39764520 
v -41284800 10710616 -39375244 
v -40888888 11101819 -40000640 
v -41062100 10713602 -39700704 
v -40737328 11081512 -40239948 
v -40910540 10720769 -39936824 
v -40796096 10708227 -40118700 
v -40590408 11089276 -40479260 
v -40689384 10716588 -40294192 
v -40446580 11124514 -40718568 
v -40561024 10788856 -40511168 
v -40308940 11186032 -40951496 
v -40437300 10861722 -40718568 
v -40175936 11273231 -41174852 
v -40341416 10873069 -40868536 
v -40052216 11385515 -41391824 
v -40223880 10747048 -41015312 
v -39936224 11521689 -41602416 
v -40035204 10409599 -41216332 
v -39783120 10799010 -41663040 
v -39831060 11682351 -41803436 
v -39643932 11090471 -41937448 
v -39736724 11864514 -41991692 
v -39552688 11282787 -42122516 
v -39449068 11375959 -42304392 
v -39656304 12067581 -42170376 
v -39297508 11337137 -42537316 
v -39589804 12289761 -42333108 
v -39175332 11685935 -42843632 
v -39540316 12528663 -42479884 
v -39226368 12071165 -42869160 
v -39507836 12781302 -42607516 
v -39226368 12329777 -42948928 
v -39178428 12499398 -43086132 
v -39490824 13045887 -42712812 
v -39059344 12575846 -43328632 
v -39490824 13320027 -42795772 
v -39057796 13030358 -43516892 
v -39507836 13599543 -42850016 
v -39183064 13382142 -43402020 
v -39540316 13882045 -42881924 
v -39241832 13646129 -43386068 
v -39244928 13859947 -43456264 
v -39586712 14165742 -42888304 
v -39175332 14040915 -43666856 
v -39647024 14447049 -42872352 
v -39266580 14525290 -43682812 
v -39719712 14724176 -42830872 
v -39432056 14785694 -43446692 
v -39801676 14992941 -42767056 
v -39527940 15013248 -43338208 
v -39571244 15238414 -43335016 
v -39892924 15252150 -42680904 
v -39546500 15493442 -43472220 
v -39993448 15498220 -42569224 
v -39693420 15925258 -43299916 
v -40101704 15728163 -42432020 
v -39871272 16051876 -42984028 
v -40216148 15940787 -42278864 
v -39988808 16207760 -42798964 
v -40061496 16406646 -42716004 
v -40336776 16133700 -42103372 
v -40083148 16695121 -42751100 
v -40465140 16303918 -41918304 
v -40279556 17009874 -42441596 
v -40599688 16450246 -41720476 
v -40455860 16984790 -42112944 
v -40738876 16570892 -41513076 
v -40587316 17042724 -41895968 
v -40690932 17182482 -41758764 
v -40881156 16665258 -41296100 
v -40771352 17456026 -41704520 
v -41024984 16731554 -41069556 
v -41023436 17597574 -41334392 
v -41167264 16769778 -40836628 
v -40836308 17912926 -41736428 
v -40635256 18322046 -42189520 
v -40308940 18434928 -42776628 
v -40545560 17967874 -42234192 
v -40492976 17645952 -42224620 
v -40472872 17401078 -42192712 
v -40339872 17505598 -42454356 
v -40282648 18000126 -42693668 
v -40063040 18176914 -43140376 
v -39844980 18107632 -43542416 
v -39716620 18603354 -43918928 
v -39653212 17863354 -43861496 
v -39472268 18203192 -44298632 
v -39512476 17515750 -44062516 
v -39249568 17760028 -44643240 
v -39458348 17123950 -44084852 
v -39043880 17278042 -44949556 
v -39520208 16745888 -43871068 
v -39789304 16628228 -43309488 
v -39770748 16933426 -43417976 
v -39778480 17294766 -43488172 
v -39795492 17593394 -43516892 
v -39959424 17613104 -43197812 
v -40160472 17592796 -42805344 
v -40042936 17119770 -42923404 
v -39814048 16409633 -43197812 
v -39668676 16387534 -43481792 
v -39275856 16708858 -44349688 
v -39073264 16463983 -44694292 
v -38855200 16762611 -45211200 
v -38923248 16093684 -44901692 
v -38683536 16219108 -45418600 
v -38836644 15679786 -44959128 
v -38527336 15651715 -45571760 
v -38841284 15303514 -44834688 
v -38386604 15065209 -45664292 
v -38963460 15046097 -44502844 
v -39258844 15183466 -43954028 
v -39193892 15419979 -44164620 
v -39142856 15727566 -44359260 
v -39111924 15992748 -44493272 
v -39274312 16151618 -44209292 
v -39476908 16308696 -43839160 
v -39439788 15812974 -43781728 
v -39319160 15026985 -43772152 
v -39172240 14881254 -44017844 
v -38714468 14798236 -44914456 
v -38533524 14413006 -45125048 
v -38261332 14464967 -45696200 
v -38426812 13970439 -45160148 
v -38156168 13858155 -45667484 
v -38394336 13552360 -45048468 
v -38072656 13251940 -45578140 
v -38456196 13250746 -44796396 
v -38013888 12652295 -45431364 
v -38629408 13155782 -44407120 
v -38918608 13530859 -43979556 
v -38810352 13661060 -44250772 
v -38711376 13865919 -44537944 
v -38641780 14057041 -44761300 
v -38790248 14334765 -44573040 
v -38983564 14647727 -44308208 
v -39012948 14204563 -44062516 
v -39012948 13463966 -43768964 
v -38883040 13216702 -43931692 
v -38408256 12736508 -44675148 
v -38287624 12274829 -44716628 
v -37986052 12067581 -45227152 
v -38259788 11837638 -44582616 
v -37989144 11503175 -44975080 
v -38312368 11490035 -44333732 
v -38027808 10965047 -44675148 
v -38445372 11316233 -44008272 
v -38102040 10459768 -44340116 
v -38660340 11400447 -43641332 
v -38892320 11951117 -43411596 
v -38742304 11952311 -43689192 
v -38589200 12018009 -44011464 
v -38473208 12099833 -44273108 
v -38578372 12448034 -44212484 
v -38726840 12864918 -44097616 
v -38847468 12553748 -43727484 
v -39012948 11983368 -43207384 
v -38927888 11675184 -43258436 
v -38518056 10879639 -43724292 
v -38502592 10421544 -43603040 
v -38218032 9992117 -43969984 
v -38617036 10043481 -43319060 
v -38428360 9526854 -43510508 
v -38859840 9763965 -42910640 
v -38794888 9027548 -42910640 
v -39125844 9712004 -42511792 
v -39370196 8457766 -42119324 
v -39311428 10016007 -42256528 
v -39311428 10690309 -42361824 
v -39150588 10549357 -42588372 
v -38943352 10475297 -42897876 
v -38773236 10446031 -43159520 
v -38785608 10814538 -43236100 
v -38842828 11263675 -43280772 
v -39063984 11134668 -42862780 
v -39435152 10834845 -42195904 
v -39466080 10526064 -42084224 
v -39475360 9506548 -41947020 
v -40018192 8664417 -41149324 
v -40213056 7781075 -41075936 
v -40557932 8022964 -40514356 
v -41275520 7061381.5 -39885772 
v -41328104 7440042 -39652844 
v -42215812 6967015 -38721132 
v -42508104 6361995 -38650936 
v -43006088 6745433.5 -37897908 
v -43865960 5747418.5 -37476724 
v -44230940 6506531 -36902384 
v -45545492 5970195 -36190836 
v -45298044 5279767 -36462052 
v -46297104 5582576 -35788796 
v -46821376 4868855 -35590968 
v -47359568 5272600 -35214456 
v -48448328 4422704.5 -34847512 
v -48592156 5043253.5 -34633732 
v -50033520 4011792.5 -34209356 
v -47775588 5593326.5 -34936856 
v -47344104 5877023 -35128304 
v -48637004 5631551 -34490144 
v -49803088 5022947 -34081724 
v -51236720 4850937 -33523336 
v -51425396 3704803 -33663732 
v -51921832 4515876.5 -33331888 
v -52722936 3499944.25 -33181922 
v -52798716 4339686 -33044718 
v -54018928 3393632.5 -32744784 
v -53811692 4326546.5 -32687350 
v -55434004 3306433.25 -32256592 
v -52958008 4920816 -32894750 
v -52535804 5231389.5 -32984092 
v -53601364 5150162.5 -32636296 
v -54922100 4541558.5 -32243830 
v -56816600 4503334 -31513138 
v -57088792 3159508.25 -31628006 
v -57888348 4165287.25 -31136626 
v -58927616 3008999.75 -30874980 
v -59233828 4014778.75 -30591000 
v -60888616 2911049.75 -30019848 
v -60772624 4030307.5 -29901790 
v -62940860 2843559.75 -29043466 
v -59532308 4713568.5 -30345310 
v -58859568 5056990.5 -30578236 
v -60563844 5012793.5 -29844356 
v -62359364 4318185 -29088138 
v -64706996 4349839.5 -27789486 
v -65047232 2785626 -27939454 
v -65981336 4010598 -27132184 
v -67173712 2736053.75 -26717382 
v -67515496 3905481 -26245144 
v -69281632 2694245.75 -25396394 
v -69147088 3975957.25 -25185802 
v -71336968 2659605 -23986064 
v -67815520 4726708 -25865440 
v -67059268 5102979.5 -26241954 
v -68898096 5105368.5 -25080506 
v -70705984 4345061.5 -24005210 
v -72820096 4410162.5 -22291756 
v -73299520 2632131.25 -22499156 
v -73975352 4031502 -21452578 
v -75164632 2609435.5 -20942052 
v -75308456 3928774 -20335802 
v -76927680 2592115 -19321130 
v -76647752 4031502 -19043532 
v -78579368 2578975.5 -17639584 
v -75450744 4863479.5 -19857182 
v -74764080 5286337 -20323038 
v -76290504 5306643.5 -18899946 
v -77846312 4464512.5 -17636392 
v -79482544 4529613.5 -15661294 
v -80116624 2568224.75 -15906985 
v -80422832 4106159 -14704057 
v -81533240 2559863.25 -14120142 
v -81443544 3996861.25 -13430932 
v -82830784 2553890.75 -12282247 
v -82407032 4115117.75 -11969550 
v -84004600 2549112.5 -10396490 
v -81400240 5019960.5 -12885306 
v -80823384 5486417.5 -13411787 
v -81944624 5504335.5 -11806819 
v -83186480 4580977.5 -10393299 
v -84279880 4613229.5 -8198036 
v -85054696 2544931.75 -8456490 
v -84975816 4153342.25 -7132312 
v -85973328 2541945.5 -6478200 
v -85650104 4033891 -5721983 
v -86758968 2538362 -4468002.5 
v -86206856 4152745 -4126588 
v -87414696 2534778.5 -2432278.5 
v -85425856 5098798.5 -5131686.5 
v -84974272 5593923.5 -5712410.5 
v -85660928 5596910 -3951094.5 
v -86548640 4620993.5 -2429087.5 
v -87068272 4606659.5 -112574.0625 
v -87948248 2530597.75 -380600.40625 
v -87488928 4130049.25 1004202.4375 
v -88339520 2525819.5 1741274.875 
v -87795144 3975360 2523018.5 
v -88574592 2519847 3978018.75 
v -87952888 4000444.75 4332196.5 
v -88661200 2512680 6275387.5 
v -88003928 4054197.75 6281769 
v -88613256 2504915.75 8572756 
v -87990008 3987902.25 8234532.5 
v -88416848 2495956.75 10812691 
v -87866280 3951469.75 10040520 
v -88062696 2486998 12937757 
v -87587912 4096005.75 11565717 
v -87192000 4564254.5 12688875 
v -86718760 5500752 13298316 
v -86225416 6667192.5 13477001 
v -86248616 7094828 12258119 
v -86520800 6635538 11635915 
v -86854856 6032907 10835026 
v -86556376 7195764.5 8879072 
v -87188904 5477459 10050092 
v -87485840 4951276 9399171 
v -86205312 8297701.5 6294532.5 
v -85861984 8756394 3709992.25 
v -85568144 8930793 1754038.125 
v -85603712 7870663.5 -709251.8125 
v -85868168 7952487.5 953149.8125 
v -86160464 7728516.5 2503873.75 
v -86497608 7212487.5 3709992.25 
v -86844024 6756781 6291341.5 
v -86941456 6404400 8244105 
v -87416240 5333520 8065420.5 
v -87385312 5500752 6288150.5 
v -86898152 6416345 4338578 
v -87379128 5344868 4510880.5 
v -87422432 4970985.5 3173939.75 
v -87111576 5501349 2529400 
v -86757424 6062172.5 1747656.5 
v -86400176 6670776.5 949959 
v -86109424 7133649.5 334136.53125 
v -86061480 6714376 -884745.25 
v -86570288 5547337.5 -715633.375 
v -85922296 6142802 -2422706 
v -85357808 7460348.5 -2419515.25 
v -84581456 7447806.5 -4697739.5 
v -85125832 6698847.5 -4113824.75 
v -84428344 6129662.5 -6459055.5 
v -83653536 5516280.5 -8772378 
v -83897888 6679735 -7205700 
v -84009240 7833036.5 -5782608 
v -83972120 8942738 -4688167 
v -83774168 9976588 -4101061.5 
v -83450944 10905919 -3938331.25 
v -83039560 11702658 -4107443.25 
v -83293192 12358445 -2422706 
v -82733352 13628809 -2429087.5 
v -82563232 12274232 -4697739.5 
v -83480328 7091244.5 -7780042.5 
v -83133904 6636135.5 -8931918 
v -83403000 7913068.5 -7196128 
v -82334344 11220075 -6446292 
v -81882760 11581415 -7202509.5 
v -82048240 12527469 -5795371 
v -82809128 10844401 -5693266 
v -83171016 10533231 -5109351 
v -83234424 9838622 -5690075 
v -83307112 8901527 -6439910.5 
v -82618904 9877444 -7100404 
v -82023496 10148001 -8172509.5 
v -81545616 10707032 -8762806 
v -81168264 11461964 -8938299 
v -81520872 11856750 -7786424 
v -81488392 12523288 -7215272.5 
v -82034320 13513538 -4710502.5 
v -81836360 14505580 -4129778.75 
v -82179696 14936202 -2435469.25 
v -81751304 15954524 -2441850.75 
v -81544072 17352700 -737968.875 
v -81250232 18263516 -138100.375 
v -80764616 18176316 -2448232.25 
v -79943408 18897204 -4152114.25 
v -79422232 19287212 -5166785.5 
v -79456256 18708470 -5747509 
v -79499560 17914120 -6494154 
v -78842280 17757042 -8226753 
v -77898896 17539044 -10412444 
v -76830248 18151232 -11966359 
v -76174520 18483902 -12878925 
v -76058528 17877688 -13395833 
v -80094968 18038946 -4732838 
v -75871400 17062434 -14056326 
v -74830584 16821740 -15591096 
v -73390760 16509972 -17515142 
v -72076216 17070198 -18887182 
v -71217888 17386744 -19688070 
v -70903944 16768583 -20150736 
v -71814848 16198204 -19353038 
v -76802408 17281030 -12486458 
v -70467824 15950940 -20744222 
v -68972328 15692328 -22093926 
v -66934000 15356073 -23762710 
v -65208072 15851795 -24885868 
v -64130140 16134895 -25530408 
v -63718764 15528083 -25913302 
v -63205316 14736121 -26411066 
v -61567540 14472731 -27460836 
v -59501376 14166339 -28682908 
v -57865148 14717009 -29368928 
v -56926404 15051472 -29723106 
v -56578436 14500205 -29968796 
v -64846184 15007276 -25291098 
v -57565120 13941771 -29627382 
v -56134580 13793054 -30268730 
v -54782912 13664047 -30836690 
v -53224012 13527872 -31455704 
v -52095044 13465161 -31825836 
v -51312500 13452618 -32081100 
v -51572316 14034943 -31892842 
v -51765632 14484677 -31762020 
v -50935148 14095863 -32116198 
v -49498420 13523094 -32830934 
v -48491628 13644337 -33405276 
v -47740016 13750649 -33874324 
v -48097264 14209939 -33583960 
v -48352444 14568890 -33373370 
v -47517316 14348502 -33954092 
v -50520676 13465758 -32381034 
v -47020880 13853974 -34340180 
v -46187300 13972828 -34888996 
v -45840876 14593377 -35048532 
v -45644468 14994733 -35163404 
v -45059880 14757025 -35594160 
v -45415580 14601739 -35332516 
v -45550128 14044499 -35284652 
v -44070100 14448244 -36404620 
v -44665516 14216509 -35887712 
v -45103184 14110794 -35571824 
v -43669548 15754443 -37176792 
v -43380348 16532070 -37722416 
v -43272092 16082934 -37731988 
v -43146824 15649923 -37767088 
v -43020008 15457009 -37862812 
v -42908656 15435508 -37984060 
v -43052484 15212134 -37747944 
v -43575212 15197203 -37144884 
v -43522628 14755233 -37081068 
v -43354056 15071779 -37365048 
v -43157648 14996525 -37562876 
v -43462316 14110794 -37023632 
v -43097332 14028373 -37451200 
v -43200952 13895782 -37304424 
v -43629340 13904144 -36800276 
v -43282916 13660463 -37167220 
v -43007636 13149809 -37422480 
v -42908656 12563304 -37457580 
v -43040112 12125515 -37250180 
v -43165380 11447032 -37074684 
v -42345720 11335346 -38022352 
v -41909600 11325790 -38574356 
v -41973004 11240382 -38494588 
v -42010124 11062400 -38433960 
v -41608024 10738687 -38928536 
v -41433268 10296120 -39126364 
v -41201288 10346887 -39461396 
v -41043540 10468130 -39713468 
v -41017252 10346290 -39745376 
v -40941472 10302690 -39869816 
v -40788364 10403029 -40118700 
v -40622884 10554732 -40393108 
v -40641444 10409002 -40345244 
v -42478720 11149599 -37850048 
v -40967760 10041092 -39818764 
v -41213660 9877444 -39439060 
v -41272428 10023771 -39346528 
v -41558536 9869082 -38934916 
v -41714736 10375555 -38749852 
v -41993112 10769147 -38424388 
v -42396756 10774522 -37923436 
v -42783388 10636556 -37499060 
v -42470988 10121721 -37843664 
v -42170960 10349276 -38175508 
v -41959088 10494409 -38446724 
v -41874028 10013021 -38529684 
v -41655968 9235991 -38823240 
v -40978588 9726935 -39774092 
v -40568756 10209518 -40418632 
v -40353788 9959268 -40677088 
v -42146216 9669001 -38229752 
v -40698664 9485047 -40141036 
v -41076020 8941544 -39633700 
v -41488940 8285159 -39196560 
v -40963120 8209307.5 -39904916 
v -40534732 8797008 -40389916 
v -40268728 9338719 -40740904 
v -40157380 9737686 -40935540 
v -39869724 9913876 -41372680 
v -39603720 10180850 -41816200 
v -39827968 9313634 -41391824 
v -41382232 7746434.5 -39477352 
v -41886400 7598912 -38874292 
v -42070436 8272019.5 -38491396 
v -42505012 8834037 -37961724 
v -42588524 9361415 -37811756 
v -42817412 9814732 -37534160 
v -43118984 10234603 -37215080 
v -43115892 9546564 -37301232 
v -43128264 9155361 -37345904 
v -43168472 8630373 -37381000 
v -42641108 8190793 -37894720 
v -42494188 7493795 -38188272 
v -43488604 6914456.5 -37361856 
v -42975156 7521269 -37674552 
v -43234976 8061188 -37371428 
v -43315392 7632955.5 -37358664 
v -43753060 7343884 -37042776 
v -44431988 7081688.5 -36612020 
v -45247008 6431874 -36254652 
v -46822924 6241946.5 -35367612 
v -48485444 6156539 -34486956 
v -49682456 5731292.5 -33982808 
v -50805240 5340090 -33583960 
v -52105872 5543754 -33054290 
v -53387944 5756377.5 -32594816 
v -54608156 5397426.5 -32218304 
v -56092824 5051018 -31704586 
v -58067744 5393843 -30849454 
v -60172572 5721139 -29898598 
v -61972732 5346659.5 -29113664 
v -63845580 4982931 -28166000 
v -66128256 5476264.5 -26717382 
v -68421760 5931373.5 -25185802 
v -70272960 5532406.5 -24017972 
v -72015896 5136425.5 -22754420 
v -73922768 5718153 -20913334 
v -75773968 6252697 -19024386 
v -77331320 5808338.5 -17633202 
v -78754128 5353229.5 -16181392 
v -80118168 5977959.5 -14081853 
v -81409520 6551922.5 -11947214 
v -82601896 6047241 -10386918 
v -82756552 7747629 -8756424 
v -82569416 8834037 -8172509.5 
v -81506952 8736088 -10361392 
v -81002784 10007646 -10370964 
v -80626976 10957283 -10386918 
v -80874424 12323207 -8778760 
v -81414160 13397671 -6468627.5 
v -81335288 14305500 -5725173.5 
v -81253320 15021610 -5141259 
v -81503856 15435508 -3967048.5 
v -81307448 16948954 -2445041.5 
v -81087840 16235831 -4136160.25 
v -80899168 15318446 -5731555 
v -80752248 14302513 -7138693.5 
v -80718224 13274636 -8207608.5 
v -80226424 11891988 -10390109 
v -79559872 11196185 -11950405 
v -79977432 10456185 -11794056 
v -80217144 9586580 -11937642 
v -80224880 8613053 -12464122 
v -79943408 7561285 -13462839 
v -80756888 7242350 -12473695 
v -82085352 7304465 -10374155 
v -79434600 6463528.5 -14761491 
v -78897960 6820090.5 -15281590 
v -79004664 7583980.5 -14751919 
v -78248416 6373343 -16324978 
v -77973128 7384497 -16165439 
v -76884376 6946708.5 -17617248 
v -75033176 6860106.5 -19490242 
v -73104656 6133843 -21516394 
v -71541112 6031712.5 -22891624 
v -72469032 6437846.5 -21979058 
v -74001640 7120510 -20374090 
v -76391032 8233795 -17604484 
v -77985504 8387290 -15635767 
v -79142304 8507936 -14065899 
v -79296960 9393666 -13392642 
v -79405216 10060801 -12862971 
v -78919608 10327775 -13399024 
v -78347392 9379929 -14668958 
v -77509176 9598525 -15635767 
v -78283984 10655071 -14075471 
v -78970640 11714006 -12486458 
v -79716072 13100237 -10399681 
v -80175392 14559334 -8213990 
v -80432112 15697703 -6484581.5 
v -80616152 16812184 -4729647 
v -80111984 17071392 -5824088 
v -79573792 17059448 -7243989.5 
v -78996936 16825322 -8804286 
v -78395336 16338559 -10412444 
v -77212240 16105032 -12489648 
v -76530216 16294959 -13462839 
v -75721384 16205968 -14726392 
v -74773360 15903160 -16108004 
v -73755744 15368018 -17531096 
v -72130344 15068793 -19372182 
v -71224072 15221690 -20233696 
v -70075000 15107017 -21350472 
v -68727976 14793458 -22566164 
v -67302072 14262497 -23804190 
v -65163224 13947743 -25342150 
v -64046628 14065403 -26037742 
v -62693416 13929228 -26927974 
v -61231944 13621044 -27869256 
v -59772020 13140851 -28769060 
v -57795556 12943159 -29710342 
v -56822788 13117558 -30090046 
v -55658248 13079930 -30581428 
v -54462784 12901948 -31091954 
v -53378664 12568679 -31551428 
v -52207940 12534636 -31937514 
v -51685216 12775330 -32061954 
v -51035672 12846403 -32272546 
v -50311896 12803998 -32566100 
v -49532444 12637364 -32952184 
v -48418944 12823110 -33542480 
v -47936424 13127711 -33807316 
v -47331732 13281803 -34180640 
v -46668272 13318833 -34614588 
v -45993984 13198187 -35067680 
v -45308872 13268066 -35498436 
v -45093904 13496815 -35610112 
v -44764492 13607905 -35817516 
v -44374768 13646726 -36095112 
v -43977308 13606710 -36411000 
v -43629340 13483675 -36739652 
v -43312300 13317638 -37077876 
v -43126716 12784289 -37224652 
v -43289104 12467146 -37004488 
v -43315392 13018413 -37036396 
v -43504072 12965257 -36819424 
v -43562840 12344708 -36733272 
v -43793272 12971827 -36541824 
v -44164440 13082917 -36248272 
v -44495396 13223869 -36015344 
v -44554164 12989745 -35989816 
v -44014424 12562109 -36379092 
v -44014424 12147614 -36411000 
v -44650048 12706048 -35954720 
v -45355268 12878655 -35495244 
v -44769132 12424741 -35897284 
v -44254136 11902142 -36264224 
v -47010056 12908518 -34416756 
v -47232756 12663046 -34289124 
v -46487328 12783094 -34767744 
v -44902132 12204950 -35820704 
v -45293404 12385322 -35562252 
v -44668608 11807775 -35993008 
v -43927820 11323998 -36513108 
v -43483964 10553538 -36883240 
v -43417464 9687516 -37030016 
v -43692748 9112359 -36896000 
v -43875236 8515700 -36838568 
v -43889156 7901721 -36876856 
v -44645408 7710001.5 -36385476 
v -44883576 8522867 -36146164 
v -44184544 9259284 -36516296 
v -43788632 9887597 -36720508 
v -43904620 10704643 -36560968 
v -44464464 11281593 -36152548 
v -45189788 11847194 -35661164 
v -45860984 12599737 -35188928 
v -46505884 12286177 -34790080 
v -45806852 12010245 -35259124 
v -45055240 11276217 -35779224 
v -44376312 10733312 -36241888 
v -44118044 10112763 -36458864 
v -44501584 9619429 -36257844 
v -45087716 9327968 -35929192 
v -46167196 8842996 -35361232 
v -46045020 7993101 -35539916 
v -45551676 7483641.5 -35874948 
v -45285672 6944319.5 -36104684 
v -46358964 6606272.5 -35555868 
v -48086440 6599703 -34633732 
v -49625236 6369162 -33909420 
v -50662956 6465917.5 -33446758 
v -50616560 5904497 -33548862 
v -51654284 5842382 -33153204 
v -53035336 6160719.5 -32629914 
v -54462784 6114133.5 -32151296 
v -55746404 6327354 -31628006 
v -55732484 5696054.5 -31733302 
v -57274372 5710986 -31117480 
v -59492096 6172067.5 -30112382 
v -61705184 6192374 -29091328 
v -63330584 6504142 -28166000 
v -63390900 5753391 -28280868 
v -65208072 5832229 -27205572 
v -67625296 6452778 -25565506 
v -69912616 6525643 -24008400 
v -71377184 6916845.5 -22754420 
v -72758232 7112745.5 -21513202 
v -74595512 8074925 -19480670 
v -73124760 7944723.5 -20903762 
v -71589056 7810340.5 -22282182 
v -69525984 7646095.5 -23989256 
v -66415912 6670776.5 -26286624 
v -64505948 6092632.5 -27572512 
v -64937428 6661817.5 -27202382 
v -65511192 7376733 -26701428 
v -63718764 7268032.5 -27779914 
v -61437632 7144997.5 -29056230 
v -58412620 6380510 -30536756 
v -56688240 5946304.5 -31315310 
v -57105800 6411567 -31072810 
v -67291248 7493795 -25552742 
v -59280224 7057798 -30067710 
v -57673380 7003448 -30756922 
v -56142312 6968807 -31375934 
v -54342152 6944319.5 -32065146 
v -52410536 6379315.5 -32799026 
v -51286208 6072923 -33255310 
v -51592424 6463528.5 -33079816 
v -51949672 6974779.5 -32894750 
v -50942880 7032116 -33268072 
v -49614412 7155151 -33807316 
v -47384316 6944319.5 -34949620 
v -46043472 6916845.5 -35677120 
v -46499700 7226224.5 -35380376 
v -52948728 6951486.5 -32546954 
v -48182324 7405401 -34474192 
v -47085836 7663415.5 -35013436 
v -46770340 8417750 -35077252 
v -47617840 8106579.5 -34662448 
v -48607620 7949501.5 -34171068 
v -49625236 7998476.5 -33666920 
v -50871740 7873052.5 -33169158 
v -51457876 7612051.5 -33009618 
v -52240420 7512310 -32751164 
v -53142044 7561882 -32422514 
v -48001380 8467920 -34403996 
v -47656504 8783868 -34541200 
v -48732888 8534215 -34011528 
v -52492504 7951293 -32607580 
v -52149172 8185417.5 -32684158 
v -53108020 8169291.5 -32368270 
v -54176676 7797201 -32010902 
v -55947452 7850357 -31321692 
v -56934136 7643706.5 -30970704 
v -58205384 7613843.5 -30460178 
v -59649844 7740462 -29818828 
v -58613668 8105982.5 -30214486 
v -58022896 8322786.5 -30428270 
v -59625100 8392665 -29735868 
v -61173176 8071939 -29037086 
v -63415644 8252907.5 -27754388 
v -64606472 8078508.5 -27097086 
v -66078768 8102399 -26206854 
v -67651592 8295910 -25150704 
v -66500972 8675765 -25808006 
v -65823592 8894958 -26181328 
v -67589728 9036507 -25023072 
v -69181112 8703836 -23973302 
v -71193144 8918848 -22266230 
v -72243240 8732504 -21423860 
v -73495928 8766548 -20297512 
v -74773360 8976782 -19002050 
v -75954912 9408001 -17601294 
v -76919944 10104401 -16155866 
v -77671560 10971617 -14751919 
v -78211296 11917073 -13475603 
v -77184400 11217686 -15272017 
v -76539496 10812149 -16302643 
v -77318952 11869890 -14748728 
v -78494312 12900156 -12489648 
v -78469568 13880851 -11963168 
v -79204168 14369406 -10409253 
v -79694416 15138672 -8801095 
v -79983624 16076961 -7240799 
v -79626368 16359463 -7821522.5 
v -79304696 15931231 -8970207 
v -78811352 15362643 -10415635 
v -78209752 14792861 -11816392 
v -77674648 14349099 -12878925 
v -77594232 13633587 -13405405 
v -77461232 12732925 -14072280 
v -76326080 11636960 -16146294 
v -75627048 10299704 -17601294 
v -74615616 9792633 -18861656 
v -73768120 9399639 -19818894 
v -73171152 9639139 -20284748 
v -74201144 10489631 -18986096 
v -75274440 11187226 -17585340 
v -76350824 12566887 -15623004 
v -76678688 13589390 -14665767 
v -77195224 14619059 -13402214 
v -77781360 15569293 -11966359 
v -76584344 14958301 -14069090 
v -75869848 13800818 -15616623 
v -74825944 12336944 -17569386 
v -73517576 10967436 -19448762 
v -72396344 9933586 -20878236 
v -70523496 9371568 -22719322 
v -71654008 10208921 -21471722 
v -72547904 11127501 -20323038 
v -73117024 12076540 -19426426 
v -73270136 13006468 -18941426 
v -74389824 13526081 -17556622 
v -75313096 14320431 -16127149 
v -76029144 15280221 -14732774 
v -75582192 15514943 -15246491 
v -74962040 15052667 -16264353 
v -74071232 14452425 -17547050 
v -72744312 14581432 -18915900 
v -73110840 13860544 -18794650 
v -72323656 13407824 -19742314 
v -71777728 13640157 -20201788 
v -71066328 13937590 -20785702 
v -70348736 14223676 -21372808 
v -69768792 14436896 -21816328 
v -68851696 13978801 -22719322 
v -69229048 13288373 -22607644 
v -67612928 13390504 -23839288 
v -65914836 13495023 -24984782 
v -63765160 12862529 -26516362 
v -62931580 13111585 -26979026 
v -62299048 13299123 -27317250 
v -61276792 12861932 -28025604 
v -61623216 12231230 -27958598 
v -59983896 12330374 -28842448 
v -58417260 12487452 -29544422 
v -56505748 12032343 -30421888 
v -55809808 12313651 -30651626 
v -55297908 12529858 -30820738 
v -54450408 12202561 -31213204 
v -54702496 11599930 -31216394 
v -53491560 11810761 -31637580 
v -52548176 12068179 -31899224 
v -51470248 11798816 -32294882 
v -51092892 12121335 -32371460 
v -50805240 12372182 -32438468 
v -50277872 12156573 -32684158 
v -50386128 11568873 -32741592 
v -49566468 11919462 -33047908 
v -48708144 12334555 -33437184 
v -47557524 12319026 -34120012 
v -46745596 11846597 -34675212 
v -47914776 11936782 -33954092 
v -48808668 11739091 -33472284 
v -71067872 10421544 -21921624 
v -70163152 10017202 -22834190 
v -71366352 11042690 -21449386 
v -45854796 11322803 -35281460 
v -47226568 11484062 -34426328 
v -48205520 11632182 -33832844 
v -44897496 10686128 -35916428 
v -44393324 10317024 -36264224 
v -44715004 10119332 -36072776 
v -45500640 10582206 -35562252 
v -46655900 10983562 -34834752 
v -47903948 11229034 -34068960 
v -48725156 11113764 -33628632 
v -49588120 11204547 -33165968 
v -50693888 11103013 -32706494 
v -51259920 10820511 -32534192 
v -51873892 11463756 -32205540 
v -52724484 11456589 -31937514 
v -53636936 11061205 -31701396 
v -55271616 11159752 -31069618 
v -56210360 10946532 -30744158 
v -57214060 11732521 -30201724 
v -58729660 11846597 -29538040 
v -60209688 11531246 -28880736 
v -62342352 11802400 -27626756 
v -63499156 11648308 -26979026 
v -64628124 12590778 -26060078 
v -66329308 12813554 -24901822 
v -67908312 12516121 -23858434 
v -69897152 12812957 -22167314 
v -70891568 12642142 -21334518 
v -72065384 12723966 -20220932 
v -71720512 11866903 -20830374 
v -70045616 10785870 -22677840 
v -68922840 9516701 -23957348 
v -67198456 9677363 -25109222 
v -70257496 11665031 -22196032 
v -68276392 11404030 -23887150 
v -66431376 12007856 -25035834 
v -65296224 12376363 -25689946 
v -64920416 11730132 -26091986 
v -68638280 10337331 -23925440 
v -66117432 11135862 -25447446 
v -64405424 10927420 -26596132 
v -62679496 10737492 -27674618 
v -60495796 10512327 -28931790 
v -58776056 11117944 -29643336 
v -57780088 11502577 -30007086 
v -57413560 10939365 -30262348 
v -56932592 10244756 -30565474 
v -55489680 10171891 -31152580 
v -53807052 10102012 -31797118 
v -52750772 10780495 -32036428 
v -52194024 11208130 -32138534 
v -51979056 10714797 -32291692 
v -58451284 10347484 -29904980 
v -52559004 10083497 -32211922 
v -51679028 10100220 -32499092 
v -50783588 10156362 -32830934 
v -49608224 10281189 -33315934 
v -48381828 10512924 -33918996 
v -47474012 10730325 -34394420 
v -46213592 10441851 -35153828 
v -45256288 9947920 -35763272 
v -45913564 9342900 -35444192 
v -47223476 9197169 -34723072 
v -48635456 9118331 -33976428 
v -49634516 8670389 -33552054 
v -50559340 8306063 -33210638 
v -51770272 8495393 -32735212 
v -52961100 8730712 -32320408 
v -54034392 8475087 -31969422 
v -55356676 8254102 -31493994 
v -57283652 8604094 -30677152 
v -59315792 8977379 -29770968 
v -60964396 8794021 -29027514 
v -62685684 8655458 -28108566 
v -64946708 9165515 -26650374 
v -66443752 10116346 -25476164 
v -65285400 10253118 -26194092 
v -63864136 10164724 -27106658 
v -62317608 9928808 -28070276 
v -60763344 9537008 -28986032 
v -58672436 9404417 -29965606 
v -57650180 9582997 -30364454 
v -56414504 9577024 -30878172 
v -55135524 9450406 -31401460 
v -53940056 9176862 -31896034 
v -52637876 9169695 -32336362 
v -52078032 9408001 -32473566 
v -51351164 9497589 -32712876 
v -50529956 9491019 -33031954 
v -49620596 9370373 -33449948 
v -48296768 9628388 -34084916 
v -47704448 9992117 -34362512 
v -46971392 10249534 -34739028 
v -45950680 9885805 -35364420 
v -46833748 9588969 -34892184 
v -50465004 8861511 -33156396 
v -51071240 9047855 -32888368 
v -51385188 8799397 -32811790 
v -55104592 8804175 -31509948 
v -56018592 9079510 -31111098 
v -56556784 8869873 -30926034 
v -62343900 9231810 -28201098 
v -63432656 9598525 -27486362 
v -64088384 9409792 -27128992 
v -46577024 9902528 -35003864 
vn -0.884009063243866 -0.1760806143283844 0.43303996324539185 
vn -0.884009063243866 -0.1760806143283844 0.43303996324539185 
vn -0.8868314623832703 -0.16126465797424316 0.43303996324539185 
vn -0.8848840594291687 -0.16134965419769287 0.43697428703308105 
vn -0.884009063243866 -0.1760806143283844 0.43303996324539185 
vn -0.8820526003837585 -0.1761724203824997 0.43697428703308105 
vn -0.882504940032959 -0.18347036838531494 0.43303996324539185 
vn -0.882504940032959 -0.18347036838531494 0.43303996324539185 
vn -0.8805437088012695 -0.18356546759605408 0.43697428703308105 
vn -0.8805437088012695 -0.18356546759605408 0.43697428703308105 
vn -0.878868818283081 -0.1724143922328949 0.44481781125068665 
vn -0.8773854970932007 -0.17981046438217163 0.44481781125068665 
vn -0.8770020008087158 -0.1612325757741928 0.45262736082077026 
vn -0.8768634796142578 -0.17249524593353271 0.4487268626689911 
vn -0.874969482421875 -0.1613028347492218 0.456519216299057 
vn -0.8741497993469238 -0.17604155838489532 0.45262736082077026 
vn -0.8672651052474976 -0.17971748113632202 0.4642767012119293 
vn -0.884009063243866 -0.1760806143283844 0.43303996324539185 
vn -0.8868314623832703 -0.16126465797424316 0.43303996324539185 
vn -0.8768634796142578 -0.17249524593353271 0.4487268626689911 
vn -0.8773854970932007 -0.17981046438217163 0.44481781125068665 
vn -0.8773854970932007 -0.17981046438217163 0.44481781125068665 
vn -0.8726298213005066 -0.18342743813991547 0.45262736082077026 
vn -0.8657036423683167 -0.18709459900856018 0.4642767012119293 
vn -0.8567575812339783 -0.16873645782470703 0.48733407258987427 
vn -0.8589287400245667 -0.168688103556633 0.4835140109062195 
vn -0.8500880599021912 -0.1575545072555542 0.5025205612182617 
vn -0.8509158492088318 -0.16493169963359833 0.4987381398677826 
vn -0.8440208435058594 -0.15371449291706085 0.5138099193572998 
vn -0.8478406667709351 -0.15758568048477173 0.5062933564186096 
vn -0.841726541519165 -0.1537361443042755 0.5175535082817078 
vn -0.8531344532966614 -0.16489361226558685 0.4949462115764618 
vn -0.8610831499099731 -0.16863678395748138 0.4796847105026245 
vn -0.8531344532966614 -0.16489361226558685 0.4949462115764618 
vn -0.845576822757721 -0.15761400759220123 0.5100564956665039 
vn -0.8396828174591064 -0.1389109045267105 0.5250110030174255 
vn -0.8323865532875061 -0.15379418432712555 0.5324283838272095 
vn -0.8349955081939697 -0.13893355429172516 0.5324283838272095 
vn -0.8252120018005371 -0.15380732715129852 0.5434780716896057 
vn -0.8278436064720154 -0.13894790410995483 0.5434780716896057 
vn -0.8241415023803711 -0.14638255536556244 0.5471406579017639 
vn -0.8242180943489075 -0.1314982920885086 0.5507928133010864 
vn -0.820475161075592 -0.12403009086847305 0.5580654144287109 
vn -0.8338361382484436 -0.13149376213550568 0.5361219048500061 
vn -0.8417556881904602 -0.1090756431221962 0.528724730014801 
vn -0.8356348872184753 -0.10161060839891434 0.5398051738739014 
vn -0.820475161075592 -0.12403009086847305 0.5580654144287109 
vn -0.8155138492584229 -0.12400886416435242 0.5652954578399658 
vn -0.8325468301773071 -0.08661902695894241 0.5471406579017639 
vn -0.8486819267272949 -0.06405013054609299 0.5250110030174255 
vn -0.8440473079681396 -0.064063161611557 0.5324283838272095 
vn -0.8620641827583313 -0.02263685315847397 0.5062933564186096 
vn -0.850418746471405 -0.03393198549747467 0.5250110030174255 
vn -0.8549781441688538 -0.03392232581973076 0.5175535082817078 
vn -0.8552438616752625 -0.026386762037873268 0.5175535082817078 
vn -0.8527066111564636 -0.033927466720342636 0.5212872624397278 
vn -0.850084662437439 -0.04146699979901314 0.5250110030174255 
vn -0.850418746471405 -0.03393198549747467 0.5250110030174255 
vn -0.8454583287239075 -0.04147569462656975 0.5324283838272095 
vn -0.8437275886535645 -0.026401981711387634 0.5361219048500061 
vn -0.8431208729743958 -0.04147888720035553 0.5361219048500061 
vn -0.8332938551902771 -0.0791105255484581 0.5471406579017639 
vn -0.8228051662445068 -0.08660674840211868 0.5616858005523682 
vn -0.8145020604133606 -0.09407658874988556 0.5724822878837585 
vn -0.8166139125823975 -0.11654523015022278 0.5652954578399658 
vn -0.8325468301773071 -0.08661902695894241 0.5471406579017639 
vn -0.8404261469841003 -0.07910263538360596 0.5361219048500061 
vn -0.8346905708312988 -0.10909637063741684 0.5398051738739014 
vn -0.8430485725402832 -0.14631269872188568 0.5175535082817078 
vn -0.8523189425468445 -0.15752048790454865 0.4987381398677826 
vn -0.8610831499099731 -0.16863678395748138 0.4796847105026245 
vn -0.8685204386711121 -0.1835808902978897 0.46040233969688416 
vn -0.872212290763855 -0.1946532130241394 0.4487268626689911 
vn -0.8758399486541748 -0.18719378113746643 0.44481781125068665 
vn -0.87856525182724 -0.18365752696990967 0.4409002661705017 
vn -0.8805437088012695 -0.18356546759605408 0.43697428703308105 
vn -0.8809391260147095 -0.1908472627401352 0.43303996324539185 
vn -0.8805437088012695 -0.18356546759605408 0.43697428703308105 
vn -0.8815303444862366 -0.16885261237621307 0.4409002661705017 
vn -0.8855100274085999 -0.14655697345733643 0.4409002661705017 
vn -0.8874664306640625 -0.1464814692735672 0.43697428703308105 
vn -0.8855100274085999 -0.14655697345733643 0.4409002661705017 
vn -0.8853482604026794 -0.13526110351085663 0.44481781125068665 
vn -0.8821890950202942 -0.14278151094913483 0.4487268626689911 
vn -0.879603385925293 -0.14637747406959534 0.45262736082077026 
vn -0.8808097839355469 -0.1389339566230774 0.45262736082077026 
vn -0.8775790333747864 -0.14644204080104828 0.456519216299057 
vn -0.8819531202316284 -0.13148050010204315 0.45262736082077026 
vn -0.8787891864776611 -0.13899557292461395 0.456519216299057 
vn -0.8840506076812744 -0.11654592305421829 0.45262736082077026 
vn -0.8764296174049377 -0.1277429461479187 0.4642767012119293 
vn -0.8754227757453918 -0.12032409012317657 0.46814218163490295 
vn -0.8653985261917114 -0.13152779638767242 0.4835140109062195 
vn -0.8583433628082275 -0.13518474996089935 0.4949462115764618 
vn -0.8549313545227051 -0.14266280829906464 0.4987381398677826 
vn -0.8527082800865173 -0.14269442856311798 0.5025205612182617 
vn -0.8491871953010559 -0.15016032755374908 0.5062933564186096 
vn -0.8469274044036865 -0.15018776059150696 0.5100564956665039 
vn -0.8426374793052673 -0.16112545132637024 0.5138099193572998 
vn -0.845576822757721 -0.15761400759220123 0.5100564956665039 
vn -0.8411890864372253 -0.16852395236492157 0.5138099193572998 
vn -0.846429169178009 -0.16499897837638855 0.5062933564186096 
vn -0.8486807942390442 -0.16496683657169342 0.5025205612182617 
vn -0.8426805138587952 -0.17242951691150665 0.5100564956665039 
vn -0.846429169178009 -0.16499897837638855 0.5062933564186096 
vn -0.8373685479164124 -0.17593252658843994 0.5175535082817078 
vn -0.8396756649017334 -0.17590944468975067 0.5138099193572998 
vn -0.8287528157234192 -0.1833544820547104 0.528724730014801 
vn -0.8263761401176453 -0.1833641678094864 0.5324283838272095 
vn -0.8174682855606079 -0.19072793424129486 0.5434780716896057 
vn -0.8150226473808289 -0.19072265923023224 0.5471406579017639 
vn -0.8174682855606079 -0.19072793424129486 0.5434780716896057 
vn -0.8050814867019653 -0.19066423177719116 0.5616858005523682 
vn -0.8075904846191406 -0.1906844824552536 0.5580654144287109 
vn -0.7948887944221497 -0.19054506719112396 0.5760593414306641 
vn -0.7948887944221497 -0.19054506719112396 0.5760593414306641 
vn -0.782616376876831 -0.18691955506801605 0.5937783122062683 
vn -0.7681882381439209 -0.19053708016872406 0.6112139225006104 
vn -0.7644840478897095 -0.1830516904592514 0.6181069612503052 
vn -0.7569553852081299 -0.1794017255306244 0.6283578276634216 
vn -0.7395532131195068 -0.22286444902420044 0.6351318359375 
vn -0.7416923642158508 -0.21563850343227386 0.6351318359375 
vn -0.7202000617980957 -0.2550029158592224 0.6452018022537231 
vn -0.7274295091629028 -0.23358285427093506 0.6452018022537231 
vn -0.7318956851959229 -0.21918801963329315 0.6452018022537231 
vn -0.7296980619430542 -0.22639644145965576 0.6452018022537231 
vn -0.7428452372550964 -0.19026316702365875 0.641857385635376 
vn -0.7475343346595764 -0.1830553263425827 0.6385006904602051 
vn -0.7590579986572266 -0.15723185241222382 0.6317508816719055 
vn -0.7562482357025146 -0.15715017914772034 0.6351318359375 
vn -0.7647601962089539 -0.14250707626342773 0.6283578276634216 
vn -0.8273197412490845 -0.06407079100608826 0.5580654144287109 
vn -0.7360562682151794 -0.19397161900997162 0.6485338807106018 
vn -0.7320672273635864 -0.208521768450737 0.6485338807106018 
vn -0.7389602065086365 -0.204833984375 0.641857385635376 
vn -0.7389602065086365 -0.204833984375 0.641857385635376 
vn -0.751325249671936 -0.1792147159576416 0.6351318359375 
vn -0.7597483992576599 -0.17948922514915466 0.6249527335166931 
vn -0.7579779028892517 -0.18682478368282318 0.6249527335166931 
vn -0.7718777060508728 -0.18666793406009674 0.607749879360199 
vn -0.7870811820030212 -0.19041498005390167 0.5867242813110352 
vn -0.7974603772163391 -0.19058063626289368 0.5724822878837585 
vn -0.8050814867019653 -0.19066423177719116 0.5616858005523682 
vn -0.8075904846191406 -0.1906844824552536 0.5580654144287109 
vn -0.8125611543655396 -0.19071367383003235 0.5507928133010864 
vn -0.8198979496955872 -0.1907295286655426 0.5398051738739014 
vn -0.8287528157234192 -0.1833544820547104 0.528724730014801 
vn -0.8373685479164124 -0.17593252658843994 0.5175535082817078 
vn -0.8426805138587952 -0.17242951691150665 0.5100564956665039 
vn -0.8426805138587952 -0.17242951691150665 0.5100564956665039 
vn -0.7982343435287476 -0.19794239103794098 0.5688942670822144 
vn -0.8373685479164124 -0.17593252658843994 0.5175535082817078 
vn -0.8388863801956177 -0.1685466319322586 0.5175535082817078 
vn -0.8388863801956177 -0.1685466319322586 0.5175535082817078 
vn -0.8478406667709351 -0.15758568048477173 0.5062933564186096 
vn -0.8514305949211121 -0.15013018250465393 0.5025205612182617 
vn -0.8571378588676453 -0.14262863993644714 0.4949462115764618 
vn -0.8642327785491943 -0.13898161053657532 0.4835140109062195 
vn -0.8754227757453918 -0.12032409012317657 0.46814218163490295 
vn -0.8829972147941589 -0.10911516845226288 0.456519216299057 
vn -0.8865081667900085 -0.1129048764705658 0.4487268626689911 
vn -0.8830334544181824 -0.12401764839887619 0.45262736082077026 
vn -0.8819531202316284 -0.13148050010204315 0.45262736082077026 
vn -0.8844748139381409 -0.12786144018173218 0.4487268626689911 
vn -0.860844075679779 -0.14646834135055542 0.48733407258987427 
vn -0.8855230212211609 -0.12038744986057281 0.4487268626689911 
vn -0.8864560723304749 -0.12779955565929413 0.44481781125068665 
vn -0.8878500461578369 -0.1316404938697815 0.4409002661705017 
vn -0.8878500461578369 -0.1316404938697815 0.4409002661705017 
vn -0.8829442858695984 -0.15015490353107452 0.44481781125068665 
vn -0.880078911781311 -0.176261305809021 0.4409002661705017 
vn -0.8805437088012695 -0.18356546759605408 0.43697428703308105 
vn -0.8805437088012695 -0.18356546759605408 0.43697428703308105 
vn -0.8809391260147095 -0.1908472627401352 0.43303996324539185 
vn -0.8789728283882141 -0.1909455955028534 0.43697428703308105 
vn -0.8769893646240234 -0.1910407543182373 0.4409002661705017 
vn -0.8753514885902405 -0.19841046631336212 0.4409002661705017 
vn -0.8742322325706482 -0.1945638209581375 0.44481781125068665 
vn -0.872212290763855 -0.1946532130241394 0.4487268626689911 
vn -0.8700498938560486 -0.17618994414806366 0.46040233969688416 
vn -0.8567575812339783 -0.16873645782470703 0.48733407258987427 
vn -0.8504686951637268 -0.14272348582744598 0.5062933564186096 
vn -0.8469274044036865 -0.15018776059150696 0.5100564956665039 
vn -0.83367919921875 -0.11657336354255676 0.5398051738739014 
vn -0.8327241539955139 -0.056548845022916794 0.5507928133010864 
vn -0.8411053419113159 -0.033943790942430496 0.5398051738739014 
vn -0.8260177969932556 -0.07910481840372086 0.5580654144287109 
vn -0.8119776844978333 -0.0940629094839096 0.5760593414306641 
vn -0.8090764284133911 -0.033910349011421204 0.5867242813110352 
vn -0.8103755116462708 -0.05649902671575546 0.5831804275512695 
vn -0.8295825719833374 -0.018861500546336174 0.5580654144287109 
vn -0.8439298868179321 -0.018860064446926117 0.5361219048500061 
vn -0.8427164554595947 -0.049012668430805206 0.5361219048500061 
vn -0.8303040862083435 -0.056547731161117554 0.5544344186782837 
vn -0.8327241539955139 -0.056548845022916794 0.5507928133010864 
vn -0.8148954510688782 -0.06403910368680954 0.5760593414306641 
vn -0.8188678026199341 -0.041467368602752686 0.5724822878837585 
vn -0.79915452003479 -0.0678134486079216 0.5972883701324463 
vn -0.8019910454750061 -0.007543723098933697 0.5972883701324463 
vn -0.7990889549255371 -0.02262236550450325 0.6007870435714722 
vn -0.7967407703399658 0.007539486512541771 0.6042742133140564 
vn -0.7967407703399658 0.007539486512541771 0.6042742133140564 
vn -0.7939854264259338 -0.015073586255311966 0.607749879360199 
vn -0.7939854264259338 -0.015073586255311966 0.607749879360199 
vn -0.7928411960601807 -0.04519903287291527 0.607749879360199 
vn -0.7903774380683899 -0.04148489981889725 0.6112139225006104 
vn -0.788221001625061 -0.0715906023979187 0.6112139225006104 
vn -0.7861825823783875 -0.0640493780374527 0.6146662831306458 
vn -0.7840216755867004 -0.08657576888799667 0.6146662831306458 
vn -0.7813156843185425 -0.08654254674911499 0.6181069612503052 
vn -0.7804495692253113 -0.09403333812952042 0.6181069612503052 
vn -0.7822224497795105 -0.10155492275953293 0.6146662831306458 
vn -0.7767859101295471 -0.1014738455414772 0.6215357780456543 
vn -0.7785019874572754 -0.10898827761411667 0.6181069612503052 
vn -0.7785019874572754 -0.10898827761411667 0.6181069612503052 
vn -0.773524820804596 -0.10532499849796295 0.6249527335166931 
vn -0.7757735848426819 -0.10894329100847244 0.6215357780456543 
vn -0.7671160101890564 -0.09022502601146698 0.6351318359375 
vn -0.7707391381263733 -0.08277686685323715 0.6317508816719055 
vn -0.7777101397514343 -0.0678304061293602 0.6249527335166931 
vn -0.7761332392692566 -0.05276024714112282 0.6283578276634216 
vn -0.7598404884338379 -0.04523520544171333 0.6485338807106018 
vn -0.7476052641868591 -0.056475166231393814 0.661737859249115 
vn -0.7661992311477661 -0.09770497679710388 0.6351318359375 
vn -0.773524820804596 -0.10532499849796295 0.6249527335166931 
vn -0.7724705934524536 -0.11279719322919846 0.6249527335166931 
vn -0.7757735848426819 -0.10894329100847244 0.6215357780456543 
vn -0.773524820804596 -0.10532499849796295 0.6249527335166931 
vn -0.7757735848426819 -0.10894329100847244 0.6215357780456543 
vn -0.7724705934524536 -0.11279719322919846 0.6249527335166931 
vn -0.773524820804596 -0.10532499849796295 0.6249527335166931 
vn -0.770767867565155 -0.10527753084897995 0.6283578276634216 
vn -0.773524820804596 -0.10532499849796295 0.6249527335166931 
vn -0.773524820804596 -0.10532499849796295 0.6249527335166931 
vn -0.773524820804596 -0.10532499849796295 0.6249527335166931 
vn -0.773524820804596 -0.10532499849796295 0.6249527335166931 
vn -0.7724705934524536 -0.11279719322919846 0.6249527335166931 
vn -0.7697108387947083 -0.11274603754281998 0.6283578276634216 
vn -0.7701457142829895 -0.1277092695236206 0.6249527335166931 
vn -0.7673798203468323 -0.12765055894851685 0.6283578276634216 
vn -0.7647601962089539 -0.14250707626342773 0.6283578276634216 
vn -0.7497521042823792 -0.16090643405914307 0.641857385635376 
vn -0.7252346277236938 -0.19009940326213837 0.661737859249115 
vn -0.7271631360054016 -0.20493419468402863 0.6551609039306641 
vn -0.7414970993995667 -0.1720053106546402 0.6485338807106018 
vn -0.6924570798873901 -0.13124845921993256 0.7094202041625977 
vn -0.743403434753418 -0.14979387819766998 0.651853621006012 
vn -0.7591705322265625 -0.1423645317554474 0.6351318359375 
vn -0.7583258152008057 -0.13137266039848328 0.6385006904602051 
vn -0.7595770955085754 -0.12393322587013245 0.6385006904602051 
vn -0.7641469836235046 -0.1126362681388855 0.6351318359375 
vn -0.770767867565155 -0.10527753084897995 0.6283578276634216 
vn -0.7652095556259155 -0.10517562925815582 0.6351318359375 
vn -0.7462347149848938 -0.13498377799987793 0.651853621006012 
vn -0.7393807768821716 -0.10526756942272186 0.6650074124336243 
vn -0.7562112808227539 -0.1088998019695282 0.6452018022537231 
vn -0.7618606090545654 -0.10901937633752823 0.6385006904602051 
vn -0.767996072769165 -0.1052277460694313 0.6317508816719055 
vn -0.7548772692680359 -0.09779632091522217 0.6485338807106018 
vn -0.7122923731803894 -0.08269314467906952 0.6969945430755615 
vn -0.6609670519828796 -0.05646103620529175 0.7482877969741821 
vn -0.6120035648345947 -0.03389759734272957 0.790128231048584 
vn -0.6021073460578918 -0.022619109600782394 0.7980946898460388 
vn -0.655932605266571 -0.033935267478227615 0.7540562748908997 
vn -0.7169191241264343 -0.06776881217956543 0.6938546895980835 
vn -0.7214818596839905 -0.04894024506211281 0.6907016038894653 
vn -0.7558093667030334 -0.09031051397323608 0.6485338807106018 
vn -0.7647366523742676 -0.0865718275308609 0.6385006904602051 
vn -0.7661992311477661 -0.09770497679710388 0.6351318359375 
vn -0.7717524170875549 -0.09779912233352661 0.6283578276634216 
vn -0.7476274371147156 -0.08654140681028366 0.6584556698799133 
vn -0.7447304725646973 -0.0864844024181366 0.661737859249115 
vn -0.7414804697036743 -0.06024636700749397 0.6682642698287964 
vn -0.6435311436653137 -1.3309710592771667e-13 0.7654199600219727 
vn -0.5919711589813232 0.007529686205089092 0.8059239983558655 
vn -0.559560239315033 0.018828412517905235 0.8285757899284363 
vn -0.5630388259887695 0.02259303443133831 0.8261215686798096 
vn -0.6210177540779114 -0.052652131766080856 0.7820260524749756 
vn -0.6660408973693848 -0.13488739728927612 0.7336177229881287 
vn -0.6993283629417419 -0.17177152633666992 0.6938546895980835 
vn -0.7168859839439392 -0.175501748919487 0.67473965883255 
vn -0.7386058568954468 -0.17189615964889526 0.651853621006012 
vn -0.7530379891395569 -0.1718759983778 0.6351318359375 
vn -0.7541476488113403 -0.17931023240089417 0.6317508816719055 
vn -0.7457041144371033 -0.19037386775016785 0.6385006904602051 
vn -0.755180299282074 -0.18673282861709595 0.6283578276634216 
vn -0.7644840478897095 -0.1830516904592514 0.6181069612503052 
vn -0.7781623601913452 -0.19419044256210327 0.5972883701324463 
vn -0.7905049324035645 -0.1978289932012558 0.5796254277229309 
vn -0.8058232665061951 -0.1980198174715042 0.5580654144287109 
vn -0.8108037710189819 -0.19805178046226501 0.5507928133010864 
vn -0.8150226473808289 -0.19072265923023224 0.5471406579017639 
vn -0.8223115801811218 -0.19072744250297546 0.5361219048500061 
vn -0.8287528157234192 -0.1833544820547104 0.528724730014801 
vn -0.8350451588630676 -0.17595234513282776 0.5212872624397278 
vn -0.8350451588630676 -0.17595234513282776 0.5212872624397278 
vn -0.8365674018859863 -0.16856618225574493 0.5212872624397278 
vn -0.8426374793052673 -0.16112545132637024 0.5138099193572998 
vn -0.854533314704895 -0.15748363733291626 0.4949462115764618 
vn -0.8732408881187439 -0.1352526843547821 0.46814218163490295 
vn -0.8810198903083801 -0.12407321482896805 0.456519216299057 
vn -0.88204026222229 -0.11659838259220123 0.456519216299057 
vn -0.8874300122261047 -0.1054142564535141 0.4487268626689911 
vn -0.8865081667900085 -0.1129048764705658 0.4487268626689911 
vn -0.8875010013580322 -0.12032892554998398 0.44481781125068665 
vn -0.8875010013580322 -0.12032892554998398 0.44481781125068665 
vn -0.8889259099960327 -0.1241680160164833 0.4409002661705017 
vn -0.8878500461578369 -0.1316404938697815 0.4409002661705017 
vn -0.8841776251792908 -0.14271306991577148 0.44481781125068665 
vn -0.882919430732727 -0.16143198311328888 0.4409002661705017 
vn -0.8805437088012695 -0.18356546759605408 0.43697428703308105 
vn -0.8789728283882141 -0.1909455955028534 0.43697428703308105 
vn -0.8789728283882141 -0.1909455955028534 0.43697428703308105 
vn -0.8793115615844727 -0.19821080565452576 0.43303996324539185 
vn -0.8809391260147095 -0.1908472627401352 0.43303996324539185 
vn -0.8773401379585266 -0.19831228256225586 0.43697428703308105 
vn -0.8753514885902405 -0.19841046631336212 0.4409002661705017 
vn -0.8742322325706482 -0.1945638209581375 0.44481781125068665 
vn -0.8742322325706482 -0.1945638209581375 0.44481781125068665 
vn -0.8809391260147095 -0.1908472627401352 0.43303996324539185 
vn -0.8726298213005066 -0.18342743813991547 0.45262736082077026 
vn -0.8710474967956543 -0.19080018997192383 0.45262736082077026 
vn -0.86667400598526 -0.17239217460155487 0.46814218163490295 
vn -0.8504686951637268 -0.14272348582744598 0.5062933564186096 
vn -0.8299002051353455 -0.1090998724102974 0.5471406579017639 
vn -0.8394168019294739 -0.1090845987200737 0.5324283838272095 
vn -0.8010931015014648 -0.07534662634134293 0.5937783122062683 
vn -0.8742322325706482 -0.1945638209581375 0.44481781125068665 
vn -0.8420128226280212 -0.12400725483894348 0.5250110030174255 
vn -0.8102733492851257 -0.08655321598052979 0.5796254277229309 
vn -0.8248109221458435 0.011316080577671528 0.5652954578399658 
vn -0.834565281867981 -0.011318093165755272 0.5507928133010864 
vn -0.819912314414978 -0.06405556201934814 0.5688942670822144 
vn -0.8198390007019043 -0.01131375040858984 0.5724822878837585 
vn -0.819290280342102 0.07157343626022339 0.5688942670822144 
vn -0.8042140007019043 0.14627182483673096 0.5760593414306641 
vn -0.8039318323135376 0.16111363470554352 0.5724822878837585 
vn -0.7777227759361267 0.21620376408100128 0.590256929397583 
vn -0.7783086895942688 0.2413916438817978 0.5796254277229309 
vn -0.7434368133544922 0.25543197989463806 0.6181069612503052 
vn -0.7431319952011108 0.2874152362346649 0.6042742133140564 
vn -0.702494204044342 0.2619253695011139 0.661737859249115 
vn -0.610301673412323 0.29151636362075806 0.736579954624176 
vn -0.5691589713096619 0.24543523788452148 0.7847417593002319 
vn -0.5103434324264526 0.23024292290210724 0.8285757899284363 
vn -0.5131257176399231 0.2578575313091278 0.8186644315719604 
vn -0.5071995258331299 0.23708821833133698 0.8285757899284363 
vn -0.4869885742664337 0.29058605432510376 0.8236515522003174 
vn -0.4787910580635071 0.25325122475624084 0.8406086564064026 
vn -0.4352535009384155 0.25491562485694885 0.8634653687477112 
vn -0.4482538402080536 0.26242581009864807 0.8545181155204773 
vn -0.4047163426876068 0.223525270819664 0.8867024183273315 
vn -0.4083010256290436 0.21690809726715088 0.8867024183273315 
vn -0.36834147572517395 0.19168756902217865 0.9097144603729248 
vn -0.3709184527397156 0.1953267902135849 0.9078915119171143 
vn -0.36719775199890137 0.1851942092180252 0.9115201234817505 
vn -0.3550451695919037 0.19124092161655426 0.9150791168212891 
vn -0.34521326422691345 0.1841207593679428 0.9202865362167358 
vn -0.33531543612480164 0.17696639895439148 0.9253358840942383 
vn -0.33794161677360535 0.1806335598230362 0.9236704111099243 
vn -0.34477272629737854 0.16722677648067474 0.9236704111099243 
vn -0.3668663203716278 0.15756696462631226 0.916832447052002 
vn -0.37977010011672974 0.15781556069850922 0.9115201234817505 
vn -0.39505550265312195 0.14022913575172424 0.9078915119171143 
vn -0.3979334831237793 0.14394532144069672 0.9060511589050293 
vn -0.4099716544151306 0.13320787250995636 0.9023185968399048 
vn -0.4099716544151306 0.13320787250995636 0.9023185968399048 
vn -0.4355774223804474 0.13003912568092346 0.8907088041305542 
vn -0.4304438531398773 0.13352493941783905 0.8926864862442017 
vn -0.4655687212944031 0.13741683959960938 0.87427818775177 
vn -0.4707522988319397 0.15888863801956177 0.8678402304649353 
vn -0.5037894248962402 0.16646049916744232 0.8476362228393555 
vn -0.5040276646614075 0.17722131311893463 0.8453097939491272 
vn -0.5117783546447754 0.1773696392774582 0.8406086564064026 
vn -0.5245108008384705 0.17398761212825775 0.8334367275238037 
vn -0.5297340750694275 0.18122917413711548 0.8285757899284363 
vn -0.5598053932189941 0.18149589002132416 0.8085030317306519 
vn -0.5572476387023926 0.17789310216903687 0.8110666871070862 
vn -0.5984976887702942 0.18573974072933197 0.7792953848838806 
vn -0.6009482741355896 0.21070855855941772 0.7710143327713013 
vn -0.6389274001121521 0.22185976803302765 0.736579954624176 
vn -0.6344712376594543 0.24341599643230438 0.7336177229881287 
vn -0.6413718461990356 0.24324026703834534 0.7276512384414673 
vn -0.6540576219558716 0.23627594113349915 0.7185974717140198 
vn -0.65995854139328 0.24734126031398773 0.7094202041625977 
vn -0.69218909740448 0.24748164415359497 0.677958071231842 
vn -0.6846005320549011 0.25095614790916443 0.6843559741973877 
vn -0.7260313034057617 0.2553338408470154 0.6385006904602051 
vn -0.7255152463912964 0.2729806900024414 0.6317508816719055 
vn -0.7583396434783936 0.2840345501899719 0.5867242813110352 
vn -0.7583234310150146 0.2982950508594513 0.5796254277229309 
vn -0.7636650204658508 0.2984624207019806 0.5724822878837585 
vn -0.7742531299591064 0.2916181683540344 0.5616858005523682 
vn -0.7791463732719421 0.30588892102241516 0.5471406579017639 
vn -0.8074484467506409 0.3028101921081543 0.5062933564186096 
vn -0.8014839291572571 0.3059785068035126 0.5138099193572998 
vn -0.8373490571975708 0.3065533936023712 0.45262736082077026 
vn -0.8348208069801331 0.32436302304267883 0.44481781125068665 
vn -0.858248770236969 0.3391551077365875 0.3852050006389618 
vn -0.8544919490814209 0.3529214859008789 0.3811691105365753 
vn -0.8595024347305298 0.3493853509426117 0.37307560443878174 
vn -0.8676863312721252 0.3461379110813141 0.3568037748336792 
vn -0.869956374168396 0.3567747175693512 0.34042292833328247 
vn -0.8905157446861267 0.3499840199947357 0.29067665338516235 
vn -0.8849551677703857 0.3604374825954437 0.2948545813560486 
vn -0.8982847929000854 0.3679964244365692 0.2401314377784729 
vn -0.9061450958251953 0.35389867424964905 0.23163928091526031 
vn -0.886229932308197 0.3538070321083069 0.2990269064903259 
vn -0.9060993194580078 0.36459535360336304 0.21460255980491638 
vn -0.8718417286872864 0.3636796772480011 0.3280687630176544 
vn -0.8669546842575073 0.36012494564056396 0.34452807903289795 
vn -0.8678913712501526 0.34979164600372314 0.3527185618877411 
vn -0.8601948618888855 0.3246777355670929 0.3932546079158783 
vn -0.8276850581169128 0.32088494300842285 0.46040233969688416 
vn -0.802025318145752 0.3168949782848358 0.5062933564186096 
vn -0.7839701175689697 0.3129923343658447 0.5361219048500061 
vn -0.776584804058075 0.3058485686779022 0.5507928133010864 
vn -0.774162769317627 0.2987222969532013 0.5580654144287109 
vn -0.7592082023620605 0.26651495695114136 0.5937783122062683 
vn -0.7176498174667358 0.2620942294597626 0.6452018022537231 
vn -0.6850675940513611 0.2582608461380005 0.681163489818573 
vn -0.6671603322029114 0.25441622734069824 0.7001210451126099 
vn -0.6567472815513611 0.24705636501312256 0.7124928832054138 
vn -0.6572867035865784 0.23655761778354645 0.715552031993866 
vn -0.6391663551330566 0.2005397379398346 0.7424622178077698 
vn -0.5903716087341309 0.1997414231300354 0.7820260524749756 
vn -0.5574370622634888 0.18864449858665466 0.8085030317306519 
vn -0.5348715782165527 0.18844231963157654 0.8236515522003174 
vn -0.5246798992156982 0.18473346531391144 0.8310141563415527 
vn -0.519480288028717 0.1774996519088745 0.8358433246612549 
vn -0.5015711784362793 0.1487032026052475 0.8522403836250305 
vn -0.4582613408565521 0.1481066644191742 0.8763908743858337 
vn -0.42815259099006653 0.14069893956184387 0.8926864862442017 
vn -0.4104635715484619 0.14405475556850433 0.9004265069961548 
vn -0.39962270855903625 0.15078385174274445 0.9041935205459595 
vn -0.38693419098854065 0.16129159927368164 0.9078915119171143 
vn -0.3668663203716278 0.15756696462631226 0.916832447052002 
vn -0.34070512652397156 0.15691174566745758 0.926983654499054 
vn -0.3314552903175354 0.16677479445934296 0.9286137819290161 
vn -0.3341325521469116 0.1704603135585785 0.926983654499054 
vn -0.35071927309036255 0.16412024199962616 0.9219872951507568 
vn -0.35071927309036255 0.16412024199962616 0.9219872951507568 
vn -0.3709184527397156 0.1953267902135849 0.9078915119171143 
vn -0.40950819849967957 0.16860634088516235 0.8965907096862793 
vn -0.43676701188087463 0.1936376392841339 0.8784868121147156 
vn -0.45946332812309265 0.20813708007335663 0.8634653687477112 
vn -0.4842964708805084 0.17716047167778015 0.8567795157432556 
vn -0.4868333637714386 0.1700652539730072 0.8567795157432556 
vn -0.5109795928001404 0.219807431101799 0.8310141563415527 
vn -0.5481770038604736 0.1452588140964508 0.8236515522003174 
vn -0.6397187113761902 0.2292705923318863 0.7336177229881287 
vn -0.7300501465797424 0.18292878568172455 0.6584556698799133 
vn -0.7626929879188538 0.19037659466266632 0.6181069612503052 
vn -0.7833315134048462 0.17215794324874878 0.5972883701324463 
vn -0.7944250702857971 0.12773451209068298 0.5937783122062683 
vn -0.8091872334480286 0.07153049856424332 0.5831804275512695 
vn -0.7928411960601807 0.04519903287291527 0.607749879360199 
vn -0.7757735848426819 0.10894329100847244 0.6215357780456543 
vn -0.745742917060852 0.10150701552629471 0.6584556698799133 
vn -0.6847394704818726 0.15325047075748444 0.7124928832054138 
vn -0.6015270352363586 0.13453443348407745 0.7874425053596497 
vn -0.7761332392692566 0.05276024714112282 0.6283578276634216 
vn -0.7030273079872131 0.08273431658744812 0.7063339352607727 
vn -0.6456096768379211 0.10130102187395096 0.7569189071655273 
vn -0.8273420333862305 -0.003772408701479435 0.5616858005523682 
vn -0.8387367129325867 -0.03394515812397003 0.5434780716896057 
vn -0.8263102173805237 -0.04147924482822418 0.5616858005523682 
vn -0.811284601688385 -0.041448090225458145 0.5831804275512695 
vn -0.8010931015014648 -0.07534662634134293 0.5937783122062683 
vn -0.788867712020874 -0.06407222896814346 0.6112139225006104 
vn -0.7910248041152954 -0.026406683027744293 0.6112139225006104 
vn -0.7940927147865295 -0.00753713259473443 0.607749879360199 
vn -0.7833766937255859 -0.0037688659504055977 0.6215357780456543 
vn -0.8020265698432922 -1.6623379376582564e-13 0.5972883701324463 
vn -0.7803343534469604 -0.022635508328676224 0.6249527335166931 
vn -0.7773393988609314 -0.030164308845996857 0.6283578276634216 
vn -0.763556957244873 -0.02637075074017048 0.6452018022537231 
vn -0.7685030698776245 -0.04147163778543472 0.6385006904602051 
vn -0.7834823727607727 -0.0640251561999321 0.6181069612503052 
vn -0.7923764586448669 -0.052721913903951645 0.607749879360199 
vn -0.7724037170410156 -1.5975094240072013e-13 0.6351318359375 
vn -0.735274612903595 0.064012810587883 0.67473965883255 
vn -0.7191281318664551 0.03768790885806084 0.6938546895980835 
vn -0.7581949234008789 -0.015077553689479828 0.651853621006012 
vn -0.7793499231338501 -0.04525198042392731 0.6249527335166931 
vn -0.7494985461235046 -0.01884092018008232 0.661737859249115 
vn -0.6664671897888184 0.015065646730363369 0.7453821301460266 
vn -0.5837420225143433 0.037631500512361526 0.8110666871070862 
vn -0.554976761341095 0.03763318806886673 0.8310141563415527 
vn -0.5431154370307922 0.048881273716688156 0.838234007358551 
vn -0.561680257320404 0.04514973238110542 0.8261215686798096 
vn -0.5694471597671509 0.037638090550899506 0.8211658596992493 
vn -0.5799290537834167 0.041391532868146896 0.8136147856712341 
vn -0.6141328811645508 0.05267916992306709 0.7874425053596497 
vn -0.7077181935310364 0.015075922943651676 0.7063339352607727 
vn -0.6543740034103394 0.056514009833335876 0.7540562748908997 
vn -0.6790080070495605 0.07149296253919601 0.7306414246559143 
vn -0.6953650116920471 0.09392198175191879 0.7124928832054138 
vn -0.7038685083389282 0.07524289935827255 0.7063339352607727 
vn -0.6365944147109985 0.06766617298126221 0.7682244777679443 
vn -0.5841487050056458 0.07136615365743637 0.8085030317306519 
vn -0.6429068446159363 0.07148966193199158 0.762600839138031 
vn -0.6456096768379211 0.10130102187395096 0.7569189071655273 
vn -0.6548932194709778 0.08273225277662277 0.7511792182922363 
vn -0.6230186223983765 0.09390494972467422 0.7765498161315918 
vn -0.6045164465904236 0.10127810388803482 0.790128231048584 
vn -0.5938112139701843 0.07896921783685684 0.8007197380065918 
vn -0.5266599655151367 0.08989212661981583 0.8453097939491272 
vn -0.5033560991287231 0.15563972294330597 0.8499464392662048 
vn -0.4789440631866455 0.1698692888021469 0.8612531423568726 
vn -0.4824172556400299 0.13380783796310425 0.865661084651947 
vn -0.4911026060581207 0.09720683842897415 0.865661084651947 
vn -0.5222610831260681 0.09357455372810364 0.8476362228393555 
vn -0.5695663690567017 0.09745540469884872 0.8161473870277405 
vn -0.5892519354820251 0.08627747744321823 0.8033295273780823 
vn -0.5625866651535034 0.07137494534254074 0.8236515522003174 
vn -0.5372068285942078 0.09366204589605331 0.838234007358551 
vn -0.5109003782272339 0.09369964897632599 0.8545181155204773 
vn -0.4865012764930725 0.1008455902338028 0.8678402304649353 
vn -0.482583612203598 0.10103514045476913 0.8700028657913208 
vn -0.4731946587562561 0.10827946662902832 0.87427818775177 
vn -0.4576936662197113 0.12296383827924728 0.8805659413337708 
vn -0.4546978175640106 0.1192358136177063 0.882628321647644 
vn -0.43750905990600586 0.13701507449150085 0.888714075088501 
vn -0.4092392325401306 0.12230020761489868 0.9041935205459595 
vn -0.37977010011672974 0.15781556069850922 0.9115201234817505 
vn -0.35071927309036255 0.16412024199962616 0.9219872951507568 
vn -0.41223400831222534 0.12603259086608887 0.9023185968399048 
vn -0.3770625591278076 0.11855857819318771 0.9185682535171509 
vn -0.3596944808959961 0.14338529109954834 0.9219872951507568 
vn -0.4497513771057129 0.122784323990345 0.8846737742424011 
vn -0.4653658866882324 0.10814597457647324 0.8784868121147156 
vn -0.4792693853378296 0.11574066430330276 0.8700028657913208 
vn -0.47946897149086 0.09729277342557907 0.872148871421814 
vn -0.4956561326980591 0.09355518221855164 0.8634653687477112 
vn -0.5058362483978271 0.07878188788890839 0.8590245246887207 
vn -0.5225238800048828 0.06752680987119675 0.8499464392662048 
vn -0.5423886179924011 0.05637636408209801 0.838234007358551 
vn -0.5431154370307922 0.048881273716688156 0.838234007358551 
vn -0.543738603591919 0.04137686267495155 0.838234007358551 
vn -0.5515758395195007 0.03387207165360451 0.8334367275238037 
vn -0.5350046753883362 0.05635741353034973 0.8429672718048096 
vn -0.5357409119606018 0.0488654300570488 0.8429672718048096 
vn -0.5390806794166565 0.052621953189373016 0.8406086564064026 
vn -0.5275787711143494 0.05633355677127838 0.8476362228393555 
vn -0.5357409119606018 0.0488654300570488 0.8429672718048096 
vn -0.5403351187705994 0.03761618956923485 0.8406086564064026 
vn -0.5403351187705994 0.03761618956923485 0.8406086564064026 
vn -0.5249364376068115 0.045086830854415894 0.8499464392662048 
vn -0.520490825176239 0.05268429219722748 0.8522403836250305 
vn -0.5069406628608704 0.07133039087057114 0.8590245246887207 
vn -0.49822744727134705 0.07872093468904495 0.8634653687477112 
vn -0.4840717315673828 0.0936461016535759 0.8700028657913208 
vn -0.48797228932380676 0.09346859157085419 0.8678402304649353 
vn -0.50143963098526 0.08246999233961105 0.8612531423568726 
vn -0.5225238800048828 0.06752680987119675 0.8499464392662048 
vn -0.5289643406867981 0.04134732112288475 0.8476362228393555 
vn -0.5368985533714294 0.033854223787784576 0.8429672718048096 
vn -0.5329515337944031 0.03760294243693352 0.8453097939491272 
vn -0.543738603591919 0.04137686267495155 0.838234007358551 
vn -0.5431154370307922 0.048881273716688156 0.838234007358551 
vn -0.5456652045249939 0.0601283423602581 0.8358433246612549 
vn -0.5357409119606018 0.0488654300570488 0.8429672718048096 
vn -0.5431154370307922 0.048881273716688156 0.838234007358551 
vn -0.5464386940002441 0.05263707786798477 0.8358433246612549 
vn -0.5479890704154968 0.07135279476642609 0.8334367275238037 
vn -0.5382971167564392 0.06011030822992325 0.8406086564064026 
vn -0.5235357284545898 0.08615802228450775 0.8476362228393555 
vn -0.5064070820808411 0.09736941754817963 0.8567795157432556 
vn -0.48797228932380676 0.09346859157085419 0.8678402304649353 
vn -0.476326048374176 0.09354738891124725 0.87427818775177 
vn -0.46701112389564514 0.10080460458993912 0.8784868121147156 
vn -0.46842533349990845 0.11187838017940521 0.8763908743858337 
vn -0.46469977498054504 0.1264641433954239 0.8763908743858337 
vn -0.4432760775089264 0.14442501962184906 0.8846737742424011 
vn -0.40790873765945435 0.1511375606060028 0.9004265069961548 
vn -0.4181481599807739 0.13348765671253204 0.8985171914100647 
vn -0.4447515904903412 0.12631261348724365 0.8867024183273315 
vn -0.46172964572906494 0.12274646759033203 0.8784868121147156 
vn -0.44674867391586304 0.11905666440725327 0.8867024183273315 
vn -0.4181481599807739 0.13348765671253204 0.8985171914100647 
vn -0.46764448285102844 0.13017773628234863 0.87427818775177 
vn -0.49097204208374023 0.11564616858959198 0.8634653687477112 
vn -0.5063386559486389 0.11584460735321045 0.8545181155204773 
vn -0.4181481599807739 0.13348765671253204 0.8985171914100647 
vn -0.4921358525753021 0.1266700029373169 0.8612531423568726 
vn -0.46621793508529663 0.14831459522247314 0.872148871421814 
vn -0.42857399582862854 0.1515328288078308 0.8907088041305542 
vn -0.3668663203716278 0.15756696462631226 0.916832447052002 
vn -0.3768156170845032 0.16474545001983643 0.9115201234817505 
vn -0.4352025091648102 0.144173726439476 0.888714075088501 
vn -0.4705641567707062 0.13388705253601074 0.872148871421814 
vn -0.48730194568634033 0.13024742901325226 0.8634653687477112 
vn -0.5033456683158875 0.11212503165006638 0.8567795157432556 
vn -0.5153473615646362 0.09001903980970383 0.8522403836250305 
vn -0.5341636538505554 0.06383836269378662 0.8429672718048096 
vn -0.5423886179924011 0.05637636408209801 0.838234007358551 
vn -0.5423886179924011 0.05637636408209801 0.838234007358551 
vn -0.4832250773906708 0.11552856862545013 0.8678402304649353 
vn -0.5032989978790283 0.09363210201263428 0.8590245246887207 
vn -0.5289833545684814 0.07501938939094543 0.8453097939491272 
vn -0.4417682886123657 0.12258906662464142 0.888714075088501 
vn -0.38961803913116455 0.14358742535114288 0.9097144603729248 
vn -0.3538452982902527 0.157267227768898 0.9219872951507568 
vn -0.34523943066596985 0.15672674775123596 0.9253358840942383 
vn -0.3510722219944 0.15356212854385376 0.9236704111099243 
vn -0.3667854368686676 0.13616566359996796 0.9202865362167358 
vn -0.38199830055236816 0.12925739586353302 0.9150791168212891 
vn -0.3795221149921417 0.1363566666841507 0.9150791168212891 
vn -0.36977386474609375 0.15061713755130768 0.916832447052002 
vn -0.3641015291213989 0.1431877464056015 0.9202865362167358 
vn -0.36975178122520447 0.11499172449111938 0.9219872951507568 
vn -0.3547132611274719 0.12198271602392197 0.926983654499054 
vn -0.3409940004348755 0.13565532863140106 0.9302261471748352 
vn -0.3381464183330536 0.14260534942150116 0.9302261471748352 
vn -0.335157185792923 0.14949564635753632 0.9302261471748352 
vn -0.3438727557659149 0.13938423991203308 0.9286137819290161 
vn -0.35833144187927246 0.15707074105739594 0.9202865362167358 
vn -0.3825971484184265 0.15083272755146027 0.9115201234817505 
vn -0.34662702679634094 0.13238635659217834 0.9286137819290161 
vn -0.3596944808959961 0.14338529109954834 0.9219872951507568 
vn -0.37254980206489563 0.14361368119716644 0.916832447052002 
vn -0.3418819010257721 0.12176529318094254 0.931820809841156 
vn -0.34923890233039856 0.12533408403396606 0.9286137819290161 
vn -0.3539431393146515 0.13593311607837677 0.9253358840942383 
vn -0.3467285931110382 0.14311030507087708 0.926983654499054 
vn -0.34827786684036255 0.14985349774360657 0.9253358840942383 
vn -0.3596944808959961 0.14338529109954834 0.9219872951507568 
vn -0.3539431393146515 0.13593311607837677 0.9253358840942383 
vn -0.3467285931110382 0.14311030507087708 0.926983654499054 
vn -0.3437861204147339 0.15004125237464905 0.926983654499054 
vn -0.34070512652397156 0.15691174566745758 0.926983654499054 
vn -0.33061808347702026 0.1496720016002655 0.931820809841156 
vn -0.3437861204147339 0.15004125237464905 0.926983654499054 
vn -0.3596944808959961 0.14338529109954834 0.9219872951507568 
vn -0.3669488728046417 0.14690417051315308 0.9185682535171509 
vn -0.3945613503456116 0.12938660383224487 0.9097144603729248 
vn -0.4576936662197113 0.12296383827924728 0.8805659413337708 
vn -0.3381464183330536 0.14260534942150116 0.9302261471748352 
vn -0.38199830055236816 0.12925739586353302 0.9150791168212891 
vn -0.356830358505249 0.13966071605682373 0.9236704111099243 
vn -0.3336504399776459 0.14278443157672882 0.931820809841156 
vn -0.29228475689888 0.1347968578338623 0.946783721446991 
vn -0.3246915936470032 0.15278826653957367 0.933397650718689 
vn -0.33794164657592773 0.15320537984371185 0.9286137819290161 
vn -0.3246915936470032 0.15278826653957367 0.933397650718689 
vn -0.33061808347702026 0.1496720016002655 0.931820809841156 
vn -0.3336504399776459 0.14278443157672882 0.931820809841156 
vn -0.3336504399776459 0.14278443157672882 0.931820809841156 
vn -0.3438727557659149 0.13938423991203308 0.9286137819290161 
vn -0.34662702679634094 0.13238635659217834 0.9286137819290161 
vn -0.3392835855484009 0.12882807850837708 0.931820809841156 
vn -0.34625959396362305 0.12158776074647903 0.9302261471748352 
vn -0.3409940004348755 0.13565532863140106 0.9302261471748352 
vn -0.3365393579006195 0.1358354538679123 0.931820809841156 
vn -0.3409940004348755 0.13565532863140106 0.9302261471748352 
vn -0.3365393579006195 0.1358354538679123 0.931820809841156 
vn -0.3409940004348755 0.13565532863140106 0.9302261471748352 
vn -0.3291797935962677 0.1322753131389618 0.9349566102027893 
vn -0.3130713701248169 0.13883928954601288 0.9395264387130737 
vn -0.29650047421455383 0.1451704055070877 0.9439348578453064 
vn -0.2982606589794159 0.12100064754486084 0.946783721446991 
vn -0.3159160614013672 0.1212017610669136 0.9410139322280884 
vn -0.3418819010257721 0.12176529318094254 0.931820809841156 
vn -0.3620383143424988 0.12554395198822021 0.9236704111099243 
vn -0.36499932408332825 0.12928633391857147 0.9219872951507568 
vn -0.3539431393146515 0.13593311607837677 0.9253358840942383 
vn -0.3409940004348755 0.13565532863140106 0.9302261471748352 
vn -0.3539431393146515 0.13593311607837677 0.9253358840942383 
vn -0.3620383143424988 0.12554395198822021 0.9236704111099243 
vn -0.36499932408332825 0.12928633391857147 0.9219872951507568 
vn -0.369333952665329 0.12909331917762756 0.9202865362167358 
vn -0.3824206590652466 0.14007966220378876 0.913308322429657 
vn -0.39505550265312195 0.14022913575172424 0.9078915119171143 
vn -0.40790873765945435 0.1511375606060028 0.9004265069961548 
vn -0.4257417619228363 0.14783364534378052 0.8926864862442017 
vn -0.45589059591293335 0.15525083243846893 0.8763908743858337 
vn -0.4943475127220154 0.1594344824552536 0.8545181155204773 
vn -0.5214526057243347 0.15953342616558075 0.838234007358551 
vn -0.46387869119644165 0.15547646582126617 0.872148871421814 
vn -0.48951295018196106 0.1737121045589447 0.8545181155204773 
vn -0.5110653638839722 0.15576738119125366 0.8453097939491272 
vn -0.4143708050251007 0.11881891638040543 0.9023185968399048 
vn -0.39261263608932495 0.12241891771554947 0.9115201234817505 
vn -0.374737024307251 0.12571591138839722 0.9185682535171509 
vn -0.3797668516635895 0.14712245762348175 0.913308322429657 
vn -0.3795221149921417 0.1363566666841507 0.9150791168212891 
vn -0.36499932408332825 0.12928633391857147 0.9219872951507568 
vn -0.3795221149921417 0.1363566666841507 0.9150791168212891 
vn -0.3903043866157532 0.1295899897813797 0.9115201234817505 
vn -0.38231799006462097 0.11511382460594177 0.916832447052002 
vn -0.3873356282711029 0.12585297226905823 0.913308322429657 
vn -0.3813028335571289 0.10411759465932846 0.9185682535171509 
vn -0.34331488609313965 0.08939224481582642 0.9349566102027893 
vn -0.3726004660129547 0.08945345878601074 0.9236704111099243 
vn -0.30547934770584106 0.11384690552949905 0.9453682899475098 
vn -0.297994464635849 0.11023594439029694 0.9481810927391052 
vn -0.28599709272384644 0.10676263272762299 0.9522643685340881 
vn -0.3262980282306671 0.13923248648643494 0.9349566102027893 
vn -0.349531352519989 0.13612167537212372 0.926983654499054 
vn -0.36241549253463745 0.13636161386966705 0.9219872951507568 
vn -0.37691399455070496 0.14340855181217194 0.9150791168212891 
vn -0.41223400831222534 0.12603259086608887 0.9023185968399048 
vn -0.4666195511817932 0.11918581277132034 0.8763908743858337 
vn -0.4213789999485016 0.10803626477718353 0.9004265069961548 
vn -0.4748174846172333 0.10092557221651077 0.87427818775177 
vn -0.43113523721694946 0.08239687234163284 0.8985171914100647 
vn -0.48345068097114563 0.07504542917013168 0.872148871421814 
vn -0.4198504388332367 0.07848364859819412 0.9041935205459595 
vn -0.48797228932380676 0.09346859157085419 0.8678402304649353 
vn -0.39505550265312195 0.14022913575172424 0.9078915119171143 
vn -0.3693414628505707 0.08567626029253006 0.9253358840942383 
vn -0.37582919001579285 0.09323032945394516 0.9219872951507568 
vn -0.38231799006462097 0.11511382460594177 0.916832447052002 
vn -0.3620383143424988 0.12554395198822021 0.9236704111099243 
vn -0.3443332016468048 0.11465016007423401 0.931820809841156 
vn -0.3435281813144684 0.10371726751327515 0.933397650718689 
vn -0.3314797580242157 0.11442483216524124 0.9364978075027466 
vn -0.29991716146469116 0.12778276205062866 0.9453682899475098 
vn -0.35219326615333557 0.129078209400177 0.926983654499054 
vn -0.34923890233039856 0.12533408403396606 0.9286137819290161 
vn -0.34369876980781555 0.12864848971366882 0.9302261471748352 
vn -0.32333382964134216 0.12478650361299515 0.9380210638046265 
vn -0.3284359276294708 0.11066294461488724 0.9380210638046265 
vn -0.27287665009498596 0.11710059642791748 0.9548956751823425 
vn -0.25589582324028015 0.15063714981079102 0.9548956751823425 
vn -0.2644698917865753 0.16063672304153442 0.9509214162826538 
vn -0.3246915936470032 0.15278826653957367 0.933397650718689 
vn -0.3441731333732605 0.19436350464820862 0.9185682535171509 
vn -0.3852958083152771 0.14379927515983582 0.9115201234817505 
vn -0.39255815744400024 0.1580170840024948 0.9060511589050293 
vn -0.4181481599807739 0.13348765671253204 0.8985171914100647 
vn -0.4437198340892792 0.11532560735940933 0.888714075088501 
vn -0.4417682886123657 0.12258906662464142 0.888714075088501 
vn -0.3873356282711029 0.12585297226905823 0.913308322429657 
vn -0.35219326615333557 0.129078209400177 0.926983654499054 
vn -0.3475700616836548 0.08924082666635513 0.933397650718689 
vn -0.2832799255847931 0.11377646028995514 0.9522643685340881 
vn -0.2577853202819824 0.10983205586671829 0.9599394202232361 
vn -0.2708946764469147 0.09948723018169403 0.9574540853500366 
vn -0.28773340582847595 0.08875399827957153 0.953589141368866 
vn -0.33385711908340454 0.10729071497917175 0.9364978075027466 
vn -0.3955712914466858 0.0784444510936737 0.9150791168212891 
vn -0.41682833433151245 0.09321068227291107 0.9041935205459595 
vn -0.4296271502971649 0.12258466333150864 0.8946471214294434 
vn -0.4463379979133606 0.08614088594913483 0.8907088041305542 
vn -0.4712505042552948 0.07863780111074448 0.8784868121147156 
vn -0.40951573848724365 0.08960980176925659 0.9078915119171143 
vn -0.4565505087375641 0.1119326651096344 0.882628321647644 
vn -0.4245339035987854 0.1260794848203659 0.8965907096862793 
vn -0.4534824788570404 0.10819388926029205 0.8846737742424011 
vn -0.4685405492782593 0.09343823045492172 0.8784868121147156 
vn -0.46303829550743103 0.10099082440137863 0.8805659413337708 
vn -0.5203825235366821 0.08242049068212509 0.8499464392662048 
vn -0.5299108624458313 0.11212286353111267 0.8406086564064026 
vn -0.5657250285148621 0.07511229068040848 0.8211658596992493 
vn -0.5729411244392395 0.07511255890130997 0.8161473870277405 
vn -0.5956113934516907 0.06399174779653549 0.8007197380065918 
vn -0.628963053226471 0.07520174235105515 0.7737894654273987 
vn -0.6087645888328552 0.07143541425466537 0.790128231048584 
vn -0.5738715529441833 0.06763772666454315 0.8161473870277405 
vn -0.5553097724914551 0.07136676460504532 0.8285757899284363 
vn -0.5397600531578064 0.04512343183159828 0.8406086564064026 
vn -0.5012515783309937 0.05634221062064171 0.8634653687477112 
vn -0.47899889945983887 0.07872524857521057 0.87427818775177 
vn -0.4731544554233551 0.08979925513267517 0.8763908743858337 
vn -0.48345068097114563 0.07504542917013168 0.872148871421814 
vn -0.5003548860549927 0.06381655484437943 0.8634653687477112 
vn -0.5215063691139221 0.07498129457235336 0.8499464392662048 
vn -0.4792693853378296 0.11574066430330276 0.8700028657913208 
vn -0.4352025091648102 0.144173726439476 0.888714075088501 
vn -0.40702345967292786 0.12948349118232727 0.9041935205459595 
vn -0.3998345732688904 0.12595777213573456 0.9078915119171143 
vn -0.4181481599807739 0.13348765671253204 0.8985171914100647 
vn -0.42857399582862854 0.1515328288078308 0.8907088041305542 
vn -0.46108153462409973 0.15179407596588135 0.87427818775177 
vn -0.49198204278945923 0.1665908247232437 0.8545181155204773 
vn -0.5095598101615906 0.13393980264663696 0.8499464392662048 
vn -0.5415459275245667 0.08996617794036865 0.8358433246612549 
vn -0.5580090284347534 0.11963532865047455 0.8211658596992493 
vn -0.5839446783065796 0.09744313359260559 0.8059239983558655 
vn -0.5919442176818848 0.11245875060558319 0.7980946898460388 
vn -0.6309309601783752 0.08638875931501389 0.7710143327713013 
vn -0.6531134843826294 0.1162245124578476 0.7482877969741821 
vn -0.660355269908905 0.11260876059532166 0.7424622178077698 
vn -0.679167628288269 0.14949609339237213 0.7185974717140198 
vn -0.6955776810646057 0.18637947738170624 0.6938546895980835 
vn -0.6988237500190735 0.19733352959156036 0.6875353455543518 
vn -0.7081495523452759 0.1972234547138214 0.677958071231842 
vn -0.7141748070716858 0.2082720398902893 0.6682642698287964 
vn -0.7473717331886292 0.2158747911453247 0.6283578276634216 
vn -0.7270445823669434 0.21562251448631287 0.651853621006012 
vn -0.6915218830108643 0.2009056806564331 0.6938546895980835 
vn -0.6744721531867981 0.20447570085525513 0.7094202041625977 
vn -0.671604573726654 0.16792461276054382 0.7216291427612305 
vn -0.6546152830123901 0.1422273963689804 0.7424622178077698 
vn -0.6370640397071838 0.1456817090511322 0.7569189071655273 
vn -0.6116347908973694 0.11974216252565384 0.7820260524749756 
vn -0.6349955201148987 0.16786843538284302 0.7540562748908997 
vn -0.6435201168060303 0.18609583377838135 0.7424622178077698 
vn -0.6636554598808289 0.19700957834720612 0.7216291427612305 
vn -0.6914870142936707 0.21160577237606049 0.6907016038894653 
vn -0.7069896459579468 0.21187745034694672 0.67473965883255 
vn -0.7270445823669434 0.21562251448631287 0.651853621006012 
vn -0.7526882886886597 0.22672486305236816 0.6181069612503052 
vn -0.7783086895942688 0.2413916438817978 0.5796254277229309 
vn -0.7809337973594666 0.24144990742206573 0.5760593414306641 
vn -0.8140258193016052 0.25616714358329773 0.5212872624397278 
vn -0.8173094987869263 0.28855758905410767 0.4987381398677826 
vn -0.8346123695373535 0.27078548073768616 0.4796847105026245 
vn -0.8353672027587891 0.28174257278442383 0.4719987213611603 
vn -0.8405743837356567 0.2854195833206177 0.46040233969688416 
vn -0.8605003952980042 0.303385466337204 0.40926313400268555 
vn -0.8406312465667725 0.3032875657081604 0.4487268626689911 
vn -0.8245113492012024 0.2742431163787842 0.4949462115764618 
vn -0.8198884129524231 0.2600487172603607 0.5100564956665039 
vn -0.8249301314353943 0.22721926867961884 0.5175535082817078 
vn -0.8031132817268372 0.22723636031150818 0.5507928133010864 
vn -0.782642662525177 0.22694683074951172 0.5796254277229309 
vn -0.7548285126686096 0.2194942682981491 0.6181069612503052 
vn -0.797024667263031 0.21258582174777985 0.5652954578399658 
vn -0.8010261654853821 0.23448757827281952 0.5507928133010864 
vn -0.8090271949768066 0.24898792803287506 0.5324283838272095 
vn -0.8198876976966858 0.27433058619499207 0.5025205612182617 
vn -0.8307051658630371 0.28896236419677734 0.4758462607860565 
vn -0.8373490571975708 0.3065533936023712 0.45262736082077026 
vn -0.8578165769577026 0.32113829255104065 0.401274174451828 
vn -0.8734208345413208 0.3357464373111725 0.3527185618877411 
vn -0.8763548731803894 0.33235758543014526 0.34862664341926575 
vn -0.8862084150314331 0.3466525971889496 0.30735430121421814 
vn -0.8848870396614075 0.363980770111084 0.29067665338516235 
vn -0.8875584602355957 0.36406636238098145 0.28230419754981995 
vn -0.8872777223587036 0.3710949718952179 0.27391019463539124 
vn -0.8751991391181946 0.39874759316444397 0.27391019463539124 
vn -0.8851616382598877 0.40593627095222473 0.22738653421401978 
vn -0.8714210391044617 0.41247743368148804 0.26549527049064636 
vn -0.8687102198600769 0.3884274661540985 0.30735430121421814 
vn -0.8688051700592041 0.38488906621932983 0.31150925159454346 
vn -0.8834025263786316 0.35008853673934937 0.31150925159454346 
vn -0.8813503980636597 0.33596011996269226 0.33219319581985474 
vn -0.8704534769058228 0.33911919593811035 0.3568037748336792 
vn -0.8558642268180847 0.3213263750076294 0.405272513628006 
vn -0.8736492395401001 0.3394060730934143 0.34862664341926575 
vn -0.8670654296875 0.3637441098690033 0.34042292833328247 
vn -0.8689104318618774 0.3706285357475281 0.3280687630176544 
vn -0.8776585459709167 0.37119966745376587 0.30319350957870483 
vn -0.8760319948196411 0.38480517268180847 0.29067665338516235 
vn -0.8808625340461731 0.39191001653671265 0.26549527049064636 
vn -0.8782544136047363 0.4229450225830078 0.22312943637371063 
vn -0.8861748576164246 0.43035000562667847 0.17173540592193604 
vn -0.8828513026237488 0.4371275305747986 0.17173540592193604 
vn -0.9009221196174622 0.41709789633750916 0.11986933648586273 
vn -0.8933972120285034 0.4374186098575592 0.10250037163496017 
vn -0.9064034819602966 0.4137519299983978 0.08510008454322815 
vn -0.9059815406799316 0.4171435832977295 0.07203252613544464 
vn -0.8986929655075073 0.4339841902256012 0.0633138045668602 
vn -0.9117235541343689 0.4103334844112396 -0.01966099627315998 
vn -0.8983136415481567 0.43739062547683716 0.04149730131030083 
vn -0.8957372903823853 0.44453543424606323 -0.006554040592163801 
vn -0.9122767448425293 0.40699854493141174 0.04586252197623253 
vn -0.9118454456329346 0.410388320684433 -0.010923261754214764 
vn -0.927007794380188 0.37222737073898315 0.04586252197623253 
vn -0.9266347885131836 0.37565159797668457 -0.0152922747656703 
vn -0.9213998317718506 0.38267818093299866 0.06767380982637405 
vn -0.9209082722663879 0.38962626457214355 -0.010923261754214764 
vn -0.909113347530365 0.41027331352233887 0.07203252613544464 
vn -0.9122217297554016 0.39981216192245483 0.08945280313491821 
vn -0.9149404764175415 0.38918882608413696 0.10684575140476227 
vn -0.9178081154823303 0.38578373193740845 0.09380380809307098 
vn -0.9088178277015686 0.41013994812965393 0.0763898640871048 
vn -0.9035207629203796 0.417152464389801 0.0981530249118805 
vn -0.9004663228988647 0.4204728603363037 0.1111890971660614 
vn -0.9123718738555908 0.3927217125892639 0.11553031951189041 
vn -0.9041450619697571 0.40310218930244446 0.1415284425020218 
vn -0.8989466428756714 0.4029911458492279 0.17173540592193604 
vn -0.9105157256126404 0.39298662543296814 0.12854042649269104 
vn -0.8878350257873535 0.40244531631469727 0.22312943637371063 
vn -0.9103396534919739 0.3821803629398346 0.15880759060382843 
vn -0.9066171646118164 0.3959449529647827 0.1458524912595749 
vn -0.9019620418548584 0.40323272347450256 0.15449213981628418 
vn -0.9102050065994263 0.3964317739009857 0.11986933648586273 
vn -0.9153292179107666 0.38577863574028015 0.11553031951189041 
vn -0.9062992930412292 0.4065394401550293 0.11553031951189041 
vn -0.9097475409507751 0.40339240431785583 0.0981530249118805 
vn -0.9122767448425293 0.40699854493141174 0.04586252197623253 
vn -0.9149230122566223 0.3963337540626526 0.0763898640871048 
vn -0.9207056760787964 0.3788164258003235 0.09380380809307098 
vn -0.9134822487831116 0.3860408365726471 0.12854042649269104 
vn -0.9096099138259888 0.3890203535556793 0.1458524912595749 
vn -0.9132343530654907 0.37521085143089294 0.15880759060382843 
vn -0.9050166010856628 0.3891681432723999 0.17173540592193604 
vn -0.9101871848106384 0.389267235994339 0.1415284425020218 
vn -0.8982816338539124 0.4062727093696594 0.16742929816246033 
vn -0.8948422074317932 0.3890427052974701 0.21886809170246124 
vn -0.8882799744606018 0.39906641840934753 0.22738653421401978 
vn -0.8943566083908081 0.38525524735450745 0.22738653421401978 
vn -0.9064531922340393 0.3611639440059662 0.21886809170246124 
vn -0.8929901719093323 0.3571299612522125 0.27391019463539124 
vn -0.8843395113945007 0.37804344296455383 0.27391019463539124 
vn -0.8783000707626343 0.3918702006340027 0.27391019463539124 
vn -0.8760319948196411 0.38480517268180847 0.29067665338516235 
vn -0.8689128756523132 0.3777797818183899 0.3198012113571167 
vn -0.8746898770332336 0.3781419098377228 0.30319350957870483 
vn -0.8748193383216858 0.3638933300971985 0.3198012113571167 
vn -0.8718417286872864 0.3636796772480011 0.3280687630176544 
vn -0.8849551677703857 0.3604374825954437 0.2948545813560486 
vn -0.8969372510910034 0.38172876834869385 0.22312943637371063 
vn -0.9050179123878479 0.39632660150527954 0.15449213981628418 
vn -0.9149404764175415 0.38918882608413696 0.10684575140476227 
vn -0.8669546842575073 0.36012494564056396 0.34452807903289795 
vn -0.9102050065994263 0.3964317739009857 0.11986933648586273 
vn -0.8989466428756714 0.4029911458492279 0.17173540592193604 
vn -0.9131289720535278 0.38231557607650757 0.1415284425020218 
vn -0.907971978187561 0.38222217559814453 0.17173540592193604 
vn -0.9182337522506714 0.3788132965564728 0.11553031951189041 
vn -0.9152257442474365 0.39288678765296936 0.08945280313491821 
vn -0.9213998317718506 0.38267818093299866 0.06767380982637405 
vn -0.927007794380188 0.37222737073898315 0.04586252197623253 
vn -0.9183267951011658 0.39315709471702576 0.04586252197623253 
vn -0.9087202548980713 0.4172627329826355 -0.010923261754214764 
vn -0.8917410969734192 0.38876864314079285 0.23163928091526031 
vn -0.9179396033287048 0.39656969904899597 -0.010923261754214764 
vn -0.9266347885131836 0.37565159797668457 -0.0152922747656703 
vn -0.9209082722663879 0.38962626457214355 -0.010923261754214764 
vn -0.9124722480773926 0.4035029709339142 0.06767380982637405 
vn -0.9128268361091614 0.39291754364967346 0.1111890971660614 
vn -0.9160756468772888 0.36821937561035156 0.15880759060382843 
vn -0.8976649045944214 0.3748878836631775 0.23163928091526031 
vn -0.8846681118011475 0.3710346221923828 0.28230419754981995 
vn -0.8787234425544739 0.38490188121795654 0.28230419754981995 
vn -0.8746898770332336 0.3781419098377228 0.30319350957870483 
vn -0.8748284578323364 0.3674711287021637 0.31565824151039124 
vn -0.8670654296875 0.3637441098690033 0.34042292833328247 
vn -0.8539077043533325 0.36697036027908325 0.3690181374549866 
vn -0.8676863312721252 0.3461379110813141 0.3568037748336792 
vn -0.8689104318618774 0.3706285357475281 0.3280687630176544 
vn -0.8776585459709167 0.37119966745376587 0.30319350957870483 
vn -0.8847913146018982 0.3675132095813751 0.2864931523799896 
vn -0.9060993194580078 0.36459535360336304 0.21460255980491638 
vn -0.8926953673362732 0.36415284872055054 0.26549527049064636 
vn -0.8748284578323364 0.3674711287021637 0.31565824151039124 
vn -0.8689104318618774 0.3706285357475281 0.3280687630176544 
vn -0.8775373697280884 0.3497128188610077 0.3280687630176544 
vn -0.868395984172821 0.33570414781570435 0.3649536371231079 
vn -0.8482100367546082 0.31050795316696167 0.42909738421440125 
vn -0.8319051265716553 0.34203413128852844 0.43697428703308105 
vn -0.8466923832893372 0.36705464124679565 0.3852050006389618 
vn -0.8646551966667175 0.34947893023490906 0.36088213324546814 
vn -0.8755699396133423 0.3427674174308777 0.34042292833328247 
vn -0.8670654296875 0.3637441098690033 0.34042292833328247 
vn -0.8701443672180176 0.3640006482601166 0.33219319581985474 
vn -0.8777295351028442 0.3640781044960022 0.31150925159454346 
vn -0.8775373697280884 0.3497128188610077 0.3280687630176544 
vn -0.8648626804351807 0.35313403606414795 0.3568037748336792 
vn -0.8653714656829834 0.3390543460845947 0.3690181374549866 
vn -0.86555415391922 0.32484790682792664 0.3811691105365753 
vn -0.8551135063171387 0.34245896339416504 0.3892335295677185 
vn -0.8263593316078186 0.34535107016563416 0.44481781125068665 
vn -0.8299083709716797 0.3315061330795288 0.4487268626689911 
vn -0.8459790945053101 0.29987722635269165 0.4409002661705017 
vn -0.8173094987869263 0.28855758905410767 0.4987381398677826 
vn -0.8067716956138611 0.3168275058269501 0.4987381398677826 
vn -0.8011354207992554 0.33082062005996704 0.4987381398677826 
vn -0.7906985282897949 0.3270079493522644 0.5175535082817078 
vn -0.8050663471221924 0.3028374910354614 0.5100564956665039 
vn -0.8205350637435913 0.2924019992351532 0.4911448359489441 
vn -0.8347450494766235 0.3350435495376587 0.43697428703308105 
vn -0.857634425163269 0.349627286195755 0.37712597846984863 
vn -0.8698201775550842 0.35314759612083435 0.34452807903289795 
vn -0.8509005904197693 0.3738900423049927 0.3690181374549866 
vn -0.8340186476707458 0.34189069271087646 0.43303996324539185 
vn -0.8149688243865967 0.3135782480239868 0.48733407258987427 
vn -0.7945627570152283 0.2918732762336731 0.5324283838272095 
vn -0.7844104170799255 0.2988843321800232 0.5434780716896057 
vn -0.7864758968353271 0.3130106031894684 0.5324283838272095 
vn -0.776584804058075 0.3058485686779022 0.5507928133010864 
vn -0.7789106965065002 0.3129371404647827 0.5434780716896057 
vn -0.7917163968086243 0.3059987723827362 0.528724730014801 
vn -0.787065327167511 0.2918214201927185 0.5434780716896057 
vn -0.7819876670837402 0.29175782203674316 0.5507928133010864 
vn -0.8019160628318787 0.291873574256897 0.5212872624397278 
vn -0.8326783180236816 0.324485719203949 0.4487268626689911 
vn -0.8544919490814209 0.3529214859008789 0.3811691105365753 
vn -0.8727912306785583 0.3497823476791382 0.34042292833328247 
vn -0.8958995342254639 0.3430282175540924 0.28230419754981995 
vn -0.9110312461853027 0.3467496633529663 0.22312943637371063 
vn -0.9154366850852966 0.3751036822795868 0.1458524912595749 
vn -0.9163958430290222 0.3790726363658905 0.12854042649269104 
vn -0.9157646894454956 0.3895394504070282 0.0981530249118805 
vn -0.9153279066085815 0.4000892639160156 0.04586252197623253 
vn -0.7716436982154846 0.29155969619750977 0.5652954578399658 
vn -0.9208185076713562 0.38243675231933594 0.0763898640871048 
vn -0.9235503673553467 0.3718273639678955 0.09380380809307098 
vn -0.9230837225914001 0.3823537826538086 0.04149730131030083 
vn -0.9118454456329346 0.410388320684433 -0.010923261754214764 
vn -0.9064034819602966 0.4137519299983978 -0.08510008454322815 
vn -0.9059815406799316 0.4171435832977295 -0.07203252613544464 
vn -0.9238244295120239 0.3826605975627899 -0.010923261754214764 
vn -0.932530403137207 0.3581671416759491 0.04586252197623253 
vn -0.9211650490760803 0.3754313290119171 0.10250037163496017 
vn -0.9109707474708557 0.3824453353881836 0.15449213981628418 
vn -0.9005458950996399 0.36791348457336426 0.23163928091526031 
vn -0.8862084150314331 0.3466525971889496 0.30735430121421814 
vn -0.8775373697280884 0.3497128188610077 0.3280687630176544 
vn -0.8706844449043274 0.3427801728248596 0.3527185618877411 
vn -0.8471227884292603 0.35293200612068176 0.3972681760787964 
vn -0.8271235823631287 0.3278059661388397 0.456519216299057 
vn -0.8551429510116577 0.3281913101673126 0.401274174451828 
vn -0.8650684356689453 0.3353671729564667 0.37307560443878174 
vn -0.8761004209518433 0.3286908268928528 0.3527185618877411 
vn -0.7996276021003723 0.3169196844100952 0.5100564956665039 
vn -0.7941824793815613 0.3060026168823242 0.5250110030174255 
vn -0.7895804047584534 0.2918444871902466 0.5398051738739014 
vn -0.7794427871704102 0.27744919061660767 0.5616858005523682 
vn -0.7511988282203674 0.2734140157699585 0.6007870435714722 
vn -0.7150297164916992 0.26916006207466125 0.6452018022537231 
vn -0.6850675940513611 0.2582608461380005 0.681163489818573 
vn -0.6795291900634766 0.24732840061187744 0.6907016038894653 
vn -0.7208864688873291 0.2695172131061554 0.6385006904602051 
vn -0.7459273934364319 0.29468443989753723 0.5972883701324463 
vn -0.7689683437347412 0.27720633149147034 0.5760593414306641 
vn -0.7742531299591064 0.2916181683540344 0.5616858005523682 
vn -0.7583646774291992 0.2911762297153473 0.5831804275512695 
vn -0.7663111090660095 0.27713119983673096 0.5796254277229309 
vn -0.7634957432746887 0.26986825466156006 0.5867242813110352 
vn -0.7820379734039307 0.28463855385780334 0.5544344186782837 
vn -0.7740074992179871 0.30580201745033264 0.5544344186782837 
vn -0.7663783431053162 0.29142463207244873 0.5724822878837585 
vn -0.7514106631278992 0.2877659797668457 0.5937783122062683 
vn -0.7457697987556458 0.30890795588493347 0.590256929397583 
vn -0.7610018849372864 0.29838189482688904 0.5760593414306641 
vn -0.7820379734039307 0.28463855385780334 0.5544344186782837 
vn -0.7793519496917725 0.270280659198761 0.5652954578399658 
vn -0.7335553169250488 0.2589653730392456 0.6283578276634216 
vn -0.7171596884727478 0.28686144948005676 0.6351318359375 
vn -0.7208864688873291 0.2695172131061554 0.6385006904602051 
vn -0.7327142953872681 0.24441225826740265 0.6351318359375 
vn -0.6845355033874512 0.23311449587345123 0.6907016038894653 
vn -0.7025130391120911 0.22627821564674377 0.67473965883255 
vn -0.693101167678833 0.26208260655403137 0.6715083718299866 
vn -0.6903963685035706 0.2691270411014557 0.6715083718299866 
vn -0.6792678236961365 0.26505112648010254 0.6843559741973877 
vn -0.665168285369873 0.2510235011577606 0.7032341957092285 
vn -0.6749508380889893 0.2510119676589966 0.6938546895980835 
vn -0.6703464984893799 0.23684848845005035 0.7032341957092285 
vn -0.665101945400238 0.23315741121768951 0.7094202041625977 
vn -0.6519507169723511 0.2328338474035263 0.7216291427612305 
vn -0.65995854139328 0.24734126031398773 0.7094202041625977 
vn -0.6728224754333496 0.2297205626964569 0.7032341957092285 
vn -0.656578779220581 0.22917675971984863 0.7185974717140198 
vn -0.6371342539787292 0.23635786771774292 0.7336177229881287 
vn -0.6468547582626343 0.21849942207336426 0.7306414246559143 
vn -0.6613897085189819 0.21489854156970978 0.7185974717140198 
vn -0.6288971900939941 0.21107734739780426 0.7482877969741821 
vn -0.5879150629043579 0.20686016976833344 0.7820260524749756 
vn -0.5549774765968323 0.19576221704483032 0.8085030317306519 
vn -0.5424445867538452 0.1885269433259964 0.8186644315719604 
vn -0.5321243405342102 0.17408575117588043 0.8285757899284363 
vn -0.5191999077796936 0.16671882569789886 0.838234007358551 
vn -0.5013778805732727 0.17358888685703278 0.8476362228393555 
vn -0.5268333554267883 0.1668228656053543 0.8334367275238037 
vn -0.5494416356086731 0.16704028844833374 0.8186644315719604 
vn -0.5962390899658203 0.2036401331424713 0.7765498161315918 
vn -0.6235221028327942 0.2358509600162506 0.7453821301460266 
vn -0.6468547582626343 0.21849942207336426 0.7306414246559143 
vn -0.6077839732170105 0.1784614771604538 0.7737894654273987 
vn -0.6437116265296936 0.20757006108760834 0.736579954624176 
vn -0.6643655300140381 0.22577042877674103 0.7124928832054138 
vn -0.6744022369384766 0.24368059635162354 0.6969945430755615 
vn -0.6997105479240417 0.21545632183551788 0.681163489818573 
vn -0.7568992972373962 0.2122434675693512 0.6181069612503052 
vn -0.7789676785469055 0.2558777332305908 0.5724822878837585 
vn -0.7895804047584534 0.2918444871902466 0.5398051738739014 
vn -0.7919299602508545 0.2989429831504822 0.5324283838272095 
vn -0.8014839291572571 0.3059785068035126 0.5138099193572998 
vn -0.8117392063140869 0.3275570869445801 0.4835140109062195 
vn -0.8399063348770142 0.34228387475013733 0.42118772864341736 
vn -0.8591741919517517 0.37068766355514526 0.3527185618877411 
vn -0.8071411848068237 0.30983248353004456 0.5025205612182617 
vn -0.8610533475875854 0.30715036392211914 0.405272513628006 
vn -0.8427236676216125 0.2853192389011383 0.456519216299057 
vn -0.8093713521957397 0.270513653755188 0.5212872624397278 
vn -0.7869393825531006 0.2632288634777069 0.5580654144287109 
vn -0.7560375928878784 0.2341468185186386 0.6112139225006104 
vn -0.7663366794586182 0.19785255193710327 0.6112139225006104 
vn -0.7340977787971497 0.20125657320022583 0.6485338807106018 
vn -0.6766409873962402 0.20796476304531097 0.7063339352607727 
vn -0.6335426568984985 0.20743471384048462 0.7453821301460266 
vn -0.5925495624542236 0.18183888494968414 0.7847417593002319 
vn -0.6068933606147766 0.14182987809181213 0.7820260524749756 
vn -0.5793209075927734 0.13801801204681396 0.8033295273780823 
vn -0.5398091077804565 0.13424450159072876 0.8310141563415527 
vn -0.5284337401390076 0.14874029159545898 0.8358433246612549 
vn -0.5180597305297852 0.14498357474803925 0.8429672718048096 
vn -0.4966089129447937 0.15224455296993256 0.8545181155204773 
vn -0.46108153462409973 0.15179407596588135 0.87427818775177 
vn -0.4304438531398773 0.13352493941783905 0.8926864862442017 
vn -0.41289541125297546 0.13692879676818848 0.9004265069961548 
vn -0.4734590947628021 0.13759183883666992 0.8700028657913208 
vn -0.5104141235351562 0.14488016068935394 0.8476362228393555 
vn -0.5398091077804565 0.13424450159072876 0.8310141563415527 
vn -0.5481770038604736 0.1452588140964508 0.8236515522003174 
vn -0.5583163499832153 0.14895056188106537 0.8161473870277405 
vn -0.5515853762626648 0.15981893241405487 0.8186644315719604 
vn -0.5317495465278625 0.16327229142189026 0.8310141563415527 
vn -0.516511082649231 0.16307462751865387 0.8406086564064026 
vn -0.4615696668624878 0.17334499955177307 0.8700028657913208 
vn -0.4024382531642914 0.15448157489299774 0.9023185968399048 
vn -0.38961803913116455 0.14358742535114288 0.9097144603729248 
vn -0.3947891592979431 0.115206778049469 0.9115201234817505 
vn -0.42857030034065247 0.11159102618694305 0.8965907096862793 
vn -0.4177916944026947 0.15829269587993622 0.8946471214294434 
vn -0.4588707685470581 0.1696878969669342 0.872148871421814 
vn -0.4252542555332184 0.13698650896549225 0.8946471214294434 
vn -0.46108153462409973 0.15179407596588135 0.87427818775177 
vn -0.47145792841911316 0.11560730636119843 0.87427818775177 
vn -0.5088202953338623 0.1629514992237091 0.8453097939491272 
vn -0.5168482661247253 0.1738724410533905 0.838234007358551 
vn -0.5344183444976807 0.1669108271598816 0.8285757899284363 
vn -0.5689929127693176 0.1635042428970337 0.8059239983558655 
vn -0.593759298324585 0.2107611447572708 0.7765498161315918 
vn -0.6294887065887451 0.22911515831947327 0.7424622178077698 
vn -0.6498237252235413 0.22938109934329987 0.7246471047401428 
vn -0.6593628525733948 0.23998846113681793 0.7124928832054138 
vn -0.6290227770805359 0.23964227735996246 0.7395281791687012 
vn -0.5935041308403015 0.22136558592319489 0.7737894654273987 
vn -0.5574516654014587 0.19933442771434784 0.8059239983558655 
vn -0.537408709526062 0.19203788042068481 0.8211658596992493 
vn -0.5271817445755005 0.19900405406951904 0.8261215686798096 
vn -0.5246798992156982 0.18473346531391144 0.8310141563415527 
vn -0.5075953006744385 0.1412023901939392 0.8499464392662048 
vn -0.4970775544643402 0.16309571266174316 0.8522403836250305 
vn -0.40043243765830994 0.13683992624282837 0.9060511589050293 
vn -0.5268333554267883 0.1668228656053543 0.8334367275238037 
vn -0.4962526857852936 0.18773949146270752 0.8476362228393555 
vn -0.5141943693161011 0.17023858428001404 0.8406086564064026 
vn -0.5246798992156982 0.18473346531391144 0.8310141563415527 
vn -0.5398967266082764 0.1849275827407837 0.8211658596992493 
vn -0.5448960065841675 0.20277895033359528 0.8136147856712341 
vn -0.5572954416275024 0.20996063947677612 0.8033295273780823 
vn -0.6010270118713379 0.2000409960746765 0.7737894654273987 
vn -0.5066500306129456 0.1915275752544403 0.8406086564064026 
vn -0.5323134660720825 0.1848393678665161 0.8261215686798096 
vn -0.5523635745048523 0.18145373463630676 0.8136147856712341 
vn -0.5195738077163696 0.18821881711483002 0.8334367275238037 
vn -0.5323134660720825 0.1848393678665161 0.8261215686798096 
vn -0.5347368121147156 0.17770683765411377 0.8261215686798096 
vn -0.5689929127693176 0.1635042428970337 0.8059239983558655 
vn -0.5549110770225525 0.18505294620990753 0.8110666871070862 
vn -0.5921861529350281 0.17102594673633575 0.7874425053596497 
vn -0.6067434549331665 0.15671975910663605 0.7792953848838806 
vn -0.5348715782165527 0.18844231963157654 0.8236515522003174 
vn -0.5523635745048523 0.18145373463630676 0.8136147856712341 
vn -0.585338830947876 0.18186762928962708 0.790128231048584 
vn -0.6185491681098938 0.2108808159828186 0.7569189071655273 
vn -0.6658901572227478 0.20051945745944977 0.7185974717140198 
vn -0.7009482383728027 0.2008194774389267 0.6843559741973877 
vn -0.7141748070716858 0.2082720398902893 0.6682642698287964 
vn -0.7078112363815308 0.21927094459533691 0.6715083718299866 
vn -0.7154332995414734 0.2336478978395462 0.6584556698799133 
vn -0.6862676739692688 0.20793098211288452 0.6969945430755615 
vn -0.6788172721862793 0.20074723660945892 0.7063339352607727 
vn -0.681289792060852 0.16792285442352295 0.7124928832054138 
vn -0.6542693376541138 0.17141065001487732 0.736579954624176 
vn -0.629671037197113 0.17489470541477203 0.7569189071655273 
vn -0.647953450679779 0.15672199428081512 0.7453821301460266 
vn -0.6575320363044739 0.171629399061203 0.7336177229881287 
vn -0.649228036403656 0.21134334802627563 0.7306414246559143 
vn -0.6766409873962402 0.20796476304531097 0.7063339352607727 
vn -0.7271090149879456 0.1827990710735321 0.661737859249115 
vn -0.7482002377510071 0.2411227971315384 0.6181069612503052 
vn -0.7763456702232361 0.2558184266090393 0.5760593414306641 
vn -0.7971415519714355 0.27051010727882385 0.5398051738739014 
vn -0.8068756461143494 0.2847630977630615 0.5175535082817078 
vn -0.8228244185447693 0.2923448085784912 0.48733407258987427 
vn -0.7971415519714355 0.27051010727882385 0.5398051738739014 
vn -0.7894899249076843 0.2632645070552826 0.5544344186782837 
vn -0.7714931964874268 0.27009981870651245 0.5760593414306641 
vn -0.7486515641212463 0.24840722978115082 0.6146662831306458 
vn -0.7199720740318298 0.21926318109035492 0.6584556698799133 
vn -0.694398045539856 0.1789133995771408 0.6969945430755615 
vn -0.6700779795646667 0.18604624271392822 0.7185974717140198 
vn -0.7009482383728027 0.2008194774389267 0.6843559741973877 
vn -0.8841776251792908 -0.14271306991577148 0.44481781125068665 
vn -0.8864560723304749 -0.12779955565929413 0.44481781125068665 
vn -0.8864560723304749 -0.12779955565929413 0.44481781125068665 
vn -0.8875010013580322 -0.12032892554998398 0.44481781125068665 
vn -0.8884829878807068 -0.11284977197647095 0.44481781125068665 
vn -0.8874300122261047 -0.1054142564535141 0.4487268626689911 
vn -0.8874300122261047 -0.1054142564535141 0.4487268626689911 
vn -0.8865081667900085 -0.1129048764705658 0.4487268626689911 
vn -0.8874300122261047 -0.1054142564535141 0.4487268626689911 
vn -0.8865081667900085 -0.1129048764705658 0.4487268626689911 
vn -0.8810198903083801 -0.12407321482896805 0.456519216299057 
vn -0.8651449084281921 -0.146379292011261 0.4796847105026245 
vn -0.8500880599021912 -0.1575545072555542 0.5025205612182617 
vn -0.8388863801956177 -0.1685466319322586 0.5175535082817078 
vn -0.8411890864372253 -0.16852395236492157 0.5138099193572998 
vn -0.8411890864372253 -0.16852395236492157 0.5138099193572998 
vn -0.8350451588630676 -0.17595234513282776 0.5212872624397278 
vn -0.8287528157234192 -0.1833544820547104 0.528724730014801 
vn -0.8223115801811218 -0.19072744250297546 0.5361219048500061 
vn -0.8174682855606079 -0.19072793424129486 0.5434780716896057 
vn -0.8523189425468445 -0.15752048790454865 0.4987381398677826 
vn -0.8223115801811218 -0.19072744250297546 0.5361219048500061 
vn -0.8157208561897278 -0.19806820154190063 0.5434780716896057 
vn -0.8132702708244324 -0.19806191325187683 0.5471406579017639 
vn -0.8083214163780212 -0.1980377584695816 0.5544344186782837 
vn -0.7982343435287476 -0.19794239103794098 0.5688942670822144 
vn -0.7834805250167847 -0.19430650770664215 0.590256929397583 
vn -0.7745850682258606 -0.1867368072271347 0.6042742133140564 
vn -0.7681882381439209 -0.19053708016872406 0.6112139225006104 
vn -0.7852746248245239 -0.1977331042289734 0.5867242813110352 
vn -0.7635916471481323 -0.19777041673660278 0.6146662831306458 
vn -0.755180299282074 -0.18673282861709595 0.6283578276634216 
vn -0.7262375354766846 -0.19752277433872223 0.6584556698799133 
vn -0.7399718761444092 -0.19014808535575867 0.6452018022537231 
vn -0.7492927312850952 -0.17571920156478882 0.6385006904602051 
vn -0.7397561073303223 -0.1793452650308609 0.6485338807106018 
vn -0.7231478691101074 -0.1866074800491333 0.6650074124336243 
vn -0.7232869267463684 -0.19738052785396576 0.661737859249115 
vn -0.7040002942085266 -0.20099715888500214 0.681163489818573 
vn -0.7040002942085266 -0.20099715888500214 0.681163489818573 
vn -0.6862484812736511 -0.19721436500549316 0.7001210451126099 
vn -0.6819658875465393 -0.20095817744731903 0.7032341957092285 
vn -0.665761411190033 -0.18977123498916626 0.7216291427612305 
vn -0.665761411190033 -0.18977123498916626 0.7216291427612305 
vn -0.6420356631278992 -0.13852570950984955 0.7540562748908997 
vn -0.640253484249115 -0.13095514476299286 0.7569189071655273 
vn -0.6017851829528809 -0.07146323472261429 0.7954543828964233 
vn -0.6040328145027161 -0.048956532031297684 0.7954543828964233 
vn -0.6090638637542725 -0.022609949111938477 0.7927988767623901 
vn -0.6024848818778992 -0.007541278377175331 0.7980946898460388 
vn -0.5760772228240967 0.045149363577365875 0.8161473870277405 
vn -0.5804166197776794 0.033875275403261185 0.8136147856712341 
vn -0.5553097724914551 0.07136676460504532 0.8285757899284363 
vn -0.5511590838432312 0.07509392499923706 0.8310141563415527 
vn -0.5353230834007263 0.0824999064207077 0.8406086564064026 
vn -0.5289833545684814 0.07501938939094543 0.8453097939491272 
vn -0.5178166627883911 0.09724695235490799 0.8499464392662048 
vn -0.5148285031318665 0.11199409514665604 0.8499464392662048 
vn -0.5208814144134521 0.1009722575545311 0.8476362228393555 
vn -0.5395883917808533 0.07879142463207245 0.838234007358551 
vn -0.5531886219978333 0.08628179877996445 0.8285757899284363 
vn -0.5402607917785645 0.09738680720329285 0.8358433246612549 
vn -0.5372068285942078 0.09366204589605331 0.838234007358551 
vn -0.5469657182693481 0.07881473749876022 0.8334367275238037 
vn -0.5542993545532227 0.07883141934871674 0.8285757899284363 
vn -0.5584641695022583 0.07510612905025482 0.8261215686798096 
vn -0.5584641695022583 0.07510612905025482 0.8261215686798096 
vn -0.5625866651535034 0.07137494534254074 0.8236515522003174 
vn -0.570706307888031 0.06389705836772919 0.8186644315719604 
vn -0.5841781497001648 0.03011268936097622 0.8110666871070862 
vn -0.5529904961585999 0.06014133617281914 0.8310141563415527 
vn -0.5777946710586548 0.007532358169555664 0.8161473870277405 
vn -0.5706896185874939 -1.18031805032906e-13 0.8211658596992493 
vn -0.5471093654632568 0.04513590782880783 0.8358433246612549 
vn -0.5739634037017822 0.018828872591257095 0.8186644315719604 
vn -0.5812945365905762 -0.011297446675598621 0.8136147856712341 
vn -0.615696370601654 -0.07140279561281204 0.7847417593002319 
vn -0.6528933048248291 -0.13466916978359222 0.7453821301460266 
vn -0.6752421259880066 -0.17897869646549225 0.715552031993866 
vn -0.6904852986335754 -0.19346490502357483 0.6969945430755615 
vn -0.7049488425254822 -0.18629015982151031 0.6843559741973877 
vn -0.8805937767028809 0.35709458589553833 0.31150925159454346 
vn -0.8820825219154358 0.3674115240573883 0.2948545813560486 
vn -0.8953959941864014 0.3749704957008362 0.2401314377784729 
vn -0.9050166010856628 0.3891681432723999 0.17173540592193604 
vn -0.9161306023597717 0.3825390040874481 0.11986933648586273 
vn -0.9210759401321411 0.3789687752723694 0.08945280313491821 
vn -0.9270878434181213 0.36868467926979065 0.06767380982637405 
vn -0.9294984340667725 0.3686642050743103 -0.010923261754214764 
vn -0.9203932881355286 0.38583362102508545 -0.0633138045668602 
vn -0.907163143157959 0.40334394574165344 -0.11986933648586273 
vn -0.9105157256126404 0.39298662543296814 -0.12854042649269104 
vn -0.9165810942649841 0.3755726218223572 -0.1372016966342926 
vn -0.9186943173408508 0.38257911801338196 -0.0981530249118805 
vn -0.9246116280555725 0.3722546398639679 -0.08074574917554855 
vn -0.9213998317718506 0.38267818093299866 -0.06767380982637405 
vn -0.9155006408691406 0.3965839743614197 -0.06767380982637405 
vn -0.9025042653083801 0.4238520860671997 -0.0763898640871048 
vn -0.9028958678245544 0.42044883966445923 -0.08945280313491821 
vn -0.9182896018028259 0.38241058588027954 -0.10250037163496017 
vn -0.9131289720535278 0.38231557607650757 -0.1415284425020218 
vn -0.9047012329101562 0.4033501446247101 -0.1372016966342926 
vn -0.9066759347915649 0.4031273126602173 -0.1242060661315918 
vn -0.9153613448143005 0.38936784863471985 -0.10250037163496017 
vn -0.9161306023597717 0.3825390040874481 -0.11986933648586273 
vn -0.9163958430290222 0.3790726363658905 -0.12854042649269104 
vn -0.9048991799354553 0.3998556137084961 -0.1458524912595749 
vn -0.9050179123878479 0.39632660150527954 -0.15449213981628418 
vn -0.9030318260192871 0.3857983350753784 -0.18892620503902435 
vn -0.9140133857727051 0.3612339496612549 -0.18463370203971863 
vn -0.9137226343154907 0.368263304233551 -0.17173540592193604 
vn -0.9050571322441101 0.3927638828754425 -0.16312000155448914 
vn -0.9191319942474365 0.3791838586330414 -0.10684575140476227 
vn -0.9261223673820496 0.37187185883522034 -0.0633138045668602 
vn -0.9050179123878479 0.39632660150527954 -0.15449213981628418 
vn -0.9210852980613708 0.37182608246803284 -0.11553031951189041 
vn -0.9001990556716919 0.396383672952652 -0.18033768236637115 
vn -0.893057644367218 0.37502461671829224 -0.24860523641109467 
vn -0.8987959027290344 0.3610559403896332 -0.24860523641109467 
vn -0.8901070356369019 0.381974995136261 -0.24860523641109467 
vn -0.8938912749290466 0.4065282642841339 -0.18892620503902435 
vn -0.9020081162452698 0.3960912823677063 -0.17173540592193604 
vn -0.907971978187561 0.38222217559814453 -0.17173540592193604 
vn -0.9112117290496826 0.36824390292167664 -0.18463370203971863 
vn -0.9000381827354431 0.3927316963672638 -0.18892620503902435 
vn -0.9019620418548584 0.40323272347450256 -0.15449213981628418 
vn -0.9018201231956482 0.406752347946167 -0.1458524912595749 
vn -0.9242755174636841 0.37211930751800537 -0.08510008454322815 
vn -0.9213998317718506 0.38267818093299866 -0.06767380982637405 
vn -0.9093915820121765 0.4103988707065582 -0.06767380982637405 
vn -0.889258086681366 0.45098182559013367 -0.0763898640871048 
vn -0.8934451937675476 0.44103696942329407 -0.08510008454322815 
vn -0.9178081154823303 0.38578373193740845 -0.09380380809307098 
vn -0.9236871600151062 0.37545517086982727 -0.0763898640871048 
vn -0.8922684192657471 0.4272986650466919 -0.1458524912595749 
vn -0.9039035439491272 0.40657517313957214 -0.1328723281621933 
vn -0.884274959564209 0.42704182863235474 -0.18892620503902435 
vn -0.8809646368026733 0.4338296949863434 -0.18892620503902435 
vn -0.871273934841156 0.4231751263141632 -0.24860523641109467 
vn -0.8901070356369019 0.381974995136261 -0.24860523641109467 
vn -0.8713885545730591 0.3921005129814148 -0.2948545813560486 
vn -0.894422173500061 0.3362584412097931 -0.2948545813560486 
vn -0.902333676815033 0.32931575179100037 -0.2781098484992981 
vn -0.8786331415176392 0.34300366044044495 -0.33219319581985474 
vn -0.8975249528884888 0.3079104721546173 -0.31565824151039124 
vn -0.8737249374389648 0.32157987356185913 -0.3649536371231079 
vn -0.8795511722564697 0.3147711157798767 -0.3568037748336792 
vn -0.8454867601394653 0.3282575309276581 -0.42118772864341736 
vn -0.8629035949707031 0.2605259418487549 -0.43303996324539185 
vn -0.8103273510932922 0.3136843144893646 -0.4949462115764618 
vn -0.8382684588432312 0.22037763893604279 -0.4987381398677826 
vn -0.8538538813591003 0.2020796239376068 -0.4796847105026245 
vn -0.8005898594856262 0.2601274251937866 -0.5398051738739014 
vn -0.8075862526893616 0.2457188069820404 -0.5361219048500061 
vn -0.7727406620979309 0.27410927414894104 -0.5724822878837585 
vn -0.7649059891700745 0.28822648525238037 -0.5760593414306641 
vn -0.7213889956474304 0.2911432087421417 -0.6283578276634216 
vn -0.7217199206352234 0.25911280512809753 -0.641857385635376 
vn -0.6732827425003052 0.2799057066440582 -0.6843559741973877 
vn -0.6934590935707092 0.20505055785179138 -0.6907016038894653 
vn -0.710063099861145 0.2013375163078308 -0.67473965883255 
vn -0.6555406451225281 0.22252605855464935 -0.7216291427612305 
vn -0.6815789341926575 0.1793687790632248 -0.7094202041625977 
vn -0.6343185901641846 0.182673841714859 -0.7511792182922363 
vn -0.636695921421051 0.18623536825180054 -0.7482877969741821 
vn -0.5833632946014404 0.1641329824924469 -0.7954543828964233 
vn -0.600324273109436 0.08284423500299454 -0.7954543828964233 
vn -0.5431339740753174 0.12008704990148544 -0.8310141563415527 
vn -0.5632888078689575 0.015128628350794315 -0.8261215686798096 
vn -0.581096887588501 -0.018904902040958405 -0.8136147856712341 
vn -0.5127881765365601 0.0827474296092987 -0.8545181155204773 
vn -0.5106993317604065 0.0715198814868927 -0.8567795157432556 
vn -0.47149479389190674 0.13057202100753784 -0.872148871421814 
vn -0.4624779224395752 0.13436226546764374 -0.8763908743858337 
vn -0.42981165647506714 0.1805940717458725 -0.8846737742424011 
vn -0.4161915183067322 0.17290300130844116 -0.8926864862442017 
vn -0.39405396580696106 0.1933605819940567 -0.8985171914100647 
vn -0.4047847390174866 0.14822417497634888 -0.9023185968399048 
vn -0.4144400656223297 0.14459000527858734 -0.8985171914100647 
vn -0.3866293430328369 0.15145069360733032 -0.9097144603729248 
vn -0.4038342535495758 0.12644843757152557 -0.9060511589050293 
vn -0.37373659014701843 0.14049628376960754 -0.916832447052002 
vn -0.37373659014701843 0.14049628376960754 -0.916832447052002 
vn -0.33043232560157776 0.1399405598640442 -0.933397650718689 
vn -0.33330923318862915 0.13294295966625214 -0.933397650718689 
vn -0.3069719076156616 0.13226239383220673 -0.9424833655357361 
vn -0.31522759795188904 0.11116044968366623 -0.9424833655357361 
vn -0.3200661838054657 0.12185096740722656 -0.9395264387130737 
vn -0.3674241602420807 0.0935576856136322 -0.9253358840942383 
vn -0.36340048909187317 0.1081371009349823 -0.9253358840942383 
vn -0.4230612814426422 0.0827057808637619 -0.9023185968399048 
vn -0.43359726667404175 0.09010254591703415 -0.8965907096862793 
vn -0.49557265639305115 0.09399651736021042 -0.8634653687477112 
vn -0.38635265827178955 0.11559328436851501 -0.9150791168212891 
vn -0.3507261872291565 0.13301289081573486 -0.926983654499054 
vn -0.42034801840782166 0.11198052018880844 -0.9004265069961548 
vn -0.48155075311660767 0.08640164136886597 -0.872148871421814 
vn -0.5383883714675903 0.08661245554685593 -0.838234007358551 
vn -0.5542513728141785 0.07916820794343948 -0.8285757899284363 
vn -0.5531310439109802 0.08664991706609726 -0.8285757899284363 
vn -0.5945635437965393 0.03399837389588356 -0.8033295273780823 
vn -0.583732008934021 0.037786148488521576 -0.8110666871070862 
vn -0.6362676024436951 -0.026465635746717453 -0.7710143327713013 
vn -0.608910083770752 -0.02642808109521866 -0.7927988767623901 
vn -0.6328981518745422 -0.11650005728006363 -0.7654199600219727 
vn -0.585761547088623 0.05662398412823677 -0.8085030317306519 
vn -0.5615421533584595 0.07917425036430359 -0.8236515522003174 
vn -0.5875085592269897 0.03400807827711105 -0.8085030317306519 
vn -0.6068525910377502 -0.056567832827568054 -0.7927988767623901 
vn -0.6453577280044556 -0.13871970772743225 -0.7511792182922363 
vn -0.6686909794807434 -0.17917519807815552 -0.7216291427612305 
vn -0.6686909794807434 -0.17917519807815552 -0.7216291427612305 
vn -0.6871906518936157 -0.19390590488910675 -0.7001210451126099 
vn -0.6871906518936157 -0.19390590488910675 -0.7001210451126099 
vn -0.7069395780563354 -0.19040139019489288 -0.681163489818573 
vn -0.7049375772476196 -0.19768477976322174 -0.681163489818573 
vn -0.7261058688163757 -0.1867440640926361 -0.661737859249115 
vn -0.7319793701171875 -0.18700388073921204 -0.6551609039306641 
vn -0.7465566396713257 -0.18700270354747772 -0.6385006904602051 
vn -0.7549484372138977 -0.1759081333875656 -0.6317508816719055 
vn -0.7511942982673645 -0.17976273596286774 -0.6351318359375 
vn -0.777166485786438 -0.19813840091228485 -0.5972883701324463 
vn -0.7798360586166382 -0.1981993317604065 -0.5937783122062683 
vn -0.8010312914848328 -0.21659137308597565 -0.5580654144287109 
vn -0.8004482388496399 -0.2092645913362503 -0.5616858005523682 
vn -0.7944152355194092 -0.23111368715763092 -0.5616858005523682 
vn -0.7789984345436096 -0.1908087581396103 -0.5972883701324463 
vn -0.7680385708808899 -0.1797279417514801 -0.6146662831306458 
vn -0.7887374758720398 -0.19440633058547974 -0.5831804275512695 
vn -0.8010312914848328 -0.21659137308597565 -0.5580654144287109 
vn -0.7934016585350037 -0.2165018767118454 -0.5688942670822144 
vn -0.7946812510490417 -0.20185579359531403 -0.5724822878837585 
vn -0.7921018004417419 -0.2018176168203354 -0.5760593414306641 
vn -0.7753958106040955 -0.18334107100963593 -0.6042742133140564 
vn -0.7605454921722412 -0.1760813146829605 -0.6249527335166931 
vn -0.7416720390319824 -0.18340465426445007 -0.6452018022537231 
vn -0.7258250713348389 -0.17590653896331787 -0.6650074124336243 
vn -0.7066895961761475 -0.17957378923892975 -0.6843559741973877 
vn -0.691138744354248 -0.17932572960853577 -0.7001210451126099 
vn -0.6811503171920776 -0.16848759353160858 -0.7124928832054138 
vn -0.6583178639411926 -0.12396534532308578 -0.7424622178077698 
vn -0.6030020713806152 -0.06033945828676224 -0.7954543828964233 
vn -0.5773982405662537 0.02268604002892971 -0.8161473870277405 
vn -0.5666332244873047 0.0679224506020546 -0.8211658596992493 
vn -0.5531310439109802 0.08664991706609726 -0.8285757899284363 
vn -0.5278163552284241 0.08283240348100662 -0.8453097939491272 
vn -0.4770342707633972 0.10860328376293182 -0.872148871421814 
vn -0.4019358158111572 0.14450493454933167 -0.9041935205459595 
vn -0.33330923318862915 0.13294295966625214 -0.933397650718689 
vn -0.30536285042762756 0.1254611760377884 -0.9439348578453064 
vn -0.3274085223674774 0.14687593281269073 -0.933397650718689 
vn -0.36660680174827576 0.14775581657886505 -0.9185682535171509 
vn -0.3810257613658905 0.15475930273532867 -0.9115201234817505 
vn -0.3866293430328369 0.15145069360733032 -0.9097144603729248 
vn -0.6995753049850464 -0.15745806694030762 -0.6969945430755615 
vn -0.36660680174827576 0.14775581657886505 -0.9185682535171509 
vn -0.3745806813240051 0.17918947339057922 -0.9097144603729248 
vn -0.3966301679611206 0.19700147211551666 -0.8965907096862793 
vn -0.4531286656856537 0.1631363481283188 -0.8763908743858337 
vn -0.4879772365093231 0.14184927940368652 -0.8612531423568726 
vn -0.5203232765197754 0.0827937200665474 -0.8499464392662048 
vn -0.5238252878189087 0.10515892505645752 -0.8453097939491272 
vn -0.5130200982093811 0.1492035835981369 -0.8453097939491272 
vn -0.5385344624519348 0.1531105935573578 -0.8285757899284363 
vn -0.589092493057251 0.14220555126667023 -0.7954543828964233 
vn -0.6333892941474915 0.16090914607048035 -0.7569189071655273 
vn -0.6457159519195557 0.21179234981536865 -0.7336177229881287 
vn -0.6620824337005615 0.1793614625930786 -0.7276512384414673 
vn -0.4976004660129547 0.1489717960357666 -0.8545181155204773 
vn -0.6352449655532837 0.13862816989421844 -0.7597671151161194 
vn -0.6487807631492615 0.2227267324924469 -0.7276512384414673 
vn -0.6782368421554565 0.283491849899292 -0.677958071231842 
vn -0.7564476728439331 0.22354471683502197 -0.6146662831306458 
vn -0.7897109985351562 0.23832257091999054 -0.5652954578399658 
vn -0.8051304221153259 0.24571411311626434 -0.5398051738739014 
vn -0.8097531795501709 0.2384808361530304 -0.5361219048500061 
vn -0.7828994393348694 0.3028201758861542 -0.5434780716896057 
vn -0.8095616698265076 0.3383968472480774 -0.4796847105026245 
vn -0.8539974689483643 0.31082966923713684 -0.417220801115036 
vn -0.8719267845153809 0.32182174921035767 -0.3690181374549866 
vn -0.8710609078407288 0.3500760793685913 -0.34452807903289795 
vn -0.8813503980636597 0.33596011996269226 -0.33219319581985474 
vn -0.795960545539856 0.21653605997562408 -0.5652954578399658 
vn -0.8715603947639465 0.31811490654945374 -0.37307560443878174 
vn -0.8641762733459473 0.37429141998291016 -0.3363112509250641 
vn -0.8618476986885071 0.41264909505844116 -0.2948545813560486 
vn -0.8836857676506042 0.39922723174095154 -0.24437066912651062 
vn -0.8944777250289917 0.40320903062820435 -0.19321508705615997 
vn -0.8956924676895142 0.41697385907173157 -0.15449213981628418 
vn -0.9107471108436584 0.38950666785240173 -0.1372016966342926 
vn -0.8984450101852417 0.41709980368614197 -0.1372016966342926 
vn -0.8972411751747131 0.4237111508846283 -0.1242060661315918 
vn -0.9123803377151489 0.3963027000427246 -0.10250037163496017 
vn -0.9131942391395569 0.38949665427207947 -0.11986933648586273 
vn -0.9163958430290222 0.3790726363658905 -0.12854042649269104 
vn -0.9112117290496826 0.36824390292167664 -0.18463370203971863 
vn -0.9050166010856628 0.3891681432723999 -0.17173540592193604 
vn -0.9050179123878479 0.39632660150527954 -0.15449213981628418 
vn -0.8982847929000854 0.3679964244365692 -0.2401314377784729 
vn -0.8741216063499451 0.3922155797481537 -0.2864931523799896 
vn -0.8611314296722412 0.38836005330085754 -0.3280687630176544 
vn -0.8604716658592224 0.3676658272743225 -0.3527185618877411 
vn -0.8628387451171875 0.3497401475906372 -0.3649536371231079 
vn -0.8534178137779236 0.3070487678050995 -0.42118772864341736 
vn -0.8312201499938965 0.29985982179641724 -0.46814218163490295 
vn -0.7876982688903809 0.3099217116832733 -0.5324283838272095 
vn -0.7779726386070251 0.27422553300857544 -0.5652954578399658 
vn -0.7826246023178101 0.25270146131515503 -0.5688942670822144 
vn -0.7680385708808899 0.1797279417514801 -0.6146662831306458 
vn -0.7108204960823059 0.21944724023342133 -0.6682642698287964 
vn -0.6537737250328064 0.2370603084564209 -0.7185974717140198 
vn -0.6378636360168457 0.19374071061611176 -0.7453821301460266 
vn -0.6339378952980042 0.17181938886642456 -0.7540562748908997 
vn -0.5935350060462952 0.13851413130760193 -0.7927988767623901 
vn -0.5507513880729675 0.1495313048362732 -0.8211658596992493 
vn -0.5212430357933044 0.1602168083190918 -0.838234007358551 
vn -0.5063781142234802 0.18162418901920319 -0.8429672718048096 
vn -0.5011149048805237 0.17434656620025635 -0.8476362228393555 
vn -0.4558621644973755 0.1668151468038559 -0.87427818775177 
vn -0.40886273980140686 0.1801048219203949 -0.8946471214294434 
vn -0.3772205114364624 0.18285992741584778 -0.9078915119171143 
vn -0.36789488792419434 0.16517727077007294 -0.9150791168212891 
vn -0.36516186594963074 0.1614776849746704 -0.916832447052002 
vn -0.33043232560157776 0.1399405598640442 -0.933397650718689 
vn -0.2960163950920105 0.14615498483181 -0.9439348578453064 
vn -0.29184690117836 0.1357422173023224 -0.946783721446991 
vn -0.3230136036872864 0.12561312317848206 -0.9380210638046265 
vn -0.3810257613658905 0.15475930273532867 -0.9115201234817505 
vn -0.4653725028038025 0.13807983696460724 -0.87427818775177 
vn -0.5176923871040344 0.11622145026922226 -0.8476362228393555 
vn -0.5207935571670532 0.10142453759908676 -0.8476362228393555 
vn -0.5488600134849548 0.0903775542974472 -0.8310141563415527 
vn -0.5604360103607178 0.08665800839662552 -0.8236515522003174 
vn -0.5561882257461548 0.06416278332471848 -0.8285757899284363 
vn -0.5669826865196228 0.01134691946208477 -0.8236515522003174 
vn -0.6164929270744324 -0.06416237354278564 -0.7847417593002319 
vn -0.6694919466972351 -0.11655736714601517 -0.7336177229881287 
vn -0.7224186062812805 -0.16488733887672424 -0.6715083718299866 
vn -0.7405710220336914 -0.17594993114471436 -0.6485338807106018 
vn -0.7549484372138977 -0.1759081333875656 -0.6317508816719055 
vn -0.7622144818305969 -0.16871009767055511 -0.6249527335166931 
vn -0.7697247266769409 -0.1723635196685791 -0.6146662831306458 
vn -0.7860658764839172 -0.1835678368806839 -0.590256929397583 
vn -0.7956959009170532 -0.18714597821235657 -0.5760593414306641 
vn -0.8058804869651794 -0.18725843727588654 -0.5616858005523682 
vn -0.8041367530822754 -0.19461025297641754 -0.5616858005523682 
vn -0.8048428297042847 -0.2019677758216858 -0.5580654144287109 
vn -0.791379451751709 -0.2237807959318161 -0.5688942670822144 
vn -0.7944152355194092 -0.23111368715763092 -0.5616858005523682 
vn -0.7922714352607727 -0.2383589744567871 -0.5616858005523682 
vn -0.79902583360672 -0.22387653589248657 -0.5580654144287109 
vn -0.7892904877662659 -0.2310408055782318 -0.5688942670822144 
vn -0.8079673051834106 -0.20932312309741974 -0.5507928133010864 
vn -0.8010312914848328 -0.21659137308597565 -0.5580654144287109 
vn -0.8213866353034973 -0.19467221200466156 -0.5361219048500061 
vn -0.8182569742202759 -0.187315434217453 -0.5434780716896057 
vn -0.8357650637626648 -0.17250020802021027 -0.5212872624397278 
vn -0.8357650637626648 -0.17250020802021027 -0.5212872624397278 
vn -0.8318635821342468 -0.17990678548812866 -0.5250110030174255 
vn -0.8165376782417297 -0.19467344880104065 -0.5434780716896057 
vn -0.8060390949249268 -0.21662944555282593 -0.5507928133010864 
vn -0.8029703497886658 -0.20928825438022614 -0.5580654144287109 
vn -0.7997933626174927 -0.20191988348960876 -0.5652954578399658 
vn -0.8182569742202759 -0.187315434217453 -0.5434780716896057 
vn -0.8310734629631042 -0.17253132164478302 -0.528724730014801 
vn -0.8395759463310242 -0.165077343583107 -0.5175535082817078 
vn -0.8471006751060486 -0.16151615977287292 -0.5062933564186096 
vn -0.8433822989463806 -0.16896334290504456 -0.5100564956665039 
vn -0.8448345065116882 -0.1615455597639084 -0.5100564956665039 
vn -0.8357650637626648 -0.17250020802021027 -0.5212872624397278 
vn -0.8325759768486023 -0.16512829065322876 -0.528724730014801 
vn -0.8287033438682556 -0.1725420206785202 -0.5324283838272095 
vn -0.841876745223999 -0.16505424678325653 -0.5138099193572998 
vn -0.8432965874671936 -0.15763945877552032 -0.5138099193572998 
vn -0.8542680144309998 -0.14658252894878387 -0.4987381398677826 
vn -0.8507291078567505 -0.15405549108982086 -0.5025205612182617 
vn -0.8657340407371521 -0.1428535431623459 -0.4796847105026245 
vn -0.8432965874671936 -0.15763945877552032 -0.5138099193572998 
vn -0.8395759463310242 -0.165077343583107 -0.5175535082817078 
vn -0.841876745223999 -0.16505424678325653 -0.5138099193572998 
vn -0.8471006751060486 -0.16151615977287292 -0.5062933564186096 
vn -0.8471006751060486 -0.16151615977287292 -0.5062933564186096 
vn -0.841876745223999 -0.16505424678325653 -0.5138099193572998 
vn -0.8271304368972778 -0.17993120849132538 -0.5324283838272095 
vn -0.815813422203064 -0.1873113512992859 -0.5471406579017639 
vn -0.8174711465835571 -0.17993900179862976 -0.5471406579017639 
vn -0.813353955745697 -0.18730361759662628 -0.5507928133010864 
vn -0.8100592494010925 -0.17990829050540924 -0.5580654144287109 
vn -0.7999560236930847 -0.1798175871372223 -0.5724822878837585 
vn -0.7734906077384949 -0.17986753582954407 -0.607749879360199 
vn -0.7605454921722412 -0.1760813146829605 -0.6249527335166931 
vn -0.7435833215713501 -0.20902492105960846 -0.6351318359375 
vn -0.7455933690071106 -0.2017376571893692 -0.6351318359375 
vn -0.7272005677223206 -0.2342946082353592 -0.6452018022537231 
vn -0.7294832468032837 -0.22708776593208313 -0.6452018022537231 
vn -0.7378541827201843 -0.20878297090530396 -0.641857385635376 
vn -0.7359018325805664 -0.20533667504787445 -0.6452018022537231 
vn -0.7529176473617554 -0.17240238189697266 -0.6351318359375 
vn -0.7483565211296082 -0.1796645075082779 -0.6385006904602051 
vn -0.7640175819396973 -0.14643631875514984 -0.6283578276634216 
vn -0.759766161441803 -0.1537734717130661 -0.6317508816719055 
vn -0.7694851756095886 -0.13163061439990997 -0.6249527335166931 
vn -0.7667174935340881 -0.1315704882144928 -0.6283578276634216 
vn -0.7718895077705383 -0.11670758575201035 -0.6249527335166931 
vn -0.7718895077705383 -0.11670758575201035 -0.6249527335166931 
vn -0.7702246904373169 -0.10918044298887253 -0.6283578276634216 
vn -0.7740043997764587 -0.10174079984426498 -0.6249527335166931 
vn -0.777246356010437 -0.09788466989994049 -0.6215357780456543 
vn -0.7740043997764587 -0.10174079984426498 -0.6249527335166931 
vn -0.777246356010437 -0.09788466989994049 -0.6215357780456543 
vn -0.7651647329330444 -0.10550122708082199 -0.6351318359375 
vn -0.7629532217979431 -0.1204572319984436 -0.6351318359375 
vn -0.7604494094848633 -0.13536709547042847 -0.6351318359375 
vn -0.7548331618309021 -0.15014564990997314 -0.6385006904602051 
vn -0.7440939545631409 -0.14632529020309448 -0.651853621006012 
vn -0.7429353594779968 -0.12034627795219421 -0.6584556698799133 
vn -0.7651647329330444 -0.10550122708082199 -0.6351318359375 
vn -0.7749531269073486 -0.09424275904893875 -0.6249527335166931 
vn -0.7749531269073486 -0.09424275904893875 -0.6249527335166931 
vn -0.777246356010437 -0.09788466989994049 -0.6215357780456543 
vn -0.7740043997764587 -0.10174079984426498 -0.6249527335166931 
vn -0.777246356010437 -0.09788466989994049 -0.6215357780456543 
vn -0.777246356010437 -0.09788466989994049 -0.6215357780456543 
vn -0.7789941430091858 -0.105413056910038 -0.6181069612503052 
vn -0.777246356010437 -0.09788466989994049 -0.6215357780456543 
vn -0.7789941430091858 -0.105413056910038 -0.6181069612503052 
vn -0.777246356010437 -0.09788466989994049 -0.6215357780456543 
vn -0.777246356010437 -0.09788466989994049 -0.6215357780456543 
vn -0.7799709439277649 -0.09792426228523254 -0.6181069612503052 
vn -0.7781535387039185 -0.09039008617401123 -0.6215357780456543 
vn -0.7826805710792542 -0.09796173870563507 -0.6146662831306458 
vn -0.7835829257965088 -0.09046082198619843 -0.6146662831306458 
vn -0.7808756828308105 -0.09042643010616302 -0.6181069612503052 
vn -0.7871033549308777 -0.08298119902610779 -0.6112139225006104 
vn -0.7679320573806763 -0.08299323171377182 -0.6351318359375 
vn -0.770312488079071 -0.08665767312049866 -0.6317508816719055 
vn -0.7694317698478699 -0.09415734559297562 -0.6317508816719055 
vn -0.7670830488204956 -0.09050480276346207 -0.6351318359375 
vn -0.7584781050682068 -0.06414611637592316 -0.6485338807106018 
vn -0.748367428779602 -0.04526789113879204 -0.661737859249115 
vn -0.7746162414550781 -0.07166718691587448 -0.6283578276634216 
vn -0.7851719260215759 -0.07543478906154633 -0.6146662831306458 
vn -0.7891572117805481 -0.060402292758226395 -0.6112139225006104 
vn -0.7912154197692871 -0.0679575502872467 -0.607749879360199 
vn -0.7908881902694702 -0.030223190784454346 -0.6112139225006104 
vn -0.7932290434837341 -0.03778615593910217 -0.607749879360199 
vn -0.7967674732208252 0.003775471355766058 -0.6042742133140564 
vn -0.7941284775733948 -1.6424412014898887e-13 -0.607749879360199 
vn -0.8015906810760498 0.026438215747475624 -0.5972883701324463 
vn -0.7805802822113037 -0.011336383409798145 -0.6249527335166931 
vn -0.7791173458099365 -0.049093637615442276 -0.6249527335166931 
vn -0.777363121509552 -0.07169843465089798 -0.6249527335166931 
vn -0.7632549405097961 -0.03400755673646927 -0.6452018022537231 
vn -0.7582602500915527 0.011326411738991737 -0.651853621006012 
vn -0.7860940098762512 -1.6223330458978863e-13 -0.6181069612503052 
vn -0.79669588804245 0.011326075531542301 -0.6042742133140564 
vn -0.8020176291465759 -0.0037775582168251276 -0.5972883701324463 
vn -0.8046197891235352 -0.0037784846499562263 -0.5937783122062683 
vn -0.8026333451271057 -0.05663061887025833 -0.5937783122062683 
vn -0.8190473318099976 -0.03775563836097717 -0.5724822878837585 
vn -0.8151756525039673 -0.0603676363825798 -0.5760593414306641 
vn -0.8353699445724487 -0.05285987630486488 -0.5471406579017639 
vn -0.8309927582740784 -0.04531606659293175 -0.5544344186782837 
vn -0.8452616333961487 -0.0453069731593132 -0.5324283838272095 
vn -0.8432953953742981 -0.03776439651846886 -0.5361219048500061 
vn -0.8528466820716858 -0.030201876536011696 -0.5212872624397278 
vn -0.8528466820716858 -0.030201876536011696 -0.5212872624397278 
vn -0.8553509712219238 -0.022649936378002167 -0.5175535082817078 
vn -0.8551177978515625 -0.03019716963171959 -0.5175535082817078 
vn -0.8505592346191406 -0.03020603023469448 -0.5250110030174255 
vn -0.8528466820716858 -0.030201876536011696 -0.5212872624397278 
vn -0.8448236584663391 -0.05284900963306427 -0.5324283838272095 
vn -0.8594684600830078 -0.034004997462034225 -0.5100564956665039 
vn -0.8297210931777954 -0.09049971401691437 -0.5507928133010864 
vn -0.8321338891983032 -0.09050001949071884 -0.5471406579017639 
vn -0.8146159052848816 -0.11296103149652481 -0.5688942670822144 
vn -0.8259004354476929 -0.12048159539699554 -0.5507928133010864 
vn -0.8205974698066711 -0.10549337416887283 -0.5616858005523682 
vn -0.8245207071304321 -0.11299613118171692 -0.5544344186782837 
vn -0.8211372494697571 -0.13541075587272644 -0.5544344186782837 
vn -0.8272027373313904 -0.12795579433441162 -0.5471406579017639 
vn -0.8271758556365967 -0.14286956191062927 -0.5434780716896057 
vn -0.8308268189430237 -0.13541506230831146 -0.5398051738739014 
vn -0.8379256129264832 -0.1353912353515625 -0.528724730014801 
vn -0.8343337178230286 -0.1428537219762802 -0.5324283838272095 
vn -0.8402596116065979 -0.13537821173667908 -0.5250110030174255 
vn -0.843651533126831 -0.14279508590698242 -0.5175535082817078 
vn -0.849801242351532 -0.14664556086063385 -0.5062933564186096 
vn -0.8475431203842163 -0.14667311310768127 -0.5100564956665039 
vn -0.849801242351532 -0.14664556086063385 -0.5062933564186096 
vn -0.8520428538322449 -0.14661535620689392 -0.5025205612182617 
vn -0.8529582023620605 -0.15402141213417053 -0.4987381398677826 
vn -0.8596046566963196 -0.16520893573760986 -0.4835140109062195 
vn -0.8588335514068604 -0.1578303426504135 -0.48733407258987427 
vn -0.8692432045936584 -0.18012739717960358 -0.46040233969688416 
vn -0.8708534836769104 -0.16143515706062317 -0.4642767012119293 
vn -0.8760802149772644 -0.1764303296804428 -0.4487268626689911 
vn -0.8762710690498352 -0.16515903174877167 -0.45262736082077026 
vn -0.8775408267974854 -0.1690155267715454 -0.4487268626689911 
vn -0.8789387345314026 -0.1615886390209198 -0.4487268626689911 
vn -0.8789387345314026 -0.1615886390209198 -0.4487268626689911 
vn -0.8795441389083862 -0.16893547773361206 -0.44481781125068665 
vn -0.8809376358985901 -0.1615116447210312 -0.44481781125068665 
vn -0.8812574148178101 -0.1801077276468277 -0.43697428703308105 
vn -0.882739245891571 -0.17269891500473022 -0.43697428703308105 
vn -0.8832165598869324 -0.1800135225057602 -0.43303996324539185 
vn -0.8858562707901001 -0.17644855380058289 -0.42909738421440125 
vn -0.8846936225891113 -0.17260807752609253 -0.43303996324539185 
vn -0.887301504611969 -0.16903100907802582 -0.42909738421440125 
vn -0.8861086368560791 -0.16519051790237427 -0.43303996324539185 
vn -0.8874614238739014 -0.1577613651752472 -0.43303996324539185 
vn -0.8874614238739014 -0.1577613651752472 -0.43303996324539185 
vn -0.8892120122909546 -0.1354825496673584 -0.43697428703308105 
vn -0.8855100274085999 -0.14655697345733643 -0.4409002661705017 
vn -0.8889259099960327 -0.1241680160164833 -0.4409002661705017 
vn -0.882754921913147 -0.13924077153205872 -0.4487268626689911 
vn -0.8839008212089539 -0.13177086412906647 -0.4487268626689911 
vn -0.8793426752090454 -0.13544993102550507 -0.456519216299057 
vn -0.8813615441322327 -0.13538925349712372 -0.45262736082077026 
vn -0.8824764490127563 -0.1279211938381195 -0.45262736082077026 
vn -0.8804610371589661 -0.1279788315296173 -0.456519216299057 
vn -0.8845162391662598 -0.11295811831951141 -0.45262736082077026 
vn -0.874877393245697 -0.1242273673415184 -0.46814218163490295 
vn -0.8789315819740295 -0.10920827835798264 -0.4642767012119293 
vn -0.8648571968078613 -0.12053021788597107 -0.48733407258987427 
vn -0.8670037984848022 -0.12049316614866257 -0.4835140109062195 
vn -0.856692910194397 -0.13167190551757812 -0.4987381398677826 
vn -0.856692910194397 -0.13167190551757812 -0.4987381398677826 
vn -0.8510536551475525 -0.1391930878162384 -0.5062933564186096 
vn -0.8510536551475525 -0.1391930878162384 -0.5062933564186096 
vn -0.8446511626243591 -0.15021245181560516 -0.5138099193572998 
vn -0.8484835028648376 -0.15408678352832794 -0.5062933564186096 
vn -0.8432965874671936 -0.15763945877552032 -0.5138099193572998 
vn -0.8507291078567505 -0.15405549108982086 -0.5025205612182617 
vn -0.8432965874671936 -0.15763945877552032 -0.5138099193572998 
vn -0.8462215065956116 -0.15411528944969177 -0.5100564956665039 
vn -0.855170726776123 -0.15398459136486053 -0.4949462115764618 
vn -0.8484835028648376 -0.15408678352832794 -0.5062933564186096 
vn -0.8542680144309998 -0.14658252894878387 -0.4987381398677826 
vn -0.8610789775848389 -0.13160449266433716 -0.4911448359489441 
vn -0.8659315705299377 -0.12797147035598755 -0.4835140109062195 
vn -0.8647948503494263 -0.13544026017189026 -0.4835140109062195 
vn -0.874877393245697 -0.1242273673415184 -0.46814218163490295 
vn -0.8825072646141052 -0.11300947517156601 -0.456519216299057 
vn -0.8794868588447571 -0.12055099755525589 -0.46040233969688416 
vn -0.8878515958786011 -0.10180232673883438 -0.4487268626689911 
vn -0.8878515958786011 -0.10180232673883438 -0.4487268626689911 
vn -0.889822244644165 -0.10175199806690216 -0.44481781125068665 
vn -0.889822244644165 -0.10175199806690216 -0.44481781125068665 
vn -0.889822244644165 -0.10175199806690216 -0.44481781125068665 
vn -0.889822244644165 -0.10175199806690216 -0.44481781125068665 
vn -0.8879794478416443 -0.11674598604440689 -0.44481781125068665 
vn -0.8860028982162476 -0.11680330336093903 -0.4487268626689911 
vn -0.8869589567184448 -0.10930672287940979 -0.4487268626689911 
vn -0.8878515958786011 -0.10180232673883438 -0.4487268626689911 
vn -0.8878515958786011 -0.10180232673883438 -0.4487268626689911 
vn -0.88544100522995 -0.1054641604423523 -0.45262736082077026 
vn -0.8779686093330383 -0.11669742316007614 -0.4642767012119293 
vn -0.88544100522995 -0.1054641604423523 -0.45262736082077026 
vn -0.884983479976654 -0.12429152429103851 -0.4487268626689911 
vn -0.884983479976654 -0.12429152429103851 -0.4487268626689911 
vn -0.888932466506958 -0.10925287753343582 -0.44481781125068665 
vn -0.8908888697624207 -0.109197236597538 -0.4409002661705017 
vn -0.8908888697624207 -0.109197236597538 -0.4409002661705017 
vn -0.8899388313293457 -0.11668675392866135 -0.4409002661705017 
vn -0.8879794478416443 -0.11674598604440689 -0.44481781125068665 
vn -0.8869632482528687 -0.12423079460859299 -0.44481781125068665 
vn -0.8858839869499207 -0.13170675933361053 -0.44481781125068665 
vn -0.8867114186286926 -0.13910365104675293 -0.4409002661705017 
vn -0.8842459917068481 -0.153999924659729 -0.4409002661705017 
vn -0.882919430732727 -0.16143198311328888 -0.4409002661705017 
vn -0.8868104815483093 -0.15040145814418793 -0.43697428703308105 
vn -0.8867114186286926 -0.13910365104675293 -0.4409002661705017 
vn -0.8889259099960327 -0.1241680160164833 -0.4409002661705017 
vn -0.8899388313293457 -0.11668675392866135 -0.4409002661705017 
vn -0.8899388313293457 -0.11668675392866135 -0.4409002661705017 
vn -0.8879794478416443 -0.11674598604440689 -0.44481781125068665 
vn -0.8889259099960327 -0.1241680160164833 -0.4409002661705017 
vn -0.8861086368560791 -0.16519051790237427 -0.43303996324539185 
vn -0.8846936225891113 -0.17260807752609253 -0.43303996324539185 
vn -0.8815303444862366 -0.16885261237621307 -0.4409002661705017 
vn -0.882739245891571 -0.17269891500473022 -0.43697428703308105 
vn -0.884158730506897 -0.16527791321277618 -0.43697428703308105 
vn -0.8832165598869324 -0.1800135225057602 -0.43303996324539185 
vn -0.8832165598869324 -0.1800135225057602 -0.43303996324539185 
vn -0.881677508354187 -0.18740634620189667 -0.43303996324539185 
vn -0.881677508354187 -0.18740634620189667 -0.43303996324539185 
vn -0.8812574148178101 -0.1801077276468277 -0.43697428703308105 
vn -0.8797134757041931 -0.18750382959842682 -0.43697428703308105 
vn -0.880078911781311 -0.176261305809021 -0.4409002661705017 
vn -0.880078911781311 -0.176261305809021 -0.4409002661705017 
vn -0.8812574148178101 -0.1801077276468277 -0.43697428703308105 
vn -0.8832165598869324 -0.1800135225057602 -0.43303996324539185 
vn -0.8832165598869324 -0.1800135225057602 -0.43303996324539185 
vn -0.8832165598869324 -0.1800135225057602 -0.43303996324539185 
vn -0.8846936225891113 -0.17260807752609253 -0.43303996324539185 
vn -0.8832165598869324 -0.1800135225057602 -0.43303996324539185 
vn -0.8795441389083862 -0.16893547773361206 -0.44481781125068665 
vn -0.878088116645813 -0.1763472855091095 -0.44481781125068665 
vn -0.87856525182724 -0.18365752696990967 -0.4409002661705017 
vn -0.8769893646240234 -0.1910407543182373 -0.4409002661705017 
vn -0.8769893646240234 -0.1910407543182373 -0.4409002661705017 
vn -0.8749887943267822 -0.19113273918628693 -0.44481781125068665 
vn -0.8769893646240234 -0.1910407543182373 -0.4409002661705017 
vn -0.8745568990707397 -0.18383251130580902 -0.4487268626689911 
vn -0.8745568990707397 -0.18383251130580902 -0.4487268626689911 
vn -0.8707453012466431 -0.17272038757801056 -0.46040233969688416 
vn -0.8673578500747681 -0.1689179241657257 -0.46814218163490295 
vn -0.8631467819213867 -0.15773455798625946 -0.4796847105026245 
vn -0.8638929724693298 -0.16510382294654846 -0.4758462607860565 
vn -0.8692432045936584 -0.18012739717960358 -0.46040233969688416 
vn -0.8745568990707397 -0.18383251130580902 -0.4487268626689911 
vn -0.8749887943267822 -0.19113273918628693 -0.44481781125068665 
vn -0.8749887943267822 -0.19113273918628693 -0.44481781125068665 
vn -0.8765696287155151 -0.1837465465068817 -0.44481781125068665 
vn -0.8745568990707397 -0.18383251130580902 -0.4487268626689911 
vn -0.8588335514068604 -0.1578303426504135 -0.48733407258987427 
vn -0.855170726776123 -0.15398459136486053 -0.4949462115764618 
vn -0.8609985113143921 -0.15778383612632751 -0.4835140109062195 
vn -0.8564766049385071 -0.14654706418514252 -0.4949462115764618 
vn -0.8573667407035828 -0.15394502878189087 -0.4911448359489441 
vn -0.8375220894813538 -0.1054990291595459 -0.5361219048500061 
vn -0.8369115591049194 -0.09049545228481293 -0.5398051738739014 
vn -0.8287992477416992 -0.07546036690473557 -0.5544344186782837 
vn -0.8245575428009033 -0.06792575120925903 -0.5616858005523682 
vn -0.8281117677688599 -0.05285748839378357 -0.5580654144287109 
vn -0.824334979057312 0.03021439164876938 -0.5652954578399658 
vn -0.8540188074111938 -0.05282241478562355 -0.5175535082817078 
vn -0.8422134518623352 -0.10548262298107147 -0.528724730014801 
vn -0.8398758769035339 -0.10549180954694748 -0.5324283838272095 
vn -0.8351522088050842 -0.10550425946712494 -0.5398051738739014 
vn -0.842577338218689 -0.1353626847267151 -0.5212872624397278 
vn -0.849801242351532 -0.14664556086063385 -0.5062933564186096 
vn -0.8529582023620605 -0.15402141213417053 -0.4987381398677826 
vn -0.8448787927627563 -0.13534465432167053 -0.5175535082817078 
vn -0.8303644061088562 -0.10550873726606369 -0.5471406579017639 
vn -0.8336822986602783 -0.09800701588392258 -0.5434780716896057 
vn -0.8509613871574402 -0.015105394646525383 -0.5250110030174255 
vn -0.8248477578163147 0.09049388766288757 -0.5580654144287109 
vn -0.8025053143501282 0.1798456609249115 -0.5688942670822144 
vn -0.8056738376617432 0.16507260501384735 -0.5688942670822144 
vn -0.7701014876365662 0.27404263615608215 -0.5760593414306641 
vn -0.7788544297218323 0.23083843290805817 -0.5831804275512695 
vn -0.749582052230835 0.27014702558517456 -0.6042742133140564 
vn -0.7443786859512329 0.2914709448814392 -0.6007870435714722 
vn -0.7043121457099915 0.2733288109302521 -0.6551609039306641 
vn -0.619795560836792 0.2541717290878296 -0.7424622178077698 
vn -0.5709913372993469 0.24980829656124115 -0.7820260524749756 
vn -0.5165985822677612 0.17461277544498444 -0.838234007358551 
vn -0.5226943492889404 0.14201290905475616 -0.8406086564064026 
vn -0.5141709446907043 0.1309240162372589 -0.8476362228393555 
vn -0.47341111302375793 0.17409630119800568 -0.8634653687477112 
vn -0.4732459485530853 0.1633070707321167 -0.865661084651947 
vn -0.4274577796459198 0.20465447008609772 -0.8805659413337708 
vn -0.4237219989299774 0.1944529414176941 -0.8846737742424011 
vn -0.39405396580696106 0.1933605819940567 -0.8985171914100647 
vn -0.4551939070224762 0.14511877298355103 -0.8784868121147156 
vn -0.48421818017959595 0.1271364986896515 -0.865661084651947 
vn -0.4327073395252228 0.16285951435565948 -0.8867024183273315 
vn -0.39918839931488037 0.20063674449920654 -0.8946471214294434 
vn -0.3519037067890167 0.18863195180892944 -0.916832447052002 
vn -0.35208505392074585 0.16116942465305328 -0.9219872951507568 
vn -0.3388857841491699 0.16080330312252045 -0.926983654499054 
vn -0.3286535143852234 0.12230592966079712 -0.9364978075027466 
vn -0.3349308967590332 0.1397545039653778 -0.931820809841156 
vn -0.3304027020931244 0.1291903406381607 -0.9349566102027893 
vn -0.33777204155921936 0.143489807844162 -0.9302261471748352 
vn -0.35516273975372314 0.15426893532276154 -0.9219872951507568 
vn -0.32423916459083557 0.15374602377414703 -0.933397650718689 
vn -0.3149241805076599 0.18036845326423645 -0.931820809841156 
vn -0.3315751254558563 0.15728071331977844 -0.9302261471748352 
vn -0.34789010882377625 0.1507515013217926 -0.9253358840942383 
vn -0.36815232038497925 0.15453839302062988 -0.916832447052002 
vn -0.3794441819190979 0.14795264601707458 -0.913308322429657 
vn -0.3794441819190979 0.14795264601707458 -0.913308322429657 
vn -0.39477986097335815 0.14100328087806702 -0.9078915119171143 
vn -0.39477986097335815 0.14100328087806702 -0.9078915119171143 
vn -0.41686755418777466 0.1374346762895584 -0.8985171914100647 
vn -0.41976094245910645 0.141158789396286 -0.8965907096862793 
vn -0.4558621644973755 0.1668151468038559 -0.87427818775177 
vn -0.3964873254299164 0.1478821188211441 -0.9060511589050293 
vn -0.38380712270736694 0.15846653282642365 -0.9097144603729248 
vn -0.41188979148864746 0.15170249342918396 -0.8985171914100647 
vn -0.4500223696231842 0.1486051231622696 -0.8805659413337708 
vn -0.4880966544151306 0.17765265703201294 -0.8545181155204773 
vn -0.4933491051197052 0.1849263608455658 -0.8499464392662048 
vn -0.495944082736969 0.18855321407318115 -0.8476362228393555 
vn -0.5167181491851807 0.18538682162761688 -0.8358433246612549 
vn -0.5141147375106812 0.19248880445957184 -0.8358433246612549 
vn -0.544699490070343 0.19288821518421173 -0.8161473870277405 
vn -0.547198474407196 0.19648106396198273 -0.8136147856712341 
vn -0.5897284150123596 0.2217898815870285 -0.7765498161315918 
vn -0.5243659615516663 0.19622065126895905 -0.8285757899284363 
vn -0.5114137530326843 0.19955426454544067 -0.8358433246612549 
vn -0.544596254825592 0.2035825550556183 -0.8136147856712341 
vn -0.5828611254692078 0.20051738619804382 -0.7874425053596497 
vn -0.6232136487960815 0.2366647571325302 -0.7453821301460266 
vn -0.619795560836792 0.2541717290878296 -0.7424622178077698 
vn -0.6252274513244629 0.25795459747314453 -0.736579954624176 
vn -0.6456965804100037 0.2582511603832245 -0.7185974717140198 
vn -0.6428511142730713 0.2652548551559448 -0.7185974717140198 
vn -0.6758233308792114 0.26562753319740295 -0.6875353455543518 
vn -0.6789419054985046 0.26588496565818787 -0.6843559741973877 
vn -0.7138944268226624 0.2875266373157501 -0.6385006904602051 
vn -0.6548941135406494 0.26871180534362793 -0.7063339352607727 
vn -0.6428511142730713 0.2652548551559448 -0.7185974717140198 
vn -0.6730235815048218 0.2726433575153351 -0.6875353455543518 
vn -0.7088069319725037 0.2695915400981903 -0.651853621006012 
vn -0.7471190690994263 0.29873135685920715 -0.5937783122062683 
vn -0.744132399559021 0.3128317892551422 -0.590256929397583 
vn -0.7483214735984802 0.3160942494869232 -0.5831804275512695 
vn -0.7669934034347534 0.31667670607566833 -0.5580654144287109 
vn -0.7640779614448547 0.32364776730537415 -0.5580654144287109 
vn -0.7947832942008972 0.31695088744163513 -0.5175535082817078 
vn -0.7943936586380005 0.3239414393901825 -0.5138099193572998 
vn -0.8254615664482117 0.34242862462997437 -0.4487268626689911 
vn -0.7744372487068176 0.32384946942329407 -0.5434780716896057 
vn -0.7614489793777466 0.3235807418823242 -0.5616858005523682 
vn -0.7890657782554626 0.330928236246109 -0.5175535082817078 
vn -0.8204827904701233 0.32810190320014954 -0.46814218163490295 
vn -0.8483878374099731 0.34988003969192505 -0.3972681760787964 
vn -0.8444841504096985 0.3635895550251007 -0.3932546079158783 
vn -0.8466923832893372 0.36705464124679565 -0.3852050006389618 
vn -0.8604716658592224 0.3676658272743225 -0.3527185618877411 
vn -0.8604716658592224 0.3676658272743225 -0.3527185618877411 
vn -0.8777078986167908 0.36764416098594666 -0.30735430121421814 
vn -0.8776585459709167 0.37119966745376587 -0.30319350957870483 
vn -0.8930481672286987 0.3857567012310028 -0.23163928091526031 
vn -0.8641762733459473 0.37429141998291016 -0.3363112509250641 
vn -0.8573624491691589 0.3709726929664612 -0.3568037748336792 
vn -0.8747636675834656 0.37459564208984375 -0.30735430121421814 
vn -0.8959540128707886 0.3680514693260193 -0.24860523641109467 
vn -0.9050166010856628 0.3891681432723999 -0.17173540592193604 
vn -0.8996227979660034 0.40329426527023315 -0.16742929816246033 
vn -0.9019620418548584 0.40323272347450256 -0.15449213981628418 
vn -0.9093618392944336 0.39964210987091064 -0.11553031951189041 
vn -0.9062992930412292 0.4065394401550293 -0.11553031951189041 
vn -0.914925754070282 0.3999134600162506 -0.05459024757146835 
vn -0.9146984815597534 0.3998141288757324 -0.058952588587999344 
vn -0.9209434390068054 0.389641135931015 -0.006554040592163801 
vn -0.9179746508598328 0.3965848386287689 -0.006554040592163801 
vn -0.914925754070282 0.3999134600162506 0.05459024757146835 
vn -0.9201699495315552 0.38931387662887573 0.04149730131030083 
vn -0.9062992930412292 0.4065394401550293 0.11553031951189041 
vn -0.9127823710441589 0.3964773416519165 0.0981530249118805 
vn -0.893347442150116 0.4134500026702881 0.1760382205247879 
vn -0.9096099138259888 0.3890203535556793 0.1458524912595749 
vn -0.9132343530654907 0.37521085143089294 0.15880759060382843 
vn -0.916654646396637 0.36487823724746704 0.16312000155448914 
vn -0.9114258289337158 0.37190520763397217 0.1760382205247879 
vn -0.9188530445098877 0.36834603548049927 0.1415284425020218 
vn -0.9238836765289307 0.36481741070747375 0.11553031951189041 
vn -0.9153292179107666 0.38577863574028015 0.11553031951189041 
vn -0.9184765219688416 0.38964223861694336 0.06767380982637405 
vn -0.9123803377151489 0.3963027000427246 0.10250037163496017 
vn -0.9087998270988464 0.4065510630607605 0.09380380809307098 
vn -0.9266878366470337 0.3756731152534485 -0.010923261754214764 
vn -0.929265558719635 0.36142784357070923 -0.0763898640871048 
vn -0.9192562103271484 0.3720824420452118 -0.12854042649269104 
vn -0.9000381827354431 0.3927316963672638 -0.18892620503902435 
vn -0.9101871848106384 0.389267235994339 -0.1415284425020218 
vn -0.9235503673553467 0.3718273639678955 -0.09380380809307098 
vn -0.9159091114997864 0.39318013191223145 -0.08074574917554855 
vn -0.9179746508598328 0.3965848386287689 -0.006554040592163801 
vn -0.9183267951011658 0.39315709471702576 0.04586252197623253 
vn -0.9153279066085815 0.4000892639160156 0.04586252197623253 
vn -0.9179396033287048 0.39656969904899597 -0.010923261754214764 
vn -0.9121931195259094 0.40337955951690674 -0.07203252613544464 
vn -0.9146984815597534 0.3998141288757324 -0.058952588587999344 
vn -0.9091652631759644 0.4067145586013794 -0.08945280313491821 
vn -0.907163143157959 0.40334394574165344 -0.11986933648586273 
vn -0.9099913835525513 0.392760306596756 -0.1328723281621933 
vn -0.9187268614768982 0.37186816334724426 -0.1328723281621933 
vn -0.9103033542633057 0.38574033975601196 -0.15017375349998474 
vn -0.9059721231460571 0.37884217500686646 -0.18892620503902435 
vn -0.9140133857727051 0.3612339496612549 -0.18463370203971863 
vn -0.893319308757782 0.3715575635433197 -0.25283506512641907 
vn -0.8846794962882996 0.3889245092868805 -0.25706008076667786 
vn -0.8702206611633301 0.3711874186992645 -0.3239381015300751 
vn -0.8671456575393677 0.3852509558200836 -0.31565824151039124 
vn -0.8552010655403137 0.36394602060317993 -0.3690181374549866 
vn -0.8512035608291626 0.3285668194293976 -0.40926313400268555 
vn -0.8638207912445068 0.3429858684539795 -0.3690181374549866 
vn -0.8786331415176392 0.34300366044044495 -0.33219319581985474 
vn -0.8845565915107727 0.34339407086372375 -0.31565824151039124 
vn -0.883402407169342 0.3608089089393616 -0.2990269064903259 
vn -0.8776585459709167 0.37119966745376587 -0.30319350957870483 
vn -0.8656014204025269 0.39530691504478455 -0.30735430121421814 
vn -0.8781424164772034 0.406128466129303 -0.25283506512641907 
vn -0.8953959941864014 0.3749704957008362 -0.2401314377784729 
vn -0.8641303181648254 0.3885948359966278 -0.3198012113571167 
vn -0.8547567129135132 0.35660478472709656 -0.37712597846984863 
vn -0.8452197909355164 0.338867723941803 -0.41324591636657715 
vn -0.8549930453300476 0.36027970910072327 -0.37307560443878174 
vn -0.8603342175483704 0.36402761936187744 -0.3568037748336792 
vn -0.8689113259315491 0.34305134415626526 -0.3568037748336792 
vn -0.8760364055633545 0.3572455048561096 -0.3239381015300751 
vn -0.8592742085456848 0.37430912256240845 -0.34862664341926575 
vn -0.8701443672180176 0.3640006482601166 -0.33219319581985474 
vn -0.8651928305625916 0.36041760444641113 -0.34862664341926575 
vn -0.8661088347434998 0.35006648302078247 -0.3568037748336792 
vn -0.8549930453300476 0.36027970910072327 -0.37307560443878174 
vn -0.858248770236969 0.3391551077365875 -0.3852050006389618 
vn -0.8589838743209839 0.3180027902126312 -0.401274174451828 
vn -0.8447872996330261 0.3494117558002472 -0.405272513628006 
vn -0.8552010655403137 0.36394602060317993 -0.3690181374549866 
vn -0.8542202711105347 0.374261736869812 -0.36088213324546814 
vn -0.8834304213523865 0.35367217659950256 -0.30735430121421814 
vn -0.8833467364311218 0.3643615245819092 -0.2948545813560486 
vn -0.8956885933876038 0.3715170919895172 -0.24437066912651062 
vn -0.8897950649261475 0.3854188919067383 -0.24437066912651062 
vn -0.8938912749290466 0.4065282642841339 -0.18892620503902435 
vn -0.8995858430862427 0.3996947407722473 -0.1760382205247879 
vn -0.892453134059906 0.3819218873977661 -0.2401314377784729 
vn -0.883152425289154 0.3714342713356018 -0.2864931523799896 
vn -0.8701860308647156 0.37833333015441895 -0.31565824151039124 
vn -0.8701964616775513 0.3675990402698517 -0.3280687630176544 
vn -0.870064377784729 0.3603924512863159 -0.3363112509250641 
vn -0.8488311767578125 0.37048831582069397 -0.37712597846984863 
vn -0.8359755873680115 0.3319613039493561 -0.43697428703308105 
vn -0.8337531685829163 0.2927432358264923 -0.46814218163490295 
vn -0.8160932660102844 0.2854204475879669 -0.5025205612182617 
vn -0.8056007623672485 0.26731544733047485 -0.528724730014801 
vn -0.886229932308197 0.3538070321083069 -0.2990269064903259 
vn -0.7956047058105469 0.2600966989994049 -0.5471406579017639 
vn -0.7620916366577148 0.27380824089050293 -0.5867242813110352 
vn -0.7511343955993652 0.21267615258693695 -0.6249527335166931 
vn -0.7297191023826599 0.17208455502986908 -0.661737859249115 
vn -0.6871906518936157 0.19390590488910675 -0.7001210451126099 
vn -0.6761217713356018 0.1756264567375183 -0.715552031993866 
vn -0.7172068357467651 0.1612055003643036 -0.677958071231842 
vn -0.820880651473999 0.2782359719276428 -0.4987381398677826 
vn -0.6666967272758484 0.18645867705345154 -0.7216291427612305 
vn -0.6230080723762512 0.2079906463623047 -0.7540562748908997 
vn -0.5840978026390076 0.18581487238407135 -0.790128231048584 
vn -0.5561487674713135 0.1568501740694046 -0.8161473870277405 
vn -0.5292596220970154 0.17117145657539368 -0.8310141563415527 
vn -0.5242674350738525 0.1747194528579712 -0.8334367275238037 
vn -0.5218373537063599 0.1926167607307434 -0.8310141563415527 
vn -0.492880642414093 0.20620375871658325 -0.8453097939491272 
vn -0.45466163754463196 0.18066313862800598 -0.872148871421814 
vn -0.41748183965682983 0.15910808742046356 -0.8946471214294434 
vn -0.3880036771297455 0.16889184713363647 -0.9060511589050293 
vn -0.38380712270736694 0.15846653282642365 -0.9097144603729248 
vn -0.551852285861969 0.17135469615459442 -0.8161473870277405 
vn -0.4073237180709839 0.14109741151332855 -0.9023185968399048 
vn -0.3821288049221039 0.14087387919425964 -0.913308322429657 
vn -0.3637092709541321 0.1547510176897049 -0.9185682535171509 
vn -0.3347446024417877 0.15041717886924744 -0.9302261471748352 
vn -0.3067098557949066 0.14290520548820496 -0.9410139322280884 
vn -0.3274085223674774 0.14687593281269073 -0.933397650718689 
vn -0.310836523771286 0.1532876193523407 -0.9380210638046265 
vn -0.3006817400455475 0.1459985375404358 -0.9424833655357361 
vn -0.36648669838905334 0.13696768879890442 -0.9202865362167358 
vn -0.456614226102829 0.12691354751586914 -0.8805659413337708 
vn -0.5238252878189087 0.10515892505645752 -0.8453097939491272 
vn -0.5414808392524719 0.09035716950893402 -0.8358433246612549 
vn -0.5417647361755371 0.1089688390493393 -0.8334367275238037 
vn -0.5432056188583374 0.10154272615909576 -0.8334367275238037 
vn -0.5561949014663696 0.09039046615362167 -0.8261215686798096 
vn -0.38468137383461 0.1337464451789856 -0.913308322429657 
vn -0.5542513728141785 0.07916820794343948 -0.8285757899284363 
vn -0.5479487180709839 0.07166194915771484 -0.8334367275238037 
vn -0.5488783121109009 0.06415467709302902 -0.8334367275238037 
vn -0.5778437852859497 -1.1951144284275128e-13 -0.8161473870277405 
vn -0.6284259557723999 -0.04529019072651863 -0.7765498161315918 
vn -0.5773982405662537 0.02268604002892971 -0.8161473870277405 
vn -0.5373718738555908 0.0678858608007431 -0.8406086564064026 
vn -0.6986888647079468 -0.13151222467422485 -0.7032341957092285 
vn -0.6257342100143433 -0.03399156779050827 -0.7792953848838806 
vn -0.5660747289657593 0.03402258828282356 -0.8236515522003174 
vn -0.7393915057182312 -0.1684846580028534 -0.651853621006012 
vn -0.7529176473617554 -0.17240238189697266 -0.6351318359375 
vn -0.7566261887550354 -0.1685456782579422 -0.6317508816719055 
vn -0.7566261887550354 -0.1685456782579422 -0.6317508816719055 
vn -0.7446848154067993 -0.1943228840827942 -0.6385006904602051 
vn -0.7378541827201843 -0.20878297090530396 -0.641857385635376 
vn -0.7330032587051392 -0.20520730316638947 -0.6485338807106018 
vn -0.7422809600830078 -0.16859044134616852 -0.6485338807106018 
vn -0.7393915057182312 -0.1684846580028534 -0.651853621006012 
vn -0.7416720390319824 -0.18340465426445007 -0.6452018022537231 
vn -0.743450403213501 -0.1760571151971817 -0.6452018022537231 
vn -0.7515033483505249 -0.10163475573062897 -0.651853621006012 
vn -0.7684780359268188 -0.10164807736873627 -0.6317508816719055 
vn -0.7661606073379517 -0.09800770878791809 -0.6351318359375 
vn -0.7398806810379028 -0.1016942635178566 -0.6650074124336243 
vn -0.7623631954193115 -0.10544760525226593 -0.6385006904602051 
vn -0.7712486386299133 -0.10169555991888046 -0.6283578276634216 
vn -0.7679320573806763 -0.08299323171377182 -0.6351318359375 
vn -0.745222270488739 -0.049081090837717056 -0.6650074124336243 
vn -0.6662515997886658 0.022677607834339142 -0.7453821301460266 
vn -0.7720708250999451 0.0226750411093235 -0.6351318359375 
vn -0.7913210988044739 -0.015114352107048035 -0.6112139225006104 
vn -0.7913210988044739 -0.015114352107048035 -0.6112139225006104 
vn -0.7891572117805481 -0.060402292758226395 -0.6112139225006104 
vn -0.8020660877227783 -0.06416627019643784 -0.5937783122062683 
vn -0.8140084147453308 -0.03774505481123924 -0.5796254277229309 
vn -0.8264882564544678 -0.037765923887491226 -0.5616858005523682 
vn -0.8364949822425842 -0.03021918796002865 -0.5471406579017639 
vn -0.8463401794433594 -0.015108741819858551 -0.5324283838272095 
vn -0.8510619401931763 -0.007552994415163994 -0.5250110030174255 
vn -0.8459357023239136 -0.03021266870200634 -0.5324283838272095 
vn -0.8372476696968079 -0.06039765104651451 -0.5434780716896057 
vn -0.82635897397995 -0.07545746862888336 -0.5580654144287109 
vn -0.7628811001777649 -0.04155800864100456 -0.6452018022537231 
vn -0.8309927582740784 -0.04531606659293175 -0.5544344186782837 
vn -0.83219313621521 -0.007556311320513487 -0.5544344186782837 
vn -0.8273161053657532 0.007555705029517412 -0.5616858005523682 
vn -0.8046197891235352 0.0037784846499562263 -0.5937783122062683 
vn -0.7956942915916443 -0.04151153936982155 -0.6042742133140564 
vn -0.7864727973937988 -0.060381073504686356 -0.6146662831306458 
vn -0.7548844814300537 -0.03022683411836624 -0.6551609039306641 
vn -0.7070633172988892 0.03396793454885483 -0.7063339352607727 
vn -0.7219447493553162 0.04155765473842621 -0.6907016038894653 
vn -0.7611014246940613 -0.011332925409078598 -0.6485338807106018 
vn -0.782476544380188 -0.03773200511932373 -0.6215357780456543 
vn -0.7695841789245605 0.007555617485195398 -0.6385006904602051 
vn -0.7731035351753235 0.056583888828754425 -0.6317508816719055 
vn -0.8136236667633057 -0.04528693109750748 -0.5796254277229309 
vn -0.8149115443229675 -0.09046105295419693 -0.5724822878837585 
vn -0.8131893277168274 -0.08293817192316055 -0.5760593414306641 
vn -0.7355839610099792 0.06035391986370087 -0.67473965883255 
vn -0.8094701170921326 -0.02264411188662052 -0.5867242813110352 
vn -0.7994568943977356 0.0641501322388649 -0.5972883701324463 
vn -0.7849339246749878 0.12049417197704315 -0.607749879360199 
vn -0.795133650302887 0.13913750648498535 -0.590256929397583 
vn -0.8113864064216614 0.07540908455848694 -0.5796254277229309 
vn -0.8223759531974792 -0.0075545115396380424 -0.5688942670822144 
vn -0.8220875263214111 -0.06792061030864716 -0.5652954578399658 
vn -0.829450249671936 -0.06793206930160522 -0.5544344186782837 
vn -0.8353115916252136 -0.08298283070325851 -0.5434780716896057 
vn -0.8346419930458069 -1.7299391628401717e-13 -0.5507928133010864 
vn -0.7807613015174866 0.18346218764781952 -0.5972883701324463 
vn -0.762557864189148 0.20171959698200226 -0.6146662831306458 
vn -0.7493304014205933 0.1165798082947731 -0.651853621006012 
vn -0.6931641697883606 0.08665324747562408 -0.715552031993866 
vn -0.6953216791152954 0.09424223005771637 -0.7124928832054138 
vn -0.6809108853340149 0.0829704999923706 -0.7276512384414673 
vn -0.6631675958633423 0.06792785227298737 -0.7453821301460266 
vn -0.6455515027046204 0.10167109966278076 -0.7569189071655273 
vn -0.6483043432235718 0.10535970330238342 -0.7540562748908997 
vn -0.6415388584136963 0.08287272602319717 -0.762600839138031 
vn -0.6953216791152954 0.09424223005771637 -0.7124928832054138 
vn -0.7290496826171875 0.18687617778778076 -0.6584556698799133 
vn -0.6458208560943604 0.24042047560214996 -0.7246471047401428 
vn -0.6846235394477844 0.1537676304578781 -0.7124928832054138 
vn -0.642462968826294 0.07537485659122467 -0.762600839138031 
vn -0.6382421851158142 0.10529445111751556 -0.762600839138031 
vn -0.599708616733551 0.14242146909236908 -0.7874425053596497 
vn -0.5492345094680786 0.16772007942199707 -0.8186644315719604 
vn -0.5159832239151001 0.21730969846248627 -0.8285757899284363 
vn -0.4879772365093231 0.14184927940368652 -0.8612531423568726 
vn -0.4465867578983307 0.1196625605225563 -0.8867024183273315 
vn -0.4064238667488098 0.16579049825668335 -0.8985171914100647 
vn -0.3703728914260864 0.1963592916727066 -0.9078915119171143 
vn -0.3274027705192566 0.19120924174785614 -0.9253358840942383 
vn -0.3212280571460724 0.17745934426784515 -0.9302261471748352 
vn -0.35067278146743774 0.15447205305099487 -0.9236704111099243 
vn -0.3637092709541321 0.1547510176897049 -0.9185682535171509 
vn -0.3781184256076813 0.16173294186592102 -0.9115201234817505 
vn -0.4064238667488098 0.16579049825668335 -0.8985171914100647 
vn -0.44759541749954224 0.15576250851154327 -0.8805659413337708 
vn -0.4858112037181854 0.14909881353378296 -0.8612531423568726 
vn -0.5037751793861389 0.1887238472700119 -0.8429672718048096 
vn -0.5314584374427795 0.21757863461971283 -0.8186644315719604 
vn -0.5803565382957458 0.2076548933982849 -0.7874425053596497 
vn -0.6230080723762512 0.2079906463623047 -0.7540562748908997 
vn -0.6383328437805176 0.2511073648929596 -0.7276512384414673 
vn -0.6651186943054199 0.2760121822357178 -0.6938546895980835 
vn -0.7060873508453369 0.2766360342502594 -0.651853621006012 
vn -0.7453710436820984 0.27397462725639343 -0.607749879360199 
vn -0.7619585990905762 0.30948084592819214 -0.5688942670822144 
vn -0.7811567783355713 0.33787211775779724 -0.5250110030174255 
vn -0.8176480531692505 0.3351037800312042 -0.46814218163490295 
vn -0.8365325331687927 0.3597792685031891 -0.41324591636657715 
vn -0.8474419116973877 0.35664135217666626 -0.3932546079158783 
vn -0.8261488676071167 0.3248194754123688 -0.46040233969688416 
vn -0.8315597772598267 0.3107057213783264 -0.46040233969688416 
vn -0.8233535289764404 0.33184128999710083 -0.46040233969688416 
vn -0.8392086029052734 0.36702585220336914 -0.401274174451828 
vn -0.8651928305625916 0.36041760444641113 -0.34862664341926575 
vn -0.8654105067253113 0.3676641285419464 -0.34042292833328247 
vn -0.8702206611633301 0.3711874186992645 -0.3239381015300751 
vn -0.87747722864151 0.37827828526496887 -0.2948545813560486 
vn -0.881285548210144 0.39926210045814514 -0.25283506512641907 
vn -0.8685880303382874 0.3919547200202942 -0.30319350957870483 
vn -0.8624284863471985 0.37460556626319885 -0.34042292833328247 
vn -0.8570546507835388 0.36368420720100403 -0.3649536371231079 
vn -0.8466923832893372 0.36705464124679565 -0.3852050006389618 
vn -0.8079882264137268 0.3627701699733734 -0.4642767012119293 
vn -0.7831025123596191 0.34480252861976624 -0.5175535082817078 
vn -0.7972135543823242 0.3169383406639099 -0.5138099193572998 
vn -0.8035736680030823 0.3067762851715088 -0.5100564956665039 
vn -0.8006256818771362 0.2887246608734131 -0.5250110030174255 
vn -0.785593569278717 0.2957605719566345 -0.5434780716896057 
vn -0.7791187763214111 0.3308986723423004 -0.5324283838272095 
vn -0.8095263242721558 0.3491193652153015 -0.4719987213611603 
vn -0.7675591111183167 0.2883002758026123 -0.5724822878837585 
vn -0.7567662000656128 0.30222398042678833 -0.5796254277229309 
vn -0.7592987418174744 0.3094017505645752 -0.5724822878837585 
vn -0.7400197982788086 0.2881159484386444 -0.607749879360199 
vn -0.7344002723693848 0.3021528124809265 -0.607749879360199 
vn -0.697509765625 0.2976020574569702 -0.651853621006012 
vn -0.6660507917404175 0.26565948128700256 -0.6969945430755615 
vn -0.6487807631492615 0.2227267324924469 -0.7276512384414673 
vn -0.6180565357208252 0.22227303683757782 -0.7540562748908997 
vn -0.6356592178344727 0.24029658734798431 -0.7336177229881287 
vn -0.6682884693145752 0.2334156632423401 -0.7063339352607727 
vn -0.714724063873291 0.26997068524360657 -0.6452018022537231 
vn -0.7471190690994263 0.29873135685920715 -0.5937783122062683 
vn -0.7727588415145874 0.2955552041530609 -0.5616858005523682 
vn -0.7752233743667603 0.3027065396308899 -0.5544344186782837 
vn -0.7826765179634094 0.30988356471061707 -0.5398051738739014 
vn -0.7669934034347534 0.31667670607566833 -0.5580654144287109 
vn -0.7594492435455322 0.30231186747550964 -0.5760593414306641 
vn -0.7553250789642334 0.284746915102005 -0.590256929397583 
vn -0.7646030187606812 0.30955344438552856 -0.5652954578399658 
vn -0.778653621673584 0.3378589153289795 -0.528724730014801 
vn -0.8283277750015259 0.3354359567165375 -0.4487268626689911 
vn -0.857634425163269 0.349627286195755 -0.37712597846984863 
vn -0.8622614741325378 0.36737528443336487 -0.34862664341926575 
vn -0.8687102198600769 0.3884274661540985 -0.30735430121421814 
vn -0.8789753913879395 0.35743820667266846 -0.31565824151039124 
vn -0.8574743270874023 0.3746030032634735 -0.3527185618877411 
vn -0.841469407081604 0.3705132305622101 -0.3932546079158783 
vn -0.810732364654541 0.36647412180900574 -0.456519216299057 
vn -0.8002532124519348 0.3028748035430908 -0.5175535082817078 
vn -0.8080418705940247 0.2744593918323517 -0.5212872624397278 
vn -0.7780168056488037 0.2885356843471527 -0.5580654144287109 
vn -0.7470993399620056 0.2844248414039612 -0.6007870435714722 
vn -0.714724063873291 0.26997068524360657 -0.6452018022537231 
vn -0.6938065886497498 0.23377065360546112 -0.681163489818573 
vn -0.695564866065979 0.19778968393802643 -0.6907016038894653 
vn -0.6430087685585022 0.2295708805322647 -0.7306414246559143 
vn -0.6071673035621643 0.23259785771369934 -0.7597671151161194 
vn -0.5665308237075806 0.24285200238227844 -0.7874425053596497 
vn -0.530917763710022 0.2281002700328827 -0.8161473870277405 
vn -0.5371300578117371 0.192815899848938 -0.8211658596992493 
vn -0.5086156129837036 0.20658181607723236 -0.8358433246612549 
vn -0.48193174600601196 0.21291518211364746 -0.8499464392662048 
vn -0.4382868707180023 0.2086677849292755 -0.87427818775177 
vn -0.3881079852581024 0.19647979736328125 -0.9004265069961548 
vn -0.3964873254299164 0.1478821188211441 -0.9060511589050293 
vn -0.37662842869758606 0.15498028695583344 -0.913308322429657 
vn -0.357930988073349 0.15798118710517883 -0.9202865362167358 
vn -0.3288273811340332 0.1535661518573761 -0.931820809841156 
vn -0.30001458525657654 0.15647388994693756 -0.9410139322280884 
vn -0.3080909848213196 0.14956596493721008 -0.9395264387130737 
vn -0.34352314472198486 0.14024369418621063 -0.9286137819290161 
vn -0.3864537477493286 0.14065766334533691 -0.9115201234817505 
vn -0.44456908106803894 0.12695346772670746 -0.8867024183273315 
vn -0.5056356191635132 0.10129912197589874 -0.8567795157432556 
vn -0.5278163552284241 0.08283240348100662 -0.8453097939491272 
vn -0.5415253043174744 0.06414134055376053 -0.838234007358551 
vn -0.5497050881385803 0.056635383516550064 -0.8334367275238037 
vn -0.5464164614677429 0.05286722630262375 -0.8358433246612549 
vn -0.5299490094184875 0.0678626298904419 -0.8453097939491272 
vn -0.5308562517166138 0.06035660579800606 -0.8453097939491272 
vn -0.5592509508132935 0.026468275114893913 -0.8285757899284363 
vn -0.608910083770752 -0.02642808109521866 -0.7927988767623901 
vn -0.6576680541038513 -0.05659055709838867 -0.7511792182922363 
vn -0.7214019894599915 -0.0829114094376564 -0.6875353455543518 
vn -0.7581757307052612 -0.09425590932369232 -0.6452018022537231 
vn -0.759892463684082 -0.07923446595668793 -0.6452018022537231 
vn -0.7156423926353455 -0.045327384024858475 -0.6969945430755615 
vn -0.7480370402336121 -0.08292605727910995 -0.6584556698799133 
vn -0.717254638671875 -0.06412070244550705 -0.6938546895980835 
vn -0.6568098068237305 -1.3584344424073108e-13 -0.7540562748908997 
vn -0.6564184427261353 -0.02267053909599781 -0.7540562748908997 
vn -0.5954268574714661 0.011338270269334316 -0.8033295273780823 
vn -0.5660747289657593 0.03402258828282356 -0.8236515522003174 
vn -0.5415253043174744 0.06414134055376053 -0.838234007358551 
vn -0.5793271064758301 0.04910285025835037 -0.8136147856712341 
vn -0.5674837827682495 0.06040560081601143 -0.8211658596992493 
vn -0.5373718738555908 0.0678858608007431 -0.8406086564064026 
vn -0.5390578508377075 0.05285508558154106 -0.8406086564064026 
vn -0.5430960059165955 0.049096498638391495 -0.838234007358551 
vn -0.569887638092041 0.030245307832956314 -0.8211658596992493 
vn -0.5456361770629883 0.06039099767804146 -0.8358433246612549 
vn -0.5373718738555908 0.0678858608007431 -0.8406086564064026 
vn -0.5464164614677429 0.05286722630262375 -0.8358433246612549 
vn -0.5397433042526245 0.045323509722948074 -0.8406086564064026 
vn -0.535720944404602 0.04908346012234688 -0.8429672718048096 
vn -0.5430960059165955 0.049096498638391495 -0.838234007358551 
vn -0.5770518183708191 0.030242005363106728 -0.8161473870277405 
vn -0.6195356845855713 0.06790300458669662 -0.7820260524749756 
vn -0.6252554655075073 0.10151580721139908 -0.7737894654273987 
vn -0.6101493239402771 0.10907886922359467 -0.7847417593002319 
vn -0.593279242515564 0.08287114650011063 -0.8007197380065918 
vn -0.5831442475318909 0.07915576547384262 -0.8085030317306519 
vn -0.5327445268630981 0.09777691960334778 -0.8406086564064026 
vn -0.5207935571670532 0.10142453759908676 -0.8476362228393555 
vn -0.5710918307304382 0.10901859402656555 -0.8136147856712341 
vn -0.5921865105628967 0.09034965932369232 -0.8007197380065918 
vn -0.5754196643829346 0.0528736375272274 -0.8161473870277405 
vn -0.5470930337905884 0.04533342272043228 -0.8358433246612549 
vn -0.535720944404602 0.04908346012234688 -0.8429672718048096 
vn -0.5430960059165955 0.049096498638391495 -0.838234007358551 
vn -0.5373718738555908 0.0678858608007431 -0.8406086564064026 
vn -0.5382673740386963 0.0603763572871685 -0.8406086564064026 
vn -0.5316572189331055 0.05283849686384201 -0.8453097939491272 
vn -0.5464164614677429 0.05286722630262375 -0.8358433246612549 
vn -0.5615421533584595 0.07917425036430359 -0.8236515522003174 
vn -0.5401844382286072 0.09780937433242798 -0.8358433246612549 
vn -0.5132359266281128 0.10136667639017105 -0.8522403836250305 
vn -0.48783716559410095 0.1124536320567131 -0.865661084651947 
vn -0.4848034381866455 0.10871494561433792 -0.8678402304649353 
vn -0.4971759021282196 0.10516231507062912 -0.8612531423568726 
vn -0.5058788061141968 0.15999837219715118 -0.8476362228393555 
vn -0.4854387640953064 0.17400610446929932 -0.8567795157432556 
vn -0.45556527376174927 0.11587744206190109 -0.882628321647644 
vn -0.41418492794036865 0.11946521699428558 -0.9023185968399048 
vn -0.3768416941165924 0.11925879120826721 -0.9185682535171509 
vn -0.37368255853652954 0.1619543582201004 -0.913308322429657 
vn -0.34090590476989746 0.17497482895851135 -0.9236704111099243 
vn -0.3101354241371155 0.18051286041736603 -0.933397650718689 
vn -0.3388857841491699 0.16080330312252045 -0.926983654499054 
vn -0.3609112799167633 0.1402944177389145 -0.9219872951507568 
vn -0.3609181344509125 0.15103226900100708 -0.9202865362167358 
vn -0.3738306760787964 0.1512639969587326 -0.9150791168212891 
vn -0.393390417098999 0.17625290155410767 -0.9023185968399048 
vn -0.43963420391082764 0.17698976397514343 -0.8805659413337708 
vn -0.4801943898200989 0.1774548590183258 -0.8590245246887207 
vn -0.4811566174030304 0.16349712014198303 -0.8612531423568726 
vn -0.5085923075675964 0.16366170346736908 -0.8453097939491272 
vn -0.529362142086029 0.20340566337108612 -0.8236515522003174 
vn -0.5694683194160461 0.235881507396698 -0.7874425053596497 
vn -0.6149597764015198 0.23990470170974731 -0.7511792182922363 
vn -0.6410619616508484 0.244055837392807 -0.7276512384414673 
vn -0.6811617016792297 0.23363295197486877 -0.6938546895980835 
vn -0.6563120484352112 0.2299395650625229 -0.7185974717140198 
vn -0.6253716945648193 0.2401251494884491 -0.7424622178077698 
vn -0.5901195406913757 0.20048491656780243 -0.7820260524749756 
vn -0.5315385460853577 0.16395792365074158 -0.8310141563415527 
vn -0.5011149048805237 0.17434656620025635 -0.8476362228393555 
vn -0.5011880397796631 0.1850995123386383 -0.8453097939491272 
vn -0.5162889957427979 0.16377650201320648 -0.8406086564064026 
vn -0.4880966544151306 0.17765265703201294 -0.8545181155204773 
vn -0.45284023880958557 0.1523045003414154 -0.8784868121147156 
vn -0.3943230211734772 0.13011117279529572 -0.9097144603729248 
vn -0.36815232038497925 0.15453839302062988 -0.916832447052002 
vn -0.3710108995437622 0.1475437581539154 -0.916832447052002 
vn -0.5465940237045288 0.16407820582389832 -0.8211658596992493 
vn -0.40809017419815063 0.11195408552885056 -0.9060511589050293 
vn -0.3811068832874298 0.11906211823225021 -0.916832447052002 
vn -0.36357995867729187 0.1332256942987442 -0.9219872951507568 
vn -0.3433956801891327 0.1294553428888321 -0.9302261471748352 
vn -0.3286535143852234 0.12230592966079712 -0.9364978075027466 
vn -0.35362568497657776 0.1367567777633667 -0.9253358840942383 
vn -0.34843647480010986 0.11520116776227951 -0.9302261471748352 
vn -0.33273234963417053 0.09698263555765152 -0.9380210638046265 
vn -0.35811740159988403 0.11159389466047287 -0.926983654499054 
vn -0.409737229347229 0.13392719626426697 -0.9023185968399048 
vn -0.4574335515499115 0.13789670169353485 -0.8784868121147156 
vn -0.48224276304244995 0.1344352513551712 -0.865661084651947 
vn -0.4753009080886841 0.11595440655946732 -0.872148871421814 
vn -0.3295539915561676 0.09318899363279343 -0.9395264387130737 
vn -0.44945186376571655 0.13769645988941193 -0.882628321647644 
vn -0.4694511890411377 0.12350379675626755 -0.87427818775177 
vn -0.4782993793487549 0.11968604475259781 -0.8700028657913208 
vn -0.4674686789512634 0.13080771267414093 -0.87427818775177 
vn -0.4430404305458069 0.14514636993408203 -0.8846737742424011 
vn -0.41469693183898926 0.1554076075553894 -0.8965907096862793 
vn -0.3416009545326233 0.16450634598731995 -0.9253358840942383 
vn -0.32306715846061707 0.13637986779212952 -0.9364978075027466 
vn -0.33053749799728394 0.10421807318925858 -0.9380210638046265 
vn -0.34104618430137634 0.11160816252231598 -0.933397650718689 
vn -0.4595586061477661 0.13064008951187134 -0.8784868121147156 
vn -0.4694511890411377 0.12350379675626755 -0.87427818775177 
vn -0.4453384578227997 0.13793452084064484 -0.8846737742424011 
vn -0.3230136036872864 0.12561312317848206 -0.9380210638046265 
vn -0.303854376077652 0.16670021414756775 -0.9380210638046265 
vn -0.33330923318862915 0.13294295966625214 -0.933397650718689 
vn -0.3489575982093811 0.12611517310142517 -0.9286137819290161 
vn -0.3609112799167633 0.1402944177389145 -0.9219872951507568 
vn -0.36648669838905334 0.13696768879890442 -0.9202865362167358 
vn -0.3841167688369751 0.12281887233257294 -0.9150791168212891 
vn -0.41620829701423645 0.12650197744369507 -0.9004265069961548 
vn -0.38897255063056946 0.13353444635868073 -0.9115201234817505 
vn -0.3738306760787964 0.1512639969587326 -0.9150791168212891 
vn -0.40906015038490295 0.14799293875694275 -0.9004265069961548 
vn -0.45453235507011414 0.13417881727218628 -0.8805659413337708 
vn -0.4957651197910309 0.16704271733760834 -0.8522403836250305 
vn -0.5011880397796631 0.1850995123386383 -0.8453097939491272 
vn -0.5192234516143799 0.17824962735176086 -0.8358433246612549 
vn -0.5546654462814331 0.18578782677650452 -0.8110666871070862 
vn -0.5243659615516663 0.19622065126895905 -0.8285757899284363 
vn -0.5139196515083313 0.20314975082874298 -0.8334367275238037 
vn -0.544596254825592 0.2035825550556183 -0.8136147856712341 
vn -0.5900680422782898 0.18973691761493683 -0.7847417593002319 
vn -0.6353520750999451 0.22231929004192352 -0.7395281791687012 
vn -0.6410619616508484 0.244055837392807 -0.7276512384414673 
vn -0.6590750217437744 0.2407778650522232 -0.7124928832054138 
vn -0.6888355016708374 0.24803617596626282 -0.681163489818573 
vn -0.7199263572692871 0.25577467679977417 -0.6452018022537231 
vn -0.7548602223396301 0.26313674449920654 -0.6007870435714722 
vn -0.7728190422058105 0.288429856300354 -0.5652954578399658 
vn -0.7906168103218079 0.29580116271972656 -0.5361219048500061 
vn -0.7566235065460205 0.30931615829467773 -0.5760593414306641 
vn -0.7415996789932251 0.29134613275527954 -0.6042742133140564 
vn -0.75908362865448 0.3164669871330261 -0.5688942670822144 
vn -0.8028947710990906 0.2958011031150818 -0.5175535082817078 
vn -0.8056198954582214 0.3137669563293457 -0.5025205612182617 
vn -0.8332377672195435 0.3175584077835083 -0.45262736082077026 
vn -0.8617942333221436 0.32528141140937805 -0.3892335295677185 
vn -0.8708868622779846 0.34643253684043884 -0.34862664341926575 
vn -0.8572225570678711 0.3673330247402191 -0.36088213324546814 
vn -0.8503425121307373 0.34966909885406494 -0.3932546079158783 
vn -0.8249025940895081 0.33862099051475525 -0.45262736082077026 
vn -0.7976186871528625 0.3278283476829529 -0.5062933564186096 
vn -0.7823901772499084 0.31692102551460266 -0.5361219048500061 
vn -0.7777978181838989 0.30275052785873413 -0.5507928133010864 
vn -0.775357186794281 0.2956082820892334 -0.5580654144287109 
vn -0.7358189821243286 0.3124505877494812 -0.6007870435714722 
vn -0.712017834186554 0.2770293951034546 -0.6452018022537231 
vn -0.6789419054985046 0.26588496565818787 -0.6843559741973877 
vn -0.6636689901351929 0.2549610435962677 -0.7032341957092285 
vn -0.650947093963623 0.2619575262069702 -0.7124928832054138 
vn -0.6703444719314575 0.2868713438510895 -0.6843559741973877 
vn -0.7004984617233276 0.3049861192703247 -0.6452018022537231 
vn -0.7485060095787048 0.3090199828147888 -0.5867242813110352 
vn -0.7621169686317444 0.3023934066295624 -0.5724822878837585 
vn -0.772188663482666 0.3167838454246521 -0.5507928133010864 
vn -0.7893232107162476 0.3417765498161316 -0.5100564956665039 
vn -0.7857328653335571 0.281515896320343 -0.5507928133010864 
vn -0.764776885509491 0.2738921642303467 -0.5831804275512695 
vn -0.7194020748138428 0.27345481514930725 -0.6385006904602051 
vn -0.6682748198509216 0.27629703283309937 -0.6907016038894653 
vn -0.6484656929969788 0.25121694803237915 -0.7185974717140198 
vn -0.6322916746139526 0.20068034529685974 -0.7482877969741821 
vn -0.6530742645263672 0.22966350615024567 -0.7216291427612305 
vn -0.6741182804107666 0.24446511268615723 -0.6969945430755615 
vn -0.6868824362754822 0.24464134871959686 -0.6843559741973877 
vn -0.6938321590423584 0.2516412138938904 -0.67473965883255 
vn -0.7242367267608643 0.25199267268180847 -0.641857385635376 
vn -0.7674353122711182 0.24180635809898376 -0.5937783122062683 
vn -0.7954103350639343 0.2528827488422394 -0.5507928133010864 
vn -0.7750339508056641 0.2597652077674866 -0.5760593414306641 
vn -0.7521085143089294 0.2630313038825989 -0.6042742133140564 
vn -0.7173603177070618 0.26288557052612305 -0.6452018022537231 
vn -0.6938321590423584 0.2516412138938904 -0.67473965883255 
vn -0.6963708996772766 0.24452804028987885 -0.67473965883255 
vn -0.684280514717102 0.23386205732822418 -0.6907016038894653 
vn -0.6739081144332886 0.2265160083770752 -0.7032341957092285 
vn -0.6641114354133606 0.22651688754558563 -0.7124928832054138 
vn -0.6602389812469482 0.20817255973815918 -0.7216291427612305 
vn -0.6382920742034912 0.2332129031419754 -0.7336177229881287 
vn -0.6098276972770691 0.2255306839942932 -0.7597671151161194 
vn -0.6276296377182007 0.19359809160232544 -0.7540562748908997 
vn -0.5774033665657043 0.22535689175128937 -0.7847417593002319 
vn -0.5356050729751587 0.23515547811985016 -0.8110666871070862 
vn -0.5110906958580017 0.21016547083854675 -0.8334367275238037 
vn -0.519288182258606 0.18900543451309204 -0.8334367275238037 
vn -0.5032569766044617 0.20999087393283844 -0.838234007358551 
vn -0.48529213666915894 0.19539159536361694 -0.8522403836250305 
vn -0.4933007061481476 0.17418593168258667 -0.8522403836250305 
vn -0.44494086503982544 0.18430054187774658 -0.8763908743858337 
vn -0.3966301679611206 0.19700147211551666 -0.8965907096862793 
vn -0.3674044609069824 0.17573224008083344 -0.913308322429657 
vn -0.370928019285202 0.15824846923351288 -0.9150791168212891 
vn -0.36789488792419434 0.16517727077007294 -0.9150791168212891 
vn -0.35516273975372314 0.15426893532276154 -0.9219872951507568 
vn -0.35516273975372314 0.15426893532276154 -0.9219872951507568 
vn -0.3274085223674774 0.14687593281269073 -0.933397650718689 
vn -0.3067098557949066 0.14290520548820496 -0.9410139322280884 
vn -0.33195099234580994 0.14669208228588104 -0.931820809841156 
vn -0.33430248498916626 0.1609915941953659 -0.9286137819290161 
vn -0.350827693939209 0.14378274977207184 -0.9253358840942383 
vn -0.3866293430328369 0.15145069360733032 -0.9097144603729248 
vn -0.37778180837631226 0.17233823239803314 -0.9097144603729248 
vn -0.4349597990512848 0.14490434527397156 -0.888714075088501 
vn -0.4830934703350067 0.11607764661312103 -0.8678402304649353 
vn -0.5177340507507324 0.09768585115671158 -0.8499464392662048 
vn -0.5265913605690002 0.09029315412044525 -0.8453097939491272 
vn -0.5024518966674805 0.11606474965810776 -0.8567795157432556 
vn -0.4751397967338562 0.1452428549528122 -0.8678402304649353 
vn -0.643145740032196 0.24748758971691132 -0.7246471047401428 
vn -0.6225025057792664 0.22925087809562683 -0.7482877969741821 
vn -0.6424348950386047 0.2579316198825836 -0.7216291427612305 
vn -0.5214573740959167 0.07532133162021637 -0.8499464392662048 
vn -0.5100938677787781 0.11614879220724106 -0.8522403836250305 
vn -0.49399876594543457 0.13432082533836365 -0.8590245246887207 
vn -0.5266917943954468 0.06409840285778046 -0.8476362228393555 
vn -0.5405835509300232 0.07164597511291504 -0.838234007358551 
vn -0.5246517062187195 0.07907852530479431 -0.8476362228393555 
vn -0.50959712266922 0.07899170368909836 -0.8567795157432556 
vn -0.5040978193283081 0.10869359225034714 -0.8567795157432556 
vn -0.4919639825820923 0.14159207046031952 -0.8590245246887207 
vn -0.47006893157958984 0.14876234531402588 -0.8700028657913208 
vn -0.4272615313529968 0.16623742878437042 -0.888714075088501 
vn -0.3606783151626587 0.16168943047523499 -0.9185682535171509 
vn -0.34789010882377625 0.1507515013217926 -0.9253358840942383 
vn -0.32004743814468384 0.1433231085538864 -0.9364978075027466 
vn -0.3006817400455475 0.1459985375404358 -0.9424833655357361 
vn -0.33195099234580994 0.14669208228588104 -0.931820809841156 
vn -0.357930988073349 0.15798118710517883 -0.9202865362167358 
vn -0.3606783151626587 0.16168943047523499 -0.9185682535171509 
vn -0.3719218373298645 0.17551414668560028 -0.9115201234817505 
vn -0.406196266412735 0.1764359474182129 -0.8965907096862793 
vn -0.4531286656856537 0.1631363481283188 -0.8763908743858337 
vn -0.49851855635643005 0.19217321276664734 -0.8453097939491272 
vn -0.5036068558692932 0.19939205050468445 -0.8406086564064026 
vn -0.5159832239151001 0.21730969846248627 -0.8285757899284363 
vn -0.546719491481781 0.2177627831697464 -0.8085030317306519 
vn -0.5852631330490112 0.2040770947933197 -0.7847417593002319 
vn -0.6434807777404785 0.20828451216220856 -0.736579954624176 
vn -0.6530742645263672 0.22966350615024567 -0.7216291427612305 
vn -0.6714618802070618 0.23366768658161163 -0.7032341957092285 
vn -0.6590750217437744 0.2407778650522232 -0.7124928832054138 
vn -0.6176854968070984 0.2507390081882477 -0.7453821301460266 
vn -0.5801097750663757 0.21829576790332794 -0.7847417593002319 
vn -0.5332705974578857 0.23163209855556488 -0.8136147856712341 
vn -0.6335260272026062 0.2368432581424713 -0.736579954624176 
vn -0.590005099773407 0.21116989850997925 -0.7792953848838806 
vn -0.5521344542503357 0.20364278554916382 -0.8085030317306519 
vn -0.5318300724029541 0.20698651671409607 -0.8211658596992493 
vn -0.5243659615516663 0.19622065126895905 -0.8285757899284363 
vn -0.5709913372993469 0.24980829656124115 -0.7820260524749756 
vn -0.5495620965957642 0.17856353521347046 -0.8161473870277405 
vn -0.5218266844749451 0.18187949061393738 -0.8334367275238037 
vn -0.4932074248790741 0.19559985399246216 -0.8476362228393555 
vn -0.4558621644973755 0.1668151468038559 -0.87427818775177 
vn -0.41469693183898926 0.1554076075553894 -0.8965907096862793 
vn -0.3865671157836914 0.1621694415807724 -0.9078915119171143 
vn -0.3794441819190979 0.14795264601707458 -0.913308322429657 
vn -0.3763284385204315 0.13339848816394806 -0.916832447052002 
vn -0.3581051826477051 0.14730972051620483 -0.9219872951507568 
vn -0.3347446024417877 0.15041717886924744 -0.9302261471748352 
vn -0.30343806743621826 0.1497269719839096 -0.9410139322280884 
vn -0.3006817400455475 0.1459985375404358 -0.9424833655357361 
vn -0.3182111978530884 0.1568366289138794 -0.9349566102027893 
vn -0.40679818391799927 0.13018956780433655 -0.9041935205459595 
vn -0.3113132119178772 0.14273791015148163 -0.9395264387130737 
vn -0.3288273811340332 0.1535661518573761 -0.931820809841156 
vn -0.36377039551734924 0.14402689039707184 -0.9202865362167358 
vn -0.4226306080818176 0.14487874507904053 -0.8946471214294434 
vn -0.4722934067249298 0.14154142141342163 -0.8700028657913208 
vn -0.49382442235946655 0.11991847306489944 -0.8612531423568726 
vn -0.5000865459442139 0.0903129130601883 -0.8612531423568726 
vn -0.5083855986595154 0.08644658327102661 -0.8567795157432556 
vn -0.4971759021282196 0.10516231507062912 -0.8612531423568726 
vn -0.4817425012588501 0.10497240722179413 -0.8700028657913208 
vn -0.45364442467689514 0.12318288534879684 -0.882628321647644 
vn -0.41976094245910645 0.141158789396286 -0.8965907096862793 
vn -0.37060755491256714 0.16887247562408447 -0.913308322429657 
vn -0.3149241805076599 0.18036845326423645 -0.931820809841156 
vn -0.31387224793434143 0.17393416166305542 -0.933397650718689 
vn -0.3507261872291565 0.13301289081573486 -0.926983654499054 
vn -0.3592079281806946 0.13342668116092682 -0.9236704111099243 
vn -0.36815232038497925 0.15453839302062988 -0.916832447052002 
vn -0.39780813455581665 0.17601360380649567 -0.9004265069961548 
vn -0.44759541749954224 0.15576250851154327 -0.8805659413337708 
vn -0.49479416012763977 0.14528468251228333 -0.8567795157432556 
vn -0.5088878273963928 0.19595135748386383 -0.838234007358551 
vn -0.5314584374427795 0.21757863461971283 -0.8186644315719604 
vn -0.5394573211669922 0.17488259077072144 -0.8236515522003174 
vn -0.5088878273963928 0.19595135748386383 -0.838234007358551 
vn -0.482723206281662 0.1917736530303955 -0.8545181155204773 
vn -0.439383327960968 0.1876252442598343 -0.8784868121147156 
vn -0.3875916004180908 0.17946258187294006 -0.9041935205459595 
vn -0.3943230211734772 0.13011117279529572 -0.9097144603729248 
vn -0.3710108995437622 0.1475437581539154 -0.916832447052002 
vn -0.3609112799167633 0.1402944177389145 -0.9219872951507568 
vn -0.34205517172813416 0.15394653379917145 -0.926983654499054 
vn -0.30274122953414917 0.17697347700595856 -0.9364978075027466 
vn -0.3141065239906311 0.14647027850151062 -0.9380210638046265 
vn -0.34352314472198486 0.14024369418621063 -0.9286137819290161 
vn -0.3792405128479004 0.13713790476322174 -0.9150791168212891 
vn -0.42135125398635864 0.12300398200750351 -0.8985171914100647 
vn -0.4652411639690399 0.10868121683597565 -0.8784868121147156 
vn -0.4734542667865753 0.12327790260314941 -0.872148871421814 
vn -0.4910110533237457 0.09766817092895508 -0.865661084651947 
vn -0.5000865459442139 0.0903129130601883 -0.8612531423568726 
vn -0.486401230096817 0.101327084004879 -0.8678402304649353 
vn -0.37660184502601624 0.1442263275384903 -0.9150791168212891 
vn -0.350827693939209 0.14378274977207184 -0.9253358840942383 
vn -0.33094894886016846 0.16777737438678741 -0.9286137819290161 
vn -0.3609112799167633 0.1402944177389145 -0.9219872951507568 
vn -0.36660680174827576 0.14775581657886505 -0.9185682535171509 
vn -0.369369775056839 0.1407063901424408 -0.9185682535171509 
vn -0.4879350960254669 0.16687791049480438 -0.8567795157432556 
vn -0.5037751793861389 0.1887238472700119 -0.8429672718048096 
vn -0.5162889957427979 0.16377650201320648 -0.8406086564064026 
vn -0.4910110533237457 0.09766817092895508 -0.865661084651947 
s on 
f 1//1 2//2 3//3 
f 2//2 2//2 3//3 
f 3//3 2//2 4//4 
f 2//2 5//5 4//4 
f 4//4 5//5 6//6 
f 5//5 7//7 6//6 
f 6//6 7//7 8//8 
f 7//7 9//9 8//8 
f 8//8 9//9 10//10 
f 9//9 11//11 10//10 
f 10//10 11//11 12//12 
f 11//11 13//13 12//12 
f 12//12 13//13 14//14 
f 13//13 15//15 14//14 
f 14//14 15//15 16//16 
f 15//15 17//17 16//16 
f 16//16 17//17 17//17 
f 17//17 5//5 17//17 
f 17//17 5//5 5//5 
f 5//5 2//2 5//5 
f 5//5 2//2 7//7 
f 2//2 18//18 7//7 
f 7//7 18//18 9//9 
f 18//18 9//9 9//9 
f 9//9 9//9 2//2 
f 9//9 2//2 2//2 
f 2//2 2//2 18//18 
f 2//2 1//1 18//18 
f 18//18 1//1 1//1 
f 1//1 3//3 1//1 
f 1//1 3//3 3//3 
f 3//3 19//19 3//3 
f 3//3 19//19 1//1 
f 19//19 1//1 1//1 
f 1//1 1//1 16//16 
f 1//1 16//16 16//16 
f 16//16 16//16 14//14 
f 16//16 20//20 14//14 
f 14//14 20//20 21//21 
f 20//20 20//20 21//21 
f 21//21 20//20 22//22 
f 20//20 16//16 22//22 
f 22//22 16//16 23//23 
f 16//16 17//17 23//23 
f 23//23 17//17 24//24 
f 17//17 25//25 24//24 
f 24//24 25//25 26//26 
f 25//25 27//27 26//26 
f 26//26 27//27 28//28 
f 27//27 29//29 28//28 
f 28//28 29//29 30//30 
f 29//29 31//31 30//30 
f 30//30 31//31 31//31 
f 31//31 21//21 31//31 
f 31//31 21//21 21//21 
f 21//21 12//12 21//21 
f 21//21 12//12 14//14 
f 12//12 14//14 14//14 
f 14//14 14//14 30//30 
f 14//14 30//30 30//30 
f 30//30 30//30 28//28 
f 30//30 32//32 28//28 
f 28//28 32//32 33//33 
f 32//32 32//32 33//33 
f 33//33 32//32 34//34 
f 32//32 30//30 34//34 
f 34//34 30//30 35//35 
f 30//30 31//31 35//35 
f 35//35 31//31 36//36 
f 31//31 37//37 36//36 
f 36//36 37//37 38//38 
f 37//37 39//39 38//38 
f 38//38 39//39 40//40 
f 39//39 41//41 40//40 
f 40//40 41//41 42//42 
f 41//41 43//43 42//42 
f 42//42 43//43 43//43 
f 43//43 33//33 43//43 
f 43//43 33//33 33//33 
f 33//33 26//26 33//33 
f 33//33 26//26 28//28 
f 26//26 28//28 28//28 
f 28//28 28//28 42//42 
f 28//28 42//42 42//42 
f 42//42 42//42 40//40 
f 42//42 44//44 40//40 
f 40//40 44//44 45//45 
f 44//44 44//44 45//45 
f 45//45 44//44 46//46 
f 44//44 42//42 46//46 
f 46//46 42//42 47//47 
f 42//42 43//43 47//47 
f 47//47 43//43 48//48 
f 43//43 43//43 48//48 
f 48//48 43//43 49//49 
f 43//43 50//50 49//49 
f 49//49 50//50 51//51 
f 50//50 52//52 51//51 
f 51//51 52//52 53//53 
f 52//52 54//54 53//53 
f 53//53 54//54 55//55 
f 54//54 56//56 55//55 
f 55//55 56//56 55//55 
f 56//56 57//57 55//55 
f 55//55 57//57 58//58 
f 57//57 59//59 58//58 
f 58//58 59//59 59//59 
f 59//59 45//45 59//59 
f 59//59 45//45 45//45 
f 45//45 38//38 45//45 
f 45//45 38//38 40//40 
f 38//38 40//40 40//40 
f 40//40 40//40 58//58 
f 40//40 58//58 58//58 
f 58//58 58//58 55//55 
f 58//58 60//60 55//55 
f 55//55 60//60 53//53 
f 60//60 61//61 53//53 
f 53//53 61//61 51//51 
f 61//61 62//62 51//51 
f 51//51 62//62 49//49 
f 62//62 63//63 49//49 
f 49//49 63//63 48//48 
f 63//63 64//64 48//48 
f 48//48 64//64 48//48 
f 64//64 65//65 48//48 
f 48//48 65//65 47//47 
f 65//65 66//66 47//47 
f 47//47 66//66 46//46 
f 66//66 67//67 46//46 
f 46//46 67//67 45//45 
f 67//67 68//68 45//45 
f 45//45 68//68 38//38 
f 68//68 68//68 38//38 
f 38//38 68//68 36//36 
f 68//68 69//69 36//36 
f 36//36 69//69 35//35 
f 69//69 70//70 35//35 
f 35//35 70//70 34//34 
f 70//70 71//71 34//34 
f 34//34 71//71 33//33 
f 71//71 72//72 33//33 
f 33//33 72//72 26//26 
f 72//72 72//72 26//26 
f 26//26 72//72 24//24 
f 72//72 73//73 24//24 
f 24//24 73//73 23//23 
f 73//73 74//74 23//23 
f 23//23 74//74 22//22 
f 74//74 75//75 22//22 
f 22//22 75//75 21//21 
f 75//75 76//76 21//21 
f 21//21 76//76 12//12 
f 76//76 76//76 12//12 
f 12//12 76//76 10//10 
f 76//76 77//77 10//10 
f 10//10 77//77 8//8 
f 77//77 78//78 8//8 
f 8//8 78//78 6//6 
f 78//78 79//79 6//6 
f 6//6 79//79 4//4 
f 79//79 80//80 4//4 
f 4//4 80//80 3//3 
f 80//80 81//81 3//3 
f 3//3 81//81 19//19 
f 81//81 81//81 19//19 
f 19//19 81//81 82//82 
f 81//81 83//83 82//82 
f 82//82 83//83 82//82 
f 83//83 84//84 82//82 
f 82//82 84//84 85//85 
f 84//84 86//86 85//85 
f 85//85 86//86 87//87 
f 86//86 88//88 87//87 
f 87//87 88//88 89//89 
f 88//88 90//90 89//89 
f 89//89 90//90 91//91 
f 90//90 92//92 91//91 
f 91//91 92//92 91//91 
f 92//92 93//93 91//91 
f 91//91 93//93 94//94 
f 93//93 95//95 94//94 
f 94//94 95//95 96//96 
f 95//95 97//97 96//96 
f 96//96 97//97 98//98 
f 97//97 99//99 98//98 
f 98//98 99//99 100//100 
f 99//99 101//101 100//100 
f 100//100 101//101 100//100 
f 101//101 102//102 100//100 
f 100//100 102//102 103//103 
f 102//102 104//104 103//103 
f 103//103 104//104 105//105 
f 104//104 106//106 105//105 
f 105//105 106//106 107//107 
f 106//106 108//108 107//107 
f 107//107 108//108 109//109 
f 108//108 110//110 109//109 
f 109//109 110//110 109//109 
f 110//110 111//111 109//109 
f 109//109 111//111 112//112 
f 111//111 113//113 112//112 
f 112//112 113//113 114//114 
f 113//113 115//115 114//114 
f 114//114 115//115 116//116 
f 115//115 117//117 116//116 
f 116//116 117//117 118//118 
f 117//117 119//119 118//118 
f 118//118 119//119 118//118 
f 119//119 120//120 118//118 
f 118//118 120//120 121//121 
f 120//120 122//122 121//121 
f 121//121 122//122 123//123 
f 122//122 124//124 123//123 
f 123//123 124//124 123//123 
f 124//124 125//125 123//123 
f 123//123 125//125 126//126 
f 125//125 127//127 126//126 
f 126//126 127//127 128//128 
f 127//127 127//127 128//128 
f 128//128 127//127 129//129 
f 127//127 130//130 129//129 
f 129//129 130//130 131//131 
f 130//130 131//131 131//131 
f 131//131 131//131 62//62 
f 131//131 62//62 62//62 
f 62//62 62//62 63//63 
f 62//62 61//61 63//63 
f 63//63 61//61 132//132 
f 61//61 60//60 132//132 
f 132//132 60//60 60//60 
f 60//60 64//64 60//60 
f 60//60 64//64 64//64 
f 64//64 63//63 64//64 
f 64//64 63//63 132//132 
f 63//63 132//132 132//132 
f 132//132 132//132 130//130 
f 132//132 130//130 130//130 
f 130//130 130//130 133//133 
f 130//130 127//127 133//133 
f 133//133 127//127 133//133 
f 127//127 125//125 133//133 
f 133//133 125//125 134//134 
f 125//125 124//124 134//134 
f 134//134 124//124 135//135 
f 124//124 124//124 135//135 
f 135//135 124//124 136//136 
f 124//124 122//122 136//136 
f 136//136 122//122 137//137 
f 122//122 120//120 137//137 
f 137//137 120//120 138//138 
f 120//120 119//119 138//138 
f 138//138 119//119 139//139 
f 119//119 119//119 139//139 
f 139//139 119//119 140//140 
f 119//119 117//117 140//140 
f 140//140 117//117 141//141 
f 117//117 115//115 141//141 
f 141//141 115//115 142//142 
f 115//115 113//113 142//142 
f 142//142 113//113 143//143 
f 113//113 111//111 143//143 
f 143//143 111//111 144//144 
f 111//111 110//110 144//144 
f 144//144 110//110 145//145 
f 110//110 110//110 145//145 
f 145//145 110//110 146//146 
f 110//110 108//108 146//146 
f 146//146 108//108 147//147 
f 108//108 106//106 147//147 
f 147//147 106//106 148//148 
f 106//106 104//104 148//148 
f 148//148 104//104 149//149 
f 104//104 102//102 149//149 
f 149//149 102//102 150//150 
f 102//102 101//101 150//150 
f 150//150 101//101 101//101 
f 101//101 143//143 101//101 
f 101//101 143//143 143//143 
f 143//143 144//144 143//143 
f 143//143 144//144 142//142 
f 144//144 151//151 142//142 
f 142//142 151//151 141//141 
f 151//151 141//141 141//141 
f 141//141 141//141 151//151 
f 141//141 151//151 151//151 
f 151//151 151//151 145//145 
f 151//151 144//144 145//145 
f 145//145 144//144 144//144 
f 144//144 149//149 144//144 
f 144//144 149//149 149//149 
f 149//149 150//150 149//149 
f 149//149 150//150 148//148 
f 150//150 152//152 148//148 
f 148//148 152//152 147//147 
f 152//152 147//147 147//147 
f 147//147 147//147 152//152 
f 147//147 152//152 152//152 
f 152//152 152//152 153//153 
f 152//152 150//150 153//153 
f 153//153 150//150 153//153 
f 150//150 101//101 153//153 
f 153//153 101//101 154//154 
f 101//101 99//99 154//154 
f 154//154 99//99 155//155 
f 99//99 97//97 155//155 
f 155//155 97//97 156//156 
f 97//97 95//95 156//156 
f 156//156 95//95 157//157 
f 95//95 93//93 157//157 
f 157//157 93//93 158//158 
f 93//93 92//92 158//158 
f 158//158 92//92 159//159 
f 92//92 92//92 159//159 
f 159//159 92//92 160//160 
f 92//92 90//90 160//160 
f 160//160 90//90 161//161 
f 90//90 88//88 161//161 
f 161//161 88//88 162//162 
f 88//88 86//86 162//162 
f 162//162 86//86 163//163 
f 86//86 84//84 163//163 
f 163//163 84//84 164//164 
f 84//84 83//83 164//164 
f 164//164 83//83 83//83 
f 83//83 157//157 83//83 
f 83//83 157//157 157//157 
f 157//157 158//158 157//157 
f 157//157 158//158 156//156 
f 158//158 165//165 156//156 
f 156//156 165//165 155//155 
f 165//165 155//155 155//155 
f 155//155 155//155 165//165 
f 155//155 165//165 165//165 
f 165//165 165//165 159//159 
f 165//165 158//158 159//159 
f 159//159 158//158 158//158 
f 158//158 163//163 158//158 
f 158//158 163//163 163//163 
f 163//163 164//164 163//163 
f 163//163 164//164 162//162 
f 164//164 166//166 162//162 
f 162//162 166//166 161//161 
f 166//166 161//161 161//161 
f 161//161 161//161 166//166 
f 161//161 166//166 166//166 
f 166//166 166//166 167//167 
f 166//166 164//164 167//167 
f 167//167 164//164 167//167 
f 164//164 83//83 167//167 
f 167//167 83//83 168//168 
f 83//83 81//81 168//168 
f 168//168 81//81 168//168 
f 81//81 80//80 168//168 
f 168//168 80//80 169//169 
f 80//80 80//80 169//169 
f 169//169 80//80 170//170 
f 80//80 79//79 170//170 
f 170//170 79//79 171//171 
f 79//79 78//78 171//171 
f 171//171 78//78 172//172 
f 78//78 78//78 172//172 
f 172//172 78//78 173//173 
f 78//78 77//77 173//173 
f 173//173 77//77 174//174 
f 77//77 76//76 174//174 
f 174//174 76//76 175//175 
f 76//76 75//75 175//175 
f 175//175 75//75 176//176 
f 75//75 74//74 176//176 
f 176//176 74//74 177//177 
f 74//74 74//74 177//177 
f 177//177 74//74 178//178 
f 74//74 73//73 178//178 
f 178//178 73//73 179//179 
f 73//73 72//72 179//179 
f 179//179 72//72 180//180 
f 72//72 71//71 180//180 
f 180//180 71//71 181//181 
f 71//71 70//70 181//181 
f 181//181 70//70 182//182 
f 70//70 70//70 182//182 
f 182//182 70//70 183//183 
f 70//70 69//69 183//183 
f 183//183 69//69 184//184 
f 69//69 68//68 184//184 
f 184//184 68//68 185//185 
f 68//68 67//67 185//185 
f 185//185 67//67 186//186 
f 67//67 66//66 186//186 
f 186//186 66//66 187//187 
f 66//66 65//65 187//187 
f 187//187 65//65 188//188 
f 65//65 64//64 188//188 
f 188//188 64//64 189//189 
f 64//64 64//64 189//189 
f 189//189 64//64 190//190 
f 64//64 132//132 190//190 
f 190//190 132//132 191//191 
f 132//132 60//60 191//191 
f 191//191 60//60 192//192 
f 60//60 58//58 192//192 
f 192//192 58//58 193//193 
f 58//58 59//59 193//193 
f 193//193 59//59 194//194 
f 59//59 195//195 194//194 
f 194//194 195//195 196//196 
f 195//195 197//197 196//196 
f 196//196 197//197 198//198 
f 197//197 199//199 198//198 
f 198//198 199//199 200//200 
f 199//199 201//201 200//200 
f 200//200 201//201 202//202 
f 201//201 203//203 202//202 
f 202//202 203//203 204//204 
f 203//203 205//205 204//204 
f 204//204 205//205 206//206 
f 205//205 207//207 206//206 
f 206//206 207//207 208//208 
f 207//207 209//209 208//208 
f 208//208 209//209 210//210 
f 209//209 209//209 210//210 
f 210//210 209//209 211//211 
f 209//209 212//212 211//211 
f 211//211 212//212 213//213 
f 212//212 214//214 213//213 
f 213//213 214//214 213//213 
f 214//214 215//215 213//213 
f 213//213 215//215 216//216 
f 215//215 217//217 216//216 
f 216//216 217//217 217//217 
f 217//217 216//216 217//217 
f 217//217 216//216 216//216 
f 216//216 218//218 216//216 
f 216//216 218//218 213//213 
f 218//218 218//218 213//213 
f 213//213 218//218 211//211 
f 218//218 219//219 211//211 
f 211//211 219//219 210//210 
f 219//219 220//220 210//210 
f 210//210 220//220 221//221 
f 220//220 220//220 221//221 
f 221//221 220//220 222//222 
f 220//220 219//219 222//222 
f 222//222 219//219 223//223 
f 219//219 218//218 223//223 
f 223//223 218//218 224//224 
f 218//218 216//216 224//224 
f 224//224 216//216 225//225 
f 216//216 217//217 225//225 
f 225//225 217//217 226//226 
f 217//217 227//227 226//226 
f 226//226 227//227 228//228 
f 227//227 229//229 228//228 
f 228//228 229//229 230//230 
f 229//229 231//231 230//230 
f 230//230 231//231 232//232 
f 231//231 233//233 232//232 
f 232//232 233//233 234//234 
f 233//233 235//235 234//234 
f 234//234 235//235 236//236 
f 235//235 237//237 236//236 
f 236//236 237//237 238//238 
f 237//237 239//239 238//238 
f 238//238 239//239 240//240 
f 239//239 131//131 240//240 
f 240//240 131//131 241//241 
f 131//131 130//130 241//241 
f 241//241 130//130 242//242 
f 130//130 133//133 242//242 
f 242//242 133//133 243//243 
f 133//133 134//134 243//243 
f 243//243 134//134 244//244 
f 134//134 135//135 244//244 
f 244//244 135//135 244//244 
f 135//135 136//136 244//244 
f 244//244 136//136 245//245 
f 136//136 137//137 245//245 
f 245//245 137//137 137//137 
f 137//137 221//221 137//137 
f 137//137 221//221 221//221 
f 221//221 208//208 221//221 
f 221//221 208//208 210//210 
f 208//208 210//210 210//210 
f 210//210 210//210 245//245 
f 210//210 245//245 245//245 
f 245//245 245//245 244//244 
f 245//245 246//246 244//244 
f 244//244 246//246 243//243 
f 246//246 247//247 243//243 
f 243//243 247//247 242//242 
f 247//247 248//248 242//242 
f 242//242 248//248 241//241 
f 248//248 249//249 241//241 
f 241//241 249//249 240//240 
f 249//249 250//250 240//240 
f 240//240 250//250 238//238 
f 250//250 251//251 238//238 
f 238//238 251//251 236//236 
f 251//251 252//252 236//236 
f 236//236 252//252 234//234 
f 252//252 253//253 234//234 
f 234//234 253//253 232//232 
f 253//253 232//232 232//232 
f 232//232 232//232 248//248 
f 232//232 248//248 248//248 
f 248//248 248//248 249//249 
f 248//248 247//247 249//249 
f 249//249 247//247 254//254 
f 247//247 246//246 254//254 
f 254//254 246//246 254//254 
f 246//246 255//255 254//254 
f 254//254 255//255 256//256 
f 255//255 257//257 256//256 
f 256//256 257//257 253//253 
f 257//257 257//257 253//253 
f 253//253 257//257 232//232 
f 257//257 257//257 232//232 
f 232//232 257//257 230//230 
f 257//257 258//258 230//230 
f 230//230 258//258 228//228 
f 258//258 228//228 228//228 
f 228//228 228//228 249//249 
f 228//228 249//249 249//249 
f 249//249 249//249 250//250 
f 249//249 254//254 250//250 
f 250//250 254//254 250//250 
f 254//254 256//256 250//250 
f 250//250 256//256 251//251 
f 256//256 253//253 251//251 
f 251//251 253//253 252//252 
f 253//253 252//252 252//252 
f 252//252 252//252 258//258 
f 252//252 258//258 258//258 
f 258//258 258//258 259//259 
f 258//258 257//257 259//259 
f 259//259 257//257 259//259 
f 257//257 255//255 259//259 
f 259//259 255//255 260//260 
f 255//255 246//246 260//260 
f 260//260 246//246 261//261 
f 246//246 262//262 261//261 
f 261//261 262//262 261//261 
f 262//262 263//263 261//261 
f 261//261 263//263 261//261 
f 263//263 264//264 261//261 
f 261//261 264//264 265//265 
f 264//264 266//266 265//265 
f 265//265 266//266 267//267 
f 266//266 268//268 267//267 
f 267//267 268//268 258//258 
f 268//268 268//268 258//258 
f 258//258 268//268 228//228 
f 268//268 268//268 228//228 
f 228//228 268//268 226//226 
f 268//268 269//269 226//226 
f 226//226 269//269 225//225 
f 269//269 270//270 225//225 
f 225//225 270//270 224//224 
f 270//270 270//270 224//224 
f 224//224 270//270 271//271 
f 270//270 269//269 271//271 
f 271//271 269//269 269//269 
f 269//269 258//258 269//269 
f 269//269 258//258 258//258 
f 258//258 259//259 258//258 
f 258//258 259//259 267//267 
f 259//259 272//272 267//267 
f 267//267 272//272 265//265 
f 272//272 260//260 265//265 
f 265//265 260//260 261//261 
f 260//260 261//261 261//261 
f 261//261 261//261 272//272 
f 261//261 272//272 272//272 
f 272//272 272//272 260//260 
f 272//272 259//259 260//260 
f 260//260 259//259 259//259 
f 259//259 224//224 259//259 
f 259//259 224//224 224//224 
f 224//224 271//271 224//224 
f 224//224 271//271 223//223 
f 271//271 223//223 223//223 
f 223//223 223//223 271//271 
f 223//223 271//271 271//271 
f 271//271 271//271 273//273 
f 271//271 269//269 273//273 
f 273//273 269//269 273//273 
f 269//269 268//268 273//273 
f 273//273 268//268 273//273 
f 268//268 266//266 273//273 
f 273//273 266//266 274//274 
f 266//266 264//264 274//274 
f 274//274 264//264 275//275 
f 264//264 263//263 275//275 
f 275//275 263//263 276//276 
f 263//263 263//263 276//276 
f 276//276 263//263 277//277 
f 263//263 262//262 277//277 
f 277//277 262//262 278//278 
f 262//262 262//262 278//278 
f 278//278 262//262 279//279 
f 262//262 246//246 279//279 
f 279//279 246//246 280//280 
f 246//246 246//246 280//280 
f 280//280 246//246 281//281 
f 246//246 245//245 281//281 
f 281//281 245//245 282//282 
f 245//245 137//137 282//282 
f 282//282 137//137 283//283 
f 137//137 138//138 283//283 
f 283//283 138//138 284//284 
f 138//138 139//139 284//284 
f 284//284 139//139 285//285 
f 139//139 139//139 285//285 
f 285//285 139//139 286//286 
f 139//139 139//139 286//286 
f 286//286 139//139 287//287 
f 139//139 140//140 287//287 
f 287//287 140//140 288//288 
f 140//140 141//141 288//288 
f 288//288 141//141 289//289 
f 141//141 151//151 289//289 
f 289//289 151//151 290//290 
f 151//151 145//145 290//290 
f 290//290 145//145 291//291 
f 145//145 145//145 291//291 
f 291//291 145//145 292//292 
f 145//145 146//146 292//292 
f 292//292 146//146 293//293 
f 146//146 147//147 293//293 
f 293//293 147//147 294//294 
f 147//147 152//152 294//294 
f 294//294 152//152 295//295 
f 152//152 153//153 295//295 
f 295//295 153//153 296//296 
f 153//153 153//153 296//296 
f 296//296 153//153 297//297 
f 153//153 154//154 297//297 
f 297//297 154//154 298//298 
f 154//154 155//155 298//298 
f 298//298 155//155 299//299 
f 155//155 165//165 299//299 
f 299//299 165//165 300//300 
f 165//165 159//159 300//300 
f 300//300 159//159 301//301 
f 159//159 159//159 301//301 
f 301//301 159//159 302//302 
f 159//159 160//160 302//302 
f 302//302 160//160 303//303 
f 160//160 161//161 303//303 
f 303//303 161//161 304//304 
f 161//161 166//166 304//304 
f 304//304 166//166 305//305 
f 166//166 167//167 305//305 
f 305//305 167//167 306//306 
f 167//167 167//167 306//306 
f 306//306 167//167 307//307 
f 167//167 168//168 307//307 
f 307//307 168//168 307//307 
f 168//168 169//169 307//307 
f 307//307 169//169 308//308 
f 169//169 169//169 308//308 
f 308//308 169//169 309//309 
f 169//169 170//170 309//309 
f 309//309 170//170 310//310 
f 170//170 171//171 310//310 
f 310//310 171//171 311//311 
f 171//171 172//172 311//311 
f 311//311 172//172 312//312 
f 172//172 313//313 312//312 
f 312//312 313//313 314//314 
f 313//313 315//315 314//314 
f 314//314 315//315 316//316 
f 315//315 175//175 316//316 
f 316//316 175//175 316//316 
f 175//175 176//176 316//316 
f 316//316 176//176 317//317 
f 176//176 177//177 317//317 
f 317//317 177//177 318//318 
f 177//177 177//177 318//318 
f 318//318 177//177 319//319 
f 177//177 178//178 319//319 
f 319//319 178//178 178//178 
f 178//178 172//172 178//178 
f 178//178 172//172 172//172 
f 172//172 173//173 172//172 
f 172//172 173//173 313//313 
f 173//173 320//320 313//313 
f 313//313 320//320 315//315 
f 320//320 174//174 315//315 
f 315//315 174//174 175//175 
f 174//174 175//175 175//175 
f 175//175 175//175 174//174 
f 175//175 174//174 174//174 
f 174//174 174//174 173//173 
f 174//174 320//320 173//173 
f 173//173 320//320 320//320 
f 320//320 318//318 320//320 
f 320//320 318//318 318//318 
f 318//318 319//319 318//318 
f 318//318 319//319 321//321 
f 319//319 322//322 321//321 
f 321//321 322//322 323//323 
f 322//322 180//180 323//323 
f 323//323 180//180 323//323 
f 180//180 181//181 323//323 
f 323//323 181//181 324//324 
f 181//181 182//182 324//324 
f 324//324 182//182 325//325 
f 182//182 326//326 325//325 
f 325//325 326//326 327//327 
f 326//326 327//327 327//327 
f 327//327 327//327 180//180 
f 327//327 180//180 180//180 
f 180//180 180//180 179//179 
f 180//180 322//322 179//179 
f 179//179 322//322 328//328 
f 322//322 319//319 328//328 
f 328//328 319//319 328//328 
f 319//319 178//178 328//328 
f 328//328 178//178 179//179 
f 178//178 179//179 179//179 
f 179//179 179//179 182//182 
f 179//179 182//182 182//182 
f 182//182 182//182 326//326 
f 182//182 183//183 326//326 
f 326//326 183//183 329//329 
f 183//183 184//184 329//329 
f 329//329 184//184 330//330 
f 184//184 185//185 330//330 
f 330//330 185//185 331//331 
f 185//185 186//186 331//331 
f 331//331 186//186 332//332 
f 186//186 187//187 332//332 
f 332//332 187//187 333//333 
f 187//187 188//188 333//333 
f 333//333 188//188 334//334 
f 188//188 189//189 334//334 
f 334//334 189//189 189//189 
f 189//189 329//329 189//189 
f 189//189 329//329 329//329 
f 329//329 330//330 329//329 
f 329//329 330//330 326//326 
f 330//330 330//330 326//326 
f 326//326 330//330 327//327 
f 330//330 331//331 327//327 
f 327//327 331//331 331//331 
f 331//331 333//333 331//331 
f 331//331 333//333 333//333 
f 333//333 334//334 333//333 
f 333//333 334//334 332//332 
f 334//334 335//335 332//332 
f 332//332 335//335 331//331 
f 335//335 336//336 331//331 
f 331//331 336//336 337//337 
f 336//336 338//338 337//337 
f 337//337 338//338 339//339 
f 338//338 340//340 339//339 
f 339//339 340//340 341//341 
f 340//340 342//342 341//341 
f 341//341 342//342 343//343 
f 342//342 344//344 343//343 
f 343//343 344//344 343//343 
f 344//344 345//345 343//343 
f 343//343 345//345 346//346 
f 345//345 347//347 346//346 
f 346//346 347//347 348//348 
f 347//347 349//349 348//348 
f 348//348 349//349 348//348 
f 349//349 350//350 348//348 
f 348//348 350//350 351//351 
f 350//350 352//352 351//351 
f 351//351 352//352 353//353 
f 352//352 354//354 353//353 
f 353//353 354//354 355//355 
f 354//354 356//356 355//355 
f 355//355 356//356 357//357 
f 356//356 358//358 357//357 
f 357//357 358//358 357//357 
f 358//358 359//359 357//357 
f 357//357 359//359 360//360 
f 359//359 361//361 360//360 
f 360//360 361//361 362//362 
f 361//361 363//363 362//362 
f 362//362 363//363 364//364 
f 363//363 365//365 364//364 
f 364//364 365//365 366//366 
f 365//365 367//367 366//366 
f 366//366 367//367 366//366 
f 367//367 368//368 366//366 
f 366//366 368//368 369//369 
f 368//368 370//370 369//369 
f 369//369 370//370 371//371 
f 370//370 372//372 371//371 
f 371//371 372//372 373//373 
f 372//372 374//374 373//373 
f 373//373 374//374 375//375 
f 374//374 376//376 375//375 
f 375//375 376//376 375//375 
f 376//376 377//377 375//375 
f 375//375 377//377 378//378 
f 377//377 379//379 378//378 
f 378//378 379//379 380//380 
f 379//379 381//381 380//380 
f 380//380 381//381 382//382 
f 381//381 383//383 382//382 
f 382//382 383//383 384//384 
f 383//383 385//385 384//384 
f 384//384 385//385 384//384 
f 385//385 386//386 384//384 
f 384//384 386//386 387//387 
f 386//386 388//388 387//387 
f 387//387 388//388 389//389 
f 388//388 390//390 389//389 
f 389//389 390//390 391//391 
f 390//390 392//392 391//391 
f 391//391 392//392 393//393 
f 392//392 394//394 393//393 
f 393//393 394//394 393//393 
f 394//394 395//395 393//393 
f 393//393 395//395 396//396 
f 395//395 397//397 396//396 
f 396//396 397//397 398//398 
f 397//397 399//399 398//398 
f 398//398 399//399 400//400 
f 399//399 401//401 400//400 
f 400//400 401//401 402//402 
f 401//401 403//403 402//402 
f 402//402 403//403 404//404 
f 403//403 405//405 404//404 
f 404//404 405//405 404//404 
f 405//405 406//406 404//404 
f 404//404 406//406 404//404 
f 406//406 407//407 404//404 
f 404//404 407//407 408//408 
f 407//407 409//409 408//408 
f 408//408 409//409 409//409 
f 409//409 404//404 409//409 
f 409//409 404//404 404//404 
f 404//404 408//408 404//404 
f 404//404 408//408 402//402 
f 408//408 402//402 402//402 
f 402//402 402//402 405//405 
f 402//402 405//405 405//405 
f 405//405 405//405 410//410 
f 405//405 403//403 410//410 
f 410//410 403//403 411//411 
f 403//403 401//401 411//411 
f 411//411 401//401 412//412 
f 401//401 399//399 412//412 
f 412//412 399//399 413//413 
f 399//399 397//397 413//413 
f 413//413 397//397 414//414 
f 397//397 395//395 414//414 
f 414//414 395//395 415//415 
f 395//395 394//394 415//415 
f 415//415 394//394 416//416 
f 394//394 394//394 416//416 
f 416//416 394//394 417//417 
f 394//394 392//392 417//417 
f 417//417 392//392 418//418 
f 392//392 390//390 418//418 
f 418//418 390//390 419//419 
f 390//390 388//388 419//419 
f 419//419 388//388 420//420 
f 388//388 386//386 420//420 
f 420//420 386//386 421//421 
f 386//386 385//385 421//421 
f 421//421 385//385 422//422 
f 385//385 385//385 422//422 
f 422//422 385//385 423//423 
f 385//385 383//383 423//423 
f 423//423 383//383 424//424 
f 383//383 381//381 424//424 
f 424//424 381//381 425//425 
f 381//381 379//379 425//425 
f 425//425 379//379 426//426 
f 379//379 377//377 426//426 
f 426//426 377//377 427//427 
f 377//377 376//376 427//427 
f 427//427 376//376 428//428 
f 376//376 376//376 428//428 
f 428//428 376//376 429//429 
f 376//376 374//374 429//429 
f 429//429 374//374 430//430 
f 374//374 372//372 430//430 
f 430//430 372//372 431//431 
f 372//372 370//370 431//431 
f 431//431 370//370 432//432 
f 370//370 368//368 432//432 
f 432//432 368//368 433//433 
f 368//368 367//367 433//433 
f 433//433 367//367 434//434 
f 367//367 367//367 434//434 
f 434//434 367//367 435//435 
f 367//367 365//365 435//435 
f 435//435 365//365 436//436 
f 365//365 363//363 436//436 
f 436//436 363//363 437//437 
f 363//363 361//361 437//437 
f 437//437 361//361 438//438 
f 361//361 359//359 438//438 
f 438//438 359//359 439//439 
f 359//359 358//358 439//439 
f 439//439 358//358 440//440 
f 358//358 358//358 440//440 
f 440//440 358//358 441//441 
f 358//358 356//356 441//441 
f 441//441 356//356 442//442 
f 356//356 354//354 442//442 
f 442//442 354//354 443//443 
f 354//354 352//352 443//443 
f 443//443 352//352 444//444 
f 352//352 350//350 444//444 
f 444//444 350//350 445//445 
f 350//350 349//349 445//445 
f 445//445 349//349 446//446 
f 349//349 349//349 446//446 
f 446//446 349//349 447//447 
f 349//349 347//347 447//447 
f 447//447 347//347 448//448 
f 347//347 345//345 448//448 
f 448//448 345//345 449//449 
f 345//345 344//344 449//449 
f 449//449 344//344 450//450 
f 344//344 344//344 450//450 
f 450//450 344//344 451//451 
f 344//344 342//342 451//451 
f 451//451 342//342 452//452 
f 342//342 340//340 452//452 
f 452//452 340//340 453//453 
f 340//340 338//338 453//453 
f 453//453 338//338 454//454 
f 338//338 336//336 454//454 
f 454//454 336//336 455//455 
f 336//336 335//335 455//455 
f 455//455 335//335 456//456 
f 335//335 334//334 456//456 
f 456//456 334//334 456//456 
f 334//334 189//189 456//456 
f 456//456 189//189 457//457 
f 189//189 190//190 457//457 
f 457//457 190//190 190//190 
f 190//190 454//454 190//190 
f 190//190 454//454 454//454 
f 454//454 455//455 454//454 
f 454//454 455//455 453//453 
f 455//455 458//458 453//453 
f 453//453 458//458 452//452 
f 458//458 459//459 452//452 
f 452//452 459//459 452//452 
f 459//459 460//460 452//452 
f 452//452 460//460 451//451 
f 460//460 461//461 451//451 
f 451//451 461//461 450//450 
f 461//461 450//450 450//450 
f 450//450 450//450 455//455 
f 450//450 455//455 455//455 
f 455//455 455//455 458//458 
f 455//455 456//456 458//458 
f 458//458 456//456 458//458 
f 456//456 457//457 458//458 
f 458//458 457//457 459//459 
f 457//457 462//462 459//459 
f 459//459 462//462 459//459 
f 462//462 463//463 459//459 
f 459//459 463//463 460//460 
f 463//463 464//464 460//460 
f 460//460 464//464 461//461 
f 464//464 461//461 461//461 
f 461//461 461//461 457//457 
f 461//461 457//457 457//457 
f 457//457 457//457 462//462 
f 457//457 190//190 462//462 
f 462//462 190//190 462//462 
f 190//190 191//191 462//462 
f 462//462 191//191 465//465 
f 191//191 192//192 465//465 
f 465//465 192//192 466//466 
f 192//192 193//193 466//466 
f 466//466 193//193 467//467 
f 193//193 194//194 467//467 
f 467//467 194//194 468//468 
f 194//194 196//196 468//468 
f 468//468 196//196 469//469 
f 196//196 198//198 469//469 
f 469//469 198//198 470//470 
f 198//198 200//200 470//470 
f 470//470 200//200 471//471 
f 200//200 202//202 471//471 
f 471//471 202//202 472//472 
f 202//202 204//204 472//472 
f 472//472 204//204 473//473 
f 204//204 206//206 473//473 
f 473//473 206//206 206//206 
f 206//206 466//466 206//206 
f 206//206 466//466 466//466 
f 466//466 467//467 466//466 
f 466//466 467//467 465//465 
f 467//467 474//474 465//465 
f 465//465 474//474 462//462 
f 474//474 462//462 462//462 
f 462//462 462//462 467//467 
f 462//462 467//467 467//467 
f 467//467 467//467 474//474 
f 467//467 468//468 474//474 
f 474//474 468//468 468//468 
f 468//468 472//472 468//468 
f 468//468 472//472 472//472 
f 472//472 473//473 472//472 
f 472//472 473//473 471//471 
f 473//473 475//475 471//471 
f 471//471 475//475 470//470 
f 475//475 470//470 470//470 
f 470//470 470//470 475//475 
f 470//470 475//475 475//475 
f 475//475 475//475 476//476 
f 475//475 473//473 476//476 
f 476//476 473//473 476//476 
f 473//473 206//206 476//476 
f 476//476 206//206 476//476 
f 206//206 208//208 476//476 
f 476//476 208//208 476//476 
f 208//208 221//221 476//476 
f 476//476 221//221 477//477 
f 221//221 222//222 477//477 
f 477//477 222//222 222//222 
f 222//222 476//476 222//222 
f 222//222 476//476 476//476 
f 476//476 477//477 476//476 
f 476//476 477//477 475//475 
f 477//477 478//478 475//475 
f 475//475 478//478 470//470 
f 478//478 479//479 470//470 
f 470//470 479//479 469//469 
f 479//479 480//480 469//469 
f 469//469 480//480 468//468 
f 480//480 481//481 468//468 
f 468//468 481//481 474//474 
f 481//481 482//482 474//474 
f 474//474 482//482 462//462 
f 482//482 462//462 462//462 
f 462//462 462//462 482//482 
f 462//462 482//482 482//482 
f 482//482 482//482 483//483 
f 482//482 481//481 483//483 
f 483//483 481//481 484//484 
f 481//481 480//480 484//484 
f 484//484 480//480 485//485 
f 480//480 479//479 485//485 
f 485//485 479//479 486//486 
f 479//479 478//478 486//486 
f 486//486 478//478 487//487 
f 478//478 477//477 487//487 
f 487//487 477//477 487//487 
f 477//477 222//222 487//487 
f 487//487 222//222 487//487 
f 222//222 223//223 487//487 
f 487//487 223//223 487//487 
f 223//223 271//271 487//487 
f 487//487 271//271 487//487 
f 271//271 273//273 487//487 
f 487//487 273//273 487//487 
f 273//273 274//274 487//487 
f 487//487 274//274 488//488 
f 274//274 275//275 488//488 
f 488//488 275//275 489//489 
f 275//275 276//276 489//489 
f 489//489 276//276 489//489 
f 276//276 490//490 489//489 
f 489//489 490//490 488//488 
f 490//490 491//491 488//488 
f 488//488 491//491 487//487 
f 491//491 492//492 487//487 
f 487//487 492//492 487//487 
f 492//492 493//493 487//487 
f 487//487 493//493 487//487 
f 493//493 494//494 487//487 
f 487//487 494//494 495//495 
f 494//494 496//496 495//495 
f 495//495 496//496 483//483 
f 496//496 497//497 483//483 
f 483//483 497//497 482//482 
f 497//497 498//498 482//482 
f 482//482 498//498 462//462 
f 498//498 499//499 462//462 
f 462//462 499//499 463//463 
f 499//499 500//500 463//463 
f 463//463 500//500 464//464 
f 500//500 500//500 464//464 
f 464//464 500//500 461//461 
f 500//500 501//501 461//461 
f 461//461 501//501 450//450 
f 501//501 450//450 450//450 
f 450//450 450//450 485//485 
f 450//450 485//485 485//485 
f 485//485 485//485 484//484 
f 485//485 486//486 484//484 
f 484//484 486//486 495//495 
f 486//486 487//487 495//495 
f 495//495 487//487 487//487 
f 487//487 495//495 487//487 
f 487//487 495//495 495//495 
f 495//495 483//483 495//495 
f 495//495 483//483 484//484 
f 483//483 484//484 484//484 
f 484//484 484//484 501//501 
f 484//484 501//501 501//501 
f 501//501 501//501 502//502 
f 501//501 500//500 502//502 
f 502//502 500//500 502//502 
f 500//500 499//499 502//502 
f 502//502 499//499 503//503 
f 499//499 498//498 503//503 
f 503//503 498//498 504//504 
f 498//498 497//497 504//504 
f 504//504 497//497 505//505 
f 497//497 496//496 505//505 
f 505//505 496//496 496//496 
f 496//496 504//504 496//496 
f 496//496 504//504 504//504 
f 504//504 505//505 504//504 
f 504//504 505//505 503//503 
f 505//505 506//506 503//503 
f 503//503 506//506 502//502 
f 506//506 507//507 502//502 
f 502//502 507//507 501//501 
f 507//507 508//508 501//501 
f 501//501 508//508 450//450 
f 508//508 509//509 450//450 
f 450//450 509//509 449//449 
f 509//509 510//510 449//449 
f 449//449 510//510 448//448 
f 510//510 448//448 448//448 
f 448//448 448//448 510//510 
f 448//448 510//510 510//510 
f 510//510 510//510 511//511 
f 510//510 509//509 511//511 
f 511//511 509//509 512//512 
f 509//509 508//508 512//512 
f 512//512 508//508 513//513 
f 508//508 507//507 513//513 
f 513//513 507//507 514//514 
f 507//507 506//506 514//514 
f 514//514 506//506 515//515 
f 506//506 505//505 515//515 
f 515//515 505//505 515//515 
f 505//505 496//496 515//515 
f 515//515 496//496 515//515 
f 496//496 494//494 515//515 
f 515//515 494//494 516//516 
f 494//494 493//493 516//516 
f 516//516 493//493 493//493 
f 493//493 516//516 493//493 
f 493//493 516//516 516//516 
f 516//516 517//517 516//516 
f 516//516 517//517 515//515 
f 517//517 517//517 515//515 
f 515//515 517//517 514//514 
f 517//517 518//518 514//514 
f 514//514 518//518 513//513 
f 518//518 519//519 513//513 
f 513//513 519//519 513//513 
f 519//519 520//520 513//513 
f 513//513 520//520 512//512 
f 520//520 521//521 512//512 
f 512//512 521//521 511//511 
f 521//521 521//521 511//511 
f 511//511 521//521 510//510 
f 521//521 522//522 510//510 
f 510//510 522//522 448//448 
f 522//522 523//523 448//448 
f 448//448 523//523 447//447 
f 523//523 524//524 447//447 
f 447//447 524//524 446//446 
f 524//524 524//524 446//446 
f 446//446 524//524 445//445 
f 524//524 525//525 445//445 
f 445//445 525//525 444//444 
f 525//525 526//526 444//444 
f 444//444 526//526 443//443 
f 526//526 527//527 443//443 
f 443//443 527//527 442//442 
f 527//527 442//442 442//442 
f 442//442 442//442 524//524 
f 442//442 524//524 524//524 
f 524//524 524//524 525//525 
f 524//524 528//528 525//525 
f 525//525 528//528 525//525 
f 528//528 529//529 525//525 
f 525//525 529//529 526//526 
f 529//529 530//530 526//526 
f 526//526 530//530 527//527 
f 530//530 527//527 527//527 
f 527//527 527//527 524//524 
f 527//527 524//524 524//524 
f 524//524 524//524 528//528 
f 524//524 523//523 528//528 
f 528//528 523//523 531//531 
f 523//523 522//522 531//531 
f 531//531 522//522 532//532 
f 522//522 521//521 532//532 
f 532//532 521//521 532//532 
f 521//521 520//520 532//532 
f 532//532 520//520 533//533 
f 520//520 519//519 533//533 
f 533//533 519//519 534//534 
f 519//519 519//519 534//534 
f 534//534 519//519 535//535 
f 519//519 518//518 535//535 
f 535//535 518//518 536//536 
f 518//518 517//517 536//536 
f 536//536 517//517 537//537 
f 517//517 516//516 537//537 
f 537//537 516//516 538//538 
f 516//516 493//493 538//538 
f 538//538 493//493 539//539 
f 493//493 492//492 539//539 
f 539//539 492//492 540//540 
f 492//492 492//492 540//540 
f 540//540 492//492 541//541 
f 492//492 491//491 541//541 
f 541//541 491//491 542//542 
f 491//491 490//490 542//542 
f 542//542 490//490 543//543 
f 490//490 276//276 543//543 
f 543//543 276//276 543//543 
f 276//276 277//277 543//543 
f 543//543 277//277 543//543 
f 277//277 544//544 543//543 
f 543//543 544//544 543//543 
f 544//544 545//545 543//543 
f 543//543 545//545 542//542 
f 545//545 546//546 542//542 
f 542//542 546//546 542//542 
f 546//546 547//547 542//542 
f 542//542 547//547 541//541 
f 547//547 548//548 541//541 
f 541//541 548//548 540//540 
f 548//548 549//549 540//540 
f 540//540 549//549 550//550 
f 549//549 551//551 550//550 
f 550//550 551//551 536//536 
f 551//551 552//552 536//536 
f 536//536 552//552 535//535 
f 552//552 553//553 535//535 
f 535//535 553//553 534//534 
f 553//553 534//534 534//534 
f 534//534 534//534 538//538 
f 534//534 538//538 538//538 
f 538//538 538//538 537//537 
f 538//538 539//539 537//537 
f 537//537 539//539 550//550 
f 539//539 540//540 550//550 
f 550//550 540//540 540//540 
f 540//540 536//536 540//540 
f 540//540 536//536 536//536 
f 536//536 537//537 536//536 
f 536//536 537//537 550//550 
f 537//537 550//550 550//550 
f 550//550 550//550 553//553 
f 550//550 553//553 553//553 
f 553//553 553//553 554//554 
f 553//553 552//552 554//554 
f 554//554 552//552 555//555 
f 552//552 551//551 555//555 
f 555//555 551//551 556//556 
f 551//551 549//549 556//556 
f 556//556 549//549 557//557 
f 549//549 548//548 557//557 
f 557//557 548//548 558//558 
f 548//548 547//547 558//558 
f 558//558 547//547 559//559 
f 547//547 546//546 559//559 
f 559//559 546//546 560//560 
f 546//546 546//546 560//560 
f 560//560 546//546 561//561 
f 546//546 545//545 561//561 
f 561//561 545//545 562//562 
f 545//545 544//544 562//562 
f 562//562 544//544 544//544 
f 544//544 558//558 544//544 
f 544//544 558//558 558//558 
f 558//558 559//559 558//558 
f 558//558 559//559 557//557 
f 559//559 563//563 557//557 
f 557//557 563//563 556//556 
f 563//563 556//556 556//556 
f 556//556 556//556 559//559 
f 556//556 559//559 559//559 
f 559//559 559//559 563//563 
f 559//559 560//560 563//563 
f 563//563 560//560 564//564 
f 560//560 560//560 564//564 
f 564//564 560//560 565//565 
f 560//560 561//561 565//565 
f 565//565 561//561 566//566 
f 561//561 562//562 566//566 
f 566//566 562//562 562//562 
f 562//562 564//564 562//562 
f 562//562 564//564 564//564 
f 564//564 567//567 564//564 
f 564//564 567//567 563//563 
f 567//567 567//567 563//563 
f 563//563 567//567 556//556 
f 567//567 568//568 556//556 
f 556//556 568//568 556//556 
f 568//568 569//569 556//556 
f 556//556 569//569 555//555 
f 569//569 570//570 555//555 
f 555//555 570//570 554//554 
f 570//570 571//571 554//554 
f 554//554 571//571 553//553 
f 571//571 572//572 553//553 
f 553//553 572//572 534//534 
f 572//572 573//573 534//534 
f 534//534 573//573 533//533 
f 573//573 574//574 533//533 
f 533//533 574//574 532//532 
f 574//574 575//575 532//532 
f 532//532 575//575 531//531 
f 575//575 576//576 531//531 
f 531//531 576//576 528//528 
f 576//576 528//528 528//528 
f 528//528 528//528 576//576 
f 528//528 576//576 576//576 
f 576//576 576//576 577//577 
f 576//576 575//575 577//577 
f 577//577 575//575 578//578 
f 575//575 574//574 578//578 
f 578//578 574//574 579//579 
f 574//574 573//573 579//579 
f 579//579 573//573 580//580 
f 573//573 572//572 580//580 
f 580//580 572//572 581//581 
f 572//572 571//571 581//581 
f 581//581 571//571 582//582 
f 571//571 570//570 582//582 
f 582//582 570//570 583//583 
f 570//570 569//569 583//583 
f 583//583 569//569 584//584 
f 569//569 568//568 584//584 
f 584//584 568//568 568//568 
f 568//568 579//579 568//568 
f 568//568 579//579 579//579 
f 579//579 580//580 579//579 
f 579//579 580//580 578//578 
f 580//580 585//585 578//578 
f 578//578 585//585 577//577 
f 585//585 577//577 577//577 
f 577//577 577//577 581//581 
f 577//577 581//581 581//581 
f 581//581 581//581 580//580 
f 581//581 585//585 580//580 
f 580//580 585//585 585//585 
f 585//585 584//584 585//585 
f 585//585 584//584 584//584 
f 584//584 586//586 584//584 
f 584//584 586//586 583//583 
f 586//586 586//586 583//583 
f 583//583 586//586 582//582 
f 586//586 587//587 582//582 
f 582//582 587//587 581//581 
f 587//587 588//588 581//581 
f 581//581 588//588 589//589 
f 588//588 588//588 589//589 
f 589//589 588//588 590//590 
f 588//588 588//588 590//590 
f 590//590 588//588 591//591 
f 588//588 588//588 591//591 
f 591//591 588//588 592//592 
f 588//588 587//587 592//592 
f 592//592 587//587 593//593 
f 587//587 586//586 593//593 
f 593//593 586//586 594//594 
f 586//586 584//584 594//594 
f 594//594 584//584 595//595 
f 584//584 568//568 595//595 
f 595//595 568//568 596//596 
f 568//568 567//567 596//596 
f 596//596 567//567 597//597 
f 567//567 564//564 597//597 
f 597//597 564//564 598//598 
f 564//564 565//565 598//598 
f 598//598 565//565 565//565 
f 565//565 593//593 565//565 
f 565//565 593//593 593//593 
f 593//593 594//594 593//593 
f 593//593 594//594 592//592 
f 594//594 599//599 592//592 
f 592//592 599//599 591//591 
f 599//599 591//591 591//591 
f 591//591 591//591 594//594 
f 591//591 594//594 594//594 
f 594//594 594//594 599//599 
f 594//594 595//595 599//599 
f 599//599 595//595 600//600 
f 595//595 595//595 600//600 
f 600//600 595//595 601//601 
f 595//595 596//596 601//601 
f 601//601 596//596 598//598 
f 596//596 597//597 598//598 
f 598//598 597//597 597//597 
f 597//597 600//600 597//597 
f 597//597 600//600 600//600 
f 600//600 602//602 600//600 
f 600//600 602//602 599//599 
f 602//602 602//602 599//599 
f 599//599 602//602 591//591 
f 602//602 603//603 591//591 
f 591//591 603//603 590//590 
f 603//603 604//604 590//590 
f 590//590 604//604 590//590 
f 604//604 605//605 590//590 
f 590//590 605//605 589//589 
f 605//605 606//606 589//589 
f 589//589 606//606 589//589 
f 606//606 607//607 589//589 
f 589//589 607//607 581//581 
f 607//607 608//608 581//581 
f 581//581 608//608 585//585 
f 608//608 609//609 585//585 
f 585//585 609//609 577//577 
f 609//609 610//610 577//577 
f 577//577 610//610 576//576 
f 610//610 611//611 576//576 
f 576//576 611//611 528//528 
f 611//611 612//612 528//528 
f 528//528 612//612 529//529 
f 612//612 613//613 529//529 
f 529//529 613//613 530//530 
f 613//613 613//613 530//530 
f 530//530 613//613 527//527 
f 613//613 614//614 527//527 
f 527//527 614//614 442//442 
f 614//614 615//615 442//442 
f 442//442 615//615 441//441 
f 615//615 616//616 441//441 
f 441//441 616//616 440//440 
f 616//616 616//616 440//440 
f 440//440 616//616 439//439 
f 616//616 617//617 439//439 
f 439//439 617//617 438//438 
f 617//617 618//618 438//438 
f 438//438 618//618 437//437 
f 618//618 619//619 437//437 
f 437//437 619//619 436//436 
f 619//619 436//436 436//436 
f 436//436 436//436 616//616 
f 436//436 616//616 616//616 
f 616//616 616//616 617//617 
f 616//616 620//620 617//617 
f 617//617 620//620 617//617 
f 620//620 621//621 617//617 
f 617//617 621//621 618//618 
f 621//621 622//622 618//618 
f 618//618 622//622 619//619 
f 622//622 619//619 619//619 
f 619//619 619//619 616//616 
f 619//619 616//616 616//616 
f 616//616 616//616 620//620 
f 616//616 615//615 620//620 
f 620//620 615//615 623//623 
f 615//615 614//614 623//623 
f 623//623 614//614 624//624 
f 614//614 613//613 624//624 
f 624//624 613//613 624//624 
f 613//613 612//612 624//624 
f 624//624 612//612 625//625 
f 612//612 611//611 625//625 
f 625//625 611//611 626//626 
f 611//611 610//610 626//626 
f 626//626 610//610 627//627 
f 610//610 609//609 627//627 
f 627//627 609//609 628//628 
f 609//609 608//608 628//628 
f 628//628 608//608 629//629 
f 608//608 607//607 629//629 
f 629//629 607//607 630//630 
f 607//607 606//606 630//630 
f 630//630 606//606 631//631 
f 606//606 606//606 631//631 
f 631//631 606//606 632//632 
f 606//606 605//605 632//632 
f 632//632 605//605 633//633 
f 605//605 605//605 633//633 
f 633//633 605//605 634//634 
f 605//605 604//604 634//634 
f 634//634 604//604 635//635 
f 604//604 636//636 635//635 
f 635//635 636//636 637//637 
f 636//636 603//603 637//637 
f 637//637 603//603 637//637 
f 603//603 602//602 637//637 
f 637//637 602//602 638//638 
f 602//602 600//600 638//638 
f 638//638 600//600 600//600 
f 600//600 628//628 600//600 
f 600//600 628//628 628//628 
f 628//628 629//629 628//628 
f 628//628 629//629 627//627 
f 629//629 639//639 627//627 
f 627//627 639//639 626//626 
f 639//639 626//626 626//626 
f 626//626 626//626 639//639 
f 626//626 639//639 639//639 
f 639//639 639//639 630//630 
f 639//639 629//629 630//630 
f 630//630 629//629 629//629 
f 629//629 603//603 629//629 
f 629//629 603//603 603//603 
f 603//603 636//636 603//603 
f 603//603 636//636 604//604 
f 636//636 604//604 604//604 
f 604//604 604//604 638//638 
f 604//604 638//638 638//638 
f 638//638 638//638 637//637 
f 638//638 640//640 637//637 
f 637//637 640//640 635//635 
f 640//640 641//641 635//635 
f 635//635 641//641 634//634 
f 641//641 642//642 634//634 
f 634//634 642//642 633//633 
f 642//642 643//643 633//633 
f 633//633 643//643 633//633 
f 643//643 644//644 633//633 
f 633//633 644//644 632//632 
f 644//644 645//645 632//632 
f 632//632 645//645 631//631 
f 645//645 646//646 631//631 
f 631//631 646//646 631//631 
f 646//646 647//647 631//631 
f 631//631 647//647 630//630 
f 647//647 648//648 630//630 
f 630//630 648//648 639//639 
f 648//648 649//649 639//639 
f 639//639 649//649 626//626 
f 649//649 650//650 626//626 
f 626//626 650//650 625//625 
f 650//650 651//651 625//625 
f 625//625 651//651 624//624 
f 651//651 652//652 624//624 
f 624//624 652//652 623//623 
f 652//652 653//653 623//623 
f 623//623 653//653 620//620 
f 653//653 620//620 620//620 
f 620//620 620//620 644//644 
f 620//620 644//644 644//644 
f 644//644 644//644 645//645 
f 644//644 646//646 645//645 
f 645//645 646//646 646//646 
f 646//646 653//653 646//646 
f 646//646 653//653 653//653 
f 653//653 652//652 653//653 
f 653//653 652//652 654//654 
f 652//652 652//652 654//654 
f 654//654 652//652 655//655 
f 652//652 651//651 655//655 
f 655//655 651//651 656//656 
f 651//651 650//650 656//656 
f 656//656 650//650 657//657 
f 650//650 649//649 657//657 
f 657//657 649//649 658//658 
f 649//649 648//648 658//658 
f 658//658 648//648 659//659 
f 648//648 647//647 659//659 
f 659//659 647//647 660//660 
f 647//647 646//646 660//660 
f 660//660 646//646 661//661 
f 646//646 644//644 661//661 
f 661//661 644//644 661//661 
f 644//644 643//643 661//661 
f 661//661 643//643 661//661 
f 643//643 662//662 661//661 
f 661//661 662//662 661//661 
f 662//662 663//663 661//661 
f 661//661 663//663 660//660 
f 663//663 664//664 660//660 
f 660//660 664//664 659//659 
f 664//664 665//665 659//659 
f 659//659 665//665 658//658 
f 665//665 666//666 658//658 
f 658//658 666//666 658//658 
f 666//666 667//667 658//658 
f 658//658 667//667 668//668 
f 667//667 669//669 668//668 
f 668//668 669//669 654//654 
f 669//669 670//670 654//654 
f 654//654 670//670 653//653 
f 670//670 671//671 653//653 
f 653//653 671//671 620//620 
f 671//671 672//672 620//620 
f 620//620 672//672 621//621 
f 672//672 673//673 621//621 
f 621//621 673//673 622//622 
f 673//673 673//673 622//622 
f 622//622 673//673 619//619 
f 673//673 674//674 619//619 
f 619//619 674//674 436//436 
f 674//674 675//675 436//436 
f 436//436 675//675 435//435 
f 675//675 676//676 435//435 
f 435//435 676//676 434//434 
f 676//676 676//676 434//434 
f 434//434 676//676 433//433 
f 676//676 677//677 433//433 
f 433//433 677//677 432//432 
f 677//677 678//678 432//432 
f 432//432 678//678 431//431 
f 678//678 679//679 431//431 
f 431//431 679//679 430//430 
f 679//679 430//430 430//430 
f 430//430 430//430 656//656 
f 430//430 656//656 656//656 
f 656//656 656//656 655//655 
f 656//656 657//657 655//655 
f 655//655 657//657 668//668 
f 657//657 658//658 668//668 
f 668//668 658//658 658//658 
f 658//658 668//668 658//658 
f 658//658 668//668 668//668 
f 668//668 654//654 668//668 
f 668//668 654//654 655//655 
f 654//654 655//655 655//655 
f 655//655 655//655 676//676 
f 655//655 676//676 676//676 
f 676//676 676//676 677//677 
f 676//676 680//680 677//677 
f 677//677 680//680 677//677 
f 680//680 681//681 677//677 
f 677//677 681//681 678//678 
f 681//681 682//682 678//678 
f 678//678 682//682 679//679 
f 682//682 679//679 679//679 
f 679//679 679//679 676//676 
f 679//679 676//676 676//676 
f 676//676 676//676 680//680 
f 676//676 675//675 680//680 
f 680//680 675//675 683//683 
f 675//675 674//674 683//683 
f 683//683 674//674 684//684 
f 674//674 673//673 684//684 
f 684//684 673//673 684//684 
f 673//673 672//672 684//684 
f 684//684 672//672 685//685 
f 672//672 671//671 685//685 
f 685//685 671//671 686//686 
f 671//671 670//670 686//686 
f 686//686 670//670 687//687 
f 670//670 669//669 687//687 
f 687//687 669//669 688//688 
f 669//669 667//667 688//688 
f 688//688 667//667 689//689 
f 667//667 666//666 689//689 
f 689//689 666//666 690//690 
f 666//666 666//666 690//690 
f 690//690 666//666 691//691 
f 666//666 665//665 691//691 
f 691//691 665//665 692//692 
f 665//665 664//664 692//692 
f 692//692 664//664 693//693 
f 664//664 663//663 693//693 
f 693//693 663//663 694//694 
f 663//663 662//662 694//694 
f 694//694 662//662 695//695 
f 662//662 662//662 695//695 
f 695//695 662//662 696//696 
f 662//662 643//643 696//696 
f 696//696 643//643 697//697 
f 643//643 643//643 697//697 
f 697//697 643//643 698//698 
f 643//643 643//643 698//698 
f 698//698 643//643 699//699 
f 643//643 642//642 699//699 
f 699//699 642//642 700//700 
f 642//642 641//641 700//700 
f 700//700 641//641 701//701 
f 641//641 640//640 701//701 
f 701//701 640//640 702//702 
f 640//640 638//638 702//702 
f 702//702 638//638 703//703 
f 638//638 704//704 703//703 
f 703//703 704//704 705//705 
f 704//704 706//706 705//705 
f 705//705 706//706 707//707 
f 706//706 708//708 707//707 
f 707//707 708//708 709//709 
f 708//708 710//710 709//709 
f 709//709 710//710 710//710 
f 710//710 688//688 710//710 
f 710//710 688//688 688//688 
f 688//688 689//689 688//688 
f 688//688 689//689 687//687 
f 689//689 711//711 687//687 
f 687//687 711//711 686//686 
f 711//711 686//686 686//686 
f 686//686 686//686 711//711 
f 686//686 711//711 711//711 
f 711//711 711//711 690//690 
f 711//711 689//689 690//690 
f 690//690 689//689 689//689 
f 689//689 693//693 689//689 
f 689//689 693//693 693//693 
f 693//693 694//694 693//693 
f 693//693 694//694 695//695 
f 694//694 695//695 695//695 
f 695//695 695//695 709//709 
f 695//695 709//709 709//709 
f 709//709 709//709 707//707 
f 709//709 712//712 707//707 
f 707//707 712//712 707//707 
f 712//712 713//713 707//707 
f 707//707 713//713 705//705 
f 713//713 714//714 705//705 
f 705//705 714//714 703//703 
f 714//714 715//715 703//703 
f 703//703 715//715 702//702 
f 715//715 702//702 702//702 
f 702//702 702//702 714//714 
f 702//702 714//714 714//714 
f 714//714 714//714 715//715 
f 714//714 713//713 715//715 
f 715//715 713//713 716//716 
f 713//713 712//712 716//716 
f 716//716 712//712 716//716 
f 712//712 717//717 716//716 
f 716//716 717//717 718//718 
f 717//717 719//719 718//718 
f 718//718 719//719 719//719 
f 719//719 718//718 719//719 
f 719//719 718//718 718//718 
f 718//718 720//720 718//718 
f 718//718 720//720 716//716 
f 720//720 720//720 716//716 
f 716//716 720//720 715//715 
f 720//720 720//720 715//715 
f 715//715 720//720 702//702 
f 720//720 720//720 702//702 
f 702//702 720//720 701//701 
f 720//720 721//721 701//701 
f 701//701 721//721 700//700 
f 721//721 722//722 700//700 
f 700//700 722//722 699//699 
f 722//722 723//723 699//699 
f 699//699 723//723 698//698 
f 723//723 698//698 698//698 
f 698//698 698//698 722//722 
f 698//698 722//722 722//722 
f 722//722 722//722 723//723 
f 722//722 721//721 723//723 
f 723//723 721//721 724//724 
f 721//721 720//720 724//724 
f 724//724 720//720 724//724 
f 720//720 718//718 724//724 
f 724//724 718//718 725//725 
f 718//718 719//719 725//725 
f 725//725 719//719 726//726 
f 719//719 727//727 726//726 
f 726//726 727//727 728//728 
f 727//727 729//729 728//728 
f 728//728 729//729 730//730 
f 729//729 731//731 730//730 
f 730//730 731//731 732//732 
f 731//731 733//733 732//732 
f 732//732 733//733 732//732 
f 733//733 734//734 732//732 
f 732//732 734//734 732//732 
f 734//734 735//735 732//732 
f 732//732 735//735 732//732 
f 735//735 736//736 732//732 
f 732//732 736//736 730//730 
f 736//736 737//737 730//730 
f 730//730 737//737 728//728 
f 737//737 738//738 728//728 
f 728//728 738//738 726//726 
f 738//738 739//739 726//726 
f 726//726 739//739 725//725 
f 739//739 740//740 725//725 
f 725//725 740//740 724//724 
f 740//740 740//740 724//724 
f 724//724 740//740 723//723 
f 740//740 740//740 723//723 
f 723//723 740//740 698//698 
f 740//740 741//741 698//698 
f 698//698 741//741 697//697 
f 741//741 736//736 697//697 
f 697//697 736//736 742//742 
f 736//736 735//735 742//742 
f 742//742 735//735 735//735 
f 735//735 738//738 735//735 
f 735//735 738//738 738//738 
f 738//738 737//737 738//738 
f 738//738 737//737 739//739 
f 737//737 741//741 739//739 
f 739//739 741//741 740//740 
f 741//741 740//740 740//740 
f 740//740 740//740 741//741 
f 740//740 741//741 741//741 
f 741//741 741//741 736//736 
f 741//741 737//737 736//736 
f 736//736 737//737 737//737 
f 737//737 697//697 737//737 
f 737//737 697//697 697//697 
f 697//697 742//742 697//697 
f 697//697 742//742 696//696 
f 742//742 743//743 696//696 
f 696//696 743//743 695//695 
f 743//743 744//744 695//695 
f 695//695 744//744 693//693 
f 744//744 744//744 693//693 
f 693//693 744//744 692//692 
f 744//744 744//744 692//692 
f 692//692 744//744 745//745 
f 744//744 744//744 745//745 
f 745//745 744//744 746//746 
f 744//744 743//743 746//746 
f 746//746 743//743 747//747 
f 743//743 748//748 747//747 
f 747//747 748//748 749//749 
f 748//748 750//750 749//749 
f 749//749 750//750 734//734 
f 750//750 750//750 734//734 
f 734//734 750//750 735//735 
f 750//750 748//748 735//735 
f 735//735 748//748 742//742 
f 748//748 743//743 742//742 
f 742//742 743//743 743//743 
f 743//743 749//749 743//743 
f 743//743 749//749 749//749 
f 749//749 734//734 749//749 
f 749//749 734//734 751//751 
f 734//734 733//733 751//751 
f 751//751 733//733 752//752 
f 733//733 753//753 752//752 
f 752//752 753//753 754//754 
f 753//753 755//755 754//754 
f 754//754 755//755 756//756 
f 755//755 757//757 756//756 
f 756//756 757//757 758//758 
f 757//757 759//759 758//758 
f 758//758 759//759 758//758 
f 759//759 760//760 758//758 
f 758//758 760//760 758//758 
f 760//760 761//761 758//758 
f 758//758 761//761 758//758 
f 761//761 762//762 758//758 
f 758//758 762//762 756//756 
f 762//762 763//763 756//756 
f 756//756 763//763 754//754 
f 763//763 764//764 754//754 
f 754//754 764//764 752//752 
f 764//764 765//765 752//752 
f 752//752 765//765 751//751 
f 765//765 766//766 751//751 
f 751//751 766//766 749//749 
f 766//766 766//766 749//749 
f 749//749 766//766 747//747 
f 766//766 767//767 747//747 
f 747//747 767//767 746//746 
f 767//767 746//746 746//746 
f 746//746 746//746 764//764 
f 746//746 764//764 764//764 
f 764//764 764//764 765//765 
f 764//764 763//763 765//765 
f 765//765 763//763 768//768 
f 763//763 762//762 768//768 
f 768//768 762//762 768//768 
f 762//762 769//769 768//768 
f 768//768 769//769 767//767 
f 769//769 770//770 767//767 
f 767//767 770//770 746//746 
f 770//770 770//770 746//746 
f 746//746 770//770 745//745 
f 770//770 771//771 745//745 
f 745//745 771//771 745//745 
f 771//771 772//772 745//745 
f 745//745 772//772 692//692 
f 772//772 772//772 692//692 
f 692//692 772//772 691//691 
f 772//772 773//773 691//691 
f 691//691 773//773 690//690 
f 773//773 690//690 690//690 
f 690//690 690//690 767//767 
f 690//690 767//767 767//767 
f 767//767 767//767 768//768 
f 767//767 766//766 768//768 
f 768//768 766//766 765//765 
f 766//766 765//765 765//765 
f 765//765 765//765 773//773 
f 765//765 773//773 773//773 
f 773//773 773//773 774//774 
f 773//773 772//772 774//774 
f 774//774 772//772 774//774 
f 772//772 771//771 774//774 
f 774//774 771//771 775//775 
f 771//771 771//771 775//775 
f 775//775 771//771 776//776 
f 771//771 770//770 776//776 
f 776//776 770//770 777//777 
f 770//770 770//770 777//777 
f 777//777 770//770 778//778 
f 770//770 769//769 778//778 
f 778//778 769//769 779//779 
f 769//769 762//762 779//779 
f 779//779 762//762 779//779 
f 762//762 761//761 779//779 
f 779//779 761//761 780//780 
f 761//761 781//781 780//780 
f 780//780 781//781 782//782 
f 781//781 760//760 782//782 
f 782//782 760//760 783//783 
f 760//760 759//759 783//783 
f 783//783 759//759 784//784 
f 759//759 785//785 784//784 
f 784//784 785//785 786//786 
f 785//785 787//787 786//786 
f 786//786 787//787 788//788 
f 787//787 789//789 788//788 
f 788//788 789//789 790//790 
f 789//789 791//791 790//790 
f 790//790 791//791 790//790 
f 791//791 792//792 790//790 
f 790//790 792//792 790//790 
f 792//792 793//793 790//790 
f 790//790 793//793 790//790 
f 793//793 794//794 790//790 
f 790//790 794//794 788//788 
f 794//794 795//795 788//788 
f 788//788 795//795 786//786 
f 795//795 796//796 786//786 
f 786//786 796//796 784//784 
f 796//796 797//797 784//784 
f 784//784 797//797 783//783 
f 797//797 798//798 783//783 
f 783//783 798//798 782//782 
f 798//798 782//782 782//782 
f 782//782 782//782 773//773 
f 782//782 773//773 773//773 
f 773//773 773//773 775//775 
f 773//773 774//774 775//775 
f 775//775 774//774 774//774 
f 774//774 781//781 774//774 
f 774//774 781//781 781//781 
f 781//781 761//761 781//781 
f 781//781 761//761 760//760 
f 761//761 760//760 760//760 
f 760//760 760//760 796//796 
f 760//760 796//796 796//796 
f 796//796 796//796 797//797 
f 796//796 795//795 797//797 
f 797//797 795//795 799//799 
f 795//795 794//794 799//799 
f 799//799 794//794 800//800 
f 794//794 794//794 800//800 
f 800//800 794//794 801//801 
f 794//794 793//793 801//801 
f 801//801 793//793 802//802 
f 793//793 803//803 802//802 
f 802//802 803//803 804//804 
f 803//803 792//792 804//804 
f 804//804 792//792 805//805 
f 792//792 791//791 805//805 
f 805//805 791//791 806//806 
f 791//791 807//807 806//806 
f 806//806 807//807 808//808 
f 807//807 809//809 808//808 
f 808//808 809//809 810//810 
f 809//809 811//811 810//810 
f 810//810 811//811 812//812 
f 811//811 813//813 812//812 
f 812//812 813//813 812//812 
f 813//813 814//814 812//812 
f 812//812 814//814 812//812 
f 814//814 815//815 812//812 
f 812//812 815//815 812//812 
f 815//815 816//816 812//812 
f 812//812 816//816 810//810 
f 816//816 817//817 810//810 
f 810//810 817//817 808//808 
f 817//817 818//818 808//808 
f 808//808 818//818 806//806 
f 818//818 819//819 806//806 
f 806//806 819//819 805//805 
f 819//819 820//820 805//805 
f 805//805 820//820 804//804 
f 820//820 804//804 804//804 
f 804//804 804//804 798//798 
f 804//804 798//798 798//798 
f 798//798 798//798 799//799 
f 798//798 797//797 799//799 
f 799//799 797//797 797//797 
f 797//797 803//803 797//797 
f 797//797 803//803 803//803 
f 803//803 793//793 803//803 
f 803//803 793//793 792//792 
f 793//793 792//792 792//792 
f 792//792 792//792 818//818 
f 792//792 818//818 818//818 
f 818//818 818//818 819//819 
f 818//818 817//817 819//819 
f 819//819 817//817 821//821 
f 817//817 816//816 821//821 
f 821//821 816//816 822//822 
f 816//816 816//816 822//822 
f 822//822 816//816 823//823 
f 816//816 815//815 823//823 
f 823//823 815//815 824//824 
f 815//815 825//825 824//824 
f 824//824 825//825 826//826 
f 825//825 814//814 826//826 
f 826//826 814//814 827//827 
f 814//814 813//813 827//827 
f 827//827 813//813 828//828 
f 813//813 829//829 828//828 
f 828//828 829//829 830//830 
f 829//829 831//831 830//830 
f 830//830 831//831 832//832 
f 831//831 833//833 832//832 
f 832//832 833//833 834//834 
f 833//833 835//835 834//834 
f 834//834 835//835 834//834 
f 835//835 836//836 834//834 
f 834//834 836//836 834//834 
f 836//836 837//837 834//834 
f 834//834 837//837 834//834 
f 837//837 838//838 834//834 
f 834//834 838//838 832//832 
f 838//838 839//839 832//832 
f 832//832 839//839 830//830 
f 839//839 840//840 830//830 
f 830//830 840//840 828//828 
f 840//840 841//841 828//828 
f 828//828 841//841 827//827 
f 841//841 842//842 827//827 
f 827//827 842//842 826//826 
f 842//842 826//826 826//826 
f 826//826 826//826 820//820 
f 826//826 820//820 820//820 
f 820//820 820//820 821//821 
f 820//820 819//819 821//821 
f 821//821 819//819 819//819 
f 819//819 825//825 819//819 
f 819//819 825//825 825//825 
f 825//825 815//815 825//825 
f 825//825 815//815 814//814 
f 815//815 814//814 814//814 
f 814//814 814//814 840//840 
f 814//814 840//840 840//840 
f 840//840 840//840 841//841 
f 840//840 839//839 841//841 
f 841//841 839//839 843//843 
f 839//839 838//838 843//843 
f 843//843 838//838 844//844 
f 838//838 838//838 844//844 
f 844//844 838//838 845//845 
f 838//838 837//837 845//845 
f 845//845 837//837 846//846 
f 837//837 847//847 846//846 
f 846//846 847//847 848//848 
f 847//847 836//836 848//848 
f 848//848 836//836 849//849 
f 836//836 835//835 849//849 
f 849//849 835//835 850//850 
f 835//835 851//851 850//850 
f 850//850 851//851 852//852 
f 851//851 853//853 852//852 
f 852//852 853//853 854//854 
f 853//853 855//855 854//854 
f 854//854 855//855 856//856 
f 855//855 857//857 856//856 
f 856//856 857//857 858//858 
f 857//857 859//859 858//858 
f 858//858 859//859 860//860 
f 859//859 861//861 860//860 
f 860//860 861//861 862//862 
f 861//861 863//863 862//862 
f 862//862 863//863 864//864 
f 863//863 865//865 864//864 
f 864//864 865//865 864//864 
f 865//865 866//866 864//864 
f 864//864 866//866 864//864 
f 866//866 867//867 864//864 
f 864//864 867//867 864//864 
f 867//867 868//868 864//864 
f 864//864 868//868 862//862 
f 868//868 869//869 862//862 
f 862//862 869//869 860//860 
f 869//869 870//870 860//860 
f 860//860 870//870 858//858 
f 870//870 871//871 858//858 
f 858//858 871//871 856//856 
f 871//871 872//872 856//856 
f 856//856 872//872 854//854 
f 872//872 873//873 854//854 
f 854//854 873//873 852//852 
f 873//873 874//874 852//852 
f 852//852 874//874 850//850 
f 874//874 874//874 850//850 
f 850//850 874//874 875//875 
f 874//874 873//873 875//875 
f 875//875 873//873 873//873 
f 873//873 842//842 873//873 
f 873//873 842//842 842//842 
f 842//842 841//841 842//842 
f 842//842 841//841 843//843 
f 841//841 843//843 843//843 
f 843//843 843//843 847//847 
f 843//843 847//847 847//847 
f 847//847 847//847 836//836 
f 847//847 837//837 836//836 
f 836//836 837//837 837//837 
f 837//837 870//870 837//837 
f 837//837 870//870 870//870 
f 870//870 869//869 870//870 
f 870//870 869//869 871//871 
f 869//869 876//876 871//871 
f 871//871 876//876 872//872 
f 876//876 872//872 872//872 
f 872//872 872//872 876//876 
f 872//872 876//876 876//876 
f 876//876 876//876 868//868 
f 876//876 869//869 868//868 
f 868//868 869//869 869//869 
f 869//869 850//850 869//869 
f 869//869 850//850 850//850 
f 850//850 875//875 850//850 
f 850//850 875//875 849//849 
f 875//875 877//877 849//849 
f 849//849 877//877 848//848 
f 877//877 848//848 848//848 
f 848//848 848//848 877//877 
f 848//848 877//877 877//877 
f 877//877 877//877 878//878 
f 877//877 875//875 878//878 
f 878//878 875//875 878//878 
f 875//875 873//873 878//878 
f 878//878 873//873 878//878 
f 873//873 872//872 878//878 
f 878//878 872//872 879//879 
f 872//872 876//876 879//879 
f 879//879 876//876 880//880 
f 876//876 868//868 880//880 
f 880//880 868//868 881//881 
f 868//868 867//867 881//881 
f 881//881 867//867 882//882 
f 867//867 867//867 882//882 
f 882//882 867//867 883//883 
f 867//867 866//866 883//883 
f 883//883 866//866 884//884 
f 866//866 885//885 884//884 
f 884//884 885//885 884//884 
f 885//885 886//886 884//884 
f 884//884 886//886 884//884 
f 886//886 887//887 884//884 
f 884//884 887//887 884//884 
f 887//887 888//888 884//884 
f 884//884 888//888 883//883 
f 888//888 889//889 883//883 
f 883//883 889//889 883//883 
f 889//889 890//890 883//883 
f 883//883 890//890 882//882 
f 890//890 891//891 882//882 
f 882//882 891//891 892//892 
f 891//891 893//893 892//892 
f 892//892 893//893 881//881 
f 893//893 893//893 881//881 
f 881//881 893//893 880//880 
f 893//893 894//894 880//880 
f 880//880 894//894 879//879 
f 894//894 879//879 879//879 
f 879//879 879//879 885//885 
f 879//879 885//885 885//885 
f 885//885 885//885 865//865 
f 885//885 866//866 865//865 
f 865//865 866//866 866//866 
f 866//866 882//882 866//866 
f 866//866 882//882 882//882 
f 882//882 892//892 882//882 
f 882//882 892//892 881//881 
f 892//892 881//881 881//881 
f 881//881 881//881 894//894 
f 881//881 894//894 894//894 
f 894//894 894//894 895//895 
f 894//894 893//893 895//895 
f 895//895 893//893 895//895 
f 893//893 891//891 895//895 
f 895//895 891//891 896//896 
f 891//891 890//890 896//896 
f 896//896 890//890 897//897 
f 890//890 889//889 897//897 
f 897//897 889//889 889//889 
f 889//889 897//897 889//889 
f 889//889 897//897 897//897 
f 897//897 898//898 897//897 
f 897//897 898//898 896//896 
f 898//898 899//899 896//896 
f 896//896 899//899 895//895 
f 899//899 900//900 895//895 
f 895//895 900//900 894//894 
f 900//900 900//900 894//894 
f 894//894 900//900 901//901 
f 900//900 900//900 901//901 
f 901//901 900//900 902//902 
f 900//900 903//903 902//902 
f 902//902 903//903 904//904 
f 903//903 899//899 904//904 
f 904//904 899//899 904//904 
f 899//899 898//898 904//904 
f 904//904 898//898 905//905 
f 898//898 898//898 905//905 
f 905//905 898//898 906//906 
f 898//898 897//897 906//906 
f 906//906 897//897 907//907 
f 897//897 889//889 907//907 
f 907//907 889//889 908//908 
f 889//889 888//888 908//908 
f 908//908 888//888 909//909 
f 888//888 887//887 909//909 
f 909//909 887//887 887//887 
f 887//887 900//900 887//887 
f 887//887 900//900 900//900 
f 900//900 899//899 900//900 
f 900//900 899//899 903//903 
f 899//899 903//903 903//903 
f 903//903 903//903 902//902 
f 903//903 902//902 902//902 
f 902//902 902//902 910//910 
f 902//902 904//904 910//910 
f 910//910 904//904 905//905 
f 904//904 905//905 905//905 
f 905//905 905//905 909//909 
f 905//905 909//909 909//909 
f 909//909 909//909 908//908 
f 909//909 911//911 908//908 
f 908//908 911//911 912//912 
f 911//911 913//913 912//912 
f 912//912 913//913 914//914 
f 913//913 913//913 914//914 
f 914//914 913//913 915//915 
f 913//913 911//911 915//915 
f 915//915 911//911 916//916 
f 911//911 909//909 916//916 
f 916//916 909//909 917//917 
f 909//909 909//909 917//917 
f 917//917 909//909 918//918 
f 909//909 887//887 918//918 
f 918//918 887//887 919//919 
f 887//887 886//886 919//919 
f 919//919 886//886 919//919 
f 886//886 885//885 919//919 
f 919//919 885//885 920//920 
f 885//885 865//865 920//920 
f 920//920 865//865 865//865 
f 865//865 908//908 865//865 
f 865//865 908//908 908//908 
f 908//908 912//912 908//908 
f 908//908 912//912 907//907 
f 912//912 912//912 907//907 
f 907//907 912//912 921//921 
f 912//912 914//914 921//921 
f 921//921 914//914 914//914 
f 914//914 920//920 914//914 
f 914//914 920//920 920//920 
f 920//920 922//922 920//920 
f 920//920 922//922 919//919 
f 922//922 922//922 919//919 
f 919//919 922//922 918//918 
f 922//922 923//923 918//918 
f 918//918 923//923 917//917 
f 923//923 924//924 917//917 
f 917//917 924//924 917//917 
f 924//924 925//925 917//917 
f 917//917 925//925 916//916 
f 925//925 926//926 916//916 
f 916//916 926//926 915//915 
f 926//926 927//927 915//915 
f 915//915 927//927 914//914 
f 927//927 928//928 914//914 
f 914//914 928//928 921//921 
f 928//928 929//929 921//921 
f 921//921 929//929 921//921 
f 929//929 930//930 921//921 
f 921//921 930//930 907//907 
f 930//930 931//931 907//907 
f 907//907 931//931 906//906 
f 931//931 932//932 906//906 
f 906//906 932//932 905//905 
f 932//932 933//933 905//905 
f 905//905 933//933 905//905 
f 933//933 934//934 905//905 
f 905//905 934//934 910//910 
f 934//934 935//935 910//910 
f 910//910 935//935 910//910 
f 935//935 936//936 910//910 
f 910//910 936//936 902//902 
f 936//936 936//936 902//902 
f 902//902 936//936 901//901 
f 936//936 937//937 901//901 
f 901//901 937//937 901//901 
f 937//937 938//938 901//901 
f 901//901 938//938 894//894 
f 938//938 939//939 894//894 
f 894//894 939//939 879//879 
f 939//939 939//939 879//879 
f 879//879 939//939 878//878 
f 939//939 939//939 878//878 
f 878//878 939//939 877//877 
f 939//939 940//940 877//877 
f 877//877 940//940 848//848 
f 940//940 940//940 848//848 
f 848//848 940//940 846//846 
f 940//940 940//940 846//846 
f 846//846 940//940 941//941 
f 940//940 938//938 941//941 
f 941//941 938//938 941//941 
f 938//938 937//937 941//941 
f 941//941 937//937 942//942 
f 937//937 937//937 942//942 
f 942//942 937//937 943//943 
f 937//937 936//936 943//943 
f 943//943 936//936 944//944 
f 936//936 935//935 944//944 
f 944//944 935//935 945//945 
f 935//935 935//935 945//945 
f 945//945 935//935 946//946 
f 935//935 934//934 946//946 
f 946//946 934//934 947//947 
f 934//934 933//933 947//947 
f 947//947 933//933 948//948 
f 933//933 933//933 948//948 
f 948//948 933//933 949//949 
f 933//933 932//932 949//949 
f 949//949 932//932 950//950 
f 932//932 931//931 950//950 
f 950//950 931//931 951//951 
f 931//931 930//930 951//951 
f 951//951 930//930 952//952 
f 930//930 929//929 952//952 
f 952//952 929//929 952//952 
f 929//929 953//953 952//952 
f 952//952 953//953 951//951 
f 953//953 954//954 951//951 
f 951//951 954//954 950//950 
f 954//954 955//955 950//950 
f 950//950 955//955 950//950 
f 955//955 956//956 950//950 
f 950//950 956//956 949//949 
f 956//956 957//957 949//949 
f 949//949 957//957 948//948 
f 957//957 957//957 948//948 
f 948//948 957//957 947//947 
f 957//957 958//958 947//947 
f 947//947 958//958 946//946 
f 958//958 946//946 946//946 
f 946//946 946//946 938//938 
f 946//946 938//938 938//938 
f 938//938 938//938 939//939 
f 938//938 940//940 939//939 
f 939//939 940//940 940//940 
f 940//940 958//958 940//940 
f 940//940 958//958 958//958 
f 958//958 957//957 958//958 
f 958//958 957//957 959//959 
f 957//957 956//956 959//959 
f 959//959 956//956 960//960 
f 956//956 955//955 960//960 
f 960//960 955//955 955//955 
f 955//955 960//960 955//955 
f 955//955 960//960 960//960 
f 960//960 961//961 960//960 
f 960//960 961//961 959//959 
f 961//961 962//962 959//959 
f 959//959 962//962 958//958 
f 962//962 963//963 958//958 
f 958//958 963//963 946//946 
f 963//963 964//964 946//946 
f 946//946 964//964 946//946 
f 964//964 965//965 946//946 
f 946//946 965//965 945//945 
f 965//965 966//966 945//945 
f 945//945 966//966 945//945 
f 966//966 967//967 945//945 
f 945//945 967//967 944//944 
f 967//967 968//968 944//944 
f 944//944 968//968 943//943 
f 968//968 969//969 943//943 
f 943//943 969//969 942//942 
f 969//969 969//969 942//942 
f 942//942 969//969 970//970 
f 969//969 968//968 970//970 
f 970//970 968//968 971//971 
f 968//968 967//967 971//971 
f 971//971 967//967 972//972 
f 967//967 966//966 972//972 
f 972//972 966//966 973//973 
f 966//966 966//966 973//973 
f 973//973 966//966 974//974 
f 966//966 965//965 974//974 
f 974//974 965//965 975//975 
f 965//965 964//964 975//975 
f 975//975 964//964 976//976 
f 964//964 964//964 976//976 
f 976//976 964//964 977//977 
f 964//964 963//963 977//977 
f 977//977 963//963 978//978 
f 963//963 962//962 978//978 
f 978//978 962//962 979//979 
f 962//962 961//961 979//979 
f 979//979 961//961 980//980 
f 961//961 961//961 980//980 
f 980//980 961//961 981//981 
f 961//961 960//960 981//981 
f 981//981 960//960 982//982 
f 960//960 955//955 982//982 
f 982//982 955//955 983//983 
f 955//955 954//954 983//983 
f 983//983 954//954 984//984 
f 954//954 953//953 984//984 
f 984//984 953//953 985//985 
f 953//953 929//929 985//985 
f 985//985 929//929 985//985 
f 929//929 928//928 985//985 
f 985//985 928//928 986//986 
f 928//928 927//927 986//986 
f 986//986 927//927 987//987 
f 927//927 926//926 987//987 
f 987//987 926//926 988//988 
f 926//926 926//926 988//988 
f 988//988 926//926 989//989 
f 926//926 925//925 989//989 
f 989//989 925//925 990//990 
f 925//925 924//924 990//990 
f 990//990 924//924 924//924 
f 924//924 978//978 924//924 
f 924//924 978//978 978//978 
f 978//978 979//979 978//978 
f 978//978 979//979 977//977 
f 979//979 991//991 977//977 
f 977//977 991//991 976//976 
f 991//991 976//976 976//976 
f 976//976 976//976 991//991 
f 976//976 991//991 991//991 
f 991//991 991//991 980//980 
f 991//991 979//979 980//980 
f 980//980 979//979 979//979 
f 979//979 990//990 979//979 
f 979//979 990//990 990//990 
f 990//990 992//992 990//990 
f 990//990 992//992 989//989 
f 992//992 993//993 989//989 
f 989//989 993//993 988//988 
f 993//993 988//988 988//988 
f 988//988 988//988 993//993 
f 988//988 993//993 993//993 
f 993//993 993//993 994//994 
f 993//993 992//992 994//994 
f 994//994 992//992 994//994 
f 992//992 990//990 994//994 
f 994//994 990//990 995//995 
f 990//990 924//924 995//995 
f 995//995 924//924 995//995 
f 924//924 996//996 995//995 
f 995//995 996//996 995//995 
f 996//996 997//997 995//995 
f 995//995 997//997 995//995 
f 997//997 998//998 995//995 
f 995//995 998//998 994//994 
f 998//998 999//999 994//994 
f 994//994 999//999 993//993 
f 999//999 1000//1000 993//993 
f 993//993 1000//1000 988//988 
f 1000//1000 1001//1001 988//988 
f 988//988 1001//1001 987//987 
f 1001//1001 1002//1002 987//987 
f 987//987 1002//1002 986//986 
f 1002//1002 1003//1003 986//986 
f 986//986 1003//1003 985//985 
f 1003//1003 1003//1003 985//985 
f 985//985 1003//1003 984//984 
f 1003//1003 1004//1004 984//984 
f 984//984 1004//1004 984//984 
f 1004//1004 1005//1005 984//984 
f 984//984 1005//1005 983//983 
f 1005//1005 1006//1006 983//983 
f 983//983 1006//1006 982//982 
f 1006//1006 1006//1006 982//982 
f 982//982 1006//1006 1007//1007 
f 1006//1006 1006//1006 1007//1007 
f 1007//1007 1006//1006 1008//1008 
f 1006//1006 1009//1009 1008//1008 
f 1008//1008 1009//1009 1010//1010 
f 1009//1009 1005//1005 1010//1010 
f 1010//1010 1005//1005 1004//1004 
f 1005//1005 1004//1004 1004//1004 
f 1004//1004 1004//1004 1006//1006 
f 1004//1004 1006//1006 1006//1006 
f 1006//1006 1006//1006 1009//1009 
f 1006//1006 1005//1005 1009//1009 
f 1009//1009 1005//1005 1005//1005 
f 1005//1005 416//416 1005//1005 
f 1005//1005 416//416 416//416 
f 416//416 1011//1011 416//416 
f 416//416 1011//1011 415//415 
f 1011//1011 1007//1007 415//415 
f 415//415 1007//1007 414//414 
f 1007//1007 1008//1008 414//414 
f 414//414 1008//1008 413//413 
f 1008//1008 1010//1010 413//413 
f 413//413 1010//1010 1010//1010 
f 1010//1010 1007//1007 1010//1010 
f 1010//1010 1007//1007 1007//1007 
f 1007//1007 1011//1011 1007//1007 
f 1007//1007 1011//1011 982//982 
f 1011//1011 1012//1012 982//982 
f 982//982 1012//1012 981//981 
f 1012//1012 1013//1013 981//981 
f 981//981 1013//1013 980//980 
f 1013//1013 980//980 980//980 
f 980//980 980//980 416//416 
f 980//980 416//416 416//416 
f 416//416 416//416 1011//1011 
f 416//416 417//417 1011//1011 
f 1011//1011 417//417 1012//1012 
f 417//417 418//418 1012//1012 
f 1012//1012 418//418 1013//1013 
f 418//418 418//418 1013//1013 
f 1013//1013 418//418 1014//1014 
f 418//418 419//419 1014//1014 
f 1014//1014 419//419 1015//1015 
f 419//419 420//420 1015//1015 
f 1015//1015 420//420 1016//1016 
f 420//420 421//421 1016//1016 
f 1016//1016 421//421 1017//1017 
f 421//421 422//422 1017//1017 
f 1017//1017 422//422 1017//1017 
f 422//422 423//423 1017//1017 
f 1017//1017 423//423 1018//1018 
f 423//423 424//424 1018//1018 
f 1018//1018 424//424 424//424 
f 424//424 1018//1018 424//424 
f 424//424 1018//1018 1018//1018 
f 1018//1018 1019//1019 1018//1018 
f 1018//1018 1019//1019 1017//1017 
f 1019//1019 1019//1019 1017//1017 
f 1017//1017 1019//1019 1016//1016 
f 1019//1019 1020//1020 1016//1016 
f 1016//1016 1020//1020 1015//1015 
f 1020//1020 1021//1021 1015//1015 
f 1015//1015 1021//1021 1014//1014 
f 1021//1021 1022//1022 1014//1014 
f 1014//1014 1022//1022 1013//1013 
f 1022//1022 1022//1022 1013//1013 
f 1013//1013 1022//1022 980//980 
f 1022//1022 1023//1023 980//980 
f 980//980 1023//1023 991//991 
f 1023//1023 1024//1024 991//991 
f 991//991 1024//1024 976//976 
f 1024//1024 1025//1025 976//976 
f 976//976 1025//1025 976//976 
f 1025//1025 1026//1026 976//976 
f 976//976 1026//1026 975//975 
f 1026//1026 1027//1027 975//975 
f 975//975 1027//1027 974//974 
f 1027//1027 974//974 974//974 
f 974//974 974//974 1021//1021 
f 974//974 1021//1021 1021//1021 
f 1021//1021 1021//1021 1022//1022 
f 1021//1021 1020//1020 1022//1022 
f 1022//1022 1020//1020 1023//1023 
f 1020//1020 1019//1019 1023//1023 
f 1023//1023 1019//1019 1024//1024 
f 1019//1019 1024//1024 1024//1024 
f 1024//1024 1024//1024 1027//1027 
f 1024//1024 1027//1027 1027//1027 
f 1027//1027 1027//1027 1028//1028 
f 1027//1027 1026//1026 1028//1028 
f 1028//1028 1026//1026 1029//1029 
f 1026//1026 1025//1025 1029//1029 
f 1029//1029 1025//1025 1025//1025 
f 1025//1025 1029//1029 1025//1025 
f 1025//1025 1029//1029 1029//1029 
f 1029//1029 1030//1030 1029//1029 
f 1029//1029 1030//1030 1028//1028 
f 1030//1030 1030//1030 1028//1028 
f 1028//1028 1030//1030 1027//1027 
f 1030//1030 1031//1031 1027//1027 
f 1027//1027 1031//1031 974//974 
f 1031//1031 1032//1032 974//974 
f 974//974 1032//1032 973//973 
f 1032//1032 973//973 973//973 
f 973//973 973//973 1032//1032 
f 973//973 1032//1032 1032//1032 
f 1032//1032 1032//1032 1033//1033 
f 1032//1032 1031//1031 1033//1033 
f 1033//1033 1031//1031 1034//1034 
f 1031//1031 1030//1030 1034//1034 
f 1034//1034 1030//1030 1035//1035 
f 1030//1030 1029//1029 1035//1035 
f 1035//1035 1029//1029 1036//1036 
f 1029//1029 1025//1025 1036//1036 
f 1036//1036 1025//1025 1037//1037 
f 1025//1025 1024//1024 1037//1037 
f 1037//1037 1024//1024 1037//1037 
f 1024//1024 1019//1019 1037//1037 
f 1037//1037 1019//1019 1038//1038 
f 1019//1019 1018//1018 1038//1038 
f 1038//1038 1018//1018 1018//1018 
f 1018//1018 1038//1038 1018//1018 
f 1018//1018 1038//1038 1038//1038 
f 1038//1038 1039//1039 1038//1038 
f 1038//1038 1039//1039 1037//1037 
f 1039//1039 1039//1039 1037//1037 
f 1037//1037 1039//1039 1036//1036 
f 1039//1039 1040//1040 1036//1036 
f 1036//1036 1040//1040 1035//1035 
f 1040//1040 1041//1041 1035//1035 
f 1035//1035 1041//1041 1034//1034 
f 1041//1041 1041//1041 1034//1034 
f 1034//1034 1041//1041 1042//1042 
f 1041//1041 1041//1041 1042//1042 
f 1042//1042 1041//1041 1043//1043 
f 1041//1041 1044//1044 1043//1043 
f 1043//1043 1044//1044 1045//1045 
f 1044//1044 1040//1040 1045//1045 
f 1045//1045 1040//1040 1045//1045 
f 1040//1040 1039//1039 1045//1045 
f 1045//1045 1039//1039 1046//1046 
f 1039//1039 1038//1038 1046//1046 
f 1046//1046 1038//1038 1038//1038 
f 1038//1038 1041//1041 1038//1038 
f 1038//1038 1041//1041 1041//1041 
f 1041//1041 1040//1040 1041//1041 
f 1041//1041 1040//1040 1044//1044 
f 1040//1040 1044//1044 1044//1044 
f 1044//1044 1044//1044 1046//1046 
f 1044//1044 1046//1046 1046//1046 
f 1046//1046 1046//1046 1045//1045 
f 1046//1046 1047//1047 1045//1045 
f 1045//1045 1047//1047 1043//1043 
f 1047//1047 1048//1048 1043//1043 
f 1043//1043 1048//1048 1042//1042 
f 1048//1048 1042//1042 1042//1042 
f 1042//1042 1042//1042 1038//1038 
f 1042//1042 1038//1038 1038//1038 
f 1038//1038 1038//1038 1046//1046 
f 1038//1038 1049//1049 1046//1046 
f 1046//1046 1049//1049 1046//1046 
f 1049//1049 1050//1050 1046//1046 
f 1046//1046 1050//1050 1046//1046 
f 1050//1050 1051//1051 1046//1046 
f 1046//1046 1051//1051 1047//1047 
f 1051//1051 1052//1052 1047//1047 
f 1047//1047 1052//1052 1048//1048 
f 1052//1052 1048//1048 1048//1048 
f 1048//1048 1048//1048 1038//1038 
f 1048//1048 1038//1038 1038//1038 
f 1038//1038 1038//1038 1049//1049 
f 1038//1038 1018//1018 1049//1049 
f 1049//1049 1018//1018 1049//1049 
f 1018//1018 424//424 1049//1049 
f 1049//1049 424//424 1053//1053 
f 424//424 425//425 1053//1053 
f 1053//1053 425//425 1054//1054 
f 425//425 426//426 1054//1054 
f 1054//1054 426//426 1055//1055 
f 426//426 427//427 1055//1055 
f 1055//1055 427//427 1056//1056 
f 427//427 428//428 1056//1056 
f 1056//1056 428//428 1056//1056 
f 428//428 429//429 1056//1056 
f 1056//1056 429//429 1057//1057 
f 429//429 430//430 1057//1057 
f 1057//1057 430//430 1058//1058 
f 430//430 679//679 1058//1058 
f 1058//1058 679//679 1059//1059 
f 679//679 682//682 1059//1059 
f 1059//1059 682//682 1059//1059 
f 682//682 681//681 1059//1059 
f 1059//1059 681//681 1060//1060 
f 681//681 680//680 1060//1060 
f 1060//1060 680//680 680//680 
f 680//680 1050//1050 680//680 
f 680//680 1050//1050 1050//1050 
f 1050//1050 1049//1049 1050//1050 
f 1050//1050 1049//1049 1053//1053 
f 1049//1049 1053//1053 1053//1053 
f 1053//1053 1053//1053 1060//1060 
f 1053//1053 1060//1060 1060//1060 
f 1060//1060 1060//1060 1059//1059 
f 1060//1060 1061//1061 1059//1059 
f 1059//1059 1061//1061 1058//1058 
f 1061//1061 1062//1062 1058//1058 
f 1058//1058 1062//1062 1057//1057 
f 1062//1062 1063//1063 1057//1057 
f 1057//1057 1063//1063 1056//1056 
f 1063//1063 1063//1063 1056//1056 
f 1056//1056 1063//1063 1055//1055 
f 1063//1063 1064//1064 1055//1055 
f 1055//1055 1064//1064 1054//1054 
f 1064//1064 1065//1065 1054//1054 
f 1054//1054 1065//1065 1053//1053 
f 1065//1065 1065//1065 1053//1053 
f 1053//1053 1065//1065 1050//1050 
f 1065//1065 1064//1064 1050//1050 
f 1050//1050 1064//1064 1051//1051 
f 1064//1064 1063//1063 1051//1051 
f 1051//1051 1063//1063 1052//1052 
f 1063//1063 1066//1066 1052//1052 
f 1052//1052 1066//1066 1052//1052 
f 1066//1066 1067//1067 1052//1052 
f 1052//1052 1067//1067 1048//1048 
f 1067//1067 1068//1068 1048//1048 
f 1048//1048 1068//1068 1048//1048 
f 1068//1068 1069//1069 1048//1048 
f 1048//1048 1069//1069 1042//1042 
f 1069//1069 1070//1070 1042//1042 
f 1042//1042 1070//1070 1034//1034 
f 1070//1070 1071//1071 1034//1034 
f 1034//1034 1071//1071 1033//1033 
f 1071//1071 1072//1072 1033//1033 
f 1033//1033 1072//1072 1033//1033 
f 1072//1072 1073//1073 1033//1033 
f 1033//1033 1073//1073 1032//1032 
f 1073//1073 1074//1074 1032//1032 
f 1032//1032 1074//1074 973//973 
f 1074//1074 1075//1075 973//973 
f 973//973 1075//1075 972//972 
f 1075//1075 1076//1076 972//972 
f 972//972 1076//1076 971//971 
f 1076//1076 1077//1077 971//971 
f 971//971 1077//1077 970//970 
f 1077//1077 1078//1078 970//970 
f 970//970 1078//1078 942//942 
f 1078//1078 1078//1078 942//942 
f 942//942 1078//1078 941//941 
f 1078//1078 845//845 941//941 
f 941//941 845//845 846//846 
f 845//845 846//846 846//846 
f 846//846 846//846 1066//1066 
f 846//846 1066//1066 1066//1066 
f 1066//1066 1066//1066 1062//1062 
f 1066//1066 1063//1063 1062//1062 
f 1062//1062 1063//1063 1063//1063 
f 1063//1063 1075//1075 1063//1063 
f 1063//1063 1075//1075 1075//1075 
f 1075//1075 1074//1074 1075//1075 
f 1075//1075 1074//1074 1076//1076 
f 1074//1074 1079//1079 1076//1076 
f 1076//1076 1079//1079 1077//1077 
f 1079//1079 1077//1077 1077//1077 
f 1077//1077 1077//1077 1074//1074 
f 1077//1077 1074//1074 1074//1074 
f 1074//1074 1074//1074 1079//1079 
f 1074//1074 1073//1073 1079//1079 
f 1079//1079 1073//1073 1073//1073 
f 1073//1073 845//845 1073//1073 
f 1073//1073 845//845 845//845 
f 845//845 1078//1078 845//845 
f 845//845 1078//1078 844//844 
f 1078//1078 1077//1077 844//844 
f 844//844 1077//1077 844//844 
f 1077//1077 1080//1080 844//844 
f 844//844 1080//1080 843//843 
f 1080//1080 1080//1080 843//843 
f 843//843 1080//1080 842//842 
f 1080//1080 1081//1081 842//842 
f 842//842 1081//1081 826//826 
f 1081//1081 1081//1081 826//826 
f 826//826 1081//1081 824//824 
f 1081//1081 1082//1082 824//824 
f 824//824 1082//1082 823//823 
f 1082//1082 1083//1083 823//823 
f 823//823 1083//1083 822//822 
f 1083//1083 1084//1084 822//822 
f 822//822 1084//1084 822//822 
f 1084//1084 1085//1085 822//822 
f 822//822 1085//1085 821//821 
f 1085//1085 1085//1085 821//821 
f 821//821 1085//1085 820//820 
f 1085//1085 1086//1086 820//820 
f 820//820 1086//1086 804//804 
f 1086//1086 1086//1086 804//804 
f 804//804 1086//1086 802//802 
f 1086//1086 1087//1087 802//802 
f 802//802 1087//1087 801//801 
f 1087//1087 1088//1088 801//801 
f 801//801 1088//1088 800//800 
f 1088//1088 1089//1089 800//800 
f 800//800 1089//1089 800//800 
f 1089//1089 1090//1090 800//800 
f 800//800 1090//1090 799//799 
f 1090//1090 1090//1090 799//799 
f 799//799 1090//1090 798//798 
f 1090//1090 1091//1091 798//798 
f 798//798 1091//1091 782//782 
f 1091//1091 1091//1091 782//782 
f 782//782 1091//1091 780//780 
f 1091//1091 1092//1092 780//780 
f 780//780 1092//1092 779//779 
f 1092//1092 1092//1092 779//779 
f 779//779 1092//1092 778//778 
f 1092//1092 1093//1093 778//778 
f 778//778 1093//1093 777//777 
f 1093//1093 1094//1094 777//777 
f 777//777 1094//1094 777//777 
f 1094//1094 1095//1095 777//777 
f 777//777 1095//1095 776//776 
f 1095//1095 1096//1096 776//776 
f 776//776 1096//1096 775//775 
f 1096//1096 1097//1097 775//775 
f 775//775 1097//1097 773//773 
f 1097//1097 1097//1097 773//773 
f 773//773 1097//1097 690//690 
f 1097//1097 1098//1098 690//690 
f 690//690 1098//1098 711//711 
f 1098//1098 711//711 711//711 
f 711//711 711//711 1098//1098 
f 711//711 1098//1098 1098//1098 
f 1098//1098 1098//1098 1099//1099 
f 1098//1098 1097//1097 1099//1099 
f 1099//1099 1097//1097 1099//1099 
f 1097//1097 1096//1096 1099//1099 
f 1099//1099 1096//1096 1100//1100 
f 1096//1096 1095//1095 1100//1100 
f 1100//1100 1095//1095 1101//1101 
f 1095//1095 1094//1094 1101//1101 
f 1101//1101 1094//1094 1101//1101 
f 1094//1094 1093//1093 1101//1101 
f 1101//1101 1093//1093 1102//1102 
f 1093//1093 1092//1092 1102//1102 
f 1102//1102 1092//1092 1103//1103 
f 1092//1092 1091//1091 1103//1103 
f 1103//1103 1091//1091 1103//1103 
f 1091//1091 1090//1090 1103//1103 
f 1103//1103 1090//1090 1103//1103 
f 1090//1090 1089//1089 1103//1103 
f 1103//1103 1089//1089 1103//1103 
f 1089//1089 1104//1104 1103//1103 
f 1103//1103 1104//1104 1102//1102 
f 1104//1104 1105//1105 1102//1102 
f 1102//1102 1105//1105 1101//1101 
f 1105//1105 1105//1105 1101//1101 
f 1101//1101 1105//1105 1100//1100 
f 1105//1105 1106//1106 1100//1100 
f 1100//1100 1106//1106 1099//1099 
f 1106//1106 1107//1107 1099//1099 
f 1099//1099 1107//1107 1098//1098 
f 1107//1107 1108//1108 1098//1098 
f 1098//1098 1108//1108 711//711 
f 1108//1108 1108//1108 711//711 
f 711//711 1108//1108 686//686 
f 1108//1108 1109//1109 686//686 
f 686//686 1109//1109 685//685 
f 1109//1109 1110//1110 685//685 
f 685//685 1110//1110 684//684 
f 1110//1110 1111//1111 684//684 
f 684//684 1111//1111 683//683 
f 1111//1111 683//683 683//683 
f 683//683 683//683 1109//1109 
f 683//683 1109//1109 1109//1109 
f 1109//1109 1109//1109 1112//1112 
f 1109//1109 1108//1108 1112//1112 
f 1112//1112 1108//1108 1112//1112 
f 1108//1108 1107//1107 1112//1112 
f 1112//1112 1107//1107 1112//1112 
f 1107//1107 1113//1113 1112//1112 
f 1112//1112 1113//1113 1114//1114 
f 1113//1113 1115//1115 1114//1114 
f 1114//1114 1115//1115 1111//1111 
f 1115//1115 1116//1116 1111//1111 
f 1111//1111 1116//1116 683//683 
f 1116//1116 1116//1116 683//683 
f 683//683 1116//1116 680//680 
f 1116//1116 1117//1117 680//680 
f 680//680 1117//1117 1060//1060 
f 1117//1117 1118//1118 1060//1060 
f 1060//1060 1118//1118 1061//1061 
f 1118//1118 1119//1119 1061//1061 
f 1061//1061 1119//1119 1061//1061 
f 1119//1119 1120//1120 1061//1061 
f 1061//1061 1120//1120 1062//1062 
f 1120//1120 1120//1120 1062//1062 
f 1062//1062 1120//1120 1066//1066 
f 1120//1120 1121//1121 1066//1066 
f 1066//1066 1121//1121 1067//1067 
f 1121//1121 1122//1122 1067//1067 
f 1067//1067 1122//1122 1068//1068 
f 1122//1122 1123//1123 1068//1068 
f 1068//1068 1123//1123 1124//1124 
f 1123//1123 1123//1123 1124//1124 
f 1124//1124 1123//1123 1125//1125 
f 1123//1123 1122//1122 1125//1125 
f 1125//1125 1122//1122 1126//1126 
f 1122//1122 1121//1121 1126//1126 
f 1126//1126 1121//1121 1127//1127 
f 1121//1121 1120//1120 1127//1127 
f 1127//1127 1120//1120 1127//1127 
f 1120//1120 1119//1119 1127//1127 
f 1127//1127 1119//1119 1128//1128 
f 1119//1119 1119//1119 1128//1128 
f 1128//1128 1119//1119 1129//1129 
f 1119//1119 1118//1118 1129//1129 
f 1129//1129 1118//1118 1130//1130 
f 1118//1118 1117//1117 1130//1130 
f 1130//1130 1117//1117 1131//1131 
f 1117//1117 1116//1116 1131//1131 
f 1131//1131 1116//1116 1131//1131 
f 1116//1116 1115//1115 1131//1131 
f 1131//1131 1115//1115 1132//1132 
f 1115//1115 1113//1113 1132//1132 
f 1132//1132 1113//1113 1113//1113 
f 1113//1113 1111//1111 1113//1113 
f 1113//1113 1111//1111 1111//1111 
f 1111//1111 1110//1110 1111//1111 
f 1111//1111 1110//1110 1114//1114 
f 1110//1110 1133//1133 1114//1114 
f 1114//1114 1133//1133 1112//1112 
f 1133//1133 1133//1133 1112//1112 
f 1112//1112 1133//1133 1109//1109 
f 1133//1133 1110//1110 1109//1109 
f 1109//1109 1110//1110 1110//1110 
f 1110//1110 1124//1124 1110//1110 
f 1110//1110 1124//1124 1124//1124 
f 1124//1124 1069//1069 1124//1124 
f 1124//1124 1069//1069 1068//1068 
f 1069//1069 1068//1068 1068//1068 
f 1068//1068 1068//1068 1132//1132 
f 1068//1068 1132//1132 1132//1132 
f 1132//1132 1132//1132 1131//1131 
f 1132//1132 1134//1134 1131//1131 
f 1131//1131 1134//1134 1130//1130 
f 1134//1134 1130//1130 1130//1130 
f 1130//1130 1130//1130 1113//1113 
f 1130//1130 1113//1113 1113//1113 
f 1113//1113 1113//1113 1132//1132 
f 1113//1113 1135//1135 1132//1132 
f 1132//1132 1135//1135 1136//1136 
f 1135//1135 1137//1137 1136//1136 
f 1136//1136 1137//1137 1134//1134 
f 1137//1137 1138//1138 1134//1134 
f 1134//1134 1138//1138 1130//1130 
f 1138//1138 1139//1139 1130//1130 
f 1130//1130 1139//1139 1129//1129 
f 1139//1139 1140//1140 1129//1129 
f 1129//1129 1140//1140 1128//1128 
f 1140//1140 1140//1140 1128//1128 
f 1128//1128 1140//1140 1127//1127 
f 1140//1140 1140//1140 1127//1127 
f 1127//1127 1140//1140 1126//1126 
f 1140//1140 1141//1141 1126//1126 
f 1126//1126 1141//1141 1125//1125 
f 1141//1141 1125//1125 1125//1125 
f 1125//1125 1125//1125 1132//1132 
f 1125//1125 1132//1132 1132//1132 
f 1132//1132 1132//1132 1134//1134 
f 1132//1132 1136//1136 1134//1134 
f 1134//1134 1136//1136 1136//1136 
f 1136//1136 1113//1113 1136//1136 
f 1136//1136 1113//1113 1113//1113 
f 1113//1113 1107//1107 1113//1113 
f 1113//1113 1107//1107 1135//1135 
f 1107//1107 1142//1142 1135//1135 
f 1135//1135 1142//1142 1137//1137 
f 1142//1142 1143//1143 1137//1137 
f 1137//1137 1143//1143 1138//1138 
f 1143//1143 1144//1144 1138//1138 
f 1138//1138 1144//1144 1139//1139 
f 1144//1144 1141//1141 1139//1139 
f 1139//1139 1141//1141 1140//1140 
f 1141//1141 1140//1140 1140//1140 
f 1140//1140 1140//1140 1107//1107 
f 1140//1140 1107//1107 1107//1107 
f 1107//1107 1107//1107 1142//1142 
f 1107//1107 1106//1106 1142//1142 
f 1142//1142 1106//1106 1145//1145 
f 1106//1106 1105//1105 1145//1145 
f 1145//1145 1105//1105 1146//1146 
f 1105//1105 1104//1104 1146//1146 
f 1146//1146 1104//1104 1104//1104 
f 1104//1104 1142//1142 1104//1104 
f 1104//1104 1142//1142 1142//1142 
f 1142//1142 1145//1145 1142//1142 
f 1142//1142 1145//1145 1143//1143 
f 1145//1145 1147//1147 1143//1143 
f 1143//1143 1147//1147 1148//1148 
f 1147//1147 1149//1149 1148//1148 
f 1148//1148 1149//1149 1148//1148 
f 1149//1149 1150//1150 1148//1148 
f 1148//1148 1150//1150 1148//1148 
f 1150//1150 1151//1151 1148//1148 
f 1148//1148 1151//1151 1144//1144 
f 1151//1151 1141//1141 1144//1144 
f 1144//1144 1141//1141 1141//1141 
f 1141//1141 1145//1145 1141//1141 
f 1141//1141 1145//1145 1145//1145 
f 1145//1145 1146//1146 1145//1145 
f 1145//1145 1146//1146 1147//1147 
f 1146//1146 1152//1152 1147//1147 
f 1147//1147 1152//1152 1149//1149 
f 1152//1152 1153//1153 1149//1149 
f 1149//1149 1153//1153 1154//1154 
f 1153//1153 1089//1089 1154//1154 
f 1154//1154 1089//1089 1155//1155 
f 1089//1089 1088//1088 1155//1155 
f 1155//1155 1088//1088 1156//1156 
f 1088//1088 1087//1087 1156//1156 
f 1156//1156 1087//1087 1157//1157 
f 1087//1087 1087//1087 1157//1157 
f 1157//1157 1087//1087 1158//1158 
f 1087//1087 1086//1086 1158//1158 
f 1158//1158 1086//1086 1158//1158 
f 1086//1086 1085//1085 1158//1158 
f 1158//1158 1085//1085 1158//1158 
f 1085//1085 1084//1084 1158//1158 
f 1158//1158 1084//1084 1159//1159 
f 1084//1084 1160//1160 1159//1159 
f 1159//1159 1160//1160 1159//1159 
f 1160//1160 1161//1161 1159//1159 
f 1159//1159 1161//1161 1159//1159 
f 1161//1161 1162//1162 1159//1159 
f 1159//1159 1162//1162 1157//1157 
f 1162//1162 1163//1163 1157//1157 
f 1157//1157 1163//1163 1156//1156 
f 1163//1163 1164//1164 1156//1156 
f 1156//1156 1164//1164 1155//1155 
f 1164//1164 1164//1164 1155//1155 
f 1155//1155 1164//1164 1165//1165 
f 1164//1164 1163//1163 1165//1165 
f 1165//1165 1163//1163 1163//1163 
f 1163//1163 1148//1148 1163//1163 
f 1163//1163 1148//1148 1148//1148 
f 1148//1148 1144//1144 1148//1148 
f 1148//1148 1144//1144 1143//1143 
f 1144//1144 1143//1143 1143//1143 
f 1143//1143 1143//1143 1152//1152 
f 1143//1143 1152//1152 1152//1152 
f 1152//1152 1152//1152 1153//1153 
f 1152//1152 1146//1146 1153//1153 
f 1153//1153 1146//1146 1153//1153 
f 1146//1146 1104//1104 1153//1153 
f 1153//1153 1104//1104 1089//1089 
f 1104//1104 1089//1089 1089//1089 
f 1089//1089 1089//1089 1149//1149 
f 1089//1089 1149//1149 1149//1149 
f 1149//1149 1149//1149 1150//1150 
f 1149//1149 1154//1154 1150//1150 
f 1150//1150 1154//1154 1165//1165 
f 1154//1154 1155//1155 1165//1165 
f 1165//1165 1155//1155 1155//1155 
f 1155//1155 1159//1159 1155//1155 
f 1155//1155 1159//1159 1159//1159 
f 1159//1159 1157//1157 1159//1159 
f 1159//1159 1157//1157 1158//1158 
f 1157//1157 1158//1158 1158//1158 
f 1158//1158 1158//1158 1150//1150 
f 1158//1158 1150//1150 1150//1150 
f 1150//1150 1150//1150 1166//1166 
f 1150//1150 1165//1165 1166//1166 
f 1166//1166 1165//1165 1166//1166 
f 1165//1165 1163//1163 1166//1166 
f 1166//1166 1163//1163 1166//1166 
f 1163//1163 1162//1162 1166//1166 
f 1166//1166 1162//1162 1166//1166 
f 1162//1162 1167//1167 1166//1166 
f 1166//1166 1167//1167 1151//1151 
f 1167//1167 1167//1167 1151//1151 
f 1151//1151 1167//1167 1141//1141 
f 1167//1167 1168//1168 1141//1141 
f 1141//1141 1168//1168 1125//1125 
f 1168//1168 1168//1168 1125//1125 
f 1125//1125 1168//1168 1124//1124 
f 1168//1168 1169//1169 1124//1124 
f 1124//1124 1169//1169 1069//1069 
f 1169//1169 1169//1169 1069//1069 
f 1069//1069 1169//1169 1070//1070 
f 1169//1169 1170//1170 1070//1070 
f 1070//1070 1170//1170 1071//1071 
f 1170//1170 1171//1171 1071//1071 
f 1071//1071 1171//1171 1072//1072 
f 1171//1171 1172//1172 1072//1072 
f 1072//1072 1172//1172 1072//1072 
f 1172//1172 1173//1173 1072//1072 
f 1072//1072 1173//1173 1073//1073 
f 1173//1173 1174//1174 1073//1073 
f 1073//1073 1174//1174 1079//1079 
f 1174//1174 1175//1175 1079//1079 
f 1079//1079 1175//1175 1077//1077 
f 1175//1175 1175//1175 1077//1077 
f 1077//1077 1175//1175 1080//1080 
f 1175//1175 1175//1175 1080//1080 
f 1080//1080 1175//1175 1081//1081 
f 1175//1175 1175//1175 1081//1081 
f 1081//1081 1175//1175 1082//1082 
f 1175//1175 1174//1174 1082//1082 
f 1082//1082 1174//1174 1176//1176 
f 1174//1174 1173//1173 1176//1176 
f 1176//1176 1173//1173 1177//1177 
f 1173//1173 1172//1172 1177//1177 
f 1177//1177 1172//1172 1178//1178 
f 1172//1172 1179//1179 1178//1178 
f 1178//1178 1179//1179 1178//1178 
f 1179//1179 1084//1084 1178//1178 
f 1178//1178 1084//1084 1178//1178 
f 1084//1084 1083//1083 1178//1178 
f 1178//1178 1083//1083 1176//1176 
f 1083//1083 1082//1082 1176//1176 
f 1176//1176 1082//1082 1082//1082 
f 1082//1082 1166//1166 1082//1082 
f 1082//1082 1166//1166 1166//1166 
f 1166//1166 1151//1151 1166//1166 
f 1166//1166 1151//1151 1150//1150 
f 1151//1151 1150//1150 1150//1150 
f 1150//1150 1150//1150 1178//1178 
f 1150//1150 1178//1178 1178//1178 
f 1178//1178 1178//1178 1177//1177 
f 1178//1178 1176//1176 1177//1177 
f 1177//1177 1176//1176 1176//1176 
f 1176//1176 1172//1172 1176//1176 
f 1176//1176 1172//1172 1172//1172 
f 1172//1172 1171//1171 1172//1172 
f 1172//1172 1171//1171 1179//1179 
f 1171//1171 1171//1171 1179//1179 
f 1179//1179 1171//1171 1180//1180 
f 1171//1171 1170//1170 1180//1180 
f 1180//1180 1170//1170 1181//1181 
f 1170//1170 1169//1169 1181//1181 
f 1181//1181 1169//1169 1182//1182 
f 1169//1169 1168//1168 1182//1182 
f 1182//1182 1168//1168 1182//1182 
f 1168//1168 1167//1167 1182//1182 
f 1182//1182 1167//1167 1182//1182 
f 1167//1167 1162//1162 1182//1182 
f 1182//1182 1162//1162 1182//1182 
f 1162//1162 1161//1161 1182//1182 
f 1182//1182 1161//1161 1181//1181 
f 1161//1161 1183//1183 1181//1181 
f 1181//1181 1183//1183 1180//1180 
f 1183//1183 1160//1160 1180//1180 
f 1180//1180 1160//1160 1179//1179 
f 1160//1160 1084//1084 1179//1179 
f 1179//1179 1084//1084 1084//1084 
f 1084//1084 1183//1183 1084//1084 
f 1084//1084 1183//1183 1183//1183 
f 1183//1183 1161//1161 1183//1183 
f 1183//1183 1161//1161 1160//1160 
f 1161//1161 1160//1160 1160//1160 
f 1160//1160 1160//1160 310//310 
f 1160//1160 310//310 310//310 
f 310//310 310//310 309//309 
f 310//310 1184//1184 309//309 
f 309//309 1184//1184 1185//1185 
f 1184//1184 1186//1186 1185//1185 
f 1185//1185 1186//1186 306//306 
f 1186//1186 1187//1187 306//306 
f 306//306 1187//1187 305//305 
f 1187//1187 1188//1188 305//305 
f 305//305 1188//1188 304//304 
f 1188//1188 1189//1189 304//304 
f 304//304 1189//1189 303//303 
f 1189//1189 1189//1189 303//303 
f 303//303 1189//1189 1190//1190 
f 1189//1189 1191//1191 1190//1190 
f 1190//1190 1191//1191 1190//1190 
f 1191//1191 302//302 1190//1190 
f 1190//1190 302//302 303//303 
f 302//302 303//303 303//303 
f 303//303 303//303 309//309 
f 303//303 309//309 309//309 
f 309//309 309//309 308//308 
f 309//309 1185//1185 308//308 
f 308//308 1185//1185 307//307 
f 1185//1185 306//306 307//307 
f 307//307 306//306 306//306 
f 306//306 1188//1188 306//306 
f 306//306 1188//1188 1188//1188 
f 1188//1188 1192//1192 1188//1188 
f 1188//1188 1192//1192 1189//1189 
f 1192//1192 1192//1192 1189//1189 
f 1189//1189 1192//1192 1191//1191 
f 1192//1192 1193//1193 1191//1191 
f 1191//1191 1193//1193 301//301 
f 1193//1193 1194//1194 301//301 
f 301//301 1194//1194 300//300 
f 1194//1194 1195//1195 300//300 
f 300//300 1195//1195 299//299 
f 1195//1195 1196//1196 299//299 
f 299//299 1196//1196 298//298 
f 1196//1196 1197//1197 298//298 
f 298//298 1197//1197 297//297 
f 1197//1197 1198//1198 297//297 
f 297//297 1198//1198 296//296 
f 1198//1198 1199//1199 296//296 
f 296//296 1199//1199 296//296 
f 1199//1199 1200//1200 296//296 
f 296//296 1200//1200 295//295 
f 1200//1200 1201//1201 295//295 
f 295//295 1201//1201 294//294 
f 1201//1201 1202//1202 294//294 
f 294//294 1202//1202 293//293 
f 1202//1202 1203//1203 293//293 
f 293//293 1203//1203 1203//1203 
f 1203//1203 1191//1191 1203//1203 
f 1203//1203 1191//1191 1191//1191 
f 1191//1191 301//301 1191//1191 
f 1191//1191 301//301 302//302 
f 301//301 302//302 302//302 
f 302//302 302//302 1195//1195 
f 302//302 1195//1195 1195//1195 
f 1195//1195 1195//1195 1196//1196 
f 1195//1195 1204//1204 1196//1196 
f 1196//1196 1204//1204 1198//1198 
f 1204//1204 1199//1199 1198//1198 
f 1198//1198 1199//1199 1199//1199 
f 1199//1199 1196//1196 1199//1199 
f 1199//1199 1196//1196 1196//1196 
f 1196//1196 1198//1198 1196//1196 
f 1196//1196 1198//1198 1197//1197 
f 1198//1198 1197//1197 1197//1197 
f 1197//1197 1197//1197 1201//1201 
f 1197//1197 1201//1201 1201//1201 
f 1201//1201 1201//1201 1202//1202 
f 1201//1201 1205//1205 1202//1202 
f 1202//1202 1205//1205 1206//1206 
f 1205//1205 1207//1207 1206//1206 
f 1206//1206 1207//1207 291//291 
f 1207//1207 1208//1208 291//291 
f 291//291 1208//1208 290//290 
f 1208//1208 1209//1209 290//290 
f 290//290 1209//1209 289//289 
f 1209//1209 1210//1210 289//289 
f 289//289 1210//1210 288//288 
f 1210//1210 1210//1210 288//288 
f 288//288 1210//1210 1211//1211 
f 1210//1210 1210//1210 1211//1211 
f 1211//1211 1210//1210 1212//1212 
f 1210//1210 1213//1213 1212//1212 
f 1212//1212 1213//1213 1214//1214 
f 1213//1213 1214//1214 1214//1214 
f 1214//1214 1214//1214 1202//1202 
f 1214//1214 1202//1202 1202//1202 
f 1202//1202 1202//1202 1203//1203 
f 1202//1202 1206//1206 1203//1203 
f 1203//1203 1206//1206 292//292 
f 1206//1206 291//291 292//292 
f 292//292 291//291 291//291 
f 291//291 293//293 291//291 
f 291//291 293//293 293//293 
f 293//293 1203//1203 293//293 
f 293//293 1203//1203 292//292 
f 1203//1203 292//292 292//292 
f 292//292 292//292 1209//1209 
f 292//292 1209//1209 1209//1209 
f 1209//1209 1209//1209 1210//1210 
f 1209//1209 1213//1213 1210//1210 
f 1210//1210 1213//1213 1213//1213 
f 1213//1213 288//288 1213//1213 
f 1213//1213 288//288 288//288 
f 288//288 1211//1211 288//288 
f 288//288 1211//1211 287//287 
f 1211//1211 1212//1212 287//287 
f 287//287 1212//1212 286//286 
f 1212//1212 1214//1214 286//286 
f 286//286 1214//1214 286//286 
f 1214//1214 1215//1215 286//286 
f 286//286 1215//1215 285//285 
f 1215//1215 1216//1216 285//285 
f 285//285 1216//1216 285//285 
f 1216//1216 1217//1217 285//285 
f 285//285 1217//1217 284//284 
f 1217//1217 1218//1218 284//284 
f 284//284 1218//1218 283//283 
f 1218//1218 1219//1219 283//283 
f 283//283 1219//1219 282//282 
f 1219//1219 1220//1220 282//282 
f 282//282 1220//1220 281//281 
f 1220//1220 281//281 281//281 
f 281//281 281//281 1218//1218 
f 281//281 1218//1218 1218//1218 
f 1218//1218 1218//1218 1219//1219 
f 1218//1218 1217//1217 1219//1219 
f 1219//1219 1217//1217 1221//1221 
f 1217//1217 1216//1216 1221//1221 
f 1221//1221 1216//1216 1222//1222 
f 1216//1216 1223//1223 1222//1222 
f 1222//1222 1223//1223 1224//1224 
f 1223//1223 1225//1225 1224//1224 
f 1224//1224 1225//1225 1226//1226 
f 1225//1225 1227//1227 1226//1226 
f 1226//1226 1227//1227 1228//1228 
f 1227//1227 1229//1229 1228//1228 
f 1228//1228 1229//1229 1230//1230 
f 1229//1229 1229//1229 1230//1230 
f 1230//1230 1229//1229 1231//1231 
f 1229//1229 1232//1232 1231//1231 
f 1231//1231 1232//1232 1233//1233 
f 1232//1232 1234//1234 1233//1233 
f 1233//1233 1234//1234 1235//1235 
f 1234//1234 1234//1234 1235//1235 
f 1235//1235 1234//1234 1236//1236 
f 1234//1234 1237//1237 1236//1236 
f 1236//1236 1237//1237 1238//1238 
f 1237//1237 710//710 1238//1238 
f 1238//1238 710//710 1238//1238 
f 710//710 708//708 1238//1238 
f 1238//1238 708//708 1239//1239 
f 708//708 706//706 1239//1239 
f 1239//1239 706//706 1240//1240 
f 706//706 704//704 1240//1240 
f 1240//1240 704//704 1241//1241 
f 704//704 638//638 1241//1241 
f 1241//1241 638//638 1242//1242 
f 638//638 600//600 1242//1242 
f 1242//1242 600//600 1242//1242 
f 600//600 601//601 1242//1242 
f 1242//1242 601//601 1243//1243 
f 601//601 598//598 1243//1243 
f 1243//1243 598//598 1243//1243 
f 598//598 565//565 1243//1243 
f 1243//1243 565//565 1243//1243 
f 565//565 566//566 1243//1243 
f 1243//1243 566//566 1243//1243 
f 566//566 1244//1244 1243//1243 
f 1243//1243 1244//1244 1243//1243 
f 1244//1244 1245//1245 1243//1243 
f 1243//1243 1245//1245 1242//1242 
f 1245//1245 1245//1245 1242//1242 
f 1242//1242 1245//1245 1241//1241 
f 1245//1245 1246//1246 1241//1241 
f 1241//1241 1246//1246 1240//1240 
f 1246//1246 1247//1247 1240//1240 
f 1240//1240 1247//1247 1239//1239 
f 1247//1247 1248//1248 1239//1239 
f 1239//1239 1248//1248 1238//1238 
f 1248//1248 1248//1248 1238//1238 
f 1238//1238 1248//1248 1236//1236 
f 1248//1248 1249//1249 1236//1236 
f 1236//1236 1249//1249 1235//1235 
f 1249//1249 1235//1235 1235//1235 
f 1235//1235 1235//1235 1221//1221 
f 1235//1235 1221//1221 1221//1221 
f 1221//1221 1221//1221 1219//1219 
f 1221//1221 1220//1220 1219//1219 
f 1219//1219 1220//1220 1220//1220 
f 1220//1220 1246//1246 1220//1220 
f 1220//1220 1246//1246 1246//1246 
f 1246//1246 1245//1245 1246//1246 
f 1246//1246 1245//1245 1247//1247 
f 1245//1245 1244//1244 1247//1247 
f 1247//1247 1244//1244 1248//1248 
f 1244//1244 1250//1250 1248//1248 
f 1248//1248 1250//1250 1249//1249 
f 1250//1250 1251//1251 1249//1249 
f 1249//1249 1251//1251 1252//1252 
f 1251//1251 1253//1253 1252//1252 
f 1252//1252 1253//1253 1235//1235 
f 1253//1253 1233//1233 1235//1235 
f 1235//1235 1233//1233 1233//1233 
f 1233//1233 1244//1244 1233//1233 
f 1233//1233 1244//1244 1244//1244 
f 1244//1244 566//566 1244//1244 
f 1244//1244 566//566 1250//1250 
f 566//566 562//562 1250//1250 
f 1250//1250 562//562 1251//1251 
f 562//562 1254//1254 1251//1251 
f 1251//1251 1254//1254 1253//1253 
f 1254//1254 1255//1255 1253//1253 
f 1253//1253 1255//1255 1233//1233 
f 1255//1255 1255//1255 1233//1233 
f 1233//1233 1255//1255 1231//1231 
f 1255//1255 1256//1256 1231//1231 
f 1231//1231 1256//1256 1230//1230 
f 1256//1256 1230//1230 1230//1230 
f 1230//1230 1230//1230 1249//1249 
f 1230//1230 1249//1249 1249//1249 
f 1249//1249 1249//1249 1235//1235 
f 1249//1249 1252//1252 1235//1235 
f 1235//1235 1252//1252 1252//1252 
f 1252//1252 562//562 1252//1252 
f 1252//1252 562//562 562//562 
f 562//562 544//544 562//562 
f 562//562 544//544 1254//1254 
f 544//544 1257//1257 1254//1254 
f 1254//1254 1257//1257 1255//1255 
f 1257//1257 1257//1257 1255//1255 
f 1255//1255 1257//1257 1256//1256 
f 1257//1257 1258//1258 1256//1256 
f 1256//1256 1258//1258 1259//1259 
f 1258//1258 1260//1260 1259//1259 
f 1259//1259 1260//1260 1230//1230 
f 1260//1260 1260//1260 1230//1230 
f 1230//1230 1260//1260 1228//1228 
f 1260//1260 1261//1261 1228//1228 
f 1228//1228 1261//1261 1226//1226 
f 1261//1261 1226//1226 1226//1226 
f 1226//1226 1226//1226 544//544 
f 1226//1226 544//544 544//544 
f 544//544 544//544 1257//1257 
f 544//544 277//277 1257//1257 
f 1257//1257 277//277 1258//1258 
f 277//277 278//278 1258//1258 
f 1258//1258 278//278 1260//1260 
f 278//278 278//278 1260//1260 
f 1260//1260 278//278 1261//1261 
f 278//278 279//279 1261//1261 
f 1261//1261 279//279 1262//1262 
f 279//279 280//280 1262//1262 
f 1262//1262 280//280 1263//1263 
f 280//280 1264//1264 1263//1263 
f 1263//1263 1264//1264 1222//1222 
f 1264//1264 1264//1264 1222//1222 
f 1222//1222 1264//1264 1221//1221 
f 1264//1264 1264//1264 1221//1221 
f 1221//1221 1264//1264 1220//1220 
f 1264//1264 1264//1264 1220//1220 
f 1220//1220 1264//1264 281//281 
f 1264//1264 280//280 281//281 
f 281//281 280//280 280//280 
f 280//280 1230//1230 280//280 
f 280//280 1230//1230 1230//1230 
f 1230//1230 1256//1256 1230//1230 
f 1230//1230 1256//1256 1259//1259 
f 1256//1256 1259//1259 1259//1259 
f 1259//1259 1259//1259 1261//1261 
f 1259//1259 1261//1261 1261//1261 
f 1261//1261 1261//1261 1226//1226 
f 1261//1261 1262//1262 1226//1226 
f 1226//1226 1262//1262 1224//1224 
f 1262//1262 1263//1263 1224//1224 
f 1224//1224 1263//1263 1222//1222 
f 1263//1263 1222//1222 1222//1222 
f 1222//1222 1222//1222 413//413 
f 1222//1222 413//413 413//413 
f 413//413 413//413 412//412 
f 413//413 1010//1010 412//412 
f 412//412 1010//1010 412//412 
f 1010//1010 1004//1004 412//412 
f 412//412 1004//1004 1265//1265 
f 1004//1004 1003//1003 1265//1265 
f 1265//1265 1003//1003 1265//1265 
f 1003//1003 1002//1002 1265//1265 
f 1265//1265 1002//1002 1266//1266 
f 1002//1002 1267//1267 1266//1266 
f 1266//1266 1267//1267 405//405 
f 1267//1267 406//406 405//405 
f 405//405 406//406 406//406 
f 406//406 412//412 406//406 
f 406//406 412//412 412//412 
f 412//412 1265//1265 412//412 
f 412//412 1265//1265 411//411 
f 1265//1265 1266//1266 411//411 
f 411//411 1266//1266 410//410 
f 1266//1266 405//405 410//410 
f 410//410 405//405 405//405 
f 405//405 1267//1267 405//405 
f 405//405 1267//1267 1267//1267 
f 1267//1267 1002//1002 1267//1267 
f 1267//1267 1002//1002 1268//1268 
f 1002//1002 1001//1001 1268//1268 
f 1268//1268 1001//1001 1269//1269 
f 1001//1001 1000//1000 1269//1269 
f 1269//1269 1000//1000 1270//1270 
f 1000//1000 1000//1000 1270//1270 
f 1270//1270 1000//1000 1271//1271 
f 1000//1000 999//999 1271//1271 
f 1271//1271 999//999 1272//1272 
f 999//999 998//998 1272//1272 
f 1272//1272 998//998 1273//1273 
f 998//998 997//997 1273//1273 
f 1273//1273 997//997 1274//1274 
f 997//997 997//997 1274//1274 
f 1274//1274 997//997 1275//1275 
f 997//997 996//996 1275//1275 
f 1275//1275 996//996 1276//1276 
f 996//996 996//996 1276//1276 
f 1276//1276 996//996 1277//1277 
f 996//996 924//924 1277//1277 
f 1277//1277 924//924 1278//1278 
f 924//924 924//924 1278//1278 
f 1278//1278 924//924 1279//1279 
f 924//924 923//923 1279//1279 
f 1279//1279 923//923 1280//1280 
f 923//923 922//922 1280//1280 
f 1280//1280 922//922 1281//1281 
f 922//922 920//920 1281//1281 
f 1281//1281 920//920 1282//1282 
f 920//920 865//865 1282//1282 
f 1282//1282 865//865 1282//1282 
f 865//865 1283//1283 1282//1282 
f 1282//1282 1283//1283 1282//1282 
f 1283//1283 1284//1284 1282//1282 
f 1282//1282 1284//1284 1282//1282 
f 1284//1284 1285//1285 1282//1282 
f 1282//1282 1285//1285 1281//1281 
f 1285//1285 1286//1286 1281//1281 
f 1281//1281 1286//1286 1280//1280 
f 1286//1286 1287//1287 1280//1280 
f 1280//1280 1287//1287 1279//1279 
f 1287//1287 1288//1288 1279//1279 
f 1279//1279 1288//1288 1278//1278 
f 1288//1288 1289//1289 1278//1278 
f 1278//1278 1289//1289 1278//1278 
f 1289//1289 1290//1290 1278//1278 
f 1278//1278 1290//1290 1277//1277 
f 1290//1290 1291//1291 1277//1277 
f 1277//1277 1291//1291 1276//1276 
f 1291//1291 1292//1292 1276//1276 
f 1276//1276 1292//1292 1276//1276 
f 1292//1292 1293//1293 1276//1276 
f 1276//1276 1293//1293 1275//1275 
f 1293//1293 1294//1294 1275//1275 
f 1275//1275 1294//1294 1274//1274 
f 1294//1294 1295//1295 1274//1274 
f 1274//1274 1295//1295 1274//1274 
f 1295//1295 1296//1296 1274//1274 
f 1274//1274 1296//1296 1273//1273 
f 1296//1296 1297//1297 1273//1273 
f 1273//1273 1297//1297 1272//1272 
f 1297//1297 1272//1272 1272//1272 
f 1272//1272 1272//1272 1287//1287 
f 1272//1272 1287//1287 1287//1287 
f 1287//1287 1287//1287 1288//1288 
f 1287//1287 1286//1286 1288//1288 
f 1288//1288 1286//1286 1298//1298 
f 1286//1286 1285//1285 1298//1298 
f 1298//1298 1285//1285 1285//1285 
f 1285//1285 1289//1289 1285//1285 
f 1285//1285 1289//1289 1289//1289 
f 1289//1289 1288//1288 1289//1289 
f 1289//1289 1288//1288 1298//1298 
f 1288//1288 1298//1298 1298//1298 
f 1298//1298 1298//1298 1292//1292 
f 1298//1298 1292//1292 1292//1292 
f 1292//1292 1292//1292 1290//1290 
f 1292//1292 1291//1291 1290//1290 
f 1290//1290 1291//1291 1291//1291 
f 1291//1291 1297//1297 1291//1291 
f 1291//1291 1297//1297 1297//1297 
f 1297//1297 1296//1296 1297//1297 
f 1297//1297 1296//1296 1299//1299 
f 1296//1296 1295//1295 1299//1299 
f 1299//1299 1295//1295 1300//1300 
f 1295//1295 1295//1295 1300//1300 
f 1300//1300 1295//1295 1301//1301 
f 1295//1295 1294//1294 1301//1301 
f 1301//1301 1294//1294 1302//1302 
f 1294//1294 1293//1293 1302//1302 
f 1302//1302 1293//1293 1303//1303 
f 1293//1293 1292//1292 1303//1303 
f 1303//1303 1292//1292 1304//1304 
f 1292//1292 1290//1290 1304//1304 
f 1304//1304 1290//1290 1304//1304 
f 1290//1290 1289//1289 1304//1304 
f 1304//1304 1289//1289 1305//1305 
f 1289//1289 1298//1298 1305//1305 
f 1305//1305 1298//1298 1306//1306 
f 1298//1298 1285//1285 1306//1306 
f 1306//1306 1285//1285 1307//1307 
f 1285//1285 1284//1284 1307//1307 
f 1307//1307 1284//1284 1308//1308 
f 1284//1284 1309//1309 1308//1308 
f 1308//1308 1309//1309 1310//1310 
f 1309//1309 1283//1283 1310//1310 
f 1310//1310 1283//1283 1311//1311 
f 1283//1283 865//865 1311//1311 
f 1311//1311 865//865 1312//1312 
f 865//865 863//863 1312//1312 
f 1312//1312 863//863 1313//1313 
f 863//863 861//861 1313//1313 
f 1313//1313 861//861 1314//1314 
f 861//861 859//859 1314//1314 
f 1314//1314 859//859 1315//1315 
f 859//859 857//857 1315//1315 
f 1315//1315 857//857 1316//1316 
f 857//857 1317//1317 1316//1316 
f 1316//1316 1317//1317 1318//1318 
f 1317//1317 1319//1319 1318//1318 
f 1318//1318 1319//1319 1320//1320 
f 1319//1319 1321//1321 1320//1320 
f 1320//1320 1321//1321 1322//1322 
f 1321//1321 1323//1323 1322//1322 
f 1322//1322 1323//1323 1324//1324 
f 1323//1323 1323//1323 1324//1324 
f 1324//1324 1323//1323 1325//1325 
f 1323//1323 1326//1326 1325//1325 
f 1325//1325 1326//1326 1327//1327 
f 1326//1326 1328//1328 1327//1327 
f 1327//1327 1328//1328 1329//1329 
f 1328//1328 1330//1330 1329//1329 
f 1329//1329 1330//1330 1331//1331 
f 1330//1330 1332//1332 1331//1331 
f 1331//1331 1332//1332 1333//1333 
f 1332//1332 1332//1332 1333//1333 
f 1333//1333 1332//1332 1334//1334 
f 1332//1332 1335//1335 1334//1334 
f 1334//1334 1335//1335 1336//1336 
f 1335//1335 1337//1337 1336//1336 
f 1336//1336 1337//1337 1338//1338 
f 1337//1337 1339//1339 1338//1338 
f 1338//1338 1339//1339 1340//1340 
f 1339//1339 1341//1341 1340//1340 
f 1340//1340 1341//1341 1342//1342 
f 1341//1341 1341//1341 1342//1342 
f 1342//1342 1341//1341 1343//1343 
f 1341//1341 1344//1344 1343//1343 
f 1343//1343 1344//1344 1345//1345 
f 1344//1344 1346//1346 1345//1345 
f 1345//1345 1346//1346 1347//1347 
f 1346//1346 1348//1348 1347//1347 
f 1347//1347 1348//1348 1349//1349 
f 1348//1348 1350//1350 1349//1349 
f 1349//1349 1350//1350 1351//1351 
f 1350//1350 1350//1350 1351//1351 
f 1351//1351 1350//1350 1352//1352 
f 1350//1350 1353//1353 1352//1352 
f 1352//1352 1353//1353 1354//1354 
f 1353//1353 1355//1355 1354//1354 
f 1354//1354 1355//1355 1356//1356 
f 1355//1355 1357//1357 1356//1356 
f 1356//1356 1357//1357 1358//1358 
f 1357//1357 1359//1359 1358//1358 
f 1358//1358 1359//1359 1360//1360 
f 1359//1359 1359//1359 1360//1360 
f 1360//1360 1359//1359 1361//1361 
f 1359//1359 1362//1362 1361//1361 
f 1361//1361 1362//1362 1363//1363 
f 1362//1362 1364//1364 1363//1363 
f 1363//1363 1364//1364 1365//1365 
f 1364//1364 1366//1366 1365//1365 
f 1365//1365 1366//1366 1367//1367 
f 1366//1366 1368//1368 1367//1367 
f 1367//1367 1368//1368 1369//1369 
f 1368//1368 1370//1370 1369//1369 
f 1369//1369 1370//1370 1371//1371 
f 1370//1370 1372//1372 1371//1371 
f 1371//1371 1372//1372 1373//1373 
f 1372//1372 1374//1374 1373//1373 
f 1373//1373 1374//1374 1375//1375 
f 1374//1374 1376//1376 1375//1375 
f 1375//1375 1376//1376 1376//1376 
f 1376//1376 1309//1309 1376//1376 
f 1376//1376 1309//1309 1309//1309 
f 1309//1309 1284//1284 1309//1309 
f 1309//1309 1284//1284 1283//1283 
f 1284//1284 1283//1283 1283//1283 
f 1283//1283 1283//1283 1375//1375 
f 1283//1283 1375//1375 1375//1375 
f 1375//1375 1375//1375 1373//1373 
f 1375//1375 1377//1377 1373//1373 
f 1373//1373 1377//1377 1378//1378 
f 1377//1377 1377//1377 1378//1378 
f 1378//1378 1377//1377 1379//1379 
f 1377//1377 1375//1375 1379//1379 
f 1379//1379 1375//1375 1380//1380 
f 1375//1375 1376//1376 1380//1380 
f 1380//1380 1376//1376 1381//1381 
f 1376//1376 1382//1382 1381//1381 
f 1381//1381 1382//1382 1383//1383 
f 1382//1382 1384//1384 1383//1383 
f 1383//1383 1384//1384 1385//1385 
f 1384//1384 1386//1386 1385//1385 
f 1385//1385 1386//1386 1387//1387 
f 1386//1386 1388//1388 1387//1387 
f 1387//1387 1388//1388 1388//1388 
f 1388//1388 1378//1378 1388//1388 
f 1388//1388 1378//1378 1378//1378 
f 1378//1378 1371//1371 1378//1378 
f 1378//1378 1371//1371 1373//1373 
f 1371//1371 1373//1373 1373//1373 
f 1373//1373 1373//1373 1387//1387 
f 1373//1373 1387//1387 1387//1387 
f 1387//1387 1387//1387 1385//1385 
f 1387//1387 1389//1389 1385//1385 
f 1385//1385 1389//1389 1390//1390 
f 1389//1389 1389//1389 1390//1390 
f 1390//1390 1389//1389 1391//1391 
f 1389//1389 1387//1387 1391//1391 
f 1391//1391 1387//1387 1392//1392 
f 1387//1387 1388//1388 1392//1392 
f 1392//1392 1388//1388 1393//1393 
f 1388//1388 1388//1388 1393//1393 
f 1393//1393 1388//1388 1394//1394 
f 1388//1388 1395//1395 1394//1394 
f 1394//1394 1395//1395 1396//1396 
f 1395//1395 1397//1397 1396//1396 
f 1396//1396 1397//1397 1398//1398 
f 1397//1397 1399//1399 1398//1398 
f 1398//1398 1399//1399 1400//1400 
f 1399//1399 1401//1401 1400//1400 
f 1400//1400 1401//1401 1402//1402 
f 1401//1401 1401//1401 1402//1402 
f 1402//1402 1401//1401 1403//1403 
f 1401//1401 1404//1404 1403//1403 
f 1403//1403 1404//1404 1405//1405 
f 1404//1404 1406//1406 1405//1405 
f 1405//1405 1406//1406 1405//1405 
f 1406//1406 1407//1407 1405//1405 
f 1405//1405 1407//1407 1408//1408 
f 1407//1407 1409//1409 1408//1408 
f 1408//1408 1409//1409 1409//1409 
f 1409//1409 1390//1390 1409//1409 
f 1409//1409 1390//1390 1390//1390 
f 1390//1390 1383//1383 1390//1390 
f 1390//1390 1383//1383 1385//1385 
f 1383//1383 1385//1385 1385//1385 
f 1385//1385 1385//1385 1408//1408 
f 1385//1385 1408//1408 1408//1408 
f 1408//1408 1408//1408 1405//1405 
f 1408//1408 1410//1410 1405//1405 
f 1405//1405 1410//1410 1403//1403 
f 1410//1410 1411//1411 1403//1403 
f 1403//1403 1411//1411 1402//1402 
f 1411//1411 1402//1402 1402//1402 
f 1402//1402 1402//1402 1411//1411 
f 1402//1402 1411//1411 1411//1411 
f 1411//1411 1411//1411 1412//1412 
f 1411//1411 1410//1410 1412//1412 
f 1412//1412 1410//1410 1412//1412 
f 1410//1410 1408//1408 1412//1412 
f 1412//1412 1408//1408 1413//1413 
f 1408//1408 1409//1409 1413//1413 
f 1413//1413 1409//1409 1413//1413 
f 1409//1409 1414//1414 1413//1413 
f 1413//1413 1414//1414 1413//1413 
f 1414//1414 1415//1415 1413//1413 
f 1413//1413 1415//1415 1413//1413 
f 1415//1415 1416//1416 1413//1413 
f 1413//1413 1416//1416 1412//1412 
f 1416//1416 1417//1417 1412//1412 
f 1412//1412 1417//1417 1411//1411 
f 1417//1417 1418//1418 1411//1411 
f 1411//1411 1418//1418 1402//1402 
f 1418//1418 1419//1419 1402//1402 
f 1402//1402 1419//1419 1400//1400 
f 1419//1419 1420//1420 1400//1400 
f 1400//1400 1420//1420 1398//1398 
f 1420//1420 1421//1421 1398//1398 
f 1398//1398 1421//1421 1396//1396 
f 1421//1421 1422//1422 1396//1396 
f 1396//1396 1422//1422 1394//1394 
f 1422//1422 1423//1423 1394//1394 
f 1394//1394 1423//1423 1393//1393 
f 1423//1423 1424//1424 1393//1393 
f 1393//1393 1424//1424 1393//1393 
f 1424//1424 1425//1425 1393//1393 
f 1393//1393 1425//1425 1392//1392 
f 1425//1425 1426//1426 1392//1392 
f 1392//1392 1426//1426 1391//1391 
f 1426//1426 1427//1427 1391//1391 
f 1391//1391 1427//1427 1390//1390 
f 1427//1427 1428//1428 1390//1390 
f 1390//1390 1428//1428 1383//1383 
f 1428//1428 1428//1428 1383//1383 
f 1383//1383 1428//1428 1381//1381 
f 1428//1428 1429//1429 1381//1381 
f 1381//1381 1429//1429 1380//1380 
f 1429//1429 1430//1430 1380//1380 
f 1380//1380 1430//1430 1379//1379 
f 1430//1430 1431//1431 1379//1379 
f 1379//1379 1431//1431 1378//1378 
f 1431//1431 1432//1432 1378//1378 
f 1378//1378 1432//1432 1371//1371 
f 1432//1432 1432//1432 1371//1371 
f 1371//1371 1432//1432 1369//1369 
f 1432//1432 1433//1433 1369//1369 
f 1369//1369 1433//1433 1367//1367 
f 1433//1433 1434//1434 1367//1367 
f 1367//1367 1434//1434 1365//1365 
f 1434//1434 1435//1435 1365//1365 
f 1365//1365 1435//1435 1363//1363 
f 1435//1435 1436//1436 1363//1363 
f 1363//1363 1436//1436 1361//1361 
f 1436//1436 1437//1437 1361//1361 
f 1361//1361 1437//1437 1360//1360 
f 1437//1437 1360//1360 1360//1360 
f 1360//1360 1360//1360 1422//1422 
f 1360//1360 1422//1422 1422//1422 
f 1422//1422 1422//1422 1423//1423 
f 1422//1422 1421//1421 1423//1423 
f 1423//1423 1421//1421 1438//1438 
f 1421//1421 1420//1420 1438//1438 
f 1438//1438 1420//1420 1420//1420 
f 1420//1420 1424//1424 1420//1420 
f 1420//1420 1424//1424 1424//1424 
f 1424//1424 1423//1423 1424//1424 
f 1424//1424 1423//1423 1438//1438 
f 1423//1423 1438//1438 1438//1438 
f 1438//1438 1438//1438 1436//1436 
f 1438//1438 1436//1436 1436//1436 
f 1436//1436 1436//1436 1437//1437 
f 1436//1436 1435//1435 1437//1437 
f 1437//1437 1435//1435 1439//1439 
f 1435//1435 1434//1434 1439//1439 
f 1439//1439 1434//1434 1434//1434 
f 1434//1434 1439//1439 1434//1434 
f 1434//1434 1439//1439 1439//1439 
f 1439//1439 1440//1440 1439//1439 
f 1439//1439 1440//1440 1437//1437 
f 1440//1440 1440//1440 1437//1437 
f 1437//1437 1440//1440 1360//1360 
f 1440//1440 1441//1441 1360//1360 
f 1360//1360 1441//1441 1358//1358 
f 1441//1441 1442//1442 1358//1358 
f 1358//1358 1442//1442 1356//1356 
f 1442//1442 1443//1443 1356//1356 
f 1356//1356 1443//1443 1354//1354 
f 1443//1443 1444//1444 1354//1354 
f 1354//1354 1444//1444 1352//1352 
f 1444//1444 1445//1445 1352//1352 
f 1352//1352 1445//1445 1351//1351 
f 1445//1445 1446//1446 1351//1351 
f 1351//1351 1446//1446 1351//1351 
f 1446//1446 1447//1447 1351//1351 
f 1351//1351 1447//1447 1349//1349 
f 1447//1447 1448//1448 1349//1349 
f 1349//1349 1448//1448 1347//1347 
f 1448//1448 1449//1449 1347//1347 
f 1347//1347 1449//1449 1345//1345 
f 1449//1449 1450//1450 1345//1345 
f 1345//1345 1450//1450 1343//1343 
f 1450//1450 1451//1451 1343//1343 
f 1343//1343 1451//1451 1342//1342 
f 1451//1451 1342//1342 1342//1342 
f 1342//1342 1342//1342 1444//1444 
f 1342//1342 1444//1444 1444//1444 
f 1444//1444 1444//1444 1445//1445 
f 1444//1444 1443//1443 1445//1445 
f 1445//1445 1443//1443 1452//1452 
f 1443//1443 1442//1442 1452//1452 
f 1452//1452 1442//1442 1442//1442 
f 1442//1442 1446//1446 1442//1442 
f 1442//1442 1446//1446 1446//1446 
f 1446//1446 1445//1445 1446//1446 
f 1446//1446 1445//1445 1452//1452 
f 1445//1445 1452//1452 1452//1452 
f 1452//1452 1452//1452 1450//1450 
f 1452//1452 1450//1450 1450//1450 
f 1450//1450 1450//1450 1451//1451 
f 1450//1450 1449//1449 1451//1451 
f 1451//1451 1449//1449 1453//1453 
f 1449//1449 1448//1448 1453//1453 
f 1453//1453 1448//1448 1448//1448 
f 1448//1448 1453//1453 1448//1448 
f 1448//1448 1453//1453 1453//1453 
f 1453//1453 1454//1454 1453//1453 
f 1453//1453 1454//1454 1451//1451 
f 1454//1454 1454//1454 1451//1451 
f 1451//1451 1454//1454 1342//1342 
f 1454//1454 1455//1455 1342//1342 
f 1342//1342 1455//1455 1340//1340 
f 1455//1455 1456//1456 1340//1340 
f 1340//1340 1456//1456 1338//1338 
f 1456//1456 1457//1457 1338//1338 
f 1338//1338 1457//1457 1336//1336 
f 1457//1457 1458//1458 1336//1336 
f 1336//1336 1458//1458 1334//1334 
f 1458//1458 1459//1459 1334//1334 
f 1334//1334 1459//1459 1333//1333 
f 1459//1459 1460//1460 1333//1333 
f 1333//1333 1460//1460 1333//1333 
f 1460//1460 1461//1461 1333//1333 
f 1333//1333 1461//1461 1331//1331 
f 1461//1461 1462//1462 1331//1331 
f 1331//1331 1462//1462 1329//1329 
f 1462//1462 1463//1463 1329//1329 
f 1329//1329 1463//1463 1327//1327 
f 1463//1463 1464//1464 1327//1327 
f 1327//1327 1464//1464 1325//1325 
f 1464//1464 1465//1465 1325//1325 
f 1325//1325 1465//1465 1324//1324 
f 1465//1465 1324//1324 1324//1324 
f 1324//1324 1324//1324 1458//1458 
f 1324//1324 1458//1458 1458//1458 
f 1458//1458 1458//1458 1459//1459 
f 1458//1458 1457//1457 1459//1459 
f 1459//1459 1457//1457 1466//1466 
f 1457//1457 1456//1456 1466//1466 
f 1466//1466 1456//1456 1456//1456 
f 1456//1456 1460//1460 1456//1456 
f 1456//1456 1460//1460 1460//1460 
f 1460//1460 1459//1459 1460//1460 
f 1460//1460 1459//1459 1466//1466 
f 1459//1459 1466//1466 1466//1466 
f 1466//1466 1466//1466 1464//1464 
f 1466//1466 1464//1464 1464//1464 
f 1464//1464 1464//1464 1465//1465 
f 1464//1464 1463//1463 1465//1465 
f 1465//1465 1463//1463 1467//1467 
f 1463//1463 1462//1462 1467//1467 
f 1467//1467 1462//1462 1462//1462 
f 1462//1462 1467//1467 1462//1462 
f 1462//1462 1467//1467 1467//1467 
f 1467//1467 1468//1468 1467//1467 
f 1467//1467 1468//1468 1465//1465 
f 1468//1468 1468//1468 1465//1465 
f 1465//1465 1468//1468 1324//1324 
f 1468//1468 1469//1469 1324//1324 
f 1324//1324 1469//1469 1322//1322 
f 1469//1469 1470//1470 1322//1322 
f 1322//1322 1470//1470 1320//1320 
f 1470//1470 1471//1471 1320//1320 
f 1320//1320 1471//1471 1318//1318 
f 1471//1471 1472//1472 1318//1318 
f 1318//1318 1472//1472 1316//1316 
f 1472//1472 1473//1473 1316//1316 
f 1316//1316 1473//1473 1315//1315 
f 1473//1473 1474//1474 1315//1315 
f 1315//1315 1474//1474 1314//1314 
f 1474//1474 1475//1475 1314//1314 
f 1314//1314 1475//1475 1313//1313 
f 1475//1475 1476//1476 1313//1313 
f 1313//1313 1476//1476 1312//1312 
f 1476//1476 1477//1477 1312//1312 
f 1312//1312 1477//1477 1311//1311 
f 1477//1477 1478//1478 1311//1311 
f 1311//1311 1478//1478 1310//1310 
f 1478//1478 1310//1310 1310//1310 
f 1310//1310 1310//1310 1472//1472 
f 1310//1310 1472//1472 1472//1472 
f 1472//1472 1472//1472 1473//1473 
f 1472//1472 1471//1471 1473//1473 
f 1473//1473 1471//1471 1479//1479 
f 1471//1471 1470//1470 1479//1479 
f 1479//1479 1470//1470 1470//1470 
f 1470//1470 1473//1473 1470//1470 
f 1470//1470 1473//1473 1473//1473 
f 1473//1473 1479//1479 1473//1473 
f 1473//1473 1479//1479 1474//1474 
f 1479//1479 1480//1480 1474//1474 
f 1474//1474 1480//1480 1474//1474 
f 1480//1480 1481//1481 1474//1474 
f 1474//1474 1481//1481 1475//1475 
f 1481//1481 1477//1477 1475//1475 
f 1475//1475 1477//1477 1476//1476 
f 1477//1477 1476//1476 1476//1476 
f 1476//1476 1476//1476 1478//1478 
f 1476//1476 1478//1478 1478//1478 
f 1478//1478 1478//1478 1481//1481 
f 1478//1478 1477//1477 1481//1481 
f 1481//1481 1477//1477 1477//1477 
f 1477//1477 1480//1480 1477//1477 
f 1477//1477 1480//1480 1480//1480 
f 1480//1480 1479//1479 1480//1480 
f 1480//1480 1479//1479 1482//1482 
f 1479//1479 1470//1470 1482//1482 
f 1482//1482 1470//1470 1483//1483 
f 1470//1470 1469//1469 1483//1483 
f 1483//1483 1469//1469 1484//1484 
f 1469//1469 1468//1468 1484//1484 
f 1484//1484 1468//1468 1485//1485 
f 1468//1468 1468//1468 1485//1485 
f 1485//1485 1468//1468 1486//1486 
f 1468//1468 1467//1467 1486//1486 
f 1486//1486 1467//1467 1487//1487 
f 1467//1467 1462//1462 1487//1487 
f 1487//1487 1462//1462 1488//1488 
f 1462//1462 1461//1461 1488//1488 
f 1488//1488 1461//1461 1489//1489 
f 1461//1461 1460//1460 1489//1489 
f 1489//1489 1460//1460 1490//1490 
f 1460//1460 1460//1460 1490//1490 
f 1490//1490 1460//1460 1491//1491 
f 1460//1460 1466//1466 1491//1491 
f 1491//1491 1466//1466 1492//1492 
f 1466//1466 1456//1456 1492//1492 
f 1492//1492 1456//1456 1493//1493 
f 1456//1456 1455//1455 1493//1493 
f 1493//1493 1455//1455 1494//1494 
f 1455//1455 1454//1454 1494//1494 
f 1494//1494 1454//1454 1495//1495 
f 1454//1454 1454//1454 1495//1495 
f 1495//1495 1454//1454 1496//1496 
f 1454//1454 1453//1453 1496//1496 
f 1496//1496 1453//1453 1497//1497 
f 1453//1453 1448//1448 1497//1497 
f 1497//1497 1448//1448 1498//1498 
f 1448//1448 1447//1447 1498//1498 
f 1498//1498 1447//1447 1499//1499 
f 1447//1447 1446//1446 1499//1499 
f 1499//1499 1446//1446 1500//1500 
f 1446//1446 1446//1446 1500//1500 
f 1500//1500 1446//1446 1501//1501 
f 1446//1446 1452//1452 1501//1501 
f 1501//1501 1452//1452 1502//1502 
f 1452//1452 1442//1442 1502//1502 
f 1502//1502 1442//1442 1503//1503 
f 1442//1442 1441//1441 1503//1503 
f 1503//1503 1441//1441 1504//1504 
f 1441//1441 1440//1440 1504//1504 
f 1504//1504 1440//1440 1505//1505 
f 1440//1440 1440//1440 1505//1505 
f 1505//1505 1440//1440 1506//1506 
f 1440//1440 1439//1439 1506//1506 
f 1506//1506 1439//1439 1507//1507 
f 1439//1439 1434//1434 1507//1507 
f 1507//1507 1434//1434 1508//1508 
f 1434//1434 1434//1434 1508//1508 
f 1508//1508 1434//1434 1509//1509 
f 1434//1434 1433//1433 1509//1509 
f 1509//1509 1433//1433 1510//1510 
f 1433//1433 1432//1432 1510//1510 
f 1510//1510 1432//1432 1511//1511 
f 1432//1432 1431//1431 1511//1511 
f 1511//1511 1431//1431 1512//1512 
f 1431//1431 1430//1430 1512//1512 
f 1512//1512 1430//1430 1513//1513 
f 1430//1430 1430//1430 1513//1513 
f 1513//1513 1430//1430 1514//1514 
f 1430//1430 1429//1429 1514//1514 
f 1514//1514 1429//1429 1515//1515 
f 1429//1429 1428//1428 1515//1515 
f 1515//1515 1428//1428 1516//1516 
f 1428//1428 1427//1427 1516//1516 
f 1516//1516 1427//1427 1517//1517 
f 1427//1427 1426//1426 1517//1517 
f 1517//1517 1426//1426 1518//1518 
f 1426//1426 1425//1425 1518//1518 
f 1518//1518 1425//1425 1519//1519 
f 1425//1425 1424//1424 1519//1519 
f 1519//1519 1424//1424 1520//1520 
f 1424//1424 1438//1438 1520//1520 
f 1520//1520 1438//1438 1521//1521 
f 1438//1438 1420//1420 1521//1521 
f 1521//1521 1420//1420 1522//1522 
f 1420//1420 1419//1419 1522//1522 
f 1522//1522 1419//1419 1523//1523 
f 1419//1419 1418//1418 1523//1523 
f 1523//1523 1418//1418 1524//1524 
f 1418//1418 1418//1418 1524//1524 
f 1524//1524 1418//1418 1525//1525 
f 1418//1418 1417//1417 1525//1525 
f 1525//1525 1417//1417 1526//1526 
f 1417//1417 1416//1416 1526//1526 
f 1526//1526 1416//1416 1527//1527 
f 1416//1416 1415//1415 1527//1527 
f 1527//1527 1415//1415 1528//1528 
f 1415//1415 1529//1529 1528//1528 
f 1528//1528 1529//1529 1530//1530 
f 1529//1529 1414//1414 1530//1530 
f 1530//1530 1414//1414 1531//1531 
f 1414//1414 1409//1409 1531//1531 
f 1531//1531 1409//1409 1532//1532 
f 1409//1409 1533//1533 1532//1532 
f 1532//1532 1533//1533 1534//1534 
f 1533//1533 1535//1535 1534//1534 
f 1534//1534 1535//1535 1536//1536 
f 1535//1535 1537//1537 1536//1536 
f 1536//1536 1537//1537 1538//1538 
f 1537//1537 1539//1539 1538//1538 
f 1538//1538 1539//1539 1538//1538 
f 1539//1539 1540//1540 1538//1538 
f 1538//1538 1540//1540 1538//1538 
f 1540//1540 1541//1541 1538//1538 
f 1538//1538 1541//1541 1538//1538 
f 1541//1541 1542//1542 1538//1538 
f 1538//1538 1542//1542 1536//1536 
f 1542//1542 1543//1543 1536//1536 
f 1536//1536 1543//1543 1534//1534 
f 1543//1543 1544//1544 1534//1534 
f 1534//1534 1544//1544 1532//1532 
f 1544//1544 1545//1545 1532//1532 
f 1532//1532 1545//1545 1531//1531 
f 1545//1545 1546//1546 1531//1531 
f 1531//1531 1546//1546 1530//1530 
f 1546//1546 1530//1530 1530//1530 
f 1530//1530 1530//1530 1529//1529 
f 1530//1530 1529//1529 1529//1529 
f 1529//1529 1529//1529 1414//1414 
f 1529//1529 1415//1415 1414//1414 
f 1414//1414 1415//1415 1415//1415 
f 1415//1415 1544//1544 1415//1415 
f 1415//1415 1544//1544 1544//1544 
f 1544//1544 1543//1543 1544//1544 
f 1544//1544 1543//1543 1545//1545 
f 1543//1543 1547//1547 1545//1545 
f 1545//1545 1547//1547 1546//1546 
f 1547//1547 1546//1546 1546//1546 
f 1546//1546 1546//1546 1543//1543 
f 1546//1546 1543//1543 1543//1543 
f 1543//1543 1543//1543 1547//1547 
f 1543//1543 1542//1542 1547//1547 
f 1547//1547 1542//1542 1548//1548 
f 1542//1542 1542//1542 1548//1548 
f 1548//1548 1542//1542 1549//1549 
f 1542//1542 1541//1541 1549//1549 
f 1549//1549 1541//1541 1550//1550 
f 1541//1541 1551//1551 1550//1550 
f 1550//1550 1551//1551 1552//1552 
f 1551//1551 1540//1540 1552//1552 
f 1552//1552 1540//1540 1553//1553 
f 1540//1540 1539//1539 1553//1553 
f 1553//1553 1539//1539 1554//1554 
f 1539//1539 1555//1555 1554//1554 
f 1554//1554 1555//1555 1556//1556 
f 1555//1555 1557//1557 1556//1556 
f 1556//1556 1557//1557 1556//1556 
f 1557//1557 1558//1558 1556//1556 
f 1556//1556 1558//1558 1559//1559 
f 1558//1558 1560//1560 1559//1559 
f 1559//1559 1560//1560 1560//1560 
f 1560//1560 1551//1551 1560//1560 
f 1560//1560 1551//1551 1551//1551 
f 1551//1551 1541//1541 1551//1551 
f 1551//1551 1541//1541 1540//1540 
f 1541//1541 1540//1540 1540//1540 
f 1540//1540 1540//1540 1559//1559 
f 1540//1540 1559//1559 1559//1559 
f 1559//1559 1559//1559 1556//1556 
f 1559//1559 1561//1561 1556//1556 
f 1556//1556 1561//1561 1554//1554 
f 1561//1561 1562//1562 1554//1554 
f 1554//1554 1562//1562 1553//1553 
f 1562//1562 1563//1563 1553//1553 
f 1553//1553 1563//1563 1552//1552 
f 1563//1563 1564//1564 1552//1552 
f 1552//1552 1564//1564 1550//1550 
f 1564//1564 1565//1565 1550//1550 
f 1550//1550 1565//1565 1549//1549 
f 1565//1565 1566//1566 1549//1549 
f 1549//1549 1566//1566 1548//1548 
f 1566//1566 1567//1567 1548//1548 
f 1548//1548 1567//1567 1568//1568 
f 1567//1567 1569//1569 1568//1568 
f 1568//1568 1569//1569 1570//1570 
f 1569//1569 1571//1571 1570//1570 
f 1570//1570 1571//1571 1528//1528 
f 1571//1571 1571//1571 1528//1528 
f 1528//1528 1571//1571 1527//1527 
f 1571//1571 1572//1572 1527//1527 
f 1527//1527 1572//1572 1526//1526 
f 1572//1572 1573//1573 1526//1526 
f 1526//1526 1573//1573 1525//1525 
f 1573//1573 1574//1574 1525//1525 
f 1525//1525 1574//1574 1524//1524 
f 1574//1574 1524//1524 1524//1524 
f 1524//1524 1524//1524 1548//1548 
f 1524//1524 1548//1548 1548//1548 
f 1548//1548 1548//1548 1547//1547 
f 1548//1548 1568//1568 1547//1547 
f 1547//1547 1568//1568 1546//1546 
f 1568//1568 1570//1570 1546//1546 
f 1546//1546 1570//1570 1530//1530 
f 1570//1570 1528//1528 1530//1530 
f 1530//1530 1528//1528 1528//1528 
f 1528//1528 1573//1573 1528//1528 
f 1528//1528 1573//1573 1573//1573 
f 1573//1573 1575//1575 1573//1573 
f 1573//1573 1575//1575 1574//1574 
f 1575//1575 1575//1575 1574//1574 
f 1574//1574 1575//1575 1576//1576 
f 1575//1575 1577//1577 1576//1576 
f 1576//1576 1577//1577 1578//1578 
f 1577//1577 1579//1579 1578//1578 
f 1578//1578 1579//1579 1580//1580 
f 1579//1579 1581//1581 1580//1580 
f 1580//1580 1581//1581 1582//1582 
f 1581//1581 1583//1583 1582//1582 
f 1582//1582 1583//1583 1584//1584 
f 1583//1583 1585//1585 1584//1584 
f 1584//1584 1585//1585 1586//1586 
f 1585//1585 1585//1585 1586//1586 
f 1586//1586 1585//1585 1587//1587 
f 1585//1585 1588//1588 1587//1587 
f 1587//1587 1588//1588 1589//1589 
f 1588//1588 1590//1590 1589//1589 
f 1589//1589 1590//1590 1589//1589 
f 1590//1590 1591//1591 1589//1589 
f 1589//1589 1591//1591 1592//1592 
f 1591//1591 1593//1593 1592//1592 
f 1592//1592 1593//1593 1593//1593 
f 1593//1593 1592//1592 1593//1593 
f 1593//1593 1592//1592 1592//1592 
f 1592//1592 1594//1594 1592//1592 
f 1592//1592 1594//1594 1589//1589 
f 1594//1594 1594//1594 1589//1589 
f 1589//1589 1594//1594 1587//1587 
f 1594//1594 1595//1595 1587//1587 
f 1587//1587 1595//1595 1586//1586 
f 1595//1595 1596//1596 1586//1586 
f 1586//1586 1596//1596 1597//1597 
f 1596//1596 1596//1596 1597//1597 
f 1597//1597 1596//1596 1598//1598 
f 1596//1596 1595//1595 1598//1598 
f 1598//1598 1595//1595 1599//1599 
f 1595//1595 1594//1594 1599//1599 
f 1599//1599 1594//1594 1600//1600 
f 1594//1594 1592//1592 1600//1600 
f 1600//1600 1592//1592 1601//1601 
f 1592//1592 1593//1593 1601//1601 
f 1601//1601 1593//1593 1602//1602 
f 1593//1593 1603//1603 1602//1602 
f 1602//1602 1603//1603 1604//1604 
f 1603//1603 1605//1605 1604//1604 
f 1604//1604 1605//1605 1606//1606 
f 1605//1605 1607//1607 1606//1606 
f 1606//1606 1607//1607 1608//1608 
f 1607//1607 1609//1609 1608//1608 
f 1608//1608 1609//1609 1610//1610 
f 1609//1609 1609//1609 1610//1610 
f 1610//1610 1609//1609 1611//1611 
f 1609//1609 1612//1612 1611//1611 
f 1611//1611 1612//1612 1613//1613 
f 1612//1612 1614//1614 1613//1613 
f 1613//1613 1614//1614 1613//1613 
f 1614//1614 1615//1615 1613//1613 
f 1613//1613 1615//1615 1616//1616 
f 1615//1615 1617//1617 1616//1616 
f 1616//1616 1617//1617 1617//1617 
f 1617//1617 1597//1597 1617//1617 
f 1617//1617 1597//1597 1597//1597 
f 1597//1597 1584//1584 1597//1597 
f 1597//1597 1584//1584 1586//1586 
f 1584//1584 1586//1586 1586//1586 
f 1586//1586 1586//1586 1616//1616 
f 1586//1586 1616//1616 1616//1616 
f 1616//1616 1616//1616 1613//1613 
f 1616//1616 1618//1618 1613//1613 
f 1613//1613 1618//1618 1611//1611 
f 1618//1618 1619//1619 1611//1611 
f 1611//1611 1619//1619 1610//1610 
f 1619//1619 1620//1620 1610//1610 
f 1610//1610 1620//1620 1621//1621 
f 1620//1620 1620//1620 1621//1621 
f 1621//1621 1620//1620 1622//1622 
f 1620//1620 1619//1619 1622//1622 
f 1622//1622 1619//1619 1623//1623 
f 1619//1619 1618//1618 1623//1623 
f 1623//1623 1618//1618 1624//1624 
f 1618//1618 1616//1616 1624//1624 
f 1624//1624 1616//1616 1625//1625 
f 1616//1616 1617//1617 1625//1625 
f 1625//1625 1617//1617 1626//1626 
f 1617//1617 1627//1627 1626//1626 
f 1626//1626 1627//1627 1628//1628 
f 1627//1627 1629//1629 1628//1628 
f 1628//1628 1629//1629 1628//1628 
f 1629//1629 1630//1630 1628//1628 
f 1628//1628 1630//1630 1631//1631 
f 1630//1630 1632//1632 1631//1631 
f 1631//1631 1632//1632 1632//1632 
f 1632//1632 1621//1621 1632//1632 
f 1632//1632 1621//1621 1621//1621 
f 1621//1621 1608//1608 1621//1621 
f 1621//1621 1608//1608 1610//1610 
f 1608//1608 1610//1610 1610//1610 
f 1610//1610 1610//1610 1631//1631 
f 1610//1610 1631//1631 1631//1631 
f 1631//1631 1631//1631 1628//1628 
f 1631//1631 1633//1633 1628//1628 
f 1628//1628 1633//1633 1626//1626 
f 1633//1633 1634//1634 1626//1626 
f 1626//1626 1634//1634 1625//1625 
f 1634//1634 1635//1635 1625//1625 
f 1625//1625 1635//1635 1624//1624 
f 1635//1635 1636//1636 1624//1624 
f 1624//1624 1636//1636 1623//1623 
f 1636//1636 1623//1623 1623//1623 
f 1623//1623 1623//1623 1635//1635 
f 1623//1623 1635//1635 1635//1635 
f 1635//1635 1635//1635 1636//1636 
f 1635//1635 1634//1634 1636//1636 
f 1636//1636 1634//1634 1637//1637 
f 1634//1634 1633//1633 1637//1637 
f 1637//1637 1633//1633 1638//1638 
f 1633//1633 1631//1631 1638//1638 
f 1638//1638 1631//1631 1639//1639 
f 1631//1631 1632//1632 1639//1639 
f 1639//1639 1632//1632 1640//1640 
f 1632//1632 1641//1641 1640//1640 
f 1640//1640 1641//1641 1642//1642 
f 1641//1641 1643//1643 1642//1642 
f 1642//1642 1643//1643 1644//1644 
f 1643//1643 1645//1645 1644//1644 
f 1644//1644 1645//1645 1646//1646 
f 1645//1645 1647//1647 1646//1646 
f 1646//1646 1647//1647 1648//1648 
f 1647//1647 1647//1647 1648//1648 
f 1648//1648 1647//1647 1649//1649 
f 1647//1647 1650//1650 1649//1649 
f 1649//1649 1650//1650 1651//1651 
f 1650//1650 1652//1652 1651//1651 
f 1651//1651 1652//1652 1653//1653 
f 1652//1652 1654//1654 1653//1653 
f 1653//1653 1654//1654 1655//1655 
f 1654//1654 1656//1656 1655//1655 
f 1655//1655 1656//1656 1657//1657 
f 1656//1656 1658//1658 1657//1657 
f 1657//1657 1658//1658 1659//1659 
f 1658//1658 1660//1660 1659//1659 
f 1659//1659 1660//1660 1661//1661 
f 1660//1660 1660//1660 1661//1661 
f 1661//1661 1660//1660 1662//1662 
f 1660//1660 1663//1663 1662//1662 
f 1662//1662 1663//1663 1664//1664 
f 1663//1663 1665//1665 1664//1664 
f 1664//1664 1665//1665 1666//1666 
f 1665//1665 1665//1665 1666//1666 
f 1666//1666 1665//1665 1667//1667 
f 1665//1665 1668//1668 1667//1667 
f 1667//1667 1668//1668 1669//1669 
f 1668//1668 1670//1670 1669//1669 
f 1669//1669 1670//1670 1671//1671 
f 1670//1670 1672//1672 1671//1671 
f 1671//1671 1672//1672 1673//1673 
f 1672//1672 1674//1674 1673//1673 
f 1673//1673 1674//1674 1675//1675 
f 1674//1674 1674//1674 1675//1675 
f 1675//1675 1674//1674 1676//1676 
f 1674//1674 1677//1677 1676//1676 
f 1676//1676 1677//1677 1678//1678 
f 1677//1677 1679//1679 1678//1678 
f 1678//1678 1679//1679 1680//1680 
f 1679//1679 1681//1681 1680//1680 
f 1680//1680 1681//1681 1682//1682 
f 1681//1681 1683//1683 1682//1682 
f 1682//1682 1683//1683 1684//1684 
f 1683//1683 1683//1683 1684//1684 
f 1684//1684 1683//1683 1685//1685 
f 1683//1683 1686//1686 1685//1685 
f 1685//1685 1686//1686 1687//1687 
f 1686//1686 1688//1688 1687//1687 
f 1687//1687 1688//1688 1689//1689 
f 1688//1688 1690//1690 1689//1689 
f 1689//1689 1690//1690 1691//1691 
f 1690//1690 1692//1692 1691//1691 
f 1691//1691 1692//1692 1693//1693 
f 1692//1692 1692//1692 1693//1693 
f 1693//1693 1692//1692 1694//1694 
f 1692//1692 1695//1695 1694//1694 
f 1694//1694 1695//1695 1696//1696 
f 1695//1695 1697//1697 1696//1696 
f 1696//1696 1697//1697 1698//1698 
f 1697//1697 1699//1699 1698//1698 
f 1698//1698 1699//1699 1700//1700 
f 1699//1699 1701//1701 1700//1700 
f 1700//1700 1701//1701 1702//1702 
f 1701//1701 1701//1701 1702//1702 
f 1702//1702 1701//1701 1703//1703 
f 1701//1701 1704//1704 1703//1703 
f 1703//1703 1704//1704 1705//1705 
f 1704//1704 1706//1706 1705//1705 
f 1705//1705 1706//1706 1707//1707 
f 1706//1706 1708//1708 1707//1707 
f 1707//1707 1708//1708 1709//1709 
f 1708//1708 1710//1710 1709//1709 
f 1709//1709 1710//1710 1711//1711 
f 1710//1710 1710//1710 1711//1711 
f 1711//1711 1710//1710 1712//1712 
f 1710//1710 1713//1713 1712//1712 
f 1712//1712 1713//1713 1714//1714 
f 1713//1713 1715//1715 1714//1714 
f 1714//1714 1715//1715 1716//1716 
f 1715//1715 1717//1717 1716//1716 
f 1716//1716 1717//1717 1564//1564 
f 1717//1717 1565//1565 1564//1564 
f 1564//1564 1565//1565 1565//1565 
f 1565//1565 1564//1564 1565//1565 
f 1565//1565 1564//1564 1564//1564 
f 1564//1564 1563//1563 1564//1564 
f 1564//1564 1563//1563 1716//1716 
f 1563//1563 1718//1718 1716//1716 
f 1716//1716 1718//1718 1714//1714 
f 1718//1718 1714//1714 1714//1714 
f 1714//1714 1714//1714 1563//1563 
f 1714//1714 1563//1563 1563//1563 
f 1563//1563 1563//1563 1718//1718 
f 1563//1563 1562//1562 1718//1718 
f 1718//1718 1562//1562 1719//1719 
f 1562//1562 1561//1561 1719//1719 
f 1719//1719 1561//1561 1719//1719 
f 1561//1561 1559//1559 1719//1719 
f 1719//1719 1559//1559 1720//1720 
f 1559//1559 1560//1560 1720//1720 
f 1720//1720 1560//1560 1560//1560 
f 1560//1560 1720//1720 1560//1560 
f 1560//1560 1720//1720 1720//1720 
f 1720//1720 1721//1721 1720//1720 
f 1720//1720 1721//1721 1719//1719 
f 1721//1721 1721//1721 1719//1719 
f 1719//1719 1721//1721 1718//1718 
f 1721//1721 1721//1721 1718//1718 
f 1718//1718 1721//1721 1714//1714 
f 1721//1721 1721//1721 1714//1714 
f 1714//1714 1721//1721 1712//1712 
f 1721//1721 1722//1722 1712//1712 
f 1712//1712 1722//1722 1711//1711 
f 1722//1722 1723//1723 1711//1711 
f 1711//1711 1723//1723 1724//1724 
f 1723//1723 1725//1725 1724//1724 
f 1724//1724 1725//1725 1726//1726 
f 1725//1725 1560//1560 1726//1726 
f 1726//1726 1560//1560 1727//1727 
f 1560//1560 1728//1728 1727//1727 
f 1727//1727 1728//1728 1729//1729 
f 1728//1728 1730//1730 1729//1729 
f 1729//1729 1730//1730 1731//1731 
f 1730//1730 1732//1732 1731//1731 
f 1731//1731 1732//1732 1733//1733 
f 1732//1732 1734//1734 1733//1733 
f 1733//1733 1734//1734 1733//1733 
f 1734//1734 1735//1735 1733//1733 
f 1733//1733 1735//1735 1733//1733 
f 1735//1735 1736//1736 1733//1733 
f 1733//1733 1736//1736 1733//1733 
f 1736//1736 1737//1737 1733//1733 
f 1733//1733 1737//1737 1731//1731 
f 1737//1737 1738//1738 1731//1731 
f 1731//1731 1738//1738 1729//1729 
f 1738//1738 1739//1739 1729//1729 
f 1729//1729 1739//1739 1727//1727 
f 1739//1739 1740//1740 1727//1727 
f 1727//1727 1740//1740 1726//1726 
f 1740//1740 1741//1741 1726//1726 
f 1726//1726 1741//1741 1724//1724 
f 1741//1741 1709//1709 1724//1724 
f 1724//1724 1709//1709 1711//1711 
f 1709//1709 1711//1711 1711//1711 
f 1711//1711 1711//1711 1721//1721 
f 1711//1711 1721//1721 1721//1721 
f 1721//1721 1721//1721 1722//1722 
f 1721//1721 1720//1720 1722//1722 
f 1722//1722 1720//1720 1725//1725 
f 1720//1720 1560//1560 1725//1725 
f 1725//1725 1560//1560 1560//1560 
f 1560//1560 1723//1723 1560//1560 
f 1560//1560 1723//1723 1723//1723 
f 1723//1723 1722//1722 1723//1723 
f 1723//1723 1722//1722 1725//1725 
f 1722//1722 1725//1725 1725//1725 
f 1725//1725 1725//1725 1739//1739 
f 1725//1725 1739//1739 1739//1739 
f 1739//1739 1739//1739 1740//1740 
f 1739//1739 1738//1738 1740//1740 
f 1740//1740 1738//1738 1742//1742 
f 1738//1738 1737//1737 1742//1742 
f 1742//1742 1737//1737 1705//1705 
f 1737//1737 1737//1737 1705//1705 
f 1705//1705 1737//1737 1703//1703 
f 1737//1737 1736//1736 1703//1703 
f 1703//1703 1736//1736 1702//1702 
f 1736//1736 1743//1743 1702//1702 
f 1702//1702 1743//1743 1744//1744 
f 1743//1743 1735//1735 1744//1744 
f 1744//1744 1735//1735 1745//1745 
f 1735//1735 1734//1734 1745//1745 
f 1745//1745 1734//1734 1746//1746 
f 1734//1734 1747//1747 1746//1746 
f 1746//1746 1747//1747 1748//1748 
f 1747//1747 1749//1749 1748//1748 
f 1748//1748 1749//1749 1750//1750 
f 1749//1749 1751//1751 1750//1750 
f 1750//1750 1751//1751 1752//1752 
f 1751//1751 1753//1753 1752//1752 
f 1752//1752 1753//1753 1752//1752 
f 1753//1753 1754//1754 1752//1752 
f 1752//1752 1754//1754 1752//1752 
f 1754//1754 1755//1755 1752//1752 
f 1752//1752 1755//1755 1752//1752 
f 1755//1755 1756//1756 1752//1752 
f 1752//1752 1756//1756 1750//1750 
f 1756//1756 1757//1757 1750//1750 
f 1750//1750 1757//1757 1748//1748 
f 1757//1757 1758//1758 1748//1748 
f 1748//1748 1758//1758 1746//1746 
f 1758//1758 1758//1758 1746//1746 
f 1746//1746 1758//1758 1759//1759 
f 1758//1758 1757//1757 1759//1759 
f 1759//1759 1757//1757 1757//1757 
f 1757//1757 1709//1709 1757//1757 
f 1757//1757 1709//1709 1709//1709 
f 1709//1709 1741//1741 1709//1709 
f 1709//1709 1741//1741 1707//1707 
f 1741//1741 1742//1742 1707//1707 
f 1707//1707 1742//1742 1705//1705 
f 1742//1742 1705//1705 1705//1705 
f 1705//1705 1705//1705 1741//1741 
f 1705//1705 1741//1741 1741//1741 
f 1741//1741 1741//1741 1742//1742 
f 1741//1741 1740//1740 1742//1742 
f 1742//1742 1740//1740 1740//1740 
f 1740//1740 1743//1743 1740//1740 
f 1740//1740 1743//1743 1743//1743 
f 1743//1743 1736//1736 1743//1743 
f 1743//1743 1736//1736 1735//1735 
f 1736//1736 1735//1735 1735//1735 
f 1735//1735 1735//1735 1702//1702 
f 1735//1735 1702//1702 1702//1702 
f 1702//1702 1702//1702 1700//1700 
f 1702//1702 1744//1744 1700//1700 
f 1700//1700 1744//1744 1760//1760 
f 1744//1744 1745//1745 1760//1760 
f 1760//1760 1745//1745 1759//1759 
f 1745//1745 1746//1746 1759//1759 
f 1759//1759 1746//1746 1746//1746 
f 1746//1746 1700//1700 1746//1746 
f 1746//1746 1700//1700 1700//1700 
f 1700//1700 1760//1760 1700//1700 
f 1700//1700 1760//1760 1698//1698 
f 1760//1760 1761//1761 1698//1698 
f 1698//1698 1761//1761 1696//1696 
f 1761//1761 1756//1756 1696//1696 
f 1696//1696 1756//1756 1694//1694 
f 1756//1756 1755//1755 1694//1694 
f 1694//1694 1755//1755 1693//1693 
f 1755//1755 1762//1762 1693//1693 
f 1693//1693 1762//1762 1763//1763 
f 1762//1762 1754//1754 1763//1763 
f 1763//1763 1754//1754 1764//1764 
f 1754//1754 1753//1753 1764//1764 
f 1764//1764 1753//1753 1765//1765 
f 1753//1753 1766//1766 1765//1765 
f 1765//1765 1766//1766 1767//1767 
f 1766//1766 1768//1768 1767//1767 
f 1767//1767 1768//1768 1769//1769 
f 1768//1768 1770//1770 1769//1769 
f 1769//1769 1770//1770 1771//1771 
f 1770//1770 1772//1772 1771//1771 
f 1771//1771 1772//1772 1771//1771 
f 1772//1772 1773//1773 1771//1771 
f 1771//1771 1773//1773 1771//1771 
f 1773//1773 1774//1774 1771//1771 
f 1771//1771 1774//1774 1771//1771 
f 1774//1774 1775//1775 1771//1771 
f 1771//1771 1775//1775 1769//1769 
f 1775//1775 1776//1776 1769//1769 
f 1769//1769 1776//1776 1767//1767 
f 1776//1776 1777//1777 1767//1767 
f 1767//1767 1777//1777 1765//1765 
f 1777//1777 1778//1778 1765//1765 
f 1765//1765 1778//1778 1764//1764 
f 1778//1778 1779//1779 1764//1764 
f 1764//1764 1779//1779 1763//1763 
f 1779//1779 1691//1691 1763//1763 
f 1763//1763 1691//1691 1693//1693 
f 1691//1691 1693//1693 1693//1693 
f 1693//1693 1693//1693 1760//1760 
f 1693//1693 1760//1760 1760//1760 
f 1760//1760 1760//1760 1761//1761 
f 1760//1760 1759//1759 1761//1761 
f 1761//1761 1759//1759 1761//1761 
f 1759//1759 1757//1757 1761//1761 
f 1761//1761 1757//1757 1756//1756 
f 1757//1757 1756//1756 1756//1756 
f 1756//1756 1756//1756 1762//1762 
f 1756//1756 1762//1762 1762//1762 
f 1762//1762 1762//1762 1754//1754 
f 1762//1762 1755//1755 1754//1754 
f 1754//1754 1755//1755 1755//1755 
f 1755//1755 1777//1777 1755//1755 
f 1755//1755 1777//1777 1777//1777 
f 1777//1777 1776//1776 1777//1777 
f 1777//1777 1776//1776 1778//1778 
f 1776//1776 1780//1780 1778//1778 
f 1778//1778 1780//1780 1779//1779 
f 1780//1780 1689//1689 1779//1779 
f 1779//1779 1689//1689 1691//1691 
f 1689//1689 1691//1691 1691//1691 
f 1691//1691 1691//1691 1776//1776 
f 1691//1691 1776//1776 1776//1776 
f 1776//1776 1776//1776 1780//1780 
f 1776//1776 1775//1775 1780//1780 
f 1780//1780 1775//1775 1687//1687 
f 1775//1775 1775//1775 1687//1687 
f 1687//1687 1775//1775 1685//1685 
f 1775//1775 1774//1774 1685//1685 
f 1685//1685 1774//1774 1684//1684 
f 1774//1774 1781//1781 1684//1684 
f 1684//1684 1781//1781 1782//1782 
f 1781//1781 1773//1773 1782//1782 
f 1782//1782 1773//1773 1783//1783 
f 1773//1773 1772//1772 1783//1783 
f 1783//1783 1772//1772 1784//1784 
f 1772//1772 1785//1785 1784//1784 
f 1784//1784 1785//1785 1786//1786 
f 1785//1785 1787//1787 1786//1786 
f 1786//1786 1787//1787 1788//1788 
f 1787//1787 1789//1789 1788//1788 
f 1788//1788 1789//1789 1790//1790 
f 1789//1789 1791//1791 1790//1790 
f 1790//1790 1791//1791 1790//1790 
f 1791//1791 1792//1792 1790//1790 
f 1790//1790 1792//1792 1790//1790 
f 1792//1792 1793//1793 1790//1790 
f 1790//1790 1793//1793 1790//1790 
f 1793//1793 1794//1794 1790//1790 
f 1790//1790 1794//1794 1788//1788 
f 1794//1794 1795//1795 1788//1788 
f 1788//1788 1795//1795 1786//1786 
f 1795//1795 1796//1796 1786//1786 
f 1786//1786 1796//1796 1784//1784 
f 1796//1796 1797//1797 1784//1784 
f 1784//1784 1797//1797 1783//1783 
f 1797//1797 1798//1798 1783//1783 
f 1783//1783 1798//1798 1782//1782 
f 1798//1798 1682//1682 1782//1782 
f 1782//1782 1682//1682 1684//1684 
f 1682//1682 1684//1684 1684//1684 
f 1684//1684 1684//1684 1689//1689 
f 1684//1684 1689//1689 1689//1689 
f 1689//1689 1689//1689 1687//1687 
f 1689//1689 1780//1780 1687//1687 
f 1687//1687 1780//1780 1780//1780 
f 1780//1780 1781//1781 1780//1780 
f 1780//1780 1781//1781 1781//1781 
f 1781//1781 1774//1774 1781//1781 
f 1781//1781 1774//1774 1773//1773 
f 1774//1774 1773//1773 1773//1773 
f 1773//1773 1773//1773 1796//1796 
f 1773//1773 1796//1796 1796//1796 
f 1796//1796 1796//1796 1797//1797 
f 1796//1796 1795//1795 1797//1797 
f 1797//1797 1795//1795 1799//1799 
f 1795//1795 1794//1794 1799//1799 
f 1799//1799 1794//1794 1678//1678 
f 1794//1794 1794//1794 1678//1678 
f 1678//1678 1794//1794 1676//1676 
f 1794//1794 1793//1793 1676//1676 
f 1676//1676 1793//1793 1675//1675 
f 1793//1793 1800//1800 1675//1675 
f 1675//1675 1800//1800 1801//1801 
f 1800//1800 1792//1792 1801//1801 
f 1801//1801 1792//1792 1802//1802 
f 1792//1792 1791//1791 1802//1802 
f 1802//1802 1791//1791 1803//1803 
f 1791//1791 1804//1804 1803//1803 
f 1803//1803 1804//1804 1805//1805 
f 1804//1804 1806//1806 1805//1805 
f 1805//1805 1806//1806 1807//1807 
f 1806//1806 1808//1808 1807//1807 
f 1807//1807 1808//1808 1809//1809 
f 1808//1808 1810//1810 1809//1809 
f 1809//1809 1810//1810 1809//1809 
f 1810//1810 1811//1811 1809//1809 
f 1809//1809 1811//1811 1809//1809 
f 1811//1811 1812//1812 1809//1809 
f 1809//1809 1812//1812 1809//1809 
f 1812//1812 1813//1813 1809//1809 
f 1809//1809 1813//1813 1807//1807 
f 1813//1813 1814//1814 1807//1807 
f 1807//1807 1814//1814 1805//1805 
f 1814//1814 1815//1815 1805//1805 
f 1805//1805 1815//1815 1803//1803 
f 1815//1815 1815//1815 1803//1803 
f 1803//1803 1815//1815 1816//1816 
f 1815//1815 1814//1814 1816//1816 
f 1816//1816 1814//1814 1814//1814 
f 1814//1814 1682//1682 1814//1814 
f 1814//1814 1682//1682 1682//1682 
f 1682//1682 1798//1798 1682//1682 
f 1682//1682 1798//1798 1680//1680 
f 1798//1798 1799//1799 1680//1680 
f 1680//1680 1799//1799 1678//1678 
f 1799//1799 1678//1678 1678//1678 
f 1678//1678 1678//1678 1798//1798 
f 1678//1678 1798//1798 1798//1798 
f 1798//1798 1798//1798 1799//1799 
f 1798//1798 1797//1797 1799//1799 
f 1799//1799 1797//1797 1797//1797 
f 1797//1797 1800//1800 1797//1797 
f 1797//1797 1800//1800 1800//1800 
f 1800//1800 1793//1793 1800//1800 
f 1800//1800 1793//1793 1792//1792 
f 1793//1793 1792//1792 1792//1792 
f 1792//1792 1792//1792 1675//1675 
f 1792//1792 1675//1675 1675//1675 
f 1675//1675 1675//1675 1673//1673 
f 1675//1675 1801//1801 1673//1673 
f 1673//1673 1801//1801 1817//1817 
f 1801//1801 1802//1802 1817//1817 
f 1817//1817 1802//1802 1816//1816 
f 1802//1802 1803//1803 1816//1816 
f 1816//1816 1803//1803 1803//1803 
f 1803//1803 1673//1673 1803//1803 
f 1803//1803 1673//1673 1673//1673 
f 1673//1673 1817//1817 1673//1673 
f 1673//1673 1817//1817 1671//1671 
f 1817//1817 1818//1818 1671//1671 
f 1671//1671 1818//1818 1669//1669 
f 1818//1818 1813//1813 1669//1669 
f 1669//1669 1813//1813 1667//1667 
f 1813//1813 1812//1812 1667//1667 
f 1667//1667 1812//1812 1666//1666 
f 1812//1812 1819//1819 1666//1666 
f 1666//1666 1819//1819 1820//1820 
f 1819//1819 1811//1811 1820//1820 
f 1820//1820 1811//1811 1821//1821 
f 1811//1811 1810//1810 1821//1821 
f 1821//1821 1810//1810 1822//1822 
f 1810//1810 1823//1823 1822//1822 
f 1822//1822 1823//1823 1824//1824 
f 1823//1823 1825//1825 1824//1824 
f 1824//1824 1825//1825 1826//1826 
f 1825//1825 1825//1825 1826//1826 
f 1826//1826 1825//1825 1827//1827 
f 1825//1825 1828//1828 1827//1827 
f 1827//1827 1828//1828 1829//1829 
f 1828//1828 1830//1830 1829//1829 
f 1829//1829 1830//1830 1831//1831 
f 1830//1830 1830//1830 1831//1831 
f 1831//1831 1830//1830 1832//1832 
f 1830//1830 1833//1833 1832//1832 
f 1832//1832 1833//1833 1834//1834 
f 1833//1833 1835//1835 1834//1834 
f 1834//1834 1835//1835 1836//1836 
f 1835//1835 1837//1837 1836//1836 
f 1836//1836 1837//1837 1838//1838 
f 1837//1837 1839//1839 1838//1838 
f 1838//1838 1839//1839 1839//1839 
f 1839//1839 1817//1817 1839//1839 
f 1839//1839 1817//1817 1817//1817 
f 1817//1817 1816//1816 1817//1817 
f 1817//1817 1816//1816 1818//1818 
f 1816//1816 1814//1814 1818//1818 
f 1818//1818 1814//1814 1813//1813 
f 1814//1814 1813//1813 1813//1813 
f 1813//1813 1813//1813 1819//1819 
f 1813//1813 1819//1819 1819//1819 
f 1819//1819 1819//1819 1811//1811 
f 1819//1819 1812//1812 1811//1811 
f 1811//1811 1812//1812 1812//1812 
f 1812//1812 1820//1820 1812//1812 
f 1812//1812 1820//1820 1820//1820 
f 1820//1820 1664//1664 1820//1820 
f 1820//1820 1664//1664 1666//1666 
f 1664//1664 1666//1666 1666//1666 
f 1666//1666 1666//1666 1838//1838 
f 1666//1666 1838//1838 1838//1838 
f 1838//1838 1838//1838 1836//1836 
f 1838//1838 1840//1840 1836//1836 
f 1836//1836 1840//1840 1841//1841 
f 1840//1840 1840//1840 1841//1841 
f 1841//1841 1840//1840 1842//1842 
f 1840//1840 1838//1838 1842//1842 
f 1842//1842 1838//1838 1843//1843 
f 1838//1838 1839//1839 1843//1843 
f 1843//1843 1839//1839 1844//1844 
f 1839//1839 1845//1845 1844//1844 
f 1844//1844 1845//1845 1846//1846 
f 1845//1845 1847//1847 1846//1846 
f 1846//1846 1847//1847 1848//1848 
f 1847//1847 1849//1849 1848//1848 
f 1848//1848 1849//1849 1850//1850 
f 1849//1849 1851//1851 1850//1850 
f 1850//1850 1851//1851 1851//1851 
f 1851//1851 1841//1841 1851//1851 
f 1851//1851 1841//1841 1841//1841 
f 1841//1841 1834//1834 1841//1841 
f 1841//1841 1834//1834 1836//1836 
f 1834//1834 1836//1836 1836//1836 
f 1836//1836 1836//1836 1850//1850 
f 1836//1836 1850//1850 1850//1850 
f 1850//1850 1850//1850 1848//1848 
f 1850//1850 1852//1852 1848//1848 
f 1848//1848 1852//1852 1853//1853 
f 1852//1852 1852//1852 1853//1853 
f 1853//1853 1852//1852 1854//1854 
f 1852//1852 1850//1850 1854//1854 
f 1854//1854 1850//1850 1855//1855 
f 1850//1850 1851//1851 1855//1855 
f 1855//1855 1851//1851 1856//1856 
f 1851//1851 1857//1857 1856//1856 
f 1856//1856 1857//1857 1858//1858 
f 1857//1857 1859//1859 1858//1858 
f 1858//1858 1859//1859 1860//1860 
f 1859//1859 1861//1861 1860//1860 
f 1860//1860 1861//1861 1862//1862 
f 1861//1861 1863//1863 1862//1862 
f 1862//1862 1863//1863 1863//1863 
f 1863//1863 1853//1853 1863//1863 
f 1863//1863 1853//1853 1853//1853 
f 1853//1853 1846//1846 1853//1853 
f 1853//1853 1846//1846 1848//1848 
f 1846//1846 1848//1848 1848//1848 
f 1848//1848 1848//1848 1862//1862 
f 1848//1848 1862//1862 1862//1862 
f 1862//1862 1862//1862 1860//1860 
f 1862//1862 1864//1864 1860//1860 
f 1860//1860 1864//1864 1865//1865 
f 1864//1864 1864//1864 1865//1865 
f 1865//1865 1864//1864 1866//1866 
f 1864//1864 1862//1862 1866//1866 
f 1866//1866 1862//1862 1867//1867 
f 1862//1862 1863//1863 1867//1867 
f 1867//1867 1863//1863 1868//1868 
f 1863//1863 1869//1869 1868//1868 
f 1868//1868 1869//1869 1870//1870 
f 1869//1869 1871//1871 1870//1870 
f 1870//1870 1871//1871 1872//1872 
f 1871//1871 1873//1873 1872//1872 
f 1872//1872 1873//1873 1874//1874 
f 1873//1873 1875//1875 1874//1874 
f 1874//1874 1875//1875 1875//1875 
f 1875//1875 1865//1865 1875//1875 
f 1875//1875 1865//1865 1865//1865 
f 1865//1865 1858//1858 1865//1865 
f 1865//1865 1858//1858 1860//1860 
f 1858//1858 1860//1860 1860//1860 
f 1860//1860 1860//1860 1874//1874 
f 1860//1860 1874//1874 1874//1874 
f 1874//1874 1874//1874 1872//1872 
f 1874//1874 1876//1876 1872//1872 
f 1872//1872 1876//1876 1877//1877 
f 1876//1876 1876//1876 1877//1877 
f 1877//1877 1876//1876 1878//1878 
f 1876//1876 1874//1874 1878//1878 
f 1878//1878 1874//1874 1879//1879 
f 1874//1874 1875//1875 1879//1879 
f 1879//1879 1875//1875 1880//1880 
f 1875//1875 1881//1881 1880//1880 
f 1880//1880 1881//1881 1882//1882 
f 1881//1881 1883//1883 1882//1882 
f 1882//1882 1883//1883 1884//1884 
f 1883//1883 1885//1885 1884//1884 
f 1884//1884 1885//1885 1886//1886 
f 1885//1885 1887//1887 1886//1886 
f 1886//1886 1887//1887 1887//1887 
f 1887//1887 1877//1877 1887//1887 
f 1887//1887 1877//1877 1877//1877 
f 1877//1877 1870//1870 1877//1877 
f 1877//1877 1870//1870 1872//1872 
f 1870//1870 1872//1872 1872//1872 
f 1872//1872 1872//1872 1886//1886 
f 1872//1872 1886//1886 1886//1886 
f 1886//1886 1886//1886 1884//1884 
f 1886//1886 1888//1888 1884//1884 
f 1884//1884 1888//1888 1889//1889 
f 1888//1888 1888//1888 1889//1889 
f 1889//1889 1888//1888 1890//1890 
f 1888//1888 1886//1886 1890//1890 
f 1890//1890 1886//1886 1891//1891 
f 1886//1886 1887//1887 1891//1891 
f 1891//1891 1887//1887 1892//1892 
f 1887//1887 1893//1893 1892//1892 
f 1892//1892 1893//1893 1894//1894 
f 1893//1893 1895//1895 1894//1894 
f 1894//1894 1895//1895 1896//1896 
f 1895//1895 1897//1897 1896//1896 
f 1896//1896 1897//1897 1898//1898 
f 1897//1897 1899//1899 1898//1898 
f 1898//1898 1899//1899 1899//1899 
f 1899//1899 1889//1889 1899//1899 
f 1899//1899 1889//1889 1889//1889 
f 1889//1889 1882//1882 1889//1889 
f 1889//1889 1882//1882 1884//1884 
f 1882//1882 1884//1884 1884//1884 
f 1884//1884 1884//1884 1898//1898 
f 1884//1884 1898//1898 1898//1898 
f 1898//1898 1898//1898 1896//1896 
f 1898//1898 1900//1900 1896//1896 
f 1896//1896 1900//1900 1901//1901 
f 1900//1900 1900//1900 1901//1901 
f 1901//1901 1900//1900 1902//1902 
f 1900//1900 1898//1898 1902//1902 
f 1902//1902 1898//1898 1903//1903 
f 1898//1898 1899//1899 1903//1903 
f 1903//1903 1899//1899 1904//1904 
f 1899//1899 1905//1905 1904//1904 
f 1904//1904 1905//1905 1906//1906 
f 1905//1905 1907//1907 1906//1906 
f 1906//1906 1907//1907 1908//1908 
f 1907//1907 1909//1909 1908//1908 
f 1908//1908 1909//1909 1910//1910 
f 1909//1909 1911//1911 1910//1910 
f 1910//1910 1911//1911 1911//1911 
f 1911//1911 1901//1901 1911//1911 
f 1911//1911 1901//1901 1901//1901 
f 1901//1901 1894//1894 1901//1901 
f 1901//1901 1894//1894 1896//1896 
f 1894//1894 1896//1896 1896//1896 
f 1896//1896 1896//1896 1910//1910 
f 1896//1896 1910//1910 1910//1910 
f 1910//1910 1910//1910 1908//1908 
f 1910//1910 1912//1912 1908//1908 
f 1908//1908 1912//1912 1913//1913 
f 1912//1912 1912//1912 1913//1913 
f 1913//1913 1912//1912 1914//1914 
f 1912//1912 1910//1910 1914//1914 
f 1914//1914 1910//1910 1915//1915 
f 1910//1910 1911//1911 1915//1915 
f 1915//1915 1911//1911 1916//1916 
f 1911//1911 1917//1917 1916//1916 
f 1916//1916 1917//1917 1918//1918 
f 1917//1917 1919//1919 1918//1918 
f 1918//1918 1919//1919 1920//1920 
f 1919//1919 1921//1921 1920//1920 
f 1920//1920 1921//1921 1922//1922 
f 1921//1921 1923//1923 1922//1922 
f 1922//1922 1923//1923 1924//1924 
f 1923//1923 1925//1925 1924//1924 
f 1924//1924 1925//1925 1926//1926 
f 1925//1925 1927//1927 1926//1926 
f 1926//1926 1927//1927 1928//1928 
f 1927//1927 1929//1929 1928//1928 
f 1928//1928 1929//1929 1930//1930 
f 1929//1929 409//409 1930//1930 
f 1930//1930 409//409 1931//1931 
f 409//409 407//407 1931//1931 
f 1931//1931 407//407 1932//1932 
f 407//407 406//406 1932//1932 
f 1932//1932 406//406 1933//1933 
f 406//406 1267//1267 1933//1933 
f 1933//1933 1267//1267 1933//1933 
f 1267//1267 1268//1268 1933//1933 
f 1933//1933 1268//1268 1934//1934 
f 1268//1268 1269//1269 1934//1934 
f 1934//1934 1269//1269 1935//1935 
f 1269//1269 1270//1270 1935//1935 
f 1935//1935 1270//1270 1936//1936 
f 1270//1270 1937//1937 1936//1936 
f 1936//1936 1937//1937 1936//1936 
f 1937//1937 1938//1938 1936//1936 
f 1936//1936 1938//1938 1931//1931 
f 1938//1938 1938//1938 1931//1931 
f 1931//1931 1938//1938 1930//1930 
f 1938//1938 1939//1939 1930//1930 
f 1930//1930 1939//1939 1928//1928 
f 1939//1939 1928//1928 1928//1928 
f 1928//1928 1928//1928 1913//1913 
f 1928//1928 1913//1913 1913//1913 
f 1913//1913 1913//1913 1908//1908 
f 1913//1913 1906//1906 1908//1908 
f 1908//1908 1906//1906 1906//1906 
f 1906//1906 1934//1934 1906//1906 
f 1906//1906 1934//1934 1934//1934 
f 1934//1934 1935//1935 1934//1934 
f 1934//1934 1935//1935 1933//1933 
f 1935//1935 1935//1935 1933//1933 
f 1933//1933 1935//1935 1932//1932 
f 1935//1935 1936//1936 1932//1932 
f 1932//1932 1936//1936 1931//1931 
f 1936//1936 1931//1931 1931//1931 
f 1931//1931 1931//1931 1270//1270 
f 1931//1931 1270//1270 1270//1270 
f 1270//1270 1270//1270 1937//1937 
f 1270//1270 1271//1271 1937//1937 
f 1937//1937 1271//1271 1940//1940 
f 1271//1271 1272//1272 1940//1940 
f 1940//1940 1272//1272 1940//1940 
f 1272//1272 1297//1297 1940//1940 
f 1940//1940 1297//1297 1941//1941 
f 1297//1297 1299//1299 1941//1941 
f 1941//1941 1299//1299 1942//1942 
f 1299//1299 1300//1300 1942//1942 
f 1942//1942 1300//1300 1942//1942 
f 1300//1300 1943//1943 1942//1942 
f 1942//1942 1943//1943 1942//1942 
f 1943//1943 1944//1944 1942//1942 
f 1942//1942 1944//1944 1941//1941 
f 1944//1944 1945//1945 1941//1941 
f 1941//1941 1945//1945 1940//1940 
f 1945//1945 1946//1946 1940//1940 
f 1940//1940 1946//1946 1940//1940 
f 1946//1946 1947//1947 1940//1940 
f 1940//1940 1947//1947 1948//1948 
f 1947//1947 1949//1949 1948//1948 
f 1948//1948 1949//1949 1939//1939 
f 1949//1949 1949//1949 1939//1939 
f 1939//1939 1949//1949 1928//1928 
f 1949//1949 1949//1949 1928//1928 
f 1928//1928 1949//1949 1926//1926 
f 1949//1949 1950//1950 1926//1926 
f 1926//1926 1950//1950 1924//1924 
f 1950//1950 1924//1924 1924//1924 
f 1924//1924 1924//1924 1939//1939 
f 1924//1924 1939//1939 1939//1939 
f 1939//1939 1939//1939 1948//1948 
f 1939//1939 1938//1938 1948//1948 
f 1948//1948 1938//1938 1948//1948 
f 1938//1938 1937//1937 1948//1948 
f 1948//1948 1937//1937 1940//1940 
f 1937//1937 1940//1940 1940//1940 
f 1940//1940 1940//1940 1949//1949 
f 1940//1940 1949//1949 1949//1949 
f 1949//1949 1949//1949 1950//1950 
f 1949//1949 1947//1947 1950//1950 
f 1950//1950 1947//1947 1951//1951 
f 1947//1947 1946//1946 1951//1951 
f 1951//1951 1946//1946 1946//1946 
f 1946//1946 1951//1951 1946//1946 
f 1946//1946 1951//1951 1951//1951 
f 1951//1951 1952//1952 1951//1951 
f 1951//1951 1952//1952 1950//1950 
f 1952//1952 1952//1952 1950//1950 
f 1950//1950 1952//1952 1924//1924 
f 1952//1952 1952//1952 1924//1924 
f 1924//1924 1952//1952 1922//1922 
f 1952//1952 1953//1953 1922//1922 
f 1922//1922 1953//1953 1920//1920 
f 1953//1953 1954//1954 1920//1920 
f 1920//1920 1954//1954 1918//1918 
f 1954//1954 1955//1955 1918//1918 
f 1918//1918 1955//1955 1916//1916 
f 1955//1955 1916//1916 1916//1916 
f 1916//1916 1916//1916 1953//1953 
f 1916//1916 1953//1953 1953//1953 
f 1953//1953 1953//1953 1954//1954 
f 1953//1953 1952//1952 1954//1954 
f 1954//1954 1952//1952 1954//1954 
f 1952//1952 1951//1951 1954//1954 
f 1954//1954 1951//1951 1955//1955 
f 1951//1951 1946//1946 1955//1955 
f 1955//1955 1946//1946 1956//1956 
f 1946//1946 1945//1945 1956//1956 
f 1956//1956 1945//1945 1957//1957 
f 1945//1945 1944//1944 1957//1957 
f 1957//1957 1944//1944 1958//1958 
f 1944//1944 1943//1943 1958//1958 
f 1958//1958 1943//1943 1943//1943 
f 1943//1943 1957//1957 1943//1943 
f 1943//1943 1957//1957 1957//1957 
f 1957//1957 1958//1958 1957//1957 
f 1957//1957 1958//1958 1956//1956 
f 1958//1958 1959//1959 1956//1956 
f 1956//1956 1959//1959 1955//1955 
f 1959//1959 1959//1959 1955//1955 
f 1955//1955 1959//1959 1916//1916 
f 1959//1959 1959//1959 1916//1916 
f 1916//1916 1959//1959 1915//1915 
f 1959//1959 1959//1959 1915//1915 
f 1915//1915 1959//1959 1960//1960 
f 1959//1959 1958//1958 1960//1960 
f 1960//1960 1958//1958 1960//1960 
f 1958//1958 1943//1943 1960//1960 
f 1960//1960 1943//1943 1961//1961 
f 1943//1943 1300//1300 1961//1961 
f 1961//1961 1300//1300 1961//1961 
f 1300//1300 1301//1301 1961//1961 
f 1961//1961 1301//1301 1961//1961 
f 1301//1301 1962//1962 1961//1961 
f 1961//1961 1962//1962 1963//1963 
f 1962//1962 1964//1964 1963//1963 
f 1963//1963 1964//1964 1913//1913 
f 1964//1964 1964//1964 1913//1913 
f 1913//1913 1964//1964 1906//1906 
f 1964//1964 1964//1964 1906//1906 
f 1906//1906 1964//1964 1904//1904 
f 1964//1964 1965//1965 1904//1904 
f 1904//1904 1965//1965 1903//1903 
f 1965//1965 1903//1903 1903//1903 
f 1903//1903 1903//1903 1961//1961 
f 1903//1903 1961//1961 1961//1961 
f 1961//1961 1961//1961 1960//1960 
f 1961//1961 1963//1963 1960//1960 
f 1960//1960 1963//1963 1914//1914 
f 1963//1963 1913//1913 1914//1914 
f 1914//1914 1913//1913 1913//1913 
f 1913//1913 1915//1915 1913//1913 
f 1913//1913 1915//1915 1915//1915 
f 1915//1915 1960//1960 1915//1915 
f 1915//1915 1960//1960 1914//1914 
f 1960//1960 1914//1914 1914//1914 
f 1914//1914 1914//1914 1965//1965 
f 1914//1914 1965//1965 1965//1965 
f 1965//1965 1965//1965 1966//1966 
f 1965//1965 1964//1964 1966//1966 
f 1966//1966 1964//1964 1966//1966 
f 1964//1964 1962//1962 1966//1966 
f 1966//1966 1962//1962 1967//1967 
f 1962//1962 1301//1301 1967//1967 
f 1967//1967 1301//1301 1968//1968 
f 1301//1301 1301//1301 1968//1968 
f 1968//1968 1301//1301 1969//1969 
f 1301//1301 1302//1302 1969//1969 
f 1969//1969 1302//1302 1970//1970 
f 1302//1302 1303//1303 1970//1970 
f 1970//1970 1303//1303 1971//1971 
f 1303//1303 1303//1303 1971//1971 
f 1971//1971 1303//1303 1972//1972 
f 1303//1303 1304//1304 1972//1972 
f 1972//1972 1304//1304 1972//1972 
f 1304//1304 1305//1305 1972//1972 
f 1972//1972 1305//1305 1973//1973 
f 1305//1305 1306//1306 1973//1973 
f 1973//1973 1306//1306 1306//1306 
f 1306//1306 1973//1973 1306//1306 
f 1306//1306 1973//1973 1973//1973 
f 1973//1973 1974//1974 1973//1973 
f 1973//1973 1974//1974 1972//1972 
f 1974//1974 1971//1971 1972//1972 
f 1972//1972 1971//1971 1971//1971 
f 1971//1971 1967//1967 1971//1971 
f 1971//1971 1967//1967 1967//1967 
f 1967//1967 1975//1975 1967//1967 
f 1967//1967 1975//1975 1966//1966 
f 1975//1975 1976//1976 1966//1966 
f 1966//1966 1976//1976 1965//1965 
f 1976//1976 1965//1965 1965//1965 
f 1965//1965 1965//1965 1976//1976 
f 1965//1965 1976//1976 1976//1976 
f 1976//1976 1976//1976 1977//1977 
f 1976//1976 1975//1975 1977//1977 
f 1977//1977 1975//1975 1977//1977 
f 1975//1975 1967//1967 1977//1977 
f 1977//1977 1967//1967 1968//1968 
f 1967//1967 1968//1968 1968//1968 
f 1968//1968 1968//1968 1971//1971 
f 1968//1968 1971//1971 1971//1971 
f 1971//1971 1971//1971 1978//1978 
f 1971//1971 1974//1974 1978//1978 
f 1978//1978 1974//1974 1979//1979 
f 1974//1974 1974//1974 1979//1979 
f 1979//1979 1974//1974 1980//1980 
f 1974//1974 1973//1973 1980//1980 
f 1980//1980 1973//1973 1973//1973 
f 1973//1973 1978//1978 1973//1973 
f 1973//1973 1978//1978 1978//1978 
f 1978//1978 1981//1981 1978//1978 
f 1978//1978 1981//1981 1971//1971 
f 1981//1981 1981//1981 1971//1971 
f 1971//1971 1981//1981 1970//1970 
f 1981//1981 1982//1982 1970//1970 
f 1970//1970 1982//1982 1969//1969 
f 1982//1982 1983//1983 1969//1969 
f 1969//1969 1983//1983 1968//1968 
f 1983//1983 1984//1984 1968//1968 
f 1968//1968 1984//1984 1977//1977 
f 1984//1984 1977//1977 1977//1977 
f 1977//1977 1977//1977 1982//1982 
f 1977//1977 1982//1982 1982//1982 
f 1982//1982 1982//1982 1983//1983 
f 1982//1982 1981//1981 1983//1983 
f 1983//1983 1981//1981 1985//1985 
f 1981//1981 1978//1978 1985//1985 
f 1985//1985 1978//1978 1986//1986 
f 1978//1978 1978//1978 1986//1986 
f 1986//1986 1978//1978 1987//1987 
f 1978//1978 1979//1979 1987//1987 
f 1987//1987 1979//1979 1988//1988 
f 1979//1979 1989//1989 1988//1988 
f 1988//1988 1989//1989 1990//1990 
f 1989//1989 1980//1980 1990//1990 
f 1990//1990 1980//1980 1991//1991 
f 1980//1980 1973//1973 1991//1991 
f 1991//1991 1973//1973 1992//1992 
f 1973//1973 1973//1973 1992//1992 
f 1992//1992 1973//1973 1993//1993 
f 1973//1973 1306//1306 1993//1993 
f 1993//1993 1306//1306 1993//1993 
f 1306//1306 1307//1307 1993//1993 
f 1993//1993 1307//1307 1994//1994 
f 1307//1307 1308//1308 1994//1994 
f 1994//1994 1308//1308 1995//1995 
f 1308//1308 1310//1310 1995//1995 
f 1995//1995 1310//1310 1995//1995 
f 1310//1310 1478//1478 1995//1995 
f 1995//1995 1478//1478 1996//1996 
f 1478//1478 1481//1481 1996//1996 
f 1996//1996 1481//1481 1996//1996 
f 1481//1481 1480//1480 1996//1996 
f 1996//1996 1480//1480 1997//1997 
f 1480//1480 1482//1482 1997//1997 
f 1997//1997 1482//1482 1998//1998 
f 1482//1482 1483//1483 1998//1998 
f 1998//1998 1483//1483 1999//1999 
f 1483//1483 1484//1484 1999//1999 
f 1999//1999 1484//1484 2000//2000 
f 1484//1484 1485//1485 2000//2000 
f 2000//2000 1485//1485 2001//2001 
f 1485//1485 1485//1485 2001//2001 
f 2001//2001 1485//1485 2002//2002 
f 1485//1485 1486//1486 2002//2002 
f 2002//2002 1486//1486 2003//2003 
f 1486//1486 1487//1487 2003//2003 
f 2003//2003 1487//1487 2004//2004 
f 1487//1487 1488//1488 2004//2004 
f 2004//2004 1488//1488 2005//2005 
f 1488//1488 1489//1489 2005//2005 
f 2005//2005 1489//1489 2005//2005 
f 1489//1489 2006//2006 2005//2005 
f 2005//2005 2006//2006 2004//2004 
f 2006//2006 2004//2004 2004//2004 
f 2004//2004 2004//2004 1984//1984 
f 2004//2004 1984//1984 1984//1984 
f 1984//1984 1984//1984 1985//1985 
f 1984//1984 1983//1983 1985//1985 
f 1985//1985 1983//1983 1983//1983 
f 1983//1983 1989//1989 1983//1983 
f 1983//1983 1989//1989 1989//1989 
f 1989//1989 1979//1979 1989//1989 
f 1989//1989 1979//1979 1980//1980 
f 1979//1979 1980//1980 1980//1980 
f 1980//1980 1980//1980 1999//1999 
f 1980//1980 1999//1999 1999//1999 
f 1999//1999 1999//1999 1998//1998 
f 1999//1999 2000//2000 1998//1998 
f 1998//1998 2000//2000 2007//2007 
f 2000//2000 2001//2001 2007//2007 
f 2007//2007 2001//2001 2001//2001 
f 2001//2001 1998//1998 2001//2001 
f 2001//2001 1998//1998 1998//1998 
f 1998//1998 2007//2007 1998//1998 
f 1998//1998 2007//2007 1997//1997 
f 2007//2007 1997//1997 1997//1997 
f 1997//1997 1997//1997 1489//1489 
f 1997//1997 1489//1489 1489//1489 
f 1489//1489 1489//1489 2006//2006 
f 1489//1489 1490//1490 2006//2006 
f 2006//2006 1490//1490 2008//2008 
f 1490//1490 1490//1490 2008//2008 
f 2008//2008 1490//1490 2009//2009 
f 1490//1490 1491//1491 2009//2009 
f 2009//2009 1491//1491 2010//2010 
f 1491//1491 1492//1492 2010//2010 
f 2010//2010 1492//1492 2011//2011 
f 1492//1492 1493//1493 2011//2011 
f 2011//2011 1493//1493 2012//2012 
f 1493//1493 1494//1494 2012//2012 
f 2012//2012 1494//1494 2013//2013 
f 1494//1494 1495//1495 2013//2013 
f 2013//2013 1495//1495 1495//1495 
f 1495//1495 2012//2012 1495//1495 
f 1495//1495 2012//2012 2012//2012 
f 2012//2012 2013//2013 2012//2012 
f 2012//2012 2013//2013 2011//2011 
f 2013//2013 2014//2014 2011//2011 
f 2011//2011 2014//2014 2010//2010 
f 2014//2014 2010//2010 2010//2010 
f 2010//2010 2010//2010 2006//2006 
f 2010//2010 2006//2006 2006//2006 
f 2006//2006 2006//2006 2004//2004 
f 2006//2006 2015//2015 2004//2004 
f 2004//2004 2015//2015 2003//2003 
f 2015//2015 2003//2003 2003//2003 
f 2003//2003 2003//2003 2006//2006 
f 2003//2003 2006//2006 2006//2006 
f 2006//2006 2006//2006 2015//2015 
f 2006//2006 2008//2008 2015//2015 
f 2015//2015 2008//2008 2008//2008 
f 2008//2008 2014//2014 2008//2008 
f 2008//2008 2014//2014 2014//2014 
f 2014//2014 2013//2013 2014//2014 
f 2014//2014 2013//2013 2016//2016 
f 2013//2013 1495//1495 2016//2016 
f 2016//2016 1495//1495 2017//2017 
f 1495//1495 1496//1496 2017//2017 
f 2017//2017 1496//1496 2018//2018 
f 1496//1496 1497//1497 2018//2018 
f 2018//2018 1497//1497 2019//2019 
f 1497//1497 1498//1498 2019//2019 
f 2019//2019 1498//1498 2020//2020 
f 1498//1498 1499//1499 2020//2020 
f 2020//2020 1499//1499 2021//2021 
f 1499//1499 1500//1500 2021//2021 
f 2021//2021 1500//1500 2022//2022 
f 1500//1500 1500//1500 2022//2022 
f 2022//2022 1500//1500 2023//2023 
f 1500//1500 1501//1501 2023//2023 
f 2023//2023 1501//1501 2024//2024 
f 1501//1501 1502//1502 2024//2024 
f 2024//2024 1502//1502 2025//2025 
f 1502//1502 1503//1503 2025//2025 
f 2025//2025 1503//1503 2026//2026 
f 1503//1503 1504//1504 2026//2026 
f 2026//2026 1504//1504 2027//2027 
f 1504//1504 1505//1505 2027//2027 
f 2027//2027 1505//1505 1505//1505 
f 1505//1505 2020//2020 1505//1505 
f 1505//1505 2020//2020 2020//2020 
f 2020//2020 2021//2021 2020//2020 
f 2020//2020 2021//2021 2019//2019 
f 2021//2021 2028//2028 2019//2019 
f 2019//2019 2028//2028 2018//2018 
f 2028//2028 2018//2018 2018//2018 
f 2018//2018 2018//2018 2021//2021 
f 2018//2018 2021//2021 2021//2021 
f 2021//2021 2021//2021 2028//2028 
f 2021//2021 2022//2022 2028//2028 
f 2028//2028 2022//2022 2022//2022 
f 2022//2022 2026//2026 2022//2022 
f 2022//2022 2026//2026 2026//2026 
f 2026//2026 2027//2027 2026//2026 
f 2026//2026 2027//2027 2025//2025 
f 2027//2027 2029//2029 2025//2025 
f 2025//2025 2029//2029 2024//2024 
f 2029//2029 2024//2024 2024//2024 
f 2024//2024 2024//2024 2029//2029 
f 2024//2024 2029//2029 2029//2029 
f 2029//2029 2029//2029 2030//2030 
f 2029//2029 2027//2027 2030//2030 
f 2030//2030 2027//2027 2030//2030 
f 2027//2027 1505//1505 2030//2030 
f 2030//2030 1505//1505 2031//2031 
f 1505//1505 1506//1506 2031//2031 
f 2031//2031 1506//1506 2032//2032 
f 1506//1506 1507//1507 2032//2032 
f 2032//2032 1507//1507 2033//2033 
f 1507//1507 1508//1508 2033//2033 
f 2033//2033 1508//1508 2034//2034 
f 1508//1508 1508//1508 2034//2034 
f 2034//2034 1508//1508 2035//2035 
f 1508//1508 1509//1509 2035//2035 
f 2035//2035 1509//1509 2036//2036 
f 1509//1509 1510//1510 2036//2036 
f 2036//2036 1510//1510 2037//2037 
f 1510//1510 1511//1511 2037//2037 
f 2037//2037 1511//1511 2038//2038 
f 1511//1511 1512//1512 2038//2038 
f 2038//2038 1512//1512 2039//2039 
f 1512//1512 1513//1513 2039//2039 
f 2039//2039 1513//1513 2040//2040 
f 1513//1513 1513//1513 2040//2040 
f 2040//2040 1513//1513 2041//2041 
f 1513//1513 1514//1514 2041//2041 
f 2041//2041 1514//1514 2042//2042 
f 1514//1514 1515//1515 2042//2042 
f 2042//2042 1515//1515 2043//2043 
f 1515//1515 1516//1516 2043//2043 
f 2043//2043 1516//1516 1516//1516 
f 1516//1516 2036//2036 1516//1516 
f 1516//1516 2036//2036 2036//2036 
f 2036//2036 2037//2037 2036//2036 
f 2036//2036 2037//2037 2035//2035 
f 2037//2037 2044//2044 2035//2035 
f 2035//2035 2044//2044 2034//2034 
f 2044//2044 2034//2034 2034//2034 
f 2034//2034 2034//2034 2038//2038 
f 2034//2034 2038//2038 2038//2038 
f 2038//2038 2038//2038 2037//2037 
f 2038//2038 2044//2044 2037//2037 
f 2037//2037 2044//2044 2044//2044 
f 2044//2044 2042//2042 2044//2044 
f 2044//2044 2042//2042 2042//2042 
f 2042//2042 2043//2043 2042//2042 
f 2042//2042 2043//2043 2041//2041 
f 2043//2043 2045//2045 2041//2041 
f 2041//2041 2045//2045 2040//2040 
f 2045//2045 2040//2040 2040//2040 
f 2040//2040 2040//2040 2045//2045 
f 2040//2040 2045//2045 2045//2045 
f 2045//2045 2045//2045 2046//2046 
f 2045//2045 2043//2043 2046//2046 
f 2046//2046 2043//2043 2046//2046 
f 2043//2043 1516//1516 2046//2046 
f 2046//2046 1516//1516 2046//2046 
f 1516//1516 1517//1517 2046//2046 
f 2046//2046 1517//1517 2047//2047 
f 1517//1517 1518//1518 2047//2047 
f 2047//2047 1518//1518 2048//2048 
f 1518//1518 1519//1519 2048//2048 
f 2048//2048 1519//1519 2049//2049 
f 1519//1519 1520//1520 2049//2049 
f 2049//2049 1520//1520 1520//1520 
f 1520//1520 2049//2049 1520//1520 
f 1520//1520 2049//2049 2049//2049 
f 2049//2049 2050//2050 2049//2049 
f 2049//2049 2050//2050 2048//2048 
f 2050//2050 2050//2050 2048//2048 
f 2048//2048 2050//2050 2047//2047 
f 2050//2050 2051//2051 2047//2047 
f 2047//2047 2051//2051 2046//2046 
f 2051//2051 2046//2046 2046//2046 
f 2046//2046 2046//2046 1520//1520 
f 2046//2046 1520//1520 1520//1520 
f 1520//1520 1520//1520 2049//2049 
f 1520//1520 2052//2052 2049//2049 
f 2049//2049 2052//2052 2049//2049 
f 2052//2052 2053//2053 2049//2049 
f 2049//2049 2053//2053 2050//2050 
f 2053//2053 2054//2054 2050//2050 
f 2050//2050 2054//2054 2051//2051 
f 2054//2054 2051//2051 2051//2051 
f 2051//2051 2051//2051 1520//1520 
f 2051//2051 1520//1520 1520//1520 
f 1520//1520 1520//1520 2052//2052 
f 1520//1520 1521//1521 2052//2052 
f 2052//2052 1521//1521 2055//2055 
f 1521//1521 1522//1522 2055//2055 
f 2055//2055 1522//1522 2056//2056 
f 1522//1522 1523//1523 2056//2056 
f 2056//2056 1523//1523 2057//2057 
f 1523//1523 1524//1524 2057//2057 
f 2057//2057 1524//1524 2058//2058 
f 1524//1524 1574//1574 2058//2058 
f 2058//2058 1574//1574 2058//2058 
f 1574//1574 1576//1576 2058//2058 
f 2058//2058 1576//1576 2059//2059 
f 1576//1576 1578//1578 2059//2059 
f 2059//2059 1578//1578 2060//2060 
f 1578//1578 1580//1580 2060//2060 
f 2060//2060 1580//1580 2061//2061 
f 1580//1580 1582//1582 2061//2061 
f 2061//2061 1582//1582 1582//1582 
f 1582//1582 2056//2056 1582//1582 
f 1582//1582 2056//2056 2056//2056 
f 2056//2056 2057//2057 2056//2056 
f 2056//2056 2057//2057 2055//2055 
f 2057//2057 2062//2062 2055//2055 
f 2055//2055 2062//2062 2052//2052 
f 2062//2062 2062//2062 2052//2052 
f 2052//2052 2062//2062 2063//2063 
f 2062//2062 2064//2064 2063//2063 
f 2063//2063 2064//2064 2065//2065 
f 2064//2064 2061//2061 2065//2065 
f 2065//2065 2061//2061 2065//2065 
f 2061//2061 1582//1582 2065//2065 
f 2065//2065 1582//1582 2065//2065 
f 1582//1582 1584//1584 2065//2065 
f 2065//2065 1584//1584 2065//2065 
f 1584//1584 1597//1597 2065//2065 
f 2065//2065 1597//1597 2063//2063 
f 1597//1597 1598//1598 2063//2063 
f 2063//2063 1598//1598 2052//2052 
f 1598//1598 1599//1599 2052//2052 
f 2052//2052 1599//1599 2066//2066 
f 1599//1599 1600//1600 2066//2066 
f 2066//2066 1600//1600 2067//2067 
f 1600//1600 1601//1601 2067//2067 
f 2067//2067 1601//1601 2068//2068 
f 1601//1601 1602//1602 2068//2068 
f 2068//2068 1602//1602 1602//1602 
f 1602//1602 2057//2057 1602//1602 
f 1602//1602 2057//2057 2057//2057 
f 2057//2057 2058//2058 2057//2057 
f 2057//2057 2058//2058 2062//2062 
f 2058//2058 2058//2058 2062//2062 
f 2062//2062 2058//2058 2064//2064 
f 2058//2058 2059//2059 2064//2064 
f 2064//2064 2059//2059 2061//2061 
f 2059//2059 2060//2060 2061//2061 
f 2061//2061 2060//2060 2060//2060 
f 2060//2060 2067//2067 2060//2060 
f 2060//2060 2067//2067 2067//2067 
f 2067//2067 2068//2068 2067//2067 
f 2067//2067 2068//2068 2066//2066 
f 2068//2068 2069//2069 2066//2066 
f 2066//2066 2069//2069 2052//2052 
f 2069//2069 2052//2052 2052//2052 
f 2052//2052 2052//2052 2069//2069 
f 2052//2052 2069//2069 2069//2069 
f 2069//2069 2069//2069 2070//2070 
f 2069//2069 2068//2068 2070//2070 
f 2070//2070 2068//2068 2070//2070 
f 2068//2068 1602//1602 2070//2070 
f 2070//2070 1602//1602 2070//2070 
f 1602//1602 1604//1604 2070//2070 
f 2070//2070 1604//1604 2071//2071 
f 1604//1604 1606//1606 2071//2071 
f 2071//2071 1606//1606 2072//2072 
f 1606//1606 1608//1608 2072//2072 
f 2072//2072 1608//1608 2072//2072 
f 1608//1608 1621//1621 2072//2072 
f 2072//2072 1621//1621 2073//2073 
f 1621//1621 1622//1622 2073//2073 
f 2073//2073 1622//1622 2074//2074 
f 1622//1622 1623//1623 2074//2074 
f 2074//2074 1623//1623 2074//2074 
f 1623//1623 1636//1636 2074//2074 
f 2074//2074 1636//1636 2074//2074 
f 1636//1636 1637//1637 2074//2074 
f 2074//2074 1637//1637 2075//2075 
f 1637//1637 1638//1638 2075//2075 
f 2075//2075 1638//1638 2076//2076 
f 1638//1638 1639//1639 2076//2076 
f 2076//2076 1639//1639 2077//2077 
f 1639//1639 1640//1640 2077//2077 
f 2077//2077 1640//1640 2078//2078 
f 1640//1640 1642//1642 2078//2078 
f 2078//2078 1642//1642 2079//2079 
f 1642//1642 1644//1644 2079//2079 
f 2079//2079 1644//1644 2080//2080 
f 1644//1644 1646//1646 2080//2080 
f 2080//2080 1646//1646 2081//2081 
f 1646//1646 1648//1648 2081//2081 
f 2081//2081 1648//1648 2082//2082 
f 1648//1648 1648//1648 2082//2082 
f 2082//2082 1648//1648 2083//2083 
f 1648//1648 1649//1649 2083//2083 
f 2083//2083 1649//1649 2084//2084 
f 1649//1649 1651//1651 2084//2084 
f 2084//2084 1651//1651 2085//2085 
f 1651//1651 1653//1653 2085//2085 
f 2085//2085 1653//1653 2086//2086 
f 1653//1653 1655//1655 2086//2086 
f 2086//2086 1655//1655 2087//2087 
f 1655//1655 1657//1657 2087//2087 
f 2087//2087 1657//1657 1657//1657 
f 1657//1657 2076//2076 1657//1657 
f 1657//1657 2076//2076 2076//2076 
f 2076//2076 2077//2077 2076//2076 
f 2076//2076 2077//2077 2075//2075 
f 2077//2077 2088//2088 2075//2075 
f 2075//2075 2088//2088 2074//2074 
f 2088//2088 2074//2074 2074//2074 
f 2074//2074 2074//2074 2077//2077 
f 2074//2074 2077//2077 2077//2077 
f 2077//2077 2077//2077 2088//2088 
f 2077//2077 2078//2078 2088//2088 
f 2088//2088 2078//2078 2078//2078 
f 2078//2078 2086//2086 2078//2078 
f 2078//2078 2086//2086 2086//2086 
f 2086//2086 2087//2087 2086//2086 
f 2086//2086 2087//2087 2085//2085 
f 2087//2087 2089//2089 2085//2085 
f 2085//2085 2089//2089 2084//2084 
f 2089//2089 2090//2090 2084//2084 
f 2084//2084 2090//2090 2083//2083 
f 2090//2090 2091//2091 2083//2083 
f 2083//2083 2091//2091 2082//2082 
f 2091//2091 2091//2091 2082//2082 
f 2082//2082 2091//2091 2081//2081 
f 2091//2091 2092//2092 2081//2081 
f 2081//2081 2092//2092 2080//2080 
f 2092//2092 2093//2093 2080//2080 
f 2080//2080 2093//2093 2079//2079 
f 2093//2093 2094//2094 2079//2079 
f 2079//2079 2094//2094 2078//2078 
f 2094//2094 2095//2095 2078//2078 
f 2078//2078 2095//2095 2088//2088 
f 2095//2095 2096//2096 2088//2088 
f 2088//2088 2096//2096 2074//2074 
f 2096//2096 2074//2074 2074//2074 
f 2074//2074 2074//2074 2096//2096 
f 2074//2074 2096//2096 2096//2096 
f 2096//2096 2096//2096 2097//2097 
f 2096//2096 2095//2095 2097//2097 
f 2097//2097 2095//2095 2098//2098 
f 2095//2095 2094//2094 2098//2098 
f 2098//2098 2094//2094 2099//2099 
f 2094//2094 2093//2093 2099//2099 
f 2099//2099 2093//2093 2100//2100 
f 2093//2093 2092//2092 2100//2100 
f 2100//2100 2092//2092 2101//2101 
f 2092//2092 2091//2091 2101//2101 
f 2101//2101 2091//2091 2101//2101 
f 2091//2091 2090//2090 2101//2101 
f 2101//2101 2090//2090 2102//2102 
f 2090//2090 2089//2089 2102//2102 
f 2102//2102 2089//2089 2103//2103 
f 2089//2089 2087//2087 2103//2103 
f 2103//2103 2087//2087 2103//2103 
f 2087//2087 1657//1657 2103//2103 
f 2103//2103 1657//1657 2103//2103 
f 1657//1657 1659//1659 2103//2103 
f 2103//2103 1659//1659 2104//2104 
f 1659//1659 1661//1661 2104//2104 
f 2104//2104 1661//1661 1661//1661 
f 1661//1661 2099//2099 1661//1661 
f 1661//1661 2099//2099 2099//2099 
f 2099//2099 2100//2100 2099//2099 
f 2099//2099 2100//2100 2098//2098 
f 2100//2100 2105//2105 2098//2098 
f 2098//2098 2105//2105 2097//2097 
f 2105//2105 2097//2097 2097//2097 
f 2097//2097 2097//2097 2101//2101 
f 2097//2097 2101//2101 2101//2101 
f 2101//2101 2101//2101 2100//2100 
f 2101//2101 2105//2105 2100//2100 
f 2100//2100 2105//2105 2105//2105 
f 2105//2105 2104//2104 2105//2105 
f 2105//2105 2104//2104 2104//2104 
f 2104//2104 2106//2106 2104//2104 
f 2104//2104 2106//2106 2103//2103 
f 2106//2106 2106//2106 2103//2103 
f 2103//2103 2106//2106 2102//2102 
f 2106//2106 2107//2107 2102//2102 
f 2102//2102 2107//2107 2101//2101 
f 2107//2107 2107//2107 2101//2101 
f 2101//2101 2107//2107 2108//2108 
f 2107//2107 2107//2107 2108//2108 
f 2108//2108 2107//2107 2109//2109 
f 2107//2107 2107//2107 2109//2109 
f 2109//2109 2107//2107 2110//2110 
f 2107//2107 2106//2106 2110//2110 
f 2110//2110 2106//2106 2111//2111 
f 2106//2106 2104//2104 2111//2111 
f 2111//2111 2104//2104 2112//2112 
f 2104//2104 1661//1661 2112//2112 
f 2112//2112 1661//1661 2113//2113 
f 1661//1661 1662//1662 2113//2113 
f 2113//2113 1662//1662 2114//2114 
f 1662//1662 1664//1664 2114//2114 
f 2114//2114 1664//1664 2114//2114 
f 1664//1664 1820//1820 2114//2114 
f 2114//2114 1820//1820 2114//2114 
f 1820//1820 1821//1821 2114//2114 
f 2114//2114 1821//1821 2115//2115 
f 1821//1821 1822//1822 2115//2115 
f 2115//2115 1822//1822 2110//2110 
f 1822//1822 1824//1824 2110//2110 
f 2110//2110 1824//1824 2109//2109 
f 1824//1824 1826//1826 2109//2109 
f 2109//2109 1826//1826 2116//2116 
f 1826//1826 2117//2117 2116//2116 
f 2116//2116 2117//2117 2108//2108 
f 2117//2117 2118//2118 2108//2108 
f 2108//2108 2118//2118 2101//2101 
f 2118//2118 2119//2119 2101//2101 
f 2101//2101 2119//2119 2105//2105 
f 2119//2119 2120//2120 2105//2105 
f 2105//2105 2120//2120 2097//2097 
f 2120//2120 2121//2121 2097//2097 
f 2097//2097 2121//2121 2096//2096 
f 2121//2121 2122//2122 2096//2096 
f 2096//2096 2122//2122 2074//2074 
f 2122//2122 2074//2074 2074//2074 
f 2074//2074 2074//2074 2112//2112 
f 2074//2074 2112//2112 2112//2112 
f 2112//2112 2112//2112 2111//2111 
f 2112//2112 2113//2113 2111//2111 
f 2111//2111 2113//2113 2115//2115 
f 2113//2113 2114//2114 2115//2115 
f 2115//2115 2114//2114 2114//2114 
f 2114//2114 2110//2110 2114//2114 
f 2114//2114 2110//2110 2110//2110 
f 2110//2110 2111//2111 2110//2110 
f 2110//2110 2111//2111 2115//2115 
f 2111//2111 2115//2115 2115//2115 
f 2115//2115 2115//2115 2108//2108 
f 2115//2115 2108//2108 2108//2108 
f 2108//2108 2108//2108 2116//2116 
f 2108//2108 2109//2109 2116//2116 
f 2116//2116 2109//2109 2109//2109 
f 2109//2109 1826//1826 2109//2109 
f 2109//2109 1826//1826 1826//1826 
f 1826//1826 1827//1827 1826//1826 
f 1826//1826 1827//1827 2117//2117 
f 1827//1827 2117//2117 2117//2117 
f 2117//2117 2117//2117 2122//2122 
f 2117//2117 2122//2122 2122//2122 
f 2122//2122 2122//2122 2123//2123 
f 2122//2122 2121//2121 2123//2123 
f 2123//2123 2121//2121 2124//2124 
f 2121//2121 2120//2120 2124//2124 
f 2124//2124 2120//2120 2125//2125 
f 2120//2120 2119//2119 2125//2125 
f 2125//2125 2119//2119 2126//2126 
f 2119//2119 2118//2118 2126//2126 
f 2126//2126 2118//2118 2127//2127 
f 2118//2118 2117//2117 2127//2127 
f 2127//2127 2117//2117 2127//2127 
f 2117//2117 1827//1827 2127//2127 
f 2127//2127 1827//1827 2127//2127 
f 1827//1827 1829//1829 2127//2127 
f 2127//2127 1829//1829 2128//2128 
f 1829//1829 1831//1831 2128//2128 
f 2128//2128 1831//1831 1831//1831 
f 1831//1831 2128//2128 1831//1831 
f 1831//1831 2128//2128 2128//2128 
f 2128//2128 2129//2129 2128//2128 
f 2128//2128 2129//2129 2127//2127 
f 2129//2129 2129//2129 2127//2127 
f 2127//2127 2129//2129 2126//2126 
f 2129//2129 2130//2130 2126//2126 
f 2126//2126 2130//2130 2125//2125 
f 2130//2130 2125//2125 2125//2125 
f 2125//2125 2125//2125 2130//2130 
f 2125//2125 2130//2130 2130//2130 
f 2130//2130 2130//2130 2131//2131 
f 2130//2130 2129//2129 2131//2131 
f 2131//2131 2129//2129 2132//2132 
f 2129//2129 2128//2128 2132//2132 
f 2132//2132 2128//2128 2133//2133 
f 2128//2128 1831//1831 2133//2133 
f 2133//2133 1831//1831 2134//2134 
f 1831//1831 1832//1832 2134//2134 
f 2134//2134 1832//1832 2135//2135 
f 1832//1832 1834//1834 2135//2135 
f 2135//2135 1834//1834 2135//2135 
f 1834//1834 1841//1841 2135//2135 
f 2135//2135 1841//1841 2136//2136 
f 1841//1841 1842//1842 2136//2136 
f 2136//2136 1842//1842 2137//2137 
f 1842//1842 1843//1843 2137//2137 
f 2137//2137 1843//1843 2138//2138 
f 1843//1843 1844//1844 2138//2138 
f 2138//2138 1844//1844 2139//2139 
f 1844//1844 1846//1846 2139//2139 
f 2139//2139 1846//1846 2139//2139 
f 1846//1846 1853//1853 2139//2139 
f 2139//2139 1853//1853 2140//2140 
f 1853//1853 1854//1854 2140//2140 
f 2140//2140 1854//1854 2141//2141 
f 1854//1854 1855//1855 2141//2141 
f 2141//2141 1855//1855 2142//2142 
f 1855//1855 1856//1856 2142//2142 
f 2142//2142 1856//1856 2143//2143 
f 1856//1856 1858//1858 2143//2143 
f 2143//2143 1858//1858 2143//2143 
f 1858//1858 1865//1865 2143//2143 
f 2143//2143 1865//1865 2144//2144 
f 1865//1865 1866//1866 2144//2144 
f 2144//2144 1866//1866 2145//2145 
f 1866//1866 1867//1867 2145//2145 
f 2145//2145 1867//1867 2146//2146 
f 1867//1867 1868//1868 2146//2146 
f 2146//2146 1868//1868 2147//2147 
f 1868//1868 1870//1870 2147//2147 
f 2147//2147 1870//1870 2147//2147 
f 1870//1870 1877//1877 2147//2147 
f 2147//2147 1877//1877 2148//2148 
f 1877//1877 1878//1878 2148//2148 
f 2148//2148 1878//1878 2149//2149 
f 1878//1878 1879//1879 2149//2149 
f 2149//2149 1879//1879 2150//2150 
f 1879//1879 1880//1880 2150//2150 
f 2150//2150 1880//1880 2151//2151 
f 1880//1880 1882//1882 2151//2151 
f 2151//2151 1882//1882 2151//2151 
f 1882//1882 1889//1889 2151//2151 
f 2151//2151 1889//1889 2152//2152 
f 1889//1889 1890//1890 2152//2152 
f 2152//2152 1890//1890 2153//2153 
f 1890//1890 1891//1891 2153//2153 
f 2153//2153 1891//1891 2154//2154 
f 1891//1891 1892//1892 2154//2154 
f 2154//2154 1892//1892 2155//2155 
f 1892//1892 1894//1894 2155//2155 
f 2155//2155 1894//1894 2155//2155 
f 1894//1894 1901//1901 2155//2155 
f 2155//2155 1901//1901 2156//2156 
f 1901//1901 1902//1902 2156//2156 
f 2156//2156 1902//1902 2157//2157 
f 1902//1902 1903//1903 2157//2157 
f 2157//2157 1903//1903 2157//2157 
f 1903//1903 1965//1965 2157//2157 
f 2157//2157 1965//1965 2157//2157 
f 1965//1965 1976//1976 2157//2157 
f 2157//2157 1976//1976 2158//2158 
f 1976//1976 1977//1977 2158//2158 
f 2158//2158 1977//1977 2158//2158 
f 1977//1977 1984//1984 2158//2158 
f 2158//2158 1984//1984 2159//2159 
f 1984//1984 1985//1985 2159//2159 
f 2159//2159 1985//1985 2159//2159 
f 1985//1985 1986//1986 2159//2159 
f 2159//2159 1986//1986 2160//2160 
f 1986//1986 1986//1986 2160//2160 
f 2160//2160 1986//1986 2161//2161 
f 1986//1986 1987//1987 2161//2161 
f 2161//2161 1987//1987 2162//2162 
f 1987//1987 1988//1988 2162//2162 
f 2162//2162 1988//1988 2163//2163 
f 1988//1988 1990//1990 2163//2163 
f 2163//2163 1990//1990 2164//2164 
f 1990//1990 1991//1991 2164//2164 
f 2164//2164 1991//1991 2165//2165 
f 1991//1991 1992//1992 2165//2165 
f 2165//2165 1992//1992 2166//2166 
f 1992//1992 1992//1992 2166//2166 
f 2166//2166 1992//1992 2167//2167 
f 1992//1992 1993//1993 2167//2167 
f 2167//2167 1993//1993 2167//2167 
f 1993//1993 1994//1994 2167//2167 
f 2167//2167 1994//1994 2168//2168 
f 1994//1994 1995//1995 2168//2168 
f 2168//2168 1995//1995 2168//2168 
f 1995//1995 1996//1996 2168//2168 
f 2168//2168 1996//1996 2168//2168 
f 1996//1996 1997//1997 2168//2168 
f 2168//2168 1997//1997 2168//2168 
f 1997//1997 2169//2169 2168//2168 
f 2168//2168 2169//2169 2167//2167 
f 2169//2169 2169//2169 2167//2167 
f 2167//2167 2169//2169 2166//2166 
f 2169//2169 2170//2170 2166//2166 
f 2166//2166 2170//2170 2165//2165 
f 2170//2170 2171//2171 2165//2165 
f 2165//2165 2171//2171 2164//2164 
f 2171//2171 2172//2172 2164//2164 
f 2164//2164 2172//2172 2163//2163 
f 2172//2172 2173//2173 2163//2163 
f 2163//2163 2173//2173 2162//2162 
f 2173//2173 2174//2174 2162//2162 
f 2162//2162 2174//2174 2162//2162 
f 2174//2174 2175//2175 2162//2162 
f 2162//2162 2175//2175 2161//2161 
f 2175//2175 2176//2176 2161//2161 
f 2161//2161 2176//2176 2160//2160 
f 2176//2176 2177//2177 2160//2160 
f 2160//2160 2177//2177 2160//2160 
f 2177//2177 2178//2178 2160//2160 
f 2160//2160 2178//2178 2160//2160 
f 2178//2178 2179//2179 2160//2160 
f 2160//2160 2179//2179 2180//2180 
f 2179//2179 2156//2156 2180//2180 
f 2180//2180 2156//2156 2180//2180 
f 2156//2156 2157//2157 2180//2180 
f 2180//2180 2157//2157 2180//2180 
f 2157//2157 2158//2158 2180//2180 
f 2180//2180 2158//2158 2180//2180 
f 2158//2158 2159//2159 2180//2180 
f 2180//2180 2159//2159 2160//2160 
f 2159//2159 2160//2160 2160//2160 
f 2160//2160 2160//2160 2156//2156 
f 2160//2160 2156//2156 2156//2156 
f 2156//2156 2156//2156 2155//2155 
f 2156//2156 2179//2179 2155//2155 
f 2155//2155 2179//2179 2181//2181 
f 2179//2179 2178//2178 2181//2181 
f 2181//2181 2178//2178 2182//2182 
f 2178//2178 2183//2183 2182//2182 
f 2182//2182 2183//2183 2184//2184 
f 2183//2183 2185//2185 2184//2184 
f 2184//2184 2185//2185 2153//2153 
f 2185//2185 2186//2186 2153//2153 
f 2153//2153 2186//2186 2152//2152 
f 2186//2186 2187//2187 2152//2152 
f 2152//2152 2187//2187 2151//2151 
f 2187//2187 2188//2188 2151//2151 
f 2151//2151 2188//2188 2150//2150 
f 2188//2188 2189//2189 2150//2150 
f 2150//2150 2189//2189 2149//2149 
f 2189//2189 2149//2149 2149//2149 
f 2149//2149 2149//2149 2155//2155 
f 2149//2149 2155//2155 2155//2155 
f 2155//2155 2155//2155 2154//2154 
f 2155//2155 2181//2181 2154//2154 
f 2154//2154 2181//2181 2184//2184 
f 2181//2181 2182//2182 2184//2184 
f 2184//2184 2182//2182 2182//2182 
f 2182//2182 2154//2154 2182//2182 
f 2182//2182 2154//2154 2154//2154 
f 2154//2154 2184//2184 2154//2154 
f 2154//2154 2184//2184 2153//2153 
f 2184//2184 2153//2153 2153//2153 
f 2153//2153 2153//2153 2183//2183 
f 2153//2153 2183//2183 2183//2183 
f 2183//2183 2183//2183 2177//2177 
f 2183//2183 2178//2178 2177//2177 
f 2177//2177 2178//2178 2178//2178 
f 2178//2178 2189//2189 2178//2178 
f 2178//2178 2189//2189 2189//2189 
f 2189//2189 2188//2188 2189//2189 
f 2189//2189 2188//2188 2190//2190 
f 2188//2188 2188//2188 2190//2190 
f 2190//2190 2188//2188 2191//2191 
f 2188//2188 2187//2187 2191//2191 
f 2191//2191 2187//2187 2192//2192 
f 2187//2187 2186//2186 2192//2192 
f 2192//2192 2186//2186 2193//2193 
f 2186//2186 2185//2185 2193//2193 
f 2193//2193 2185//2185 2194//2194 
f 2185//2185 2183//2183 2194//2194 
f 2194//2194 2183//2183 2194//2194 
f 2183//2183 2177//2177 2194//2194 
f 2194//2194 2177//2177 2195//2195 
f 2177//2177 2176//2176 2195//2195 
f 2195//2195 2176//2176 2196//2196 
f 2176//2176 2175//2175 2196//2196 
f 2196//2196 2175//2175 2197//2197 
f 2175//2175 2174//2174 2197//2197 
f 2197//2197 2174//2174 2174//2174 
f 2174//2174 2196//2196 2174//2174 
f 2174//2174 2196//2196 2196//2196 
f 2196//2196 2197//2197 2196//2196 
f 2196//2196 2197//2197 2195//2195 
f 2197//2197 2198//2198 2195//2195 
f 2195//2195 2198//2198 2194//2194 
f 2198//2198 2198//2198 2194//2194 
f 2194//2194 2198//2198 2193//2193 
f 2198//2198 2199//2199 2193//2193 
f 2193//2193 2199//2199 2192//2192 
f 2199//2199 2192//2192 2192//2192 
f 2192//2192 2192//2192 2199//2199 
f 2192//2192 2199//2199 2199//2199 
f 2199//2199 2199//2199 2200//2200 
f 2199//2199 2198//2198 2200//2200 
f 2200//2200 2198//2198 2200//2200 
f 2198//2198 2197//2197 2200//2200 
f 2200//2200 2197//2197 2200//2200 
f 2197//2197 2174//2174 2200//2200 
f 2200//2200 2174//2174 2201//2201 
f 2174//2174 2173//2173 2201//2201 
f 2201//2201 2173//2173 2202//2202 
f 2173//2173 2172//2172 2202//2202 
f 2202//2202 2172//2172 2203//2203 
f 2172//2172 2171//2171 2203//2203 
f 2203//2203 2171//2171 2204//2204 
f 2171//2171 2170//2170 2204//2204 
f 2204//2204 2170//2170 2205//2205 
f 2170//2170 2169//2169 2205//2205 
f 2205//2205 2169//2169 2205//2205 
f 2169//2169 1997//1997 2205//2205 
f 2205//2205 1997//1997 2206//2206 
f 1997//1997 2007//2007 2206//2206 
f 2206//2206 2007//2007 2207//2207 
f 2007//2007 2001//2001 2207//2207 
f 2207//2207 2001//2001 2208//2208 
f 2001//2001 2002//2002 2208//2208 
f 2208//2208 2002//2002 2209//2209 
f 2002//2002 2003//2003 2209//2209 
f 2209//2209 2003//2003 2210//2210 
f 2003//2003 2015//2015 2210//2210 
f 2210//2210 2015//2015 2211//2211 
f 2015//2015 2008//2008 2211//2211 
f 2211//2211 2008//2008 2212//2212 
f 2008//2008 2008//2008 2212//2212 
f 2212//2212 2008//2008 2213//2213 
f 2008//2008 2009//2009 2213//2213 
f 2213//2213 2009//2009 2214//2214 
f 2009//2009 2010//2010 2214//2214 
f 2214//2214 2010//2010 2215//2215 
f 2010//2010 2010//2010 2215//2215 
f 2215//2215 2010//2010 2216//2216 
f 2010//2010 2014//2014 2216//2216 
f 2216//2216 2014//2014 2217//2217 
f 2014//2014 2016//2016 2217//2217 
f 2217//2217 2016//2016 2218//2218 
f 2016//2016 2017//2017 2218//2218 
f 2218//2218 2017//2017 2219//2219 
f 2017//2017 2018//2018 2219//2219 
f 2219//2219 2018//2018 2220//2220 
f 2018//2018 2018//2018 2220//2220 
f 2220//2220 2018//2018 2221//2221 
f 2018//2018 2028//2028 2221//2221 
f 2221//2221 2028//2028 2222//2222 
f 2028//2028 2022//2022 2222//2222 
f 2222//2222 2022//2022 2223//2223 
f 2022//2022 2023//2023 2223//2223 
f 2223//2223 2023//2023 2224//2224 
f 2023//2023 2024//2024 2224//2224 
f 2224//2224 2024//2024 2225//2225 
f 2024//2024 2024//2024 2225//2225 
f 2225//2225 2024//2024 2226//2226 
f 2024//2024 2029//2029 2226//2226 
f 2226//2226 2029//2029 2227//2227 
f 2029//2029 2030//2030 2227//2227 
f 2227//2227 2030//2030 2228//2228 
f 2030//2030 2031//2031 2228//2228 
f 2228//2228 2031//2031 2229//2229 
f 2031//2031 2032//2032 2229//2229 
f 2229//2229 2032//2032 2230//2230 
f 2032//2032 2032//2032 2230//2230 
f 2230//2230 2032//2032 2231//2231 
f 2032//2032 2033//2033 2231//2231 
f 2231//2231 2033//2033 2232//2232 
f 2033//2033 2034//2034 2232//2232 
f 2232//2232 2034//2034 2233//2233 
f 2034//2034 2044//2044 2233//2233 
f 2233//2233 2044//2044 2234//2234 
f 2044//2044 2038//2038 2234//2234 
f 2234//2234 2038//2038 2235//2235 
f 2038//2038 2039//2039 2235//2235 
f 2235//2235 2039//2039 2236//2236 
f 2039//2039 2040//2040 2236//2236 
f 2236//2236 2040//2040 2237//2237 
f 2040//2040 2045//2045 2237//2237 
f 2237//2237 2045//2045 2238//2238 
f 2045//2045 2046//2046 2238//2238 
f 2238//2238 2046//2046 2239//2239 
f 2046//2046 2046//2046 2239//2239 
f 2239//2239 2046//2046 2240//2240 
f 2046//2046 2051//2051 2240//2240 
f 2240//2240 2051//2051 2241//2241 
f 2051//2051 2054//2054 2241//2241 
f 2241//2241 2054//2054 2242//2242 
f 2054//2054 2053//2053 2242//2242 
f 2242//2242 2053//2053 2243//2243 
f 2053//2053 2052//2052 2243//2243 
f 2243//2243 2052//2052 2244//2244 
f 2052//2052 2069//2069 2244//2244 
f 2244//2244 2069//2069 2245//2245 
f 2069//2069 2070//2070 2245//2245 
f 2245//2245 2070//2070 2246//2246 
f 2070//2070 2071//2071 2246//2246 
f 2246//2246 2071//2071 2247//2247 
f 2071//2071 2072//2072 2247//2247 
f 2247//2247 2072//2072 2247//2247 
f 2072//2072 2073//2073 2247//2247 
f 2247//2247 2073//2073 2248//2248 
f 2073//2073 2074//2074 2248//2248 
f 2248//2248 2074//2074 2074//2074 
f 2074//2074 2248//2248 2074//2074 
f 2074//2074 2248//2248 2248//2248 
f 2248//2248 2249//2249 2248//2248 
f 2248//2248 2249//2249 2247//2247 
f 2249//2249 2249//2249 2247//2247 
f 2247//2247 2249//2249 2246//2246 
f 2249//2249 2249//2249 2246//2246 
f 2246//2246 2249//2249 2250//2250 
f 2249//2249 2248//2248 2250//2250 
f 2250//2250 2248//2248 2248//2248 
f 2248//2248 2250//2250 2248//2248 
f 2248//2248 2250//2250 2250//2250 
f 2250//2250 2245//2245 2250//2250 
f 2250//2250 2245//2245 2246//2246 
f 2245//2245 2246//2246 2246//2246 
f 2246//2246 2246//2246 2250//2250 
f 2246//2246 2250//2250 2250//2250 
f 2250//2250 2250//2250 2251//2251 
f 2250//2250 2248//2248 2251//2251 
f 2251//2251 2248//2248 2074//2074 
f 2248//2248 2074//2074 2074//2074 
f 2074//2074 2074//2074 2251//2251 
f 2074//2074 2251//2251 2251//2251 
f 2251//2251 2251//2251 2250//2250 
f 2251//2251 2252//2252 2250//2250 
f 2250//2250 2252//2252 2245//2245 
f 2252//2252 2252//2252 2245//2245 
f 2245//2245 2252//2252 2244//2244 
f 2252//2252 2253//2253 2244//2244 
f 2244//2244 2253//2253 2243//2243 
f 2253//2253 2254//2254 2243//2243 
f 2243//2243 2254//2254 2242//2242 
f 2254//2254 2254//2254 2242//2242 
f 2242//2242 2254//2254 2255//2255 
f 2254//2254 2253//2253 2255//2255 
f 2255//2255 2253//2253 2253//2253 
f 2253//2253 2255//2255 2253//2253 
f 2253//2253 2255//2255 2255//2255 
f 2255//2255 2241//2241 2255//2255 
f 2255//2255 2241//2241 2242//2242 
f 2241//2241 2242//2242 2242//2242 
f 2242//2242 2242//2242 2255//2255 
f 2242//2242 2255//2255 2255//2255 
f 2255//2255 2255//2255 2256//2256 
f 2255//2255 2253//2253 2256//2256 
f 2256//2256 2253//2253 2256//2256 
f 2253//2253 2252//2252 2256//2256 
f 2256//2256 2252//2252 2256//2256 
f 2252//2252 2251//2251 2256//2256 
f 2256//2256 2251//2251 2257//2257 
f 2251//2251 2074//2074 2257//2257 
f 2257//2257 2074//2074 2074//2074 
f 2074//2074 2257//2257 2074//2074 
f 2074//2074 2257//2257 2257//2257 
f 2257//2257 2258//2258 2257//2257 
f 2257//2257 2258//2258 2256//2256 
f 2258//2258 2258//2258 2256//2256 
f 2256//2256 2258//2258 2255//2255 
f 2258//2258 2258//2258 2255//2255 
f 2255//2255 2258//2258 2241//2241 
f 2258//2258 2258//2258 2241//2241 
f 2241//2241 2258//2258 2240//2240 
f 2258//2258 2259//2259 2240//2240 
f 2240//2240 2259//2259 2239//2239 
f 2259//2259 2239//2239 2239//2239 
f 2239//2239 2239//2239 2259//2259 
f 2239//2239 2259//2259 2259//2259 
f 2259//2259 2259//2259 2260//2260 
f 2259//2259 2258//2258 2260//2260 
f 2260//2260 2258//2258 2260//2260 
f 2258//2258 2257//2257 2260//2260 
f 2260//2260 2257//2257 2261//2261 
f 2257//2257 2074//2074 2261//2261 
f 2261//2261 2074//2074 2074//2074 
f 2074//2074 2238//2238 2074//2074 
f 2074//2074 2238//2238 2238//2238 
f 2238//2238 2262//2262 2238//2238 
f 2238//2238 2262//2262 2237//2237 
f 2262//2262 2263//2263 2237//2237 
f 2237//2237 2263//2263 2236//2236 
f 2263//2263 2236//2236 2236//2236 
f 2236//2236 2236//2236 2263//2263 
f 2236//2236 2263//2263 2263//2263 
f 2263//2263 2263//2263 2264//2264 
f 2263//2263 2262//2262 2264//2264 
f 2264//2264 2262//2262 2264//2264 
f 2262//2262 2238//2238 2264//2264 
f 2264//2264 2238//2238 2239//2239 
f 2238//2238 2239//2239 2239//2239 
f 2239//2239 2239//2239 2261//2261 
f 2239//2239 2261//2261 2261//2261 
f 2261//2261 2261//2261 2260//2260 
f 2261//2261 2265//2265 2260//2260 
f 2260//2260 2265//2265 2266//2266 
f 2265//2265 2265//2265 2266//2266 
f 2266//2266 2265//2265 2267//2267 
f 2265//2265 2261//2261 2267//2267 
f 2267//2267 2261//2261 2268//2268 
f 2261//2261 2074//2074 2268//2268 
f 2268//2268 2074//2074 2269//2269 
f 2074//2074 2122//2122 2269//2269 
f 2269//2269 2122//2122 2270//2270 
f 2122//2122 2123//2123 2270//2270 
f 2270//2270 2123//2123 2270//2270 
f 2123//2123 2124//2124 2270//2270 
f 2270//2270 2124//2124 2271//2271 
f 2124//2124 2125//2125 2271//2271 
f 2271//2271 2125//2125 2272//2272 
f 2125//2125 2130//2130 2272//2272 
f 2272//2272 2130//2130 2273//2273 
f 2130//2130 2131//2131 2273//2273 
f 2273//2273 2131//2131 2273//2273 
f 2131//2131 2132//2132 2273//2273 
f 2273//2273 2132//2132 2274//2274 
f 2132//2132 2133//2133 2274//2274 
f 2274//2274 2133//2133 2133//2133 
f 2133//2133 2266//2266 2133//2133 
f 2133//2133 2266//2266 2266//2266 
f 2266//2266 2259//2259 2266//2266 
f 2266//2266 2259//2259 2260//2260 
f 2259//2259 2260//2260 2260//2260 
f 2260//2260 2260//2260 2274//2274 
f 2260//2260 2274//2274 2274//2274 
f 2274//2274 2274//2274 2273//2273 
f 2274//2274 2275//2275 2273//2273 
f 2273//2273 2275//2275 2272//2272 
f 2275//2275 2276//2276 2272//2272 
f 2272//2272 2276//2276 2271//2271 
f 2276//2276 2277//2277 2271//2271 
f 2271//2271 2277//2277 2270//2270 
f 2277//2277 2277//2277 2270//2270 
f 2270//2270 2277//2277 2269//2269 
f 2277//2277 2278//2278 2269//2269 
f 2269//2269 2278//2278 2268//2268 
f 2278//2278 2279//2279 2268//2268 
f 2268//2268 2279//2279 2267//2267 
f 2279//2279 2280//2280 2267//2267 
f 2267//2267 2280//2280 2266//2266 
f 2280//2280 2281//2281 2266//2266 
f 2266//2266 2281//2281 2259//2259 
f 2281//2281 2281//2281 2259//2259 
f 2259//2259 2281//2281 2239//2239 
f 2281//2281 2281//2281 2239//2239 
f 2239//2239 2281//2281 2264//2264 
f 2281//2281 2282//2282 2264//2264 
f 2264//2264 2282//2282 2263//2263 
f 2282//2282 2263//2263 2263//2263 
f 2263//2263 2263//2263 2282//2282 
f 2263//2263 2282//2282 2282//2282 
f 2282//2282 2282//2282 2283//2283 
f 2282//2282 2281//2281 2283//2283 
f 2283//2283 2281//2281 2283//2283 
f 2281//2281 2280//2280 2283//2283 
f 2283//2283 2280//2280 2284//2284 
f 2280//2280 2279//2279 2284//2284 
f 2284//2284 2279//2279 2285//2285 
f 2279//2279 2278//2278 2285//2285 
f 2285//2285 2278//2278 2286//2286 
f 2278//2278 2277//2277 2286//2286 
f 2286//2286 2277//2277 2287//2287 
f 2277//2277 2276//2276 2287//2287 
f 2287//2287 2276//2276 2288//2288 
f 2276//2276 2275//2275 2288//2288 
f 2288//2288 2275//2275 2289//2289 
f 2275//2275 2275//2275 2289//2289 
f 2289//2289 2275//2275 2290//2290 
f 2275//2275 2274//2274 2290//2290 
f 2290//2290 2274//2274 2291//2291 
f 2274//2274 2133//2133 2291//2291 
f 2291//2291 2133//2133 2292//2292 
f 2133//2133 2134//2134 2292//2292 
f 2292//2292 2134//2134 2293//2293 
f 2134//2134 2135//2135 2293//2293 
f 2293//2293 2135//2135 2294//2294 
f 2135//2135 2136//2136 2294//2294 
f 2294//2294 2136//2136 2295//2295 
f 2136//2136 2137//2137 2295//2295 
f 2295//2295 2137//2137 2296//2296 
f 2137//2137 2137//2137 2296//2296 
f 2296//2296 2137//2137 2297//2297 
f 2137//2137 2138//2138 2297//2297 
f 2297//2297 2138//2138 2298//2298 
f 2138//2138 2139//2139 2298//2298 
f 2298//2298 2139//2139 2299//2299 
f 2139//2139 2140//2140 2299//2299 
f 2299//2299 2140//2140 2300//2300 
f 2140//2140 2141//2141 2300//2300 
f 2300//2300 2141//2141 2301//2301 
f 2141//2141 2141//2141 2301//2301 
f 2301//2301 2141//2141 2302//2302 
f 2141//2141 2142//2142 2302//2302 
f 2302//2302 2142//2142 2303//2303 
f 2142//2142 2143//2143 2303//2303 
f 2303//2303 2143//2143 2304//2304 
f 2143//2143 2144//2144 2304//2304 
f 2304//2304 2144//2144 2305//2305 
f 2144//2144 2145//2145 2305//2305 
f 2305//2305 2145//2145 2306//2306 
f 2145//2145 2145//2145 2306//2306 
f 2306//2306 2145//2145 2307//2307 
f 2145//2145 2146//2146 2307//2307 
f 2307//2307 2146//2146 2308//2308 
f 2146//2146 2147//2147 2308//2308 
f 2308//2308 2147//2147 2309//2309 
f 2147//2147 2148//2148 2309//2309 
f 2309//2309 2148//2148 2310//2310 
f 2148//2148 2149//2149 2310//2310 
f 2310//2310 2149//2149 2311//2311 
f 2149//2149 2189//2189 2311//2311 
f 2311//2311 2189//2189 2312//2312 
f 2189//2189 2190//2190 2312//2312 
f 2312//2312 2190//2190 2312//2312 
f 2190//2190 2191//2191 2312//2312 
f 2312//2312 2191//2191 2313//2313 
f 2191//2191 2192//2192 2313//2313 
f 2313//2313 2192//2192 2192//2192 
f 2192//2192 2313//2313 2192//2192 
f 2192//2192 2313//2313 2313//2313 
f 2313//2313 2314//2314 2313//2313 
f 2313//2313 2314//2314 2312//2312 
f 2314//2314 2314//2314 2312//2312 
f 2312//2312 2314//2314 2311//2311 
f 2314//2314 2315//2315 2311//2311 
f 2311//2311 2315//2315 2310//2310 
f 2315//2315 2316//2316 2310//2310 
f 2310//2310 2316//2316 2309//2309 
f 2316//2316 2317//2317 2309//2309 
f 2309//2309 2317//2317 2308//2308 
f 2317//2317 2318//2318 2308//2308 
f 2308//2308 2318//2318 2307//2307 
f 2318//2318 2319//2319 2307//2307 
f 2307//2307 2319//2319 2306//2306 
f 2319//2319 2320//2320 2306//2306 
f 2306//2306 2320//2320 2306//2306 
f 2320//2320 2321//2321 2306//2306 
f 2306//2306 2321//2321 2305//2305 
f 2321//2321 2322//2322 2305//2305 
f 2305//2305 2322//2322 2304//2304 
f 2322//2322 2323//2323 2304//2304 
f 2304//2304 2323//2323 2303//2303 
f 2323//2323 2324//2324 2303//2303 
f 2303//2303 2324//2324 2302//2302 
f 2324//2324 2325//2325 2302//2302 
f 2302//2302 2325//2325 2301//2301 
f 2325//2325 2301//2301 2301//2301 
f 2301//2301 2301//2301 2318//2318 
f 2301//2301 2318//2318 2318//2318 
f 2318//2318 2318//2318 2319//2319 
f 2318//2318 2317//2317 2319//2319 
f 2319//2319 2317//2317 2326//2326 
f 2317//2317 2316//2316 2326//2326 
f 2326//2326 2316//2316 2316//2316 
f 2316//2316 2326//2326 2316//2316 
f 2316//2316 2326//2326 2326//2326 
f 2326//2326 2320//2320 2326//2326 
f 2326//2326 2320//2320 2319//2319 
f 2320//2320 2319//2319 2319//2319 
f 2319//2319 2319//2319 2324//2324 
f 2319//2319 2324//2324 2324//2324 
f 2324//2324 2324//2324 2325//2325 
f 2324//2324 2323//2323 2325//2325 
f 2325//2325 2323//2323 2327//2327 
f 2323//2323 2322//2322 2327//2327 
f 2327//2327 2322//2322 2322//2322 
f 2322//2322 2327//2327 2322//2322 
f 2322//2322 2327//2327 2327//2327 
f 2327//2327 2328//2328 2327//2327 
f 2327//2327 2328//2328 2325//2325 
f 2328//2328 2328//2328 2325//2325 
f 2325//2325 2328//2328 2301//2301 
f 2328//2328 2329//2329 2301//2301 
f 2301//2301 2329//2329 2300//2300 
f 2329//2329 2330//2330 2300//2300 
f 2300//2300 2330//2330 2299//2299 
f 2330//2330 2331//2331 2299//2299 
f 2299//2299 2331//2331 2298//2298 
f 2331//2331 2332//2332 2298//2298 
f 2298//2298 2332//2332 2297//2297 
f 2332//2332 2333//2333 2297//2297 
f 2297//2297 2333//2333 2296//2296 
f 2333//2333 2334//2334 2296//2296 
f 2296//2296 2334//2334 2296//2296 
f 2334//2334 2335//2335 2296//2296 
f 2296//2296 2335//2335 2295//2295 
f 2335//2335 2336//2336 2295//2295 
f 2295//2295 2336//2336 2294//2294 
f 2336//2336 2337//2337 2294//2294 
f 2294//2294 2337//2337 2293//2293 
f 2337//2337 2338//2338 2293//2293 
f 2293//2293 2338//2338 2292//2292 
f 2338//2338 2339//2339 2292//2292 
f 2292//2292 2339//2339 2291//2291 
f 2339//2339 2291//2291 2291//2291 
f 2291//2291 2291//2291 2332//2332 
f 2291//2291 2332//2332 2332//2332 
f 2332//2332 2332//2332 2333//2333 
f 2332//2332 2331//2331 2333//2333 
f 2333//2333 2331//2331 2340//2340 
f 2331//2331 2330//2330 2340//2340 
f 2340//2340 2330//2330 2330//2330 
f 2330//2330 2340//2340 2330//2330 
f 2330//2330 2340//2340 2340//2340 
f 2340//2340 2334//2334 2340//2340 
f 2340//2340 2334//2334 2333//2333 
f 2334//2334 2333//2333 2333//2333 
f 2333//2333 2333//2333 2338//2338 
f 2333//2333 2338//2338 2338//2338 
f 2338//2338 2338//2338 2339//2339 
f 2338//2338 2337//2337 2339//2339 
f 2339//2339 2337//2337 2341//2341 
f 2337//2337 2336//2336 2341//2341 
f 2341//2341 2336//2336 2336//2336 
f 2336//2336 2341//2341 2336//2336 
f 2336//2336 2341//2341 2341//2341 
f 2341//2341 2342//2342 2341//2341 
f 2341//2341 2342//2342 2339//2339 
f 2342//2342 2342//2342 2339//2339 
f 2339//2339 2342//2342 2291//2291 
f 2342//2342 2342//2342 2291//2291 
f 2291//2291 2342//2342 2290//2290 
f 2342//2342 2343//2343 2290//2290 
f 2290//2290 2343//2343 2289//2289 
f 2343//2343 2289//2289 2289//2289 
f 2289//2289 2289//2289 2343//2343 
f 2289//2289 2343//2343 2343//2343 
f 2343//2343 2343//2343 2344//2344 
f 2343//2343 2342//2342 2344//2344 
f 2344//2344 2342//2342 2344//2344 
f 2342//2342 2341//2341 2344//2344 
f 2344//2344 2341//2341 2345//2345 
f 2341//2341 2336//2336 2345//2345 
f 2345//2345 2336//2336 2346//2346 
f 2336//2336 2336//2336 2346//2346 
f 2346//2346 2336//2336 2347//2347 
f 2336//2336 2335//2335 2347//2347 
f 2347//2347 2335//2335 2348//2348 
f 2335//2335 2334//2334 2348//2348 
f 2348//2348 2334//2334 2349//2349 
f 2334//2334 2340//2340 2349//2349 
f 2349//2349 2340//2340 2350//2350 
f 2340//2340 2330//2330 2350//2350 
f 2350//2350 2330//2330 2330//2330 
f 2330//2330 2345//2345 2330//2330 
f 2330//2330 2345//2345 2345//2345 
f 2345//2345 2351//2351 2345//2345 
f 2345//2345 2351//2351 2344//2344 
f 2351//2351 2352//2352 2344//2344 
f 2344//2344 2352//2352 2343//2343 
f 2352//2352 2343//2343 2343//2343 
f 2343//2343 2343//2343 2352//2352 
f 2343//2343 2352//2352 2352//2352 
f 2352//2352 2352//2352 2353//2353 
f 2352//2352 2351//2351 2353//2353 
f 2353//2353 2351//2351 2353//2353 
f 2351//2351 2345//2345 2353//2353 
f 2353//2353 2345//2345 2346//2346 
f 2345//2345 2346//2346 2346//2346 
f 2346//2346 2346//2346 2350//2350 
f 2346//2346 2350//2350 2350//2350 
f 2350//2350 2350//2350 2349//2349 
f 2350//2350 2354//2354 2349//2349 
f 2349//2349 2354//2354 2355//2355 
f 2354//2354 2354//2354 2355//2355 
f 2355//2355 2354//2354 2356//2356 
f 2354//2354 2350//2350 2356//2356 
f 2356//2356 2350//2350 2357//2357 
f 2350//2350 2330//2330 2357//2357 
f 2357//2357 2330//2330 2358//2358 
f 2330//2330 2329//2329 2358//2358 
f 2358//2358 2329//2329 2359//2359 
f 2329//2329 2328//2328 2359//2359 
f 2359//2359 2328//2328 2360//2360 
f 2328//2328 2327//2327 2360//2360 
f 2360//2360 2327//2327 2361//2361 
f 2327//2327 2322//2322 2361//2361 
f 2361//2361 2322//2322 2322//2322 
f 2322//2322 2355//2355 2322//2322 
f 2322//2322 2355//2355 2355//2355 
f 2355//2355 2348//2348 2355//2355 
f 2355//2355 2348//2348 2349//2349 
f 2348//2348 2349//2349 2349//2349 
f 2349//2349 2349//2349 2361//2361 
f 2349//2349 2361//2361 2361//2361 
f 2361//2361 2361//2361 2360//2360 
f 2361//2361 2362//2362 2360//2360 
f 2360//2360 2362//2362 2363//2363 
f 2362//2362 2362//2362 2363//2363 
f 2363//2363 2362//2362 2364//2364 
f 2362//2362 2361//2361 2364//2364 
f 2364//2364 2361//2361 2365//2365 
f 2361//2361 2322//2322 2365//2365 
f 2365//2365 2322//2322 2366//2366 
f 2322//2322 2321//2321 2366//2366 
f 2366//2366 2321//2321 2367//2367 
f 2321//2321 2320//2320 2367//2367 
f 2367//2367 2320//2320 2368//2368 
f 2320//2320 2326//2326 2368//2368 
f 2368//2368 2326//2326 2369//2369 
f 2326//2326 2316//2316 2369//2369 
f 2369//2369 2316//2316 2316//2316 
f 2316//2316 2363//2363 2316//2316 
f 2316//2316 2363//2363 2363//2363 
f 2363//2363 2359//2359 2363//2363 
f 2363//2363 2359//2359 2360//2360 
f 2359//2359 2360//2360 2360//2360 
f 2360//2360 2360//2360 2369//2369 
f 2360//2360 2369//2369 2369//2369 
f 2369//2369 2369//2369 2368//2368 
f 2369//2369 2370//2370 2368//2368 
f 2368//2368 2370//2370 2371//2371 
f 2370//2370 2370//2370 2371//2371 
f 2371//2371 2370//2370 2372//2372 
f 2370//2370 2369//2369 2372//2372 
f 2372//2372 2369//2369 2373//2373 
f 2369//2369 2316//2316 2373//2373 
f 2373//2373 2316//2316 2374//2374 
f 2316//2316 2315//2315 2374//2374 
f 2374//2374 2315//2315 2375//2375 
f 2315//2315 2314//2314 2375//2375 
f 2375//2375 2314//2314 2376//2376 
f 2314//2314 2313//2313 2376//2376 
f 2376//2376 2313//2313 2377//2377 
f 2313//2313 2192//2192 2377//2377 
f 2377//2377 2192//2192 2378//2378 
f 2192//2192 2199//2199 2378//2378 
f 2378//2378 2199//2199 2379//2379 
f 2199//2199 2200//2200 2379//2379 
f 2379//2379 2200//2200 2380//2380 
f 2200//2200 2201//2201 2380//2380 
f 2380//2380 2201//2201 2381//2381 
f 2201//2201 2202//2202 2381//2381 
f 2381//2381 2202//2202 2202//2202 
f 2202//2202 2371//2371 2202//2202 
f 2202//2202 2371//2371 2371//2371 
f 2371//2371 2367//2367 2371//2371 
f 2371//2371 2367//2367 2368//2368 
f 2367//2367 2368//2368 2368//2368 
f 2368//2368 2368//2368 2381//2381 
f 2368//2368 2381//2381 2381//2381 
f 2381//2381 2381//2381 2380//2380 
f 2381//2381 2382//2382 2380//2380 
f 2380//2380 2382//2382 2383//2383 
f 2382//2382 2382//2382 2383//2383 
f 2383//2383 2382//2382 2384//2384 
f 2382//2382 2381//2381 2384//2384 
f 2384//2384 2381//2381 2385//2385 
f 2381//2381 2202//2202 2385//2385 
f 2385//2385 2202//2202 2386//2386 
f 2202//2202 2202//2202 2386//2386 
f 2386//2386 2202//2202 2387//2387 
f 2202//2202 2203//2203 2387//2387 
f 2387//2387 2203//2203 2388//2388 
f 2203//2203 2204//2204 2388//2388 
f 2388//2388 2204//2204 2389//2389 
f 2204//2204 2205//2205 2389//2389 
f 2389//2389 2205//2205 2389//2389 
f 2205//2205 2206//2206 2389//2389 
f 2389//2389 2206//2206 2390//2390 
f 2206//2206 2207//2207 2390//2390 
f 2390//2390 2207//2207 2391//2391 
f 2207//2207 2208//2208 2391//2391 
f 2391//2391 2208//2208 2391//2391 
f 2208//2208 2392//2392 2391//2391 
f 2391//2391 2392//2392 2388//2388 
f 2392//2392 2392//2392 2388//2388 
f 2388//2388 2392//2392 2387//2387 
f 2392//2392 2393//2393 2387//2387 
f 2387//2387 2393//2393 2386//2386 
f 2393//2393 2394//2394 2386//2386 
f 2386//2386 2394//2394 2386//2386 
f 2394//2394 2395//2395 2386//2386 
f 2386//2386 2395//2395 2385//2385 
f 2395//2395 2396//2396 2385//2385 
f 2385//2385 2396//2396 2384//2384 
f 2396//2396 2397//2397 2384//2384 
f 2384//2384 2397//2397 2383//2383 
f 2397//2397 2398//2398 2383//2383 
f 2383//2383 2398//2398 2379//2379 
f 2398//2398 2398//2398 2379//2379 
f 2379//2379 2398//2398 2378//2378 
f 2398//2398 2399//2399 2378//2378 
f 2378//2378 2399//2399 2377//2377 
f 2399//2399 2400//2400 2377//2377 
f 2377//2377 2400//2400 2376//2376 
f 2400//2400 2401//2401 2376//2376 
f 2376//2376 2401//2401 2375//2375 
f 2401//2401 2375//2375 2375//2375 
f 2375//2375 2375//2375 2383//2383 
f 2375//2375 2383//2383 2383//2383 
f 2383//2383 2383//2383 2380//2380 
f 2383//2383 2379//2379 2380//2380 
f 2380//2380 2379//2379 2379//2379 
f 2379//2379 2390//2390 2379//2379 
f 2379//2379 2390//2390 2390//2390 
f 2390//2390 2391//2391 2390//2390 
f 2390//2390 2391//2391 2389//2389 
f 2391//2391 2388//2388 2389//2389 
f 2389//2389 2388//2388 2388//2388 
f 2388//2388 2400//2400 2388//2388 
f 2388//2388 2400//2400 2400//2400 
f 2400//2400 2399//2399 2400//2400 
f 2400//2400 2399//2399 2401//2401 
f 2399//2399 2399//2399 2401//2401 
f 2401//2401 2399//2399 2402//2402 
f 2399//2399 2398//2398 2402//2402 
f 2402//2402 2398//2398 2403//2403 
f 2398//2398 2397//2397 2403//2403 
f 2403//2403 2397//2397 2404//2404 
f 2397//2397 2396//2396 2404//2404 
f 2404//2404 2396//2396 2405//2405 
f 2396//2396 2395//2395 2405//2405 
f 2405//2405 2395//2395 2406//2406 
f 2395//2395 2394//2394 2406//2406 
f 2406//2406 2394//2394 2406//2406 
f 2394//2394 2393//2393 2406//2406 
f 2406//2406 2393//2393 2407//2407 
f 2393//2393 2392//2392 2407//2407 
f 2407//2407 2392//2392 2209//2209 
f 2392//2392 2208//2208 2209//2209 
f 2209//2209 2208//2208 2208//2208 
f 2208//2208 2209//2209 2208//2208 
f 2208//2208 2209//2209 2209//2209 
f 2209//2209 2210//2210 2209//2209 
f 2209//2209 2210//2210 2407//2407 
f 2210//2210 2408//2408 2407//2407 
f 2407//2407 2408//2408 2406//2406 
f 2408//2408 2408//2408 2406//2406 
f 2406//2406 2408//2408 2405//2405 
f 2408//2408 2409//2409 2405//2405 
f 2405//2405 2409//2409 2404//2404 
f 2409//2409 2410//2410 2404//2404 
f 2404//2404 2410//2410 2403//2403 
f 2410//2410 2411//2411 2403//2403 
f 2403//2403 2411//2411 2402//2402 
f 2411//2411 2412//2412 2402//2402 
f 2402//2402 2412//2412 2401//2401 
f 2412//2412 2412//2412 2401//2401 
f 2401//2401 2412//2412 2375//2375 
f 2412//2412 2412//2412 2375//2375 
f 2375//2375 2412//2412 2374//2374 
f 2412//2412 2413//2413 2374//2374 
f 2374//2374 2413//2413 2373//2373 
f 2413//2413 2373//2373 2373//2373 
f 2373//2373 2373//2373 2413//2413 
f 2373//2373 2413//2413 2413//2413 
f 2413//2413 2413//2413 2414//2414 
f 2413//2413 2412//2412 2414//2414 
f 2414//2414 2412//2412 2414//2414 
f 2412//2412 2411//2411 2414//2414 
f 2414//2414 2411//2411 2415//2415 
f 2411//2411 2410//2410 2415//2415 
f 2415//2415 2410//2410 2416//2416 
f 2410//2410 2410//2410 2416//2416 
f 2416//2416 2410//2410 2417//2417 
f 2410//2410 2410//2410 2417//2417 
f 2417//2417 2410//2410 2418//2418 
f 2410//2410 2409//2409 2418//2418 
f 2418//2418 2409//2409 2419//2419 
f 2409//2409 2408//2408 2419//2419 
f 2419//2419 2408//2408 2420//2420 
f 2408//2408 2408//2408 2420//2420 
f 2420//2420 2408//2408 2211//2211 
f 2408//2408 2210//2210 2211//2211 
f 2211//2211 2210//2210 2210//2210 
f 2210//2210 2211//2211 2210//2210 
f 2210//2210 2211//2211 2211//2211 
f 2211//2211 2212//2212 2211//2211 
f 2211//2211 2212//2212 2420//2420 
f 2212//2212 2212//2212 2420//2420 
f 2420//2420 2212//2212 2421//2421 
f 2212//2212 2422//2422 2421//2421 
f 2421//2421 2422//2422 2420//2420 
f 2422//2422 2422//2422 2420//2420 
f 2420//2420 2422//2422 2419//2419 
f 2422//2422 2423//2423 2419//2419 
f 2419//2419 2423//2423 2418//2418 
f 2423//2423 2418//2418 2418//2418 
f 2418//2418 2418//2418 2212//2212 
f 2418//2418 2212//2212 2212//2212 
f 2212//2212 2212//2212 2422//2422 
f 2212//2212 2213//2213 2422//2422 
f 2422//2422 2213//2213 2423//2423 
f 2213//2213 2214//2214 2423//2423 
f 2423//2423 2214//2214 2424//2424 
f 2214//2214 2215//2215 2424//2424 
f 2424//2424 2215//2215 2215//2215 
f 2215//2215 2424//2424 2215//2215 
f 2215//2215 2424//2424 2424//2424 
f 2424//2424 2425//2425 2424//2424 
f 2424//2424 2425//2425 2423//2423 
f 2425//2425 2425//2425 2423//2423 
f 2423//2423 2425//2425 2418//2418 
f 2425//2425 2425//2425 2418//2418 
f 2418//2418 2425//2425 2417//2417 
f 2425//2425 2425//2425 2417//2417 
f 2417//2417 2425//2425 2426//2426 
f 2425//2425 2425//2425 2426//2426 
f 2426//2426 2425//2425 2427//2427 
f 2425//2425 2424//2424 2427//2427 
f 2427//2427 2424//2424 2428//2428 
f 2424//2424 2215//2215 2428//2428 
f 2428//2428 2215//2215 2429//2429 
f 2215//2215 2216//2216 2429//2429 
f 2429//2429 2216//2216 2430//2430 
f 2216//2216 2217//2217 2430//2430 
f 2430//2430 2217//2217 2430//2430 
f 2217//2217 2431//2431 2430//2430 
f 2430//2430 2431//2431 2429//2429 
f 2431//2431 2429//2429 2429//2429 
f 2429//2429 2429//2429 2217//2217 
f 2429//2429 2217//2217 2217//2217 
f 2217//2217 2217//2217 2431//2431 
f 2217//2217 2218//2218 2431//2431 
f 2431//2431 2218//2218 2218//2218 
f 2218//2218 2431//2431 2218//2218 
f 2218//2218 2431//2431 2431//2431 
f 2431//2431 2432//2432 2431//2431 
f 2431//2431 2432//2432 2429//2429 
f 2432//2432 2428//2428 2429//2429 
f 2429//2429 2428//2428 2428//2428 
f 2428//2428 2432//2432 2428//2428 
f 2428//2428 2432//2432 2432//2432 
f 2432//2432 2431//2431 2432//2432 
f 2432//2432 2431//2431 2433//2433 
f 2431//2431 2218//2218 2433//2433 
f 2433//2433 2218//2218 2433//2433 
f 2218//2218 2219//2219 2433//2433 
f 2433//2433 2219//2219 2434//2434 
f 2219//2219 2220//2220 2434//2434 
f 2434//2434 2220//2220 2435//2435 
f 2220//2220 2220//2220 2435//2435 
f 2435//2435 2220//2220 2436//2436 
f 2220//2220 2221//2221 2436//2436 
f 2436//2436 2221//2221 2437//2437 
f 2221//2221 2222//2222 2437//2437 
f 2437//2437 2222//2222 2437//2437 
f 2222//2222 2438//2438 2437//2437 
f 2437//2437 2438//2438 2436//2436 
f 2438//2438 2436//2436 2436//2436 
f 2436//2436 2436//2436 2222//2222 
f 2436//2436 2222//2222 2222//2222 
f 2222//2222 2222//2222 2438//2438 
f 2222//2222 2223//2223 2438//2438 
f 2438//2438 2223//2223 2223//2223 
f 2223//2223 2438//2438 2223//2223 
f 2223//2223 2438//2438 2438//2438 
f 2438//2438 2439//2439 2438//2438 
f 2438//2438 2439//2439 2436//2436 
f 2439//2439 2435//2435 2436//2436 
f 2436//2436 2435//2435 2435//2435 
f 2435//2435 2439//2439 2435//2435 
f 2435//2435 2439//2439 2439//2439 
f 2439//2439 2438//2438 2439//2439 
f 2439//2439 2438//2438 2440//2440 
f 2438//2438 2223//2223 2440//2440 
f 2440//2440 2223//2223 2440//2440 
f 2223//2223 2224//2224 2440//2440 
f 2440//2440 2224//2224 2441//2441 
f 2224//2224 2225//2225 2441//2441 
f 2441//2441 2225//2225 2442//2442 
f 2225//2225 2225//2225 2442//2442 
f 2442//2442 2225//2225 2443//2443 
f 2225//2225 2226//2226 2443//2443 
f 2443//2443 2226//2226 2444//2444 
f 2226//2226 2227//2227 2444//2444 
f 2444//2444 2227//2227 2444//2444 
f 2227//2227 2445//2445 2444//2444 
f 2444//2444 2445//2445 2443//2443 
f 2445//2445 2443//2443 2443//2443 
f 2443//2443 2443//2443 2227//2227 
f 2443//2443 2227//2227 2227//2227 
f 2227//2227 2227//2227 2445//2445 
f 2227//2227 2228//2228 2445//2445 
f 2445//2445 2228//2228 2228//2228 
f 2228//2228 2445//2445 2228//2228 
f 2228//2228 2445//2445 2445//2445 
f 2445//2445 2446//2446 2445//2445 
f 2445//2445 2446//2446 2443//2443 
f 2446//2446 2442//2442 2443//2443 
f 2443//2443 2442//2442 2442//2442 
f 2442//2442 2446//2446 2442//2442 
f 2442//2442 2446//2446 2446//2446 
f 2446//2446 2445//2445 2446//2446 
f 2446//2446 2445//2445 2447//2447 
f 2445//2445 2228//2228 2447//2447 
f 2447//2447 2228//2228 2447//2447 
f 2228//2228 2229//2229 2447//2447 
f 2447//2447 2229//2229 2448//2448 
f 2229//2229 2230//2230 2448//2448 
f 2448//2448 2230//2230 2449//2449 
f 2230//2230 2230//2230 2449//2449 
f 2449//2449 2230//2230 2450//2450 
f 2230//2230 2231//2231 2450//2450 
f 2450//2450 2231//2231 2451//2451 
f 2231//2231 2232//2232 2451//2451 
f 2451//2451 2232//2232 2451//2451 
f 2232//2232 2452//2452 2451//2451 
f 2451//2451 2452//2452 2450//2450 
f 2452//2452 2450//2450 2450//2450 
f 2450//2450 2450//2450 2232//2232 
f 2450//2450 2232//2232 2232//2232 
f 2232//2232 2232//2232 2452//2452 
f 2232//2232 2233//2233 2452//2452 
f 2452//2452 2233//2233 2233//2233 
f 2233//2233 2452//2452 2233//2233 
f 2233//2233 2452//2452 2452//2452 
f 2452//2452 2453//2453 2452//2452 
f 2452//2452 2453//2453 2450//2450 
f 2453//2453 2449//2449 2450//2450 
f 2450//2450 2449//2449 2449//2449 
f 2449//2449 2453//2453 2449//2449 
f 2449//2449 2453//2453 2453//2453 
f 2453//2453 2452//2452 2453//2453 
f 2453//2453 2452//2452 2454//2454 
f 2452//2452 2233//2233 2454//2454 
f 2454//2454 2233//2233 2454//2454 
f 2233//2233 2234//2234 2454//2454 
f 2454//2454 2234//2234 2455//2455 
f 2234//2234 2235//2235 2455//2455 
f 2455//2455 2235//2235 2456//2456 
f 2235//2235 2236//2236 2456//2456 
f 2456//2456 2236//2236 2456//2456 
f 2236//2236 2263//2263 2456//2456 
f 2456//2456 2263//2263 2456//2456 
f 2263//2263 2282//2282 2456//2456 
f 2456//2456 2282//2282 2457//2457 
f 2282//2282 2283//2283 2457//2457 
f 2457//2457 2283//2283 2283//2283 
f 2283//2283 2457//2457 2283//2283 
f 2283//2283 2457//2457 2457//2457 
f 2457//2457 2458//2458 2457//2457 
f 2457//2457 2458//2458 2456//2456 
f 2458//2458 2458//2458 2456//2456 
f 2456//2456 2458//2458 2455//2455 
f 2458//2458 2459//2459 2455//2455 
f 2455//2455 2459//2459 2454//2454 
f 2459//2459 2454//2454 2454//2454 
f 2454//2454 2454//2454 2415//2415 
f 2454//2454 2415//2415 2415//2415 
f 2415//2415 2415//2415 2414//2414 
f 2415//2415 2460//2460 2414//2414 
f 2414//2414 2460//2460 2461//2461 
f 2460//2460 2460//2460 2461//2461 
f 2461//2461 2460//2460 2462//2462 
f 2460//2460 2415//2415 2462//2462 
f 2462//2462 2415//2415 2416//2416 
f 2415//2415 2416//2416 2416//2416 
f 2416//2416 2416//2416 2461//2461 
f 2416//2416 2461//2461 2461//2461 
f 2461//2461 2461//2461 2414//2414 
f 2461//2461 2413//2413 2414//2414 
f 2414//2414 2413//2413 2413//2413 
f 2413//2413 2283//2283 2413//2413 
f 2413//2413 2283//2283 2283//2283 
f 2283//2283 2463//2463 2283//2283 
f 2283//2283 2463//2463 2457//2457 
f 2463//2463 2464//2464 2457//2457 
f 2457//2457 2464//2464 2458//2458 
f 2464//2464 2465//2465 2458//2458 
f 2458//2458 2465//2465 2459//2459 
f 2465//2465 2459//2459 2459//2459 
f 2459//2459 2459//2459 2283//2283 
f 2459//2459 2283//2283 2283//2283 
f 2283//2283 2283//2283 2463//2463 
f 2283//2283 2284//2284 2463//2463 
f 2463//2463 2284//2284 2466//2466 
f 2284//2284 2285//2285 2466//2466 
f 2466//2466 2285//2285 2467//2467 
f 2285//2285 2286//2286 2467//2467 
f 2467//2467 2286//2286 2468//2468 
f 2286//2286 2287//2287 2468//2468 
f 2468//2468 2287//2287 2287//2287 
f 2287//2287 2467//2467 2287//2287 
f 2287//2287 2467//2467 2467//2467 
f 2467//2467 2468//2468 2467//2467 
f 2467//2467 2468//2468 2466//2466 
f 2468//2468 2469//2469 2466//2466 
f 2466//2466 2469//2469 2463//2463 
f 2469//2469 2470//2470 2463//2463 
f 2463//2463 2470//2470 2464//2464 
f 2470//2470 2471//2471 2464//2464 
f 2464//2464 2471//2471 2465//2465 
f 2471//2471 2471//2471 2465//2465 
f 2465//2465 2471//2471 2459//2459 
f 2471//2471 2472//2472 2459//2459 
f 2459//2459 2472//2472 2454//2454 
f 2472//2472 2473//2473 2454//2454 
f 2454//2454 2473//2473 2453//2453 
f 2473//2473 2474//2474 2453//2453 
f 2453//2453 2474//2474 2449//2449 
f 2474//2474 2475//2475 2449//2449 
f 2449//2449 2475//2475 2449//2449 
f 2475//2475 2476//2476 2449//2449 
f 2449//2449 2476//2476 2448//2448 
f 2476//2476 2477//2477 2448//2448 
f 2448//2448 2477//2477 2447//2447 
f 2477//2477 2478//2478 2447//2447 
f 2447//2447 2478//2478 2446//2446 
f 2478//2478 2479//2479 2446//2446 
f 2446//2446 2479//2479 2442//2442 
f 2479//2479 2480//2480 2442//2442 
f 2442//2442 2480//2480 2442//2442 
f 2480//2480 2481//2481 2442//2442 
f 2442//2442 2481//2481 2441//2441 
f 2481//2481 2482//2482 2441//2441 
f 2441//2441 2482//2482 2440//2440 
f 2482//2482 2483//2483 2440//2440 
f 2440//2440 2483//2483 2439//2439 
f 2483//2483 2484//2484 2439//2439 
f 2439//2439 2484//2484 2435//2435 
f 2484//2484 2485//2485 2435//2435 
f 2435//2435 2485//2485 2435//2435 
f 2485//2485 2486//2486 2435//2435 
f 2435//2435 2486//2486 2434//2434 
f 2486//2486 2487//2487 2434//2434 
f 2434//2434 2487//2487 2433//2433 
f 2487//2487 2488//2488 2433//2433 
f 2433//2433 2488//2488 2432//2432 
f 2488//2488 2489//2489 2432//2432 
f 2432//2432 2489//2489 2428//2428 
f 2489//2489 2490//2490 2428//2428 
f 2428//2428 2490//2490 2427//2427 
f 2490//2490 2491//2491 2427//2427 
f 2427//2427 2491//2491 2426//2426 
f 2491//2491 2491//2491 2426//2426 
f 2426//2426 2491//2491 2417//2417 
f 2491//2491 2491//2491 2417//2417 
f 2417//2417 2491//2491 2416//2416 
f 2491//2491 2492//2492 2416//2416 
f 2416//2416 2492//2492 2462//2462 
f 2492//2492 2493//2493 2462//2462 
f 2462//2462 2493//2493 2461//2461 
f 2493//2493 2494//2494 2461//2461 
f 2461//2461 2494//2494 2413//2413 
f 2494//2494 2494//2494 2413//2413 
f 2413//2413 2494//2494 2373//2373 
f 2494//2494 2494//2494 2373//2373 
f 2373//2373 2494//2494 2372//2372 
f 2494//2494 2495//2495 2372//2372 
f 2372//2372 2495//2495 2371//2371 
f 2495//2495 2371//2371 2371//2371 
f 2371//2371 2371//2371 2491//2491 
f 2371//2371 2491//2491 2491//2491 
f 2491//2491 2491//2491 2492//2492 
f 2491//2491 2490//2490 2492//2492 
f 2492//2492 2490//2490 2496//2496 
f 2490//2490 2489//2489 2496//2496 
f 2496//2496 2489//2489 2497//2497 
f 2489//2489 2488//2488 2497//2497 
f 2497//2497 2488//2488 2498//2498 
f 2488//2488 2487//2487 2498//2498 
f 2498//2498 2487//2487 2499//2499 
f 2487//2487 2486//2486 2499//2499 
f 2499//2499 2486//2486 2500//2500 
f 2486//2486 2485//2485 2500//2500 
f 2500//2500 2485//2485 2485//2485 
f 2485//2485 2492//2492 2485//2485 
f 2485//2485 2492//2492 2492//2492 
f 2492//2492 2496//2496 2492//2492 
f 2492//2492 2496//2496 2493//2493 
f 2496//2496 2501//2501 2493//2493 
f 2493//2493 2501//2501 2494//2494 
f 2501//2501 2495//2495 2494//2494 
f 2494//2494 2495//2495 2495//2495 
f 2495//2495 2496//2496 2495//2495 
f 2495//2495 2496//2496 2496//2496 
f 2496//2496 2497//2497 2496//2496 
f 2496//2496 2497//2497 2501//2501 
f 2497//2497 2501//2501 2501//2501 
f 2501//2501 2501//2501 2499//2499 
f 2501//2501 2499//2499 2499//2499 
f 2499//2499 2499//2499 2498//2498 
f 2499//2499 2500//2500 2498//2498 
f 2498//2498 2500//2500 2502//2502 
f 2500//2500 2500//2500 2502//2502 
f 2502//2502 2500//2500 2503//2503 
f 2500//2500 2485//2485 2503//2503 
f 2503//2503 2485//2485 2504//2504 
f 2485//2485 2484//2484 2504//2504 
f 2504//2504 2484//2484 2505//2505 
f 2484//2484 2483//2483 2505//2505 
f 2505//2505 2483//2483 2506//2506 
f 2483//2483 2482//2482 2506//2506 
f 2506//2506 2482//2482 2507//2507 
f 2482//2482 2481//2481 2507//2507 
f 2507//2507 2481//2481 2508//2508 
f 2481//2481 2480//2480 2508//2508 
f 2508//2508 2480//2480 2509//2509 
f 2480//2480 2480//2480 2509//2509 
f 2509//2509 2480//2480 2510//2510 
f 2480//2480 2479//2479 2510//2510 
f 2510//2510 2479//2479 2511//2511 
f 2479//2479 2478//2478 2511//2511 
f 2511//2511 2478//2478 2512//2512 
f 2478//2478 2477//2477 2512//2512 
f 2512//2512 2477//2477 2513//2513 
f 2477//2477 2476//2476 2513//2513 
f 2513//2513 2476//2476 2514//2514 
f 2476//2476 2475//2475 2514//2514 
f 2514//2514 2475//2475 2475//2475 
f 2475//2475 2498//2498 2475//2475 
f 2475//2475 2498//2498 2498//2498 
f 2498//2498 2502//2502 2498//2498 
f 2498//2498 2502//2502 2497//2497 
f 2502//2502 2497//2497 2497//2497 
f 2497//2497 2497//2497 2507//2507 
f 2497//2497 2507//2507 2507//2507 
f 2507//2507 2507//2507 2506//2506 
f 2507//2507 2508//2508 2506//2506 
f 2506//2506 2508//2508 2515//2515 
f 2508//2508 2509//2509 2515//2515 
f 2515//2515 2509//2509 2509//2509 
f 2509//2509 2506//2506 2509//2509 
f 2509//2509 2506//2506 2506//2506 
f 2506//2506 2515//2515 2506//2506 
f 2506//2506 2515//2515 2505//2505 
f 2515//2515 2505//2505 2505//2505 
f 2505//2505 2505//2505 2513//2513 
f 2505//2505 2513//2513 2513//2513 
f 2513//2513 2513//2513 2512//2512 
f 2513//2513 2514//2514 2512//2512 
f 2512//2512 2514//2514 2516//2516 
f 2514//2514 2514//2514 2516//2516 
f 2516//2516 2514//2514 2517//2517 
f 2514//2514 2475//2475 2517//2517 
f 2517//2517 2475//2475 2518//2518 
f 2475//2475 2474//2474 2518//2518 
f 2518//2518 2474//2474 2519//2519 
f 2474//2474 2473//2473 2519//2519 
f 2519//2519 2473//2473 2520//2520 
f 2473//2473 2472//2472 2520//2520 
f 2520//2520 2472//2472 2521//2521 
f 2472//2472 2471//2471 2521//2521 
f 2521//2521 2471//2471 2521//2521 
f 2471//2471 2470//2470 2521//2521 
f 2521//2521 2470//2470 2522//2522 
f 2470//2470 2469//2469 2522//2522 
f 2522//2522 2469//2469 2523//2523 
f 2469//2469 2468//2468 2523//2523 
f 2523//2523 2468//2468 2523//2523 
f 2468//2468 2287//2287 2523//2523 
f 2523//2523 2287//2287 2523//2523 
f 2287//2287 2288//2288 2523//2523 
f 2523//2523 2288//2288 2524//2524 
f 2288//2288 2289//2289 2524//2524 
f 2524//2524 2289//2289 2525//2525 
f 2289//2289 2343//2343 2525//2525 
f 2525//2525 2343//2343 2525//2525 
f 2343//2343 2352//2352 2525//2525 
f 2525//2525 2352//2352 2526//2526 
f 2352//2352 2353//2353 2526//2526 
f 2526//2526 2353//2353 2527//2527 
f 2353//2353 2346//2346 2527//2527 
f 2527//2527 2346//2346 2528//2528 
f 2346//2346 2347//2347 2528//2528 
f 2528//2528 2347//2347 2529//2529 
f 2347//2347 2348//2348 2529//2529 
f 2529//2529 2348//2348 2529//2529 
f 2348//2348 2355//2355 2529//2529 
f 2529//2529 2355//2355 2530//2530 
f 2355//2355 2356//2356 2530//2530 
f 2530//2530 2356//2356 2531//2531 
f 2356//2356 2357//2357 2531//2531 
f 2531//2531 2357//2357 2532//2532 
f 2357//2357 2358//2358 2532//2532 
f 2532//2532 2358//2358 2533//2533 
f 2358//2358 2359//2359 2533//2533 
f 2533//2533 2359//2359 2533//2533 
f 2359//2359 2363//2363 2533//2533 
f 2533//2533 2363//2363 2534//2534 
f 2363//2363 2364//2364 2534//2534 
f 2534//2534 2364//2364 2535//2535 
f 2364//2364 2365//2365 2535//2535 
f 2535//2535 2365//2365 2536//2536 
f 2365//2365 2366//2366 2536//2536 
f 2536//2536 2366//2366 2537//2537 
f 2366//2366 2367//2367 2537//2537 
f 2537//2537 2367//2367 2537//2537 
f 2367//2367 2371//2371 2537//2537 
f 2537//2537 2371//2371 2537//2537 
f 2371//2371 2495//2495 2537//2537 
f 2537//2537 2495//2495 2538//2538 
f 2495//2495 2501//2501 2538//2538 
f 2538//2538 2501//2501 2538//2538 
f 2501//2501 2497//2497 2538//2538 
f 2538//2538 2497//2497 2539//2539 
f 2497//2497 2502//2502 2539//2539 
f 2539//2539 2502//2502 2540//2540 
f 2502//2502 2503//2503 2540//2540 
f 2540//2540 2503//2503 2541//2541 
f 2503//2503 2504//2504 2541//2541 
f 2541//2541 2504//2504 2542//2542 
f 2504//2504 2505//2505 2542//2542 
f 2542//2542 2505//2505 2543//2543 
f 2505//2505 2505//2505 2543//2543 
f 2543//2543 2505//2505 2544//2544 
f 2505//2505 2515//2515 2544//2544 
f 2544//2544 2515//2515 2545//2545 
f 2515//2515 2509//2509 2545//2545 
f 2545//2545 2509//2509 2546//2546 
f 2509//2509 2510//2510 2546//2546 
f 2546//2546 2510//2510 2547//2547 
f 2510//2510 2511//2511 2547//2547 
f 2547//2547 2511//2511 2548//2548 
f 2511//2511 2511//2511 2548//2548 
f 2548//2548 2511//2511 2549//2549 
f 2511//2511 2516//2516 2549//2549 
f 2549//2549 2516//2516 2550//2550 
f 2516//2516 2517//2517 2550//2550 
f 2550//2550 2517//2517 2551//2551 
f 2517//2517 2518//2518 2551//2551 
f 2551//2551 2518//2518 2552//2552 
f 2518//2518 2519//2519 2552//2552 
f 2552//2552 2519//2519 2553//2553 
f 2519//2519 2519//2519 2553//2553 
f 2553//2553 2519//2519 2554//2554 
f 2519//2519 2520//2520 2554//2554 
f 2554//2554 2520//2520 2555//2555 
f 2520//2520 2521//2521 2555//2555 
f 2555//2555 2521//2521 2555//2555 
f 2521//2521 2522//2522 2555//2555 
f 2555//2555 2522//2522 2556//2556 
f 2522//2522 2523//2523 2556//2556 
f 2556//2556 2523//2523 2556//2556 
f 2523//2523 2524//2524 2556//2556 
f 2556//2556 2524//2524 2557//2557 
f 2524//2524 2525//2525 2557//2557 
f 2557//2557 2525//2525 2553//2553 
f 2525//2525 2526//2526 2553//2553 
f 2553//2553 2526//2526 2552//2552 
f 2526//2526 2527//2527 2552//2552 
f 2552//2552 2527//2527 2551//2551 
f 2527//2527 2558//2558 2551//2551 
f 2551//2551 2558//2558 2550//2550 
f 2558//2558 2559//2559 2550//2550 
f 2550//2550 2559//2559 2549//2549 
f 2559//2559 2560//2560 2549//2549 
f 2549//2549 2560//2560 2548//2548 
f 2560//2560 2529//2529 2548//2548 
f 2548//2548 2529//2529 2548//2548 
f 2529//2529 2530//2530 2548//2548 
f 2548//2548 2530//2530 2547//2547 
f 2530//2530 2531//2531 2547//2547 
f 2547//2547 2531//2531 2546//2546 
f 2531//2531 2561//2561 2546//2546 
f 2546//2546 2561//2561 2545//2545 
f 2561//2561 2562//2562 2545//2545 
f 2545//2545 2562//2562 2544//2544 
f 2562//2562 2544//2544 2544//2544 
f 2544//2544 2544//2544 2512//2512 
f 2544//2544 2512//2512 2512//2512 
f 2512//2512 2512//2512 2511//2511 
f 2512//2512 2516//2516 2511//2511 
f 2511//2511 2516//2516 2516//2516 
f 2516//2516 2527//2527 2516//2516 
f 2516//2516 2527//2527 2527//2527 
f 2527//2527 2528//2528 2527//2527 
f 2527//2527 2528//2528 2558//2558 
f 2528//2528 2560//2560 2558//2558 
f 2558//2558 2560//2560 2559//2559 
f 2560//2560 2559//2559 2559//2559 
f 2559//2559 2559//2559 2529//2529 
f 2559//2559 2529//2529 2529//2529 
f 2529//2529 2529//2529 2528//2528 
f 2529//2529 2560//2560 2528//2528 
f 2528//2528 2560//2560 2560//2560 
f 2560//2560 2531//2531 2560//2560 
f 2560//2560 2531//2531 2531//2531 
f 2531//2531 2532//2532 2531//2531 
f 2531//2531 2532//2532 2561//2561 
f 2532//2532 2563//2563 2561//2561 
f 2561//2561 2563//2563 2562//2562 
f 2563//2563 2563//2563 2562//2562 
f 2562//2562 2563//2563 2544//2544 
f 2563//2563 2563//2563 2544//2544 
f 2544//2544 2563//2563 2543//2543 
f 2563//2563 2533//2533 2543//2543 
f 2543//2543 2533//2533 2543//2543 
f 2533//2533 2534//2534 2543//2543 
f 2543//2543 2534//2534 2542//2542 
f 2534//2534 2535//2535 2542//2542 
f 2542//2542 2535//2535 2541//2541 
f 2535//2535 2564//2564 2541//2541 
f 2541//2541 2564//2564 2540//2540 
f 2564//2564 2565//2565 2540//2540 
f 2540//2540 2565//2565 2539//2539 
f 2565//2565 2566//2566 2539//2539 
f 2539//2539 2566//2566 2538//2538 
f 2566//2566 2566//2566 2538//2538 
f 2538//2538 2566//2566 2537//2537 
f 2566//2566 2566//2566 2537//2537 
f 2537//2537 2566//2566 2536//2536 
f 2566//2566 2564//2564 2536//2536 
f 2536//2536 2564//2564 2535//2535 
f 2564//2564 2535//2535 2535//2535 
f 2535//2535 2535//2535 2533//2533 
f 2535//2535 2533//2533 2533//2533 
f 2533//2533 2533//2533 2532//2532 
f 2533//2533 2563//2563 2532//2532 
f 2532//2532 2563//2563 2563//2563 
f 2563//2563 2566//2566 2563//2563 
f 2563//2563 2566//2566 2566//2566 
f 2566//2566 2565//2565 2566//2566 
f 2566//2566 2565//2565 2564//2564 
f 2565//2565 2564//2564 2564//2564 
f 2564//2564 2564//2564 2553//2553 
f 2564//2564 2553//2553 2553//2553 
f 2553//2553 2553//2553 2557//2557 
f 2553//2553 2554//2554 2557//2557 
f 2557//2557 2554//2554 2567//2567 
f 2554//2554 2555//2555 2567//2567 
f 2567//2567 2555//2555 2567//2567 
f 2555//2555 2556//2556 2567//2567 
f 2567//2567 2556//2556 2557//2557 

