mtllib model_2.mtl
o model_2
v -43482592 -2194038.5 48399852 
v -43282340 -2113388.5 48394736 
v -43438672 -1923252.25 48425420 
v -43376252 -1965530.25 48427980 
v -43326540 -1821922.75 48412636 
v -43200288 -1879250.875 48392180 
v -43233476 -2015505.75 48402408 
v -42917696 -1953237.5 48333364 
v -42880556 -2139123 48318024 
v -43233192 -2276986.25 48371720 
v -43411276 -1732311.75 48410080 
v -43084908 -1616966.125 48343592 
v -43211444 -1479447.625 48338480 
v -42957948 -1230719.5 48225964 
v -42788336 -1411664.875 48238752 
v -42985204 -1774819.5 48343592 
v -42654596 -1617540.625 48241308 
v -42566048 -1850874.125 48233636 
v -42419176 -1510122.25 48113452 
v -42573816 -1267138.375 48110896 
v -42769552 -1052531.25 48100668 
v -42996640 -867220.125 48077652 
v -43153684 -1072291.625 48210624 
v -43359728 -1361804.375 48328252 
v -43536540 -1632820.5 48410080 
v -43605460 -1782861.625 48425420 
v -43582156 -1930375.25 48412636 
v -43730020 -2166121.25 48376836 
v -43928296 -1625467.75 48381952 
v -43741740 -1543094.5 48394736 
v -43616192 -1492200 48381952 
v -43527644 -1268172.25 48315464 
v -43712788 -1202457.5 48292452 
v -43906832 -1168451.25 48261764 
v -43372016 -946491.5 48187608 
v -43609696 -863084.25 48151808 
v -43523408 -626993.5 48003496 
v -43249576 -721889.375 48046968 
v -43445736 -442716.375 47852624 
v -43143940 -545769.125 47898652 
v -42864172 -704196.9375 47939568 
v -42613924 -909498.1875 47965140 
v -42400112 -1153171.375 47975368 
v -42231348 -1427634 47972808 
v -42315660 -1780104.25 48105780 
v -42518456 -2095466.375 48215736 
v -42871800 -2319034.5 48300124 
v -43148880 -2421742.5 48343592 
v -43283892 -2472407.25 48361492 
v -43451948 -2623482.5 48364052 
v -42963032 -2663922.25 48266880 
v -43059344 -2826256.25 48248980 
v -43426812 -2802934.25 48330808 
v -42897504 -2493776.25 48282224 
v -42507584 -2334659 48192724 
v -42260160 -2061460.125 48087880 
v -42115968 -1725188.75 47962580 
v -41982372 -1658669.75 47277272 
v -42053548 -2032394 47947240 
v -42249284 -2338220.5 48059752 
v -42044088 -2335808 47916552 
v -41919808 -1968172.625 47261928 
v -41909500 -2278020.25 47231240 
v -41785928 -1903836.5 46576616 
v -41774912 -2220347.5 46545932 
v -41957376 -2585110.5 47195444 
v -41824060 -2534101 46510132 
v -41941840 -2837400.25 46474332 
v -42069224 -2885652.25 47164756 
v -42108200 -3114735 46435976 
v -42231348 -3164825.25 47126400 
v -42303516 -3350366.25 46387388 
v -42430052 -3407349.5 47077816 
v -42533428 -3545098 46336248 
v -42665332 -3609204.25 47021556 
v -42803728 -3699504.75 46279988 
v -42937328 -3766023.75 46965300 
v -43100864 -3808072 46221176 
v -43234604 -3874476 46906488 
v -43411840 -3864710.75 46162360 
v -43545440 -3931229.75 46847672 
v -43368204 -3940995 47591796 
v -43679036 -3997634 47532984 
v -43070924 -3832427.75 47650612 
v -42797092 -3673195.75 47709424 
v -42556588 -3464448 47765684 
v -42354496 -3214915.5 47816824 
v -42196608 -2933904.5 47852624 
v -42090548 -2636005 47883312 
v -42289956 -2609236.5 48029068 
v -42541476 -2566958.5 48164596 
v -42628612 -2790411.75 48139024 
v -42756844 -3001457.25 48108336 
v -43177408 -2977216.5 48223408 
v -43462116 -2932640.75 48282224 
v -43581876 -2787424.75 48353820 
v -43605316 -2931147.25 48295008 
v -43665196 -2793513.75 48341036 
v -43916152 -2663233 48305236 
v -43885648 -2843833.75 48302680 
v -43734112 -2968255.25 48277108 
v -43489512 -3202622.75 48167152 
v -43319764 -3106233.5 48195280 
v -42914448 -3196533.75 48072536 
v -43102276 -3363693 48036736 
v -43321316 -3490986.5 47998380 
v -43557160 -3577381 47960024 
v -43673528 -3267303.5 48139024 
v -43898356 -2999963.75 48251536 
v -44116548 -2987786 48210624 
v -44029556 -3082911.5 48187608 
v -43859240 -3301080 48108336 
v -43796112 -3621612 47916552 
v -44045652 -3303607.5 48072536 
v -44231928 -3274771.25 48031624 
v -44036332 -3623794.75 47867968 
v -43736656 -3836219 47724768 
v -43458304 -3784750 47778468 
v -43187436 -3685258.75 47827052 
v -42936764 -3539009 47873080 
v -42718712 -3347494 47921668 
v -42535404 -3121858 47965140 
v -42388956 -2873129.75 47998380 
v -44017552 -3838861.5 47668512 
v -44276696 -3583469.75 47814268 
v -44410860 -3214111.25 47988152 
v -44300704 -2850382.25 48197836 
v -44414248 -2430359 48215736 
v -44085336 -2288704.75 48300124 
v -44264692 -1913142.25 48297564 
v -44325276 -1729209.75 48302680 
v -44152844 -1507824.5 48320580 
v -44101296 -1169715 48228524 
v -44257348 -1440501.25 48269436 
v -44359596 -1571471.375 48266880 
v -44460004 -1274605.875 48144136 
v -44288276 -1205329.625 48190164 
v -44343920 -870322.0625 48031624 
v -44571432 -956601.4375 47977924 
v -43993824 -4001540 47471612 
v -44103556 -825286.75 48075096 
v -44372304 -637103.5 47862852 
v -43856836 -822529.5 48113452 
v -43807972 -581843.3125 47960024 
v -43759676 -393774.9375 47804040 
v -44076160 -398025.71875 47747784 
v -44093104 -585519.6875 47913996 
v -44386992 -454779.40625 47686412 
v -44638796 -735675.6875 47804040 
v -44684268 -563231.8125 47630156 
v -44882828 -880317.125 47740112 
v -44956408 -722004.25 47566224 
v -45094100 -1070338.625 47676184 
v -45191828 -929718.125 47497184 
v -45268796 -1294021.625 47614812 
v -45385444 -1177297.5 47425584 
v -45403524 -1540107.5 47550884 
v -45531472 -1455551.375 47361656 
v -45492636 -1806298.25 47497184 
v -45626796 -1755633.625 47307956 
v -45393496 -1397074.375 46668672 
v -45250436 -1125943.375 46735160 
v -45115424 -1074589.375 46044732 
v -45255520 -1338597.375 45973132 
v -44930280 -831720.375 46100992 
v -45061056 -880661.8125 46799088 
v -45385444 -1177297.5 47425584 
v -45191828 -929718.125 47497184 
v -44827892 -672947.9375 46863016 
v -44956408 -722004.25 47566224 
v -44699380 -623891.625 46159804 
v -44422580 -465119.15625 46233960 
v -44553496 -514175.46875 46932056 
v -44684268 -563231.8125 47630156 
v -44386992 -454779.40625 47686412 
v -44252688 -405723.09375 46998544 
v -44076160 -398025.71875 47747784 
v -43940584 -349084.28125 47059916 
v -43759676 -393774.9375 47804040 
v -43624100 -344833.5 47116172 
v -43445736 -442716.375 47852624 
v -44118384 -356781.65625 46310676 
v -43805148 -300142.84375 46374604 
v -43488668 -295892.0625 46430860 
v -43310160 -393774.9375 47167312 
v -44466784 -2867040.75 48123680 
v -44501808 -2651974.25 48179936 
v -44492344 -1659244.25 48225964 
v -44504632 -1848921 48246424 
v -44594452 -1736217.875 48197836 
v -44758412 -1496910.375 48054636 
v -44616624 -1373178.125 48098108 
v -44779452 -1082631.375 47916552 
v -44961208 -1247263 47862852 
v -45112744 -1439007.75 47809152 
v -44877320 -1640402.875 48013724 
v -44715196 -1772636.75 48131352 
v -44577644 -1882238 48225964 
v -44654188 -2067778.875 48167152 
v -44753892 -2256651.5 48100668 
v -44582448 -2459310.25 48172264 
v -44678904 -2603951.75 48095552 
v -44621424 -2711485 48095552 
v -44483732 -2720676 48172264 
v -44592616 -2846361.25 48057196 
v -44575244 -3121053.75 47949796 
v -44507740 -3502934.75 47763124 
v -44296044 -3792332.5 47609696 
v -44302680 -3951449.75 47410240 
v -44563804 -3698470.75 47553440 
v -44599392 -3847133.25 47353984 
v -44811792 -3558654.5 47512528 
v -44877320 -3688360.75 47307956 
v -45034928 -3376904.75 47481840 
v -44911216 -3229735.75 47691524 
v -44719856 -3384372.5 47722212 
v -44722116 -3000078.75 47921668 
v -44848796 -2855552.25 47908880 
v -44947088 -2695056.5 47903768 
v -44732848 -2462412.25 48092996 
v -44829588 -2347066.75 48044408 
v -45008376 -2526403.75 47901208 
v -45293932 -2604756 47663396 
v -45211740 -2829473 47668512 
v -45079696 -3041322.75 47676184 
v -45227840 -3157128 47461384 
v -45378524 -2911042 47451156 
v -45474840 -2650595.5 47443484 
v -45334180 -2367516.5 47665952 
v -45038600 -2347985.75 47903768 
v -45043968 -2158424 47911440 
v -45340536 -2118213.75 47676184 
v -45523564 -2376707.25 47448596 
v -45603356 -2680351 47233800 
v -45496164 -2966302.25 47241472 
v -45334748 -3237892.75 47256812 
v -45126016 -3482714.75 47277272 
v -44750928 -3631377.25 46620088 
v -44992844 -3431820.25 46589404 
v -45199172 -3188951.25 46568944 
v -45362992 -2915292.75 46556160 
v -44355780 -3720758.5 45970576 
v -44624388 -3574393.75 45929664 
v -44859528 -3380811 45904092 
v -45063736 -3140010 45883636 
v -45229816 -2864398.25 45868292 
v -45476960 -2623252.75 46545932 
v -45350424 -2566269.25 45855504 
v -45537120 -2317311.25 46545932 
v -45414540 -2253779.25 45852948 
v -45659844 -2380728.25 47238912 
v -45668600 -2068123.5 47264484 
v -45531048 -2090181.625 47463940 
v -45307492 -1872817.25 47701752 
v -45229960 -1646951.375 47750340 
v -44964880 -1798256.25 47970252 
v -44712656 -1906019.375 48146696 
v -45020664 -1970700.125 47931896 
v -44501808 -2651974.25 48179936 
v -44483732 -2720676 48172264 
v -44466784 -2867040.75 48123680 
v -42099444 -1363527.625 47284940 
v -42273576 -1096188 47284940 
v -42490776 -859407.875 47274712 
v -42736788 -655944.8125 47249140 
v -43010480 -497057.46875 47210784 
v -43310160 -393774.9375 47167312 
v -43624100 -344833.5 47116172 
v -43488668 -295892.0625 46430860 
v -43174724 -344718.625 46482004 
v -42877024 -448230.90625 46525472 
v -42609404 -607692.6875 46558716 
v -42367488 -809317.625 46584288 
v -42147180 -1039089.625 46597072 
v -41967684 -1299421.25 46599632 
v -41982372 -1658669.75 47277272 
v -41848632 -1592265.75 46591960 
v -41919808 -1968172.625 47261928 
v -41785928 -1903836.5 46576616 
v -42115968 -1725188.75 47962580 
v -42053548 -2032394 47947240 
v -45489952 -1690378.375 46609860 
v -45352964 -1625123.125 45911764 
v -45410724 -1935085.5 45870848 
v -45539664 -2001719.375 46568944 
v -45414540 -2253779.25 45852948 
v -45537120 -2317311.25 46545932 
v -45668600 -2068123.5 47264484 
v -45659844 -2380728.25 47238912 
v -45626796 -1755633.625 47307956 
v -44599392 -3847133.25 47353984 
v -44877320 -3688360.75 47307956 
v -44477660 -3783946 46663560 
v -44750928 -3631377.25 46620088 
v -44355780 -3720758.5 45970576 
v -44051584 -3819905.25 46031948 
v -44177132 -3885735 46722372 
v -44302680 -3951449.75 47410240 
v -43862204 -3935250.75 46786300 
v -43993824 -4001540 47471612 
v -43545440 -3931229.75 46847672 
v -43679036 -3997634 47532984 
v -43411840 -3864710.75 46162360 
v -43730584 -3868961.5 46100992 
v -43295756 -2228504.25 -35259216 
v -43051012 -2567303.25 -35274556 
v -42957240 -2060426.125 -35325700 
v -42623668 -2458965.75 -35310356 
v -42908096 -2708268.25 -35287344 
v -43113716 -2806151.25 -35254100 
v -42937612 -2892200.75 -35236200 
v -43060900 -2935398 -35220856 
v -43181928 -2846820.75 -35248988 
v -43398708 -2827979.5 -35185060 
v -43591052 -2435988.5 -35185060 
v -43542332 -1899126.25 -35241316 
v -43246468 -1538269.25 -35320584 
v -42839176 -1807332.25 -35348716 
v -42707840 -2056749.75 -35343600 
v -42476656 -2309384 -35307800 
v -42211720 -2636120 -35200400 
v -42621408 -2668288 -35282228 
v -42783252 -2818558.75 -35256656 
v -42768000 -3153221.75 -35116016 
v -42948624 -3210664.75 -35090444 
v -43160320 -3023056 -35164600 
v -43279512 -2951711.75 -35182500 
v -43322728 -3233182.5 -35021400 
v -43133772 -3237318.25 -35059760 
v -42849064 -3526716.25 -34908888 
v -42617032 -3451810.5 -34944688 
v -42766588 -3738221.25 -34722216 
v -43088156 -3560148 -34865416 
v -42593024 -3065334 -35139028 
v -42616892 -2795926.25 -35243872 
v -42310436 -2801326 -35182500 
v -42436124 -2947690.75 -35159488 
v -42392908 -3335775.75 -34977932 
v -42496144 -3651137.75 -34765688 
v -42692588 -3897338.5 -34532988 
v -43045928 -3777397.5 -34671076 
v -43332472 -3551646.5 -34814276 
v -43508580 -3196533.75 -34980488 
v -43622972 -2816950.5 -35103228 
v -43710672 -2558112.25 -35146700 
v -43834664 -2384749.25 -35133916 
v -43890872 -2556274 -35067432 
v -43947928 -2454829.75 -35062316 
v -43882116 -2332361.25 -35126244 
v -43894968 -2125221.75 -35123688 
v -43796252 -2682648.75 -35075100 
v -43741456 -2835102.5 -35041860 
v -43683836 -3125764 -34942132 
v -43572412 -3502015.75 -34765688 
v -43329084 -3767747 -34617376 
v -43005396 -3942029 -34479292 
v -43319056 -3932608.5 -34420476 
v -43607152 -3709385 -34563676 
v -43798372 -3412060 -34724776 
v -43845116 -3024894 -34911444 
v -43989024 -2897600.5 -34898660 
v -43627348 -3867812.75 -34366776 
v -43871384 -3602885.5 -34522760 
v -43923636 -3746148.5 -34323304 
v -44115984 -3451351 -34489520 
v -44007948 -3283387.5 -34694088 
v -44198880 -3117837 -34676188 
v -44106520 -2750891 -34890988 
v -44188432 -2591199.5 -34883316 
v -44043536 -2372226.75 -35016288 
v -43994388 -2253090 -35064872 
v -44269352 -2230342.5 -34885872 
v -44240684 -2417951.5 -34880760 
v -44535420 -2481368.5 -34650616 
v -44465936 -2711715 -34655732 
v -44356348 -2924368.75 -34663404 
v -44335020 -3257768 -34469060 
v -44196480 -3573934.25 -34290064 
v -43816728 -3695598.5 -33630324 
v -44082088 -3528669.25 -33599636 
v -43709680 -3645163.75 -32937340 
v -43967556 -3483174.25 -32909212 
v -44200436 -3270290.5 -32886198 
v -44317368 -3313947.25 -33576624 
v -44434304 -3357604 -34267048 
v -44515224 -3032821.25 -34453720 
v -44643312 -2786620.5 -34440932 
v -44628628 -3108761 -34249148 
v -44514092 -3063381 -33558724 
v -44399704 -3018001 -32868298 
v -44663652 -2788114 -33540824 
v -44556744 -2737679 -32847842 
v -44761520 -2492052.75 -33535710 
v -44659272 -2435758.75 -32840170 
v -44863764 -2548232 -34231248 
v -44770696 -2838664 -34233804 
v -44725648 -2520889.25 -34438376 
v -44572420 -2234708.25 -34653176 
v -44269212 -2040665.75 -34898660 
v -43932108 -1905904.5 -35118572 
v -43691324 -1786537.875 -35223416 
v -43537528 -1631901.375 -35272000 
v -43721544 -1603524.5 -35192728 
v -43834948 -1721397.5 -35159488 
v -43971512 -1788605.875 -35090444 
v -44234752 -1861443.625 -34929344 
v -44910932 -2238614.25 -34249148 
v -44768580 -2237120.75 -34446048 
v -44907828 -1922103.375 -34282392 
v -44166824 -1692676 -34967700 
v -44066132 -1534363.125 -35003500 
v -43940020 -1392708.75 -35039300 
v -44301552 -1317917.875 -34806604 
v -44428796 -1528618.875 -34763132 
v -44520168 -1751153 -34711988 
v -44569876 -1986324.625 -34671076 
v -44765192 -1949790.875 -34471620 
v -44849500 -1610992.125 -34325864 
v -44731436 -1557799.875 -33627764 
v -44791600 -1862477.625 -33579180 
v -44613376 -1504607.625 -32929670 
v -44675512 -1802851.75 -32875970 
v -44506184 -1223137 -32988484 
v -44622272 -1269091.375 -33681464 
v -44738216 -1314930.875 -34377004 
v -44708984 -1673145.5 -34515088 
v -44605044 -1410286.25 -34566232 
v -44458312 -1164774.875 -34619932 
v -44140840 -1130538.875 -34852632 
v -43796112 -1274031.5 -35080216 
v -43630736 -1518968.375 -35218300 
v -43496008 -1570437.375 -35284788 
v -43560408 -1394776.625 -35210628 
v -44351688 -957520.5625 -33034512 
v -44575948 -1043225.5 -34438376 
v -43432740 -1428553.125 -35266888 
v -43451948 -1122841.5 -35154372 
v -43633564 -1182697.125 -35118572 
v -43733124 -862280.0625 -34954916 
v -43949056 -977740.5 -34906332 
v -44046360 -772439.1875 -34727332 
v -44271472 -948214.75 -34673632 
v -44115700 -612517.875 -34548332 
v -44366940 -805756.125 -34497192 
v -43833396 -466268 -34596920 
v -43793144 -639745.875 -34778476 
v -43521712 -552432.5 -34821944 
v -43499680 -786455.3125 -34990716 
v -43531032 -369648.875 -34648060 
v -43238560 -512107.53125 -34860304 
v -43254516 -751989.5 -35023960 
v -43258752 -1096417.75 -35182500 
v -43046072 -1443488.375 -35323144 
v -42880416 -1663380.125 -35358944 
v -42697528 -1781942.5 -35358944 
v -43216668 -324498.6875 -34699204 
v -43003704 -760261.3125 -35057200 
v -43061464 -1105264 -35210628 
v -42928008 -1377773.5 -35305244 
v -42830988 -1506560.75 -35335928 
v -42694424 -1589623.375 -35338484 
v -42950040 -520149.53125 -34901216 
v -42898208 -332425.8125 -34745232 
v -42665896 -578971.1875 -34939572 
v -42756844 -812419.5 -35090444 
v -42869116 -1146737.75 -35231088 
v -42690752 -1218311.75 -35243872 
v -42528908 -1316309.5 -35254100 
v -42524248 -909498.1875 -35113460 
v -42396156 -690755.25 -34972816 
v -42585396 -395957.78125 -34786144 
v -42781276 -288769.125 -34054808 
v -43099736 -280727.125 -34008780 
v -42982800 -237070.4375 -33318354 
v -42664340 -245112.453125 -33364382 
v -42470440 -352645.75 -34095720 
v -42355484 -309448.625 -33405296 
v -42178532 -475229.125 -34131520 
v -42069508 -433295.71875 -33438538 
v -41908512 -645719.9375 -34159648 
v -41804004 -602522.8125 -33464110 
v -41663488 -853318.9375 -34172436 
v -41556580 -802769.125 -33479452 
v -41457584 -1096877.25 -34177548 
v -41346156 -1038630.0625 -33487124 
v -41304636 -1375360.875 -34174992 
v -41191656 -1314471.375 -33484566 
v -41204368 -1674983.625 -34164764 
v -41090964 -1616391.75 -33476896 
v -41417616 -1436135.625 -34865416 
v -41317772 -1733690.375 -34855188 
v -41569008 -1155124.5 -34867972 
v -41417616 -1436135.625 -34865416 
v -41770536 -903753.875 -34865416 
v -42013016 -688802.1875 -34852632 
v -42287416 -517162.5 -34824504 
v -42147604 -845736.4375 -34995832 
v -41926304 -1034034.625 -35008616 
v -41742716 -1255764.625 -35013732 
v -41606576 -1511041.25 -35011172 
v -41516756 -1783665.75 -35000944 
v -41317772 -1733690.375 -34855188 
v -41471988 -2057668.875 -34983044 
v -41271024 -2034347 -34834732 
v -41204368 -1674983.625 -34164764 
v -41156068 -1982073.875 -34144308 
v -41090964 -1616391.75 -33476896 
v -41041112 -1929800.75 -33453882 
v -41165956 -2293529.75 -34118736 
v -41051424 -2248149.75 -33428310 
v -41131072 -2564775.75 -33405296 
v -41240096 -2606594.25 -34098276 
v -41262268 -2861641 -33377168 
v -41366776 -2904723.25 -34072708 
v -41427504 -3120938.75 -33341368 
v -41534408 -3171488.75 -34034348 
v -41632276 -3344277.25 -33300454 
v -41743704 -3402409.5 -33990880 
v -41882104 -3532690.25 -33254424 
v -41994940 -3593579.75 -33942292 
v -42164408 -3678940 -33205840 
v -42277388 -3739829.75 -33893708 
v -42466768 -3775674 -33154696 
v -42579748 -3836448.75 -33842564 
v -42390228 -3800719.25 -34584132 
v -42238976 -3517295.5 -34806604 
v -42190960 -3181254 -35006060 
v -42024880 -2991002.75 -35034188 
v -41892128 -2776855.25 -35059760 
v -42136164 -2462757 -35213188 
v -42349412 -2242980 -35284788 
v -42450528 -2109023 -35312916 
v -42519304 -1952203.5 -35330816 
v -42630308 -1816063.625 -35361500 
v -42599096 -1667975.625 -35341044 
v -42467052 -1709794.125 -35318028 
v -42385988 -1436939.875 -35261772 
v -41304636 -1375360.875 -34174992 
v -42482868 -1848691.25 -35333372 
v -42118652 -1930260.25 -35246428 
v -42088008 -2108218.75 -35233644 
v -42091960 -2285258 -35220856 
v -41790732 -2550644.75 -35080216 
v -41659816 -2873359.5 -34914004 
v -41814316 -3121283.5 -34880760 
v -42007508 -3339681.75 -34844960 
v -42107920 -3654354.5 -34632716 
v -41855128 -3460656.75 -34681304 
v -41641456 -3221923.5 -34727332 
v -41471280 -2947920.5 -34768244 
v -41348980 -2648527.5 -34791260 
v -41545000 -2607398.5 -34939572 
v -41479048 -2332476.25 -34960032 
v -41280348 -2339024.75 -34809160 
v -41731700 -2317426.25 -35100672 
v -41726472 -2082024.75 -35118572 
v -41766724 -1845359.5 -35133916 
v -41843972 -1608120 -35146700 
v -42178392 -1750119 -35256656 
v -41960624 -1387424 -35149260 
v -42267504 -1581121.75 -35264328 
v -42119216 -1199815.125 -35144144 
v -42310012 -1041846.875 -35131360 
v -43537528 -1631901.375 -35272000 
v -43496008 -1570437.375 -35284788 
v -43432740 -1428553.125 -35266888 
v -42898208 -332425.8125 -34745232 
v -43099736 -280727.125 -34008780 
v -43216668 -324498.6875 -34699204 
v -43414100 -325992.1875 -33960192 
v -43531032 -369648.875 -34648060 
v -43717592 -422841.09375 -33903936 
v -43833396 -466268 -34596920 
v -44003712 -569780.3125 -33847680 
v -44115700 -612517.875 -34548332 
v -44366940 -805756.125 -34497192 
v -44257208 -763363.1875 -33788864 
v -44575948 -1043225.5 -34438376 
v -44463820 -1000373 -33735164 
v -44738216 -1314930.875 -34377004 
v -44147616 -720970.25 -33083098 
v -43891580 -526927.8125 -33147026 
v -43601928 -379299.3125 -33213510 
v -43297168 -282335.53125 -33269768 
v -42982800 -237070.4375 -33318354 
v -42781276 -288769.125 -34054808 
v -44863764 -2548232 -34231248 
v -44910932 -2238614.25 -34249148 
v -44761520 -2492052.75 -33535710 
v -44802896 -2178643.75 -33548494 
v -44659272 -2435758.75 -32840170 
v -44694860 -2118673.25 -32847842 
v -44907828 -1922103.375 -34282392 
v -43709680 -3645163.75 -32937340 
v -43816728 -3695598.5 -33630324 
v -43424408 -3755798.75 -32978254 
v -43525948 -3811748.25 -33673796 
v -43109196 -3814505.5 -33034512 
v -43214128 -3873557 -33727492 
v -43627348 -3867812.75 -34366776 
v -43319056 -3932608.5 -34420476 
v -42894536 -3881714 -33788864 
v -43005396 -3942029 -34479292 
v -42579748 -3836448.75 -33842564 
v -42692588 -3897338.5 -34532988 
v -43923636 -3746148.5 -34323304 
v -42466768 -3775674 -33154696 
v -42783536 -3821283.75 -33098440 
vn -0.003704126225784421 -0.08719801157712936 0.9961841106414795 
vn 0.05974491313099861 -0.1259097307920456 0.9902410507202148 
vn -0.003607067046687007 -0.04353082552552223 0.9990455508232117 
vn 0.11557311564683914 -0.022274892777204514 0.9930492043495178 
vn 0.14415742456912994 0.10473649948835373 0.9839963912963867 
vn 0.19275762140750885 0.05197325721383095 0.97986900806427 
vn 0.1951741725206375 -0.05908309668302536 0.9789873361587524 
vn 0.2502720057964325 0.014994142577052116 0.9680594801902771 
vn 0.23918697237968445 -0.05954992026090622 0.9691457152366638 
vn 0.15314771234989166 -0.09923189133405685 0.983208417892456 
vn 0.11358154565095901 0.13729651272296906 0.9839963912963867 
vn 0.18379132449626923 0.1705334186553955 0.9680594801902771 
vn 0.1476692110300064 0.2281964272260666 0.962351381778717 
vn 0.20887067914009094 0.30667489767074585 0.9286137819290161 
vn 0.26127517223358154 0.2399820238351822 0.9349566102027893 
vn 0.2258915901184082 0.10878366231918335 0.9680594801902771 
vn 0.3189127445220947 0.14583046734333038 0.9364978075027466 
vn 0.34672999382019043 0.05244220420718193 0.9364978075027466 
vn 0.4538136422634125 0.21138614416122437 0.865661084651947 
vn 0.38090601563453674 0.3130585551261902 0.8700028657913208 
vn 0.2995915412902832 0.3963561952114105 0.8678402304649353 
vn 0.22229057550430298 0.4653126001358032 0.8567795157432556 
vn 0.15208826959133148 0.35610198974609375 0.9219872951507568 
vn 0.10622840374708176 0.263815313577652 0.9587059020996094 
vn 0.07856275886297226 0.1835336834192276 0.97986900806427 
vn -0.08696223795413971 -0.0074015771970152855 0.9961841106414795 
vn -0.0829419270157814 -0.08952043950557709 0.9925254583358765 
vn -0.15476442873477936 -0.07927635312080383 0.9847655892372131 
vn -0.16987712681293488 0.03712856024503708 0.9847655892372131 
vn -0.08977914601564407 0.220428004860878 0.9712626934051514 
vn 0.024352766573429108 0.25802406668663025 0.9658315181732178 
vn 0.05414535850286484 0.3214763104915619 0.9453682899475098 
vn -0.03373706713318825 0.3449322283267975 0.9380210638046265 
vn -0.1270674467086792 0.3399468660354614 0.931820809841156 
vn 0.059993308037519455 0.426874577999115 0.9023185968399048 
vn -0.03383597731590271 0.46110084652900696 0.8867024183273315 
vn 0.018828095868229866 0.577536940574646 0.8161473870277405 
vn 0.1250108778476715 0.5307881236076355 0.838234007358551 
vn 0.16900694370269775 0.9391589760780334 0.2990269064903259 
vn 0.33036357164382935 0.8850032687187195 0.3280687630176544 
vn 0.4862600862979889 0.7994627952575684 0.3527185618877411 
vn 0.6192291378974915 0.6952439546585083 0.3649536371231079 
vn 0.7292301654815674 0.5736182928085327 0.37307560443878174 
vn 0.8173960447311401 0.4283466339111328 0.3852050006389618 
vn 0.4895859956741333 0.10457760840654373 0.865661084651947 
vn 0.35758528113365173 -0.030027275905013084 0.933397650718689 
vn 0.24544212222099304 -0.09555932134389877 0.9646899104118347 
vn 0.1908334642648697 -0.12751084566116333 0.9733054637908936 
vn 0.1567183881998062 -0.14346465468406677 0.9771679639816284 
vn -0.054382551461458206 -0.08430914580821991 0.994954526424408 
vn 0.23089495301246643 -0.22425006330013275 0.946783721446991 
vn 0.20896664261817932 -0.2448132187128067 0.946783721446991 
vn 0.17575283348560333 -0.23934319615364075 0.9548956751823425 
vn 0.2575501799583435 -0.1638917475938797 0.9522643685340881 
vn 0.35822492837905884 -0.11124822497367859 0.926983654499054 
vn 0.5043519735336304 -0.007527725305408239 0.8634653687477112 
vn 0.8835360407829285 0.26050201058387756 0.3892335295677185 
vn 0.9380289316177368 0.2754301428794861 0.2103329300880432 
vn 0.9193085432052612 0.09788747131824493 0.3811691105365753 
vn 0.5190272331237793 -0.1267360895872116 0.8453097939491272 
vn 0.9436432719230652 -0.06783446669578552 0.3239381015300751 
vn 0.9745156764984131 0.09799681603908539 0.2017817199230194 
vn 0.9799095392227173 -0.07541675865650177 0.18463370203971863 
vn 0.977949857711792 0.06788046658039093 0.1975002884864807 
vn 0.9770991802215576 -0.11294028908014297 0.18033768236637115 
vn 0.949397623538971 -0.26839524507522583 0.16312000155448914 
vn 0.9473158121109009 -0.2756531238555908 0.16312000155448914 
vn 0.898664653301239 -0.4166264235973358 0.1372016966342926 
vn 0.8894413709640503 -0.4373088777065277 0.1328723281621933 
vn 0.8209013938903809 -0.5609856247901917 0.10684575140476227 
vn 0.8126668930053711 -0.573642909526825 0.10250037163496017 
vn 0.7247685194015503 -0.684744656085968 0.0763898640871048 
vn 0.7039338946342468 -0.7066034078598022 0.07203252613544464 
vn 0.5921517014503479 -0.8047573566436768 0.04149730131030083 
vn 0.573955237865448 -0.818230926990509 0.03276457265019417 
vn 0.4445439279079437 -0.8957543969154358 0.002184694167226553 
vn 0.42412951588630676 -0.9055778384208679 -0.006554040592163801 
vn 0.2972978949546814 -0.9540624618530273 -0.03713129088282585 
vn 0.2683005630970001 -0.9624410271644592 -0.04149730131030083 
vn 0.10922610759735107 -0.9910773038864136 -0.0763898640871048 
vn 0.10922610759735107 -0.9910773038864136 -0.0763898640871048 
vn 0.21526426076889038 -0.9649399518966675 0.15017375349998474 
vn 0.049028489738702774 -0.9715654850006104 0.23163928091526031 
vn 0.3701155185699463 -0.9095720648765564 0.18892620503902435 
vn 0.5138677954673767 -0.8271851539611816 0.22738653421401978 
vn 0.64396071434021 -0.7159425020217896 0.26970529556274414 
vn 0.757699728012085 -0.5821956992149353 0.2948545813560486 
vn 0.8393744826316833 -0.4425045847892761 0.31565824151039124 
vn 0.9130488634109497 -0.26809534430503845 0.30735430121421814 
vn 0.5008834004402161 -0.23345033824443817 0.8334367275238037 
vn 0.3763006031513214 -0.20206914842128754 0.9041935205459595 
vn 0.3255789279937744 -0.27646419405937195 0.9041935205459595 
vn 0.28517889976501465 -0.34897539019584656 0.8926864862442017 
vn 0.19618678092956543 -0.3523363769054413 0.9150791168212891 
vn 0.10048293322324753 -0.3822767436504364 0.9185682535171509 
vn 0.04482482001185417 -0.26381999254226685 0.9635298252105713 
vn 0.02066386118531227 -0.39069893956184387 0.9202865362167358 
vn -0.12139687687158585 -0.1121545284986496 0.9862475395202637 
vn -0.18278749287128448 -0.09040189534425735 0.9789873361587524 
vn -0.19445496797561646 -0.1838410198688507 0.9635298252105713 
vn -0.039400652050971985 -0.38925600051879883 0.9202865362167358 
vn 0.05259757861495018 -0.447598397731781 0.8926864862442017 
vn 0.1370719075202942 -0.41698697209358215 0.8985171914100647 
vn 0.2380666732788086 -0.4274115562438965 0.872148871421814 
vn 0.1894979327917099 -0.4955838918685913 0.8476362228393555 
vn 0.10292062908411026 -0.5355101227760315 0.838234007358551 
vn 0.013181415386497974 -0.5741208791732788 0.8186644315719604 
vn -0.03201468288898468 -0.4728410542011261 0.8805659413337708 
vn -0.1132088154554367 -0.3995038568973541 0.9097144603729248 
vn -0.28201761841773987 -0.2993278205394745 0.9115201234817505 
vn -0.20750419795513153 -0.4346044957637787 0.8763908743858337 
vn -0.11390811204910278 -0.4797082245349884 0.8700028657913208 
vn -0.0955982431769371 -0.5734909772872925 0.8136147856712341 
vn -0.1985517144203186 -0.5039387345314026 0.8406086564064026 
vn -0.29682862758636475 -0.4789738357067108 0.8261215686798096 
vn -0.20892992615699768 -0.6015689373016357 0.7710143327713013 
vn -0.06780850142240524 -0.7077171802520752 0.7032341957092285 
vn 0.056499797850847244 -0.6962708830833435 0.715552031993866 
vn 0.1640341430902481 -0.6461410522460938 0.7453821301460266 
vn 0.2579877972602844 -0.5748153328895569 0.7765498161315918 
vn 0.32380372285842896 -0.4956184923648834 0.8059239983558655 
vn 0.38628557324409485 -0.4102519154548645 0.8261215686798096 
vn 0.44763901829719543 -0.3177817165851593 0.8358433246612549 
vn -0.19025754928588867 -0.722196102142334 0.6650074124336243 
vn -0.3146955370903015 -0.5802555680274963 0.7511792182922363 
vn -0.3674730360507965 -0.4366351366043091 0.8211658596992493 
vn -0.2637081742286682 -0.21201610565185547 0.9410139322280884 
vn -0.2504971921443939 -0.08139147609472275 0.9646899104118347 
vn -0.20129476487636566 -0.08034203201532364 0.976230263710022 
vn -0.21667976677417755 -0.08772391825914383 0.9722933769226074 
vn -0.25359058380126953 0.02627534233033657 0.9669547080993652 
vn -0.19906504452228546 0.22033458948135376 0.9548956751823425 
vn -0.21640391647815704 0.3497147858142853 0.9115201234817505 
vn -0.30376502871513367 0.2652488946914673 0.9150791168212891 
vn -0.3698776960372925 0.20557676255702972 0.9060511589050293 
vn -0.39709633588790894 0.2791990637779236 0.87427818775177 
vn -0.31542518734931946 0.3327074646949768 0.888714075088501 
vn -0.29142987728118896 0.4344593584537506 0.8522403836250305 
vn -0.39173534512519836 0.4050513505935669 0.8261215686798096 
vn -0.07353431731462479 -0.9932728409767151 0.08945280313491821 
vn -0.1928599774837494 0.47421714663505554 0.8590245246887207 
vn -0.3124903738498688 0.5663830637931824 0.762600839138031 
vn -0.10825423896312714 0.4887861907482147 0.865661084651947 
vn -0.08827964216470718 0.5995490550994873 0.7954543828964233 
vn 0.0037720282562077045 0.9629355072975159 0.26970529556274414 
vn -0.15404272079467773 0.9605280160903931 0.23163928091526031 
vn -0.19463633000850677 0.60634446144104 0.7710143327713013 
vn -0.31857869029045105 0.916975736618042 0.2401314377784729 
vn -0.4228571355342865 0.5319745540618896 0.7336177229881287 
vn -0.4634183943271637 0.8529831767082214 0.2401314377784729 
vn -0.5186259150505066 0.46798768639564514 0.715552031993866 
vn -0.5851553678512573 0.7976968288421631 0.1458524912595749 
vn -0.6060142517089844 0.36584019660949707 0.7063339352607727 
vn -0.7278988361358643 0.6758816838264465 0.11553031951189041 
vn -0.6845486164093018 0.2758978605270386 0.67473965883255 
vn -0.8362743854522705 0.54233318567276 0.08074574917554855 
vn -0.7347690463066101 0.1757233440876007 0.6551609039306641 
vn -0.9183267951011658 0.39315709471702576 0.04586252197623253 
vn -0.7698975801467896 0.09026926755905151 0.6317508816719055 
vn -0.970661461353302 0.23924656212329865 0.024029340595006943 
vn -0.9010450839996338 0.4099847078323364 -0.1415284425020218 
vn -0.8231068849563599 0.555091381072998 -0.11986933648586273 
vn -0.8351100087165833 0.535876989364624 -0.1242060661315918 
vn -0.9079254865646362 0.392935574054718 -0.1458524912595749 
vn -0.7409610748291016 0.6649643182754517 -0.09380380809307098 
vn -0.7157970666885376 0.693103551864624 -0.08510008454322815 
vn -0.8362743854522705 0.54233318567276 0.08074574917554855 
vn -0.7278988361358643 0.6758816838264465 0.11553031951189041 
vn -0.5756841897964478 0.8161280155181885 -0.05022686347365379 
vn -0.5851553678512573 0.7976968288421631 0.1458524912595749 
vn -0.5999625325202942 0.7981634140014648 -0.05459024757146835 
vn -0.44445905089378357 0.8955833911895752 -0.01966099627315998 
vn -0.410388320684433 0.9118454456329346 -0.010923261754214764 
vn -0.4634183943271637 0.8529831767082214 0.2401314377784729 
vn -0.31857869029045105 0.916975736618042 0.2401314377784729 
vn -0.24659354984760284 0.9689195156097412 0.01966099627315998 
vn -0.15404272079467773 0.9605280160903931 0.23163928091526031 
vn -0.107400082051754 0.9929463863372803 0.05022686347365379 
vn 0.0037720282562077045 0.9629355072975159 0.26970529556274414 
vn 0.056559983640909195 0.9951286911964417 0.08074574917554855 
vn 0.16900694370269775 0.9391589760780334 0.2990269064903259 
vn -0.2611992359161377 0.9650846719741821 0.01966099627315998 
vn -0.07730717211961746 0.9955116510391235 0.05459024757146835 
vn 0.08482169359922409 0.9923726320266724 0.08945280313491821 
vn 0.2227182388305664 0.9685213565826416 0.1111890971660614 
vn -0.3991975486278534 -0.36062091588974 0.8429672718048096 
vn -0.31677618622779846 -0.1597151905298233 0.9349566102027893 
vn -0.4035467207431793 0.18241462111473083 0.8965907096862793 
vn -0.28308627009391785 -0.05606963485479355 0.9574540853500366 
vn -0.4438927471637726 0.16602058708667755 0.8805659413337708 
vn -0.4792570173740387 0.21886935830116272 0.8499464392662048 
vn -0.43429550528526306 0.24133118987083435 0.8678402304649353 
vn -0.4850735664367676 0.33939680457115173 0.8059239983558655 
vn -0.5478549003601074 0.2590509057044983 0.7954543828964233 
vn -0.6115665435791016 0.20029640197753906 0.7654199600219727 
vn -0.5489039421081543 0.1561766415834427 0.8211658596992493 
vn -0.5207611322402954 0.11941178143024445 0.8453097939491272 
vn -0.43867963552474976 0.015067699365317822 0.8985171914100647 
vn -0.3286036252975464 -0.09648672491312027 0.9395264387130737 
vn -0.48640069365501404 -0.05263792723417282 0.872148871421814 
vn -0.373780220746994 -0.0635758712887764 0.9253358840942383 
vn -0.4921254515647888 -0.22625112533569336 0.8406086564064026 
vn -0.4848293662071228 -0.2871648669242859 0.8261215686798096 
vn -0.4624679982662201 -0.30250057578086853 0.8334367275238037 
vn -0.46836933493614197 -0.3384280800819397 0.8161473870277405 
vn -0.44046398997306824 -0.4111403226852417 0.7980946898460388 
vn -0.39960724115371704 -0.541675329208374 0.7395281791687012 
vn -0.3112093210220337 -0.6946600079536438 0.6485338807106018 
vn -0.2409483790397644 -0.968470573425293 0.0633138045668602 
vn -0.4141291081905365 -0.6520004868507385 0.6351318359375 
vn -0.4031670093536377 -0.9141850471496582 0.04149730131030083 
vn -0.5034042000770569 -0.5966726541519165 0.6249527335166931 
vn -0.5554097890853882 -0.8312295079231262 0.024029340595006943 
vn -0.5786840319633484 -0.5320419073104858 0.6181069612503052 
vn -0.5169665217399597 -0.45566675066947937 0.7246471047401428 
vn -0.46474844217300415 -0.4913845956325531 0.736579954624176 
vn -0.4785209000110626 -0.37747544050216675 0.7927988767623901 
vn -0.5074357986450195 -0.31836581230163574 0.8007197380065918 
vn -0.5489334464073181 -0.23094095289707184 0.8033295273780823 
vn -0.5180597305297852 -0.14498357474803925 0.8429672718048096 
vn -0.5542993545532227 -0.07883141934871674 0.8285757899284363 
vn -0.5828597545623779 -0.1382838487625122 0.8007197380065918 
vn -0.665761411190033 -0.18977123498916626 0.7216291427612305 
vn -0.6175657510757446 -0.3057762682437897 0.7246471047401428 
vn -0.5585034489631653 -0.39273014664649963 0.7306414246559143 
vn -0.6593371629714966 -0.4473557770252228 0.6042742133140564 
vn -0.730915367603302 -0.33643728494644165 0.5937783122062683 
vn -0.777048647403717 -0.20886054635047913 0.5937783122062683 
vn -0.6762675046920776 -0.09394346922636032 0.7306414246559143 
vn -0.596830427646637 -0.0826943963766098 0.7980946898460388 
vn -0.5976032018661499 -0.04145243018865585 0.8007197380065918 
vn -0.6825011968612671 -0.018846096470952034 0.7306414246559143 
vn -0.7960381507873535 -0.09782564640045166 0.5972883701324463 
vn -0.9568832516670227 -0.29026734828948975 -0.010923261754214764 
vn -0.8922013640403748 -0.45120969414711 -0.01966099627315998 
vn -0.8009046912193298 -0.5986921787261963 -0.010923261754214764 
vn -0.6908918619155884 -0.7229284048080444 0.006554040592163801 
vn -0.5422195792198181 -0.8233864903450012 -0.16742929816246033 
vn -0.6909347772598267 -0.6989417672157288 -0.18463370203971863 
vn -0.8001201152801514 -0.5663933157920837 -0.1975002884864807 
vn -0.8748113512992859 -0.4404420852661133 -0.2017817199230194 
vn -0.39786750078201294 -0.9050686359405518 -0.15017375349998474 
vn -0.5605804324150085 -0.8100966215133667 -0.17173540592193604 
vn -0.6801162958145142 -0.709473192691803 -0.18463370203971863 
vn -0.7913031578063965 -0.5786474943161011 -0.1975002884864807 
vn -0.8847631216049194 -0.42009320855140686 -0.2017817199230194 
vn -0.9407867789268494 -0.27552473545074463 -0.1975002884864807 
vn -0.9477243423461914 -0.25394198298454285 -0.19321508705615997 
vn -0.977911651134491 -0.0979752466082573 -0.18463370203971863 
vn -0.9817482829093933 -0.0604037381708622 -0.18033768236637115 
vn -0.9900076985359192 -0.13176509737968445 -0.05022686347365379 
vn -0.9977729916572571 0.06035414710640907 -0.028397228568792343 
vn -0.7806625962257385 -1.6145906226588957e-13 0.6249527335166931 
vn -0.6905463933944702 0.048959434032440186 0.7216291427612305 
vn -0.6543918251991272 0.10879649966955185 0.7482877969741821 
vn -0.5872368812561035 0.07509603351354599 0.8059239983558655 
vn -0.5451936721801758 -0.011294647119939327 0.838234007358551 
vn -0.5990272760391235 -0.0037713919300585985 0.8007197380065918 
vn -0.31677618622779846 -0.1597151905298233 0.9349566102027893 
vn -0.4624679982662201 -0.30250057578086853 0.8334367275238037 
vn -0.3991975486278534 -0.36062091588974 0.8429672718048096 
vn 0.8688684701919556 0.4501190185546875 0.2060592919588089 
vn 0.7742702960968018 0.6026387214660645 0.19321508705615997 
vn 0.6764398217201233 0.7151501774787903 0.1760382205247879 
vn 0.5512620210647583 0.8190789818763733 0.15880759060382843 
vn 0.3961962163448334 0.9071925282478333 0.1415284425020218 
vn 0.2227182388305664 0.9685213565826416 0.1111890971660614 
vn 0.056559983640909195 0.9951286911964417 0.08074574917554855 
vn 0.08482169359922409 0.9923726320266724 0.08945280313491821 
vn 0.25025996565818787 0.9607295393943787 0.11986933648586273 
vn 0.43021464347839355 0.8908661007881165 0.1458524912595749 
vn 0.5808284878730774 0.7975149750709534 0.16312000155448914 
vn 0.6819062829017639 0.7099396586418152 0.1760382205247879 
vn 0.7777265310287476 0.5967705249786377 0.1975002884864807 
vn 0.877988338470459 0.42999598383903503 0.2103329300880432 
vn 0.9380289316177368 0.2754301428794861 0.2103329300880432 
vn 0.9460845589637756 0.246341273188591 0.2103329300880432 
vn 0.9745156764984131 0.09799681603908539 0.2017817199230194 
vn 0.977949857711792 0.06788046658039093 0.1975002884864807 
vn 0.8835360407829285 0.26050201058387756 0.3892335295677185 
vn 0.9193085432052612 0.09788747131824493 0.3811691105365753 
vn -0.954358696937561 0.2501826584339142 -0.16312000155448914 
vn -0.9480860829353333 0.2755230665206909 -0.15880759060382843 
vn -0.9757878184318542 0.13544408977031708 -0.17173540592193604 
vn -0.9822524785995483 0.07541196793317795 -0.17173540592193604 
vn -0.9817482829093933 -0.0604037381708622 -0.18033768236637115 
vn -0.977911651134491 -0.0979752466082573 -0.18463370203971863 
vn -0.9977729916572571 0.06035414710640907 -0.028397228568792343 
vn -0.9900076985359192 -0.13176509737968445 -0.05022686347365379 
vn -0.970661461353302 0.23924656212329865 0.024029340595006943 
vn -0.4031670093536377 -0.9141850471496582 0.04149730131030083 
vn -0.5554097890853882 -0.8312295079231262 0.024029340595006943 
vn -0.3770357668399811 -0.9139430522918701 -0.15017375349998474 
vn -0.5422195792198181 -0.8233864903450012 -0.16742929816246033 
vn -0.39786750078201294 -0.9050686359405518 -0.15017375349998474 
vn -0.22999897599220276 -0.9640774726867676 -0.1328723281621933 
vn -0.21528807282447815 -0.9674688577651978 -0.1328723281621933 
vn -0.2409483790397644 -0.968470573425293 0.0633138045668602 
vn -0.04719521105289459 -0.9931548833847046 -0.10684575140476227 
vn -0.07353431731462479 -0.9932728409767151 0.08945280313491821 
vn 0.10922610759735107 -0.9910773038864136 -0.0763898640871048 
vn 0.049028489738702774 -0.9715654850006104 0.23163928091526031 
vn 0.10922610759735107 -0.9910773038864136 -0.0763898640871048 
vn -0.07731394469738007 -0.9907873272895813 -0.1111890971660614 
vn -0.17011523246765137 -0.07712150365114212 -0.9824016690254211 
vn -0.14502371847629547 -0.06983973830938339 -0.986960232257843 
vn -0.1221683919429779 -0.07564346492290497 -0.9896226525306702 
vn 0.02073531225323677 -0.09816078841686249 -0.994954526424408 
vn -0.03014303743839264 -0.1271834820508957 -0.991421103477478 
vn -0.13459576666355133 -0.09591570496559143 -0.9862475395202637 
vn 0.018906360492110252 -0.3583453893661499 -0.933397650718689 
vn -0.03772528097033501 -0.3974859118461609 -0.916832447052002 
vn -0.17328909039497375 -0.3001455068588257 -0.9380210638046265 
vn -0.27317315340042114 -0.1853736937046051 -0.9439348578453064 
vn -0.21804305911064148 -0.09542550891637802 -0.9712626934051514 
vn -0.2039947658777237 -0.08501071482896805 -0.9752739667892456 
vn -0.13752947747707367 -0.022546812891960144 -0.9902410507202148 
vn -0.08819716423749924 -0.06407898664474487 -0.9940398335456848 
vn 0.018687747418880463 -0.06730718165636063 -0.9975572824478149 
vn 0.1632193624973297 -0.10735105723142624 -0.9807319641113281 
vn 0.22961370646953583 -0.1882864087820053 -0.9548956751823425 
vn 0.1433093249797821 -0.1953158676624298 -0.9702134728431702 
vn 0.06948699802160263 -0.3311561346054077 -0.9410139322280884 
vn 0.05657840892672539 -0.4273405969142914 -0.9023185968399048 
vn -0.016992410644888878 -0.4697643518447876 -0.882628321647644 
vn -0.12864118814468384 -0.4521268904209137 -0.882628321647644 
vn -0.2743145823478699 -0.409690797328949 -0.8700028657913208 
vn -0.21684621274471283 -0.49634137749671936 -0.8406086564064026 
vn -0.1179037094116211 -0.5020235180854797 -0.8567795157432556 
vn -0.017018960788846016 -0.5668407678604126 -0.8236515522003174 
vn 0.09220831841230392 -0.5374582409858704 -0.838234007358551 
vn 0.032103464007377625 -0.6883719563484192 -0.7246471047401428 
vn -0.11450255662202835 -0.5986310243606567 -0.7927988767623901 
vn 0.11922025680541992 -0.4060268998146057 -0.9060511589050293 
vn 0.1450486034154892 -0.3192691206932068 -0.9364978075027466 
vn 0.24303415417671204 -0.2857195734977722 -0.926983654499054 
vn 0.19771720468997955 -0.3651403486728668 -0.9097144603729248 
vn 0.18846017122268677 -0.4920100271701813 -0.8499464392662048 
vn 0.15909993648529053 -0.6606756448745728 -0.7336177229881287 
vn 0.1709209531545639 -0.950009822845459 -0.2612801790237427 
vn -0.09041126072406769 -0.7205004692077637 -0.6875353455543518 
vn -0.2235351800918579 -0.5926903486251831 -0.7737894654273987 
vn -0.3171508014202118 -0.4435979127883911 -0.838234007358551 
vn -0.3236580789089203 -0.30227553844451904 -0.8965907096862793 
vn -0.2863472104072571 -0.20242813229560852 -0.9364978075027466 
vn -0.2826630175113678 -0.1037757471203804 -0.953589141368866 
vn -0.4480598568916321 -0.239761084318161 -0.8612531423568726 
vn -0.495944082736969 -0.18855321407318115 -0.8476362228393555 
vn -0.46690288186073303 -0.10130470246076584 -0.8784868121147156 
vn -0.3559761643409729 -0.04527529329061508 -0.933397650718689 
vn -0.4120107889175415 -0.29747286438941956 -0.8612531423568726 
vn -0.3990652561187744 -0.3496566414833069 -0.8476362228393555 
vn -0.36980730295181274 -0.42993101477622986 -0.8236515522003174 
vn -0.31467247009277344 -0.5651736259460449 -0.762600839138031 
vn -0.2122126966714859 -0.7068890929222107 -0.67473965883255 
vn 0.04906744882464409 -0.9915763735771179 -0.11986933648586273 
vn -0.11303174495697021 -0.9887313842773438 -0.0981530249118805 
vn -0.32140594720840454 -0.6773486733436584 -0.661737859249115 
vn -0.3861352503299713 -0.5231189727783203 -0.7597671151161194 
vn -0.40673983097076416 -0.40540260076522827 -0.8186644315719604 
vn -0.43360936641693115 -0.36548739671707153 -0.8236515522003174 
vn -0.2865007817745209 -0.9550297856330872 -0.0763898640871048 
vn -0.4156067371368408 -0.6343168616294861 -0.651853621006012 
vn -0.4459564685821533 -0.8931111097335815 -0.058952588587999344 
vn -0.5008407831192017 -0.5769516229629517 -0.6452018022537231 
vn -0.44231656193733215 -0.4810715317726135 -0.7569189071655273 
vn -0.5032283663749695 -0.4271896779537201 -0.7511792182922363 
vn -0.494473397731781 -0.2920352816581726 -0.8186644315719604 
vn -0.5497080683708191 -0.1893463134765625 -0.8136147856712341 
vn -0.5414506196975708 -0.12746231257915497 -0.8310141563415527 
vn -0.5316572189331055 -0.05283849686384201 -0.8453097939491272 
vn -0.5820790529251099 -0.08664187788963318 -0.8085030317306519 
vn -0.573677122592926 -0.13121506571769714 -0.8085030317306519 
vn -0.646258533000946 -0.14971718192100525 -0.7482877969741821 
vn -0.6247379779815674 -0.2506003975868225 -0.7395281791687012 
vn -0.573399543762207 -0.3586961030960083 -0.736579954624176 
vn -0.5848228931427002 -0.5087956786155701 -0.6317508816719055 
vn -0.5921517014503479 -0.8047573566436768 -0.04149730131030083 
vn -0.43561458587646484 -0.8902723789215088 0.1328723281621933 
vn -0.5989844799041748 -0.7865528464317322 0.15017375349998474 
vn -0.4625294506549835 -0.8765907883644104 0.1328723281621933 
vn -0.5929621458053589 -0.7911028265953064 0.15017375349998474 
vn -0.7141194343566895 -0.6807534694671631 0.16312000155448914 
vn -0.7295594811439514 -0.664179801940918 0.16312000155448914 
vn -0.7227352261543274 -0.6907072067260742 -0.024029340595006943 
vn -0.6750426888465881 -0.4028165340423584 -0.6181069612503052 
vn -0.7343927025794983 -0.28784140944480896 -0.6146662831306458 
vn -0.8314200043678284 -0.5555371046066284 -0.010923261754214764 
vn -0.8185919523239136 -0.548100471496582 0.17173540592193604 
vn -0.8309739232063293 -0.5291401743888855 0.17173540592193604 
vn -0.9013645648956299 -0.3993862271308899 0.16742929816246033 
vn -0.9102957844734192 -0.37858814001083374 0.16742929816246033 
vn -0.9615690112113953 -0.22085484862327576 0.16312000155448914 
vn -0.969337522983551 -0.18752318620681763 0.15880759060382843 
vn -0.9669373631477356 -0.2538793981075287 0.024029340595006943 
vn -0.9148662090301514 -0.40346741676330566 -0.0152922747656703 
vn -0.7680385708808899 -0.1797279417514801 -0.6146662831306458 
vn -0.6642591953277588 -0.08665744960308075 -0.7424622178077698 
vn -0.5694366097450256 -0.03779666870832443 -0.8211658596992493 
vn -0.43528518080711365 -0.056512508541345596 -0.8985171914100647 
vn -0.3258877396583557 -0.05276525020599365 -0.9439348578453064 
vn -0.2252267301082611 -0.0037841564044356346 -0.9742990136146545 
vn -0.4119831919670105 0.16246509552001953 -0.8965907096862793 
vn -0.44159364700317383 0.1232166662812233 -0.888714075088501 
vn -0.5003162026405334 0.06411951780319214 -0.8634653687477112 
vn -0.5704891085624695 0.015127969905734062 -0.8211658596992493 
vn -0.9981160163879395 -0.060374896973371506 0.010923261754214764 
vn -0.7631084322929382 -0.07539675384759903 -0.641857385635376 
vn -0.9929056763648987 0.11295852065086365 -0.03713129088282585 
vn -0.5447168946266174 0.1126895621418953 -0.8310141563415527 
vn -0.49305716156959534 0.16338135302066803 -0.8545181155204773 
vn -0.4615362882614136 0.21266700327396393 -0.8612531423568726 
vn -0.5518805384635925 0.21427659690380096 -0.8059239983558655 
vn -0.6198134422302246 0.1461787223815918 -0.7710143327713013 
vn -0.6510493755340576 0.056643158197402954 -0.7569189071655273 
vn -0.6792997717857361 -0.018890559673309326 -0.7336177229881287 
vn -0.7639280557632446 0.01133918296545744 -0.6452018022537231 
vn -0.9586402773857117 0.27933624386787415 -0.05459024757146835 
vn -0.9460583329200745 0.2935120761394501 0.1372016966342926 
vn -0.9808258414268494 0.12421143800020218 0.15017375349998474 
vn -0.9525169730186462 0.27182185649871826 0.1372016966342926 
vn -0.977724015712738 0.14664120972156525 0.15017375349998474 
vn -0.8977233171463013 0.4239388704299927 0.11986933648586273 
vn -0.8878160119056702 0.4443129897117615 0.11986933648586273 
vn -0.897088348865509 0.4344106614589691 -0.08074574917554855 
vn -0.7422981858253479 0.1053396612405777 -0.661737859249115 
vn -0.7059019207954407 0.20512282848358154 -0.677958071231842 
vn -0.6363658905029297 0.3100496530532837 -0.7063339352607727 
vn -0.5130220651626587 0.30928346514701843 -0.8007197380065918 
vn -0.4175895154476166 0.2549026608467102 -0.872148871421814 
vn -0.3896730840206146 0.21042801439762115 -0.8965907096862793 
vn -0.3195163607597351 0.20411480963230133 -0.9253358840942383 
vn -0.32913535833358765 0.2783720791339874 -0.9023185968399048 
vn -0.817356526851654 0.5677096843719482 0.0981530249118805 
vn -0.8052729964256287 0.5831975936889648 -0.10684575140476227 
vn -0.17586955428123474 0.27938660979270935 -0.9439348578453064 
vn -0.24718843400478363 0.36271852254867554 -0.8985171914100647 
vn -0.3396534323692322 0.3249658942222595 -0.882628321647644 
vn -0.3297272324562073 0.4203941822052002 -0.8453097939491272 
vn -0.42562025785446167 0.3801763653755188 -0.8211658596992493 
vn -0.47716066241264343 0.49719640612602234 -0.7246471047401428 
vn -0.5622891783714294 0.4197436273097992 -0.7124928832054138 
vn -0.561604917049408 0.7967516779899597 -0.22312943637371063 
vn -0.6825931668281555 0.7186177372932434 -0.1328723281621933 
vn -0.42336398363113403 0.8791244029998779 -0.21886809170246124 
vn -0.36849573254585266 0.5476683974266052 -0.7511792182922363 
vn -0.2539665102958679 0.6057228446006775 -0.7540562748908997 
vn -0.23868568241596222 0.47385862469673157 -0.8476362228393555 
vn -0.2666860520839691 0.940552294254303 -0.2103329300880432 
vn -0.14785121381282806 0.608965277671814 -0.7792953848838806 
vn -0.1561930924654007 0.4953812062740326 -0.8545181155204773 
vn -0.1407063901424408 0.369369775056839 -0.9185682535171509 
vn -0.09256933629512787 0.25555962324142456 -0.962351381778717 
vn -0.03274698182940483 0.05671943724155426 -0.9978529810905457 
vn 0.01673441007733345 -0.014041837304830551 -0.9997613430023193 
vn -0.11297376453876495 0.9641441106796265 -0.2401314377784729 
vn -0.0772450864315033 0.479239821434021 -0.87427818775177 
vn -0.06017054244875908 0.37024423480033875 -0.926983654499054 
vn 0.005677128676325083 0.2927112579345703 -0.9561840295791626 
vn 0.06515517830848694 0.2200709581375122 -0.9733054637908936 
vn 0.10841618478298187 0.182725727558136 -0.9771679639816284 
vn -0.04341239109635353 0.6009660959243774 -0.7980946898460388 
vn 0.05473331734538078 0.9613861441612244 -0.26970529556274414 
vn 0.06979846954345703 0.5700146555900574 -0.8186644315719604 
vn 0.024560293182730675 0.45780354738235474 -0.888714075088501 
vn 0.02830507978796959 0.35363104939460754 -0.9349566102027893 
vn 0.08951502293348312 0.3048601746559143 -0.9481810927391052 
vn 0.13487839698791504 0.2738620340824127 -0.9522643685340881 
vn 0.11942353844642639 0.401834636926651 -0.9078915119171143 
vn 0.17282040417194366 0.5172009468078613 -0.838234007358551 
vn 0.22074425220489502 0.9283614158630371 -0.2990269064903259 
vn 0.09992877393960953 0.9917128682136536 -0.08074574917554855 
vn -0.06979397684335709 0.9962961673736572 -0.05022686347365379 
vn -0.0396256148815155 0.9977222681045532 -0.05459024757146835 
vn 0.12989671528339386 0.9878688454627991 -0.08510008454322815 
vn 0.2812727093696594 0.9536612033843994 -0.10684575140476227 
vn 0.31713658571243286 0.941839337348938 -0.1111890971660614 
vn 0.4474460184574127 0.8856437802314758 -0.1242060661315918 
vn 0.47941094636917114 0.868125855922699 -0.12854042649269104 
vn 0.585526704788208 0.7982031106948853 -0.1415284425020218 
vn 0.5915961265563965 0.7937151193618774 -0.1415284425020218 
vn 0.6967979073524475 0.6994661092758179 -0.15880759060382843 
vn 0.7009648680686951 0.6942910552024841 -0.16312000155448914 
vn 0.8090575933456421 0.5607462525367737 -0.1760382205247879 
vn 0.8207117915153503 0.5421351194381714 -0.18033768236637115 
vn 0.9001990556716919 0.396383672952652 -0.18033768236637115 
vn 0.9119510054588318 0.3685426712036133 -0.18033768236637115 
vn 0.9584265351295471 0.22456420958042145 -0.1760382205247879 
vn 0.9648654460906982 0.19505175948143005 -0.1760382205247879 
vn 0.8495078086853027 0.38097941875457764 -0.3649536371231079 
vn 0.9052327275276184 0.2243163287639618 -0.36088213324546814 
vn 0.7632437348365784 0.5386557579040527 -0.3568037748336792 
vn 0.8495078086853027 0.38097941875457764 -0.3649536371231079 
vn 0.6581619381904602 0.671517014503479 -0.34042292833328247 
vn 0.5343704223632812 0.7772361040115356 -0.33219319581985474 
vn 0.3885948359966278 0.8641303181648254 -0.3198012113571167 
vn 0.2634345591068268 0.4562820494174957 -0.8499464392662048 
vn 0.3500559329986572 0.3887765109539032 -0.8522403836250305 
vn 0.43833795189857483 0.2923199236392975 -0.8499464392662048 
vn 0.48669058084487915 0.1918817162513733 -0.8522403836250305 
vn 0.5165609121322632 0.08277153968811035 -0.8522403836250305 
vn 0.9052327275276184 0.2243163287639618 -0.36088213324546814 
vn 0.5444716215133667 -0.03023868054151535 -0.838234007358551 
vn 0.951015293598175 0.060362379997968674 -0.30319350957870483 
vn 0.9584265351295471 0.22456420958042145 -0.1760382205247879 
vn 0.9844662547111511 0.05285446345806122 -0.16742929816246033 
vn 0.9648654460906982 0.19505175948143005 -0.1760382205247879 
vn 0.9857683181762695 0.015107926912605762 -0.16742929816246033 
vn 0.9782766103744507 -0.14290794730186462 -0.15017375349998474 
vn 0.9771571159362793 -0.15037234127521515 -0.15017375349998474 
vn 0.9454966187477112 -0.29728949069976807 -0.1328723281621933 
vn 0.9389987587928772 -0.3189963698387146 -0.12854042649269104 
vn 0.8859917521476746 -0.4512234032154083 -0.10684575140476227 
vn 0.8797105550765991 -0.4643307626247406 -0.10250037163496017 
vn 0.8059310913085938 -0.5864769816398621 -0.08074574917554855 
vn 0.7885396480560303 -0.6102211475372314 -0.0763898640871048 
vn 0.6893322467803955 -0.722702145576477 -0.05022686347365379 
vn 0.6729046702384949 -0.7383061051368713 -0.04586252197623253 
vn 0.5554628372192383 -0.831308901309967 -0.01966099627315998 
vn 0.5301722288131714 -0.8478196263313293 -0.010923261754214764 
vn 0.410388320684433 -0.9118454456329346 0.010923261754214764 
vn 0.38957419991493225 -0.9207851886749268 0.01966099627315998 
vn 0.23016905784606934 -0.9720693826675415 0.04586252197623253 
vn 0.23016905784606934 -0.9720693826675415 0.04586252197623253 
vn 0.33845242857933044 -0.9243703484535217 -0.1760382205247879 
vn 0.25881263613700867 -0.5964645147323608 -0.7597671151161194 
vn 0.26247820258140564 -0.4395248293876648 -0.8590245246887207 
vn 0.30790624022483826 -0.3653145432472229 -0.8784868121147156 
vn 0.3435315787792206 -0.2794836759567261 -0.8965907096862793 
vn 0.2751626670360565 -0.15886524319648743 -0.9481810927391052 
vn 0.2216104120016098 -0.07439374923706055 -0.9722933769226074 
vn 0.1785508245229721 -0.037693385034799576 -0.983208417892456 
vn 0.14819574356079102 -0.07317008823156357 -0.9862475395202637 
vn 0.13312940299510956 0.022619593888521194 -0.990840494632721 
vn 0.14519859850406647 0.14920856058597565 -0.9780870079994202 
vn 0.20213407278060913 0.10871174186468124 -0.9733054637908936 
vn 0.1756235957145691 0.22369475662708282 -0.9587059020996094 
vn 0.9001990556716919 0.396383672952652 -0.18033768236637115 
vn 0.21673583984375 0 -0.976230263710022 
vn 0.2591707408428192 0 -0.9658315181732178 
vn 0.26918649673461914 -0.037662118673324585 -0.962351381778717 
vn 0.29148346185684204 -0.10385505110025406 -0.9509214162826538 
vn 0.37140583992004395 -0.20280292630195618 -0.9060511589050293 
vn 0.44643285870552063 -0.33183300495147705 -0.8310141563415527 
vn 0.39683932065963745 -0.42491117119789124 -0.8136147856712341 
vn 0.33613184094429016 -0.5166717171669006 -0.7874425053596497 
vn 0.4805222451686859 -0.8524305820465088 -0.2060592919588089 
vn 0.6179821491241455 -0.7472490072250366 -0.24437066912651062 
vn 0.7362075448036194 -0.6188470721244812 -0.27391019463539124 
vn 0.8270286917686462 -0.47603198885917664 -0.2990269064903259 
vn 0.8927929401397705 -0.3253962993621826 -0.31150925159454346 
vn 0.49646317958831787 -0.2342866212129593 -0.8358433246612549 
vn 0.5377838015556335 -0.14214077591896057 -0.8310141563415527 
vn 0.9447889924049377 -0.14294955134391785 -0.2948545813560486 
vn 0.41202452778816223 -0.12671571969985962 -0.9023185968399048 
vn 0.3853786885738373 -0.03771922364830971 -0.9219872951507568 
vn 0.37643638253211975 0.045268137007951736 -0.9253358840942383 
vn 0.3557976186275482 0.11878269910812378 -0.926983654499054 
vn 0.261371374130249 0.07459764927625656 -0.962351381778717 
vn 0.31326714158058167 0.21358193457126617 -0.9253358840942383 
vn 0.22801777720451355 0.1628626435995102 -0.9599394202232361 
vn 0.24728888273239136 0.2979726195335388 -0.9219872951507568 
vn 0.18728211522102356 0.35714924335479736 -0.9150791168212891 
vn -0.2252267301082611 -0.0037841564044356346 -0.9742990136146545 
vn -0.3195163607597351 0.20411480963230133 -0.9253358840942383 
vn -0.17586955428123474 0.27938660979270935 -0.9439348578453064 
vn 0.05473331734538078 0.9613861441612244 -0.26970529556274414 
vn -0.06979397684335709 0.9962961673736572 -0.05022686347365379 
vn -0.11297376453876495 0.9641441106796265 -0.2401314377784729 
vn -0.22455914318561554 0.9741641283035278 -0.024029340595006943 
vn -0.2666860520839691 0.940552294254303 -0.2103329300880432 
vn -0.3686853349208832 0.9295517206192017 0.002184694167226553 
vn -0.42336398363113403 0.8791244029998779 -0.21886809170246124 
vn -0.5170600414276123 0.8553218245506287 0.03276457265019417 
vn -0.561604917049408 0.7967516779899597 -0.22312943637371063 
vn -0.6825931668281555 0.7186177372932434 -0.1328723281621933 
vn -0.6752263307571411 0.7352509498596191 0.058952588587999344 
vn -0.8052729964256287 0.5831975936889648 -0.10684575140476227 
vn -0.7986152768135071 0.5951570272445679 0.08945280313491821 
vn -0.897088348865509 0.4344106614589691 -0.08074574917554855 
vn -0.698778510093689 0.7121298313140869 0.06767380982637405 
vn -0.5488964915275574 0.8350651860237122 0.03713129088282585 
vn -0.3826752007007599 0.923859715461731 0.006554040592163801 
vn -0.20240981876850128 0.9788891077041626 -0.028397228568792343 
vn -0.0396256148815155 0.9977222681045532 -0.05459024757146835 
vn 0.09992877393960953 0.9917128682136536 -0.08074574917554855 
vn -0.9669373631477356 -0.2538793981075287 0.024029340595006943 
vn -0.9981160163879395 -0.060374896973371506 0.010923261754214764 
vn -0.9615690112113953 -0.22085484862327576 0.16312000155448914 
vn -0.9865800738334656 -0.052838824689388275 0.15449213981628418 
vn -0.969337522983551 -0.18752318620681763 0.15880759060382843 
vn -0.9879651665687561 0.0075519331730902195 0.15449213981628418 
vn -0.9929056763648987 0.11295852065086365 -0.03713129088282585 
vn -0.4625294506549835 -0.8765907883644104 0.1328723281621933 
vn -0.43561458587646484 -0.8902723789215088 0.1328723281621933 
vn -0.28461501002311707 -0.9516549110412598 0.11553031951189041 
vn -0.26285219192504883 -0.9578942656517029 0.11553031951189041 
vn -0.11303174495697021 -0.9887313842773438 0.0981530249118805 
vn -0.090495765209198 -0.9910481572151184 0.0981530249118805 
vn -0.2865007817745209 -0.9550297856330872 -0.0763898640871048 
vn -0.11303174495697021 -0.9887313842773438 -0.0981530249118805 
vn 0.07164404541254044 -0.9945007562637329 0.0763898640871048 
vn 0.04906744882464409 -0.9915763735771179 -0.11986933648586273 
vn 0.23016905784606934 -0.9720693826675415 0.04586252197623253 
vn 0.1709209531545639 -0.950009822845459 -0.2612801790237427 
vn -0.4459564685821533 -0.8931111097335815 -0.058952588587999344 
vn 0.23016905784606934 -0.9720693826675415 0.04586252197623253 
vn 0.04902520775794983 -0.9955283403396606 0.08074574917554855 
s on 
f 1//1 2//2 3//3 
f 2//2 4//4 3//3 
f 3//3 4//4 5//5 
f 4//4 4//4 5//5 
f 5//5 4//4 6//6 
f 4//4 7//7 6//6 
f 6//6 7//7 8//8 
f 7//7 7//7 8//8 
f 8//8 7//7 9//9 
f 7//7 7//7 9//9 
f 9//9 7//7 10//10 
f 7//7 2//2 10//10 
f 10//10 2//2 1//1 
f 2//2 1//1 1//1 
f 1//1 1//1 2//2 
f 1//1 2//2 2//2 
f 2//2 2//2 4//4 
f 2//2 7//7 4//4 
f 4//4 7//7 7//7 
f 7//7 3//3 7//7 
f 7//7 3//3 3//3 
f 3//3 5//5 3//3 
f 3//3 5//5 11//11 
f 5//5 12//12 11//11 
f 11//11 12//12 13//13 
f 12//12 12//12 13//13 
f 13//13 12//12 14//14 
f 12//12 12//12 14//14 
f 14//14 12//12 15//15 
f 12//12 16//16 15//15 
f 15//15 16//16 17//17 
f 16//16 8//8 17//17 
f 17//17 8//8 18//18 
f 8//8 9//9 18//18 
f 18//18 9//9 9//9 
f 9//9 8//8 9//9 
f 9//9 8//8 8//8 
f 8//8 16//16 8//8 
f 8//8 16//16 6//6 
f 16//16 12//12 6//6 
f 6//6 12//12 5//5 
f 12//12 5//5 5//5 
f 5//5 5//5 18//18 
f 5//5 18//18 18//18 
f 18//18 18//18 17//17 
f 18//18 19//19 17//17 
f 17//17 19//19 17//17 
f 19//19 20//20 17//17 
f 17//17 20//20 15//15 
f 20//20 21//21 15//15 
f 15//15 21//21 14//14 
f 21//21 22//22 14//14 
f 14//14 22//22 14//14 
f 22//22 23//23 14//14 
f 14//14 23//23 13//13 
f 23//23 24//24 13//13 
f 13//13 24//24 13//13 
f 24//24 25//25 13//13 
f 13//13 25//25 11//11 
f 25//25 26//26 11//11 
f 11//11 26//26 3//3 
f 26//26 27//27 3//3 
f 3//3 27//27 1//1 
f 27//27 27//27 1//1 
f 1//1 27//27 28//28 
f 27//27 26//26 28//28 
f 28//28 26//26 29//29 
f 26//26 26//26 29//29 
f 29//29 26//26 30//30 
f 26//26 25//25 30//30 
f 30//30 25//25 31//31 
f 25//25 24//24 31//31 
f 31//31 24//24 32//32 
f 24//24 23//23 32//32 
f 32//32 23//23 23//23 
f 23//23 32//32 23//23 
f 23//23 32//32 32//32 
f 32//32 33//33 32//32 
f 32//32 33//33 31//31 
f 33//33 33//33 31//31 
f 31//31 33//33 30//30 
f 33//33 34//34 30//30 
f 30//30 34//34 29//29 
f 34//34 29//29 29//29 
f 29//29 29//29 32//32 
f 29//29 32//32 32//32 
f 32//32 32//32 33//33 
f 32//32 35//35 33//33 
f 33//33 35//35 36//36 
f 35//35 35//35 36//36 
f 36//36 35//35 37//37 
f 35//35 38//38 37//37 
f 37//37 38//38 39//39 
f 38//38 38//38 39//39 
f 39//39 38//38 40//40 
f 38//38 22//22 40//40 
f 40//40 22//22 41//41 
f 22//22 21//21 41//41 
f 41//41 21//21 42//42 
f 21//21 20//20 42//42 
f 42//42 20//20 43//43 
f 20//20 19//19 43//43 
f 43//43 19//19 44//44 
f 19//19 19//19 44//44 
f 44//44 19//19 45//45 
f 19//19 18//18 45//45 
f 45//45 18//18 46//46 
f 18//18 9//9 46//46 
f 46//46 9//9 47//47 
f 9//9 10//10 47//47 
f 47//47 10//10 48//48 
f 10//10 10//10 48//48 
f 48//48 10//10 49//49 
f 10//10 1//1 49//49 
f 49//49 1//1 50//50 
f 1//1 28//28 50//50 
f 50//50 28//28 28//28 
f 28//28 36//36 28//28 
f 28//28 36//36 36//36 
f 36//36 34//34 36//36 
f 36//36 34//34 33//33 
f 34//34 33//33 33//33 
f 33//33 33//33 32//32 
f 33//33 32//32 32//32 
f 32//32 32//32 35//35 
f 32//32 23//23 35//35 
f 35//35 23//23 38//38 
f 23//23 22//22 38//38 
f 38//38 22//22 22//22 
f 22//22 48//48 22//22 
f 22//22 48//48 48//48 
f 48//48 49//49 48//48 
f 48//48 49//49 51//51 
f 49//49 49//49 51//51 
f 51//51 49//49 52//52 
f 49//49 49//49 52//52 
f 52//52 49//49 53//53 
f 49//49 50//50 53//53 
f 53//53 50//50 50//50 
f 50//50 51//51 50//50 
f 50//50 51//51 51//51 
f 51//51 54//54 51//51 
f 51//51 54//54 48//48 
f 54//54 54//54 48//48 
f 48//48 54//54 47//47 
f 54//54 55//55 47//47 
f 47//47 55//55 46//46 
f 55//55 56//56 46//46 
f 46//46 56//56 45//45 
f 56//56 57//57 45//45 
f 45//45 57//57 44//44 
f 57//57 44//44 44//44 
f 44//44 44//44 58//58 
f 44//44 58//58 58//58 
f 58//58 58//58 59//59 
f 58//58 57//57 59//59 
f 59//59 57//57 59//59 
f 57//57 56//56 59//59 
f 59//59 56//56 60//60 
f 56//56 55//55 60//60 
f 60//60 55//55 55//55 
f 55//55 60//60 55//55 
f 55//55 60//60 60//60 
f 60//60 61//61 60//60 
f 60//60 61//61 59//59 
f 61//61 61//61 59//59 
f 59//59 61//61 62//62 
f 61//61 63//63 62//62 
f 62//62 63//63 64//64 
f 63//63 63//63 64//64 
f 64//64 63//63 65//65 
f 63//63 66//66 65//65 
f 65//65 66//66 67//67 
f 66//66 66//66 67//67 
f 67//67 66//66 68//68 
f 66//66 69//69 68//68 
f 68//68 69//69 70//70 
f 69//69 71//71 70//70 
f 70//70 71//71 72//72 
f 71//71 73//73 72//72 
f 72//72 73//73 74//74 
f 73//73 75//75 74//74 
f 74//74 75//75 76//76 
f 75//75 77//77 76//76 
f 76//76 77//77 78//78 
f 77//77 79//79 78//78 
f 78//78 79//79 80//80 
f 79//79 79//79 80//80 
f 80//80 79//79 81//81 
f 79//79 82//82 81//81 
f 81//81 82//82 83//83 
f 82//82 83//83 83//83 
f 83//83 83//83 82//82 
f 83//83 82//82 82//82 
f 82//82 82//82 84//84 
f 82//82 79//79 84//84 
f 84//84 79//79 84//84 
f 79//79 77//77 84//84 
f 84//84 77//77 85//85 
f 77//77 75//75 85//85 
f 85//85 75//75 86//86 
f 75//75 73//73 86//86 
f 86//86 73//73 87//87 
f 73//73 71//71 87//87 
f 87//87 71//71 88//88 
f 71//71 69//69 88//88 
f 88//88 69//69 89//89 
f 69//69 66//66 89//89 
f 89//89 66//66 89//89 
f 66//66 63//63 89//89 
f 89//89 63//63 89//89 
f 63//63 61//61 89//89 
f 89//89 61//61 89//89 
f 61//61 60//60 89//89 
f 89//89 60//60 90//90 
f 60//60 60//60 90//90 
f 90//90 60//60 91//91 
f 60//60 55//55 91//91 
f 91//91 55//55 91//91 
f 55//55 54//54 91//91 
f 91//91 54//54 92//92 
f 54//54 51//51 92//92 
f 92//92 51//51 93//93 
f 51//51 52//52 93//93 
f 93//93 52//52 94//94 
f 52//52 53//53 94//94 
f 94//94 53//53 95//95 
f 53//53 96//96 95//95 
f 95//95 96//96 97//97 
f 96//96 96//96 97//97 
f 97//97 96//96 98//98 
f 96//96 50//50 98//98 
f 98//98 50//50 99//99 
f 50//50 28//28 99//99 
f 99//99 28//28 28//28 
f 28//28 88//88 28//28 
f 28//28 88//88 88//88 
f 88//88 89//89 88//88 
f 88//88 89//89 90//90 
f 89//89 90//90 90//90 
f 90//90 90//90 50//50 
f 90//90 50//50 50//50 
f 50//50 50//50 53//53 
f 50//50 96//96 53//53 
f 53//53 96//96 96//96 
f 96//96 99//99 96//96 
f 96//96 99//99 99//99 
f 99//99 100//100 99//99 
f 99//99 100//100 98//98 
f 100//100 101//101 98//98 
f 98//98 101//101 97//97 
f 101//101 102//102 97//97 
f 97//97 102//102 95//95 
f 102//102 103//103 95//95 
f 95//95 103//103 94//94 
f 103//103 104//104 94//94 
f 94//94 104//104 93//93 
f 104//104 93//93 93//93 
f 93//93 93//93 104//104 
f 93//93 104//104 104//104 
f 104//104 104//104 105//105 
f 104//104 103//103 105//105 
f 105//105 103//103 106//106 
f 103//103 102//102 106//106 
f 106//106 102//102 107//107 
f 102//102 102//102 107//107 
f 107//107 102//102 108//108 
f 102//102 101//101 108//108 
f 108//108 101//101 109//109 
f 101//101 100//100 109//109 
f 109//109 100//100 110//110 
f 100//100 99//99 110//110 
f 110//110 99//99 99//99 
f 99//99 110//110 99//99 
f 99//99 110//110 110//110 
f 110//110 111//111 110//110 
f 110//110 111//111 109//109 
f 111//111 112//112 109//109 
f 109//109 112//112 108//108 
f 112//112 113//113 108//108 
f 108//108 113//113 107//107 
f 113//113 107//107 107//107 
f 107//107 107//107 113//113 
f 107//107 113//113 113//113 
f 113//113 113//113 114//114 
f 113//113 112//112 114//114 
f 114//114 112//112 114//114 
f 112//112 111//111 114//114 
f 114//114 111//111 115//115 
f 111//111 110//110 115//115 
f 115//115 110//110 110//110 
f 110//110 115//115 110//110 
f 110//110 115//115 115//115 
f 115//115 116//116 115//115 
f 115//115 116//116 114//114 
f 116//116 116//116 114//114 
f 114//114 116//116 113//113 
f 116//116 117//117 113//113 
f 113//113 117//117 107//107 
f 117//117 118//118 107//107 
f 107//107 118//118 106//106 
f 118//118 119//119 106//106 
f 106//106 119//119 105//105 
f 119//119 120//120 105//105 
f 105//105 120//120 104//104 
f 120//120 121//121 104//104 
f 104//104 121//121 93//93 
f 121//121 122//122 93//93 
f 93//93 122//122 92//92 
f 122//122 123//123 92//92 
f 92//92 123//123 91//91 
f 123//123 123//123 91//91 
f 91//91 123//123 90//90 
f 123//123 123//123 90//90 
f 90//90 123//123 88//88 
f 123//123 123//123 88//88 
f 88//88 123//123 87//87 
f 123//123 122//122 87//87 
f 87//87 122//122 86//86 
f 122//122 121//121 86//86 
f 86//86 121//121 85//85 
f 121//121 120//120 85//85 
f 85//85 120//120 84//84 
f 120//120 119//119 84//84 
f 84//84 119//119 82//82 
f 119//119 118//118 82//82 
f 82//82 118//118 83//83 
f 118//118 117//117 83//83 
f 83//83 117//117 124//124 
f 117//117 116//116 124//124 
f 124//124 116//116 125//125 
f 116//116 115//115 125//125 
f 125//125 115//115 126//126 
f 115//115 110//110 126//126 
f 126//126 110//110 127//127 
f 110//110 99//99 127//127 
f 127//127 99//99 128//128 
f 99//99 129//129 128//128 
f 128//128 129//129 130//130 
f 129//129 28//28 130//130 
f 130//130 28//28 130//130 
f 28//28 29//29 130//130 
f 130//130 29//29 131//131 
f 29//29 29//29 131//131 
f 131//131 29//29 132//132 
f 29//29 34//34 132//132 
f 132//132 34//34 132//132 
f 34//34 133//133 132//132 
f 132//132 133//133 132//132 
f 133//133 134//134 132//132 
f 132//132 134//134 135//135 
f 134//134 134//134 135//135 
f 135//135 134//134 136//136 
f 134//134 134//134 136//136 
f 136//136 134//134 137//137 
f 134//134 133//133 137//137 
f 137//137 133//133 137//137 
f 133//133 138//138 137//137 
f 137//137 138//138 137//137 
f 138//138 139//139 137//137 
f 137//137 139//139 136//136 
f 139//139 136//136 136//136 
f 136//136 136//136 140//140 
f 136//136 140//140 140//140 
f 140//140 140//140 124//124 
f 140//140 83//83 124//124 
f 124//124 83//83 83//83 
f 83//83 28//28 83//83 
f 83//83 28//28 28//28 
f 28//28 129//129 28//28 
f 28//28 129//129 99//99 
f 129//129 99//99 99//99 
f 99//99 99//99 132//132 
f 99//99 132//132 132//132 
f 132//132 132//132 131//131 
f 132//132 135//135 131//131 
f 131//131 135//135 135//135 
f 135//135 133//133 135//135 
f 135//135 133//133 133//133 
f 133//133 141//141 133//133 
f 133//133 141//141 138//138 
f 141//141 142//142 138//138 
f 138//138 142//142 139//139 
f 142//142 139//139 139//139 
f 139//139 139//139 133//133 
f 139//139 133//133 133//133 
f 133//133 133//133 141//141 
f 133//133 34//34 141//141 
f 141//141 34//34 143//143 
f 34//34 36//36 143//143 
f 143//143 36//36 144//144 
f 36//36 37//37 144//144 
f 144//144 37//37 145//145 
f 37//37 39//39 145//145 
f 145//145 39//39 39//39 
f 39//39 145//145 39//39 
f 39//39 145//145 145//145 
f 145//145 146//146 145//145 
f 145//145 146//146 144//144 
f 146//146 147//147 144//144 
f 144//144 147//147 143//143 
f 147//147 147//147 143//143 
f 143//143 147//147 141//141 
f 147//147 147//147 141//141 
f 141//141 147//147 142//142 
f 147//147 148//148 142//142 
f 142//142 148//148 149//149 
f 148//148 150//150 149//149 
f 149//149 150//150 151//151 
f 150//150 152//152 151//151 
f 151//151 152//152 153//153 
f 152//152 154//154 153//153 
f 153//153 154//154 155//155 
f 154//154 156//156 155//155 
f 155//155 156//156 157//157 
f 156//156 158//158 157//157 
f 157//157 158//158 159//159 
f 158//158 158//158 159//159 
f 159//159 158//158 160//160 
f 158//158 158//158 160//160 
f 160//160 158//158 161//161 
f 158//158 162//162 161//161 
f 161//161 162//162 161//161 
f 162//162 163//163 161//161 
f 161//161 163//163 164//164 
f 163//163 164//164 164//164 
f 164//164 164//164 146//146 
f 164//164 146//146 146//146 
f 146//146 146//146 147//147 
f 146//146 148//148 147//147 
f 147//147 148//148 148//148 
f 148//148 139//139 148//148 
f 148//148 139//139 139//139 
f 139//139 142//142 139//139 
f 139//139 142//142 149//149 
f 142//142 149//149 149//149 
f 149//149 149//149 158//158 
f 149//149 158//158 158//158 
f 158//158 158//158 162//162 
f 158//158 156//156 162//162 
f 162//162 156//156 156//156 
f 156//156 163//163 156//156 
f 156//156 163//163 163//163 
f 163//163 162//162 163//163 
f 163//163 162//162 165//165 
f 162//162 162//162 165//165 
f 165//165 162//162 166//166 
f 162//162 167//167 166//166 
f 166//166 167//167 166//166 
f 167//167 168//168 166//166 
f 166//166 168//168 169//169 
f 168//168 170//170 169//169 
f 169//169 170//170 170//170 
f 170//170 165//165 170//170 
f 170//170 165//165 165//165 
f 165//165 166//166 165//165 
f 165//165 166//166 171//171 
f 166//166 169//169 171//171 
f 171//171 169//169 172//172 
f 169//169 169//169 172//172 
f 172//172 169//169 173//173 
f 169//169 170//170 173//173 
f 173//173 170//170 173//173 
f 170//170 174//174 173//173 
f 173//173 174//174 173//173 
f 174//174 175//175 173//173 
f 173//173 175//175 176//176 
f 175//175 177//177 176//176 
f 176//176 177//177 178//178 
f 177//177 179//179 178//178 
f 178//178 179//179 180//180 
f 179//179 181//181 180//180 
f 180//180 181//181 181//181 
f 181//181 172//172 181//181 
f 181//181 172//172 172//172 
f 172//172 173//173 172//172 
f 172//172 173//173 182//182 
f 173//173 176//176 182//182 
f 182//182 176//176 182//182 
f 176//176 178//178 182//182 
f 182//182 178//178 183//183 
f 178//178 180//180 183//183 
f 183//183 180//180 184//184 
f 180//180 185//185 184//184 
f 184//184 185//185 185//185 
f 185//185 126//126 185//185 
f 185//185 126//126 126//126 
f 126//126 127//127 126//126 
f 126//126 127//127 186//186 
f 127//127 127//127 186//186 
f 186//186 127//127 187//187 
f 127//127 128//128 187//187 
f 187//187 128//128 128//128 
f 128//128 131//131 128//128 
f 128//128 131//131 131//131 
f 131//131 188//188 131//131 
f 131//131 188//188 189//189 
f 188//188 188//188 189//189 
f 189//189 188//188 190//190 
f 188//188 188//188 190//190 
f 190//190 188//188 191//191 
f 188//188 192//192 191//191 
f 191//191 192//192 193//193 
f 192//192 136//136 193//193 
f 193//193 136//136 193//193 
f 136//136 139//139 193//193 
f 193//193 139//139 193//193 
f 139//139 149//149 193//193 
f 193//193 149//149 193//193 
f 149//149 151//151 193//193 
f 193//193 151//151 193//193 
f 151//151 153//153 193//193 
f 193//193 153//153 194//194 
f 153//153 195//195 194//194 
f 194//194 195//195 194//194 
f 195//195 196//196 194//194 
f 194//194 196//196 191//191 
f 196//196 197//197 191//191 
f 191//191 197//197 190//190 
f 197//197 198//198 190//190 
f 190//190 198//198 189//189 
f 198//198 199//199 189//189 
f 189//189 199//199 130//130 
f 199//199 199//199 130//130 
f 130//130 199//199 128//128 
f 199//199 200//200 128//128 
f 128//128 200//200 128//128 
f 200//200 201//201 128//128 
f 128//128 201//201 187//187 
f 201//201 202//202 187//187 
f 187//187 202//202 187//187 
f 202//202 203//203 187//187 
f 187//187 203//203 204//204 
f 203//203 205//205 204//204 
f 204//204 205//205 186//186 
f 205//205 206//206 186//186 
f 186//186 206//206 126//126 
f 206//206 207//207 126//126 
f 126//126 207//207 125//125 
f 207//207 208//208 125//125 
f 125//125 208//208 124//124 
f 208//208 208//208 124//124 
f 124//124 208//208 140//140 
f 208//208 208//208 140//140 
f 140//140 208//208 209//209 
f 208//208 208//208 209//209 
f 209//209 208//208 210//210 
f 208//208 207//207 210//210 
f 210//210 207//207 207//207 
f 207//207 189//189 207//207 
f 207//207 189//189 189//189 
f 189//189 130//130 189//189 
f 189//189 130//130 131//131 
f 130//130 131//131 131//131 
f 131//131 131//131 131//131 
f 131//131 131//131 131//131 
f 131//131 131//131 188//188 
f 131//131 135//135 188//188 
f 188//188 135//135 192//192 
f 135//135 136//136 192//192 
f 192//192 136//136 136//136 
f 136//136 193//193 136//136 
f 136//136 193//193 193//193 
f 193//193 194//194 193//193 
f 193//193 194//194 191//191 
f 194//194 191//191 191//191 
f 191//191 191//191 195//195 
f 191//191 195//195 195//195 
f 195//195 195//195 155//155 
f 195//195 153//153 155//155 
f 155//155 153//153 153//153 
f 153//153 209//209 153//153 
f 153//153 209//209 209//209 
f 209//209 210//210 209//209 
f 209//209 210//210 211//211 
f 210//210 212//212 211//211 
f 211//211 212//212 213//213 
f 212//212 212//212 213//213 
f 213//213 212//212 214//214 
f 212//212 212//212 214//214 
f 214//214 212//212 215//215 
f 212//212 216//216 215//215 
f 215//215 216//216 217//217 
f 216//216 206//206 217//217 
f 217//217 206//206 217//217 
f 206//206 205//205 217//217 
f 217//217 205//205 218//218 
f 205//205 203//203 218//218 
f 218//218 203//203 218//218 
f 203//203 202//202 218//218 
f 218//218 202//202 219//219 
f 202//202 202//202 219//219 
f 219//219 202//202 220//220 
f 202//202 201//201 220//220 
f 220//220 201//201 220//220 
f 201//201 200//200 220//220 
f 220//220 200//200 220//220 
f 200//200 221//221 220//220 
f 220//220 221//221 220//220 
f 221//221 222//222 220//220 
f 220//220 222//222 219//219 
f 222//222 223//223 219//219 
f 219//219 223//223 219//219 
f 223//223 224//224 219//219 
f 219//219 224//224 218//218 
f 224//224 225//225 218//218 
f 218//218 225//225 217//217 
f 225//225 225//225 217//217 
f 217//217 225//225 215//215 
f 225//225 225//225 215//215 
f 215//215 225//225 214//214 
f 225//225 225//225 214//214 
f 214//214 225//225 226//226 
f 225//225 224//224 226//226 
f 226//226 224//224 227//227 
f 224//224 223//223 227//227 
f 227//227 223//223 228//228 
f 223//223 223//223 228//228 
f 228//228 223//223 229//229 
f 223//223 222//222 229//229 
f 229//229 222//222 230//230 
f 222//222 221//221 230//230 
f 230//230 221//221 231//231 
f 221//221 200//200 231//231 
f 231//231 200//200 200//200 
f 200//200 206//206 200//200 
f 200//200 206//206 206//206 
f 206//206 216//216 206//206 
f 206//206 216//216 207//207 
f 216//216 216//216 207//207 
f 207//207 216//216 210//210 
f 216//216 212//212 210//210 
f 210//210 212//212 212//212 
f 212//212 230//230 212//212 
f 212//212 230//230 230//230 
f 230//230 231//231 230//230 
f 230//230 231//231 229//229 
f 231//231 232//232 229//229 
f 229//229 232//232 229//229 
f 232//232 233//233 229//229 
f 229//229 233//233 228//228 
f 233//233 234//234 228//228 
f 228//228 234//234 228//228 
f 234//234 235//235 228//228 
f 228//228 235//235 227//227 
f 235//235 236//236 227//227 
f 227//227 236//236 226//226 
f 236//236 237//237 226//226 
f 226//226 237//237 214//214 
f 237//237 237//237 214//214 
f 214//214 237//237 213//213 
f 237//237 237//237 213//213 
f 213//213 237//237 238//238 
f 237//237 237//237 238//238 
f 238//238 237//237 239//239 
f 237//237 236//236 239//239 
f 239//239 236//236 240//240 
f 236//236 235//235 240//240 
f 240//240 235//235 241//241 
f 235//235 234//234 241//241 
f 241//241 234//234 234//234 
f 234//234 242//242 234//234 
f 234//234 242//242 242//242 
f 242//242 238//238 242//242 
f 242//242 238//238 243//243 
f 238//238 239//239 243//243 
f 243//243 239//239 244//244 
f 239//239 239//239 244//244 
f 244//244 239//239 245//245 
f 239//239 240//240 245//245 
f 245//245 240//240 245//245 
f 240//240 241//241 245//245 
f 245//245 241//241 246//246 
f 241//241 247//247 246//246 
f 246//246 247//247 248//248 
f 247//247 249//249 248//248 
f 248//248 249//249 250//250 
f 249//249 250//250 250//250 
f 250//250 250//250 241//241 
f 250//250 241//241 241//241 
f 241//241 241//241 247//247 
f 241//241 234//234 247//247 
f 247//247 234//234 251//251 
f 234//234 233//233 251//251 
f 251//251 233//233 252//252 
f 233//233 253//253 252//252 
f 252//252 253//253 160//160 
f 253//253 253//253 160//160 
f 160//160 253//253 159//159 
f 253//253 254//254 159//159 
f 159//159 254//254 157//157 
f 254//254 255//255 157//157 
f 157//157 255//255 155//155 
f 255//255 255//255 155//155 
f 155//155 255//255 195//195 
f 255//255 256//256 195//195 
f 195//195 256//256 196//196 
f 256//256 256//256 196//196 
f 196//196 256//256 197//197 
f 256//256 257//257 197//197 
f 197//197 257//257 198//198 
f 257//257 257//257 198//198 
f 198//198 257//257 199//199 
f 257//257 257//257 199//199 
f 199//199 257//257 200//200 
f 257//257 257//257 200//200 
f 200//200 257//257 258//258 
f 257//257 256//256 258//258 
f 258//258 256//256 258//258 
f 256//256 255//255 258//258 
f 258//258 255//255 258//258 
f 255//255 254//254 258//258 
f 258//258 254//254 232//232 
f 254//254 253//253 232//232 
f 232//232 253//253 233//233 
f 253//253 233//233 233//233 
f 233//233 233//233 251//251 
f 233//233 251//251 251//251 
f 251//251 251//251 247//247 
f 251//251 249//249 247//247 
f 247//247 249//249 249//249 
f 249//249 232//232 249//249 
f 249//249 232//232 232//232 
f 232//232 231//231 232//232 
f 232//232 231//231 258//258 
f 231//231 200//200 258//258 
f 258//258 200//200 200//200 
f 200//200 259//259 200//200 
f 200//200 259//259 259//259 
f 259//259 260//260 259//259 
f 259//259 260//260 261//261 
f 260//260 261//261 261//261 
f 261//261 261//261 57//57 
f 261//261 57//57 57//57 
f 57//57 57//57 44//44 
f 57//57 262//262 44//44 
f 44//44 262//262 44//44 
f 262//262 263//263 44//44 
f 44//44 263//263 43//43 
f 263//263 264//264 43//43 
f 43//43 264//264 42//42 
f 264//264 265//265 42//42 
f 42//42 265//265 41//41 
f 265//265 266//266 41//41 
f 41//41 266//266 40//40 
f 266//266 267//267 40//40 
f 40//40 267//267 39//39 
f 267//267 268//268 39//39 
f 39//39 268//268 268//268 
f 268//268 269//269 268//268 
f 268//268 269//269 269//269 
f 269//269 267//267 269//269 
f 269//269 267//267 270//270 
f 267//267 266//266 270//270 
f 270//270 266//266 271//271 
f 266//266 265//265 271//271 
f 271//271 265//265 272//272 
f 265//265 264//264 272//272 
f 272//272 264//264 273//273 
f 264//264 263//263 273//273 
f 273//273 263//263 274//274 
f 263//263 262//262 274//274 
f 274//274 262//262 275//275 
f 262//262 276//276 275//275 
f 275//275 276//276 277//277 
f 276//276 278//278 277//277 
f 277//277 278//278 279//279 
f 278//278 279//279 279//279 
f 279//279 279//279 280//280 
f 279//279 280//280 280//280 
f 280//280 280//280 262//262 
f 280//280 276//276 262//262 
f 262//262 276//276 276//276 
f 276//276 281//281 276//276 
f 276//276 281//281 281//281 
f 281//281 278//278 281//281 
f 281//281 278//278 276//276 
f 278//278 276//276 276//276 
f 276//276 276//276 160//160 
f 276//276 160//160 160//160 
f 160//160 160//160 282//282 
f 160//160 161//161 282//282 
f 282//282 161//161 282//282 
f 161//161 164//164 282//282 
f 282//282 164//164 282//282 
f 164//164 283//283 282//282 
f 282//282 283//283 282//282 
f 283//283 284//284 282//282 
f 282//282 284//284 285//285 
f 284//284 286//286 285//285 
f 285//285 286//286 285//285 
f 286//286 287//287 285//285 
f 285//285 287//287 288//288 
f 287//287 289//289 288//288 
f 288//288 289//289 289//289 
f 289//289 285//285 289//289 
f 289//289 285//285 285//285 
f 285//285 288//288 285//285 
f 285//285 288//288 282//282 
f 288//288 290//290 282//282 
f 282//282 290//290 290//290 
f 290//290 291//291 290//290 
f 290//290 291//291 291//291 
f 291//291 292//292 291//291 
f 291//291 292//292 293//293 
f 292//292 294//294 293//293 
f 293//293 294//294 293//293 
f 294//294 295//295 293//293 
f 293//293 295//295 293//293 
f 295//295 296//296 293//293 
f 293//293 296//296 293//293 
f 296//296 297//297 293//293 
f 293//293 297//297 291//291 
f 297//297 297//297 291//291 
f 291//291 297//297 298//298 
f 297//297 299//299 298//298 
f 298//298 299//299 300//300 
f 299//299 301//301 300//300 
f 300//300 301//301 302//302 
f 301//301 302//302 302//302 
f 302//302 302//302 301//301 
f 302//302 301//301 301//301 
f 301//301 301//301 303//303 
f 301//301 299//299 303//303 
f 303//303 299//299 304//304 
f 299//299 297//297 304//304 
f 304//304 297//297 296//296 
f 297//297 296//296 296//296 
f 296//296 296//296 305//305 
f 296//296 305//305 305//305 
f 305//305 305//305 306//306 
f 305//305 307//307 306//306 
f 306//306 307//307 306//306 
f 307//307 308//308 306//306 
f 306//306 308//308 306//306 
f 308//308 309//309 306//306 
f 306//306 309//309 310//310 
f 309//309 311//311 310//310 
f 310//310 311//311 310//310 
f 311//311 312//312 310//310 
f 310//310 312//312 310//310 
f 312//312 313//313 310//310 
f 310//310 313//313 310//310 
f 313//313 314//314 310//310 
f 310//310 314//314 306//306 
f 314//314 315//315 306//306 
f 306//306 315//315 305//305 
f 315//315 316//316 305//305 
f 305//305 316//316 307//307 
f 316//316 317//317 307//307 
f 307//307 317//317 307//307 
f 317//317 318//318 307//307 
f 307//307 318//318 307//307 
f 318//318 319//319 307//307 
f 307//307 319//319 308//308 
f 319//319 320//320 308//308 
f 308//308 320//320 308//308 
f 320//320 321//321 308//308 
f 308//308 321//321 308//308 
f 321//321 322//322 308//308 
f 308//308 322//322 309//309 
f 322//322 323//323 309//309 
f 309//309 323//323 311//311 
f 323//323 324//324 311//311 
f 311//311 324//324 311//311 
f 324//324 325//325 311//311 
f 311//311 325//325 312//312 
f 325//325 326//326 312//312 
f 312//312 326//326 313//313 
f 326//326 327//327 313//313 
f 313//313 327//327 314//314 
f 327//327 314//314 314//314 
f 314//314 314//314 327//327 
f 314//314 327//327 327//327 
f 327//327 327//327 328//328 
f 327//327 326//326 328//328 
f 328//328 326//326 329//329 
f 326//326 325//325 329//329 
f 329//329 325//325 330//330 
f 325//325 331//331 330//330 
f 330//330 331//331 330//330 
f 331//331 332//332 330//330 
f 330//330 332//332 330//330 
f 332//332 333//333 330//330 
f 330//330 333//333 329//329 
f 333//333 328//328 329//329 
f 329//329 328//328 328//328 
f 328//328 325//325 328//328 
f 328//328 325//325 325//325 
f 325//325 324//324 325//325 
f 325//325 324//324 331//331 
f 324//324 324//324 331//331 
f 331//331 324//324 334//334 
f 324//324 323//323 334//334 
f 334//334 323//323 335//335 
f 323//323 322//322 335//335 
f 335//335 322//322 336//336 
f 322//322 321//321 336//336 
f 336//336 321//321 321//321 
f 321//321 336//336 321//321 
f 321//321 336//336 336//336 
f 336//336 337//337 336//336 
f 336//336 337//337 335//335 
f 337//337 337//337 335//335 
f 335//335 337//337 334//334 
f 337//337 338//338 334//334 
f 334//334 338//338 331//331 
f 338//338 339//339 331//331 
f 331//331 339//339 332//332 
f 339//339 340//340 332//332 
f 332//332 340//340 332//332 
f 340//340 341//341 332//332 
f 332//332 341//341 333//333 
f 341//341 342//342 333//333 
f 333//333 342//342 328//328 
f 342//342 343//343 328//328 
f 328//328 343//343 327//327 
f 343//343 343//343 327//327 
f 327//327 343//343 314//314 
f 343//343 344//344 314//314 
f 314//314 344//344 315//315 
f 344//344 345//345 315//315 
f 315//315 345//345 346//346 
f 345//345 347//347 346//346 
f 346//346 347//347 346//346 
f 347//347 348//348 346//346 
f 346//346 348//348 346//346 
f 348//348 349//349 346//346 
f 346//346 349//349 346//346 
f 349//349 350//350 346//346 
f 346//346 350//350 315//315 
f 350//350 316//316 315//315 
f 315//315 316//316 316//316 
f 316//316 347//347 316//316 
f 316//316 347//347 347//347 
f 347//347 345//345 347//347 
f 347//347 345//345 351//351 
f 345//345 344//344 351//351 
f 351//351 344//344 352//352 
f 344//344 344//344 352//352 
f 352//352 344//344 353//353 
f 344//344 343//343 353//353 
f 353//353 343//343 354//354 
f 343//343 342//342 354//354 
f 354//354 342//342 355//355 
f 342//342 341//341 355//355 
f 355//355 341//341 356//356 
f 341//341 340//340 356//356 
f 356//356 340//340 340//340 
f 340//340 356//356 340//340 
f 340//340 356//356 356//356 
f 356//356 357//357 356//356 
f 356//356 357//357 355//355 
f 357//357 358//358 355//355 
f 355//355 358//358 354//354 
f 358//358 359//359 354//354 
f 354//354 359//359 353//353 
f 359//359 360//360 353//353 
f 353//353 360//360 352//352 
f 360//360 361//361 352//352 
f 352//352 361//361 351//351 
f 361//361 351//351 351//351 
f 351//351 351//351 357//357 
f 351//351 357//357 357//357 
f 357//357 357//357 358//358 
f 357//357 362//362 358//358 
f 358//358 362//362 363//363 
f 362//362 364//364 363//363 
f 363//363 364//364 363//363 
f 364//364 365//365 363//363 
f 363//363 365//365 366//366 
f 365//365 367//367 366//366 
f 366//366 367//367 361//361 
f 367//367 368//368 361//361 
f 361//361 368//368 351//351 
f 368//368 368//368 351//351 
f 351//351 368//368 347//347 
f 368//368 369//369 347//347 
f 347//347 369//369 348//348 
f 369//369 370//370 348//348 
f 348//348 370//370 349//349 
f 370//370 371//371 349//349 
f 349//349 371//371 350//350 
f 371//371 350//350 350//350 
f 350//350 350//350 361//361 
f 350//350 361//361 361//361 
f 361//361 361//361 366//366 
f 361//361 360//360 366//366 
f 366//366 360//360 366//366 
f 360//360 359//359 366//366 
f 366//366 359//359 363//363 
f 359//359 358//358 363//363 
f 363//363 358//358 358//358 
f 358//358 371//371 358//358 
f 358//358 371//371 371//371 
f 371//371 370//370 371//371 
f 371//371 370//370 372//372 
f 370//370 373//373 372//372 
f 372//372 373//373 374//374 
f 373//373 369//369 374//374 
f 374//374 369//369 375//375 
f 369//369 368//368 375//375 
f 375//375 368//368 376//376 
f 368//368 367//367 376//376 
f 376//376 367//367 377//377 
f 367//367 365//365 377//377 
f 377//377 365//365 378//378 
f 365//365 364//364 378//378 
f 378//378 364//364 378//378 
f 364//364 379//379 378//378 
f 378//378 379//379 380//380 
f 379//379 381//381 380//380 
f 380//380 381//381 380//380 
f 381//381 382//382 380//380 
f 380//380 382//382 380//380 
f 382//382 383//383 380//380 
f 380//380 383//383 380//380 
f 383//383 384//384 380//380 
f 380//380 384//384 380//380 
f 384//384 385//385 380//380 
f 380//380 385//385 378//378 
f 385//385 385//385 378//378 
f 378//378 385//385 377//377 
f 385//385 386//386 377//377 
f 377//377 386//386 376//376 
f 386//386 386//386 376//376 
f 376//376 386//386 375//375 
f 386//386 387//387 375//375 
f 375//375 387//387 374//374 
f 387//387 374//374 374//374 
f 374//374 374//374 370//370 
f 374//374 370//370 370//370 
f 370//370 370//370 373//373 
f 370//370 369//369 373//373 
f 373//373 369//369 369//369 
f 369//369 387//387 369//369 
f 369//369 387//387 387//387 
f 387//387 386//386 387//387 
f 387//387 386//386 388//388 
f 386//386 385//385 388//388 
f 388//388 385//385 388//388 
f 385//385 384//384 388//388 
f 388//388 384//384 389//389 
f 384//384 383//383 389//389 
f 389//389 383//383 389//389 
f 383//383 390//390 389//389 
f 389//389 390//390 391//391 
f 390//390 392//392 391//391 
f 391//391 392//392 393//393 
f 392//392 394//394 393//393 
f 393//393 394//394 394//394 
f 394//394 393//393 394//394 
f 394//394 393//393 393//393 
f 393//393 395//395 393//393 
f 393//393 395//395 391//391 
f 395//395 396//396 391//391 
f 391//391 396//396 389//389 
f 396//396 396//396 389//389 
f 389//389 396//396 388//388 
f 396//396 396//396 388//388 
f 388//388 396//396 387//387 
f 396//396 397//397 387//387 
f 387//387 397//397 374//374 
f 397//397 398//398 374//374 
f 374//374 398//398 372//372 
f 398//398 399//399 372//372 
f 372//372 399//399 371//371 
f 399//399 399//399 371//371 
f 371//371 399//399 350//350 
f 399//399 400//400 350//350 
f 350//350 400//400 316//316 
f 400//400 401//401 316//316 
f 316//316 401//401 402//402 
f 401//401 401//401 402//402 
f 402//402 401//401 403//403 
f 401//401 401//401 403//403 
f 403//403 401//401 404//404 
f 401//401 400//400 404//404 
f 404//404 400//400 405//405 
f 400//400 400//400 405//405 
f 405//405 400//400 406//406 
f 400//400 399//399 406//406 
f 406//406 399//399 399//399 
f 399//399 396//396 399//399 
f 399//399 396//396 396//396 
f 396//396 395//395 396//396 
f 396//396 395//395 397//397 
f 395//395 407//407 397//397 
f 397//397 407//407 408//408 
f 407//407 409//409 408//408 
f 408//408 409//409 409//409 
f 409//409 397//397 409//409 
f 409//409 397//397 397//397 
f 397//397 408//408 397//397 
f 397//397 408//408 398//398 
f 408//408 398//398 398//398 
f 398//398 398//398 402//402 
f 398//398 402//402 402//402 
f 402//402 402//402 316//316 
f 402//402 317//317 316//316 
f 316//316 317//317 317//317 
f 317//317 406//406 317//317 
f 317//317 406//406 406//406 
f 406//406 410//410 406//406 
f 406//406 410//410 405//405 
f 410//410 411//411 405//405 
f 405//405 411//411 404//404 
f 411//411 412//412 404//404 
f 404//404 412//412 403//403 
f 412//412 403//403 403//403 
f 403//403 403//403 412//412 
f 403//403 412//412 412//412 
f 412//412 412//412 413//413 
f 412//412 411//411 413//413 
f 413//413 411//411 413//413 
f 411//411 410//410 413//413 
f 413//413 410//410 414//414 
f 410//410 406//406 414//414 
f 414//414 406//406 415//415 
f 406//406 399//399 415//415 
f 415//415 399//399 416//416 
f 399//399 398//398 416//416 
f 416//416 398//398 416//416 
f 398//398 408//408 416//416 
f 416//416 408//408 417//417 
f 408//408 409//409 417//417 
f 417//417 409//409 418//418 
f 409//409 409//409 418//418 
f 418//418 409//409 419//419 
f 409//409 420//420 419//419 
f 419//419 420//420 421//421 
f 420//420 422//422 421//421 
f 421//421 422//422 422//422 
f 422//422 421//421 422//422 
f 422//422 421//421 421//421 
f 421//421 423//423 421//421 
f 421//421 423//423 419//419 
f 423//423 424//424 419//419 
f 419//419 424//424 418//418 
f 424//424 425//425 418//418 
f 418//418 425//425 426//426 
f 425//425 427//427 426//426 
f 426//426 427//427 415//415 
f 427//427 427//427 415//415 
f 415//415 427//427 414//414 
f 427//427 428//428 414//414 
f 414//414 428//428 413//413 
f 428//428 429//429 413//413 
f 413//413 429//429 412//412 
f 429//429 430//430 412//412 
f 412//412 430//430 403//403 
f 430//430 431//431 403//403 
f 403//403 431//431 402//402 
f 431//431 431//431 402//402 
f 402//402 431//431 432//432 
f 431//431 431//431 432//432 
f 432//432 431//431 433//433 
f 431//431 430//430 433//433 
f 433//433 430//430 430//430 
f 430//430 415//415 430//430 
f 430//430 415//415 415//415 
f 415//415 416//416 415//415 
f 415//415 416//416 426//426 
f 416//416 417//417 426//426 
f 426//426 417//417 418//418 
f 417//417 418//418 418//418 
f 418//418 418//418 424//424 
f 418//418 424//424 424//424 
f 424//424 424//424 434//434 
f 424//424 423//423 434//434 
f 434//434 423//423 423//423 
f 423//423 425//425 423//423 
f 423//423 425//425 425//425 
f 425//425 435//435 425//425 
f 425//425 435//435 427//427 
f 435//435 428//428 427//427 
f 427//427 428//428 428//428 
f 428//428 432//432 428//428 
f 428//428 432//432 432//432 
f 432//432 433//433 432//432 
f 432//432 433//433 436//436 
f 433//433 433//433 436//436 
f 436//436 433//433 437//437 
f 433//433 438//438 437//437 
f 437//437 438//438 439//439 
f 438//438 438//438 439//439 
f 439//439 438//438 440//440 
f 438//438 430//430 440//440 
f 440//440 430//430 440//440 
f 430//430 429//429 440//440 
f 440//440 429//429 441//441 
f 429//429 442//442 441//441 
f 441//441 442//442 443//443 
f 442//442 442//442 443//443 
f 443//443 442//442 444//444 
f 442//442 428//428 444//444 
f 444//444 428//428 435//435 
f 428//428 435//435 435//435 
f 435//435 435//435 438//438 
f 435//435 438//438 438//438 
f 438//438 438//438 430//430 
f 438//438 433//433 430//430 
f 430//430 433//433 433//433 
f 433//433 442//442 433//433 
f 433//433 442//442 442//442 
f 442//442 429//429 442//442 
f 442//442 429//429 428//428 
f 429//429 428//428 428//428 
f 428//428 428//428 443//443 
f 428//428 443//443 443//443 
f 443//443 443//443 441//441 
f 443//443 445//445 441//441 
f 441//441 445//445 446//446 
f 445//445 447//447 446//446 
f 446//446 447//447 446//446 
f 447//447 448//448 446//446 
f 446//446 448//448 439//439 
f 448//448 437//437 439//439 
f 439//439 437//437 437//437 
f 437//437 441//441 437//437 
f 437//437 441//441 441//441 
f 441//441 446//446 441//441 
f 441//441 446//446 440//440 
f 446//446 439//439 440//440 
f 440//440 439//439 439//439 
f 439//439 445//445 439//439 
f 439//439 445//445 445//445 
f 445//445 449//449 445//445 
f 445//445 449//449 447//447 
f 449//449 450//450 447//447 
f 447//447 450//450 447//447 
f 450//450 451//451 447//447 
f 447//447 451//451 448//448 
f 451//451 452//452 448//448 
f 448//448 452//452 437//437 
f 452//452 452//452 437//437 
f 437//437 452//452 436//436 
f 452//452 453//453 436//436 
f 436//436 453//453 317//317 
f 453//453 454//454 317//317 
f 317//317 454//454 318//318 
f 454//454 455//455 318//318 
f 318//318 455//455 319//319 
f 455//455 319//319 319//319 
f 319//319 319//319 456//456 
f 319//319 456//456 456//456 
f 456//456 456//456 449//449 
f 456//456 450//450 449//449 
f 449//449 450//450 450//450 
f 450//450 317//317 450//450 
f 450//450 317//317 317//317 
f 317//317 402//402 317//317 
f 317//317 402//402 436//436 
f 402//402 436//436 436//436 
f 436//436 436//436 451//451 
f 436//436 451//451 451//451 
f 451//451 451//451 452//452 
f 451//451 457//457 452//452 
f 452//452 457//457 452//452 
f 457//457 458//458 452//452 
f 452//452 458//458 453//453 
f 458//458 459//459 453//453 
f 453//453 459//459 453//453 
f 459//459 460//460 453//453 
f 453//453 460//460 454//454 
f 460//460 461//461 454//454 
f 454//454 461//461 455//455 
f 461//461 455//455 455//455 
f 455//455 455//455 451//451 
f 455//455 451//451 451//451 
f 451//451 451//451 457//457 
f 451//451 450//450 457//457 
f 457//457 450//450 462//462 
f 450//450 456//456 462//462 
f 462//462 456//456 462//462 
f 456//456 463//463 462//462 
f 462//462 463//463 462//462 
f 463//463 464//464 462//462 
f 462//462 464//464 462//462 
f 464//464 465//465 462//462 
f 462//462 465//465 457//457 
f 465//465 465//465 457//457 
f 457//457 465//465 458//458 
f 465//465 466//466 458//458 
f 458//458 466//466 459//459 
f 466//466 467//467 459//459 
f 459//459 467//467 460//460 
f 467//467 468//468 460//460 
f 460//460 468//468 461//461 
f 468//468 461//461 461//461 
f 461//461 461//461 468//468 
f 461//461 468//468 468//468 
f 468//468 468//468 469//469 
f 468//468 467//467 469//469 
f 469//469 467//467 469//469 
f 467//467 466//466 469//469 
f 469//469 466//466 469//469 
f 466//466 465//465 469//469 
f 469//469 465//465 469//469 
f 465//465 464//464 469//469 
f 469//469 464//464 470//470 
f 464//464 464//464 470//470 
f 470//470 464//464 471//471 
f 464//464 463//463 471//471 
f 471//471 463//463 472//472 
f 463//463 473//473 472//472 
f 472//472 473//473 473//473 
f 473//473 474//474 473//473 
f 473//473 474//474 474//474 
f 474//474 475//475 474//474 
f 474//474 475//475 472//472 
f 475//475 476//476 472//472 
f 472//472 476//476 471//471 
f 476//476 471//471 471//471 
f 471//471 471//471 475//475 
f 471//471 475//475 475//475 
f 475//475 475//475 476//476 
f 475//475 477//477 476//476 
f 476//476 477//477 478//478 
f 477//477 479//479 478//478 
f 478//478 479//479 480//480 
f 479//479 481//481 480//480 
f 480//480 481//481 482//482 
f 481//481 483//483 482//482 
f 482//482 483//483 484//484 
f 483//483 485//485 484//484 
f 484//484 485//485 486//486 
f 485//485 487//487 486//486 
f 486//486 487//487 488//488 
f 487//487 489//489 488//488 
f 488//488 489//489 489//489 
f 489//489 484//484 489//489 
f 489//489 484//484 484//484 
f 484//484 486//486 484//484 
f 484//484 486//486 490//490 
f 486//486 490//490 490//490 
f 490//490 490//490 488//488 
f 490//490 488//488 488//488 
f 488//488 488//488 486//486 
f 488//488 491//491 486//486 
f 486//486 491//491 491//491 
f 491//491 482//482 491//491 
f 491//491 482//482 482//482 
f 482//482 484//484 482//482 
f 482//482 484//484 492//492 
f 484//484 493//493 492//492 
f 492//492 493//493 493//493 
f 493//493 492//492 493//493 
f 493//493 492//492 492//492 
f 492//492 494//494 492//492 
f 492//492 494//494 482//482 
f 494//494 494//494 482//482 
f 482//482 494//494 480//480 
f 494//494 495//495 480//480 
f 480//480 495//495 478//478 
f 495//495 496//496 478//478 
f 478//478 496//496 476//476 
f 496//496 496//496 476//476 
f 476//476 496//496 471//471 
f 496//496 496//496 471//471 
f 471//471 496//496 470//470 
f 496//496 496//496 470//470 
f 470//470 496//496 497//497 
f 496//496 495//495 497//497 
f 497//497 495//495 498//498 
f 495//495 494//494 498//498 
f 498//498 494//494 499//499 
f 494//494 492//492 499//499 
f 499//499 492//492 500//500 
f 492//492 493//493 500//500 
f 500//500 493//493 501//501 
f 493//493 502//502 501//501 
f 501//501 502//502 503//503 
f 502//502 502//502 503//503 
f 503//503 502//502 504//504 
f 502//502 505//505 504//504 
f 504//504 505//505 506//506 
f 505//505 507//507 506//506 
f 506//506 507//507 506//506 
f 507//507 508//508 506//506 
f 506//506 508//508 509//509 
f 508//508 510//510 509//509 
f 509//509 510//510 509//509 
f 510//510 511//511 509//509 
f 509//509 511//511 512//512 
f 511//511 513//513 512//512 
f 512//512 513//513 514//514 
f 513//513 515//515 514//514 
f 514//514 515//515 516//516 
f 515//515 517//517 516//516 
f 516//516 517//517 518//518 
f 517//517 519//519 518//518 
f 518//518 519//519 520//520 
f 519//519 521//521 520//520 
f 520//520 521//521 522//522 
f 521//521 523//523 522//522 
f 522//522 523//523 522//522 
f 523//523 524//524 522//522 
f 522//522 524//524 525//525 
f 524//524 340//340 525//525 
f 525//525 340//340 525//525 
f 340//340 339//339 525//525 
f 525//525 339//339 526//526 
f 339//339 338//338 526//526 
f 526//526 338//338 527//527 
f 338//338 337//337 527//527 
f 527//527 337//337 528//528 
f 337//337 336//336 528//528 
f 528//528 336//336 529//529 
f 336//336 321//321 529//529 
f 529//529 321//321 530//530 
f 321//321 320//320 530//530 
f 530//530 320//320 531//531 
f 320//320 320//320 531//531 
f 531//531 320//320 532//532 
f 320//320 319//319 532//532 
f 532//532 319//319 533//533 
f 319//319 455//455 533//533 
f 533//533 455//455 534//534 
f 455//455 535//535 534//534 
f 534//534 535//535 536//536 
f 535//535 535//535 536//536 
f 536//536 535//535 537//537 
f 535//535 461//461 537//537 
f 537//537 461//461 468//468 
f 461//461 468//468 468//468 
f 468//468 468//468 502//502 
f 468//468 502//502 502//502 
f 502//502 502//502 538//538 
f 502//502 493//493 538//538 
f 538//538 493//493 493//493 
f 493//493 461//461 493//493 
f 493//493 461//461 461//461 
f 461//461 535//535 461//461 
f 461//461 535//535 455//455 
f 535//535 455//455 455//455 
f 455//455 455//455 536//536 
f 455//455 536//536 536//536 
f 536//536 536//536 534//534 
f 536//536 539//539 534//534 
f 534//534 539//539 533//533 
f 539//539 540//540 533//533 
f 533//533 540//540 532//532 
f 540//540 541//541 532//532 
f 532//532 541//541 531//531 
f 541//541 542//542 531//531 
f 531//531 542//542 530//530 
f 542//542 543//543 530//530 
f 530//530 543//543 529//529 
f 543//543 544//544 529//529 
f 529//529 544//544 529//529 
f 544//544 545//545 529//529 
f 529//529 545//545 528//528 
f 545//545 546//546 528//528 
f 528//528 546//546 527//527 
f 546//546 546//546 527//527 
f 527//527 546//546 526//526 
f 546//546 547//547 526//526 
f 526//526 547//547 525//525 
f 547//547 547//547 525//525 
f 525//525 547//547 522//522 
f 547//547 547//547 522//522 
f 522//522 547//547 520//520 
f 547//547 548//548 520//520 
f 520//520 548//548 518//518 
f 548//548 549//549 518//518 
f 518//518 549//549 516//516 
f 549//549 550//550 516//516 
f 516//516 550//550 514//514 
f 550//550 551//551 514//514 
f 514//514 551//551 512//512 
f 551//551 512//512 512//512 
f 512//512 512//512 547//547 
f 512//512 547//547 547//547 
f 547//547 547//547 548//548 
f 547//547 546//546 548//548 
f 548//548 546//546 548//548 
f 546//546 545//545 548//548 
f 548//548 545//545 549//549 
f 545//545 544//544 549//549 
f 549//549 544//544 550//550 
f 544//544 552//552 550//550 
f 550//550 552//552 551//551 
f 552//552 553//553 551//551 
f 551//551 553//553 551//551 
f 553//553 554//554 551//551 
f 551//551 554//554 512//512 
f 554//554 554//554 512//512 
f 512//512 554//554 509//509 
f 554//554 554//554 509//509 
f 509//509 554//554 506//506 
f 554//554 554//554 506//506 
f 506//506 554//554 504//504 
f 554//554 554//554 504//504 
f 504//504 554//554 503//503 
f 554//554 553//553 503//503 
f 503//503 553//553 555//555 
f 553//553 552//552 555//555 
f 555//555 552//552 543//543 
f 552//552 544//544 543//543 
f 543//543 544//544 544//544 
f 544//544 543//543 544//544 
f 544//544 543//543 543//543 
f 543//543 542//542 543//543 
f 543//543 542//542 555//555 
f 542//542 556//556 555//555 
f 555//555 556//556 503//503 
f 556//556 556//556 503//503 
f 503//503 556//556 501//501 
f 556//556 557//557 501//501 
f 501//501 557//557 500//500 
f 557//557 558//558 500//500 
f 500//500 558//558 499//499 
f 558//558 499//499 499//499 
f 499//499 499//499 542//542 
f 499//499 542//542 542//542 
f 542//542 542//542 556//556 
f 542//542 541//541 556//556 
f 556//556 541//541 557//557 
f 541//541 540//540 557//557 
f 557//557 540//540 558//558 
f 540//540 559//559 558//558 
f 558//558 559//559 560//560 
f 559//559 559//559 560//560 
f 560//560 559//559 561//561 
f 559//559 536//536 561//561 
f 561//561 536//536 561//561 
f 536//536 537//537 561//561 
f 561//561 537//537 562//562 
f 537//537 537//537 562//562 
f 562//562 537//537 563//563 
f 537//537 468//468 563//563 
f 563//563 468//468 563//563 
f 468//468 469//469 563//563 
f 563//563 469//469 563//563 
f 469//469 470//470 563//563 
f 563//563 470//470 563//563 
f 470//470 497//497 563//563 
f 563//563 497//497 562//562 
f 497//497 498//498 562//562 
f 562//562 498//498 560//560 
f 498//498 499//499 560//560 
f 560//560 499//499 558//558 
f 499//499 558//558 558//558 
f 558//558 558//558 540//540 
f 558//558 540//540 540//540 
f 540//540 540//540 559//559 
f 540//540 539//539 559//559 
f 559//559 539//539 536//536 
f 539//539 536//536 536//536 
f 536//536 536//536 560//560 
f 536//536 560//560 560//560 
f 560//560 560//560 562//562 
f 560//560 561//561 562//562 
f 562//562 561//561 561//561 
f 561//561 564//564 561//561 
f 561//561 564//564 564//564 
f 564//564 565//565 564//564 
f 564//564 565//565 566//566 
f 565//565 566//566 566//566 
f 566//566 566//566 567//567 
f 566//566 567//567 567//567 
f 567//567 567//567 568//568 
f 567//567 569//569 568//568 
f 568//568 569//569 570//570 
f 569//569 571//571 570//570 
f 570//570 571//571 572//572 
f 571//571 573//573 572//572 
f 572//572 573//573 574//574 
f 573//573 575//575 574//574 
f 574//574 575//575 574//574 
f 575//575 576//576 574//574 
f 574//574 576//576 577//577 
f 576//576 578//578 577//577 
f 577//577 578//578 579//579 
f 578//578 580//580 579//579 
f 579//579 580//580 579//579 
f 580//580 424//424 579//579 
f 579//579 424//424 579//579 
f 424//424 434//434 579//579 
f 579//579 434//434 579//579 
f 434//434 581//581 579//579 
f 579//579 581//581 577//577 
f 581//581 582//582 577//577 
f 577//577 582//582 574//574 
f 582//582 583//583 574//574 
f 574//574 583//583 572//572 
f 583//583 583//583 572//572 
f 572//572 583//583 570//570 
f 583//583 584//584 570//570 
f 570//570 584//584 568//568 
f 584//584 585//585 568//568 
f 568//568 585//585 586//586 
f 585//585 586//586 586//586 
f 586//586 586//586 587//587 
f 586//586 587//587 587//587 
f 587//587 587//587 588//588 
f 587//587 589//589 588//588 
f 588//588 589//589 590//590 
f 589//589 591//591 590//590 
f 590//590 591//591 590//590 
f 591//591 592//592 590//590 
f 590//590 592//592 420//420 
f 592//592 422//422 420//420 
f 420//420 422//422 422//422 
f 422//422 590//590 422//422 
f 422//422 590//590 590//590 
f 590//590 420//420 590//590 
f 590//590 420//420 588//588 
f 420//420 593//593 588//588 
f 588//588 593//593 593//593 
f 593//593 594//594 593//593 
f 593//593 594//594 594//594 
f 594//594 595//595 594//594 
f 594//594 595//595 596//596 
f 595//595 597//597 596//596 
f 596//596 597//597 598//598 
f 597//597 597//597 598//598 
f 598//598 597//597 599//599 
f 597//597 600//600 599//599 
f 599//599 600//600 599//599 
f 600//600 601//601 599//599 
f 599//599 601//601 602//602 
f 601//601 603//603 602//602 
f 602//602 603//603 604//604 
f 603//603 605//605 604//604 
f 604//604 605//605 605//605 
f 605//605 600//600 605//605 
f 605//605 600//600 600//600 
f 600//600 597//597 600//600 
f 600//600 597//597 606//606 
f 597//597 595//595 606//606 
f 606//606 595//595 595//595 
f 595//595 604//604 595//595 
f 595//595 604//604 604//604 
f 604//604 607//607 604//604 
f 604//604 607//607 602//602 
f 607//607 608//608 602//602 
f 602//602 608//608 599//599 
f 608//608 598//598 599//599 

