mtllib model_8.mtl
o model_8
v -56404996 -1856501.25 42998064 
v -56357760 -1796399.25 43180328 
v -56446068 -1842477.375 43130964 
v -56423480 -1789387.25 43309432 
v -56497412 -1831458.75 43253232 
v -56565184 -1825448.5 43356516 
v -56495360 -1778368.625 43437772 
v -56648360 -1828453.625 43424864 
v -56598044 -1767349.875 43601052 
v -56521028 -1894565.75 42943384 
v -56536432 -1874531.75 43083880 
v -56639120 -1916603.25 42885668 
v -56628852 -1891560.75 43060336 
v -56758236 -1920610 42825676 
v -56546700 -1857502.875 43187920 
v -56607288 -1863513.125 43221336 
v -56719212 -1898572.625 43079324 
v -56684300 -1868521.625 43260828 
v -56740776 -1845482.5 43441572 
v -56752072 -1822443.375 43542576 
v -56856812 -1849489.25 43500808 
v -56807524 -1820440 43575988 
v -56741804 -1795397.5 43609404 
v -56834224 -1864514.75 43419548 
v -56761316 -1874531.75 43303356 
v -56802388 -1897570.875 43161340 
v -56876324 -1905584.5 43064896 
v -56946148 -1896569.25 43207668 
v -56871188 -1891560.75 43270700 
v -56822928 -1877536.875 43332972 
v -56917396 -1878538.625 43371704 
v -56950256 -1865516.5 43450684 
v -56891728 -1842477.375 43537260 
v -56889672 -1825448.5 43563080 
v -56845516 -1807417.875 43584344 
v -56803416 -1790389 43607128 
v -56713052 -1776365.25 43636744 
v -56769532 -1772358.375 43624592 
v -56706892 -1757332.875 43652692 
v -56799308 -1764344.75 43610164 
v -56880432 -1787383.875 43571432 
v -56945124 -1806416.25 43541056 
v -56980036 -1827451.875 43525868 
v -56989280 -1845482.5 43514476 
v -56924584 -1839472.25 43540296 
v -56976956 -1856501.25 43493212 
v -57039596 -1868521.625 43400560 
v -57000572 -1882545.375 43319304 
v -57090936 -1872528.375 43284368 
v -57133040 -1858504.625 43358032 
v -57063212 -1858504.625 43448404 
v -57073480 -1846484.25 43471188 
v -56618580 -1742307.375 43667120 
v -57149468 -1849489.25 43405876 
v -57227508 -1835465.5 43313228 
v -57075536 -1825448.5 43477264 
v -57171032 -1820440 43429420 
v -57157684 -1838470.625 43429420 
v -57234696 -1829455.25 43364108 
v -57070400 -1780372 43471188 
v -56922532 -1759336.25 43544092 
v -56823952 -1736297.25 43591936 
v -56713052 -1734293.75 43650412 
v -56626796 -1725278.5 43686868 
v -56551836 -1680202 43721040 
v -56533352 -1687213.875 43703572 
v -56479956 -1673190.125 43667880 
v -56407048 -1688215.625 43534980 
v -56387540 -1721271.75 43437772 
v -56336196 -1737298.875 43326896 
v -56267396 -1738300.625 43212224 
v -56294092 -1801407.75 43049704 
v -56190380 -1731288.75 43096032 
v -56189356 -1673190.125 43241840 
v -56095908 -1646144.25 43137040 
v -56135956 -1605074.5 43285128 
v -56010680 -1548979.25 43171972 
v -56115420 -1546975.875 43351200 
v -55936748 -1441797.375 43200832 
v -56134932 -1512918.125 43449924 
v -56257128 -1582035.375 43529664 
v -56260208 -1621101.75 43453720 
v -56261236 -1661169.75 43379296 
v -56262260 -1691220.75 43317784 
v -56379324 -1637128.875 43606368 
v -56321820 -1572018.375 43649656 
v -56254048 -1550982.75 43582064 
v -56183192 -1497892.625 43560800 
v -56028136 -1430778.75 43385372 
v -55953176 -1336618.875 43355756 
v -55877188 -1323596.75 43221336 
v -55907996 -1239454 43353476 
v -55830980 -1198384.25 43235008 
v -55890536 -1147297.625 43371704 
v -55799148 -1069165 43240324 
v -55900808 -1073171.75 43424864 
v -55782716 -935938.875 43238044 
v -55942908 -1030098.6875 43525108 
v -55903888 -924920.1875 43475744 
v -56000412 -1013069.8125 43641300 
v -55977820 -917908.3125 43620796 
v -56063052 -1018078.3125 43744584 
v -56046620 -911898.125 43739268 
v -56120556 -1049131 43820524 
v -56111312 -905887.875 43841032 
v -56164708 -1113239.75 43854700 
v -56186272 -1201389.375 43844828 
v -56144172 -1160319.75 43809136 
v -56085640 -1118248.25 43739268 
v -56034300 -1086193.875 43668640 
v -56017868 -1125260.25 43618516 
v -55999384 -1177348.625 43551688 
v -55981928 -1230438.75 43490932 
v -55969608 -1270506.75 43442332 
v -56021976 -1339624 43479544 
v -56103096 -1207399.625 43713448 
v -56103096 -1277518.625 43661804 
v -56074344 -1320591.75 43582824 
v -56177032 -1267501.625 43790148 
v -56221188 -1296550.875 43831160 
v -56242752 -1299556 43847108 
v -56210920 -1232442.125 43852424 
v -56204756 -1193375.75 43860016 
v -56155468 -1043120.8125 43861536 
v -56136984 -903884.5 43863056 
v -56138012 -764648.1875 43847864 
v -56138012 -695530.875 43834196 
v -56168816 -611388.125 43831160 
v -56169844 -572321.8125 43820524 
v -56192436 -503204.5 43808376 
v -56148280 -605377.875 43815968 
v -56102072 -763646.5 43806856 
v -56049700 -804716.1875 43734712 
v -55988088 -819741.6875 43632188 
v -55928532 -814733.1875 43514476 
v -55883348 -780675.375 43410436 
v -55862812 -710556.375 43351200 
v -55782716 -802712.8125 43227412 
v -55868972 -617398.3125 43323100 
v -55798120 -671490.125 43209184 
v -55901832 -516226.59375 43315504 
v -55827900 -543272.5 43183364 
v -55964472 -415054.90625 43336012 
v -55873080 -422066.8125 43151468 
v -56036352 -292847.5 43290444 
v -55932640 -308874.6875 43111980 
v -56049700 -235750.59375 43219060 
v -56005548 -205699.59375 43067932 
v -56094884 -165631.59375 43168936 
v -56089748 -114544.8984375 43017808 
v -56164708 -93509.203125 43132484 
v -56183192 -36412.30078125 42963892 
v -56164708 -135580.59375 43241840 
v -56167792 -162626.5 43307152 
v -56232484 -82490.5 43246396 
v -56246860 -29400.400390625 43094512 
v -56329008 23689.69921875 43040592 
v -56286904 26694.80078125 42906932 
v -56414236 62756 42989712 
v -56397808 73774.703125 42847696 
v -56504600 87798.5 42963892 
v -56512816 104827.3984375 42787704 
v -56592912 102824 42982116 
v -56630904 117849.5 42726948 
v -56676084 114844.3984375 43064136 
v -56748992 125863.1015625 42966928 
v -56744884 120854.6015625 43173492 
v -56818820 129869.8984375 43109700 
v -56792120 116847.796875 43275256 
v -56874268 126864.796875 43222096 
v -56826008 110837.6015625 43354996 
v -56914316 120854.6015625 43304116 
v -56938960 114844.3984375 43352716 
v -56853732 105829.1015625 43398284 
v -56734616 87798.5 43406636 
v -56711000 96813.796875 43323860 
v -56698676 104827.3984375 43237284 
v -56638092 94810.3984375 43207668 
v -56562104 78783.203125 43166656 
v -56486116 63757.69921875 43127928 
v -56426560 50735.6015625 43095272 
v -56380352 22688 43163620 
v -56620636 69767.8984375 43348160 
v -56531300 43723.69921875 43333732 
v -56449148 28698.19921875 43266904 
v -56633984 52739 43452204 
v -56770556 86796.796875 43443848 
v -56867080 97815.5 43420308 
v -56951284 104827.3984375 43377020 
v -57026244 112841 43310948 
v -57008788 117849.5 43262344 
v -56965660 123859.703125 43187164 
v -56913292 126864.796875 43088436 
v -56869136 122858 42966168 
v -56855788 113842.703125 42849976 
v -56895832 102824 42766440 
v -56750020 113842.703125 42666952 
v -56970796 83791.703125 42707964 
v -56869136 91805.296875 42609236 
v -57064240 51737.30078125 42668472 
v -56985172 53740.69921875 42553800 
v -57159736 6660.7998046875 42632020 
v -57095044 -1352.800048828125 42502156 
v -57242912 -52439.5 42586452 
v -57198756 -71471.796875 42455832 
v -57317872 -118551.703125 42550000 
v -57294256 -155614.59375 42414824 
v -57387700 -184663.90625 42541648 
v -57379484 -252779.5 42379888 
v -57455472 -237754 42571264 
v -57452392 -360963.09375 42351792 
v -57523244 -263798.1875 42651004 
v -57507844 -183662.203125 42788460 
v -57444176 -150606.09375 42739860 
v -57382564 -116548.296875 42692016 
v -57331224 -91505.796875 42651004 
v -57291176 -41420.80078125 42710240 
v -57221348 11669.2998046875 42764160 
v -57129956 51737.30078125 42783904 
v -57046784 74776.3984375 42780868 
v -57036512 85795.1015625 42849976 
v -57348680 -47431 42820360 
v -57278852 12671 42900100 
v -57170004 56745.80078125 42901616 
v -57414400 -72473.5 42898580 
v -57490384 -118551.703125 42925920 
v -57563292 -182660.5 42913768 
v -57553024 -210708.09375 42821116 
v -57582804 -268806.6875 42758084 
v -57542756 -353951.1875 42537092 
v -57570480 -453119.5 42471020 
v -57512976 -479163.6875 42331284 
v -57602312 -551286.125 42445960 
v -57559184 -604376.1875 42317616 
v -57633120 -642440.8125 42454312 
v -57589992 -733595.5 42312300 
v -57673168 -711558.125 42504436 
v -57606420 -866821.625 42314580 
v -57729644 -745615.875 42603160 
v -57721428 -854801.1875 42556076 
v -57786120 -750624.375 42722392 
v -57790228 -848791 42703404 
v -57829248 -735598.875 42833268 
v -57841572 -842780.8125 42830992 
v -57851840 -696532.625 42920604 
v -57882648 -837772.3125 42944144 
v -57863136 -698536 42974524 
v -57847732 -629418.6875 42969208 
v -57821036 -587347.3125 42919084 
v -57805632 -635428.875 42835548 
v -57783040 -675496.875 42755808 
v -57751208 -640437.375 42707204 
v -57707052 -595360.875 42646448 
v -57665980 -548281 42588732 
v -57633120 -512219.8125 42544684 
v -57625932 -438094 42600124 
v -57768664 -548281 42822636 
v -57723484 -483170.5 42783144 
v -57676248 -447109.3125 42706444 
v -57779960 -480165.40625 42921364 
v -57822060 -541269.125 42968448 
v -57822060 -548281 42994268 
v -57831304 -599367.6875 42995028 
v -57841572 -646447.625 42995788 
v -57870324 -735598.875 42982116 
v -57844652 -684512.1875 42998064 
v -57824116 -660471.375 43005660 
v -57801524 -580335.375 43010976 
v -57784068 -513221.5 43014772 
v -57779960 -466141.59375 43014012 
v -57783040 -442100.8125 43003380 
v -57810768 -509214.6875 42989712 
v -57784068 -446107.59375 42976800 
v -57718348 -349944.40625 42937312 
v -57662900 -348942.6875 42802892 
v -57608476 -349944.40625 42675308 
v -57622852 -259791.40625 42872000 
v -57636200 -234748.90625 42973764 
v -57562264 -151607.796875 43009456 
v -57476008 -74476.8984375 43039072 
v -57345600 18681.19921875 43081600 
v -57173088 67764.5 43008696 
v -57020084 95812.1015625 42934272 
v -57006736 108834.203125 43021608 
v -56992360 116847.796875 43088436 
v -57053972 110837.6015625 43150708 
v -57128932 88800.203125 43091476 
v -57105312 101822.296875 43219060 
v -57202864 73774.703125 43164380 
v -57113528 99818.8984375 43270700 
v -57035488 103825.703125 43335252 
v -57096072 97815.5 43298800 
v -57195676 76779.796875 43228932 
v -57051916 86796.796875 43336768 
v -57136120 84793.3984375 43285888 
v -57180276 65761.1015625 43265384 
v -57263448 51737.30078125 43199312 
v -57303496 33706.69921875 43194756 
v -57385648 -351.1000061035156 43141596 
v -57469848 -56446.30078125 43101348 
v -57547888 -122558.5 43070212 
v -57608476 -187669 43044388 
v -57652628 -242762.5 43029200 
v -57735804 -353951.1875 42996544 
v -57736832 -362966.5 43020088 
v -57727592 -385003.90625 43033000 
v -57707052 -436090.59375 43042872 
v -57637228 -325903.59375 43069452 
v -57669060 -306871.3125 43055780 
v -57756344 -555292.875 43028440 
v -57787148 -648451 43020088 
v -57744020 -664478.1875 43038316 
v -57711160 -589350.6875 43048188 
v -57665980 -537262.3125 43064136 
v -57673168 -660471.375 43067172 
v -57708080 -693527.5 43054264 
v -57705000 -756634.625 43059580 
v -57759424 -750624.375 43037556 
v -57806660 -743612.5 43017808 
v -57841572 -747619.3125 43003380 
v -57864164 -748621 42992748 
v -57884700 -837772.3125 42978320 
v -57876484 -837772.3125 42992748 
v -57852868 -838774 43005660 
v -57815900 -839775.6875 43020848 
v -57765584 -841779.125 43040592 
v -57706028 -844784.1875 43064896 
v -57647496 -749622.6875 43082360 
v -57627984 -629418.6875 43083120 
v -57594100 -729588.6875 43102864 
v -57641336 -847789.3125 43091476 
v -57659816 -943952.5 43091476 
v -57716296 -931932.125 43067932 
v -57695756 -1030098.6875 43084640 
v -57726564 -995039.1875 43069452 
v -57766612 -1020081.6875 43055780 
v -57770720 -932933.8125 43045908 
v -57818980 -935938.875 43027684 
v -57853896 -929928.6875 43012492 
v -57875460 -926923.625 43001104 
v -57882648 -939945.6875 42991988 
v -57880592 -977008.625 42987432 
v -57873404 -1047127.625 42988952 
v -57858000 -1129267 43022368 
v -57861084 -1078180.25 43018568 
v -57865188 -1031100.375 43014012 
v -57864164 -992034.125 43012492 
v -57846708 -1018078.3125 43023124 
v -57834384 -1099216 43036036 
v -57811792 -1032102.125 43039072 
v -57742992 -1098214.25 43072488 
v -57792284 -1127263.625 43055780 
v -57825144 -1167331.625 43046668 
v -57827196 -1214411.5 43050464 
v -57832332 -1237450.625 43042112 
v -57851840 -1169335 43021608 
v -57859028 -1137280.625 42998064 
v -57870324 -982017.125 42934272 
v -57842600 -949962.6875 42843900 
v -57798444 -943952.5 42731504 
v -57742992 -960981.375 42613792 
v -57691652 -1005056.1875 42518864 
v -57660844 -1080183.75 42475576 
v -57606420 -1000047.6875 42325212 
v -57641336 -1173341.75 42476336 
v -57592044 -1131270.375 42343436 
v -57621824 -1273511.75 42510512 
v -57561240 -1259488 42368496 
v -57606420 -1370676.75 42586452 
v -57516056 -1380693.75 42401152 
v -57534540 -1492884.125 42632020 
v -57456500 -1493885.75 42440644 
v -57473956 -1553987.75 42607716 
v -57384620 -1597060.875 42484692 
v -57412344 -1626110.25 42623664 
v -57300416 -1689217.25 42534812 
v -57345600 -1697230.875 42666952 
v -57205944 -1766348.25 42588732 
v -57428776 -1647145.875 42726948 
v -57476008 -1615091.5 42764920 
v -57394888 -1697230.875 42790740 
v -57270636 -1761339.75 42718596 
v -57181300 -1814429.75 42758844 
v -57102232 -1829455.25 42645688 
v -57092992 -1853496.125 42802132 
v -56992360 -1876535.25 42704924 
v -57020084 -1877536.875 42862128 
v -56877352 -1907587.875 42764920 
v -56981064 -1887553.875 42947184 
v -56995440 -1890559 43064136 
v -57039596 -1884548.75 43185644 
v -57177192 -1851492.75 43245640 
v -57116608 -1866518.25 43184124 
v -57129956 -1860508 43117296 
v -57249072 -1825448.5 43184124 
v -57320952 -1800406 43254752 
v -57313764 -1800406 43320064 
v -57217240 -1827451.875 43392208 
v -57255236 -1811424.75 43377780 
v -57296308 -1790389 43355756 
v -57202864 -1796399.25 43410436 
v -57215188 -1748317.625 43396004 
v -57264476 -1772358.375 43377020 
v -57338412 -1770355 43336012 
v -57415424 -1749319.25 43280572 
v -57377432 -1770355 43287408 
v -57493468 -1709251.25 43224376 
v -57455472 -1734293.75 43166656 
v -57290148 -1804412.75 43099828 
v -57142280 -1850491 43029200 
v -57157684 -1842477.375 42943384 
v -57166924 -1833462.125 42873520 
v -57247020 -1802409.375 42873520 
v -57286040 -1797400.875 42991988 
v -57332248 -1754327.75 42849976 
v -57389752 -1744310.75 42985156 
v -57450340 -1681203.75 42900100 
v -57533512 -1572018.375 42808968 
v -57598208 -1456822.875 42708720 
v -57512976 -1646144.25 42975280 
v -57582804 -1591050.75 42997304 
v -57592044 -1530948.75 42853772 
v -57634148 -1497892.625 42884152 
v -57655712 -1440795.75 42815040 
v -57647496 -1520931.75 42979080 
v -57573560 -1632120.375 43114256 
v -57570480 -1647145.875 43178808 
v -57571508 -1641135.75 43204628 
v -57502708 -1691220.75 43243360 
v -57429800 -1730287 43286648 
v -57371272 -1749319.25 43320064 
v -57342516 -1744310.75 43335252 
v -57311712 -1718266.625 43345124 
v -57294256 -1670185 43345124 
v -57215188 -1688215.625 43385372 
v -57148440 -1677196.875 43415752 
v -57243940 -1612086.375 43358792 
v -57288096 -1621101.75 43339048 
v -57326088 -1579030.25 43314748 
v -57367164 -1628113.625 43304116 
v -57401048 -1675193.5 43296520 
v -57423640 -1707247.875 43291204 
v -57503736 -1663173.125 43247916 
v -57578696 -1615091.5 43207668 
v -57501680 -1609081.25 43240324 
v -57598208 -1574021.75 43193236 
v -57420560 -1566008.25 43269180 
v -57367164 -1516924.875 43285128 
v -57280908 -1539964 43329176 
v -57194652 -1592052.375 43378540 
v -57235724 -1510914.75 43345884 
v -57318900 -1471848.375 43300316 
v -57393860 -1450812.75 43263104 
v -57443152 -1485872.25 43247156 
v -57497572 -1497892.625 43225892 
v -57586912 -1522935.125 43190960 
v -57636200 -1521933.375 43169696 
v -57694732 -1481865.375 43134004 
v -57669060 -1519930 43146912 
v -57643388 -1562001.375 43162860 
v -57619772 -1594055.75 43171216 
v -57639280 -1576025.25 43140836 
v -57650576 -1547977.625 43077044 
v -57696784 -1440795.75 42929716 
v -57691652 -1505906.25 43108180 
v -57728616 -1447807.625 43088436 
v -57749156 -1415753.25 43088436 
v -57752236 -1396720.875 43098308 
v -57712188 -1446805.875 43124888 
v -57685488 -1457824.625 43139320 
v -57712188 -1459828 43033756 
v -57736832 -1381695.375 43108180 
v -57647496 -1450812.75 43154508 
v -57556104 -1472850.125 43196276 
v -57487304 -1396720.875 43215260 
v -57441096 -1398724.25 43235008 
v -57406184 -1399726 43250196 
v -57350732 -1407739.625 43276016 
v -57272692 -1436788.875 43316264 
v -57226484 -1419760 43334492 
v -57193624 -1490880.75 43361832 
v -57156656 -1563003.125 43391448 
v -57111476 -1631118.75 43424864 
v -57059104 -1664174.75 43456760 
v -56973876 -1684208.75 43503844 
v -56910208 -1700236 43539536 
v -56830116 -1687213.875 43579788 
v -56752072 -1651152.75 43615480 
v -56729484 -1700236 43636744 
v -56628852 -1697230.875 43690664 
v -56548756 -1654157.75 43729396 
v -56471740 -1607077.875 43755976 
v -56494332 -1637128.875 43740784 
v -56457364 -1621101.75 43738508 
v -56398832 -1596059.25 43710408 
v -56247884 -1495889.25 43663324 
v -56096936 -1422765.125 43521312 
v -56163684 -1411746.375 43642060 
v -56321820 -1512918.125 43737748 
v -56395752 -1554989.5 43763568 
v -56440936 -1567009.875 43768884 
v -56523084 -1615091.5 43737748 
v -56620636 -1643139.125 43686868 
v -56688408 -1594055.75 43639780 
v -57309660 -1370676.75 43288924 
v -56525136 -1564004.75 43728636 
v -56544648 -1510914.75 43708888 
v -56604204 -1532952.125 43677752 
v -56477900 -1566008.25 43755976 
v -56413208 -1530948.75 43782556 
v -56354680 -1500897.75 43783312 
v -56236588 -1398724.25 43767364 
v -56271504 -1388707.25 43815968 
v -56287932 -1378690.25 43830400 
v -56249940 -1276516.875 43849384 
v -56196544 -1143290.75 43861536 
v -56155468 -1006057.875 43866852 
v -56153416 -903884.5 43863812 
v -56142120 -801711.125 43856980 
v -56166764 -661473.125 43837992 
v -56202704 -525241.875 43812932 
v -56228376 -420063.40625 43784072 
v -56171896 -508213 43793188 
v -56112340 -652457.8125 43784072 
v -56058944 -702542.8125 43719520 
v -56012736 -743612.5 43651932 
v -55992196 -707551.3125 43598012 
v -56066132 -614393.1875 43684588 
v -56131848 -543272.5 43755216 
v -56210920 -412049.8125 43768884 
v -56268424 -326905.3125 43746100 
v -56278692 -294850.90625 43724836 
v -56173952 -409044.6875 43718764 
v -56057916 -547279.3125 43626112 
v -55967552 -661473.125 43526628 
v -55942908 -613391.5 43460556 
v -55926476 -577330.3125 43408916 
v -55969608 -501201.09375 43438532 
v -56023004 -510216.40625 43543336 
v -56101044 -408043 43593456 
v -56033272 -410046.40625 43472708 
v -56059968 -319893.40625 43392208 
v -56170872 -199689.40625 43384612 
v -56284852 -88500.703125 43358792 
v -56312576 -23390.19921875 43224376 
v -56384456 -21386.80078125 43352716 
v -56308468 -114544.8984375 43459036 
v -56172924 -235750.59375 43464352 
v -56109260 -324901.90625 43503844 
v -56173952 -315886.59375 43606368 
v -56244804 -287839 43677752 
v -56313604 -237754 43699776 
v -56367000 -167635 43667880 
v -56311552 -198687.703125 43642820 
v -56237616 -233747.203125 43585104 
v -56172924 -263798.1875 43519792 
v -56286904 -164629.90625 43534980 
v -56381376 -116548.296875 43592696 
v -56432720 -96514.296875 43626112 
v -56487144 -14374.900390625 43515996 
v -56511788 -34408.8984375 43584344 
v -56689436 56745.80078125 43484860 
v -56803416 85795.1015625 43446888 
v -56770556 70769.6015625 43471188 
v -56627824 27696.5 43520552 
v -56600100 6660.7998046875 43550168 
v -56728456 48732.19921875 43493972 
v -56859892 78783.203125 43433216 
v -56955392 84793.3984375 43384612 
v -57085804 65761.1015625 43320064 
v -57150496 46728.80078125 43288924 
v -57224428 49733.8984375 43247916 
v -57319928 16677.80078125 43201592 
v -57397968 -16378.2998046875 43162100 
v -57472928 -61454.80078125 43127928 
v -57526324 -104527.8984375 43099068 
v -57554052 -134578.90625 43093752 
v -57483196 -86497.296875 43133244 
v -57402076 -43424.19921875 43169696 
v -57316848 -6361.2998046875 43209184 
v -57259344 31703.30078125 43233488 
v -57231616 23689.69921875 43249436 
v -57203892 -5359.60009765625 43262344 
v -57104288 17679.5 43310188 
v -56956420 38715.19921875 43383096 
v -56828060 55744.1015625 43450684 
v -56765424 31703.30078125 43483340 
v -56811632 6660.7998046875 43458280 
v -56872216 -65461.6015625 43425624 
v -56807524 -54442.8984375 43459796 
v -56716132 -23390.19921875 43509160 
v -56687380 2654 43524348 
v -56688408 28698.19921875 43519032 
v -56597016 -11369.7998046875 43567636 
v -56658628 8664.2001953125 43538020 
v -56606260 -34408.8984375 43568396 
v -56626796 -66463.296875 43557764 
v -56728456 -72473.5 43501564 
v -56773636 -130572.1015625 43476504 
v -56820872 -151607.796875 43451444 
v -56854760 -180657.09375 43432456 
v -56904048 -112541.5 43407396 
v -56959500 -79485.3984375 43380056 
v -57046784 -58449.69921875 43336768 
v -57112500 -42422.5 43305632 
v -57193624 -54442.8984375 43266144 
v -57298364 -40419.1015625 43217540 
v -57270636 -90504.1015625 43229692 
v -57407212 -98517.703125 43167416 
v -57506816 -125563.6015625 43123372 
v -57584856 -174646.90625 43081600 
v -57677276 -272813.5 43033000 
v -57683436 -290844.09375 43044388 
v -57614636 -210708.09375 43072488 
v -57551996 -174646.90625 43103624 
v -57636200 -242762.5 43066412 
v -57608476 -234748.90625 43080084 
v -57572536 -244765.90625 43096032 
v -57502708 -177652 43125648 
v -57416452 -209706.40625 43162860 
v -57332248 -148602.703125 43200832 
v -57236752 -143594.203125 43244880 
v -57193624 -104527.8984375 43265384 
v -57150496 -116548.296875 43285888 
v -57103260 -140589.09375 43307912 
v -57195676 -185665.59375 43263104 
v -57285012 -201692.796875 43222096 
v -57364080 -226735.296875 43186404 
v -57419532 -313883.1875 43162860 
v -57478064 -230742.09375 43136280 
v -57471904 -316888.3125 43139320 
v -57539676 -281828.8125 43110460 
v -57516056 -325903.59375 43121092 
v -57589992 -353951.1875 43089956 
v -57617716 -438094 43080084 
v -57534540 -386005.59375 43114256 
v -57474984 -415054.90625 43140076 
v -57550972 -467143.3125 43108940 
v -57611556 -523238.5 43085400 
v -57584856 -609384.6875 43099828 
v -57551996 -697534.3125 43118056 
v -57520164 -780675.375 43135520 
v -57567400 -850794.375 43121092 
v -57609500 -967993.3125 43114256 
v -57655712 -1065158.25 43104384 
v -57703972 -1153307.75 43093752 
v -57758396 -1250472.75 43082360 
v -57785096 -1298554.25 43077044 
v -57797416 -1320591.75 43066412 
v -57833356 -1235447.25 43014772 
v -57852868 -1094207.5 42944144 
v -57831304 -1051134.375 42855292 
v -57804604 -1018078.3125 42772512 
v -57776880 -1058146.25 42727708 
v -57805632 -1142289.125 42851496 
v -57825144 -1204394.5 42956296 
v -57796392 -1330608.75 43044388 
v -57701920 -1365668.25 43120332 
v -57670088 -1255481.25 43119572 
v -57652628 -1172340.125 43116536 
v -57614636 -1089199 43122612 
v -57571508 -1005056.1875 43132484 
v -57529408 -924920.1875 43142356 
v -57496548 -853799.5 43150708 
v -57504760 -988027.3125 43158304 
v -57545836 -1055141.25 43147672 
v -57584856 -1102221.125 43136280 
v -57593072 -1159318 43139320 
v -57652628 -1341627.375 43137800 
v -57599232 -1234445.5 43146152 
v -57532488 -1120251.75 43160584 
v -57611556 -1416754.875 43165140 
v -57593072 -1315583.25 43159064 
v -57581776 -1375685.25 43171972 
v -57530432 -1294547.5 43182604 
v -57539676 -1389709 43191720 
v -57470876 -1289539 43206908 
v -57422612 -1310574.75 43230448 
v -57383592 -1351644.375 43253232 
v -57346624 -1310574.75 43263864 
v -57385648 -1253477.75 43238804 
v -57441096 -1155311.25 43202352 
v -57527352 -1201389.375 43171972 
v -57483196 -1056142.875 43174252 
v -57458552 -967993.3125 43176532 
v -57477036 -915904.875 43164380 
v -57464716 -858808 43165140 
v -57468820 -796702.625 43158304 
v -57449312 -864818.1875 43172732 
v -57442124 -1004054.5 43187920 
v -57407212 -1117246.625 43214500 
v -57346624 -1218418.25 43253232 
v -57327116 -1256482.875 43266144 
v -57298364 -1303562.75 43284368 
v -57263448 -1357654.625 43308672 
v -57177192 -1413749.75 43357276 
v -57218268 -1354649.5 43329176 
v -57258316 -1317586.625 43305632 
v -57256260 -1296550.875 43304116 
v -57181300 -1349641 43346644 
v -57121744 -1412748.125 43383856 
v -57148440 -1481865.375 43381576 
v -57135092 -1535957.25 43396764 
v -57098124 -1563003.125 43419548 
v -57049864 -1580032 43446128 
v -56999548 -1635125.5 43481060 
v -56911236 -1603071.125 43522072 
v -56867080 -1627111.875 43549408 
v -56826008 -1638130.625 43572952 
v -56781852 -1600066 43590420 
v -56730508 -1541967.375 43607884 
v -56652468 -1516924.875 43647376 
v -56593936 -1429777 43667120 
v -56542592 -1426771.875 43696740 
v -56498440 -1416754.875 43721040 
v -56480984 -1460829.75 43737748 
v -56470712 -1357654.625 43728636 
v -56527192 -1327603.625 43690664 
v -56585724 -1315583.25 43654972 
v -56492276 -1233443.75 43698256 
v -56429640 -1278520.25 43741544 
v -56423480 -1389709 43760532 
v -56454284 -1496890.875 43759012 
v -56421424 -1506907.875 43779516 
v -56392672 -1497892.625 43792428 
v -56340304 -1468843.25 43801540 
v -56344408 -1450812.75 43811412 
v -56359812 -1435787.25 43805336 
v -56386512 -1417756.625 43787112 
v -56372136 -1307569.625 43779516 
v -56817792 -1557994.625 43563840 
v -56301280 -1357654.625 43828880 
v -56312576 -1317586.625 43816728 
v -56276636 -1213409.75 43825840 
v -56329008 -1224428.5 43795464 
v -56382404 -1206397.875 43760532 
v -56429640 -1163324.75 43726356 
v -56579560 -1157314.625 43635984 
v -56660684 -1272510.125 43604848 
v -56637064 -1335617.25 43627632 
v -56638092 -1427773.625 43641300 
v -56692516 -1477858.625 43618516 
v -56767476 -1492884.125 43579788 
v -56855788 -1525940.25 43538020 
v -56892752 -1501899.375 43513716 
v -56942044 -1572018.375 43500048 
v -56999548 -1566008.25 43468912 
v -57041648 -1494887.5 43435496 
v -57097100 -1486873.875 43407396 
v -57033432 -1398724.25 43425624 
v -57171032 -1332612.125 43349680 
v -57262424 -1274513.5 43299556 
v -57352788 -1191372.375 43247156 
v -57393860 -1104224.5 43216020 
v -57428776 -1020081.6875 43195516 
v -57436988 -882848.8125 43179568 
v -57445204 -758638 43166656 
v -57487304 -721575.125 43145392 
v -57520164 -650454.375 43127928 
v -56244804 -1231440.375 43847108 
v -57458552 -662474.8125 43155268 
v -57428776 -757636.3125 43174252 
v -57424668 -813731.5 43180328 
v -57430828 -913901.5 43185644 
v -57417480 -1018078.3125 43197796 
v -57381540 -1093205.75 43212224 
v -57347652 -1176346.875 43246396 
v -57280908 -1248469.25 43287408 
v -57208000 -1297552.625 43328416 
v -57147416 -1331610.375 43361072 
v -57227508 -1269505 43311708 
v -57268584 -1245464.25 43291204 
v -57299388 -1224428.5 43275256 
v -57330196 -1176346.875 43248676 
v -57368188 -1078180.25 43186404 
v -57409264 -999046 43194756 
v -57423640 -944954.1875 43190200 
v -57421588 -902882.8125 43187164 
v -57298364 -1195379.25 43260068 
v -57404128 -954971.1875 43187920 
v -57415424 -849792.6875 43184124 
v -57414400 -736600.625 43180328 
v -57406184 -582338.8125 43173492 
v -57498600 -589350.6875 43134004 
v -57553024 -599367.6875 43112740 
v -57554052 -542270.8125 43109700 
v -57484224 -511218.09375 43137800 
v -57417480 -427075.3125 43165140 
v -57373324 -315886.59375 43182604 
v -57366136 -408043 43186404 
v -57338412 -315886.59375 43197796 
v -57319928 -265801.59375 43206148 
v -57282960 -312881.5 43222856 
v -57242912 -250776.09375 43241080 
v -57154604 -218721.703125 43282852 
v -57069372 -172643.5 43323860 
v -57015976 -108534.703125 43351200 
v -56961552 -164629.90625 43377020 
v -56913292 -181658.796875 43402080 
v -56875296 -208704.703125 43421824 
v -56856812 -263798.1875 43430940 
v -56814712 -254782.90625 43453720 
v -56774664 -233747.203125 43474984 
v -56732564 -203696.203125 43497768 
v -56691488 -164629.90625 43520552 
v -56731536 -122558.5 43500048 
v -56655548 -114544.8984375 43541056 
v -56525136 -132575.5 43613200 
v -56600100 -176650.296875 43571432 
v -56647332 -226735.296875 43544092 
v -56691488 -272813.5 43520552 
v -56733588 -307873 43497008 
v -56777744 -325903.59375 43473468 
v -56826008 -331913.8125 43447648 
v -56908156 -257788 43404360 
v -56963608 -250776.09375 43375500 
v -56879404 -332915.5 43419548 
v -56818820 -397024.3125 43452964 
v -56781852 -391014.09375 43471948 
v -56738724 -388009 43494732 
v -56694568 -373985.1875 43519032 
v -56656576 -336922.3125 43539536 
v -56618580 -292847.5 43560800 
v -56573400 -256786.296875 43585864 
v -56523084 -244765.90625 43615480 
v -56440936 -218721.703125 43663324 
v -56466608 -269808.40625 43648896 
v -56378296 -289842.40625 43700536 
v -56410128 -324901.90625 43682308 
v -56320792 -373985.1875 43736228 
v -56361868 -400029.40625 43712688 
v -56432720 -367975 43670160 
v -56474820 -353951.1875 43645096 
v -56526164 -347941 43614720 
v -56570320 -345937.59375 43588900 
v -56603180 -344935.90625 43569916 
v -56621664 -394019.1875 43560040 
v -56655548 -436090.59375 43541816 
v -56700732 -443102.5 43516756 
v -56741804 -429078.6875 43493972 
v -56742832 -450114.40625 43494732 
v -56580588 -437092.3125 43584344 
v -56611392 -496192.59375 43568396 
v -56669924 -492185.8125 43535740 
v -56531300 -459129.6875 43613960 
v -56471740 -452117.8125 43648896 
v -56412184 -428077 43683068 
v -56320792 -485173.90625 43740028 
v -56381376 -510216.40625 43704332 
v -56448124 -547279.3125 43665604 
v -56543620 -605377.875 43611684 
v -56649388 -531252.125 43549408 
v -56735644 -472151.8125 43500048 
v -56828060 -413051.5 43448404 
v -56966688 -346939.3125 43374740 
v -57053972 -325903.59375 43331452 
v -57020084 -253781.203125 43347400 
v -57010844 -177652 43352716 
v -57050888 -201692.796875 43332972 
v -57114556 -242762.5 43301836 
v -57200812 -289842.40625 43260828 
v -57245992 -352949.5 43240324 
v -57290148 -412049.8125 43220576 
v -57321980 -366973.3125 43205388 
v -57337384 -471150.09375 43200832 
v -57301444 -509214.6875 43218300 
v -57373324 -605377.875 43190200 
v -57277824 -470148.40625 43227412 
v -57242912 -422066.8125 43241840 
v -57200812 -369978.40625 43260828 
v -57156656 -310878.09375 43281332 
v -57072452 -254782.90625 43321580 
v -57108392 -320895.09375 43304872 
v -57156656 -376990.3125 43282092 
v -57200812 -411048.09375 43261588 
v -57201840 -433085.5 43262344 
v -57120716 -385003.90625 43300316 
v -57112500 -402032.8125 43304872 
v -57153576 -435088.90625 43286648 
v -57088884 -406039.59375 43317024 
v -57210052 -455122.90625 43259308 
v -57232644 -479163.6875 43250196 
v -57310684 -533255.5 43215260 
v -57357920 -609384.6875 43193996 
v -57402076 -700539.375 43182604 
v -57253180 -500199.40625 43240324 
v -57218268 -480165.40625 43255512 
v -57305552 -543272.5 43216780 
v -57282960 -537262.3125 43221336 
v -57174112 -458128 43274496 
v -57088884 -406039.59375 43317024 
v -57245992 -517228.3125 43231968 
v -57134064 -438094 43291964 
v -57409264 -799707.6875 43182604 
v -57402076 -880845.375 43179568 
v -57338412 -608383 43193236 
v -57374352 -695530.875 43178808 
v -57389752 -691524.125 43184124 
v -57394888 -788689 43175012 
v -57398996 -760641.375 43180328 
v -57382564 -919911.6875 43159064 
v -57378460 -807721.3125 43154508 
v -57355868 -703544.5 43158304 
v -57307604 -595360.875 43181848 
v -57193624 -484172.1875 43252472 
v -57103260 -427075.3125 43301836 
v -57043700 -401031.09375 43332212 
v -57126876 -446107.59375 43279812 
v -57229564 -525241.875 43207668 
v -57236752 -555292.875 43149952 
v -57292200 -622406.8125 43123372 
v -57332248 -706549.625 43114256 
v -57353812 -799707.6875 43111980 
v -57354840 -891864.125 43108180 
v -57056024 -396022.59375 43332212 
v -57327116 -779673.6875 43072488 
v -57303496 -715564.875 43059580 
v -57317872 -822746.8125 43048948 
v -57340464 -967993.3125 43090716 
v -57315820 -1096210.875 43113496 
v -57280908 -1191372.375 43232728 
v -57248048 -1238452.25 43285128 
v -57189516 -1294547.5 43332212 
v -57115580 -1343630.75 43378540 
v -57159736 -1308571.25 43344364 
v -57182328 -1287535.625 43320064 
v -57103260 -1340625.75 43377780 
v -57030352 -1368673.25 43423344 
v -56943068 -1350642.75 43465112 
v -56910208 -1340625.75 43481060 
v -56860920 -1308571.25 43499288 
v -56949232 -1346635.875 43455240 
v -56888644 -1320591.75 43481060 
v -56854760 -1302561.125 43485616 
v -56791096 -1264496.5 43517512 
v -56741804 -1230438.75 43543336 
v -56821900 -1288537.25 43518272 
v -56778772 -1266499.875 43539536 
v -56845516 -1311576.375 43511440 
v -57027272 -1358656.25 43416508 
v -56708944 -1209403 43563840 
v -56910208 -1340625.75 43481060 
v -56886592 -1343630.75 43493212 
v -56948204 -1419760 43471948 
v -56985172 -1490880.75 43463596 
v -56958472 -1542969.125 43486376 
v -56933828 -1489879 43490176 
v -56894808 -1424768.5 43500048 
v -56847572 -1433783.75 43526628 
v -56805472 -1454819.5 43552448 
v -56725376 -1431780.375 43592696 
v -56670952 -1427773.625 43622316 
v -56683272 -1377688.625 43607128 
v -56711000 -1332612.125 43585104 
v -56758236 -1391712.375 43568396 
v -56800336 -1375685.25 43542576 
v -56756180 -1323596.75 43559284 
v -56719212 -1274513.5 43572952 
v -56693544 -1235447.25 43582824 
v -56622688 -1138282.25 43610924 
v -56685328 -1211406.375 43584344 
v -56788012 -1290540.75 43538776 
v -56797256 -1313579.75 43536500 
v -56798284 -1334615.5 43538020 
v -56843464 -1369675 43519032 
v -56879404 -1360659.75 43499288 
v -56765424 -1267501.625 43547892 
v -56744884 -1245464.25 43556244 
v -56691488 -1203392.75 43578268 
v -56637064 -1136278.875 43598772 
v -56593936 -1044122.5 43617000 
v -56605232 -1054139.5 43607128 
v -56610368 -1053137.75 43591936 
v -56649388 -1139284 43582064 
v -56604204 -1049131 43563840 
v -56659656 -1156312.875 43553208 
v -56581616 -943952.5 43566116 
v -56588804 -959979.6875 43593456 
v -56592912 -987025.625 43604088 
v -56585724 -946957.625 43608644 
v -56580588 -896872.625 43608644 
v -56580588 -1007059.625 43620796 
v -56575452 -843782.5 43607884 
v -56572372 -930930.375 43619276 
v -56573400 -801711.125 43606368 
v -56567240 -831762.125 43613200 
v -56578536 -728587 43597252 
v -56582640 -748621 43590420 
v -56583668 -792695.8125 43587380 
v -56582640 -867823.3125 43590420 
v -56575452 -832763.8125 43558524 
v -56565184 -984020.5 43626872 
v -56597016 -673493.5 43542576 
v -56607288 -654461.1875 43566876 
v -56601124 -643442.5 43578268 
v -56567240 -728587 43605608 
v -56559024 -863816.5 43620036 
v -56552864 -748621 43614720 
v -56587776 -632423.8125 43588140 
v -56643228 -557296.3125 43553208 
v -56506652 -733595.5 43639780 
v -56536432 -790692.375 43626872 
v -56547728 -880845.375 43627632 
v -56548756 -976006.875 43635224 
v -56526164 -1042119.125 43654212 
v -56461472 -1106227.875 43700536 
v -56356732 -1107229.625 43764328 
v -56345436 -1152306.125 43776480 
v -56299228 -1141287.375 43803820 
v -56248912 -1120251.75 43831916 
v -56288960 -1059148 43800780 
v -56376244 -1054139.5 43746860 
v -56466608 -1047127.625 43689904 
v -56500492 -979012 43662564 
v -56526164 -935938.875 43644340 
v -56531300 -886855.625 43636744 
v -56520004 -842780.8125 43639780 
v -56501520 -891864.125 43654212 
v -56475848 -927925.3125 43672436 
v -56455312 -990030.6875 43691424 
v -56395752 -1012068.125 43729396 
v -56337220 -959979.6875 43759772 
v -56301280 -994037.5 43786352 
v -56231456 -1022085.125 43831916 
v -56208864 -1090200.75 43853180 
v -56229400 -1168333.25 43849384 
v -56188328 -1097212.625 43863812 
v -56166764 -994037.5 43866092 
v -56186272 -1061151.375 43862296 
v -56191408 -999046 43853940 
v -56180112 -902882.8125 43851664 
v -56155468 -812729.8125 43856980 
v -56163684 -708553 43844828 
v -56195516 -634427.1875 43823564 
v -56203732 -570318.375 43815208 
v -56243776 -440097.40625 43784832 
v -56274584 -343934.1875 43757492 
v -56333116 -259791.40625 43721040 
v -56356732 -221726.796875 43703572 
v -56381376 -179655.40625 43686868 
v -56400888 -147601 43668640 
v -56453256 -100521.1015625 43644340 
v -56522056 -50436.1015625 43605608 
v -56527192 -77482 43612444 
v -56432720 -166633.296875 43667120 
v -56452232 -125563.6015625 43654972 
v -56393700 -219723.40625 43690664 
v -56344408 -282830.5 43720280 
v -56317712 -293849.1875 43733952 
v -56292040 -357958 43752936 
v -56260208 -479163.6875 43776480 
v -56236588 -586345.625 43796224 
v -56287932 -572321.8125 43763568 
v -56343384 -585343.875 43730912 
v -56395752 -623408.5 43700536 
v -56433748 -676498.625 43680032 
v -56447096 -736600.625 43675476 
v -56442988 -796702.625 43682308 
v -56489196 -802712.8125 43654212 
v -56471740 -857806.3125 43669400 
v -56456336 -893867.5 43681552 
v -56434772 -940947.375 43698256 
v -56412184 -983018.8125 43716484 
v -56385484 -946957.625 43728636 
v -56421424 -894869.1875 43702816 
v -56428612 -847789.3125 43693700 
v -56379324 -845785.875 43724080 
v -56400888 -806719.625 43708132 
v -56381376 -778672 43718764 
v -56355704 -737602.3125 43731672 
v -56329008 -834767.1875 43753696 
v -56369056 -896872.625 43733952 
v -56309496 -898876 43771164 
v -56229400 -900879.375 43821284 
v -56179084 -805717.875 43844828 
v -56166764 -744614.1875 43847108 
v -56185248 -713561.5 43834956 
v -56221188 -681507.125 43810652 
v -56268424 -657466.3125 43780276 
v -56312576 -642440.8125 43752176 
v -56330032 -686515.625 43743824 
v -56268424 -739605.6875 43784832 
v -56288960 -803714.5 43777240 
v -56217080 -780675.375 43819768 
v -57779960 -1339624 42985912 
v -57725536 -1351644.375 42851496 
v -57769692 -1213409.75 42818840 
v -57738884 -1110234.75 42671508 
v -57705000 -1164326.5 42618348 
v -57676248 -1205396.25 42578860 
v -57678300 -1276516.875 42640372 
v -57727592 -1257484.625 42745932 
v -57672140 -1362663.125 42724668 
v -57414400 -736600.625 43180328 
v -57373324 -605377.875 43190200 
v -57402076 -700539.375 43182604 
v -57202864 -1258486.25 43275256 
v -57103260 -1328605.25 43357276 
v -57017004 -1347637.625 43399044 
v -56932800 -1334615.5 43443848 
v -56805472 -1277518.625 43476504 
v -56730508 -1226431.875 43514476 
v -56746940 -1254479.5 43452204 
v -56679168 -1203392.75 43482580 
v -56887620 -1316584.875 43427900 
v -56809576 -1291542.375 43405876 
v -56851680 -1316584.875 43349680 
v -56994412 -1341627.375 43353476 
v -56951284 -1344632.5 43268420 
v -56858868 -1332612.125 43288924 
v -56738724 -1276516.875 43329176 
v -56715108 -1254479.5 43383096 
v -56700732 -1235447.25 43422584 
v -56641172 -1195379.25 43429420 
v -56620636 -1137280.625 43503084 
v -56583668 -1052136.125 43518272 
v -56563132 -959979.6875 43522828 
v -56553888 -868825 43509160 
v -56543620 -796702.625 43478024 
v -56532324 -946957.625 43452964 
v -56548756 -986023.875 43480300 
v -56555944 -1052136.125 43461316 
v -56584696 -1131270.375 43440052 
v -56623716 -1200387.75 43363348 
v -56631932 -1220421.75 43298040 
v -56553888 -1128265.25 43364108 
v -56528216 -1039114 43399044 
v -56515896 -899877.6875 43414992 
v -56503572 -1003052.8125 43345884 
v -56515896 -1127263.625 43251712 
v -56480984 -980013.6875 43258548 
v -56483036 -934937.1875 43317024 
v -56497412 -853799.5 43378540 
v -56525136 -760641.375 43428660 
v -56568264 -668485 43455240 
v -56678140 -561303.125 43484860 
v -56688408 -553289.5 43515236 
v -56661708 -571320.125 43536500 
v -56649388 -570318.375 43549408 
v -56717160 -498196 43511440 
v -56791096 -448111 43469668 
v -56697648 -522236.8125 43521312 
v -56728456 -501201.09375 43503084 
v -56768504 -477160.3125 43480300 
v -56736672 -510216.40625 43484860 
v -56754128 -494189.1875 43440052 
v -56630904 -588349 43448404 
v -56540540 -668485 43383856 
v -56503572 -750624.375 43367908 
v -56489196 -817738.3125 43351200 
v -56474820 -848791 43305632 
v -56851680 -415054.90625 43437016 
v -56805472 -453119.5 43458280 
v -56486116 -757636.3125 43302596 
v -56523084 -670488.375 43309432 
v -56587776 -595360.875 43325380 
v -56599072 -597364.3125 43389172 
v -56698676 -525241.875 43415752 
v -56833196 -447109.3125 43385372 
v -56875296 -421065.09375 43399044 
v -56800336 -461133.09375 43445368 
v -56832168 -438094 43439292 
v -56883512 -403034.5 43419548 
v -56966688 -346939.3125 43374740 
v -56968740 -377992 43375500 
v -56965660 -389010.6875 43369424 
v -56890700 -407041.3125 43409676 
v -56958472 -402032.8125 43352716 
v -57045756 -415054.90625 43313228 
v -57151520 -476158.59375 43238804 
v -57167952 -505207.90625 43179568 
v -57174112 -530250.375 43128688 
v -57217240 -573323.5 43091476 
v -57133040 -516226.59375 43115776 
v -57091964 -470148.40625 43198552 
v -57061160 -438094 43270700 
v -56935880 -416056.59375 43308672 
v -57020084 -450114.40625 43196276 
v -57074508 -500199.40625 43100588 
v -57177192 -577330.3125 43042112 
v -57264476 -638434 43061096 
v -57272692 -739605.6875 43007176 
v -57300416 -875836.875 43020088 
v -57313764 -1011066.375 43051224 
v -57275772 -1105226.25 43048948 
v -57277824 -1172340.125 43168936 
v -57215188 -1234445.5 43212224 
v -57115580 -1307569.625 43312468 
v -57142280 -1278520.25 43237284 
v -57074508 -1307569.625 43237284 
v -57021112 -1325600.25 43206148 
v -56919452 -1345634.25 43200832 
v -56841412 -1336618.875 43227412 
v -56760288 -1300557.75 43277536 
v -56674032 -1258486.25 43247156 
v -56779800 -1313579.75 43237284 
v -56737696 -1298554.25 43205388 
v -56813684 -1324598.5 43171216 
v -56890700 -1332612.125 43136280 
v -56985172 -1330608.75 43154508 
v -57069372 -1287535.625 43121852 
v -57120716 -1262493.125 43135520 
v -57176168 -1237450.625 43148432 
v -57215188 -1215413.25 43156024 
v -57249072 -1171338.375 43107424 
v -57205944 -1180353.75 43061096 
v -57152548 -1201389.375 43035276 
v -57092992 -1240455.75 43036036 
v -57030352 -1283528.75 43058060 
v -57028300 -1302561.125 43111220 
v -56962580 -1316584.875 43095272 
v -57228536 -1108231.25 42988952 
v -57168980 -1109233 42928196 
v -57096072 -1195379.25 42969208 
v -57028300 -1249471 43002620 
v -56956420 -1287535.625 43039832 
v -57279880 -1028095.3125 42999584 
v -57237780 -1023086.8125 42945664 
v -57195676 -997042.625 42903136 
v -57240860 -933935.5 42928956 
v -57269612 -962984.8125 42970724 
v -57285012 -925921.875 42989712 
v -57240860 -850794.375 42935792 
v -57248048 -782678.8125 42963892 
v -57224428 -653459.5 42998824 
v -57120716 -566311.625 43010216 
v -57199784 -898876 42892504 
v -57191568 -797704.3125 42897820 
v -57166924 -670488.375 42922120 
v -57156656 -949962.6875 42884908 
v -57138172 -1007059.625 42897060 
v -57113528 -1096210.875 42916804 
v -57079640 -1161321.375 42940348 
v -57025220 -1213409.75 42970724 
v -56966688 -1243460.75 43001104 
v -56914316 -1252476.125 43024644 
v -56872216 -1306567.875 43075528 
v -56785960 -1302561.125 43127168 
v -56704836 -1273511.75 43166656 
v -56623716 -1222425.125 43206148 
v -56592912 -1158316.25 43180328 
v -56636040 -1206397.875 43165140 
v -56701756 -1250472.75 43136280 
v -56770556 -1273511.75 43102108 
v -56834224 -1270506.75 43066412 
v -56880432 -1238452.25 43033756 
v -56860920 -1209403 43036036 
v -56815740 -1232442.125 43061856 
v -56759260 -1238452.25 43091476 
v -56715108 -1231440.375 43118056 
v -56684300 -1202391.125 43127168 
v -56741804 -1198384.25 43092992 
v -56722296 -1159318 43099828 
v -56657604 -1163324.75 43136280 
v -56800336 -1189369 43063376 
v -56848600 -1169335 43037556 
v -56888644 -1146295.875 43014772 
v -56887620 -1182357.125 43019328 
v -56910208 -1187365.625 43009456 
v -56942044 -1190370.75 42995028 
v -56781852 -1147297.625 43068692 
v -56834224 -1128265.25 43041352 
v -56877352 -1104224.5 43017052 
v -56923560 -1127263.625 42996544 
v -56758236 -1114241.5 43077804 
v -56809576 -1098214.25 43051224 
v -56702784 -1127263.625 43106664 
v -56645280 -1132272.125 43138560 
v -56588804 -1123256.75 43172732 
v -56548756 -1095209.25 43195516 
v -56540540 -1042119.125 43190960 
v -56514868 -1025090.1875 43209184 
v -56493304 -962984.8125 43218300 
v -56471740 -875836.875 43253992 
v -56480984 -775666.875 43244880 
v -56516924 -665479.875 43220576 
v -56600100 -577330.3125 43263104 
v -56692516 -512219.8125 43291204 
v -56670952 -532253.8125 43345884 
v -56654520 -550284.375 43384612 
v -56758236 -483170.5 43367148 
v -56798284 -459129.6875 43308672 
v -56803416 -448111 43245640 
v -56893780 -426073.59375 43224376 
v -56965660 -442100.8125 43162860 
v -57020084 -482168.8125 43083120 
v -57053972 -534257.1875 43004900 
v -56731536 -1086193.875 43089196 
v -56681220 -1100217.75 43115776 
v -56976956 -473153.5 43070968 
v -56929720 -447109.3125 43111980 
v -56982092 -497194.3125 43020848 
v -57066292 -587347.3125 42943384 
v -57054996 -627415.3125 42915288 
v -57112500 -696532.625 42895540 
v -57146388 -781677.125 42881872 
v -57160764 -869826.6875 42877316 
v -57116608 -888859 42884908 
v -57099152 -930930.375 42897060 
v -57110448 -1027093.625 42904656 
v -57069372 -1077178.625 42922880 
v -57047808 -1137280.625 42939588 
v -57020084 -1180353.75 42960092 
v -56984144 -1187365.625 42974524 
v -57003656 -1121253.375 42955536 
v -56959500 -1117246.625 42977560 
v -57019056 -1055141.25 42941868 
v -56912264 -1075175.25 42997304 
v -56848600 -1077178.625 43029960 
v -56781852 -1073171.75 43063376 
v -56759260 -1047127.625 43071728 
v -56704836 -1059148 43100588 
v -56653496 -1076176.875 43127928 
v -56646308 -1110234.75 43135520 
v -56612420 -1097212.625 43152228 
v -56583668 -1071168.375 43165900 
v -56573400 -1031100.375 43166656 
v -56578536 -993035.8125 43159824 
v -56559024 -981015.375 43169696 
v -56606260 -967993.3125 43143116 
v -56614476 -1010064.6875 43142356 
v -56628852 -1048129.3125 43137800 
v -56681220 -1028095.3125 43109700 
v -56663764 -990030.6875 43115776 
v -56654520 -944954.1875 43117296 
v -56598044 -927925.3125 43143876 
v -56539512 -953969.5 43179568 
v -56516924 -911898.125 43187920 
v -56483036 -878842 43217540 
v -56503572 -870828.375 43195516 
v -56492276 -795700.875 43206908 
v -56516924 -820743.375 43181088 
v -56550808 -851796.125 43161340 
v -56582640 -888859 43148432 
v -56652468 -895870.875 43114256 
v -56716132 -900879.375 43082360 
v -56709972 -941949.125 43088436 
v -56721268 -981015.375 43086160 
v -56740776 -1017076.625 43079324 
v -56803416 -1013069.8125 43047428 
v -56779800 -977008.625 43056540 
v -56756180 -948961 43065652 
v -56780824 -929928.6875 43051984 
v -56836276 -970998.375 43027684 
v -56813684 -906889.625 43033756 
v -56742832 -865819.875 43066412 
v -56657604 -825751.875 43105904 
v -56589828 -795700.875 43137040 
v -56546700 -764648.1875 43161340 
v -56520004 -729588.6875 43185644 
v -56570320 -655462.875 43154508 
v -56564160 -696532.625 43152988 
v -56583668 -728587 43137800 
v -56625768 -752627.8125 43115776 
v -56683272 -766651.625 43088436 
v -56746940 -769656.6875 43056540 
v -56752072 -805717.875 43056540 
v -56790068 -842780.8125 43040592 
v -56850652 -832763.8125 43008696 
v -56874268 -864818.1875 43000344 
v -56921504 -880845.375 42977560 
v -56847572 -881847.125 43014772 
v -56910208 -922916.8125 42986672 
v -56881456 -954971.1875 43003380 
v -56870164 -1014071.5 43014012 
v -56815740 -1042119.125 43043632 
v -56815740 -1064156.5 43045148 
v -56871188 -1049131 43015532 
v -56952312 -1026091.875 42973764 
v -56972848 -962984.8125 42958576 
v -56979008 -908893 42950220 
v -56915344 -833765.5 42976800 
v -56826008 -795700.875 43018568 
v -56810604 -764648.1875 43023884 
v -56801364 -741609.125 43026924 
v -56761316 -736600.625 43045908 
v -56830116 -725581.875 43010976 
v -56867080 -752627.8125 42994268 
v -56895832 -788689 42982876 
v -56979008 -853799.5 42946424 
v -57035488 -898876 42921364 
v -57030352 -944954.1875 42927436 
v -57027272 -996040.875 42933512 
v -57072452 -1020081.6875 42915288 
v -57080668 -958978 42906172 
v -57047808 -857806.3125 42912248 
v -56971820 -775666.875 42943384 
v -57063212 -975005.1875 42915288 
v -57072452 -819741.6875 42896300 
v -57128932 -850794.375 42879592 
v -57107368 -791694.125 42883392 
v -57071428 -720573.375 42896300 
v -57026244 -655462.875 42913008 
v -57028300 -746617.625 42913008 
v -56943068 -679503.6875 42950980 
v -56986196 -673493.5 42928196 
v -56901996 -724580.1875 42974524 
v -56854760 -697534.3125 42995788 
v -56900968 -671490.125 42970724 
v -56908156 -606379.625 42965408 
v -56951284 -606379.625 42944904 
v -56988252 -611388.125 42931236 
v -56988252 -576328.625 42939588 
v -56986196 -536260.625 42969208 
v -56910208 -469146.6875 43054264 
v -56922532 -550284.375 42967688 
v -56870164 -545275.875 42990472 
v -56876324 -611388.125 42980596 
v -56859892 -654461.1875 42990472 
v -56814712 -634427.1875 43010976 
v -56821900 -593357.5 43006420 
v -56852704 -618400 42991988 
v -56838328 -562304.8125 43001104 
v -56820872 -492185.8125 43036036 
v -56907128 -504206.1875 43001860 
v -56836276 -458128 43093752 
v -56861948 -436090.59375 43156784 
v -56785960 -452117.8125 43184124 
v -56760288 -472151.8125 43129444 
v -56711000 -491184.09375 43238044 
v -56727428 -480165.40625 43197036 
v -56689436 -503204.5 43166656 
v -56735644 -502202.8125 43088436 
v -56788012 -533255.5 43030720 
v -56774664 -573323.5 43029960 
v -56635012 -542270.8125 43210704 
v -56660684 -535258.875 43130204 
v -56593936 -585343.875 43172732 
v -56605232 -606379.625 43134760 
v -56724348 -535258.875 43065652 
v -56718188 -572321.8125 43059580 
v -56659656 -561303.125 43102108 
v -56675060 -581337.125 43086160 
v -56649388 -612389.8125 43097548 
v -56705864 -613391.5 43064896 
v -56764396 -618400 43035276 
v -56805472 -675496.875 43019328 
v -56784932 -707551.3125 43032240 
v -56708944 -728587 43072488 
v -56655548 -717568.3125 43098308 
v -56618580 -710556.375 43117296 
v -56618580 -685513.875 43117296 
v -56675060 -686515.625 43085400 
v -56732564 -695530.875 43058060 
v -56752072 -661473.125 43045148 
v -56690460 -653459.5 43075528 
v -56627824 -652457.8125 43111220 
v -56622688 -1138282.25 43610924 
v -56580588 -1007059.625 43620796 
v -56593936 -1044122.5 43617000 
v -56791096 -448111 43469668 
v -56966688 -346939.3125 43374740 
v -56851680 -415054.90625 43437016 
v -57056024 -396022.59375 43332212 
v -57174112 -458128 43274496 
v -57134064 -438094 43291964 
vn 0.2919374108314514 -0.9375923871994019 0.18892620503902435 
vn 0.4026358127593994 -0.8833013772964478 0.2401314377784729 
vn 0.30606311559677124 -0.9321981072425842 0.19321508705615997 
vn 0.39014706015586853 -0.8790668249130249 0.27391019463539124 
vn 0.30061227083206177 -0.9251894354820251 0.23163928091526031 
vn 0.24458537995815277 -0.9383288025856018 0.24437066912651062 
vn 0.36764416098594666 -0.8777078986167908 0.30735430121421814 
vn 0.21691091358661652 -0.9503488540649414 0.22312943637371063 
vn 0.34481945633888245 -0.8854724764823914 0.31150925159454346 
vn 0.17651928961277008 -0.9720972776412964 0.15449213981628418 
vn 0.1746262162923813 -0.9710291028022766 0.16312000155448914 
vn 0.030170055106282234 -0.9888461828231812 0.1458524912595749 
vn 0.07352419942617416 -0.9859219193458557 0.15017375349998474 
vn -0.05469445884227753 -0.9967613220214844 0.058952588587999344 
vn 0.1894933432340622 -0.9635347127914429 0.18892620503902435 
vn 0.1559189409017563 -0.9711681604385376 0.18033768236637115 
vn 0.09045590460300446 -0.9906116127967834 0.10250037163496017 
vn 0.15407653152942657 -0.9752131104469299 0.15880759060382843 
vn 0.1783323585987091 -0.9630585312843323 0.2017817199230194 
vn 0.17256642878055573 -0.949712336063385 0.2612801790237427 
vn 0.09603609889745712 -0.9690575003623962 0.22738653421401978 
vn 0.08660635352134705 -0.900971531867981 0.42514660954475403 
vn 0.09974678605794907 -0.8696348667144775 0.4835140109062195 
vn 0.09989171475172043 -0.9768974184989929 0.18892620503902435 
vn 0.15028952062129974 -0.9778241515159607 0.1458524912595749 
vn 0.07729790359735489 -0.9929870367050171 0.08945280313491821 
vn -0.06035414710640907 -0.9977729916572571 0.028397228568792343 
vn -0.06977798044681549 -0.9960677623748779 0.05459024757146835 
vn 0.022632893174886703 -0.9940179586410522 0.10684575140476227 
vn 0.10359328985214233 -0.9832172989845276 0.15017375349998474 
vn 0.005660903174430132 -0.9886434078216553 0.15017375349998474 
vn -0.001886497950181365 -0.9836029410362244 0.18033768236637115 
vn 0.05660116672515869 -0.952564537525177 0.2990269064903259 
vn -0.2063436508178711 -0.547351062297821 0.8110666871070862 
vn -0.24433419108390808 -0.4583662748336792 0.8545181155204773 
vn -0.2757817804813385 -0.4575977623462677 0.8453097939491272 
vn 0.07723236829042435 -0.8334699869155884 0.5471406579017639 
vn -0.3577471673488617 -0.2543301284313202 0.8985171914100647 
vn -0.23259615898132324 -0.41291964054107666 0.8805659413337708 
vn -0.4576936662197113 0.12296383827924728 0.8805659413337708 
vn -0.4466570019721985 0.06006952375173569 0.8926864862442017 
vn -0.4313477873802185 0.05631335452198982 0.9004265069961548 
vn -0.41231220960617065 -0.16162826120853424 0.8965907096862793 
vn -0.23237301409244537 -0.7810487747192383 0.5796254277229309 
vn -0.10347133874893188 -0.840127170085907 0.5324283838272095 
vn -0.05089108273386955 -0.9650545120239258 0.25706008076667786 
vn -0.10360162705183029 -0.9857036471366882 0.1328723281621933 
vn -0.090495765209198 -0.9910481572151184 0.0981530249118805 
vn -0.18951791524887085 -0.9805917739868164 0.05022686347365379 
vn -0.21337905526161194 -0.973626971244812 0.08074574917554855 
vn -0.15025517344474792 -0.9631389379501343 0.22312943637371063 
vn -0.3327100872993469 -0.7268829941749573 0.6007870435714722 
vn 0.24211490154266357 -0.847701370716095 0.4719987213611603 
vn -0.2445216178894043 -0.9550793766975403 0.16742929816246033 
vn -0.30454087257385254 -0.9519355893135071 0.03276457265019417 
vn -0.45167702436447144 -0.07858213037252426 0.888714075088501 
vn -0.4915947914123535 -0.15576738119125366 0.8567795157432556 
vn -0.3767104148864746 -0.7580298781394958 0.5324283838272095 
vn -0.34897154569625854 -0.9299847483634949 0.11553031951189041 
vn -0.44369271397590637 0.1552547961473465 0.882628321647644 
vn -0.45589059591293335 0.15525083243846893 0.8763908743858337 
vn -0.46387869119644165 0.15547646582126617 0.872148871421814 
vn -0.4444003701210022 0.07496101409196854 0.8926864862442017 
vn -0.12312959879636765 -0.5007674098014832 0.8567795157432556 
vn 0.1255045235157013 -0.6345775127410889 0.762600839138031 
vn 0.4222404360771179 -0.7942081093788147 0.43697428703308105 
vn 0.49664798378944397 -0.7797761559486389 0.3811691105365753 
vn 0.5144020318984985 -0.7779168486595154 0.36088213324546814 
vn 0.4889749586582184 -0.7941458225250244 0.36088213324546814 
vn 0.4740316569805145 -0.8235629796981812 0.31150925159454346 
vn 0.49204713106155396 -0.8220773935317993 0.2864931523799896 
vn 0.40598759055137634 -0.8840346932411194 0.23163928091526031 
vn 0.5083025097846985 -0.815035879611969 0.2781098484992981 
vn 0.5650394558906555 -0.7552338242530823 0.33219319581985474 
vn 0.5770564079284668 -0.7460922002792358 0.33219319581985474 
vn 0.6099086403846741 -0.6991609334945679 0.37307560443878174 
vn 0.6323142647743225 -0.6789648532867432 0.37307560443878174 
vn 0.6486811637878418 -0.6633455753326416 0.37307560443878174 
vn 0.7242801189422607 -0.5607114434242249 0.401274174451828 
vn 0.67265784740448 -0.6366376280784607 0.37712597846984863 
vn 0.6021379232406616 -0.7100977301597595 0.3649536371231079 
vn 0.5787973403930664 -0.7292478680610657 0.3649536371231079 
vn 0.5604375600814819 -0.7373505234718323 0.37712597846984863 
vn 0.53699791431427 -0.7718455195426941 0.34042292833328247 
vn 0.5469108819961548 -0.7514746189117432 0.3690181374549866 
vn 0.5801962614059448 -0.6947104930877686 0.42514660954475403 
vn 0.6197354197502136 -0.6837726831436157 0.3852050006389618 
vn 0.6732008457183838 -0.6185101270675659 0.405272513628006 
vn 0.7397662401199341 -0.5430689454078674 0.3972681760787964 
vn 0.7962369918823242 -0.4342896640300751 0.42118772864341736 
vn 0.8108532428741455 -0.41442111134529114 0.41324591636657715 
vn 0.8348208069801331 -0.32436302304267883 0.44481781125068665 
vn 0.842128336429596 -0.31052666902542114 0.4409002661705017 
vn 0.8488186597824097 -0.24566194415092468 0.46814218163490295 
vn 0.8588313460350037 -0.2164621353149414 0.4642767012119293 
vn 0.8664982914924622 -0.20191803574562073 0.456519216299057 
vn 0.8813085556030273 -0.02263750322163105 0.4719987213611603 
vn 0.8756455183029175 -0.1575918197631836 0.456519216299057 
vn 0.8925219178199768 -0.045263588428497314 0.4487268626689911 
vn 0.8657659888267517 -0.14265985786914825 0.4796847105026245 
vn 0.8769223690032959 -0.030161630362272263 0.4796847105026245 
vn 0.8330636024475098 -0.15008342266082764 0.5324283838272095 
vn 0.8505607843399048 -0.030163444578647614 0.5250110030174255 
vn 0.7912988066673279 -0.17204886674880981 0.5867242813110352 
vn 0.7938066124916077 -0.02260868065059185 0.607749879360199 
vn 0.7018926739692688 -0.20823778212070465 0.681163489818573 
vn 0.7458815574645996 -0.30180785059928894 0.5937783122062683 
vn 0.7934238910675049 -0.27406227588653564 0.5434780716896057 
vn 0.8175307512283325 -0.2525506019592285 0.5175535082817078 
vn 0.8464763164520264 -0.23104193806648254 0.4796847105026245 
vn 0.8466583490371704 -0.26003220677375793 0.4642767012119293 
vn 0.8351277112960815 -0.28879860043525696 0.46814218163490295 
vn 0.8238298892974854 -0.2958352565765381 0.4835140109062195 
vn 0.8177711367607117 -0.34536948800086975 0.46040233969688416 
vn 0.7850111722946167 -0.4270850718021393 0.4487268626689911 
vn 0.813143253326416 -0.32405591011047363 0.4835140109062195 
vn 0.7984275817871094 -0.3587862253189087 0.4835140109062195 
vn 0.7865060567855835 -0.3793596625328064 0.48733407258987427 
vn 0.7835622429847717 -0.36538106203079224 0.5025205612182617 
vn 0.717048168182373 -0.41761815547943115 0.5580654144287109 
vn 0.37086379528045654 -0.33629003167152405 0.865661084651947 
vn 0.5281250476837158 -0.275219202041626 0.8033295273780823 
vn 0.16968408226966858 -0.1130976676940918 0.9789873361587524 
vn 0.576571524143219 -0.13435707986354828 0.8059239983558655 
vn 0.3037931025028229 0.03003910928964615 0.9522643685340881 
vn 0.6085858941078186 0.1494053602218628 0.7792953848838806 
vn 0.7010887861251831 0.1644388884305954 0.6938546895980835 
vn 0.2939237654209137 0.1986577808856964 0.9349566102027893 
vn 0.5315621495246887 0.268520712852478 0.8033295273780823 
vn 0.3960754871368408 0.3694607615470886 0.8406086564064026 
vn 0.7613617181777954 0.2521406412124634 0.5972883701324463 
vn 0.8022527098655701 0.1276368498802185 0.5831804275512695 
vn 0.8531384468078613 0.09030017256736755 0.5138099193572998 
vn 0.8762903809547424 0.07540241628885269 0.4758462607860565 
vn 0.8923624753952026 0.11288370192050934 0.43697428703308105 
vn 0.8883958458900452 0.12790538370609283 0.4409002661705017 
vn 0.8648236989974976 0.13525596261024475 0.4835140109062195 
vn 0.861211895942688 0.0978485569357872 0.4987381398677826 
vn 0.8652660250663757 0.2311965376138687 0.44481781125068665 
vn 0.8711402416229248 0.22398240864276886 0.43697428703308105 
vn 0.8412033915519714 0.3668172359466553 0.3972681760787964 
vn 0.845329999923706 0.3526984751224518 0.401274174451828 
vn 0.7913765907287598 0.4873896539211273 0.3690181374549866 
vn 0.7754060626029968 0.5064794421195984 0.37712597846984863 
vn 0.703836977481842 0.6212196946144104 0.34452807903289795 
vn 0.6988229751586914 0.6268547177314758 0.34452807903289795 
vn 0.6800336241722107 0.6493585109710693 0.34042292833328247 
vn 0.648919403553009 0.6996331214904785 0.2990269064903259 
vn 0.6361362934112549 0.7095099091529846 0.30319350957870483 
vn 0.5778903365135193 0.7799869179725647 0.2401314377784729 
vn 0.5687206387519836 0.7840613722801208 0.24860523641109467 
vn 0.4920852780342102 0.849799394607544 0.18892620503902435 
vn 0.6116735935211182 0.7289641499519348 0.30735430121421814 
vn 0.6296570897102356 0.6962990164756775 0.34452807903289795 
vn 0.5539551973342896 0.7861977219581604 0.27391019463539124 
vn 0.4886249899864197 0.8488402366638184 0.2017817199230194 
vn 0.399505615234375 0.9028706550598145 0.15880759060382843 
vn 0.389267235994339 0.9101871848106384 0.1415284425020218 
vn 0.30103740096092224 0.9460485577583313 0.11986933648586273 
vn 0.29558899998664856 0.9488224983215332 0.1111890971660614 
vn 0.22450165450572968 0.9690679311752319 0.10250037163496017 
vn 0.20432502031326294 0.9751970171928406 0.08510008454322815 
vn 0.1914011836051941 0.9791761040687561 0.06767380982637405 
vn 0.022653724998235703 0.9997409582138062 0.002184694167226553 
vn 0.1486186981201172 0.9878305196762085 0.04586252197623253 
vn 0.05283556878566742 0.9985435009002686 -0.010923261754214764 
vn 0.1260886788368225 0.9902657270431519 0.058952588587999344 
vn 0.030201226472854614 0.999484121799469 0.010923261754214764 
vn 0.11293000727891922 0.9878414869308472 0.10684575140476227 
vn 0.013211621902883053 0.9984214305877686 0.05459024757146835 
vn 0.0997878909111023 0.9855039715766907 0.1372016966342926 
vn -0.005661606788635254 0.9959749579429626 0.08945280313491821 
vn -0.056586913764476776 0.981177031993866 0.18463370203971863 
vn 0.04528554528951645 0.9747030138969421 0.21886809170246124 
vn 0.19127343595027924 0.9640149474143982 0.18463370203971863 
vn 0.2005060911178589 0.9681141972541809 0.15017375349998474 
vn 0.20247359573841095 0.9743564128875732 0.0981530249118805 
vn 0.2318487912416458 0.9673364758491516 0.10250037163496017 
vn 0.2574223577976227 0.9582831263542175 0.1242060661315918 
vn 0.2681747078895569 0.9522653818130493 0.1458524912595749 
vn 0.31697511672973633 0.9364691972732544 0.15017375349998474 
vn 0.3926049470901489 0.9009837508201599 0.18463370203971863 
vn 0.2718975841999054 0.9491321444511414 0.15880759060382843 
vn 0.30993127822875977 0.9343196153640747 0.1760382205247879 
vn 0.34000760316848755 0.9194501042366028 0.1975002884864807 
vn 0.2645116448402405 0.9361500144004822 0.23163928091526031 
vn 0.15398955345153809 0.9505504965782166 0.26970529556274414 
vn -0.16676869988441467 0.8226905465126038 0.5434780716896057 
vn -0.24713070690631866 0.7972162365913391 0.5507928133010864 
vn -0.14664410054683685 0.9813604354858398 0.1242060661315918 
vn -0.10545703768730164 0.993730366230011 0.03713129088282585 
vn -0.09049693495035172 0.9958751797676086 0.006554040592163801 
vn -0.0603460818529129 0.9976396560668945 -0.03276457265019417 
vn -0.08112090080976486 0.9934281706809998 -0.08074574917554855 
vn -0.10364857316017151 0.9909666776657104 -0.08510008454322815 
vn -0.1224282830953598 0.9914171695709229 -0.04586252197623253 
vn -0.09800568222999573 0.995068371295929 -0.0152922747656703 
vn -0.20418134331703186 0.9720919132232666 -0.11553031951189041 
vn -0.1913684904575348 0.9741711616516113 -0.11986933648586273 
vn -0.30463066697120667 0.9326671957969666 -0.19321508705615997 
vn -0.29554054141044617 0.9364628791809082 -0.18892620503902435 
vn -0.4026358127593994 0.8833013772964478 -0.2401314377784729 
vn -0.39924848079681396 0.8824942111968994 -0.24860523641109467 
vn -0.49761199951171875 0.821606457233429 -0.2781098484992981 
vn -0.5036889314651489 0.812008798122406 -0.2948545813560486 
vn -0.580979585647583 0.7553386092185974 -0.30319350957870483 
vn -0.5895115733146667 0.7452772259712219 -0.31150925159454346 
vn -0.645666241645813 0.6990339159965515 -0.30735430121421814 
vn -0.6575331687927246 0.6802310347557068 -0.3239381015300751 
vn -0.6649462580680847 0.6689500212669373 -0.33219319581985474 
vn -0.7420295476913452 0.5596585869789124 -0.3690181374549866 
vn -0.681163489818573 0.6437979340553284 -0.34862664341926575 
vn -0.6288480162620544 0.7142013311386108 -0.30735430121421814 
vn -0.6182412505149841 0.7302635908126831 -0.29067665338516235 
vn -0.6117052435874939 0.7436906099319458 -0.26970529556274414 
vn -0.5713990926742554 0.7736124992370605 -0.27391019463539124 
vn -0.5059337019920349 0.8259700536727905 -0.24860523641109467 
vn -0.421988308429718 0.8818650245666504 -0.2103329300880432 
vn -0.3332454562187195 0.9278550148010254 -0.16742929816246033 
vn -0.23385317623615265 0.9663832783699036 -0.10684575140476227 
vn -0.20062793791294098 0.975964367389679 -0.08510008454322815 
vn -0.5554153323173523 0.8010786771774292 -0.22312943637371063 
vn -0.4371275305747986 0.8828513026237488 -0.17173540592193604 
vn -0.30822497606277466 0.9437312483787537 -0.11986933648586273 
vn -0.5733188390731812 0.7820412516593933 -0.24437066912651062 
vn -0.5971806049346924 0.7583587169647217 -0.2612801790237427 
vn -0.663131058216095 0.7045081257820129 -0.25283506512641907 
vn -0.6610240936279297 0.6863824129104614 -0.30319350957870483 
vn -0.7105394601821899 0.622498631477356 -0.3280687630176544 
vn -0.7452675700187683 0.5470707416534424 -0.3811691105365753 
vn -0.8060819506645203 0.43126097321510315 -0.405272513628006 
vn -0.8050995469093323 0.41763097047805786 -0.42118772864341736 
vn -0.8507212400436401 0.3248094618320465 -0.41324591636657715 
vn -0.851384699344635 0.31791651248931885 -0.417220801115036 
vn -0.8801972270011902 0.25344008207321167 -0.401274174451828 
vn -0.8826082944869995 0.22412149608135223 -0.41324591636657715 
vn -0.8860195279121399 0.20222817361354828 -0.417220801115036 
vn -0.9120334386825562 0.02643251232802868 -0.40926313400268555 
vn -0.8905980587005615 0.16151006519794464 -0.42514660954475403 
vn -0.9002362489700317 0.04528895765542984 -0.43303996324539185 
vn -0.9035308361053467 0.15036962926387787 -0.401274174451828 
vn -0.9151796102523804 0.03775264695286751 -0.401274174451828 
vn -0.9234380125999451 0.16900481283664703 -0.34452807903289795 
vn -0.9349666833877563 0.03777483105659485 -0.3527185618877411 
vn -0.9346612691879272 0.19866837561130524 -0.2948545813560486 
vn -0.9658521413803101 0.05660468339920044 -0.25283506512641907 
vn -0.9776126146316528 0.2098565548658371 0.0152922747656703 
vn -0.9637064933776855 0.2465025782585144 -0.10250037163496017 
vn -0.9023149609565735 0.2935771644115448 -0.31565824151039124 
vn -0.9002568125724792 0.2607625722885132 -0.34862664341926575 
vn -0.8888295292854309 0.23522943258285522 -0.3932546079158783 
vn -0.8752066493034363 0.26413533091545105 -0.405272513628006 
vn -0.8714665174484253 0.29308170080184937 -0.3932546079158783 
vn -0.8736980557441711 0.3072908818721771 -0.37712597846984863 
vn -0.8503425121307373 0.34966909885406494 -0.3932546079158783 
vn -0.8173903822898865 0.4319525957107544 -0.3811691105365753 
vn -0.8662669658660889 0.3322591185569763 -0.37307560443878174 
vn -0.8570546507835388 0.36368420720100403 -0.3649536371231079 
vn -0.8513121008872986 0.3884035646915436 -0.3527185618877411 
vn -0.8624284863471985 0.37460556626319885 -0.34042292833328247 
vn -0.9168459177017212 0.322103351354599 -0.23588760197162628 
vn -0.8588313460350037 0.2164621353149414 0.4642767012119293 
vn -0.7512980103492737 0.15352657437324524 0.641857385635376 
vn -0.6823391318321228 0.14966164529323578 0.715552031993866 
vn -0.9561277031898499 0.16156375408172607 0.24437066912651062 
vn -0.550666868686676 0.10113436728715897 0.8285757899284363 
vn -0.39175692200660706 0.052524615079164505 0.9185682535171509 
vn -0.4183342158794403 0.06377919018268585 0.9060511589050293 
vn -0.42785659432411194 0.052534181624650955 0.9023185968399048 
vn -0.603289008140564 0.15645328164100647 0.7820260524749756 
vn -0.8943972587585449 0.3924274742603302 0.21460255980491638 
vn -0.9395158886909485 0.33660244941711426 0.0633138045668602 
vn -0.8745462894439697 0.41637033224105835 -0.24860523641109467 
vn -0.803503155708313 0.5147480964660645 -0.2990269064903259 
vn -0.8032182455062866 0.5051735639572144 -0.31565824151039124 
vn -0.7697212100028992 0.529358446598053 -0.3568037748336792 
vn -0.7362075448036194 0.6188470721244812 -0.27391019463539124 
vn -0.7300249934196472 0.6459696292877197 -0.22312943637371063 
vn -0.6544020175933838 0.7237780690193176 -0.21886809170246124 
vn -0.578409731388092 0.7858364582061768 -0.21886809170246124 
vn -0.4253166615962982 0.8924984931945801 -0.15017375349998474 
vn -0.2702568769454956 0.9563462734222412 -0.1111890971660614 
vn -0.1876632571220398 0.9773169755935669 -0.0981530249118805 
vn -0.17273356020450592 0.9796207547187805 -0.10250037163496017 
vn -0.14474476873874664 0.9874413013458252 -0.0633138045668602 
vn -0.17267289757728577 0.9841046929359436 -0.04149730131030083 
vn -0.23003140091896057 0.9690633416175842 -0.08945280313491821 
vn -0.20247940719127655 0.9792255759239197 -0.010923261754214764 
vn -0.29003462195396423 0.9561160206794739 -0.04149730131030083 
vn -0.242995485663414 0.9676639437675476 0.06767380982637405 
vn -0.28694263100624084 0.8269692659378052 0.4835140109062195 
vn -0.3409380614757538 0.8809835910797119 0.3280687630176544 
vn -0.33668264746665955 0.9385144710540771 0.0763898640871048 
vn -0.4603349566459656 0.29909467697143555 0.8358433246612549 
vn -0.48441752791404724 0.6584035754203796 0.5760593414306641 
vn -0.504224419593811 0.5055573582649231 0.7001210451126099 
vn -0.40310218930244446 0.9041450619697571 0.1415284425020218 
vn -0.48897621035575867 0.7865610122680664 0.37712597846984863 
vn -0.5234245657920837 0.8512625694274902 0.03713129088282585 
vn -0.5703365206718445 0.8119661808013916 -0.1242060661315918 
vn -0.6564165949821472 0.7418173551559448 -0.1372016966342926 
vn -0.747994601726532 0.6626653671264648 -0.03713129088282585 
vn -0.7774655818939209 0.6282840967178345 0.028397228568792343 
vn -0.8502936959266663 0.5170750617980957 -0.0981530249118805 
vn -0.7697278261184692 0.34077778458595276 0.5398051738739014 
vn -0.4849187433719635 0.10819948464632034 0.8678402304649353 
vn -0.3820067346096039 0.03006458282470703 0.9236704111099243 
vn -0.39079368114471436 0.018786845728754997 0.9202865362167358 
vn -0.44220152497291565 0.06375177949666977 0.8946471214294434 
vn -0.37689775228500366 0.041250769048929214 0.9253358840942383 
vn -0.3719130754470825 0.04880506172776222 0.926983654499054 
vn -0.3719130754470825 0.04880506172776222 0.926983654499054 
vn -0.3728178143501282 0.041329920291900635 0.926983654499054 
vn -0.3728178143501282 0.041329920291900635 0.926983654499054 
vn -0.376006156206131 0.048712581396102905 0.9253358840942383 
vn -0.3719130754470825 0.04880506172776222 0.926983654499054 
vn -0.37085849046707153 0.05626053735613823 0.926983654499054 
vn -0.37085849046707153 0.05626053735613823 0.926983654499054 
vn -0.3749668598175049 0.0561552569270134 0.9253358840942383 
vn -0.41032588481903076 0.06365706026554108 0.9097144603729248 
vn -0.6190004944801331 0.0976581946015358 0.7792953848838806 
vn -0.9791085124015808 0.10176941752433777 0.1760382205247879 
vn -0.6177487373352051 0.08259411156177521 0.7820260524749756 
vn -0.4245207905769348 0.07485447078943253 0.9023185968399048 
vn -0.37244677543640137 0.07097151130437851 0.9253358840942383 
vn -0.36830151081085205 0.07110048830509186 0.926983654499054 
vn -0.37244677543640137 0.07097151130437851 0.9253358840942383 
vn -0.3749668598175049 0.0561552569270134 0.9253358840942383 
vn -0.3719130754470825 0.04880506172776222 0.926983654499054 
vn -0.3749668598175049 0.0561552569270134 0.9253358840942383 
vn -0.37244677543640137 0.07097151130437851 0.9253358840942383 
vn -0.374284952878952 0.08212068676948547 0.9236704111099243 
vn -0.37096700072288513 0.07833927124738693 0.9253358840942383 
vn -0.3726004660129547 0.08945345878601074 0.9236704111099243 
vn -0.3693414628505707 0.08567626029253006 0.9253358840942383 
vn -0.3693414628505707 0.08567626029253006 0.9253358840942383 
vn -0.36680012941360474 0.07847897708415985 0.926983654499054 
vn -0.37096700072288513 0.07833927124738693 0.9253358840942383 
vn -0.40367159247398376 0.07861503958702087 0.9115201234817505 
vn -0.5553097724914551 0.07136676460504532 0.8285757899284363 
vn -0.8877023458480835 0.0037737698294222355 0.46040233969688416 
vn -0.9958751797676086 -0.09049693495035172 0.006554040592163801 
vn -0.9864243865013123 -0.11670352518558502 -0.11553031951189041 
vn -0.9250158071517944 -0.09039535373449326 0.3690181374549866 
vn -0.7015882730484009 0.011304077692329884 0.7124928832054138 
vn -0.5984575152397156 0.026391372084617615 0.8007197380065918 
vn -0.4768435060977936 0.06752273440361023 0.8763908743858337 
vn -0.3914618492126465 0.07858671247959137 0.916832447052002 
vn -0.41579920053482056 0.0786278247833252 0.9060511589050293 
vn -0.3726004660129547 0.08945345878601074 0.9236704111099243 
vn -0.3675708770751953 0.09297958016395569 0.9253358840942383 
vn -0.3726004660129547 0.08945345878601074 0.9236704111099243 
vn -0.4264185130596161 0.08601946383714676 0.9004265069961548 
vn -0.6129299998283386 -0.003768298774957657 0.790128231048584 
vn -0.9285116195678711 -0.2719201147556305 0.25283506512641907 
vn -0.9758647680282593 -0.19507403671741486 0.0981530249118805 
vn -0.9495816826820374 -0.22448022663593292 -0.21886809170246124 
vn -0.9591162204742432 -0.09802240133285522 -0.26549527049064636 
vn -0.9326795339584351 -0.07548807561397552 -0.3527185618877411 
vn -0.9166322350502014 -0.07166709005832672 -0.3932546079158783 
vn -0.8966197967529297 -0.10930854082107544 -0.42909738421440125 
vn -0.8973720073699951 -0.13162222504615784 -0.42118772864341736 
vn -0.9167593717575073 -0.13163679838180542 -0.37712597846984863 
vn -0.9253646731376648 -0.08675182610750198 -0.3690181374549866 
vn -0.8907315135002136 -0.22792133688926697 -0.3932546079158783 
vn -0.88807612657547 -0.2242763191461563 -0.401274174451828 
vn -0.841469407081604 -0.3705132305622101 -0.3932546079158783 
vn -0.8483878374099731 -0.34988003969192505 -0.3972681760787964 
vn -0.7947871685028076 -0.4879318177700043 -0.36088213324546814 
vn -0.79178386926651 -0.5043597221374512 -0.34452807903289795 
vn -0.7272047996520996 -0.6178641319274902 -0.2990269064903259 
vn -0.7213631868362427 -0.6266545057296753 -0.2948545813560486 
vn -0.7123934030532837 -0.6443217992782593 -0.2781098484992981 
vn -0.6595757603645325 -0.6982941627502441 -0.2781098484992981 
vn -0.6546317338943481 -0.709358811378479 -0.2612801790237427 
vn -0.5748154520988464 -0.7796041369438171 -0.24860523641109467 
vn -0.5778903365135193 -0.7799869179725647 -0.2401314377784729 
vn -0.4805222451686859 -0.8524305820465088 -0.2060592919588089 
vn -0.6480547785758972 -0.7227460741996765 -0.2401314377784729 
vn -0.6851482391357422 -0.689150869846344 -0.23588760197162628 
vn -0.5895081758499146 -0.7798975110054016 -0.2103329300880432 
vn -0.49015140533447266 -0.8489671349525452 -0.1975002884864807 
vn -0.4047655761241913 -0.9020047783851624 -0.15017375349998474 
vn -0.38592416048049927 -0.9095024466514587 -0.15449213981628418 
vn -0.31696879863739014 -0.9437857866287231 -0.09380380809307098 
vn -0.30274829268455505 -0.9488633275032043 -0.08945280313491821 
vn -0.2537339925765991 -0.9663834571838379 -0.04149730131030083 
vn -0.23181647062301636 -0.9720506072044373 -0.03713129088282585 
vn -0.2097684144973755 -0.9772019982337952 -0.03276457265019417 
vn -0.1653592884540558 -0.9861147999763489 -0.0152922747656703 
vn -0.16536876559257507 -0.986171305179596 0.010923261754214764 
vn -0.2757927477359772 -0.9611947536468506 0.006554040592163801 
vn -0.23924656212329865 -0.970661461353302 -0.024029340595006943 
vn -0.26304832100868225 -0.9634743928909302 -0.05022686347365379 
vn -0.32802125811576843 -0.9435564279556274 -0.04586252197623253 
vn -0.38964858651161194 -0.9209610223770142 0.002184694167226553 
vn -0.454169899225235 -0.8822145462036133 0.1242060661315918 
vn -0.4482775330543518 -0.806637704372406 0.3852050006389618 
vn -0.5475366711616516 -0.6235114932060242 0.5580654144287109 
vn -0.5618410706520081 -0.37654295563697815 0.736579954624176 
vn -0.46621230244636536 0.06011141836643219 0.882628321647644 
vn -0.42857399582862854 0.1515328288078308 0.8907088041305542 
vn -0.4510650932788849 0.05637509375810623 0.8907088041305542 
vn -0.5232452154159546 -0.3057234287261963 0.7954543828964233 
vn -0.5762665271759033 -0.7027401328086853 0.417220801115036 
vn -0.48563703894615173 -0.8562518358230591 0.1760382205247879 
vn -0.6159813404083252 -0.7810637950897217 0.10250037163496017 
vn -0.5038892030715942 -0.8576650619506836 -0.10250037163496017 
vn -0.36517298221588135 -0.9284766912460327 -0.06767380982637405 
vn -0.2919958829879761 -0.9548603296279907 -0.05459024757146835 
vn -0.3136499226093292 -0.9482093453407288 -0.05022686347365379 
vn -0.3455703854560852 -0.9341195225715637 -0.08945280313491821 
vn -0.4202955663204193 -0.8988462090492249 -0.1242060661315918 
vn -0.39979395270347595 -0.91341632604599 -0.0763898640871048 
vn -0.5099002122879028 -0.8429167866706848 -0.17173540592193604 
vn -0.5214812159538269 -0.8428536653518677 -0.1328723281621933 
vn -0.6310511231422424 -0.7523837685585022 -0.18892620503902435 
vn -0.6901132464408875 -0.6780989170074463 -0.25283506512641907 
vn -0.7293027639389038 -0.6026455163955688 -0.3239381015300751 
vn -0.6497566103935242 -0.7351763844490051 -0.19321508705615997 
vn -0.6417085528373718 -0.7311315536499023 -0.23163928091526031 
vn -0.6842334866523743 -0.677557110786438 -0.26970529556274414 
vn -0.705152690410614 -0.6557581424713135 -0.26970529556274414 
vn -0.7744706273078918 -0.5552197098731995 -0.30319350957870483 
vn -0.7109063267707825 -0.6655129790306091 -0.22738653421401978 
vn -0.6204376220703125 -0.7589800953865051 -0.1975002884864807 
vn -0.657098114490509 -0.7530926465988159 -0.03276457265019417 
vn -0.719595193862915 -0.5638589859008789 0.405272513628006 
vn -0.6459465622901917 -0.44322267174720764 0.6215357780456543 
vn -0.5792903900146484 -0.25626644492149353 0.7737894654273987 
vn -0.49822744727134705 -0.07872093468904495 0.8634653687477112 
vn -0.43351244926452637 0.10804370045661926 0.8946471214294434 
vn -0.4203987419605255 0.15123286843299866 0.8946471214294434 
vn -0.4177916944026947 0.15829269587993622 0.8946471214294434 
vn -0.4205641448497772 0.16197724640369415 0.8926864862442017 
vn -0.42600303888320923 0.15861672163009644 0.8907088041305542 
vn -0.4203987419605255 0.15123286843299866 0.8946471214294434 
vn -0.4177916944026947 0.15829269587993622 0.8946471214294434 
vn -0.4133194088935852 0.14776299893856049 0.8985171914100647 
vn -0.41072195768356323 0.15483640134334564 0.8985171914100647 
vn -0.4133194088935852 0.14776299893856049 0.8985171914100647 
vn -0.4430857300758362 0.0823763981461525 0.8926864862442017 
vn -0.473548948764801 0.01884155161678791 0.8805659413337708 
vn -0.5737976431846619 -0.09374035149812698 0.8136147856712341 
vn -0.3979334831237793 0.14394532144069672 0.9060511589050293 
vn -0.4448486566543579 0.09352824091911316 0.8907088041305542 
vn -0.40507301688194275 0.1474345177412033 0.9023185968399048 
vn -0.4104635715484619 0.14405475556850433 0.9004265069961548 
vn -0.4175627827644348 0.1475343257188797 0.8965907096862793 
vn -0.42321205139160156 0.1549270749092102 0.8926864862442017 
vn -0.4175627827644348 0.1475343257188797 0.8965907096862793 
vn -0.4133194088935852 0.14776299893856049 0.8985171914100647 
vn -0.4022144675254822 0.14372751116752625 0.9041935205459595 
vn -0.39505550265312195 0.14022913575172424 0.9078915119171143 
vn -0.3921539783477783 0.13650938868522644 0.9097144603729248 
vn -0.3903043866157532 0.1295899897813797 0.9115201234817505 
vn -0.4213789999485016 0.10803626477718353 0.9004265069961548 
vn -0.6349405646324158 -0.12365466356277466 0.762600839138031 
vn -0.7430393695831299 -0.24816486239433289 0.6215357780456543 
vn -0.7910081744194031 -0.3378585875034332 0.5100564956665039 
vn -0.7746478319168091 -0.5963898301124573 0.2103329300880432 
vn -0.7313702702522278 -0.6766502261161804 -0.08510008454322815 
vn -0.7186263203620911 -0.6692407131195068 -0.18892620503902435 
vn -0.7984446883201599 -0.5502445101737976 -0.24437066912651062 
vn -0.818652868270874 -0.5742512345314026 -0.006554040592163801 
vn -0.844433605670929 -0.5333002209663391 0.05022686347365379 
vn -0.8616282343864441 -0.4400809407234192 0.25283506512641907 
vn -0.6637818217277527 -0.09024158120155334 0.7424622178077698 
vn -0.507283627986908 0.03010467439889908 0.8612531423568726 
vn -0.40915241837501526 0.10800751298666 0.9060511589050293 
vn -0.7964281439781189 -0.5730358958244324 -0.19321508705615997 
vn -0.4430857300758362 0.0823763981461525 0.8926864862442017 
vn -0.3873356282711029 0.12585297226905823 0.913308322429657 
vn -0.3849438726902008 0.1329890340566635 0.913308322429657 
vn -0.3873356282711029 0.12585297226905823 0.913308322429657 
vn -0.3903043866157532 0.1295899897813797 0.9115201234817505 
vn -0.3975090980529785 0.13311490416526794 0.9078915119171143 
vn -0.4099716544151306 0.13320787250995636 0.9023185968399048 
vn -0.41579505801200867 0.1406460553407669 0.8985171914100647 
vn -0.4200078248977661 0.1404225081205368 0.8965907096862793 
vn -0.4203987419605255 0.15123286843299866 0.8946471214294434 
vn -0.42321205139160156 0.1549270749092102 0.8926864862442017 
vn -0.4302387535572052 0.15837273001670837 0.888714075088501 
vn -0.4411473274230957 0.16234630346298218 0.882628321647644 
vn -0.4586712121963501 0.1589287668466568 0.87427818775177 
vn -0.4586712121963501 0.1589287668466568 0.87427818775177 
vn -0.46387869119644165 0.15547646582126617 0.872148871421814 
vn -0.4731038510799408 0.15174341201782227 0.8678402304649353 
vn -0.46903160214424133 0.15200133621692657 0.8700028657913208 
vn -0.43100404739379883 0.007523203734308481 0.9023185968399048 
vn -0.32098478078842163 -0.10705891996622086 0.9410139322280884 
vn 0.03938266634941101 -0.37709754705429077 0.9253358840942383 
vn 0.2859523296356201 -0.6509169936180115 0.7032341957092285 
vn 0.48570892214775085 -0.7230930924415588 0.4911448359489441 
vn 0.5460231304168701 -0.7123662829399109 0.4409002661705017 
vn 0.6454572677612305 -0.6094379425048828 0.46040233969688416 
vn 0.7360376715660095 -0.5235685110092163 0.42909738421440125 
vn 0.7275954484939575 -0.4904155433177948 0.4796847105026245 
vn 0.6031376123428345 -0.6284916400909424 0.4911448359489441 
vn 0.46797093749046326 -0.624849796295166 0.6249527335166931 
vn -0.03744124621152878 -0.2987740635871887 0.953589141368866 
vn -0.42914026975631714 0.07120907306671143 0.9004265069961548 
vn -0.48319771885871887 0.14473266899585724 0.8634653687477112 
vn -0.4809839427471161 0.15192772448062897 0.8634653687477112 
vn -0.4099716544151306 0.13320787250995636 0.9023185968399048 
vn -0.49308285117149353 0.13764512538909912 0.8590245246887207 
vn -0.4979485869407654 0.13407500088214874 0.8567795157432556 
vn -0.49308285117149353 0.13764512538909912 0.8590245246887207 
vn -0.4466570019721985 0.06006952375173569 0.8926864862442017 
vn -0.057947658002376556 -0.3166111707687378 0.946783721446991 
vn 0.4667191803455353 -0.5904315114021301 0.6584556698799133 
vn 0.710842490196228 -0.4959467947483063 0.4987381398677826 
vn 0.6087710857391357 -0.5261416435241699 0.5937783122062683 
vn 0.159554585814476 -0.3214206099510193 0.933397650718689 
vn -0.24545736610889435 -0.022522905841469765 0.9691457152366638 
vn -0.13891348242759705 -0.011214256286621094 0.9902410507202148 
vn 0.13616237044334412 -0.029707346111536026 0.9902410507202148 
vn -0.31057772040367126 0.06703837215900421 0.9481810927391052 
vn 0.1396450698375702 0.11068131774663925 0.9839963912963867 
vn -0.1323062628507614 0.12568309903144836 0.983208417892456 
vn -0.2368287593126297 0.14976143836975098 0.9599394202232361 
vn 0.15732286870479584 0.3626042306423187 0.9185682535171509 
vn 0.7546021938323975 0.3783501088619232 0.5361219048500061 
vn 0.8191796541213989 0.2308856099843979 0.5250110030174255 
vn 0.8446602821350098 0.19444610178470612 0.4987381398677826 
vn 0.8660119771957397 0.16504696011543274 0.4719987213611603 
vn 0.8708309531211853 0.209261953830719 0.44481781125068665 
vn 0.8422493934631348 0.2673179507255554 0.46814218163490295 
vn 0.8136061429977417 0.3170970380306244 0.48733407258987427 
vn 0.6523820161819458 0.46652358770370483 0.5972883701324463 
vn 0.3415464758872986 0.52132648229599 0.7820260524749756 
vn 0.5361289381980896 0.5894221067428589 0.6042742133140564 
vn 0.749434232711792 0.45228588581085205 0.4835140109062195 
vn 0.8300753235816956 0.30301469564437866 0.46814218163490295 
vn 0.8629496097564697 0.21658293902873993 0.456519216299057 
vn 0.852688193321228 0.22391963005065918 0.4719987213611603 
vn 0.8508768081665039 0.25305795669555664 0.46040233969688416 
vn 0.8224855065345764 0.3733537793159485 0.42909738421440125 
vn 0.8198013305664062 0.32425764203071594 0.4719987213611603 
vn 0.7695698142051697 0.4464891254901886 0.456519216299057 
vn 0.7838149070739746 0.46705231070518494 0.40926313400268555 
vn 0.7236190438270569 0.6049984693527222 0.33219319581985474 
vn 0.6442325711250305 0.6869200468063354 0.3363112509250641 
vn 0.5633888244628906 0.7600376009941101 0.3239381015300751 
vn 0.47327274084091187 0.8499153852462769 0.23163928091526031 
vn 0.4545832872390747 0.8502154350280762 0.26549527049064636 
vn 0.5770564079284668 0.7460922002792358 0.33219319581985474 
vn 0.6571823954582214 0.6825236082077026 0.3198012113571167 
vn 0.7321310639381409 0.5617839097976685 0.3852050006389618 
vn 0.7021971940994263 0.5651508569717407 0.43303996324539185 
vn 0.6452280879020691 0.5851986408233643 0.4911448359489441 
vn 0.5426133275032043 0.5906076431274414 0.5972883701324463 
vn 0.5488248467445374 0.689933717250824 0.4719987213611603 
vn 0.6113992929458618 0.6820336580276489 0.401274174451828 
vn 0.6396352052688599 0.6743088364601135 0.3690181374549866 
vn 0.6678029894828796 0.6598026752471924 0.34452807903289795 
vn 0.6058712601661682 0.7337937951087952 0.30735430121421814 
vn 0.5642083287239075 0.7662912607192993 0.30735430121421814 
vn 0.4834514260292053 0.7820649147033691 0.3932546079158783 
vn 0.4243159592151642 0.8630927801132202 0.27391019463539124 
vn 0.33644339442253113 0.8257931470870972 0.45262736082077026 
vn 0.20384766161441803 0.9100605845451355 0.36088213324546814 
vn -0.009423534385859966 0.8578522801399231 0.5138099193572998 
vn -0.09030436724424362 0.7051997780799866 0.7032341957092285 
vn 0.18168962001800537 0.8904581069946289 0.417220801115036 
vn 0.03766483813524246 0.7714848518371582 0.6351318359375 
vn -0.23490388691425323 0.4921218454837799 0.838234007358551 
vn -0.38367652893066406 0.2973717451095581 0.87427818775177 
vn -0.4354686737060547 0.2144869714975357 0.87427818775177 
vn -0.46601632237434387 0.08621129393577576 0.8805659413337708 
vn -0.4463379979133606 0.08614088594913483 0.8907088041305542 
vn -0.4775937497615814 0.43628454208374023 0.762600839138031 
vn -0.5184434056282043 0.35803183913230896 0.7765498161315918 
vn -0.582511842250824 0.5625251531600952 0.5867242813110352 
vn -0.645666241645813 0.6990339159965515 0.30735430121421814 
vn -0.6957442164421082 0.7024157047271729 0.15017375349998474 
vn -0.7354515790939331 0.4746842384338379 0.4835140109062195 
vn -0.5518624782562256 0.24185262620449066 0.7980946898460388 
vn -0.45517081022262573 0.10085538029670715 0.8846737742424011 
vn -0.4405633211135864 0.045044757425785065 0.8965907096862793 
vn -0.4656957685947418 0.18373452126979828 0.865661084651947 
vn -0.43790385127067566 0.030117638409137726 0.8985171914100647 
vn -0.43100404739379883 -0.007523203734308481 0.9023185968399048 
vn -0.43486154079437256 -0.011293098330497742 0.9004265069961548 
vn -0.45042651891708374 -0.015059401281177998 0.8926864862442017 
vn -0.4264185130596161 0.08601946383714676 0.9004265069961548 
vn -0.4463379979133606 0.08614088594913483 0.8907088041305542 
vn -0.46983006596565247 -0.015066535212099552 0.882628321647644 
vn -0.4658305048942566 -0.018820637837052345 0.8846737742424011 
vn -0.46983006596565247 -0.015066535212099552 0.882628321647644 
vn -0.4737887382507324 -0.011306838132441044 0.8805659413337708 
vn -0.4649795889854431 0.033856526017189026 0.8846737742424011 
vn -0.3038290739059448 0.4258805215358734 0.8522403836250305 
vn -0.25881484150886536 0.3831106126308441 0.8867024183273315 
vn -0.3866231143474579 0.2159806340932846 0.8965907096862793 
vn -0.4549960196018219 0.0562664195895195 0.888714075088501 
vn -0.4815416932106018 -0.007527019828557968 0.8763908743858337 
vn -0.47763335704803467 -0.011284274980425835 0.8784868121147156 
vn -0.4737887382507324 -0.011306838132441044 0.8805659413337708 
vn -0.4737887382507324 -0.011306838132441044 0.8805659413337708 
vn -0.46983006596565247 -0.015066535212099552 0.882628321647644 
vn -0.4620956480503082 -0.015049008652567863 0.8867024183273315 
vn -0.45418399572372437 -0.018834810703992844 0.8907088041305542 
vn -0.43460094928741455 -0.018818071112036705 0.9004265069961548 
vn -0.43460094928741455 -0.018818071112036705 0.9004265069961548 
vn -0.42697417736053467 -0.011274712160229683 0.9041935205459595 
vn -0.423151433467865 -0.003766018431633711 0.9060511589050293 
vn -0.418935090303421 -0.015047877095639706 0.9078915119171143 
vn -0.40726879239082336 -8.405173665361129e-14 0.913308322429657 
vn -0.46601632237434387 0.08621129393577576 0.8805659413337708 
vn -0.7007762789726257 0.3900758624076843 0.5972883701324463 
vn -0.8001052141189575 0.5533307194709778 0.23163928091526031 
vn -0.639262855052948 0.23980431258678436 0.7306414246559143 
vn -0.6314001679420471 0.32679569721221924 0.7032341957092285 
vn -0.43877968192100525 0.059978827834129333 0.8965907096862793 
vn -0.529058039188385 0.15962713956832886 0.8334367275238037 
vn -0.4138566553592682 0.03379679471254349 0.9097144603729248 
vn -0.39497578144073486 0.015047917142510414 0.9185682535171509 
vn -0.39925438165664673 0.0037667620927095413 0.916832447052002 
vn -0.39925438165664673 0.0037667620927095413 0.916832447052002 
vn -0.41110023856163025 -0.011298845522105694 0.9115201234817505 
vn -0.42301738262176514 -0.011296861805021763 0.9060511589050293 
vn -0.42697417736053467 -0.011274712160229683 0.9041935205459595 
vn -0.43080711364746094 -0.015044116415083408 0.9023185968399048 
vn -0.43080711364746094 -0.015044116415083408 0.9023185968399048 
vn -0.42697417736053467 -0.011274712160229683 0.9041935205459595 
vn -0.41913771629333496 -0.007525151129812002 0.9078915119171143 
vn -0.4032568037509918 -0.0037593627348542213 0.9150791168212891 
vn -0.39519068598747253 0.007525322493165731 0.9185682535171509 
vn -0.39519068598747253 0.007525322493165731 0.9185682535171509 
vn -0.39519068598747253 0.007525322493165731 0.9185682535171509 
vn -0.3910824954509735 0.011274882592260838 0.9202865362167358 
vn -0.3910824954509735 0.011274882592260838 0.9202865362167358 
vn -0.38705533742904663 0.011297048069536686 0.9219872951507568 
vn -0.38252338767051697 0.022558584809303284 0.9236704111099243 
vn -0.39079368114471436 0.018786845728754997 0.9202865362167358 
vn -0.39497578144073486 0.015047917142510414 0.9185682535171509 
vn -0.3867623805999756 0.018823662772774696 0.9219872951507568 
vn -0.3776412904262543 0.033772747963666916 0.9253358840942383 
vn -0.37689775228500366 0.041250769048929214 0.9253358840942383 
vn -0.376006156206131 0.048712581396102905 0.9253358840942383 
vn -0.3784703016281128 0.05994380638003349 0.9236704111099243 
vn -0.37722042202949524 0.06736302375793457 0.9236704111099243 
vn -0.374284952878952 0.08212068676948547 0.9236704111099243 
vn -0.3726004660129547 0.08945345878601074 0.9236704111099243 
vn -0.3707723319530487 0.09675173461437225 0.9236704111099243 
vn -0.37615782022476196 0.10760083049535751 0.9202865362167358 
vn -0.4877909719944 0.0376342236995697 0.872148871421814 
vn -0.8292380571365356 -0.21991723775863647 0.5138099193572998 
vn -0.903649628162384 -0.3574554920196533 -0.23588760197162628 
vn -0.9282142519950867 -0.20964643359184265 -0.30735430121421814 
vn -0.9198006391525269 -0.18007300794124603 -0.34862664341926575 
vn -0.910277247428894 -0.16157175600528717 -0.3811691105365753 
vn -0.8942715525627136 -0.20604951679706573 -0.3972681760787964 
vn -0.8974941968917847 -0.25351184606552124 -0.36088213324546814 
vn -0.8970518708229065 -0.30060291290283203 -0.3239381015300751 
vn -0.8966907858848572 -0.43062666058540344 -0.10250037163496017 
vn -0.38434168696403503 0.1221131905913353 0.9150791168212891 
vn -0.3792514503002167 0.11135827004909515 0.9185682535171509 
vn -0.37394461035728455 0.10052308440208435 0.9219872951507568 
vn -0.3726004660129547 0.08945345878601074 0.9236704111099243 
vn -0.374284952878952 0.08212068676948547 0.9236704111099243 
vn -0.3791710138320923 0.07854177057743073 0.9219872951507568 
vn -0.3847448229789734 0.07102152705192566 0.9202865362167358 
vn -0.38990944623947144 0.0859585553407669 0.916832447052002 
vn -0.38499021530151367 0.08952564001083374 0.9185682535171509 
vn -0.37815576791763306 0.1003536805510521 0.9202865362167358 
vn -0.3813028335571289 0.10411759465932846 0.9185682535171509 
vn -0.3800780475139618 0.12230664491653442 0.916832447052002 
vn -0.38231799006462097 0.11511382460594177 0.916832447052002 
vn -0.39056727290153503 0.10043589025735855 0.9150791168212891 
vn -0.38199830055236816 0.12925739586353302 0.9150791168212891 
vn -0.38434168696403503 0.1221131905913353 0.9150791168212891 
vn -0.3873356282711029 0.12585297226905823 0.913308322429657 
vn -0.3895951211452484 0.11867395043373108 0.913308322429657 
vn -0.3873356282711029 0.12585297226905823 0.913308322429657 
vn -0.3895951211452484 0.11867395043373108 0.913308322429657 
vn -0.39261263608932495 0.12241891771554947 0.9115201234817505 
vn -0.3998345732688904 0.12595777213573456 0.9078915119171143 
vn -0.40504905581474304 0.12250132858753204 0.9060511589050293 
vn -0.3989872932434082 0.11501611769199371 0.9097144603729248 
vn -0.396833211183548 0.10795597732067108 0.9115201234817505 
vn -0.39172157645225525 0.11145439743995667 0.913308322429657 
vn -0.39729559421539307 0.08957728743553162 0.913308322429657 
vn -0.41105833649635315 0.0822441503405571 0.9078915119171143 
vn -0.3955712914466858 0.0784444510936737 0.9150791168212891 
vn -0.40910604596138 0.07107605785131454 0.9097144603729248 
vn -0.394148051738739 0.06376173347234726 0.916832447052002 
vn -0.42914026975631714 0.07120907306671143 0.9004265069961548 
vn -0.41579920053482056 0.0786278247833252 0.9060511589050293 
vn -0.3365393579006195 0.1358354538679123 0.931820809841156 
vn -0.4200214147567749 0.0969695895910263 0.9023185968399048 
vn -0.41826510429382324 0.10428520292043686 0.9023185968399048 
vn -0.4143708050251007 0.11881891638040543 0.9023185968399048 
vn -0.4152035415172577 0.12976181507110596 0.9004265069961548 
vn -0.4252542555332184 0.13698650896549225 0.8946471214294434 
vn -0.42661359906196594 0.1188523918390274 0.8965907096862793 
vn -0.42857030034065247 0.11159102618694305 0.8965907096862793 
vn -0.43690574169158936 0.09338011592626572 0.8946471214294434 
vn -0.43840110301971436 0.10447628796100616 0.8926864862442017 
vn -0.4355774223804474 0.13003912568092346 0.8907088041305542 
vn -0.42815259099006653 0.14069893956184387 0.8926864862442017 
vn -0.42857399582862854 0.1515328288078308 0.8907088041305542 
vn -0.43277886509895325 0.1512935906648636 0.888714075088501 
vn -0.44088560342788696 0.15156573057174683 0.8846737742424011 
vn -0.45340847969055176 0.16235706210136414 0.8763908743858337 
vn -0.4586712121963501 0.1589287668466568 0.87427818775177 
vn -0.46108153462409973 0.15179407596588135 0.87427818775177 
vn -0.46387869119644165 0.15547646582126617 0.872148871421814 
vn -0.46903160214424133 0.15200133621692657 0.8700028657913208 
vn -0.47534698247909546 0.14456340670585632 0.8678402304649353 
vn -0.4910041093826294 0.14488554000854492 0.8590245246887207 
vn -0.4979485869407654 0.13407500088214874 0.8567795157432556 
vn -0.4979485869407654 0.13407500088214874 0.8567795157432556 
vn -0.4998544752597809 0.12678489089012146 0.8567795157432556 
vn -0.5027639269828796 0.1304885447025299 0.8545181155204773 
vn -0.5046043992042542 0.12317954003810883 0.8545181155204773 
vn -0.4998544752597809 0.12678489089012146 0.8567795157432556 
vn -0.4998544752597809 0.12678489089012146 0.8567795157432556 
vn -0.5063386559486389 0.11584460735321045 0.8545181155204773 
vn -0.5109752416610718 0.11220796406269073 0.8522403836250305 
vn -0.5075294375419617 0.12688662111759186 0.8522403836250305 
vn -0.4998544752597809 0.12678489089012146 0.8567795157432556 
vn -0.4809826910495758 0.10840056836605072 0.8700028657913208 
vn -0.22919806838035583 -0.16837824881076813 0.9587059020996094 
vn 0.45171141624450684 -0.5647017359733582 0.6907016038894653 
vn -0.0374840684235096 -0.26070743799209595 0.9646899104118347 
vn -0.4477046728134155 0.07872984558343887 0.8907088041305542 
vn -0.5046043992042542 0.12317954003810883 0.8545181155204773 
vn -0.5131767988204956 0.1193341612815857 0.8499464392662048 
vn -0.46621793508529663 0.14831459522247314 0.872148871421814 
vn -0.39840179681777954 0.02634856477379799 0.916832447052002 
vn -0.5109752416610718 0.11220796406269073 0.8522403836250305 
vn -0.5163752436637878 0.10463118553161621 0.8499464392662048 
vn -0.519396960735321 0.10834965109825134 0.8476362228393555 
vn -0.5163752436637878 0.10463118553161621 0.8499464392662048 
vn -0.5125391483306885 0.10483291745185852 0.8522403836250305 
vn -0.4972790777683258 0.10467342287302017 0.8612531423568726 
vn -0.4862213134765625 0.11924660205841064 0.865661084651947 
vn -0.49691957235336304 0.12307647615671158 0.8590245246887207 
vn -0.4979485869407654 0.13407500088214874 0.8567795157432556 
vn -0.48319771885871887 0.14473266899585724 0.8634653687477112 
vn -0.4713004231452942 0.14481350779533386 0.8700028657913208 
vn -0.46621793508529663 0.14831459522247314 0.872148871421814 
vn -0.46621793508529663 0.14831459522247314 0.872148871421814 
vn -0.4586712121963501 0.1589287668466568 0.87427818775177 
vn -0.4489489495754242 0.15181714296340942 0.8805659413337708 
vn -0.4432760775089264 0.14442501962184906 0.8846737742424011 
vn -0.4352025091648102 0.144173726439476 0.888714075088501 
vn -0.44674867391586304 0.11905666440725327 0.8867024183273315 
vn -0.44164738059043884 0.08976878225803375 0.8926864862442017 
vn -0.43841665983200073 0.08600754290819168 0.8946471214294434 
vn -0.3741748631000519 0.15041057765483856 0.9150791168212891 
vn -0.11610768735408783 0.24110010266304016 0.9635298252105713 
vn -0.3286036252975464 0.09648672491312027 0.9395264387130737 
vn -0.4324861764907837 0.07498372346162796 0.8985171914100647 
vn -0.42340734601020813 0.0562165230512619 0.9041935205459595 
vn -0.38718941807746887 0.05618726834654808 0.9202865362167358 
vn -0.38412895798683167 0.048830464482307434 0.9219872951507568 
vn -0.46601632237434387 0.08621129393577576 0.8805659413337708 
vn -0.4003165364265442 0.048752881586551666 0.9150791168212891 
vn -0.4303084909915924 0.06377076357603073 0.9004265069961548 
vn -0.3323603868484497 0.06347761303186417 0.9410139322280884 
vn -0.3881194293498993 0.07480388879776001 0.9185682535171509 
vn -0.08908610045909882 0.1442982256412506 0.9855159521102905 
vn 0.4459940195083618 0.43534424901008606 0.7820260524749756 
vn -0.1795504242181778 0.305970162153244 0.9349566102027893 
vn -0.4143708050251007 0.11881891638040543 0.9023185968399048 
vn -0.38668543100357056 0.17188860476016998 0.9060511589050293 
vn -0.39593562483787537 0.18947775661945343 0.8985171914100647 
vn -0.13770942389965057 0.4969557523727417 0.8567795157432556 
vn -0.16342224180698395 0.4031442403793335 0.9004265069961548 
vn -0.24136610329151154 0.3130091428756714 0.9185682535171509 
vn 0.20082415640354156 0.5303468704223633 0.8236515522003174 
vn 0.7855862379074097 0.3860938847064972 0.4835140109062195 
vn 0.2189815640449524 0.12209820747375488 0.9680594801902771 
vn -0.15476442873477936 0.07927635312080383 0.9847655892372131 
vn -0.043320417404174805 0.060255032032728195 0.9972425103187561 
vn 0.21156473457813263 0.6755240559577942 0.7063339352607727 
vn 0.3825383484363556 0.08207958936691284 0.9202865362167358 
vn 0.0747111439704895 0.03597899153828621 0.9965559244155884 
vn -0.3270569145679474 0.044952936470508575 0.9439348578453064 
vn -0.40553146600723267 0.037578023970127106 0.913308322429657 
vn -0.3897833526134491 0.03378719463944435 0.9202865362167358 
vn -0.3813428282737732 0.037558987736701965 0.9236704111099243 
vn -0.3857375681400299 0.03385268151760101 0.9219872951507568 
vn -0.3946177065372467 0.02256505750119686 0.9185682535171509 
vn -0.39497578144073486 0.015047917142510414 0.9185682535171509 
vn -0.39519068598747253 0.007525322493165731 0.9185682535171509 
vn -0.39882799983024597 0.018827106803655624 0.916832447052002 
vn -0.4032568037509918 0.0037593627348542213 0.9150791168212891 
vn -0.41123825311660767 -0.003766703186556697 0.9115201234817505 
vn -0.4152173399925232 0.003759306389838457 0.9097144603729248 
vn -0.423151433467865 -0.003766018431633711 0.9060511589050293 
vn -0.42697417736053467 -0.011274712160229683 0.9041935205459595 
vn -0.43486154079437256 -0.011293098330497742 0.9004265069961548 
vn -0.43867963552474976 -0.015067699365317822 0.8985171914100647 
vn -0.450615257024765 -0.00753075210377574 0.8926864862442017 
vn -0.45832309126853943 -0.011280588805675507 0.888714075088501 
vn -0.4660737216472626 -0.011294347234070301 0.8846737742424011 
vn -0.46619534492492676 -0.0037651099264621735 0.8846737742424011 
vn -0.4739086329936981 -0.003769264090806246 0.8805659413337708 
vn -0.4739086329936981 -0.003769264090806246 0.8805659413337708 
vn -0.47775182127952576 -0.0037617359776049852 0.8784868121147156 
vn -0.4815416932106018 -0.007527019828557968 0.8763908743858337 
vn -0.47763335704803467 -0.011284274980425835 0.8784868121147156 
vn -0.4815416932106018 -0.007527019828557968 0.8763908743858337 
vn -0.4930322766304016 0.0037687027361243963 0.8700028657913208 
vn -0.48918259143829346 -0.00753398984670639 0.872148871421814 
vn -0.48541060090065 -0.0037654147017747164 0.87427818775177 
vn -0.4816005229949951 -9.96061143721666e-14 0.8763908743858337 
vn -0.47775182127952576 0.0037617359776049852 0.8784868121147156 
vn -0.4739086329936981 0.003769264090806246 0.8805659413337708 
vn -0.4660737216472626 0.011294347234070301 0.8846737742424011 
vn -0.4584464430809021 0.003760533407330513 0.888714075088501 
vn -0.4506781995296478 -9.321066325469057e-14 0.8926864862442017 
vn -0.4580763578414917 0.018797608092427254 0.888714075088501 
vn -0.4565969407558441 0.04131022468209267 0.888714075088501 
vn -0.4695282280445099 0.022594964131712914 0.882628321647644 
vn -0.47763335704803467 0.011284274980425835 0.8784868121147156 
vn -0.4815416932106018 0.007527019828557968 0.8763908743858337 
vn -0.48541060090065 0.0037654147017747164 0.87427818775177 
vn -0.4892406165599823 -1.0096899716056235e-13 0.872148871421814 
vn -0.4968291223049164 0.00376111944206059 0.8678402304649353 
vn -0.504281759262085 0.011291063390672207 0.8634653687477112 
vn -0.504281759262085 0.011291063390672207 0.8634653687477112 
vn -0.504281759262085 0.011291063390672207 0.8634653687477112 
vn -0.5079529881477356 0.015058950521051884 0.8612531423568726 
vn -0.5079529881477356 0.015058950521051884 0.8612531423568726 
vn -0.51125568151474 0.02635374665260315 0.8590245246887207 
vn -0.51125568151474 0.02635374665260315 0.8590245246887207 
vn -0.5079529881477356 0.015058950521051884 0.8612531423568726 
vn -0.5040571093559265 0.018815645948052406 0.8634653687477112 
vn -0.504281759262085 0.011291063390672207 0.8634653687477112 
vn -0.500573992729187 0.007524966262280941 0.865661084651947 
vn -0.496715247631073 0.011282496154308319 0.8678402304649353 
vn -0.4926866292953491 0.01883910968899727 0.8700028657913208 
vn -0.48871856927871704 0.02259482443332672 0.872148871421814 
vn -0.4810711741447449 0.02257370576262474 0.8763908743858337 
vn -0.4691057801246643 0.030117589980363846 0.882628321647644 
vn -0.4593425393104553 0.05256691575050354 0.8867024183273315 
vn -0.5001215934753418 0.022568099200725555 0.865661084651947 
vn -0.4923410713672638 0.02636858820915222 0.8700028657913208 
vn -0.47597581148147583 0.04132780805230141 0.8784868121147156 
vn -0.5076740384101868 0.02258429117500782 0.8612531423568726 
vn -0.5076740384101868 0.02258429117500782 0.8612531423568726 
vn -0.51125568151474 0.02635374665260315 0.8590245246887207 
vn -0.5148023962974548 0.030123600736260414 0.8567795157432556 
vn -0.5148023962974548 0.030123600736260414 0.8567795157432556 
vn -0.510812520980835 0.033873606473207474 0.8590245246887207 
vn -0.5027098059654236 0.04135754331946373 0.8634653687477112 
vn -0.4752660095691681 0.048817723989486694 0.8784868121147156 
vn -0.4593425393104553 0.05256691575050354 0.8867024183273315 
vn -0.4510650932788849 0.05637509375810623 0.8907088041305542 
vn -0.450111985206604 0.022583846002817154 0.8926864862442017 
vn -0.4426046907901764 0.015038038603961468 0.8965907096862793 
vn -0.44286009669303894 -9.159369768717285e-14 0.8965907096862793 
vn -0.4466308057308197 -0.011287646368145943 0.8946471214294434 
vn -0.43486154079437256 -0.011293098330497742 0.9004265069961548 
vn -0.43100404739379883 -0.007523203734308481 0.9023185968399048 
vn -0.423151433467865 -0.003766018431633711 0.9060511589050293 
vn -0.41913771629333496 0.007525151129812002 0.9078915119171143 
vn -0.41082432866096497 0.018827196210622787 0.9115201234817505 
vn -0.406990647315979 0.015049192123115063 0.913308322429657 
vn -0.4066430628299713 0.02256736531853676 0.913308322429657 
vn -0.4251234829425812 0.041280873119831085 0.9041935205459595 
vn -0.287384957075119 -0.026296785101294518 0.9574540853500366 
vn -0.421142041683197 0.041360609233379364 0.9060511589050293 
vn -0.4223472774028778 0.026345428079366684 0.9060511589050293 
vn -0.42301738262176514 0.011296861805021763 0.9060511589050293 
vn -0.42710649967193604 0.0037586253602057695 0.9041935205459595 
vn -0.43499186635017395 -0.0037647420540452003 0.9004265069961548 
vn -0.43499186635017395 0.0037647420540452003 0.9004265069961548 
vn -0.43460094928741455 0.018818071112036705 0.9004265069961548 
vn -0.43001964688301086 0.030069902539253235 0.9023185968399048 
vn -0.43973490595817566 0.052519362419843674 0.8965907096862793 
vn -0.44549044966697693 0.03383411839604378 0.8946471214294434 
vn -0.447598397731781 0.05259757861495018 0.8926864862442017 
vn -0.4342101514339447 0.026337407529354095 0.9004265069961548 
vn -0.41317689418792725 -0.04128461331129074 0.9097144603729248 
vn -0.43973490595817566 0.052519362419843674 0.8965907096862793 
vn -0.4263129234313965 0.026294080540537834 0.9041935205459595 
vn -0.37823647260665894 -0.026281462982296944 0.9253358840942383 
vn -0.026092717424035072 -0.17191840708255768 0.9847655892372131 
vn 0.04631122574210167 -0.04631122574210167 0.9978529810905457 
vn -0.38412895798683167 -0.048830464482307434 0.9219872951507568 
vn -0.3287588655948639 -0.16308552026748657 0.9302261471748352 
vn -0.2604292631149292 -0.13374866545200348 0.9561840295791626 
vn -0.1630021035671234 -0.28232792019844055 0.9453682899475098 
vn -0.17065751552581787 -0.425515353679657 0.888714075088501 
vn -0.41317689418792725 -0.04128461331129074 0.9097144603729248 
vn 0.09388433396816254 -0.5951727628707886 0.7980946898460388 
vn 0.20720158517360687 -0.8085139393806458 0.5507928133010864 
vn 0.5849052667617798 -0.007531293202191591 0.8110666871070862 
vn 0.8029497861862183 0.08287562429904938 0.590256929397583 
vn 0.22704805433750153 -0.33810803294181824 0.913308322429657 
vn 0.5329426527023315 -0.24112863838672638 0.8110666871070862 
vn 0.30076929926872253 -0.1722041368484497 0.9380210638046265 
vn 0.7061185240745544 -0.0828147903084755 0.7032341957092285 
vn 0.6255490183830261 -0.07522502541542053 0.7765498161315918 
vn 0.843134880065918 0.09784512966871262 0.528724730014801 
vn 0.8240063190460205 -0.09785998612642288 0.5580654144287109 
vn 0.7703023552894592 -0.2950853109359741 0.5652954578399658 
vn 0.6377853155136108 -0.5964356064796448 0.48733407258987427 
vn 0.42445242404937744 -0.8155924081802368 0.3932546079158783 
vn 0.17775371670722961 -0.8392871618270874 0.5138099193572998 
vn -0.11652938276529312 -0.771916389465332 0.6249527335166931 
vn 0.22564274072647095 -0.8457538485527039 0.4835140109062195 
vn 0.5092166662216187 -0.7939434051513672 0.33219319581985474 
vn 0.5423891544342041 -0.7337014079093933 0.40926313400268555 
vn 0.6995511054992676 -0.5464960336685181 0.46040233969688416 
vn 0.8252323269844055 -0.31017547845840454 0.4719987213611603 
vn 0.8646742105484009 -0.10542917996644974 0.4911448359489441 
vn 0.8874216079711914 0.022640231996774673 0.46040233969688416 
vn -0.3464313745498657 -0.249838724732399 0.9041935205459595 
vn 0.8528362512588501 -0.1278175562620163 0.5062933564186096 
vn 0.7771700620651245 -0.3234456479549408 0.5398051738739014 
vn 0.8372539281845093 -0.060311391949653625 0.5434780716896057 
vn 0.8968358039855957 0.09034346044063568 0.43303996324539185 
vn 0.8230291604995728 0.43523770570755005 0.3649536371231079 
vn 0.5941526889801025 0.7433141469955444 0.30735430121421814 
vn 0.3760165274143219 0.8019094467163086 0.4642767012119293 
vn -0.011310865171253681 0.6600013971328735 0.7511792182922363 
vn -0.35300421714782715 0.3104115128517151 0.882628321647644 
vn 0.04713629558682442 0.7540174722671509 0.6551609039306641 
vn 0.29453450441360474 0.84785395860672 0.4409002661705017 
vn -0.09405457228422165 0.7553526163101196 0.6485338807106018 
vn -0.43666020035743713 0.24486489593982697 0.865661084651947 
vn -0.4853226840496063 0.3265467584133148 0.8110666871070862 
vn -0.47861143946647644 0.20181655883789062 0.8545181155204773 
vn -0.5613141655921936 0.7764328718185425 0.2864931523799896 
vn -0.3789827227592468 0.8521362543106079 0.36088213324546814 
vn -0.4596301019191742 0.8866890072822571 0.05022686347365379 
vn -0.46469545364379883 0.8854032158851624 -0.010923261754214764 
vn -0.5159322619438171 0.8281972408294678 -0.21886809170246124 
vn -0.654459536075592 0.6851349472999573 0.3198012113571167 
vn -0.5771392583847046 0.4919320344924927 0.651853621006012 
vn -0.5384986400604248 0.292773962020874 0.790128231048584 
vn -0.45959165692329407 0.1156681478023529 0.8805659413337708 
vn -0.23634012043476105 0.8128119707107544 0.5324283838272095 
vn -0.6383252143859863 0.404110312461853 0.6551609039306641 
vn -0.47861143946647644 0.20181655883789062 0.8545181155204773 
vn -0.45032715797424316 0.08598107099533081 0.888714075088501 
vn -0.4527283310890198 0.12650832533836365 0.882628321647644 
vn -0.44844093918800354 0.14095398783683777 0.882628321647644 
vn -0.4582613408565521 0.1481066644191742 0.8763908743858337 
vn -0.4582613408565521 0.1481066644191742 0.8763908743858337 
vn -0.45763543248176575 0.1372252106666565 0.8784868121147156 
vn -0.4684465825557709 0.14111755788326263 0.872148871421814 
vn -0.4713004231452942 0.14481350779533386 0.8700028657913208 
vn -0.4774811267852783 0.13735026121139526 0.8678402304649353 
vn -0.490204781293869 0.13394871354103088 0.8612531423568726 
vn -0.48730194568634033 0.13024742901325226 0.8634653687477112 
vn -0.481420636177063 0.12283118069171906 0.8678402304649353 
vn -0.4734590947628021 0.13759183883666992 0.8700028657913208 
vn -0.4705641567707062 0.13388705253601074 0.872148871421814 
vn -0.4744640588760376 0.11933249980211258 0.872148871421814 
vn -0.4748174846172333 0.10092557221651077 0.87427818775177 
vn -0.4716931879520416 0.09718330204486847 0.8763908743858337 
vn -0.5736709833145142 0.1598851978778839 0.8033295273780823 
vn -0.5088202953338623 0.1629514992237091 0.8453097939491272 
vn -0.45494896173477173 0.08234252780675888 0.8867024183273315 
vn -0.4567404091358185 0.09349055588245392 0.8846737742424011 
vn -0.46360522508621216 0.11546053737401962 0.8784868121147156 
vn -0.46172964572906494 0.12274646759033203 0.8784868121147156 
vn -0.4534824788570404 0.10819388926029205 0.8846737742424011 
vn -0.46842533349990845 0.11187838017940521 0.8763908743858337 
vn -0.5040758848190308 0.1879192739725113 0.8429672718048096 
vn -0.5922660827636719 0.2601170241832733 0.762600839138031 
vn -0.7458183765411377 0.2803705036640167 0.6042742133140564 
vn -0.7562482357025146 0.15715017914772034 0.6351318359375 
vn -0.9018994569778442 0.2605336308479309 0.34452807903289795 
vn -0.9519355893135071 0.30454087257385254 0.03276457265019417 
vn -0.8433041572570801 0.4288382828235626 0.3239381015300751 
vn -0.8948483467102051 0.31140583753585815 -0.3198012113571167 
vn -0.7329432964324951 0.6089891791343689 -0.30319350957870483 
vn -0.933451771736145 0.11304885894060135 -0.34042292833328247 
vn -0.9806143045425415 0.1205311119556427 -0.15449213981628418 
vn -0.9916543364524841 0.12801504135131836 -0.0152922747656703 
vn -0.9923074245452881 0.07544500380754471 0.0981530249118805 
vn -0.7977374792098999 0.08283419907093048 0.5972883701324463 
vn -0.5341246128082275 0.08993314951658249 0.8406086564064026 
vn -0.6566123962402344 0.06774900108575821 0.7511792182922363 
vn -0.48670828342437744 0.07880409061908722 0.8700028657913208 
vn -0.5666671991348267 0.06763840466737747 0.8211658596992493 
vn -0.4949853718280792 0.07496943324804306 0.865661084651947 
vn -0.663363516330719 0.003768608206883073 0.7482877969741821 
vn -0.7751348614692688 -0.007539426442235708 0.6317508816719055 
vn -0.9580525755882263 -0.007543541956692934 0.2864931523799896 
vn -0.9598574638366699 -0.060389112681150436 -0.27391019463539124 
vn -0.9335846304893494 -0.0829412043094635 -0.34862664341926575 
vn -0.45494896173477173 0.08234252780675888 0.8867024183273315 
vn -0.8716663122177124 -0.3850603997707367 -0.30319350957870483 
vn -0.7570016980171204 -0.13879945874214172 0.6385006904602051 
vn -0.6536816954612732 -0.06402666121721268 0.7540562748908997 
vn -0.5464386940002441 0.05263707786798477 0.8358433246612549 
vn -0.4651889503002167 0.0675760805606842 0.882628321647644 
vn -0.4812106490135193 0.06382732838392258 0.87427818775177 
vn -0.5451936721801758 0.011294647119939327 0.838234007358551 
vn -0.515627920627594 -0.007534921634942293 0.8567795157432556 
vn -0.5054445266723633 0.052619557827711105 0.8612531423568726 
vn -0.4855324327945709 0.060121942311525345 0.872148871421814 
vn -0.4651889503002167 0.0675760805606842 0.882628321647644 
vn -0.4745001494884491 0.08239327371120453 0.8763908743858337 
vn -0.49877554178237915 0.09729310125112534 0.8612531423568726 
vn -0.5125391483306885 0.10483291745185852 0.8522403836250305 
vn -0.5178166627883911 0.09724695235490799 0.8499464392662048 
vn -0.5163752436637878 0.10463118553161621 0.8499464392662048 
vn -0.5208814144134521 0.1009722575545311 0.8476362228393555 
vn -0.5178166627883911 0.09724695235490799 0.8499464392662048 
vn -0.5222610831260681 0.09357455372810364 0.8476362228393555 
vn -0.5178166627883911 0.09724695235490799 0.8499464392662048 
vn -0.5139966011047363 0.0974360927939415 0.8522403836250305 
vn -0.504622220993042 0.08621632307767868 0.8590245246887207 
vn -0.49380257725715637 0.08240107446908951 0.865661084651947 
vn -0.48785609006881714 0.07135459035634995 0.8700028657913208 
vn -0.49605631828308105 0.06752084940671921 0.865661084651947 
vn -0.5026066303253174 0.07503046095371246 0.8612531423568726 
vn -0.5101875066757202 0.07508403807878494 0.8567795157432556 
vn -0.5122061967849731 0.08627646416425705 0.8545181155204773 
vn -0.5222610831260681 0.09357455372810364 0.8476362228393555 
vn -0.5235357284545898 0.08615802228450775 0.8476362228393555 
vn -0.5222610831260681 0.09357455372810364 0.8476362228393555 
vn -0.5191525220870972 0.08984287828207016 0.8499464392662048 
vn -0.5001624822616577 0.08989141881465912 0.8612531423568726 
vn -0.4745001494884491 0.08239327371120453 0.8763908743858337 
vn -0.2879728078842163 0.018796194344758987 0.9574540853500366 
vn -0.36489149928092957 0.06730995327234268 0.9286137819290161 
vn -0.4410649240016937 0.07119127362966537 0.8946471214294434 
vn -0.4969971477985382 0.08614765107631683 0.8634653687477112 
vn -0.4949853718280792 0.07496943324804306 0.865661084651947 
vn -0.3572957515716553 0.06363769620656967 0.931820809841156 
vn -0.2832799255847931 0.11377646028995514 0.9522643685340881 
vn -0.4768435060977936 0.06752273440361023 0.8763908743858337 
vn -0.4671158790588379 0.05263131856918335 0.882628321647644 
vn -0.39172157645225525 0.11145439743995667 0.913308322429657 
vn -0.1374828964471817 0.26319703459739685 0.9548956751823425 
vn -0.172874316573143 0.3144572377204895 0.933397650718689 
vn -0.07474100589752197 0.34679946303367615 0.9349566102027893 
vn 0.16309571266174316 0.4970775544643402 0.8522403836250305 
vn 0.32499969005584717 0.6357717514038086 0.7001210451126099 
vn 0.14598041772842407 0.673480749130249 0.7246471047401428 
vn -0.05827579274773598 0.5784763693809509 0.8136147856712341 
vn -0.42248404026031494 0.11905495822429657 0.8985171914100647 
vn -0.42914026975631714 0.07120907306671143 0.9004265069961548 
vn -0.30092400312423706 0.2372293621301651 0.9236704111099243 
vn -0.4477046728134155 0.07872984558343887 0.8907088041305542 
vn -0.47948434948921204 0.04509779065847397 0.8763908743858337 
vn -0.3341325521469116 0.1704603135585785 0.926983654499054 
vn -0.45401179790496826 0.06372280418872833 0.888714075088501 
vn -0.5143072605133057 0.03764243796467781 0.8567795157432556 
vn -0.5211959481239319 0.04517829790711403 0.8522403836250305 
vn -0.5177682638168335 0.041410792618989944 0.8545181155204773 
vn -0.5177682638168335 0.041410792618989944 0.8545181155204773 
vn -0.5177682638168335 0.041410792618989944 0.8545181155204773 
vn -0.5177682638168335 0.041410792618989944 0.8545181155204773 
vn -0.5137023329734802 0.045153241604566574 0.8567795157432556 
vn -0.5129877328872681 0.05265440419316292 0.8567795157432556 
vn -0.5046092867851257 0.06010360270738602 0.8612531423568726 
vn -0.5112301111221313 0.06762140244245529 0.8567795157432556 
vn -0.5101875066757202 0.07508403807878494 0.8567795157432556 
vn -0.5134041905403137 0.07883510738611221 0.8545181155204773 
vn -0.5191525220870972 0.08984287828207016 0.8499464392662048 
vn -0.5203825235366821 0.08242049068212509 0.8499464392662048 
vn -0.5144940614700317 0.07137715071439743 0.8545181155204773 
vn -0.5154755711555481 0.06390416622161865 0.8545181155204773 
vn -0.5225238800048828 0.06752680987119675 0.8499464392662048 
vn -0.520490825176239 0.05268429219722748 0.8522403836250305 
vn -0.520490825176239 0.05268429219722748 0.8522403836250305 
vn -0.520490825176239 0.05268429219722748 0.8522403836250305 
vn -0.5275787711143494 0.05633355677127838 0.8476362228393555 
vn -0.5215063691139221 0.07498129457235336 0.8499464392662048 
vn -0.5257687568664551 0.07127446681261063 0.8476362228393555 
vn -0.5257687568664551 0.07127446681261063 0.8476362228393555 
vn -0.5003548860549927 0.06381655484437943 0.8634653687477112 
vn -0.42914026975631714 0.07120907306671143 0.9004265069961548 
vn -0.5046092867851257 0.06010360270738602 0.8612531423568726 
vn -0.520490825176239 0.05268429219722748 0.8522403836250305 
vn -0.5211959481239319 0.04517829790711403 0.8522403836250305 
vn -0.5211959481239319 0.04517829790711403 0.8522403836250305 
vn -0.520490825176239 0.05268429219722748 0.8522403836250305 
vn -0.5242391228675842 0.05257805436849594 0.8499464392662048 
vn -0.5242391228675842 0.05257805436849594 0.8499464392662048 
vn -0.5234348773956299 0.060058556497097015 0.8499464392662048 
vn -0.856526255607605 -0.44002485275268555 -0.26970529556274414 
vn -0.8518224358558655 -0.4329657256603241 -0.2948545813560486 
vn -0.8913888335227966 -0.2896297872066498 -0.34862664341926575 
vn -0.8987239003181458 -0.20955301821231842 -0.3852050006389618 
vn -0.9045948386192322 -0.21338647603988647 -0.3690181374549866 
vn -0.894537627696991 -0.24620525538921356 -0.37307560443878174 
vn -0.8573624491691589 -0.3709726929664612 -0.3568037748336792 
vn -0.8889029622077942 -0.31104061007499695 -0.3363112509250641 
vn -0.8205651640892029 -0.4621336758136749 -0.3363112509250641 
vn -0.3270569145679474 0.044952936470508575 0.9439348578453064 
vn -0.287384957075119 -0.026296785101294518 0.9574540853500366 
vn 0.04631122574210167 -0.04631122574210167 0.9978529810905457 
vn 0.4358219504356384 0.850364625453949 0.2948545813560486 
vn 0.08664652705192566 0.8773309588432312 0.4719987213611603 
vn -0.15776893496513367 0.9092447757720947 0.3852050006389618 
vn -0.3749704957008362 0.8953959941864014 0.2401314377784729 
vn -0.44403180480003357 0.8847629427909851 -0.1415284425020218 
vn -0.5194836258888245 0.7940381765365601 -0.31565824151039124 
vn -0.4703379273414612 0.8549146056175232 -0.21886809170246124 
vn -0.605334460735321 0.7426249980926514 -0.2864931523799896 
vn -0.34909746050834656 0.9352301955223083 -0.058952588587999344 
vn -0.384107768535614 0.9063507914543152 -0.1760382205247879 
vn -0.29363536834716797 0.937917172908783 -0.18463370203971863 
vn 0.037749744951725006 0.999265730381012 0.006554040592163801 
vn 0.07168927788734436 0.9951285719871521 -0.06767380982637405 
vn -0.209901824593544 0.9584410190582275 -0.19321508705615997 
vn -0.444088876247406 0.8749017119407654 -0.19321508705615997 
vn -0.47724002599716187 0.8618288040161133 -0.17173540592193604 
vn -0.5159322619438171 0.8281972408294678 -0.21886809170246124 
vn -0.6391071677207947 0.7218409180641174 -0.26549527049064636 
vn -0.7482362389564514 0.5566925406455994 -0.36088213324546814 
vn -0.8488035798072815 0.3142973780632019 -0.42514660954475403 
vn -0.9017521142959595 0.11300420016050339 -0.417220801115036 
vn -0.8991883993148804 -0.02266429364681244 -0.43697428703308105 
vn -0.8871000409126282 -0.0904540941119194 -0.45262736082077026 
vn -0.9282656311988831 0.07163643836975098 -0.3649536371231079 
vn -0.9035520553588867 0.1390964835882187 -0.405272513628006 
vn -0.8689113259315491 0.34305134415626526 -0.3568037748336792 
vn -0.7787728905677795 0.5396665334701538 -0.3198012113571167 
vn -0.6167006492614746 0.7672619223594666 -0.1760382205247879 
vn -0.5919600129127502 0.7942034006118774 -0.1372016966342926 
vn -0.813596248626709 0.5314303040504456 -0.23588760197162628 
vn -0.9228634238243103 0.25738057494163513 -0.2864931523799896 
vn -0.9248629212379456 0.04903686046600342 -0.37712597846984863 
vn -0.9387878179550171 0.19130899012088776 -0.2864931523799896 
vn -0.8706647753715515 0.49105650186538696 0.028397228568792343 
vn -0.9869718551635742 0.15421800315380096 0.04586252197623253 
vn -0.9635090231895447 0.10923974961042404 -0.24437066912651062 
vn -0.9228001236915588 0.007549809291958809 -0.3852050006389618 
vn -0.889219343662262 -0.16893568634986877 -0.42514660954475403 
vn -0.8118149638175964 -0.4352627992630005 -0.3892335295677185 
vn -0.6506773233413696 -0.7320541143417358 -0.2017817199230194 
vn -0.7402814626693726 -0.5844920873641968 0.33219319581985474 
vn -0.6570046544075012 -0.20792174339294434 0.7246471047401428 
vn -0.6057159900665283 -0.09383758157491684 0.790128231048584 
vn -0.4810711741447449 0.02257370576262474 0.8763908743858337 
vn -0.5095946192741394 -0.04888969659805298 0.8590245246887207 
vn -0.572077751159668 -0.13802137970924377 0.8085030317306519 
vn -0.5957939028739929 -0.224869966506958 0.7710143327713013 
vn -0.6339574456214905 -0.3602149784564972 0.6843559741973877 
vn -0.6484783291816711 -0.7578173279762268 0.07203252613544464 
vn -0.5523325800895691 -0.8308724164962769 -0.06767380982637405 
vn -0.6577678322792053 -0.6857867240905762 -0.31150925159454346 
vn -0.840673565864563 -0.47664254903793335 -0.25706008076667786 
vn -0.9210438132286072 -0.26829588413238525 -0.28230419754981995 
vn -0.9534341096878052 -0.09426082670688629 -0.2864931523799896 
vn -0.9895066022872925 -0.045302875339984894 -0.1372016966342926 
vn -0.5414319038391113 -0.15612384676933289 0.8261215686798096 
vn -0.6349174976348877 -0.5562850832939148 0.5361219048500061 
vn -0.9622446894645691 -0.25033804774284363 -0.10684575140476227 
vn -0.8514834642410278 -0.5104970932006836 -0.11986933648586273 
vn -0.6939137578010559 -0.7139219641685486 -0.09380380809307098 
vn -0.7232252359390259 -0.6578034162521362 -0.2103329300880432 
vn -0.5339332222938538 -0.8241493701934814 -0.18892620503902435 
vn -0.4425596296787262 -0.8922663331031799 0.08945280313491821 
vn -0.48528727889060974 -0.8153870701789856 0.31565824151039124 
vn -0.5779838562011719 -0.8051581382751465 0.1328723281621933 
vn -0.6011430621147156 -0.6665087938308716 0.4409002661705017 
vn -0.5117783546447754 -0.1773696392774582 0.8406086564064026 
vn -0.450111985206604 0.022583846002817154 0.8926864862442017 
vn -0.4486273527145386 -0.1117691844701767 0.8867024183273315 
vn -0.3359728455543518 -0.7224783301353455 0.6042742133140564 
vn -0.510430634021759 -0.6633985638618469 0.5471406579017639 
vn -0.27099329233169556 -0.8389158844947815 0.4719987213611603 
vn -0.028290215879678726 -0.8317464590072632 0.5544344186782837 
vn 0.321313738822937 -0.8668723106384277 0.3811691105365753 
vn 0.4048396348953247 -0.8419001698493958 0.3568037748336792 
vn 0.42801904678344727 -0.8117743730545044 0.3972681760787964 
vn 0.5419973134994507 -0.7055701017379761 0.456519216299057 
vn 0.3648434579372406 -0.8401596546173096 0.401274174451828 
vn 0.310943603515625 -0.8935201168060303 0.3239381015300751 
vn 0.19648189842700958 -0.911679208278656 0.36088213324546814 
vn -0.09045590460300446 -0.9906116127967834 0.10250037163496017 
vn 0.2664337456226349 -0.9323604702949524 0.24437066912651062 
vn 0.3616795241832733 -0.8596231937408447 0.36088213324546814 
vn 0.4516727924346924 -0.732006847858429 0.5100564956665039 
vn 0.6782236099243164 -0.5253685712814331 0.5138099193572998 
vn 0.7515921592712402 -0.2303323745727539 0.6181069612503052 
vn 0.8479555249214172 -0.03770418092608452 0.528724730014801 
vn 0.882232666015625 0.16514375805854797 0.4409002661705017 
vn 0.7350765466690063 0.4976867735385895 0.46040233969688416 
vn 0.6866701245307922 0.6800031065940857 0.25706008076667786 
vn 0.5238525867462158 0.824332594871521 0.21460255980491638 
vn 0.25337836146354675 0.9213360548019409 0.2948545813560486 
vn 0.43048766255378723 0.891431450843811 0.1415284425020218 
vn 0.3980829417705536 0.9129776358604431 0.08945280313491821 
vn 0.3421589136123657 0.9357805848121643 0.08510008454322815 
vn 0.003772683208808303 0.9967275857925415 0.08074574917554855 
vn -0.18765608966350555 0.9821157455444336 -0.0152922747656703 
vn -0.40972772240638733 0.8905710577964783 -0.1975002884864807 
vn -0.5487151741981506 0.8297019600868225 -0.10250037163496017 
vn -0.3842308521270752 0.9165171384811401 -0.1111890971660614 
vn -0.46432286500930786 0.8846933245658875 0.04149730131030083 
vn -0.2883153557777405 0.9435391426086426 0.16312000155448914 
vn -0.07912348955869675 0.9596866965293884 0.26970529556274414 
vn 0.20411689579486847 0.9596896767616272 0.19321508705615997 
vn 0.45498862862586975 0.8609765768051147 0.22738653421401978 
vn 0.4651082456111908 0.8483800888061523 0.25283506512641907 
vn 0.4644525945186615 0.8421739935874939 0.27391019463539124 
vn 0.5355278253555298 0.8044439554214478 0.25706008076667786 
vn 0.6378121972084045 0.6738027930259705 0.37307560443878174 
vn 0.5285154581069946 0.7370700836181641 0.42118772864341736 
vn 0.5102500915527344 0.7606732845306396 0.401274174451828 
vn 0.45448699593544006 0.7972575426101685 0.3972681760787964 
vn 0.28915148973464966 0.8557259440422058 0.42909738421440125 
vn 0.33952999114990234 0.8985400795936584 0.2781098484992981 
vn 0.11661964654922485 0.9171204566955566 0.3811691105365753 
vn 0.6375231742858887 0.5349454879760742 0.5544344186782837 
vn 0.4263886511325836 0.5208558440208435 0.7395281791687012 
vn 0.3283279240131378 0.6991482973098755 0.6351318359375 
vn 0.18113654851913452 0.7621566653251648 0.6215357780456543 
vn -0.00376860867254436 0.7941195368766785 0.607749879360199 
vn 0.7934238910675049 0.27406227588653564 0.5434780716896057 
vn 0.6695460081100464 0.26509201526641846 0.6938546895980835 
vn 0.4650551676750183 0.2048577070236206 0.8612531423568726 
vn 0.7053112983703613 0.06023532152175903 0.7063339352607727 
vn 0.8064372539520264 0.09777315706014633 0.5831804275512695 
vn 0.8578709363937378 -0.0075388820841908455 0.5138099193572998 
vn 0.7689831852912903 -0.0977531298995018 0.6317508816719055 
vn 0.7708345651626587 -0.17953163385391235 0.6112139225006104 
vn 0.6219688653945923 -0.5022047758102417 0.6007870435714722 
vn 0.4158424437046051 -0.7554747462272644 0.5062933564186096 
vn 0.5377541184425354 0.015054304152727127 0.8429672718048096 
vn 0.5782186985015869 -0.15656007826328278 0.8007197380065918 
vn 0.5587705373764038 -0.459028035402298 0.6907016038894653 
vn 0.022351939231157303 0.15068453550338745 0.9883291721343994 
vn -0.11239319294691086 0.15978917479515076 0.9807319641113281 
vn -0.08702847361564636 0.2751502990722656 0.9574540853500366 
vn 0.04134932532906532 0.4798221290111542 0.8763908743858337 
vn -0.05076828598976135 0.5502779483795166 0.8334367275238037 
vn -0.24840418994426727 0.48544731736183167 0.838234007358551 
vn -0.3394722640514374 0.398051381111145 0.8522403836250305 
vn -0.2231622189283371 0.7648864388465881 0.6042742133140564 
vn -0.3754650950431824 0.8411440253257751 0.3892335295677185 
vn -0.5276163816452026 0.8083029389381409 0.2612801790237427 
vn -0.6494281888008118 0.7494800686836243 0.12854042649269104 
vn -0.6281377077102661 0.3263975977897644 0.7063339352607727 
vn -0.6507532596588135 0.45975303649902344 0.6042742133140564 
vn -0.5618969202041626 0.6139009594917297 0.5544344186782837 
vn -0.4428304135799408 0.5716926455497742 0.6907016038894653 
vn -0.35709232091903687 0.46330979466438293 0.8110666871070862 
vn -0.3428736627101898 0.3215663731098175 0.882628321647644 
vn -0.411918967962265 0.18284855782985687 0.8926864862442017 
vn -0.4201832115650177 0.22739177942276 0.8784868121147156 
vn -0.46105363965034485 0.2625688314437866 0.8476362228393555 
vn -0.5249219536781311 0.2958071529865265 0.7980946898460388 
vn -0.5373125672340393 0.20269125699996948 0.8186644315719604 
vn -0.47257015109062195 0.12662479281425476 0.872148871421814 
vn -0.4699538052082062 0.0860486850142479 0.8784868121147156 
vn -0.5214526057243347 0.15953342616558075 0.838234007358551 
vn -0.441503643989563 0.1082238256931305 0.8907088041305542 
vn -0.4448486566543579 0.09352824091911316 0.8907088041305542 
vn -0.4444003701210022 0.07496101409196854 0.8926864862442017 
vn -0.41289541125297546 0.13692879676818848 0.9004265069961548 
vn -0.39680176973342896 0.168432354927063 0.9023185968399048 
vn -0.415816068649292 0.19309140741825104 0.888714075088501 
vn -0.44894829392433167 0.07129717618227005 0.8907088041305542 
vn -0.44894829392433167 0.07129717618227005 0.8907088041305542 
vn -0.44894829392433167 0.07129717618227005 0.8907088041305542 
vn -0.43369677662849426 0.08962228894233704 0.8965907096862793 
vn -0.44894829392433167 0.07129717618227005 0.8907088041305542 
vn -0.44894829392433167 0.07129717618227005 0.8907088041305542 
vn -0.4614030718803406 0.08985824137926102 0.882628321647644 
vn -0.49308285117149353 0.13764512538909912 0.8590245246887207 
vn -0.5474293828010559 0.18499861657619476 0.8161473870277405 
vn -0.6622480750083923 0.1787489503622055 0.7276512384414673 
vn -0.6126828789710999 0.1856093406677246 0.7682244777679443 
vn -0.7060908675193787 0.2044714242219925 0.677958071231842 
vn -0.8189250230789185 0.16121137142181396 0.5507928133010864 
vn -0.995983898639679 -0.003774415934458375 0.08945280313491821 
vn -0.9699835777282715 -0.1912582814693451 0.15017375349998474 
vn -0.838985025882721 -0.5163439512252808 0.17173540592193604 
vn -0.6653035283088684 -0.74265456199646 -0.0763898640871048 
vn -0.5265964269638062 -0.841621994972229 -0.11986933648586273 
vn -0.5437844395637512 -0.8312347531318665 -0.11553031951189041 
vn -0.5763131380081177 -0.7970830798149109 -0.18033768236637115 
vn -0.42559489607810974 -0.893082320690155 -0.1458524912595749 
vn -0.3649684190750122 -0.9181123375892639 -0.15449213981628418 
vn -0.32613733410835266 -0.9402129650115967 -0.0981530249118805 
vn -0.052817411720752716 -0.9982003569602966 0.028397228568792343 
vn 0.22272558510303497 -0.9588555097579956 0.1760382205247879 
vn 0.35845276713371277 -0.8740037083625793 0.3280687630176544 
vn 0.40326055884361267 -0.7839630842208862 0.4719987213611603 
vn -0.44894829392433167 0.07129717618227005 0.8907088041305542 
vn -0.45032715797424316 0.08598107099533081 0.888714075088501 
vn 0.27861371636390686 -0.891664445400238 0.3568037748336792 
vn 0.06784070283174515 -0.9581505656242371 0.2781098484992981 
vn 0.22744472324848175 -0.8318268656730652 0.5062933564186096 
vn 0.3294958472251892 -0.663708508014679 0.6715083718299866 
vn 0.06546979397535324 -0.3857283294200897 0.9202865362167358 
vn 0.11551929265260696 -0.2825736999511719 0.9522643685340881 
vn 0.18828314542770386 -0.15907879173755646 0.9691457152366638 
vn 0.22939056158065796 0.007509469520300627 0.9733054637908936 
vn -0.30051496624946594 0.10316692292690277 0.9481810927391052 
vn -0.3435281813144684 0.10371726751327515 0.933397650718689 
vn -0.25906673073768616 0.12714587152004242 0.9574540853500366 
vn -0.3205545246601105 0.1317620724439621 0.9380210638046265 
vn -0.2665638029575348 0.22149531543254852 0.9380210638046265 
vn -0.26094967126846313 0.30219781398773193 0.916832447052002 
vn -0.38147661089897156 0.23255552351474762 0.8946471214294434 
vn -0.40504905581474304 0.12250132858753204 0.9060511589050293 
vn -0.4448486566543579 0.09352824091911316 0.8907088041305542 
vn -0.4245207905769348 0.07485447078943253 0.9023185968399048 
vn -0.44894829392433167 0.07129717618227005 0.8907088041305542 
vn -0.44894829392433167 0.07129717618227005 0.8907088041305542 
vn -0.44894829392433167 0.07129717618227005 0.8907088041305542 
vn -0.44894829392433167 0.07129717618227005 0.8907088041305542 
vn -0.44894829392433167 0.07129717618227005 0.8907088041305542 
vn -0.45819082856178284 0.08610134571790695 0.8846737742424011 
vn -0.4653658866882324 0.10814597457647324 0.8784868121147156 
vn -0.49395886063575745 0.11936348676681519 0.8612531423568726 
vn -0.5207611322402954 0.11941178143024445 0.8453097939491272 
vn -0.5178080201148987 0.11570525169372559 0.8476362228393555 
vn -0.49420472979545593 0.10094187408685684 0.8634653687477112 
vn -0.5283936262130737 0.10102638602256775 0.8429672718048096 
vn -0.4529053568840027 0.07116204500198364 0.888714075088501 
vn -0.4627840220928192 0.08245139569044113 0.882628321647644 
vn -0.46601632237434387 0.08621129393577576 0.8805659413337708 
vn -0.44894829392433167 0.07129717618227005 0.8907088041305542 
vn -0.44894829392433167 0.07129717618227005 0.8907088041305542 
vn -0.44894829392433167 0.07129717618227005 0.8907088041305542 
vn -0.4685227572917938 0.0713445171713829 0.8805659413337708 
vn -0.547746479511261 0.11591370403766632 0.8285757899284363 
vn -0.5876663327217102 0.11617310345172882 0.8007197380065918 
vn -0.8913092017173767 0.02638847753405571 0.45262736082077026 
vn -0.6844580173492432 0.04517637565732002 0.7276512384414673 
vn -0.8356348872184753 -0.10161060839891434 0.5398051738739014 
vn -0.6163880825042725 -1.2748329681396692e-13 0.7874425053596497 
vn -0.5036632418632507 0.06757445633411407 0.8612531423568726 
vn -0.46601632237434387 0.08621129393577576 0.8805659413337708 
vn -0.44894829392433167 0.07129717618227005 0.8907088041305542 
vn -0.44894829392433167 0.07129717618227005 0.8907088041305542 
vn -0.44894829392433167 0.07129717618227005 0.8907088041305542 
vn -0.44894829392433167 0.07129717618227005 0.8907088041305542 
vn -0.44894829392433167 0.07129717618227005 0.8907088041305542 
vn -0.44894829392433167 0.07129717618227005 0.8907088041305542 
vn -0.44894829392433167 0.07129717618227005 0.8907088041305542 
vn -0.44894829392433167 0.07129717618227005 0.8907088041305542 
vn -0.44894829392433167 0.07129717618227005 0.8907088041305542 
vn -0.44894829392433167 0.07129717618227005 0.8907088041305542 
vn -0.44894829392433167 0.07129717618227005 0.8907088041305542 
vn -0.44894829392433167 0.07129717618227005 0.8907088041305542 
vn -0.44894829392433167 0.07129717618227005 0.8907088041305542 
vn -0.4744383692741394 0.05629553273320198 0.8784868121147156 
vn -0.5562002658843994 -0.007532161194831133 0.8310141563415527 
vn -0.7209357023239136 -0.12754583358764648 0.681163489818573 
vn -0.6755263805389404 -0.18978404998779297 0.7124928832054138 
vn -0.5818533897399902 -0.06014552712440491 0.8110666871070862 
vn -0.519079864025116 0.018838951364159584 0.8545181155204773 
vn -0.46182355284690857 0.06380666792392731 0.8846737742424011 
vn -0.44894829392433167 0.07129717618227005 0.8907088041305542 
vn -0.44894829392433167 0.07129717618227005 0.8907088041305542 
vn -0.44894829392433167 0.07129717618227005 0.8907088041305542 
vn -0.44894829392433167 0.07129717618227005 0.8907088041305542 
vn -0.44894829392433167 0.07129717618227005 0.8907088041305542 
vn -0.44894829392433167 0.07129717618227005 0.8907088041305542 
vn -0.44894829392433167 0.07129717618227005 0.8907088041305542 
vn -0.44894829392433167 0.07129717618227005 0.8907088041305542 
vn -0.44894829392433167 0.07129717618227005 0.8907088041305542 
vn -0.44894829392433167 0.07129717618227005 0.8907088041305542 
vn -0.44894829392433167 0.07129717618227005 0.8907088041305542 
vn -0.44894829392433167 0.07129717618227005 0.8907088041305542 
vn -0.44894829392433167 0.07129717618227005 0.8907088041305542 
vn -0.44894829392433167 0.07129717618227005 0.8907088041305542 
vn -0.44894829392433167 0.07129717618227005 0.8907088041305542 
vn -0.44894829392433167 0.07129717618227005 0.8907088041305542 
vn -0.44894829392433167 0.07129717618227005 0.8907088041305542 
vn -0.44894829392433167 0.07129717618227005 0.8907088041305542 
vn -0.44894829392433167 0.07129717618227005 0.8907088041305542 
vn -0.44894829392433167 0.07129717618227005 0.8907088041305542 
vn -0.44894829392433167 0.07129717618227005 0.8907088041305542 
vn -0.44894829392433167 0.07129717618227005 0.8907088041305542 
vn -0.44894829392433167 0.07129717618227005 0.8907088041305542 
vn -0.44894829392433167 0.07129717618227005 0.8907088041305542 
vn -0.44894829392433167 0.07129717618227005 0.8907088041305542 
vn -0.44894829392433167 0.07129717618227005 0.8907088041305542 
vn -0.4257625341415405 0.067434161901474 0.9023185968399048 
vn -0.4376979172229767 0.06742099672555923 0.8965907096862793 
vn -0.43648993968963623 0.07484371960163116 0.8965907096862793 
vn -0.3707723319530487 0.09675173461437225 0.9236704111099243 
vn -0.36680012941360474 0.07847897708415985 0.926983654499054 
vn -0.4264185130596161 0.08601946383714676 0.9004265069961548 
vn -0.44894829392433167 0.07129717618227005 0.8907088041305542 
vn -0.4050438702106476 0.0712076723575592 0.9115201234817505 
vn -0.394148051738739 0.06376173347234726 0.916832447052002 
vn -0.2041504681110382 0.04084622487425804 0.9780870079994202 
vn -0.23184479773044586 -0.029893076047301292 0.9722933769226074 
vn -0.23511168360710144 -0.07402094453573227 0.9691457152366638 
vn -0.23294933140277863 -0.12291473150253296 0.9646899104118347 
vn -0.40476781129837036 0.04506538435816765 0.913308322429657 
vn -0.447598397731781 0.05259757861495018 0.8926864862442017 
vn -0.4031166136264801 0.011276781558990479 0.9150791168212891 
vn -0.44894829392433167 0.07129717618227005 0.8907088041305542 
vn -0.44894829392433167 0.07129717618227005 0.8907088041305542 
vn -0.43973490595817566 0.052519362419843674 0.8965907096862793 
vn -0.43225786089897156 -0.04883906990289688 0.9004265069961548 
vn -0.4005211591720581 -0.09334814548492432 0.9115201234817505 
vn -0.25370660424232483 -0.20472346246242523 0.9453682899475098 
vn -0.0712108165025711 -0.4568236768245697 0.8867024183273315 
vn 0.11070461571216583 -0.7146158218383789 0.6907016038894653 
vn -0.007543599233031273 -0.8836209774017334 0.46814218163490295 
vn -0.28912901878356934 -0.3755103349685669 0.8805659413337708 
vn -0.3968561291694641 -0.2660191059112549 0.8784868121147156 
vn -0.43047896027565 -0.022560445591807365 0.9023185968399048 
vn -0.44559091329574585 0.06752469390630722 0.8926864862442017 
vn -0.447598397731781 0.05259757861495018 0.8926864862442017 
vn -0.4459971487522125 -0.026325387880206108 0.8946471214294434 
vn -0.4426046907901764 0.015038038603961468 0.8965907096862793 
vn -0.4355906844139099 -0.15498259663581848 0.8867024183273315 
vn -0.31607574224472046 -0.6830316781997681 0.6584556698799133 
vn -0.10325954109430313 -0.7278120517730713 0.677958071231842 
vn -0.20576493442058563 -0.9063588976860046 0.3690181374549866 
vn -0.1298915594816208 -0.975775957107544 0.1760382205247879 
vn -0.3243672847747803 -0.9420954585075378 0.08510008454322815 
vn -0.3901861608028412 -0.8816275000572205 0.26549527049064636 
vn -0.5007485151290894 -0.8572527170181274 -0.11986933648586273 
vn -0.46458899974823 -0.8852003812789917 0.024029340595006943 
vn -0.5453628897666931 -0.8238394856452942 0.15449213981628418 
vn -0.4655606746673584 -0.751063346862793 0.46814218163490295 
vn -0.41465485095977783 -0.33101996779441833 0.8476362228393555 
vn -0.44164738059043884 -0.08976878225803375 0.8926864862442017 
vn -0.6285240650177002 -0.7777625322341919 -0.006554040592163801 
vn -0.6158481240272522 -0.706534206867218 0.34862664341926575 
vn -0.7273909449577332 -0.6327832937240601 0.26549527049064636 
vn -0.7092471122741699 -0.36307182908058167 0.6042742133140564 
vn -0.504993736743927 -0.4450611174106598 0.7395281791687012 
vn -0.48319771885871887 -0.14473266899585724 0.8634653687477112 
vn -0.637298047542572 -0.4555704593658447 0.6215357780456543 
vn -0.5732746720314026 -0.18547527492046356 0.7980946898460388 
vn -0.5797321796417236 -0.10116035491228104 0.8085030317306519 
vn -0.4815416932106018 0.007527019828557968 0.8763908743858337 
vn -0.44549044966697693 0.03383411839604378 0.8946471214294434 
vn -0.44894829392433167 0.07129717618227005 0.8907088041305542 
vn -0.44894829392433167 0.07129717618227005 0.8907088041305542 
vn -0.44894829392433167 0.07129717618227005 0.8907088041305542 
vn -0.4549960196018219 0.0562664195895195 0.888714075088501 
vn -0.4842427372932434 0.03386155143380165 0.87427818775177 
vn -0.5081761479377747 -1.0510257215327196e-13 0.8612531423568726 
vn -0.46364346146583557 0.04885708913207054 0.8846737742424011 
vn -0.44894829392433167 0.07129717618227005 0.8907088041305542 
vn -0.44894829392433167 0.07129717618227005 0.8907088041305542 
vn -0.4744383692741394 0.05629553273320198 0.8784868121147156 
vn -0.541433572769165 -0.015056656673550606 0.8406086564064026 
vn -0.5736709833145142 0.1598851978778839 0.8033295273780823 
vn -0.5341246128082275 0.08993314951658249 0.8406086564064026 
vn -0.7562482357025146 0.15715017914772034 0.6351318359375 
vn -0.5095946192741394 -0.04888969659805298 0.8590245246887207 
vn -0.450111985206604 0.022583846002817154 0.8926864862442017 
vn -0.5414319038391113 -0.15612384676933289 0.8261215686798096 
vn -0.3464313745498657 -0.249838724732399 0.9041935205459595 
vn -0.17065751552581787 -0.425515353679657 0.888714075088501 
vn 0.20720158517360687 -0.8085139393806458 0.5507928133010864 
vt 0.6100909113883972 0.7840450406074524 
vt 0.5872939825057983 0.7951890826225281 
vt 0.6055315136909485 0.7844212055206299 
vt 0.5862491130828857 0.7926028966903687 
vt 0.6026344299316406 0.7832456827163696 
vt 0.6032518148422241 0.7790137529373169 
vt 0.5852042436599731 0.788841187953949 
vt 0.608191192150116 0.7718194723129272 
vt 0.5853942632675171 0.7828695178031921 
vt 0.631130576133728 0.7695153951644897 
vt 0.6215368509292603 0.7723367214202881 
vt 0.6476108431816101 0.7501425743103027 
vt 0.6342176795005798 0.7595468759536743 
vt 0.6625238656997681 0.7297823429107666 
vt 0.6147453188896179 0.7750639319419861 
vt 0.6197795867919922 0.7690922021865845 
vt 0.642624020576477 0.7486379146575928 
vt 0.6257638335227966 0.7611926198005676 
vt 0.6182123422622681 0.761850893497467 
vt 0.6105658411979675 0.7641079425811768 
vt 0.626048743724823 0.7504247426986694 
vt 0.6135104298591614 0.7585594058036804 
vt 0.6023494601249695 0.7667881846427917 
vt 0.6305606365203857 0.750095546245575 
vt 0.6316530108451843 0.7538572549819946 
vt 0.645948588848114 0.7421959638595581 
vt 0.6584393978118896 0.7272902131080627 
vt 0.6558272838592529 0.7256444692611694 
vt 0.6454736590385437 0.7389044761657715 
vt 0.6360224485397339 0.7477445006370544 
vt 0.6424340605735779 0.7374938130378723 
vt 0.6391569972038269 0.736553430557251 
vt 0.6262862086296082 0.7473213076591492 
vt 0.6224392652511597 0.7476034164428711 
vt 0.6148402690887451 0.7529168725013733 
vt 0.6075262427330017 0.7582302689552307 
vt 0.5956528782844543 0.7704558372497559 
vt 0.6011146306991577 0.7620390057563782 
vt 0.5918058753013611 0.7704558372497559 
vt 0.6033943295478821 0.7569136619567871 
vt 0.6160275936126709 0.7459576725959778 
vt 0.626096248626709 0.7373527884483337 
vt 0.6327928304672241 0.7336381077766418 
vt 0.6365923285484314 0.7332618832588196 
vt 0.6285659074783325 0.7428542971611023 
vt 0.6379696726799011 0.7347195744514465 
vt 0.6498905420303345 0.7219297289848328 
vt 0.6527401804924011 0.7237165570259094 
vt 0.660624086856842 0.7083876132965088 
vt 0.6583443880081177 0.7058484554290771 
vt 0.6480383276939392 0.7207542061805725 
vt 0.6461860537528992 0.71962571144104 
vt 0.5807398557662964 0.7812707424163818 
vt 0.6561596989631653 0.7056133151054382 
vt 0.6650885343551636 0.6879332661628723 
vt 0.6433839201927185 0.7178859114646912 
vt 0.6529301404953003 0.7014284133911133 
vt 0.654259979724884 0.7050020694732666 
vt 0.6624288558959961 0.6895790100097656 
vt 0.637732207775116 0.7143592834472656 
vt 0.6175948977470398 0.7367414832115173 
vt 0.6027768850326538 0.7506127953529358 
vt 0.5891937613487244 0.7676815986633301 
vt 0.5780802369117737 0.7797660827636719 
vt 0.5630722641944885 0.7872895002365112 
vt 0.5630722641944885 0.7894524931907654 
vt 0.5575630068778992 0.793496310710907 
vt 0.5585603713989258 0.7977282404899597 
vt 0.5661593675613403 0.7982925176620483 
vt 0.5690564513206482 0.8007376194000244 
vt 0.5681065917015076 0.8038880825042725 
vt 0.5883863568305969 0.7971640229225159 
vt 0.5652094483375549 0.8074146509170532 
vt 0.549014151096344 0.8100478649139404 
vt 0.5413202047348022 0.8162076473236084 
vt 0.5313465595245361 0.8131512403488159 
vt 0.516101062297821 0.8188408613204956 
vt 0.517573356628418 0.8139506578445435 
vt 0.4908819794654846 0.8197813034057617 
vt 0.5101643800735474 0.8132452964782715 
vt 0.5287818908691406 0.8075557351112366 
vt 0.5380431413650513 0.8068974018096924 
vt 0.5476843118667603 0.8065682649612427 
vt 0.5552833080291748 0.806003987789154 
vt 0.5453571677207947 0.8002203702926636 
vt 0.5284969210624695 0.804029107093811 
vt 0.5217528343200684 0.8077437877655029 
vt 0.508027195930481 0.8109883069992065 
vt 0.49026456475257874 0.8162076473236084 
vt 0.4698423147201538 0.8154082894325256 
vt 0.4658053517341614 0.8173831701278687 
vt 0.4504174292087555 0.8115995526313782 
vt 0.4407287538051605 0.8132923245429993 
vt 0.4335097074508667 0.8056278228759766 
vt 0.41745686531066895 0.8030416965484619 
vt 0.42120885848999023 0.7994210124015808 
vt 0.3949924111366272 0.7914273738861084 
vt 0.4154621362686157 0.7949069738388062 
vt 0.3976045548915863 0.7871013879776001 
vt 0.4149397313594818 0.7917094826698303 
vt 0.3993143141269684 0.7842801213264465 
vt 0.41845422983169556 0.7894054651260376 
vt 0.4014040529727936 0.7808005213737488 
vt 0.42629069089889526 0.788841187953949 
vt 0.40363624691963196 0.7770388126373291 
vt 0.4387814998626709 0.7910041809082031 
vt 0.4541694223880768 0.7963646054267883 
vt 0.4451456367969513 0.7958474159240723 
vt 0.4355044364929199 0.7959414124488831 
vt 0.42804795503616333 0.7958474159240723 
vt 0.4339371621608734 0.7992799282073975 
vt 0.44210606813430786 0.8033238053321838 
vt 0.45070239901542664 0.8078378438949585 
vt 0.4576364755630493 0.8109883069992065 
vt 0.4719320237636566 0.812869131565094 
vt 0.45117732882499695 0.8009727001190186 
vt 0.46338319778442383 0.8051576614379883 
vt 0.47003230452537537 0.8092955350875854 
vt 0.4646655023097992 0.8009727001190186 
vt 0.471884548664093 0.8003144264221191 
vt 0.4736892879009247 0.7986686825752258 
vt 0.4607710540294647 0.7965527176856995 
vt 0.45426443219184875 0.7939195036888123 
vt 0.42743054032325745 0.7858318090438843 
vt 0.4050135612487793 0.7747818231582642 
vt 0.38473379611968994 0.7601111531257629 
vt 0.3748551309108734 0.7524466514587402 
vt 0.3649764358997345 0.7401270270347595 
vt 0.3596571683883667 0.7355659604072571 
vt 0.3517257273197174 0.7250801920890808 
vt 0.3628867268562317 0.7413025498390198 
vt 0.38259658217430115 0.762556254863739 
vt 0.38582614064216614 0.7697035074234009 
vt 0.3853986859321594 0.7738884091377258 
vt 0.38231161236763 0.7749698758125305 
vt 0.37561503052711487 0.7719135284423828 
vt 0.3643590211868286 0.7639198899269104 
vt 0.37414270639419556 0.7769448161125183 
vt 0.3511558175086975 0.7516943216323853 
vt 0.35419541597366333 0.7610515356063843 
vt 0.33875998854637146 0.7361772656440735 
vt 0.33894994854927063 0.7406442761421204 
vt 0.3285963535308838 0.7183561325073242 
vt 0.3252243101596832 0.7193905711174011 
vt 0.31824275851249695 0.69291752576828 
vt 0.31458574533462524 0.6964441537857056 
vt 0.3127335011959076 0.6801747679710388 
vt 0.30546697974205017 0.6726513504981995 
vt 0.307509183883667 0.6629179120063782 
vt 0.3026648461818695 0.6472127437591553 
vt 0.30451709032058716 0.6429808139801025 
vt 0.3015249967575073 0.6217271685600281 
vt 0.30831658840179443 0.6554884910583496 
vt 0.3112137019634247 0.6625417470932007 
vt 0.3068917691707611 0.6407238245010376 
vt 0.3037571907043457 0.6218211650848389 
vt 0.3053244948387146 0.6006145477294922 
vt 0.3036622107028961 0.5963355898857117 
vt 0.3091239631175995 0.5808185338973999 
vt 0.3074142038822174 0.5709440112113953 
vt 0.31501317024230957 0.5637497901916504 
vt 0.3175303339958191 0.5475744009017944 
vt 0.3210923671722412 0.5513361096382141 
vt 0.32926127314567566 0.5251451730728149 
vt 0.3254617750644684 0.5454584360122681 
vt 0.3333457112312317 0.5276843309402466 
vt 0.3286438584327698 0.5444239974021912 
vt 0.3359578549861908 0.5292831063270569 
vt 0.3312084972858429 0.5465399026870728 
vt 0.3390449583530426 0.5311639308929443 
vt 0.33348819613456726 0.5490790605545044 
vt 0.34189456701278687 0.532950758934021 
vt 0.3437943160533905 0.5340792536735535 
vt 0.33572039008140564 0.5493142008781433 
vt 0.3268390893936157 0.5669942498207092 
vt 0.32512933015823364 0.5627623200416565 
vt 0.3248443603515625 0.5568376183509827 
vt 0.3212823271751404 0.5634676218032837 
vt 0.31724539399147034 0.5720255374908447 
vt 0.3127809762954712 0.5809596180915833 
vt 0.3095989227294922 0.5881538987159729 
vt 0.30760419368743896 0.6026834845542908 
vt 0.320000022649765 0.579078733921051 
vt 0.31548812985420227 0.592573881149292 
vt 0.3111661970615387 0.6001913547515869 
vt 0.32132983207702637 0.5869783163070679 
vt 0.3294987380504608 0.5653485059738159 
vt 0.3376201391220093 0.5498784780502319 
vt 0.34564656019210815 0.5352077484130859 
vt 0.3538154661655426 0.5201138854026794 
vt 0.35262811183929443 0.518233060836792 
vt 0.34935104846954346 0.5173396468162537 
vt 0.34631145000457764 0.5159760117530823 
vt 0.3457890450954437 0.5126845240592957 
vt 0.3491135835647583 0.506242573261261 
vt 0.3575199544429779 0.49528661370277405 
vt 0.34412676095962524 0.504737913608551 
vt 0.3701532483100891 0.4824497699737549 
vt 0.36051204800605774 0.48527103662490845 
vt 0.3861585855484009 0.4702712297439575 
vt 0.38155171275138855 0.470647394657135 
vt 0.4043486416339874 0.45945629477500916 
vt 0.40330377221107483 0.45748141407966614 
vt 0.42363104224205017 0.450663298368454 
vt 0.4265281558036804 0.44713670015335083 
vt 0.44272348284721375 0.44445645809173584 
vt 0.4504649341106415 0.4382496476173401 
vt 0.4604385793209076 0.4413060247898102 
vt 0.4757790267467499 0.43561646342277527 
vt 0.47430670261383057 0.44045963883399963 
vt 0.5010455846786499 0.43462899327278137 
vt 0.48171570897102356 0.4411649703979492 
vt 0.4630507230758667 0.4468545615673065 
vt 0.45374199748039246 0.4475598931312561 
vt 0.4441007971763611 0.4478890299797058 
vt 0.43645432591438293 0.44850030541419983 
vt 0.42268118262290955 0.45381373167037964 
vt 0.4054409861564636 0.4619954526424408 
vt 0.38905569911003113 0.47139972448349 
vt 0.3769448399543762 0.4796755015850067 
vt 0.37195801734924316 0.4856472313404083 
vt 0.4255782961845398 0.4562588334083557 
vt 0.4064858555793762 0.4657571613788605 
vt 0.38843828439712524 0.4756786823272705 
vt 0.43317726254463196 0.45677608251571655 
vt 0.44642797112464905 0.4542369246482849 
vt 0.46333569288253784 0.45038115978240967 
vt 0.47007977962493896 0.4466664791107178 
vt 0.48385292291641235 0.44337499141693115 
vt 0.5016630291938782 0.4382026195526123 
vt 0.5221802592277527 0.43900197744369507 
vt 0.5262647271156311 0.43702709674835205 
vt 0.5417001247406006 0.44281071424484253 
vt 0.5513888001441956 0.4411649703979492 
vt 0.558655321598053 0.4488294720649719 
vt 0.5748031735420227 0.45146265625953674 
vt 0.5710511803627014 0.45508331060409546 
vt 0.5973626375198364 0.46317097544670105 
vt 0.5767979025840759 0.4595973491668701 
vt 0.5947504639625549 0.46744993329048157 
vt 0.5773203372955322 0.46279481053352356 
vt 0.5929931998252869 0.4703182280063629 
vt 0.5738058090209961 0.46509885787963867 
vt 0.5909035205841064 0.4737507998943329 
vt 0.5659218430519104 0.4656631350517273 
vt 0.5886238217353821 0.47751250863075256 
vt 0.5647820234298706 0.4686254858970642 
vt 0.5533835887908936 0.46345311403274536 
vt 0.5470194220542908 0.4586099088191986 
vt 0.5566605925559998 0.45851588249206543 
vt 0.5641645789146423 0.4586569368839264 
vt 0.5582278966903687 0.4552243649959564 
vt 0.5500590205192566 0.45113351941108704 
vt 0.5414151549339294 0.4465724229812622 
vt 0.5344336032867432 0.44342198967933655 
vt 0.5200905203819275 0.4414941370487213 
vt 0.5409402251243591 0.45348459482192993 
vt 0.5286868810653687 0.4492526650428772 
vt 0.5219902992248535 0.44511476159095764 
vt 0.5274045467376709 0.45343756675720215 
vt 0.5379481315612793 0.4580456614494324 
vt 0.5379006266593933 0.46053779125213623 
vt 0.5462120175361633 0.4643465280532837 
vt 0.5541434288024902 0.4676380157470703 
vt 0.5705287456512451 0.472010999917984 
vt 0.5601751208305359 0.4709295332431793 
vt 0.5546184182167053 0.47149378061294556 
vt 0.5404177904129028 0.46683865785598755 
vt 0.5286868810653687 0.4628888666629791 
vt 0.521277904510498 0.4589390754699707 
vt 0.5183807611465454 0.45578864216804504 
vt 0.5313465595245361 0.4579046070575714 
vt 0.5201380252838135 0.45404884219169617 
vt 0.501520574092865 0.4495818018913269 
vt 0.5017580389976501 0.44502073526382446 
vt 0.5017580389976501 0.4411649703979492 
vt 0.4820006787776947 0.44704264402389526 
vt 0.47539907693862915 0.4515096843242645 
vt 0.45488184690475464 0.455318421125412 
vt 0.43422213196754456 0.4610080122947693 
vt 0.40634337067604065 0.4717288911342621 
vt 0.3835464417934418 0.48291999101638794 
vt 0.3659263253211975 0.49359384179115295 
vt 0.3600846230983734 0.5009762048721313 
vt 0.35571518540382385 0.5070889592170715 
vt 0.3611769676208496 0.504737913608551 
vt 0.3735252916812897 0.49288851022720337 
vt 0.36573633551597595 0.5043617486953735 
vt 0.3811717629432678 0.49058446288108826 
vt 0.3654513955116272 0.507465124130249 
vt 0.35519278049468994 0.5215245485305786 
vt 0.36321917176246643 0.5118851661682129 
vt 0.3782746493816376 0.49617999792099 
vt 0.35899224877357483 0.5211483836174011 
vt 0.36929836869239807 0.5071830153465271 
vt 0.3769448399543762 0.5018225908279419 
vt 0.38938817381858826 0.48785722255706787 
vt 0.3960847556591034 0.48418956995010376 
vt 0.41099774837493896 0.47328057885169983 
vt 0.4286653697490692 0.4650518596172333 
vt 0.44685542583465576 0.459362268447876 
vt 0.46328818798065186 0.45607075095176697 
vt 0.47587400674819946 0.45470714569091797 
vt 0.5012356042861938 0.4525911808013916 
vt 0.5018054842948914 0.4549892544746399 
vt 0.5038477182388306 0.45875099301338196 
vt 0.5094994902610779 0.4656631350517273 
vt 0.48542022705078125 0.46580418944358826 
vt 0.4858476519584656 0.4600675702095032 
vt 0.5325338840484619 0.4704122841358185 
vt 0.5496315956115723 0.47520846128463745 
vt 0.5483017563819885 0.48226168751716614 
vt 0.5337212085723877 0.47925230860710144 
vt 0.521325409412384 0.4800516664981842 
vt 0.5413202047348022 0.4908195734024048 
vt 0.5494415760040283 0.48954999446868896 
vt 0.5589402914047241 0.49603894352912903 
vt 0.5627397894859314 0.48856255412101746 
vt 0.5657318830490112 0.48188549280166626 
vt 0.5693889260292053 0.47755953669548035 
vt 0.5717160701751709 0.47459718585014343 
vt 0.5872464776039124 0.4798165559768677 
vt 0.5860591530799866 0.4817444384098053 
vt 0.5839694142341614 0.48522403836250305 
vt 0.5809298753738403 0.49020829796791077 
vt 0.5769403576850891 0.4968383014202118 
vt 0.5721909999847412 0.5046438574790955 
vt 0.5527661442756653 0.5026689767837524 
vt 0.5322489142417908 0.4934527575969696 
vt 0.5447397232055664 0.5073711276054382 
vt 0.567014217376709 0.5132017731666565 
vt 0.5829720497131348 0.5209132432937622 
vt 0.5860116481781006 0.5124024152755737 
vt 0.5987874269485474 0.5255213379859924 
vt 0.5961753129959106 0.5177628397941589 
vt 0.6031568646430969 0.5153647661209106 
vt 0.5908560156822205 0.5055842995643616 
vt 0.5953679084777832 0.4998006522655487 
vt 0.5975050926208496 0.4945342540740967 
vt 0.5990723967552185 0.4911487102508545 
vt 0.6019220352172852 0.49096062779426575 
vt 0.6075737476348877 0.4944872558116913 
vt 0.6174524426460266 0.5021987557411194 
vt 0.6272361278533936 0.5145654082298279 
vt 0.6200171113014221 0.508922815322876 
vt 0.6134154796600342 0.5034213066101074 
vt 0.6076687574386597 0.49965959787368774 
vt 0.6097584366798401 0.5048319697380066 
vt 0.6204920411109924 0.5151766538619995 
vt 0.6088085770606995 0.5109447240829468 
vt 0.6126080751419067 0.5268849730491638 
vt 0.6209669709205627 0.5238285660743713 
vt 0.629420816898346 0.5237345695495605 
vt 0.6363073587417603 0.5285307168960571 
vt 0.6404868364334106 0.5296592712402344 
vt 0.632602870464325 0.5191264748573303 
vt 0.629420816898346 0.5133427977561951 
vt 0.6097109913825989 0.4920891523361206 
vt 0.6065288782119751 0.48489487171173096 
vt 0.6069563627243042 0.480709969997406 
vt 0.6100434064865112 0.4796755015850067 
vt 0.6167400479316711 0.4827318787574768 
vt 0.627996027469635 0.4908195734024048 
vt 0.6182123422622681 0.4777476191520691 
vt 0.6411992311477661 0.5030451416969299 
vt 0.6382071375846863 0.49368786811828613 
vt 0.6535950303077698 0.5186092257499695 
vt 0.6534525752067566 0.5141422152519226 
vt 0.6637111902236938 0.5365243554115295 
vt 0.667130708694458 0.5354899168014526 
vt 0.6740648150444031 0.5620099902153015 
vt 0.6777217984199524 0.558483362197876 
vt 0.6795265674591064 0.5747997760772705 
vt 0.6867930889129639 0.5823702216148376 
vt 0.6846558451652527 0.5921036601066589 
vt 0.6894527077674866 0.6078558564186096 
vt 0.6876479387283325 0.6120407581329346 
vt 0.6905450820922852 0.6333414316177368 
vt 0.68384850025177 0.5995330214500427 
vt 0.6809988617897034 0.5924327969551086 
vt 0.685225784778595 0.6143447756767273 
vt 0.6883128881454468 0.6332473754882812 
vt 0.6866980791091919 0.6544540524482727 
vt 0.6883603930473328 0.6587330102920532 
vt 0.6828036308288574 0.674250066280365 
vt 0.6845133900642395 0.6841245293617249 
vt 0.6768669486045837 0.6912717819213867 
vt 0.6743022799491882 0.7074471712112427 
vt 0.6707402467727661 0.703685462474823 
vt 0.6663708090782166 0.7095161080360413 
vt 0.6631887555122375 0.7105035781860352 
vt 0.6667507886886597 0.6922122240066528 
vt 0.6670357584953308 0.6980898976325989 
vt 0.6705977916717529 0.6915069222450256 
vt 0.6719275712966919 0.6758958101272583 
vt 0.6706452369689941 0.6679491996765137 
vt 0.6668932437896729 0.6730745434761047 
vt 0.6593892574310303 0.6935758590698242 
vt 0.6609565615653992 0.6860054135322571 
vt 0.6624288558959961 0.6767892241477966 
vt 0.6533575654029846 0.6938109397888184 
vt 0.649083137512207 0.6864286065101624 
vt 0.6566821336746216 0.6809270977973938 
vt 0.664043664932251 0.6678551435470581 
vt 0.6698378920555115 0.6517738103866577 
vt 0.6694579124450684 0.6593912839889526 
vt 0.6730199456214905 0.633529543876648 
vt 0.6764394640922546 0.6370090842247009 
vt 0.6764869689941406 0.6624476909637451 
vt 0.6746821999549866 0.6829490065574646 
vt 0.6791465878486633 0.6740619540214539 
vt 0.6823287010192871 0.666914701461792 
vt 0.6843709349632263 0.6523851156234741 
vt 0.6808089017868042 0.6548302173614502 
vt 0.6855582594871521 0.6334825158119202 
vt 0.6817587614059448 0.6341878175735474 
vt 0.6817587614059448 0.6127930879592896 
vt 0.6769618988037109 0.5835927724838257 
vt 0.6701228022575378 0.5556620955467224 
vt 0.6778643131256104 0.6062101125717163 
vt 0.6742547750473022 0.5931381583213806 
vt 0.6733998656272888 0.5749408602714539 
vt 0.670407772064209 0.568545937538147 
vt 0.667178213596344 0.5547216534614563 
vt 0.6701703071594238 0.5762574672698975 
vt 0.673637330532074 0.6071975231170654 
vt 0.6724975109100342 0.6139686107635498 
vt 0.6705977916717529 0.6149560809135437 
vt 0.670502781867981 0.6317897439002991 
vt 0.6681280732154846 0.6482942700386047 
vt 0.6646610498428345 0.6604257822036743 
vt 0.6610515713691711 0.6647517085075378 
vt 0.6550673842430115 0.6670087575912476 
vt 0.6482757925987244 0.6644225716590881 
vt 0.642624020576477 0.6798925995826721 
vt 0.6348825693130493 0.6904253959655762 
vt 0.6372572779655457 0.6667266488075256 
vt 0.6423865556716919 0.6600496172904968 
vt 0.6412942409515381 0.6489055156707764 
vt 0.6504129767417908 0.647541880607605 
vt 0.6586768627166748 0.6473067998886108 
vt 0.6644710898399353 0.6471657156944275 
vt 0.6667507886886597 0.6291565299034119 
vt 0.6675581932067871 0.6116175651550293 
vt 0.6601966619491577 0.6230907440185547 
vt 0.6641386151313782 0.6039530634880066 
vt 0.6482757925987244 0.631319522857666 
vt 0.6381596326828003 0.6347991228103638 
vt 0.6327928304672241 0.6523851156234741 
vt 0.6302757263183594 0.6732625961303711 
vt 0.6253363490104675 0.6573693752288818 
vt 0.6286609172821045 0.6379965543746948 
vt 0.6329353451728821 0.6221973896026611 
vt 0.6411042213439941 0.6179184317588806 
vt 0.6468984484672546 0.6103009581565857 
vt 0.6570146083831787 0.5996270775794983 
vt 0.6609565615653992 0.5919625759124756 
vt 0.6609565615653992 0.5780442953109741 
vt 0.6637586951255798 0.5861789584159851 
vt 0.6669882535934448 0.5947839021682739 
vt 0.6692204475402832 0.6016489863395691 
vt 0.6695054173469543 0.5951130390167236 
vt 0.6695054173469543 0.5860849022865295 
vt 0.6647560596466064 0.5580601692199707 
vt 0.6650885343551636 0.5789376497268677 
vt 0.660671591758728 0.567041277885437 
vt 0.6576794981956482 0.5610695481300354 
vt 0.6550198793411255 0.5594708323478699 
vt 0.6580119729042053 0.5716023445129395 
vt 0.6570621132850647 0.5770097970962524 
vt 0.6637111902236938 0.5660067796707153 
vt 0.6515053510665894 0.5605052709579468 
vt 0.6530726552009583 0.5816649198532104 
vt 0.6485607624053955 0.5978872776031494 
vt 0.6339802145957947 0.5994390249252319 
vt 0.6305606365203857 0.6073856353759766 
vt 0.627948522567749 0.6137805581092834 
vt 0.6241490244865417 0.6245954632759094 
vt 0.6204920411109924 0.6423695683479309 
vt 0.6142703294754028 0.6493757367134094 
vt 0.6191622018814087 0.6631529927253723 
vt 0.6236740946769714 0.6773534417152405 
vt 0.6263337135314941 0.6926354169845581 
vt 0.6238640546798706 0.7057543992996216 
vt 0.6148877739906311 0.722305953502655 
vt 0.6088560819625854 0.7338261604309082 
vt 0.5974576473236084 0.7456285357475281 
vt 0.5832095146179199 0.7548917531967163 
vt 0.5866765975952148 0.7624151706695557 
vt 0.5740907788276672 0.7776030898094177 
vt 0.558750331401825 0.7860199213027954 
vt 0.5435048937797546 0.7929790616035461 
vt 0.5506289601325989 0.7919446229934692 
vt 0.5449296832084656 0.7950950264930725 
vt 0.5369032621383667 0.7991389036178589 
vt 0.5098794102668762 0.8073205947875977 
vt 0.49016958475112915 0.8131982684135437 
vt 0.49016958475112915 0.8093425631523132 
vt 0.5164810419082642 0.8029006123542786 
vt 0.5285444259643555 0.7983395457267761 
vt 0.5343860983848572 0.7938724756240845 
vt 0.550391435623169 0.7863490581512451 
vt 0.5656843781471252 0.7743586301803589 
vt 0.5677266120910645 0.7600170969963074 
vt 0.6161701083183289 0.6280280351638794 
vt 0.5433149337768555 0.7818350195884705 
vt 0.5379481315612793 0.7749228477478027 
vt 0.5482542514801025 0.767963707447052 
vt 0.5382806062698364 0.7887941598892212 
vt 0.525932252407074 0.7950010299682617 
vt 0.5160061120986938 0.7997031211853027 
vt 0.4904070496559143 0.804781436920166 
vt 0.49069201946258545 0.8017721176147461 
vt 0.49026456475257874 0.7995150685310364 
vt 0.47093465924263 0.7957533597946167 
vt 0.4460480213165283 0.7902518510818481 
vt 0.42168381810188293 0.7825403213500977 
vt 0.40629589557647705 0.7726658582687378 
vt 0.39038553833961487 0.7636377215385437 
vt 0.37210050225257874 0.7456755638122559 
vt 0.35562020540237427 0.7261616587638855 
vt 0.3433668613433838 0.7107856869697571 
vt 0.3511558175086975 0.7274312376976013 
vt 0.367588609457016 0.749061107635498 
vt 0.37200549244880676 0.7576659917831421 
vt 0.37561503052711487 0.7642019987106323 
vt 0.36982080340385437 0.760581374168396 
vt 0.3602745831012726 0.7460987567901611 
vt 0.3539579212665558 0.7341552972793579 
vt 0.341182142496109 0.7113499641418457 
vt 0.33453306555747986 0.6937169432640076 
vt 0.33154094219207764 0.6878392100334167 
vt 0.3386650085449219 0.712995707988739 
vt 0.35087084770202637 0.7372117042541504 
vt 0.3624117970466614 0.755220890045166 
vt 0.3543378710746765 0.7497193813323975 
vt 0.34830620884895325 0.7450172901153564 
vt 0.3399948179721832 0.7332149147987366 
vt 0.34407925605773926 0.7332149147987366 
vt 0.33472302556037903 0.7152997255325317 
vt 0.3313034772872925 0.7170865535736084 
vt 0.3221847116947174 0.6992183923721313 
vt 0.3152506649494171 0.6713817715644836 
vt 0.31035882234573364 0.6421814560890198 
vt 0.3065118193626404 0.6215860843658447 
vt 0.31031131744384766 0.6208337545394897 
vt 0.3142532706260681 0.648764431476593 
vt 0.31881266832351685 0.6799866557121277 
vt 0.32512933015823364 0.7001588344573975 
vt 0.3275040090084076 0.6968203186988831 
vt 0.3285013735294342 0.6888266801834106 
vt 0.32712405920028687 0.6759428381919861 
vt 0.3226596415042877 0.6597674489021301 
vt 0.3226596415042877 0.668842613697052 
vt 0.3220897316932678 0.6786700487136841 
vt 0.3218047618865967 0.6863815784454346 
vt 0.3179102838039398 0.6617893576622009 
vt 0.3184802234172821 0.6477299928665161 
vt 0.3196200728416443 0.6409589052200317 
vt 0.31563058495521545 0.6179654598236084 
vt 0.319097638130188 0.6214450001716614 
vt 0.32503432035446167 0.5818530321121216 
vt 0.33249083161354065 0.5613516569137573 
vt 0.33097103238105774 0.5689221024513245 
vt 0.32256466150283813 0.5955362319946289 
vt 0.3221847116947174 0.6032007336616516 
vt 0.3295462131500244 0.5781382918357849 
vt 0.33894994854927063 0.5534520745277405 
vt 0.3484961688518524 0.5369945764541626 
vt 0.36568886041641235 0.5174337029457092 
vt 0.37580499053001404 0.5087817311286926 
vt 0.38425883650779724 0.4964621365070343 
vt 0.39997923374176025 0.48418956995010376 
vt 0.41370487213134766 0.4747852683067322 
vt 0.4286653697490692 0.4672618508338928 
vt 0.44115617871284485 0.46255970001220703 
vt 0.4482802152633667 0.46147823333740234 
vt 0.4330347776412964 0.46848440170288086 
vt 0.4176943600177765 0.47694826126098633 
vt 0.40259137749671936 0.48691681027412415 
vt 0.3906704783439636 0.49260637164115906 
vt 0.38839080929756165 0.4977787435054779 
vt 0.38900822401046753 0.5040795803070068 
vt 0.37419021129608154 0.5179508924484253 
vt 0.35414791107177734 0.5404741764068604 
vt 0.3385699987411499 0.5610695481300354 
vt 0.3352929353713989 0.5740004181861877 
vt 0.3428444266319275 0.5684518814086914 
vt 0.3570450246334076 0.564361035823822 
vt 0.34930357336997986 0.5749408602714539 
vt 0.3369077444076538 0.5878717303276062 
vt 0.33097103238105774 0.5901758074760437 
vt 0.3279314339160919 0.5870723724365234 
vt 0.3238944709300995 0.6066333055496216 
vt 0.327361524105072 0.5945017337799072 
vt 0.3275514841079712 0.607761800289154 
vt 0.3333457112312317 0.6076207160949707 
vt 0.34369930624961853 0.5904108881950378 
vt 0.3547653257846832 0.5881068706512451 
vt 0.3616994023323059 0.5814768075942993 
vt 0.3682534992694855 0.5773389339447021 
vt 0.36559388041496277 0.5621510148048401 
vt 0.3680635392665863 0.5489850640296936 
vt 0.3769923448562622 0.5324335098266602 
vt 0.3830240070819855 0.5208662748336792 
vt 0.3943749964237213 0.5090168714523315 
vt 0.4051085412502289 0.49218320846557617 
vt 0.408623069524765 0.4997066259384155 
vt 0.4261007010936737 0.48019275069236755 
vt 0.44139364361763 0.46815526485443115 
vt 0.45744648575782776 0.46053779125213623 
vt 0.482475608587265 0.45470714569091797 
vt 0.4851827621459961 0.45644691586494446 
vt 0.46594783663749695 0.45940926671028137 
vt 0.4535520076751709 0.4656631350517273 
vt 0.4730243980884552 0.4592211842536926 
vt 0.468654990196228 0.46246567368507385 
vt 0.4663277864456177 0.46815526485443115 
vt 0.44851768016815186 0.4726223051548004 
vt 0.4435783624649048 0.48649361729621887 
vt 0.4241059720516205 0.4945342540740967 
vt 0.4114726781845093 0.5084996223449707 
vt 0.40097659826278687 0.5124024152755737 
vt 0.39727210998535156 0.5198788046836853 
vt 0.3944699764251709 0.5290009379386902 
vt 0.41213759779930115 0.5175747275352478 
vt 0.4255782961845398 0.5051140785217285 
vt 0.4393989145755768 0.4950985312461853 
vt 0.45948871970176697 0.4934527575969696 
vt 0.4539319574832916 0.47953444719314575 
vt 0.4661378264427185 0.4863995611667633 
vt 0.4683225154876709 0.4749733507633209 
vt 0.4724544584751129 0.4813682734966278 
vt 0.48480281233787537 0.47384485602378845 
vt 0.5007606744766235 0.4769952893257141 
vt 0.4836154580116272 0.4833431839942932 
vt 0.4814782440662384 0.4934057593345642 
vt 0.4979110360145569 0.4876691401004791 
vt 0.5135364532470703 0.48517701029777527 
vt 0.5246024131774902 0.49655619263648987 
vt 0.5352885127067566 0.5091108679771423 
vt 0.5455471277236938 0.5215715765953064 
vt 0.5610300302505493 0.5230762362480164 
vt 0.5825446248054504 0.5301764607429504 
vt 0.6007346510887146 0.5346905589103699 
vt 0.6176424026489258 0.5381700992584229 
vt 0.6357849836349487 0.5420728921890259 
vt 0.6445237994194031 0.5439067482948303 
vt 0.6487982273101807 0.5440008044242859 
vt 0.6411517262458801 0.5273081660270691 
vt 0.624718964099884 0.5055842995643616 
vt 0.6203495264053345 0.49702638387680054 
vt 0.6167400479316711 0.4904434084892273 
vt 0.6225342154502869 0.4941110610961914 
vt 0.6320804357528687 0.508640706539154 
vt 0.6383970975875854 0.5205841064453125 
vt 0.6511253714561462 0.5433894991874695 
vt 0.6466134786605835 0.5635146498680115 
vt 0.6298482418060303 0.5549567341804504 
vt 0.6167400479316711 0.5473862886428833 
vt 0.601542055606842 0.5428722500801086 
vt 0.5854417681694031 0.5392516255378723 
vt 0.5696263909339905 0.5360071659088135 
vt 0.5552833080291748 0.5325745940208435 
vt 0.5779852271080017 0.5468220710754395 
vt 0.5915684103965759 0.5485618710517883 
vt 0.6013996005058289 0.5486088991165161 
vt 0.6108033061027527 0.5542514324188232 
vt 0.6397744417190552 0.5676995515823364 
vt 0.6219643354415894 0.5625271797180176 
vt 0.6007821559906006 0.5585774183273315 
vt 0.6461385488510132 0.5829344987869263 
vt 0.6321279406547546 0.5732480883598328 
vt 0.6387770771980286 0.5821821689605713 
vt 0.624671459197998 0.5801602602005005 
vt 0.6372097730636597 0.5902228355407715 
vt 0.6193996667861938 0.5888592004776001 
vt 0.6183547973632812 0.5997211337089539 
vt 0.6203020215034485 0.611946702003479 
vt 0.6121331453323364 0.613921582698822 
vt 0.60814368724823 0.5994860529899597 
vt 0.5994048714637756 0.5770568251609802 
vt 0.6121331453323364 0.5691102147102356 
vt 0.5872464776039124 0.558201253414154 
vt 0.5708612203598022 0.5511950254440308 
vt 0.5639271140098572 0.5423550009727478 
vt 0.5532885789871216 0.5375588536262512 
vt 0.5432674288749695 0.5298943519592285 
vt 0.5528136491775513 0.5404741764068604 
vt 0.5754680633544922 0.5581542253494263 
vt 0.5909984707832336 0.578326404094696 
vt 0.6001172661781311 0.6027305126190186 
vt 0.6035842895507812 0.6111473441123962 
vt 0.6071463227272034 0.6222913861274719 
vt 0.6105183362960815 0.6353633403778076 
vt 0.6088560819625854 0.6584978699684143 
vt 0.6059589982032776 0.6438271999359131 
vt 0.6050565838813782 0.6318367719650269 
vt 0.6022070050239563 0.6297678351402283 
vt 0.6013520956039429 0.6505982875823975 
vt 0.603014349937439 0.6693128347396851 
vt 0.6138904094696045 0.6708645224571228 
vt 0.6184498071670532 0.6789992451667786 
vt 0.6175473928451538 0.6888737082481384 
vt 0.6138429045677185 0.6995475888252258 
vt 0.613083004951477 0.713748037815094 
vt 0.5974101424217224 0.7256444692611694 
vt 0.5946080088615417 0.7347195744514465 
vt 0.5909035205841064 0.7422429919242859 
vt 0.580407440662384 0.7460987567901611 
vt 0.5663018226623535 0.7494372725486755 
vt 0.5524811744689941 0.759405791759491 
vt 0.5322014093399048 0.7611455917358398 
vt 0.5255048274993896 0.7683398723602295 
vt 0.5189982056617737 0.7737943530082703 
vt 0.5234625935554504 0.7797660827636719 
vt 0.5073147416114807 0.7727599143981934 
vt 0.5094044804573059 0.7623211145401001 
vt 0.5146762728691101 0.7529639005661011 
vt 0.49173685908317566 0.7592177391052246 
vt 0.49126192927360535 0.7715843319892883 
vt 0.5066973567008972 0.7818820476531982 
vt 0.5255997776985168 0.7864431142807007 
vt 0.5232726335525513 0.791991651058197 
vt 0.5189031958580017 0.7952361106872559 
vt 0.5094044804573059 0.7996561527252197 
vt 0.5067923665046692 0.7980104088783264 
vt 0.5062699317932129 0.7946248650550842 
vt 0.5066023468971252 0.789311408996582 
vt 0.48912471532821655 0.7818820476531982 
vt 0.5797424912452698 0.737023651599884 
vt 0.4884123206138611 0.7960824966430664 
vt 0.48390042781829834 0.7908161282539368 
vt 0.4647130072116852 0.7861610054969788 
vt 0.47221699357032776 0.7802363038063049 
vt 0.47549405694007874 0.7715843319892883 
vt 0.47440171241760254 0.7611926198005676 
vt 0.49007460474967957 0.7400799989700317 
vt 0.519330620765686 0.7379170060157776 
vt 0.5247449278831482 0.7469451427459717 
vt 0.5379956364631653 0.7545155882835388 
vt 0.5526711344718933 0.7501896023750305 
vt 0.5649719834327698 0.7395627498626709 
vt 0.5809298753738403 0.7281836271286011 
vt 0.5833995342254639 0.7201429605484009 
vt 0.5982175469398499 0.7180269956588745 
vt 0.6058164834976196 0.7075412273406982 
vt 0.6034418344497681 0.6931056380271912 
vt 0.6090935468673706 0.6815853714942932 
vt 0.5911884903907776 0.6854881644248962 
vt 0.5980275273323059 0.6507393717765808 
vt 0.599737286567688 0.625912070274353 
vt 0.5970301628112793 0.5978872776031494 
vt 0.5879588723182678 0.5788436532020569 
vt 0.5772728323936462 0.5622920989990234 
vt 0.5546184182167053 0.5443769693374634 
vt 0.534243643283844 0.5290949940681458 
vt 0.5324388742446899 0.51945561170578 
vt 0.5243175029754639 0.508170485496521 
vt 0.4639531075954437 0.7920857071876526 
vt 0.5192356705665588 0.5171515345573425 
vt 0.532391369342804 0.5314460396766663 
vt 0.5417001247406006 0.5384522676467896 
vt 0.5596052408218384 0.5492201447486877 
vt 0.5761330127716064 0.5637967586517334 
vt 0.5849193334579468 0.5795489549636841 
vt 0.5945129990577698 0.5968058109283447 
vt 0.5982175469398499 0.618811845779419 
vt 0.5973151326179504 0.6392191052436829 
vt 0.5954154133796692 0.6552534103393555 
vt 0.5955578684806824 0.6316956877708435 
vt 0.5964127779006958 0.6206926703453064 
vt 0.596602737903595 0.6120407581329346 
vt 0.5926607847213745 0.5998151898384094 
vt 0.5808348655700684 0.5794078707695007 
vt 0.572048544883728 0.5627623200416565 
vt 0.5643070936203003 0.5539222955703735 
vt 0.5567556023597717 0.5492201447486877 
vt 0.591948390007019 0.6082320213317871 
vt 0.5640221238136292 0.5583422780036926 
vt 0.5468769669532776 0.5439537763595581 
vt 0.5271195769309998 0.5312579870223999 
vt 0.4994308352470398 0.5160230398178101 
vt 0.5117316842079163 0.5049259662628174 
vt 0.5196155905723572 0.4994244873523712 
vt 0.5103543400764465 0.4937819242477417 
vt 0.49748358130455017 0.4998006522655487 
vt 0.47649142146110535 0.5021517276763916 
vt 0.45383697748184204 0.49998873472213745 
vt 0.466802716255188 0.5077943205833435 
vt 0.44913509488105774 0.5050670504570007 
vt 0.4392564296722412 0.504267692565918 
vt 0.4410136938095093 0.5132017731666565 
vt 0.42695561051368713 0.5149886012077332 
vt 0.41099774837493896 0.5264147520065308 
vt 0.39371007680892944 0.5366184115409851 
vt 0.37884458899497986 0.5409914255142212 
vt 0.3780846893787384 0.5551448464393616 
vt 0.3743801712989807 0.5658657550811768 
vt 0.3735252916812897 0.5756931900978088 
vt 0.3780846893787384 0.5838279128074646 
vt 0.3728128969669342 0.5915393829345703 
vt 0.36668622493743896 0.5973700881004333 
vt 0.35922971367836 0.6024013757705688 
vt 0.3507758677005768 0.6059279441833496 
vt 0.3496360182762146 0.5947839021682739 
vt 0.3416095972061157 0.6073386073112488 
vt 0.33187341690063477 0.6317897439002991 
vt 0.3437943160533905 0.62351393699646 
vt 0.3539104461669922 0.620034396648407 
vt 0.363361656665802 0.6167429089546204 
vt 0.37153056263923645 0.6123228669166565 
vt 0.3777522146701813 0.605316698551178 
vt 0.38316649198532104 0.5961475372314453 
vt 0.3828815221786499 0.5730599761009216 
vt 0.38853326439857483 0.5615397691726685 
vt 0.38900822401046753 0.5853325724601746 
vt 0.3906704783439636 0.6040000915527344 
vt 0.3861111104488373 0.6108182072639465 
vt 0.38155171275138855 0.619282066822052 
vt 0.3758999705314636 0.626664400100708 
vt 0.3679685592651367 0.6301440000534058 
vt 0.3591822385787964 0.6325891017913818 
vt 0.35101333260536194 0.6369150876998901 
vt 0.34521910548210144 0.6445325016975403 
vt 0.33515048027038574 0.6552534103393555 
vt 0.34360432624816895 0.6569461822509766 
vt 0.33894994854927063 0.6732155680656433 
vt 0.3457890450954437 0.6721341013908386 
vt 0.3449341356754303 0.6915069222450256 
vt 0.35144078731536865 0.6880743503570557 
vt 0.3529130816459656 0.6733566522598267 
vt 0.3548128306865692 0.6650338768959045 
vt 0.3581373691558838 0.6557236313819885 
vt 0.36155691742897034 0.6475889086723328 
vt 0.36416906118392944 0.6410999894142151 
vt 0.3718155324459076 0.6429808139801025 
vt 0.37998443841934204 0.6410999894142151 
vt 0.3849237561225891 0.6325891017913818 
vt 0.3870134651660919 0.6229026913642883 
vt 0.38991057872772217 0.6250656843185425 
vt 0.3738102614879608 0.6557706594467163 
vt 0.38406887650489807 0.6563819050788879 
vt 0.3885807693004608 0.6443444490432739 
vt 0.37267041206359863 0.667384922504425 
vt 0.3669236898422241 0.6764600872993469 
vt 0.3590397536754608 0.6833251714706421 
vt 0.35941970348358154 0.7037324905395508 
vt 0.36725613474845886 0.697055459022522 
vt 0.3774672746658325 0.6906605362892151 
vt 0.3930451571941376 0.6820555925369263 
vt 0.39209529757499695 0.6531374454498291 
vt 0.3923802673816681 0.6290154457092285 
vt 0.3939950466156006 0.6039060354232788 
vt 0.4008341133594513 0.5691102147102356 
vt 0.4101428687572479 0.5514771938323975 
vt 0.39641720056533813 0.5514301657676697 
vt 0.3861111104488373 0.5471041798591614 
vt 0.39461246132850647 0.5419788360595703 
vt 0.40852808952331543 0.5344083905220032 
vt 0.426670640707016 0.5242047905921936 
vt 0.441488653421402 0.5218066573143005 
vt 0.4563066363334656 0.5193615555763245 
vt 0.45431190729141235 0.5111798644065857 
vt 0.4720270335674286 0.5169634819030762 
vt 0.47269192337989807 0.5255213379859924 
vt 0.4988134205341339 0.5232173204421997 
vt 0.46319320797920227 0.5259445309638977 
vt 0.4508923590183258 0.5274022221565247 
vt 0.43740418553352356 0.5300354361534119 
vt 0.42315611243247986 0.5327626466751099 
vt 0.4039686918258667 0.5424490571022034 
vt 0.41736188530921936 0.541555643081665 
vt 0.4318474531173706 0.5377939343452454 
vt 0.44315090775489807 0.5333739519119263 
vt 0.44638046622276306 0.5351137518882751 
vt 0.4277629852294922 0.5448471903800964 
vt 0.4291402995586395 0.5478565096855164 
vt 0.4398738443851471 0.5435305833816528 
vt 0.4262431859970093 0.5521354675292969 
vt 0.45108234882354736 0.5356309413909912 
vt 0.45801642537117004 0.5339381694793701 
vt 0.47801122069358826 0.5260385870933533 
vt 0.49767357110977173 0.5258035063743591 
vt 0.519378125667572 0.528765857219696 
vt 0.4644755423069 0.5323864817619324 
vt 0.45640161633491516 0.5363363027572632 
vt 0.4789136052131653 0.5277313590049744 
vt 0.4752090871334076 0.5308347940444946 
vt 0.4466654360294342 0.5419318079948425 
vt 0.4262431859970093 0.5521354675292969 
vt 0.46694520115852356 0.5352547764778137 
vt 0.4376416504383087 0.5468220710754395 
vt 0.537520706653595 0.5388754606246948 
vt 0.5510563850402832 0.5495963096618652 
vt 0.4952039122581482 0.5289068818092346 
vt 0.5153411626815796 0.5324335098266602 
vt 0.516196072101593 0.5296122431755066 
vt 0.5343860983848572 0.539862871170044 
vt 0.5296367406845093 0.5358190536499023 
vt 0.5564231276512146 0.5574018955230713 
vt 0.5368083119392395 0.5449411869049072 
vt 0.5155786275863647 0.5365243554115295 
vt 0.4897896349430084 0.5326685905456543 
vt 0.4540744423866272 0.5408033132553101 
vt 0.43175244331359863 0.5512420535087585 
vt 0.419261634349823 0.5593297481536865 
vt 0.4387814998626709 0.5486558675765991 
vt 0.46746763586997986 0.5388754606246948 
vt 0.47596898674964905 0.5407562851905823 
vt 0.49553635716438293 0.5383111834526062 
vt 0.5154836773872375 0.541038453578949 
vt 0.534196138381958 0.5480446219444275 
vt 0.5501065254211426 0.5586714744567871 
vt 0.4198315441608429 0.5570726990699768 
vt 0.5290668606758118 0.5501605868339539 
vt 0.516101062297821 0.5467280149459839 
vt 0.536095917224884 0.5566025376319885 
vt 0.560412585735321 0.5696274638175964 
vt 0.5749456286430359 0.5884360074996948 
vt 0.5880538821220398 0.6100658178329468 
vt 0.5927557349205017 0.6233729124069214 
vt 0.5950829386711121 0.6422284841537476 
vt 0.5937530994415283 0.6632000207901001 
vt 0.5936581492424011 0.6498459577560425 
vt 0.5927082896232605 0.6422284841537476 
vt 0.5919008851051331 0.6647987365722656 
vt 0.586819052696228 0.6827139258384705 
vt 0.5721909999847412 0.6974786520004272 
vt 0.5657793879508972 0.7023688554763794 
vt 0.5543809533119202 0.707635223865509 
vt 0.5727609395980835 0.6952216029167175 
vt 0.5602701306343079 0.7032152414321899 
vt 0.5532410740852356 0.7057543992996216 
vt 0.5379481315612793 0.7135599255561829 
vt 0.5251248478889465 0.7191084623336792 
vt 0.5453571677207947 0.712525486946106 
vt 0.535620927810669 0.7180740237236023 
vt 0.552148699760437 0.7109267711639404 
vt 0.58506178855896 0.6817264556884766 
vt 0.5168609619140625 0.7235285043716431 
vt 0.5657793879508972 0.7023688554763794 
vt 0.5628823041915894 0.7066478133201599 
vt 0.581832230091095 0.7030741572380066 
vt 0.5955578684806824 0.7031682133674622 
vt 0.5973626375198364 0.7126195430755615 
vt 0.5880063772201538 0.7121022939682007 
vt 0.5746607184410095 0.712995707988739 
vt 0.568818986415863 0.7217887043952942 
vt 0.5653044581413269 0.7303465604782104 
vt 0.5509138703346252 0.741255521774292 
vt 0.5427449941635132 0.7493902444839478 
vt 0.537568211555481 0.7433245182037354 
vt 0.5355259776115417 0.7351897954940796 
vt 0.5504864454269409 0.732650637626648 
vt 0.5545709133148193 0.7244218587875366 
vt 0.5409877300262451 0.7271021008491516 
vt 0.5284019112586975 0.7287948727607727 
vt 0.5186657309532166 0.7293591499328613 
vt 0.4925917387008667 0.7316161394119263 
vt 0.5135838985443115 0.7286537885665894 
vt 0.540797770023346 0.7188733816146851 
vt 0.5455471277236938 0.7194375991821289 
vt 0.5488241910934448 0.72113037109375 
vt 0.5601751208305359 0.7167103886604309 
vt 0.5642120838165283 0.7096571922302246 
vt 0.5339111685752869 0.7205661535263062 
vt 0.5274995565414429 0.7220237851142883 
vt 0.513014018535614 0.7267259359359741 
vt 0.4942540228366852 0.7286537885665894 
vt 0.47231197357177734 0.7259265780448914 
vt 0.4757790267467499 0.7247980833053589 
vt 0.4767288863658905 0.7218827605247498 
vt 0.4968661665916443 0.7254093289375305 
vt 0.47653892636299133 0.7178388833999634 
vt 0.5022804737091064 0.7216476202011108 
vt 0.45530927181243896 0.7094220519065857 
vt 0.4577314555644989 0.714500367641449 
vt 0.4624333083629608 0.7185912132263184 
vt 0.4545018970966339 0.7156288623809814 
vt 0.4450981616973877 0.710597574710846 
vt 0.46428555250167847 0.7236225008964539 
vt 0.43526697158813477 0.7053782343864441 
vt 0.4499424993991852 0.7162871956825256 
vt 0.4277629852294922 0.7007231116294861 
vt 0.4324648678302765 0.7055662870407104 
vt 0.416032075881958 0.690942645072937 
vt 0.42006903886795044 0.6917420029640198 
vt 0.42809543013572693 0.6961620450019836 
vt 0.44106119871139526 0.7048139572143555 
vt 0.4356944262981415 0.697055459022522 
vt 0.45858633518218994 0.7232933640480042 
vt 0.4113301932811737 0.6751434803009033 
vt 0.4071982502937317 0.6750494241714478 
vt 0.40420615673065186 0.6760368943214417 
vt 0.4149397313594818 0.6930586099624634 
vt 0.43735671043395996 0.7105505466461182 
vt 0.4170769155025482 0.6979488134384155 
vt 0.401214063167572 0.6774945259094238 
vt 0.39513489603996277 0.6575574278831482 
vt 0.41004788875579834 0.7030741572380066 
vt 0.42263367772102356 0.7054722905158997 
vt 0.43911394476890564 0.7144533395767212 
vt 0.4555942416191101 0.7250801920890808 
vt 0.4649979770183563 0.7357540726661682 
vt 0.4692249000072479 0.7514591813087463 
vt 0.45811140537261963 0.7656596302986145 
vt 0.4634781777858734 0.7714903354644775 
vt 0.4567340910434723 0.7764745950698853 
vt 0.44809025526046753 0.7810826897621155 
vt 0.4434358775615692 0.7698915600776672 
vt 0.452032208442688 0.757901132106781 
vt 0.46010613441467285 0.7447351217269897 
vt 0.45165225863456726 0.7326036095619202 
vt 0.44642797112464905 0.7240456938743591 
vt 0.43849653005599976 0.7175097465515137 
vt 0.4297577142715454 0.7141712307929993 
vt 0.43645432591438293 0.7224940061569214 
vt 0.4403012990951538 0.7303465604782104 
vt 0.4492301046848297 0.7404091358184814 
vt 0.4472828507423401 0.7509889602661133 
vt 0.4328448176383972 0.7533870935440063 
vt 0.43469706177711487 0.761803925037384 
vt 0.43165746331214905 0.7737943530082703 
vt 0.43944641947746277 0.7835748195648193 
vt 0.4530770778656006 0.7883239984512329 
vt 0.4383540749549866 0.7870073914527893 
vt 0.4208764135837555 0.7799541354179382 
vt 0.4328448176383972 0.7838099002838135 
vt 0.42415347695350647 0.7770858407020569 
vt 0.408623069524765 0.7688571214675903 
vt 0.3930451571941376 0.7632145285606384 
vt 0.3786071240901947 0.7509889602661133 
vt 0.37053319811820984 0.7386223673820496 
vt 0.36207935214042664 0.7307227849960327 
vt 0.34721383452415466 0.7108327150344849 
vt 0.33714520931243896 0.6953156590461731 
vt 0.3312560021877289 0.6768362522125244 
vt 0.3284538686275482 0.6687015295028687 
vt 0.3252243101596832 0.6600965857505798 
vt 0.32294461131095886 0.6532315015792847 
vt 0.3215672969818115 0.6399714350700378 
vt 0.3216148018836975 0.6231377720832825 
vt 0.3253192901611328 0.6257709860801697 
vt 0.3280264139175415 0.6509274244308472 
vt 0.32455939054489136 0.6432629227638245 
vt 0.3312560021877289 0.6629179120063782 
vt 0.33505547046661377 0.6778236627578735 
vt 0.33420059084892273 0.6832311153411865 
vt 0.34037476778030396 0.6942341327667236 
vt 0.3539579212665558 0.7124314308166504 
vt 0.3669711947441101 0.7273372411727905 
vt 0.3686809539794922 0.7180269956588745 
vt 0.37461763620376587 0.7111148238182068 
vt 0.3839263916015625 0.7070710062980652 
vt 0.39470744132995605 0.7070239782333374 
vt 0.4051085412502289 0.7120552659034729 
vt 0.4144647717475891 0.7197667956352234 
vt 0.42002153396606445 0.7138420939445496 
vt 0.4276680052280426 0.7228701710700989 
vt 0.4324648678302765 0.7291240096092224 
vt 0.4387340247631073 0.7377289533615112 
vt 0.4438633322715759 0.7456285357475281 
vt 0.4351244866847992 0.7452053427696228 
vt 0.4293777644634247 0.734343409538269 
vt 0.4219212830066681 0.7277604341506958 
vt 0.41698193550109863 0.7344844937324524 
vt 0.4124225676059723 0.7269610166549683 
vt 0.4060109257698059 0.72649085521698 
vt 0.3976045548915863 0.7255033850669861 
vt 0.4108077883720398 0.7403151392936707 
vt 0.42481839656829834 0.7418668270111084 
vt 0.4197365641593933 0.7503777146339417 
vt 0.4128974974155426 0.7617568969726562 
vt 0.3940425217151642 0.7589355707168579 
vt 0.3840213716030121 0.7543745040893555 
vt 0.3811242878437042 0.7484968304634094 
vt 0.3792245388031006 0.7397038340568542 
vt 0.3792245388031006 0.729970395565033 
vt 0.38041186332702637 0.7217416763305664 
vt 0.38796335458755493 0.7237165570259094 
vt 0.3912404179573059 0.7386693954467773 
vt 0.4024963974952698 0.7426191568374634 
vt 0.3934251070022583 0.7508009076118469 
vt 0.6536425352096558 0.541790783405304 
vt 0.657584547996521 0.5394867062568665 
vt 0.6414842009544373 0.51752769947052 
vt 0.6299432516098022 0.499471515417099 
vt 0.6379696726799011 0.505020022392273 
vt 0.6440488696098328 0.5097221732139587 
vt 0.6523127555847168 0.5215715765953064 
vt 0.6482757925987244 0.5215245485305786 
vt 0.6610040664672852 0.5377469062805176 
vt 0.5271195769309998 0.5312579870223999 
vt 0.4988134205341339 0.5232173204421997 
vt 0.519378125667572 0.528765857219696 
vt 0.5892887115478516 0.6329652667045593 
vt 0.5894786715507507 0.6617893576622009 
vt 0.581879734992981 0.6799396276473999 
vt 0.568818986415863 0.6945632696151733 
vt 0.5433624386787415 0.7071650624275208 
vt 0.5246024131774902 0.7154878377914429 
vt 0.5337212085723877 0.707118034362793 
vt 0.5160536170005798 0.7136069536209106 
vt 0.560507595539093 0.6954566836357117 
vt 0.5479217767715454 0.6976667046546936 
vt 0.5563756823539734 0.6879802942276001 
vt 0.5767979025840759 0.6773064732551575 
vt 0.5675841569900513 0.6722281575202942 
vt 0.5567080974578857 0.6809270977973938 
vt 0.5377581715583801 0.6921181678771973 
vt 0.5318214893341064 0.6999707818031311 
vt 0.526027262210846 0.7056133151054382 
vt 0.5122541189193726 0.7085756659507751 
vt 0.49653372168540955 0.7160050868988037 
vt 0.4766339063644409 0.7133248448371887 
vt 0.45792141556739807 0.7063186764717102 
vt 0.4420110583305359 0.6957388520240784 
vt 0.43170496821403503 0.6848298907279968 
vt 0.45602166652679443 0.6977137327194214 
vt 0.4630507230758667 0.704155683517456 
vt 0.47596898674964905 0.7075412273406982 
vt 0.494064062833786 0.709563136100769 
vt 0.5130615234375 0.7011463046073914 
vt 0.5177158713340759 0.6929645538330078 
vt 0.493161678314209 0.7011463046073914 
vt 0.4735943078994751 0.6997356414794922 
vt 0.44951504468917847 0.6892969012260437 
vt 0.4687499701976776 0.6912717819213867 
vt 0.49292421340942383 0.6893909573554993 
vt 0.4720270335674286 0.6809270977973938 
vt 0.4607710540294647 0.6834662556648254 
vt 0.4451931416988373 0.6820555925369263 
vt 0.4297577142715454 0.6767421960830688 
vt 0.4171244204044342 0.6660683155059814 
vt 0.4040161967277527 0.6444855332374573 
vt 0.4001691937446594 0.6463663578033447 
vt 0.39945679903030396 0.6547831892967224 
vt 0.3976520597934723 0.6579806208610535 
vt 0.393900066614151 0.635974645614624 
vt 0.39475494623184204 0.615379273891449 
vt 0.3955148458480835 0.6426516771316528 
vt 0.3956573009490967 0.6339057087898254 
vt 0.3965122103691101 0.6229026913642883 
vt 0.3993143141269684 0.6312254667282104 
vt 0.4027813673019409 0.6215860843658447 
vt 0.4098103940486908 0.6486704349517822 
vt 0.42363104224205017 0.6605197787284851 
vt 0.43374717235565186 0.6706764101982117 
vt 0.44315090775489807 0.6762719750404358 
vt 0.4510348439216614 0.6753315329551697 
vt 0.3966071903705597 0.5993449687957764 
vt 0.3969871401786804 0.6123698949813843 
vt 0.44110870361328125 0.6658802628517151 
vt 0.4315149784088135 0.6545010805130005 
vt 0.42277616262435913 0.6404886841773987 
vt 0.4162220358848572 0.6464604139328003 
vt 0.4075307250022888 0.6290624737739563 
vt 0.40577346086502075 0.6000972986221313 
vt 0.4025438725948334 0.5927619934082031 
vt 0.3993143141269684 0.6123228669166565 
vt 0.39841192960739136 0.6047053933143616 
vt 0.3982694745063782 0.5913983583450317 
vt 0.4008341133594513 0.5691102147102356 
vt 0.40520352125167847 0.5718374252319336 
vt 0.40696078538894653 0.5728248953819275 
vt 0.4001217186450958 0.5897996425628662 
vt 0.4101428687572479 0.5746117234230042 
vt 0.42320361733436584 0.5598940253257751 
vt 0.4486601650714874 0.5472452640533447 
vt 0.4583488702774048 0.5472452640533447 
vt 0.46604281663894653 0.5487499237060547 
vt 0.4797684848308563 0.545693576335907 
vt 0.46020111441612244 0.5543454885482788 
vt 0.4441007971763611 0.5567435622215271 
vt 0.4315149784088135 0.5590006113052368 
vt 0.41522467136383057 0.5771979093551636 
vt 0.4356469213962555 0.5664299726486206 
vt 0.45431190729141235 0.5621980428695679 
vt 0.4789610803127289 0.5529818534851074 
vt 0.49795854091644287 0.5446590781211853 
vt 0.5184757709503174 0.5543925166130066 
vt 0.542555034160614 0.5650193691253662 
vt 0.5623123645782471 0.5777150988578796 
vt 0.5682965517044067 0.5937023758888245 
vt 0.5822596549987793 0.605833888053894 
vt 0.5845393538475037 0.6254888772964478 
vt 0.5862491130828857 0.6544540524482727 
vt 0.5821171998977661 0.6429337859153748 
vt 0.5768454074859619 0.6551123261451721 
vt 0.570338785648346 0.6589680910110474 
vt 0.5595577359199524 0.6674789786338806 
vt 0.5515313148498535 0.6754255890846252 
vt 0.5414151549339294 0.6853470802307129 
vt 0.5254098176956177 0.6855822205543518 
vt 0.5426974892616272 0.6799396276473999 
vt 0.5344811081886292 0.6783409118652344 
vt 0.5433624386787415 0.6704413294792175 
vt 0.5505814552307129 0.661507248878479 
vt 0.5629297494888306 0.6568991541862488 
vt 0.567061722278595 0.644109308719635 
vt 0.5717635750770569 0.6378554701805115 
vt 0.5765604376792908 0.6287333369255066 
vt 0.5793150663375854 0.6206926703453064 
vt 0.5757530331611633 0.6078558564186096 
vt 0.5690089464187622 0.6133573651313782 
vt 0.5632622241973877 0.621256947517395 
vt 0.5598902106285095 0.6304261088371277 
vt 0.5575155019760132 0.6405357122421265 
vt 0.5627397894859314 0.6473067998886108 
vt 0.5548558831214905 0.6512095928192139 
vt 0.5600326657295227 0.5989217758178711 
vt 0.5496315956115723 0.6040941476821899 
vt 0.5514363050460815 0.62050461769104 
vt 0.5503439903259277 0.6325891017913818 
vt 0.5474468469619751 0.6436391472816467 
vt 0.5581329464912415 0.5834517478942871 
vt 0.5502014756202698 0.5874955654144287 
vt 0.5403228402137756 0.5896585583686829 
vt 0.5401803255081177 0.5782793760299683 
vt 0.5485867261886597 0.5778091549873352 
vt 0.5467819571495056 0.5721666216850281 
vt 0.5307766199111938 0.5703327655792236 
vt 0.5231776237487793 0.5626682639122009 
vt 0.4988608956336975 0.5528877973556519 
vt 0.47444918751716614 0.5609754920005798 
vt 0.5299692153930664 0.5798780918121338 
vt 0.5178583264350891 0.571696400642395 
vt 0.49914586544036865 0.5634205937385559 
vt 0.5303491353988647 0.5897996425628662 
vt 0.5345761179924011 0.5971819758415222 
vt 0.5410352349281311 0.6075266599655151 
vt 0.5443598031997681 0.6166958808898926 
vt 0.5444072484970093 0.6269935369491577 
vt 0.5419375896453857 0.6359276175498962 
vt 0.5379481315612793 0.6422284841537476 
vt 0.5414151549339294 0.6542189121246338 
vt 0.5348135828971863 0.6660212874412537 
vt 0.5255048274993896 0.6747673153877258 
vt 0.5136789083480835 0.6821966767311096 
vt 0.5028978586196899 0.6775885820388794 
vt 0.5113042593002319 0.6756137013435364 
vt 0.5210404396057129 0.6701121926307678 
vt 0.5285919308662415 0.6623536348342896 
vt 0.5330563187599182 0.6535136103630066 
vt 0.5333887338638306 0.6445795297622681 
vt 0.5285444259643555 0.6443914771080017 
vt 0.5272620916366577 0.6520089507102966 
vt 0.5234625935554504 0.6598615050315857 
vt 0.5196155905723572 0.6658332347869873 
vt 0.5142013430595398 0.6673378944396973 
vt 0.5180957913398743 0.6589210629463196 
vt 0.512966513633728 0.658827006816864 
vt 0.5083596110343933 0.6680902242660522 
vt 0.5217528343200684 0.650692343711853 
vt 0.5237475633621216 0.6430278420448303 
vt 0.5248873829841614 0.6362097263336182 
vt 0.5281644463539124 0.6389840245246887 
vt 0.5306816101074219 0.6366329193115234 
vt 0.5337212085723877 0.6332473754882812 
vt 0.5165285468101501 0.6500810384750366 
vt 0.5189031958580017 0.6420403718948364 
vt 0.5201855301856995 0.6347991228103638 
vt 0.526027262210846 0.6306142210960388 
vt 0.5115891695022583 0.6507863998413086 
vt 0.5141538381576538 0.6431218981742859 
vt 0.5085021257400513 0.6590151190757751 
vt 0.5044651627540588 0.6671968698501587 
vt 0.49909839034080505 0.6747673153877258 
vt 0.49320918321609497 0.6783409118652344 
vt 0.48750993609428406 0.6744851469993591 
vt 0.48333048820495605 0.6770713329315186 
vt 0.4744966924190521 0.6745792031288147 
vt 0.45967867970466614 0.6725102663040161 
vt 0.44946756958961487 0.662259578704834 
vt 0.44110870361328125 0.6472127437591553 
vt 0.42838039994239807 0.6321188807487488 
vt 0.4202114939689636 0.6163197159767151 
vt 0.4154146611690521 0.6255829334259033 
vt 0.41270750761032104 0.6337175965309143 
vt 0.40990540385246277 0.6115705370903015 
vt 0.41517719626426697 0.5993449687957764 
vt 0.42173129320144653 0.5954421758651733 
vt 0.4244384467601776 0.5821821689605713 
vt 0.43531447649002075 0.5734362006187439 
vt 0.4507499039173126 0.5688750743865967 
vt 0.4671826660633087 0.5681697726249695 
vt 0.5068873167037964 0.6521499752998352 
vt 0.5042276978492737 0.6598144769668579 
vt 0.449752539396286 0.5740474462509155 
vt 0.4407762289047241 0.578608512878418 
vt 0.45849135518074036 0.5752229690551758 
vt 0.48067086935043335 0.57052081823349 
vt 0.4872724711894989 0.5750819444656372 
vt 0.4992883503437042 0.5730130076408386 
vt 0.5113992094993591 0.5757872462272644 
vt 0.5222277641296387 0.5819000005722046 
vt 0.5201380252838135 0.5890002846717834 
vt 0.5228926539421082 0.5949719548225403 
vt 0.5336737036705017 0.601884126663208 
vt 0.5345761179924011 0.6102539300918579 
vt 0.5381855964660645 0.6174011826515198 
vt 0.5400853753089905 0.6241252422332764 
vt 0.5372832417488098 0.6282631158828735 
vt 0.5325338840484619 0.620786726474762 
vt 0.5282119512557983 0.6256299018859863 
vt 0.527689516544342 0.6140626668930054 
vt 0.5203754901885986 0.6283101439476013 
vt 0.5153886675834656 0.6365388631820679 
vt 0.5095469951629639 0.6447676420211792 
vt 0.5053675174713135 0.6456140279769897 
vt 0.5021854639053345 0.6535606384277344 
vt 0.49971580505371094 0.661507248878479 
vt 0.5024229288101196 0.6653630137443542 
vt 0.49857595562934875 0.668842613697052 
vt 0.49377909302711487 0.6706764101982117 
vt 0.48912471532821655 0.6686074733734131 
vt 0.485800176858902 0.6647517085075378 
vt 0.4830455482006073 0.6662564277648926 
vt 0.4855627119541168 0.6588740348815918 
vt 0.4903120696544647 0.6612721681594849 
vt 0.4950614273548126 0.6625417470932007 
vt 0.497341126203537 0.6541719436645508 
vt 0.49221181869506836 0.6532785296440125 
vt 0.48708248138427734 0.6509274244308472 
vt 0.4809083342552185 0.6566170454025269 
vt 0.4786761403083801 0.6666796207427979 
vt 0.47231197357177734 0.6657862067222595 
vt 0.46442803740501404 0.6683253645896912 
vt 0.46642276644706726 0.6640934348106384 
vt 0.45644912123680115 0.6596264243125916 
vt 0.46281325817108154 0.6576514840126038 
vt 0.4694623649120331 0.6559116840362549 
vt 0.4757315218448639 0.6553004384040833 
vt 0.4821431636810303 0.6471186876296997 
vt 0.4877949059009552 0.639407217502594 
vt 0.49121442437171936 0.6435450911521912 
vt 0.49596381187438965 0.6453788876533508 
vt 0.5009981393814087 0.6457551121711731 
vt 0.5056999921798706 0.6373852491378784 
vt 0.5003331899642944 0.6376203894615173 
vt 0.4957263171672821 0.6382786631584167 
vt 0.4958213269710541 0.6336235404014587 
vt 0.5042752027511597 0.6300499439239502 
vt 0.4962962567806244 0.6276518702507019 
vt 0.48651257157325745 0.6332473754882812 
vt 0.4756365418434143 0.6407238245010376 
vt 0.46699270606040955 0.6463193297386169 
vt 0.4597261846065521 0.6491876244544983 
vt 0.45226967334747314 0.6501750946044922 
vt 0.4494200646877289 0.6381376385688782 
vt 0.45374199748039246 0.6417112350463867 
vt 0.45953619480133057 0.6416171789169312 
vt 0.4658053517341614 0.6384667754173279 
vt 0.4720270335674286 0.6327771544456482 
vt 0.4776787757873535 0.625159740447998 
vt 0.4815257489681244 0.6272286772727966 
vt 0.4882698357105255 0.62544184923172 
vt 0.49225929379463196 0.6170250177383423 
vt 0.497246116399765 0.6167898774147034 
vt 0.502802848815918 0.6121348142623901 
vt 0.4967236816883087 0.6214450001716614 
vt 0.5058899521827698 0.6169309616088867 
vt 0.5065548419952393 0.6230437755584717 
vt 0.51120924949646 0.6291565299034119 
vt 0.5094994902610779 0.638184666633606 
vt 0.5114942193031311 0.6397363543510437 
vt 0.5146762728691101 0.6316016316413879 
vt 0.5191881656646729 0.6198933124542236 
vt 0.5148662328720093 0.6124639511108398 
vt 0.5103543400764465 0.607291579246521 
vt 0.4977685511112213 0.6091254353523254 
vt 0.4867025315761566 0.6172600984573364 
vt 0.482523113489151 0.6167898774147034 
vt 0.47962599992752075 0.6163197159767151 
vt 0.4758265018463135 0.6208337545394897 
vt 0.4805758595466614 0.6115235090255737 
vt 0.4861326217651367 0.6088432669639587 
vt 0.49183186888694763 0.6079968810081482 
vt 0.5049875974655151 0.6029655933380127 
vt 0.5141538381576538 0.5997681617736816 
vt 0.5181432962417603 0.6040941476821899 
vt 0.522797703742981 0.6087022423744202 
vt 0.529209315776825 0.6052696704864502 
vt 0.5240800380706787 0.5994390249252319 
vt 0.511066734790802 0.5948779582977295 
vt 0.4968661665916443 0.5975581407546997 
vt 0.5238900184631348 0.6027775406837463 
vt 0.5093094706535339 0.5884360074996948 
vt 0.5172884464263916 0.584015965461731 
vt 0.5092620253562927 0.5817119479179382 
vt 0.49909839034080505 0.5803483128547668 
vt 0.48912471532821655 0.5811476707458496 
vt 0.49852845072746277 0.5881068706512451 
vt 0.48551520705223083 0.5941725969314575 
vt 0.4883173406124115 0.5878717303276062 
vt 0.48646506667137146 0.6024953722953796 
vt 0.4800059497356415 0.6064922213554382 
vt 0.4815257489681244 0.5989217758178711 
vt 0.4755415618419647 0.5932791829109192 
vt 0.47862863540649414 0.5875425934791565 
vt 0.4814782440662384 0.5828874707221985 
vt 0.4768713712692261 0.5803012847900391 
vt 0.46917739510536194 0.5775740742683411 
vt 0.449752539396286 0.5827463865280151 
vt 0.4694148898124695 0.5870253443717957 
vt 0.46542540192604065 0.5937494039535522 
vt 0.4736418128013611 0.5978403091430664 
vt 0.47653892636299133 0.6029655933380127 
vt 0.47093465924263 0.6071034669876099 
vt 0.46756261587142944 0.6033417582511902 
vt 0.4725969433784485 0.6012728214263916 
vt 0.4652354419231415 0.5990158319473267 
vt 0.45317205786705017 0.596006453037262 
vt 0.46005862951278687 0.5856147408485413 
vt 0.442343533039093 0.5913983583450317 
vt 0.43270233273506165 0.5865551233291626 
vt 0.4292827844619751 0.5970879197120667 
vt 0.4377366304397583 0.6016489863395691 
vt 0.4249608516693115 0.609971821308136 
vt 0.4293777644634247 0.6064922213554382 
vt 0.43469706177711487 0.6124639511108398 
vt 0.4457155764102936 0.6069624423980713 
vt 0.45758897066116333 0.6031537055969238 
vt 0.4614834487438202 0.6077147722244263 
vt 0.4319899082183838 0.6227145791053772 
vt 0.44210606813430786 0.6183416247367859 
vt 0.4403488039970398 0.6304731369018555 
vt 0.4476153254508972 0.6302379965782166 
vt 0.4518422484397888 0.6107711791992188 
vt 0.45635414123535156 0.6142977476119995 
vt 0.44837522506713867 0.6203165054321289 
vt 0.45283961296081543 0.6199403405189514 
vt 0.4539319574832916 0.625206708908081 
vt 0.45963120460510254 0.6186237335205078 
vt 0.4651404619216919 0.6120877861976624 
vt 0.47387927770614624 0.6110532879829407 
vt 0.475066602230072 0.6158965229988098 
vt 0.4705547094345093 0.6267114281654358 
vt 0.4649979770183563 0.6321659088134766 
vt 0.4609135091304779 0.6360216736793518 
vt 0.4583488702774048 0.6341878175735474 
vt 0.46376314759254456 0.627416729927063 
vt 0.46950986981391907 0.6213510036468506 
vt 0.46794256567955017 0.6165547966957092 
vt 0.4620058834552765 0.623231828212738 
vt 0.45583170652389526 0.6306142210960388 
vt 0.4925917387008667 0.7316161394119263 
vt 0.46428555250167847 0.7236225008964539 
vt 0.47231197357177734 0.7259265780448914 
vt 0.39475494623184204 0.615379273891449 
vt 0.4008341133594513 0.5691102147102356 
vt 0.3966071903705597 0.5993449687957764 
vt 0.4198315441608429 0.5570726990699768 
vt 0.4466654360294342 0.5419318079948425 
vt 0.4376416504383087 0.5468220710754395 
s on 
f 1/1/1 2/2/2 3/3/3 
f 2/2/2 4/4/4 3/3/3 
f 3/3/3 4/4/4 5/5/5 
f 4/4/4 4/4/4 5/5/5 
f 5/5/5 4/4/4 6/6/6 
f 4/4/4 7/7/7 6/6/6 
f 6/6/6 7/7/7 8/8/8 
f 7/7/7 9/9/9 8/8/8 
f 8/8/8 9/9/9 9/9/9 
f 9/9/9 1/1/1 9/9/9 
f 9/9/9 1/1/1 1/1/1 
f 1/1/1 3/3/3 1/1/1 
f 1/1/1 3/3/3 10/10/10 
f 3/3/3 11/11/11 10/10/10 
f 10/10/10 11/11/11 12/12/12 
f 11/11/11 13/13/13 12/12/12 
f 12/12/12 13/13/13 14/14/14 
f 13/13/13 14/14/14 14/14/14 
f 14/14/14 14/14/14 3/3/3 
f 14/14/14 3/3/3 3/3/3 
f 3/3/3 3/3/3 11/11/11 
f 3/3/3 5/5/5 11/11/11 
f 11/11/11 5/5/5 15/15/15 
f 5/5/5 16/16/16 15/15/15 
f 15/15/15 16/16/16 13/13/13 
f 16/16/16 17/17/17 13/13/13 
f 13/13/13 17/17/17 14/14/14 
f 17/17/17 14/14/14 14/14/14 
f 14/14/14 14/14/14 13/13/13 
f 14/14/14 13/13/13 13/13/13 
f 13/13/13 13/13/13 15/15/15 
f 13/13/13 11/11/11 15/15/15 
f 15/15/15 11/11/11 11/11/11 
f 11/11/11 5/5/5 11/11/11 
f 11/11/11 5/5/5 5/5/5 
f 5/5/5 6/6/6 5/5/5 
f 5/5/5 6/6/6 16/16/16 
f 6/6/6 18/18/18 16/16/16 
f 16/16/16 18/18/18 17/17/17 
f 18/18/18 17/17/17 17/17/17 
f 17/17/17 17/17/17 6/6/6 
f 17/17/17 6/6/6 6/6/6 
f 6/6/6 6/6/6 18/18/18 
f 6/6/6 8/8/8 18/18/18 
f 18/18/18 8/8/8 19/19/19 
f 8/8/8 20/20/20 19/19/19 
f 19/19/19 20/20/20 21/21/21 
f 20/20/20 20/20/20 21/21/21 
f 21/21/21 20/20/20 22/22/22 
f 20/20/20 20/20/20 22/22/22 
f 22/22/22 20/20/20 23/23/23 
f 20/20/20 20/20/20 23/23/23 
f 23/23/23 20/20/20 9/9/9 
f 20/20/20 8/8/8 9/9/9 
f 9/9/9 8/8/8 8/8/8 
f 8/8/8 21/21/21 8/8/8 
f 8/8/8 21/21/21 21/21/21 
f 21/21/21 24/24/24 21/21/21 
f 21/21/21 24/24/24 19/19/19 
f 24/24/24 25/25/25 19/19/19 
f 19/19/19 25/25/25 18/18/18 
f 25/25/25 26/26/26 18/18/18 
f 18/18/18 26/26/26 17/17/17 
f 26/26/26 27/27/27 17/17/17 
f 17/17/17 27/27/27 14/14/14 
f 27/27/27 14/14/14 14/14/14 
f 14/14/14 14/14/14 27/27/27 
f 14/14/14 27/27/27 27/27/27 
f 27/27/27 27/27/27 28/28/28 
f 27/27/27 26/26/26 28/28/28 
f 28/28/28 26/26/26 29/29/29 
f 26/26/26 25/25/25 29/29/29 
f 29/29/29 25/25/25 30/30/30 
f 25/25/25 24/24/24 30/30/30 
f 30/30/30 24/24/24 31/31/31 
f 24/24/24 24/24/24 31/31/31 
f 31/31/31 24/24/24 32/32/32 
f 24/24/24 21/21/21 32/32/32 
f 32/32/32 21/21/21 33/33/33 
f 21/21/21 22/22/22 33/33/33 
f 33/33/33 22/22/22 34/34/34 
f 22/22/22 22/22/22 34/34/34 
f 34/34/34 22/22/22 35/35/35 
f 22/22/22 23/23/23 35/35/35 
f 35/35/35 23/23/23 36/36/36 
f 23/23/23 37/37/37 36/36/36 
f 36/36/36 37/37/37 38/38/38 
f 37/37/37 39/39/39 38/38/38 
f 38/38/38 39/39/39 38/38/38 
f 39/39/39 40/40/40 38/38/38 
f 38/38/38 40/40/40 36/36/36 
f 40/40/40 41/41/41 36/36/36 
f 36/36/36 41/41/41 35/35/35 
f 41/41/41 42/42/42 35/35/35 
f 35/35/35 42/42/42 35/35/35 
f 42/42/42 43/43/43 35/35/35 
f 35/35/35 43/43/43 34/34/34 
f 43/43/43 44/44/44 34/34/34 
f 34/34/34 44/44/44 45/45/45 
f 44/44/44 46/46/46 45/45/45 
f 45/45/45 46/46/46 33/33/33 
f 46/46/46 46/46/46 33/33/33 
f 33/33/33 46/46/46 32/32/32 
f 46/46/46 47/47/47 32/32/32 
f 32/32/32 47/47/47 31/31/31 
f 47/47/47 48/48/48 31/31/31 
f 31/31/31 48/48/48 29/29/29 
f 48/48/48 48/48/48 29/29/29 
f 29/29/29 48/48/48 28/28/28 
f 48/48/48 48/48/48 28/28/28 
f 28/28/28 48/48/48 49/49/49 
f 48/48/48 48/48/48 49/49/49 
f 49/49/49 48/48/48 50/50/50 
f 48/48/48 47/47/47 50/50/50 
f 50/50/50 47/47/47 51/51/51 
f 47/47/47 46/46/46 51/51/51 
f 51/51/51 46/46/46 51/51/51 
f 46/46/46 44/44/44 51/51/51 
f 51/51/51 44/44/44 52/52/52 
f 44/44/44 43/43/43 52/52/52 
f 52/52/52 43/43/43 43/43/43 
f 43/43/43 31/31/31 43/43/43 
f 43/43/43 31/31/31 31/31/31 
f 31/31/31 29/29/29 31/31/31 
f 31/31/31 29/29/29 30/30/30 
f 29/29/29 30/30/30 30/30/30 
f 30/30/30 30/30/30 23/23/23 
f 30/30/30 23/23/23 23/23/23 
f 23/23/23 23/23/23 37/37/37 
f 23/23/23 9/9/9 37/37/37 
f 37/37/37 9/9/9 37/37/37 
f 9/9/9 53/53/53 37/37/37 
f 37/37/37 53/53/53 39/39/39 
f 53/53/53 39/39/39 39/39/39 
f 39/39/39 39/39/39 34/34/34 
f 39/39/39 34/34/34 34/34/34 
f 34/34/34 34/34/34 33/33/33 
f 34/34/34 45/45/45 33/33/33 
f 33/33/33 45/45/45 45/45/45 
f 45/45/45 52/52/52 45/45/45 
f 45/45/45 52/52/52 52/52/52 
f 52/52/52 54/54/54 52/52/52 
f 52/52/52 54/54/54 51/51/51 
f 54/54/54 54/54/54 51/51/51 
f 51/51/51 54/54/54 50/50/50 
f 54/54/54 55/55/55 50/50/50 
f 50/50/50 55/55/55 49/49/49 
f 55/55/55 49/49/49 49/49/49 
f 49/49/49 49/49/49 43/43/43 
f 49/49/49 43/43/43 43/43/43 
f 43/43/43 43/43/43 52/52/52 
f 43/43/43 56/56/56 52/52/52 
f 52/52/52 56/56/56 52/52/52 
f 56/56/56 57/57/57 52/52/52 
f 52/52/52 57/57/57 52/52/52 
f 57/57/57 58/58/58 52/52/52 
f 52/52/52 58/58/58 54/54/54 
f 58/58/58 59/59/59 54/54/54 
f 54/54/54 59/59/59 55/55/55 
f 59/59/59 55/55/55 55/55/55 
f 55/55/55 55/55/55 43/43/43 
f 55/55/55 43/43/43 43/43/43 
f 43/43/43 43/43/43 56/56/56 
f 43/43/43 42/42/42 56/56/56 
f 56/56/56 42/42/42 60/60/60 
f 42/42/42 42/42/42 60/60/60 
f 60/60/60 42/42/42 61/61/61 
f 42/42/42 41/41/41 61/61/61 
f 61/61/61 41/41/41 62/62/62 
f 41/41/41 40/40/40 62/62/62 
f 62/62/62 40/40/40 63/63/63 
f 40/40/40 39/39/39 63/63/63 
f 63/63/63 39/39/39 64/64/64 
f 39/39/39 53/53/53 64/64/64 
f 64/64/64 53/53/53 65/65/65 
f 53/53/53 53/53/53 65/65/65 
f 65/65/65 53/53/53 66/66/66 
f 53/53/53 9/9/9 66/66/66 
f 66/66/66 9/9/9 67/67/67 
f 9/9/9 9/9/9 67/67/67 
f 67/67/67 9/9/9 68/68/68 
f 9/9/9 7/7/7 68/68/68 
f 68/68/68 7/7/7 69/69/69 
f 7/7/7 4/4/4 69/69/69 
f 69/69/69 4/4/4 70/70/70 
f 4/4/4 2/2/2 70/70/70 
f 70/70/70 2/2/2 71/71/71 
f 2/2/2 72/72/72 71/71/71 
f 71/71/71 72/72/72 71/71/71 
f 72/72/72 73/73/73 71/71/71 
f 71/71/71 73/73/73 74/74/74 
f 73/73/73 75/75/75 74/74/74 
f 74/74/74 75/75/75 76/76/76 
f 75/75/75 77/77/77 76/76/76 
f 76/76/76 77/77/77 78/78/78 
f 77/77/77 79/79/79 78/78/78 
f 78/78/78 79/79/79 78/78/78 
f 79/79/79 80/80/80 78/78/78 
f 78/78/78 80/80/80 78/78/78 
f 80/80/80 81/81/81 78/78/78 
f 78/78/78 81/81/81 78/78/78 
f 81/81/81 82/82/82 78/78/78 
f 78/78/78 82/82/82 76/76/76 
f 82/82/82 83/83/83 76/76/76 
f 76/76/76 83/83/83 74/74/74 
f 83/83/83 84/84/84 74/74/74 
f 74/74/74 84/84/84 71/71/71 
f 84/84/84 84/84/84 71/71/71 
f 71/71/71 84/84/84 70/70/70 
f 84/84/84 83/83/83 70/70/70 
f 70/70/70 83/83/83 69/69/69 
f 83/83/83 82/82/82 69/69/69 
f 69/69/69 82/82/82 68/68/68 
f 82/82/82 85/85/85 68/68/68 
f 68/68/68 85/85/85 67/67/67 
f 85/85/85 67/67/67 67/67/67 
f 67/67/67 67/67/67 1/1/1 
f 67/67/67 1/1/1 1/1/1 
f 1/1/1 1/1/1 2/2/2 
f 1/1/1 72/72/72 2/2/2 
f 2/2/2 72/72/72 72/72/72 
f 72/72/72 82/82/82 72/72/72 
f 72/72/72 82/82/82 82/82/82 
f 82/82/82 81/81/81 82/82/82 
f 82/82/82 81/81/81 85/85/85 
f 81/81/81 81/81/81 85/85/85 
f 85/85/85 81/81/81 86/86/86 
f 81/81/81 87/87/87 86/86/86 
f 86/86/86 87/87/87 88/88/88 
f 87/87/87 80/80/80 88/88/88 
f 88/88/88 80/80/80 89/89/89 
f 80/80/80 79/79/79 89/89/89 
f 89/89/89 79/79/79 90/90/90 
f 79/79/79 91/91/91 90/90/90 
f 90/90/90 91/91/91 92/92/92 
f 91/91/91 93/93/93 92/92/92 
f 92/92/92 93/93/93 94/94/94 
f 93/93/93 95/95/95 94/94/94 
f 94/94/94 95/95/95 96/96/96 
f 95/95/95 97/97/97 96/96/96 
f 96/96/96 97/97/97 98/98/98 
f 97/97/97 99/99/99 98/98/98 
f 98/98/98 99/99/99 100/100/100 
f 99/99/99 101/101/101 100/100/100 
f 100/100/100 101/101/101 102/102/102 
f 101/101/101 103/103/103 102/102/102 
f 102/102/102 103/103/103 104/104/104 
f 103/103/103 105/105/105 104/104/104 
f 104/104/104 105/105/105 104/104/104 
f 105/105/105 106/106/106 104/104/104 
f 104/104/104 106/106/106 104/104/104 
f 106/106/106 107/107/107 104/104/104 
f 104/104/104 107/107/107 104/104/104 
f 107/107/107 108/108/108 104/104/104 
f 104/104/104 108/108/108 102/102/102 
f 108/108/108 109/109/109 102/102/102 
f 102/102/102 109/109/109 100/100/100 
f 109/109/109 110/110/110 100/100/100 
f 100/100/100 110/110/110 98/98/98 
f 110/110/110 111/111/111 98/98/98 
f 98/98/98 111/111/111 96/96/96 
f 111/111/111 112/112/112 96/96/96 
f 96/96/96 112/112/112 94/94/94 
f 112/112/112 113/113/113 94/94/94 
f 94/94/94 113/113/113 92/92/92 
f 113/113/113 114/114/114 92/92/92 
f 92/92/92 114/114/114 90/90/90 
f 114/114/114 115/115/115 90/90/90 
f 90/90/90 115/115/115 89/89/89 
f 115/115/115 89/89/89 89/89/89 
f 89/89/89 89/89/89 87/87/87 
f 89/89/89 87/87/87 87/87/87 
f 87/87/87 87/87/87 80/80/80 
f 87/87/87 81/81/81 80/80/80 
f 80/80/80 81/81/81 81/81/81 
f 81/81/81 110/110/110 81/81/81 
f 81/81/81 110/110/110 110/110/110 
f 110/110/110 109/109/109 110/110/110 
f 110/110/110 109/109/109 111/111/111 
f 109/109/109 116/116/116 111/111/111 
f 111/111/111 116/116/116 112/112/112 
f 116/116/116 117/117/117 112/112/112 
f 112/112/112 117/117/117 112/112/112 
f 117/117/117 118/118/118 112/112/112 
f 112/112/112 118/118/118 113/113/113 
f 118/118/118 115/115/115 113/113/113 
f 113/113/113 115/115/115 114/114/114 
f 115/115/115 114/114/114 114/114/114 
f 114/114/114 114/114/114 109/109/109 
f 114/114/114 109/109/109 109/109/109 
f 109/109/109 109/109/109 116/116/116 
f 109/109/109 108/108/108 116/116/116 
f 116/116/116 108/108/108 119/119/119 
f 108/108/108 108/108/108 119/119/119 
f 119/119/119 108/108/108 120/120/120 
f 108/108/108 107/107/107 120/120/120 
f 120/120/120 107/107/107 121/121/121 
f 107/107/107 122/122/122 121/121/121 
f 121/121/121 122/122/122 123/123/123 
f 122/122/122 106/106/106 123/123/123 
f 123/123/123 106/106/106 124/124/124 
f 106/106/106 105/105/105 124/124/124 
f 124/124/124 105/105/105 125/125/125 
f 105/105/105 105/105/105 125/125/125 
f 125/125/125 105/105/105 126/126/126 
f 105/105/105 127/127/127 126/126/126 
f 126/126/126 127/127/127 128/128/128 
f 127/127/127 129/129/129 128/128/128 
f 128/128/128 129/129/129 130/130/130 
f 129/129/129 129/129/129 130/130/130 
f 130/130/130 129/129/129 131/131/131 
f 129/129/129 127/127/127 131/131/131 
f 131/131/131 127/127/127 132/132/132 
f 127/127/127 105/105/105 132/132/132 
f 132/132/132 105/105/105 133/133/133 
f 105/105/105 103/103/103 133/133/133 
f 133/133/133 103/103/103 134/134/134 
f 103/103/103 101/101/101 134/134/134 
f 134/134/134 101/101/101 135/135/135 
f 101/101/101 99/99/99 135/135/135 
f 135/135/135 99/99/99 136/136/136 
f 99/99/99 97/97/97 136/136/136 
f 136/136/136 97/97/97 137/137/137 
f 97/97/97 138/138/138 137/137/137 
f 137/137/137 138/138/138 139/139/139 
f 138/138/138 140/140/140 139/139/139 
f 139/139/139 140/140/140 141/141/141 
f 140/140/140 142/142/142 141/141/141 
f 141/141/141 142/142/142 143/143/143 
f 142/142/142 144/144/144 143/143/143 
f 143/143/143 144/144/144 145/145/145 
f 144/144/144 146/146/146 145/145/145 
f 145/145/145 146/146/146 147/147/147 
f 146/146/146 148/148/148 147/147/147 
f 147/147/147 148/148/148 149/149/149 
f 148/148/148 150/150/150 149/149/149 
f 149/149/149 150/150/150 151/151/151 
f 150/150/150 152/152/152 151/151/151 
f 151/151/151 152/152/152 152/152/152 
f 152/152/152 117/117/117 152/152/152 
f 152/152/152 117/117/117 117/117/117 
f 117/117/117 116/116/116 117/117/117 
f 117/117/117 116/116/116 119/119/119 
f 116/116/116 119/119/119 119/119/119 
f 119/119/119 119/119/119 122/122/122 
f 119/119/119 122/122/122 122/122/122 
f 122/122/122 122/122/122 106/106/106 
f 122/122/122 107/107/107 106/106/106 
f 106/106/106 107/107/107 107/107/107 
f 107/107/107 151/151/151 107/107/107 
f 107/107/107 151/151/151 151/151/151 
f 151/151/151 153/153/153 151/151/151 
f 151/151/151 153/153/153 149/149/149 
f 153/153/153 154/154/154 149/149/149 
f 149/149/149 154/154/154 147/147/147 
f 154/154/154 147/147/147 147/147/147 
f 147/147/147 147/147/147 154/154/154 
f 147/147/147 154/154/154 154/154/154 
f 154/154/154 154/154/154 155/155/155 
f 154/154/154 153/153/153 155/155/155 
f 155/155/155 153/153/153 155/155/155 
f 153/153/153 151/151/151 155/155/155 
f 155/155/155 151/151/151 156/156/156 
f 151/151/151 152/152/152 156/156/156 
f 156/156/156 152/152/152 157/157/157 
f 152/152/152 158/158/158 157/157/157 
f 157/157/157 158/158/158 159/159/159 
f 158/158/158 160/160/160 159/159/159 
f 159/159/159 160/160/160 161/161/161 
f 160/160/160 162/162/162 161/161/161 
f 161/161/161 162/162/162 163/163/163 
f 162/162/162 164/164/164 163/163/163 
f 163/163/163 164/164/164 165/165/165 
f 164/164/164 166/166/166 165/165/165 
f 165/165/165 166/166/166 167/167/167 
f 166/166/166 168/168/168 167/167/167 
f 167/167/167 168/168/168 169/169/169 
f 168/168/168 170/170/170 169/169/169 
f 169/169/169 170/170/170 171/171/171 
f 170/170/170 172/172/172 171/171/171 
f 171/171/171 172/172/172 171/171/171 
f 172/172/172 173/173/173 171/171/171 
f 171/171/171 173/173/173 171/171/171 
f 173/173/173 174/174/174 171/171/171 
f 171/171/171 174/174/174 171/171/171 
f 174/174/174 175/175/175 171/171/171 
f 171/171/171 175/175/175 169/169/169 
f 175/175/175 176/176/176 169/169/169 
f 169/169/169 176/176/176 167/167/167 
f 176/176/176 177/177/177 167/167/167 
f 167/167/167 177/177/177 165/165/165 
f 177/177/177 178/178/178 165/165/165 
f 165/165/165 178/178/178 163/163/163 
f 178/178/178 179/179/179 163/163/163 
f 163/163/163 179/179/179 161/161/161 
f 179/179/179 180/180/180 161/161/161 
f 161/161/161 180/180/180 159/159/159 
f 180/180/180 181/181/181 159/159/159 
f 159/159/159 181/181/181 157/157/157 
f 181/181/181 182/182/182 157/157/157 
f 157/157/157 182/182/182 156/156/156 
f 182/182/182 156/156/156 156/156/156 
f 156/156/156 156/156/156 177/177/177 
f 156/156/156 177/177/177 177/177/177 
f 177/177/177 177/177/177 178/178/178 
f 177/177/177 176/176/176 178/178/178 
f 178/178/178 176/176/176 183/183/183 
f 176/176/176 175/175/175 183/183/183 
f 183/183/183 175/175/175 175/175/175 
f 175/175/175 178/178/178 175/175/175 
f 175/175/175 178/178/178 178/178/178 
f 178/178/178 183/183/183 178/178/178 
f 178/178/178 183/183/183 179/179/179 
f 183/183/183 184/184/184 179/179/179 
f 179/179/179 184/184/184 179/179/179 
f 184/184/184 185/185/185 179/179/179 
f 179/179/179 185/185/185 180/180/180 
f 185/185/185 182/182/182 180/180/180 
f 180/180/180 182/182/182 181/181/181 
f 182/182/182 181/181/181 181/181/181 
f 181/181/181 181/181/181 184/184/184 
f 181/181/181 184/184/184 184/184/184 
f 184/184/184 184/184/184 186/186/186 
f 184/184/184 183/183/183 186/186/186 
f 186/186/186 183/183/183 186/186/186 
f 183/183/183 175/175/175 186/186/186 
f 186/186/186 175/175/175 187/187/187 
f 175/175/175 174/174/174 187/187/187 
f 187/187/187 174/174/174 188/188/188 
f 174/174/174 174/174/174 188/188/188 
f 188/188/188 174/174/174 189/189/189 
f 174/174/174 173/173/173 189/189/189 
f 189/189/189 173/173/173 190/190/190 
f 173/173/173 173/173/173 190/190/190 
f 190/190/190 173/173/173 191/191/191 
f 173/173/173 172/172/172 191/191/191 
f 191/191/191 172/172/172 192/192/192 
f 172/172/172 170/170/170 192/192/192 
f 192/192/192 170/170/170 193/193/193 
f 170/170/170 168/168/168 193/193/193 
f 193/193/193 168/168/168 194/194/194 
f 168/168/168 166/166/166 194/194/194 
f 194/194/194 166/166/166 195/195/195 
f 166/166/166 164/164/164 195/195/195 
f 195/195/195 164/164/164 196/196/196 
f 164/164/164 197/197/197 196/196/196 
f 196/196/196 197/197/197 198/198/198 
f 197/197/197 199/199/199 198/198/198 
f 198/198/198 199/199/199 200/200/200 
f 199/199/199 201/201/201 200/200/200 
f 200/200/200 201/201/201 202/202/202 
f 201/201/201 203/203/203 202/202/202 
f 202/202/202 203/203/203 204/204/204 
f 203/203/203 205/205/205 204/204/204 
f 204/204/204 205/205/205 206/206/206 
f 205/205/205 207/207/207 206/206/206 
f 206/206/206 207/207/207 208/208/208 
f 207/207/207 209/209/209 208/208/208 
f 208/208/208 209/209/209 210/210/210 
f 209/209/209 211/211/211 210/210/210 
f 210/210/210 211/211/211 210/210/210 
f 211/211/211 212/212/212 210/210/210 
f 210/210/210 212/212/212 210/210/210 
f 212/212/212 213/213/213 210/210/210 
f 210/210/210 213/213/213 210/210/210 
f 213/213/213 214/214/214 210/210/210 
f 210/210/210 214/214/214 208/208/208 
f 214/214/214 215/215/215 208/208/208 
f 208/208/208 215/215/215 206/206/206 
f 215/215/215 216/216/216 206/206/206 
f 206/206/206 216/216/216 204/204/204 
f 216/216/216 217/217/217 204/204/204 
f 204/204/204 217/217/217 202/202/202 
f 217/217/217 218/218/218 202/202/202 
f 202/202/202 218/218/218 200/200/200 
f 218/218/218 219/219/219 200/200/200 
f 200/200/200 219/219/219 198/198/198 
f 219/219/219 220/220/220 198/198/198 
f 198/198/198 220/220/220 196/196/196 
f 220/220/220 221/221/221 196/196/196 
f 196/196/196 221/221/221 195/195/195 
f 221/221/221 195/195/195 195/195/195 
f 195/195/195 195/195/195 216/216/216 
f 195/195/195 216/216/216 216/216/216 
f 216/216/216 216/216/216 217/217/217 
f 216/216/216 215/215/215 217/217/217 
f 217/217/217 215/215/215 222/222/222 
f 215/215/215 214/214/214 222/222/222 
f 222/222/222 214/214/214 214/214/214 
f 214/214/214 217/217/217 214/214/214 
f 214/214/214 217/217/217 217/217/217 
f 217/217/217 222/222/222 217/217/217 
f 217/217/217 222/222/222 218/218/218 
f 222/222/222 223/223/223 218/218/218 
f 218/218/218 223/223/223 218/218/218 
f 223/223/223 224/224/224 218/218/218 
f 218/218/218 224/224/224 219/219/219 
f 224/224/224 221/221/221 219/219/219 
f 219/219/219 221/221/221 220/220/220 
f 221/221/221 220/220/220 220/220/220 
f 220/220/220 220/220/220 223/223/223 
f 220/220/220 223/223/223 223/223/223 
f 223/223/223 223/223/223 225/225/225 
f 223/223/223 222/222/222 225/225/225 
f 225/225/225 222/222/222 225/225/225 
f 222/222/222 214/214/214 225/225/225 
f 225/225/225 214/214/214 226/226/226 
f 214/214/214 213/213/213 226/226/226 
f 226/226/226 213/213/213 227/227/227 
f 213/213/213 228/228/228 227/227/227 
f 227/227/227 228/228/228 229/229/229 
f 228/228/228 212/212/212 229/229/229 
f 229/229/229 212/212/212 230/230/230 
f 212/212/212 211/211/211 230/230/230 
f 230/230/230 211/211/211 231/231/231 
f 211/211/211 232/232/232 231/231/231 
f 231/231/231 232/232/232 233/233/233 
f 232/232/232 234/234/234 233/233/233 
f 233/233/233 234/234/234 235/235/235 
f 234/234/234 236/236/236 235/235/235 
f 235/235/235 236/236/236 237/237/237 
f 236/236/236 238/238/238 237/237/237 
f 237/237/237 238/238/238 239/239/239 
f 238/238/238 240/240/240 239/239/239 
f 239/239/239 240/240/240 241/241/241 
f 240/240/240 242/242/242 241/241/241 
f 241/241/241 242/242/242 243/243/243 
f 242/242/242 244/244/244 243/243/243 
f 243/243/243 244/244/244 245/245/245 
f 244/244/244 246/246/246 245/245/245 
f 245/245/245 246/246/246 245/245/245 
f 246/246/246 247/247/247 245/245/245 
f 245/245/245 247/247/247 245/245/245 
f 247/247/247 248/248/248 245/245/245 
f 245/245/245 248/248/248 245/245/245 
f 248/248/248 249/249/249 245/245/245 
f 245/245/245 249/249/249 243/243/243 
f 249/249/249 250/250/250 243/243/243 
f 243/243/243 250/250/250 241/241/241 
f 250/250/250 251/251/251 241/241/241 
f 241/241/241 251/251/251 239/239/239 
f 251/251/251 252/252/252 239/239/239 
f 239/239/239 252/252/252 237/237/237 
f 252/252/252 253/253/253 237/237/237 
f 237/237/237 253/253/253 235/235/235 
f 253/253/253 254/254/254 235/235/235 
f 235/235/235 254/254/254 233/233/233 
f 254/254/254 255/255/255 233/233/233 
f 233/233/233 255/255/255 231/231/231 
f 255/255/255 256/256/256 231/231/231 
f 231/231/231 256/256/256 230/230/230 
f 256/256/256 230/230/230 230/230/230 
f 230/230/230 230/230/230 228/228/228 
f 230/230/230 228/228/228 228/228/228 
f 228/228/228 228/228/228 212/212/212 
f 228/228/228 213/213/213 212/212/212 
f 212/212/212 213/213/213 213/213/213 
f 213/213/213 251/251/251 213/213/213 
f 213/213/213 251/251/251 251/251/251 
f 251/251/251 250/250/250 251/251/251 
f 251/251/251 250/250/250 252/252/252 
f 250/250/250 257/257/257 252/252/252 
f 252/252/252 257/257/257 253/253/253 
f 257/257/257 258/258/258 253/253/253 
f 253/253/253 258/258/258 253/253/253 
f 258/258/258 259/259/259 253/253/253 
f 253/253/253 259/259/259 254/254/254 
f 259/259/259 256/256/256 254/254/254 
f 254/254/254 256/256/256 255/255/255 
f 256/256/256 255/255/255 255/255/255 
f 255/255/255 255/255/255 250/250/250 
f 255/255/255 250/250/250 250/250/250 
f 250/250/250 250/250/250 257/257/257 
f 250/250/250 249/249/249 257/257/257 
f 257/257/257 249/249/249 260/260/260 
f 249/249/249 249/249/249 260/260/260 
f 260/260/260 249/249/249 261/261/261 
f 249/249/249 248/248/248 261/261/261 
f 261/261/261 248/248/248 262/262/262 
f 248/248/248 248/248/248 262/262/262 
f 262/262/262 248/248/248 263/263/263 
f 248/248/248 247/247/247 263/263/263 
f 263/263/263 247/247/247 264/264/264 
f 247/247/247 265/265/265 264/264/264 
f 264/264/264 265/265/265 264/264/264 
f 265/265/265 266/266/266 264/264/264 
f 264/264/264 266/266/266 264/264/264 
f 266/266/266 267/267/267 264/264/264 
f 264/264/264 267/267/267 264/264/264 
f 267/267/267 268/268/268 264/264/264 
f 264/264/264 268/268/268 263/263/263 
f 268/268/268 269/269/269 263/263/263 
f 263/263/263 269/269/269 263/263/263 
f 269/269/269 270/270/270 263/263/263 
f 263/263/263 270/270/270 262/262/262 
f 270/270/270 271/271/271 262/262/262 
f 262/262/262 271/271/271 272/272/272 
f 271/271/271 273/273/273 272/272/272 
f 272/272/272 273/273/273 261/261/261 
f 273/273/273 273/273/273 261/261/261 
f 261/261/261 273/273/273 260/260/260 
f 273/273/273 274/274/274 260/260/260 
f 260/260/260 274/274/274 258/258/258 
f 274/274/274 275/275/275 258/258/258 
f 258/258/258 275/275/275 259/259/259 
f 275/275/275 276/276/276 259/259/259 
f 259/259/259 276/276/276 256/256/256 
f 276/276/276 276/276/276 256/256/256 
f 256/256/256 276/276/276 230/230/230 
f 276/276/276 276/276/276 230/230/230 
f 230/230/230 276/276/276 229/229/229 
f 276/276/276 277/277/277 229/229/229 
f 229/229/229 277/277/277 227/227/227 
f 277/277/277 227/227/227 227/227/227 
f 227/227/227 227/227/227 258/258/258 
f 227/227/227 258/258/258 258/258/258 
f 258/258/258 258/258/258 260/260/260 
f 258/258/258 257/257/257 260/260/260 
f 260/260/260 257/257/257 257/257/257 
f 257/257/257 265/265/265 257/257/257 
f 257/257/257 265/265/265 265/265/265 
f 265/265/265 247/247/247 265/265/265 
f 265/265/265 247/247/247 246/246/246 
f 247/247/247 246/246/246 246/246/246 
f 246/246/246 246/246/246 262/262/262 
f 246/246/246 262/262/262 262/262/262 
f 262/262/262 262/262/262 261/261/261 
f 262/262/262 272/272/272 261/261/261 
f 261/261/261 272/272/272 272/272/272 
f 272/272/272 276/276/276 272/272/272 
f 272/272/272 276/276/276 276/276/276 
f 276/276/276 275/275/275 276/276/276 
f 276/276/276 275/275/275 277/277/277 
f 275/275/275 278/278/278 277/277/277 
f 277/277/277 278/278/278 277/277/277 
f 278/278/278 279/279/279 277/277/277 
f 277/277/277 279/279/279 227/227/227 
f 279/279/279 279/279/279 227/227/227 
f 227/227/227 279/279/279 226/226/226 
f 279/279/279 280/280/280 226/226/226 
f 226/226/226 280/280/280 225/225/225 
f 280/280/280 281/281/281 225/225/225 
f 225/225/225 281/281/281 223/223/223 
f 281/281/281 282/282/282 223/223/223 
f 223/223/223 282/282/282 224/224/224 
f 282/282/282 283/283/283 224/224/224 
f 224/224/224 283/283/283 221/221/221 
f 283/283/283 283/283/283 221/221/221 
f 221/221/221 283/283/283 195/195/195 
f 283/283/283 283/283/283 195/195/195 
f 195/195/195 283/283/283 194/194/194 
f 283/283/283 284/284/284 194/194/194 
f 194/194/194 284/284/284 193/193/193 
f 284/284/284 285/285/285 193/193/193 
f 193/193/193 285/285/285 192/192/192 
f 285/285/285 286/286/286 192/192/192 
f 192/192/192 286/286/286 191/191/191 
f 286/286/286 191/191/191 191/191/191 
f 191/191/191 191/191/191 275/275/275 
f 191/191/191 275/275/275 275/275/275 
f 275/275/275 275/275/275 278/278/278 
f 275/275/275 274/274/274 278/278/278 
f 278/278/278 274/274/274 274/274/274 
f 274/274/274 285/285/285 274/274/274 
f 274/274/274 285/285/285 285/285/285 
f 285/285/285 284/284/284 285/285/285 
f 285/285/285 284/284/284 286/286/286 
f 284/284/284 287/287/287 286/286/286 
f 286/286/286 287/287/287 288/288/288 
f 287/287/287 287/287/287 288/288/288 
f 288/288/288 287/287/287 289/289/289 
f 287/287/287 282/282/282 289/289/289 
f 289/289/289 282/282/282 281/281/281 
f 282/282/282 281/281/281 281/281/281 
f 281/281/281 281/281/281 284/284/284 
f 281/281/281 284/284/284 284/284/284 
f 284/284/284 284/284/284 287/287/287 
f 284/284/284 283/283/283 287/287/287 
f 287/287/287 283/283/283 282/282/282 
f 283/283/283 282/282/282 282/282/282 
f 282/282/282 282/282/282 286/286/286 
f 282/282/282 286/286/286 286/286/286 
f 286/286/286 286/286/286 191/191/191 
f 286/286/286 288/288/288 191/191/191 
f 191/191/191 288/288/288 190/190/190 
f 288/288/288 290/290/290 190/190/190 
f 190/190/190 290/290/290 291/291/291 
f 290/290/290 290/290/290 291/291/291 
f 291/291/291 290/290/290 292/292/292 
f 290/290/290 290/290/290 292/292/292 
f 292/292/292 290/290/290 293/293/293 
f 290/290/290 289/289/289 293/293/293 
f 293/293/293 289/289/289 281/281/281 
f 289/289/289 281/281/281 281/281/281 
f 281/281/281 281/281/281 290/290/290 
f 281/281/281 290/290/290 290/290/290 
f 290/290/290 290/290/290 289/289/289 
f 290/290/290 288/288/288 289/289/289 
f 289/289/289 288/288/288 288/288/288 
f 288/288/288 190/190/190 288/288/288 
f 288/288/288 190/190/190 190/190/190 
f 190/190/190 291/291/291 190/190/190 
f 190/190/190 291/291/291 189/189/189 
f 291/291/291 291/291/291 189/189/189 
f 189/189/189 291/291/291 294/294/294 
f 291/291/291 295/295/295 294/294/294 
f 294/294/294 295/295/295 296/296/296 
f 295/295/295 297/297/297 296/296/296 
f 296/296/296 297/297/297 298/298/298 
f 297/297/297 297/297/297 298/298/298 
f 298/298/298 297/297/297 299/299/299 
f 297/297/297 281/281/281 299/299/299 
f 299/299/299 281/281/281 300/300/300 
f 281/281/281 280/280/280 300/300/300 
f 300/300/300 280/280/280 301/301/301 
f 280/280/280 279/279/279 301/301/301 
f 301/301/301 279/279/279 302/302/302 
f 279/279/279 278/278/278 302/302/302 
f 302/302/302 278/278/278 303/303/303 
f 278/278/278 274/274/274 303/303/303 
f 303/303/303 274/274/274 304/304/304 
f 274/274/274 273/273/273 304/304/304 
f 304/304/304 273/273/273 304/304/304 
f 273/273/273 271/271/271 304/304/304 
f 304/304/304 271/271/271 305/305/305 
f 271/271/271 270/270/270 305/305/305 
f 305/305/305 270/270/270 306/306/306 
f 270/270/270 269/269/269 306/306/306 
f 306/306/306 269/269/269 269/269/269 
f 269/269/269 291/291/291 269/269/269 
f 269/269/269 291/291/291 291/291/291 
f 291/291/291 292/292/292 291/291/291 
f 291/291/291 292/292/292 295/295/295 
f 292/292/292 293/293/293 295/295/295 
f 295/295/295 293/293/293 297/297/297 
f 293/293/293 281/281/281 297/297/297 
f 297/297/297 281/281/281 281/281/281 
f 281/281/281 269/269/269 281/281/281 
f 281/281/281 269/269/269 269/269/269 
f 269/269/269 307/307/307 269/269/269 
f 269/269/269 307/307/307 306/306/306 
f 307/307/307 308/308/308 306/306/306 
f 306/306/306 308/308/308 306/306/306 
f 308/308/308 309/309/309 306/306/306 
f 306/306/306 309/309/309 305/305/305 
f 309/309/309 305/305/305 305/305/305 
f 305/305/305 305/305/305 307/307/307 
f 305/305/305 307/307/307 307/307/307 
f 307/307/307 307/307/307 310/310/310 
f 307/307/307 269/269/269 310/310/310 
f 310/310/310 269/269/269 310/310/310 
f 269/269/269 268/268/268 310/310/310 
f 310/310/310 268/268/268 311/311/311 
f 268/268/268 267/267/267 311/311/311 
f 311/311/311 267/267/267 267/267/267 
f 267/267/267 311/311/311 267/267/267 
f 267/267/267 311/311/311 311/311/311 
f 311/311/311 312/312/312 311/311/311 
f 311/311/311 312/312/312 310/310/310 
f 312/312/312 313/313/313 310/310/310 
f 310/310/310 313/313/313 307/307/307 
f 313/313/313 313/313/313 307/307/307 
f 307/307/307 313/313/313 314/314/314 
f 313/313/313 313/313/313 314/314/314 
f 314/314/314 313/313/313 315/315/315 
f 313/313/313 316/316/316 315/315/315 
f 315/315/315 316/316/316 317/317/317 
f 316/316/316 312/312/312 317/317/317 
f 317/317/317 312/312/312 318/318/318 
f 312/312/312 311/311/311 318/318/318 
f 318/318/318 311/311/311 319/319/319 
f 311/311/311 311/311/311 319/319/319 
f 319/319/319 311/311/311 320/320/320 
f 311/311/311 267/267/267 320/320/320 
f 320/320/320 267/267/267 321/321/321 
f 267/267/267 266/266/266 321/321/321 
f 321/321/321 266/266/266 321/321/321 
f 266/266/266 265/265/265 321/321/321 
f 321/321/321 265/265/265 322/322/322 
f 265/265/265 246/246/246 322/322/322 
f 322/322/322 246/246/246 246/246/246 
f 246/246/246 313/313/313 246/246/246 
f 246/246/246 313/313/313 313/313/313 
f 313/313/313 312/312/312 313/313/313 
f 313/313/313 312/312/312 316/316/316 
f 312/312/312 316/316/316 316/316/316 
f 316/316/316 316/316/316 322/322/322 
f 316/316/316 322/322/322 322/322/322 
f 322/322/322 322/322/322 321/321/321 
f 322/322/322 323/323/323 321/321/321 
f 321/321/321 323/323/323 320/320/320 
f 323/323/323 324/324/324 320/320/320 
f 320/320/320 324/324/324 319/319/319 
f 324/324/324 325/325/325 319/319/319 
f 319/319/319 325/325/325 319/319/319 
f 325/325/325 326/326/326 319/319/319 
f 319/319/319 326/326/326 318/318/318 
f 326/326/326 327/327/327 318/318/318 
f 318/318/318 327/327/327 317/317/317 
f 327/327/327 328/328/328 317/317/317 
f 317/317/317 328/328/328 315/315/315 
f 328/328/328 329/329/329 315/315/315 
f 315/315/315 329/329/329 314/314/314 
f 329/329/329 314/314/314 314/314/314 
f 314/314/314 314/314/314 329/329/329 
f 314/314/314 329/329/329 329/329/329 
f 329/329/329 329/329/329 330/330/330 
f 329/329/329 328/328/328 330/330/330 
f 330/330/330 328/328/328 331/331/331 
f 328/328/328 327/327/327 331/331/331 
f 331/331/331 327/327/327 332/332/332 
f 327/327/327 333/333/333 332/332/332 
f 332/332/332 333/333/333 334/334/334 
f 333/333/333 335/335/335 334/334/334 
f 334/334/334 335/335/335 336/336/336 
f 335/335/335 337/337/337 336/336/336 
f 336/336/336 337/337/337 338/338/338 
f 337/337/337 325/325/325 338/338/338 
f 338/338/338 325/325/325 339/339/339 
f 325/325/325 324/324/324 339/339/339 
f 339/339/339 324/324/324 340/340/340 
f 324/324/324 323/323/323 340/340/340 
f 340/340/340 323/323/323 341/341/341 
f 323/323/323 322/322/322 341/341/341 
f 341/341/341 322/322/322 342/342/342 
f 322/322/322 246/246/246 342/342/342 
f 342/342/342 246/246/246 342/342/342 
f 246/246/246 343/343/343 342/342/342 
f 342/342/342 343/343/343 342/342/342 
f 343/343/343 344/344/344 342/342/342 
f 342/342/342 344/344/344 342/342/342 
f 344/344/344 345/345/345 342/342/342 
f 342/342/342 345/345/345 341/341/341 
f 345/345/345 346/346/346 341/341/341 
f 341/341/341 346/346/346 340/340/340 
f 346/346/346 347/347/347 340/340/340 
f 340/340/340 347/347/347 339/339/339 
f 347/347/347 348/348/348 339/339/339 
f 339/339/339 348/348/348 338/338/338 
f 348/348/348 338/338/338 338/338/338 
f 338/338/338 338/338/338 327/327/327 
f 338/338/338 327/327/327 327/327/327 
f 327/327/327 327/327/327 333/333/333 
f 327/327/327 326/326/326 333/333/333 
f 333/333/333 326/326/326 337/337/337 
f 326/326/326 325/325/325 337/337/337 
f 337/337/337 325/325/325 325/325/325 
f 325/325/325 335/335/335 325/325/325 
f 325/325/325 335/335/335 335/335/335 
f 335/335/335 333/333/333 335/335/335 
f 335/335/335 333/333/333 337/337/337 
f 333/333/333 337/337/337 337/337/337 
f 337/337/337 337/337/337 347/347/347 
f 337/337/337 347/347/347 347/347/347 
f 347/347/347 347/347/347 348/348/348 
f 347/347/347 346/346/346 348/348/348 
f 348/348/348 346/346/346 349/349/349 
f 346/346/346 345/345/345 349/349/349 
f 349/349/349 345/345/345 345/345/345 
f 345/345/345 349/349/349 345/345/345 
f 345/345/345 349/349/349 349/349/349 
f 349/349/349 350/350/350 349/349/349 
f 349/349/349 350/350/350 348/348/348 
f 350/350/350 350/350/350 348/348/348 
f 348/348/348 350/350/350 338/338/338 
f 350/350/350 350/350/350 338/338/338 
f 338/338/338 350/350/350 336/336/336 
f 350/350/350 351/351/351 336/336/336 
f 336/336/336 351/351/351 334/334/334 
f 351/351/351 334/334/334 334/334/334 
f 334/334/334 334/334/334 351/351/351 
f 334/334/334 351/351/351 351/351/351 
f 351/351/351 351/351/351 352/352/352 
f 351/351/351 350/350/350 352/352/352 
f 352/352/352 350/350/350 352/352/352 
f 350/350/350 349/349/349 352/352/352 
f 352/352/352 349/349/349 353/353/353 
f 349/349/349 345/345/345 353/353/353 
f 353/353/353 345/345/345 354/354/354 
f 345/345/345 344/344/344 354/354/354 
f 354/354/354 344/344/344 355/355/355 
f 344/344/344 356/356/356 355/355/355 
f 355/355/355 356/356/356 357/357/357 
f 356/356/356 343/343/343 357/357/357 
f 357/357/357 343/343/343 358/358/358 
f 343/343/343 246/246/246 358/358/358 
f 358/358/358 246/246/246 359/359/359 
f 246/246/246 244/244/244 359/359/359 
f 359/359/359 244/244/244 360/360/360 
f 244/244/244 242/242/242 360/360/360 
f 360/360/360 242/242/242 361/361/361 
f 242/242/242 240/240/240 361/361/361 
f 361/361/361 240/240/240 362/362/362 
f 240/240/240 238/238/238 362/362/362 
f 362/362/362 238/238/238 363/363/363 
f 238/238/238 364/364/364 363/363/363 
f 363/363/363 364/364/364 365/365/365 
f 364/364/364 366/366/366 365/365/365 
f 365/365/365 366/366/366 367/367/367 
f 366/366/366 368/368/368 367/367/367 
f 367/367/367 368/368/368 369/369/369 
f 368/368/368 370/370/370 369/369/369 
f 369/369/369 370/370/370 371/371/371 
f 370/370/370 372/372/372 371/371/371 
f 371/371/371 372/372/372 373/373/373 
f 372/372/372 374/374/374 373/373/373 
f 373/373/373 374/374/374 375/375/375 
f 374/374/374 376/376/376 375/375/375 
f 375/375/375 376/376/376 377/377/377 
f 376/376/376 378/378/378 377/377/377 
f 377/377/377 378/378/378 378/378/378 
f 378/378/378 356/356/356 378/378/378 
f 378/378/378 356/356/356 356/356/356 
f 356/356/356 344/344/344 356/356/356 
f 356/356/356 344/344/344 343/343/343 
f 344/344/344 343/343/343 343/343/343 
f 343/343/343 343/343/343 377/377/377 
f 343/343/343 377/377/377 377/377/377 
f 377/377/377 377/377/377 375/375/375 
f 377/377/377 379/379/379 375/375/375 
f 375/375/375 379/379/379 380/380/380 
f 379/379/379 379/379/379 380/380/380 
f 380/380/380 379/379/379 381/381/381 
f 379/379/379 377/377/377 381/381/381 
f 381/381/381 377/377/377 382/382/382 
f 377/377/377 378/378/378 382/382/382 
f 382/382/382 378/378/378 383/383/383 
f 378/378/378 384/384/384 383/383/383 
f 383/383/383 384/384/384 385/385/385 
f 384/384/384 386/386/386 385/385/385 
f 385/385/385 386/386/386 387/387/387 
f 386/386/386 388/388/388 387/387/387 
f 387/387/387 388/388/388 389/389/389 
f 388/388/388 14/14/14 389/389/389 
f 389/389/389 14/14/14 390/390/390 
f 14/14/14 27/27/27 390/390/390 
f 390/390/390 27/27/27 391/391/391 
f 27/27/27 28/28/28 391/391/391 
f 391/391/391 28/28/28 391/391/391 
f 28/28/28 49/49/49 391/391/391 
f 391/391/391 49/49/49 392/392/392 
f 49/49/49 55/55/55 392/392/392 
f 392/392/392 55/55/55 55/55/55 
f 55/55/55 380/380/380 55/55/55 
f 55/55/55 380/380/380 380/380/380 
f 380/380/380 373/373/373 380/380/380 
f 380/380/380 373/373/373 375/375/375 
f 373/373/373 375/375/375 375/375/375 
f 375/375/375 375/375/375 392/392/392 
f 375/375/375 392/392/392 392/392/392 
f 392/392/392 392/392/392 391/391/391 
f 392/392/392 393/393/393 391/391/391 
f 391/391/391 393/393/393 390/390/390 
f 393/393/393 394/394/394 390/390/390 
f 390/390/390 394/394/394 389/389/389 
f 394/394/394 389/389/389 389/389/389 
f 389/389/389 389/389/389 393/393/393 
f 389/389/389 393/393/393 393/393/393 
f 393/393/393 393/393/393 394/394/394 
f 393/393/393 392/392/392 394/394/394 
f 394/394/394 392/392/392 395/395/395 
f 392/392/392 55/55/55 395/395/395 
f 395/395/395 55/55/55 396/396/396 
f 55/55/55 59/59/59 396/396/396 
f 396/396/396 59/59/59 397/397/397 
f 59/59/59 398/398/398 397/397/397 
f 397/397/397 398/398/398 399/399/399 
f 398/398/398 58/58/58 399/399/399 
f 399/399/399 58/58/58 399/399/399 
f 58/58/58 57/57/57 399/399/399 
f 399/399/399 57/57/57 400/400/400 
f 57/57/57 57/57/57 400/400/400 
f 400/400/400 57/57/57 401/401/401 
f 57/57/57 56/56/56 401/401/401 
f 401/401/401 56/56/56 401/401/401 
f 56/56/56 60/60/60 401/401/401 
f 401/401/401 60/60/60 401/401/401 
f 60/60/60 402/402/402 401/401/401 
f 401/401/401 402/402/402 401/401/401 
f 402/402/402 403/403/403 401/401/401 
f 401/401/401 403/403/403 400/400/400 
f 403/403/403 404/404/404 400/400/400 
f 400/400/400 404/404/404 400/400/400 
f 404/404/404 405/405/405 400/400/400 
f 400/400/400 405/405/405 406/406/406 
f 405/405/405 407/407/407 406/406/406 
f 406/406/406 407/407/407 406/406/406 
f 407/407/407 408/408/408 406/406/406 
f 406/406/406 408/408/408 397/397/397 
f 408/408/408 408/408/408 397/397/397 
f 397/397/397 408/408/408 396/396/396 
f 408/408/408 409/409/409 396/396/396 
f 396/396/396 409/409/409 395/395/395 
f 409/409/409 410/410/410 395/395/395 
f 395/395/395 410/410/410 394/394/394 
f 410/410/410 410/410/410 394/394/394 
f 394/394/394 410/410/410 389/389/389 
f 410/410/410 410/410/410 389/389/389 
f 389/389/389 410/410/410 387/387/387 
f 410/410/410 411/411/411 387/387/387 
f 387/387/387 411/411/411 385/385/385 
f 411/411/411 412/412/412 385/385/385 
f 385/385/385 412/412/412 383/383/383 
f 412/412/412 413/413/413 383/383/383 
f 383/383/383 413/413/413 382/382/382 
f 413/413/413 382/382/382 382/382/382 
f 382/382/382 382/382/382 58/58/58 
f 382/382/382 58/58/58 58/58/58 
f 58/58/58 58/58/58 59/59/59 
f 58/58/58 398/398/398 59/59/59 
f 59/59/59 398/398/398 398/398/398 
f 398/398/398 397/397/397 398/398/398 
f 398/398/398 397/397/397 397/397/397 
f 397/397/397 399/399/399 397/397/397 
f 397/397/397 399/399/399 406/406/406 
f 399/399/399 400/400/400 406/406/406 
f 406/406/406 400/400/400 400/400/400 
f 400/400/400 412/412/412 400/400/400 
f 400/400/400 412/412/412 412/412/412 
f 412/412/412 411/411/411 412/412/412 
f 412/412/412 411/411/411 413/413/413 
f 411/411/411 414/414/414 413/413/413 
f 413/413/413 414/414/414 415/415/415 
f 414/414/414 414/414/414 415/415/415 
f 415/415/415 414/414/414 416/416/416 
f 414/414/414 409/409/409 416/416/416 
f 416/416/416 409/409/409 408/408/408 
f 409/409/409 408/408/408 408/408/408 
f 408/408/408 408/408/408 411/411/411 
f 408/408/408 411/411/411 411/411/411 
f 411/411/411 411/411/411 414/414/414 
f 411/411/411 410/410/410 414/414/414 
f 414/414/414 410/410/410 409/409/409 
f 410/410/410 409/409/409 409/409/409 
f 409/409/409 409/409/409 413/413/413 
f 409/409/409 413/413/413 413/413/413 
f 413/413/413 413/413/413 382/382/382 
f 413/413/413 415/415/415 382/382/382 
f 382/382/382 415/415/415 381/381/381 
f 415/415/415 417/417/417 381/381/381 
f 381/381/381 417/417/417 380/380/380 
f 417/417/417 418/418/418 380/380/380 
f 380/380/380 418/418/418 373/373/373 
f 418/418/418 418/418/418 373/373/373 
f 373/373/373 418/418/418 371/371/371 
f 418/418/418 419/419/419 371/371/371 
f 371/371/371 419/419/419 369/369/369 
f 419/419/419 369/369/369 369/369/369 
f 369/369/369 369/369/369 415/415/415 
f 369/369/369 415/415/415 415/415/415 
f 415/415/415 415/415/415 417/417/417 
f 415/415/415 416/416/416 417/417/417 
f 417/417/417 416/416/416 420/420/420 
f 416/416/416 408/408/408 420/420/420 
f 420/420/420 408/408/408 420/420/420 
f 408/408/408 421/421/421 420/420/420 
f 420/420/420 421/421/421 422/422/422 
f 421/421/421 423/423/423 422/422/422 
f 422/422/422 423/423/423 424/424/424 
f 423/423/423 423/423/423 424/424/424 
f 424/424/424 423/423/423 425/425/425 
f 423/423/423 421/421/421 425/425/425 
f 425/425/425 421/421/421 426/426/426 
f 421/421/421 408/408/408 426/426/426 
f 426/426/426 408/408/408 427/427/427 
f 408/408/408 407/407/407 427/427/427 
f 427/427/427 407/407/407 428/428/428 
f 407/407/407 407/407/407 428/428/428 
f 428/428/428 407/407/407 429/429/429 
f 407/407/407 405/405/405 429/429/429 
f 429/429/429 405/405/405 430/430/430 
f 405/405/405 404/404/404 430/430/430 
f 430/430/430 404/404/404 431/431/431 
f 404/404/404 404/404/404 431/431/431 
f 431/431/431 404/404/404 432/432/432 
f 404/404/404 403/403/403 432/432/432 
f 432/432/432 403/403/403 433/433/433 
f 403/403/403 402/402/402 433/433/433 
f 433/433/433 402/402/402 434/434/434 
f 402/402/402 402/402/402 434/434/434 
f 434/434/434 402/402/402 435/435/435 
f 402/402/402 60/60/60 435/435/435 
f 435/435/435 60/60/60 435/435/435 
f 60/60/60 436/436/436 435/435/435 
f 435/435/435 436/436/436 435/435/435 
f 436/436/436 437/437/437 435/435/435 
f 435/435/435 437/437/437 438/438/438 
f 437/437/437 439/439/439 438/438/438 
f 438/438/438 439/439/439 434/434/434 
f 439/439/439 440/440/440 434/434/434 
f 434/434/434 440/440/440 433/433/433 
f 440/440/440 441/441/441 433/433/433 
f 433/433/433 441/441/441 432/432/432 
f 441/441/441 442/442/442 432/432/432 
f 432/432/432 442/442/442 431/431/431 
f 442/442/442 442/442/442 431/431/431 
f 431/431/431 442/442/442 430/430/430 
f 442/442/442 443/443/443 430/430/430 
f 430/430/430 443/443/443 429/429/429 
f 443/443/443 444/444/444 429/429/429 
f 429/429/429 444/444/444 428/428/428 
f 444/444/444 428/428/428 428/428/428 
f 428/428/428 428/428/428 417/417/417 
f 428/428/428 417/417/417 417/417/417 
f 417/417/417 417/417/417 418/418/418 
f 417/417/417 420/420/420 418/418/418 
f 418/418/418 420/420/420 418/418/418 
f 420/420/420 422/422/422 418/418/418 
f 418/418/418 422/422/422 419/419/419 
f 422/422/422 424/424/424 419/419/419 
f 419/419/419 424/424/424 424/424/424 
f 424/424/424 438/438/438 424/424/424 
f 424/424/424 438/438/438 438/438/438 
f 438/438/438 434/434/434 438/438/438 
f 438/438/438 434/434/434 435/435/435 
f 434/434/434 435/435/435 435/435/435 
f 435/435/435 435/435/435 442/442/442 
f 435/435/435 442/442/442 442/442/442 
f 442/442/442 442/442/442 443/443/443 
f 442/442/442 445/445/445 443/443/443 
f 443/443/443 445/445/445 443/443/443 
f 445/445/445 446/446/446 443/443/443 
f 443/443/443 446/446/446 444/444/444 
f 446/446/446 444/444/444 444/444/444 
f 444/444/444 444/444/444 442/442/442 
f 444/444/444 442/442/442 442/442/442 
f 442/442/442 442/442/442 445/445/445 
f 442/442/442 441/441/441 445/445/445 
f 445/445/445 441/441/441 447/447/447 
f 441/441/441 440/440/440 447/447/447 
f 447/447/447 440/440/440 448/448/448 
f 440/440/440 439/439/439 448/448/448 
f 448/448/448 439/439/439 449/449/449 
f 439/439/439 437/437/437 449/449/449 
f 449/449/449 437/437/437 450/450/450 
f 437/437/437 436/436/436 450/450/450 
f 450/450/450 436/436/436 436/436/436 
f 436/436/436 450/450/450 436/436/436 
f 436/436/436 450/450/450 450/450/450 
f 450/450/450 451/451/451 450/450/450 
f 450/450/450 451/451/451 449/449/449 
f 451/451/451 452/452/452 449/449/449 
f 449/449/449 452/452/452 448/448/448 
f 452/452/452 453/453/453 448/448/448 
f 448/448/448 453/453/453 448/448/448 
f 453/453/453 454/454/454 448/448/448 
f 448/448/448 454/454/454 447/447/447 
f 454/454/454 455/455/455 447/447/447 
f 447/447/447 455/455/455 445/445/445 
f 455/455/455 456/456/456 445/445/445 
f 445/445/445 456/456/456 445/445/445 
f 456/456/456 457/457/457 445/445/445 
f 445/445/445 457/457/457 446/446/446 
f 457/457/457 458/458/458 446/446/446 
f 446/446/446 458/458/458 446/446/446 
f 458/458/458 459/459/459 446/446/446 
f 446/446/446 459/459/459 444/444/444 
f 459/459/459 460/460/460 444/444/444 
f 444/444/444 460/460/460 428/428/428 
f 460/460/460 461/461/461 428/428/428 
f 428/428/428 461/461/461 427/427/427 
f 461/461/461 462/462/462 427/427/427 
f 427/427/427 462/462/462 426/426/426 
f 462/462/462 463/463/463 426/426/426 
f 426/426/426 463/463/463 425/425/425 
f 463/463/463 464/464/464 425/425/425 
f 425/425/425 464/464/464 424/424/424 
f 464/464/464 424/424/424 424/424/424 
f 424/424/424 424/424/424 461/461/461 
f 424/424/424 461/461/461 461/461/461 
f 461/461/461 461/461/461 462/462/462 
f 461/461/461 460/460/460 462/462/462 
f 462/462/462 460/460/460 465/465/465 
f 460/460/460 459/459/459 465/465/465 
f 465/465/465 459/459/459 466/466/466 
f 459/459/459 459/459/459 466/466/466 
f 466/466/466 459/459/459 467/467/467 
f 459/459/459 458/458/458 467/467/467 
f 467/467/467 458/458/458 468/468/468 
f 458/458/458 458/458/458 468/468/468 
f 468/468/468 458/458/458 469/469/469 
f 458/458/458 457/457/457 469/469/469 
f 469/469/469 457/457/457 470/470/470 
f 457/457/457 456/456/456 470/470/470 
f 470/470/470 456/456/456 456/456/456 
f 456/456/456 462/462/462 456/456/456 
f 456/456/456 462/462/462 462/462/462 
f 462/462/462 465/465/465 462/462/462 
f 462/462/462 465/465/465 463/463/463 
f 465/465/465 471/471/471 463/463/463 
f 463/463/463 471/471/471 464/464/464 
f 471/471/471 464/464/464 464/464/464 
f 464/464/464 464/464/464 471/471/471 
f 464/464/464 471/471/471 471/471/471 
f 471/471/471 471/471/471 466/466/466 
f 471/471/471 465/465/465 466/466/466 
f 466/466/466 465/465/465 465/465/465 
f 465/465/465 469/469/469 465/465/465 
f 465/465/465 469/469/469 469/469/469 
f 469/469/469 470/470/470 469/469/469 
f 469/469/469 470/470/470 468/468/468 
f 470/470/470 470/470/470 468/468/468 
f 468/468/468 470/470/470 472/472/472 
f 470/470/470 470/470/470 472/472/472 
f 472/472/472 470/470/470 473/473/473 
f 470/470/470 456/456/456 473/473/473 
f 473/473/473 456/456/456 474/474/474 
f 456/456/456 455/455/455 474/474/474 
f 474/474/474 455/455/455 475/475/475 
f 455/455/455 454/454/454 475/475/475 
f 475/475/475 454/454/454 476/476/476 
f 454/454/454 453/453/453 476/476/476 
f 476/476/476 453/453/453 477/477/477 
f 453/453/453 453/453/453 477/477/477 
f 477/477/477 453/453/453 478/478/478 
f 453/453/453 452/452/452 478/478/478 
f 478/478/478 452/452/452 479/479/479 
f 452/452/452 451/451/451 479/479/479 
f 479/479/479 451/451/451 480/480/480 
f 451/451/451 451/451/451 480/480/480 
f 480/480/480 451/451/451 481/481/481 
f 451/451/451 450/450/450 481/481/481 
f 481/481/481 450/450/450 482/482/482 
f 450/450/450 450/450/450 482/482/482 
f 482/482/482 450/450/450 483/483/483 
f 450/450/450 436/436/436 483/483/483 
f 483/483/483 436/436/436 484/484/484 
f 436/436/436 60/60/60 484/484/484 
f 484/484/484 60/60/60 485/485/485 
f 60/60/60 60/60/60 485/485/485 
f 485/485/485 60/60/60 486/486/486 
f 60/60/60 61/61/61 486/486/486 
f 486/486/486 61/61/61 487/487/487 
f 61/61/61 62/62/62 487/487/487 
f 487/487/487 62/62/62 488/488/488 
f 62/62/62 62/62/62 488/488/488 
f 488/488/488 62/62/62 489/489/489 
f 62/62/62 63/63/63 489/489/489 
f 489/489/489 63/63/63 490/490/490 
f 63/63/63 64/64/64 490/490/490 
f 490/490/490 64/64/64 491/491/491 
f 64/64/64 65/65/65 491/491/491 
f 491/491/491 65/65/65 492/492/492 
f 65/65/65 493/493/493 492/492/492 
f 492/492/492 493/493/493 494/494/494 
f 493/493/493 66/66/66 494/494/494 
f 494/494/494 66/66/66 494/494/494 
f 66/66/66 67/67/67 494/494/494 
f 494/494/494 67/67/67 495/495/495 
f 67/67/67 85/85/85 495/495/495 
f 495/495/495 85/85/85 495/495/495 
f 85/85/85 86/86/86 495/495/495 
f 495/495/495 86/86/86 496/496/496 
f 86/86/86 88/88/88 496/496/496 
f 496/496/496 88/88/88 497/497/497 
f 88/88/88 89/89/89 497/497/497 
f 497/497/497 89/89/89 497/497/497 
f 89/89/89 115/115/115 497/497/497 
f 497/497/497 115/115/115 497/497/497 
f 115/115/115 118/118/118 497/497/497 
f 497/497/497 118/118/118 498/498/498 
f 118/118/118 117/117/117 498/498/498 
f 498/498/498 117/117/117 117/117/117 
f 117/117/117 493/493/493 117/117/117 
f 117/117/117 493/493/493 493/493/493 
f 493/493/493 65/65/65 493/493/493 
f 493/493/493 65/65/65 66/66/66 
f 65/65/65 66/66/66 66/66/66 
f 66/66/66 66/66/66 497/497/497 
f 66/66/66 497/497/497 497/497/497 
f 497/497/497 497/497/497 496/496/496 
f 497/497/497 498/498/498 496/496/496 
f 496/496/496 498/498/498 496/496/496 
f 498/498/498 499/499/499 496/496/496 
f 496/496/496 499/499/499 495/495/495 
f 499/499/499 500/500/500 495/495/495 
f 495/495/495 500/500/500 494/494/494 
f 500/500/500 500/500/500 494/494/494 
f 494/494/494 500/500/500 492/492/492 
f 500/500/500 501/501/501 492/492/492 
f 492/492/492 501/501/501 491/491/491 
f 501/501/501 502/502/502 491/491/491 
f 491/491/491 502/502/502 490/490/490 
f 502/502/502 503/503/503 490/490/490 
f 490/490/490 503/503/503 489/489/489 
f 503/503/503 504/504/504 489/489/489 
f 489/489/489 504/504/504 488/488/488 
f 504/504/504 488/488/488 488/488/488 
f 488/488/488 488/488/488 478/478/478 
f 488/488/488 478/478/478 478/478/478 
f 478/478/478 478/478/478 505/505/505 
f 478/478/478 479/479/479 505/505/505 
f 505/505/505 479/479/479 480/480/480 
f 479/479/479 480/480/480 480/480/480 
f 480/480/480 480/480/480 502/502/502 
f 480/480/480 502/502/502 502/502/502 
f 502/502/502 502/502/502 503/503/503 
f 502/502/502 506/506/506 503/503/503 
f 503/503/503 506/506/506 503/503/503 
f 506/506/506 507/507/507 503/503/503 
f 503/503/503 507/507/507 503/503/503 
f 507/507/507 508/508/508 503/503/503 
f 503/503/503 508/508/508 504/504/504 
f 508/508/508 504/504/504 504/504/504 
f 504/504/504 504/504/504 506/506/506 
f 504/504/504 506/506/506 506/506/506 
f 506/506/506 506/506/506 509/509/509 
f 506/506/506 502/502/502 509/509/509 
f 509/509/509 502/502/502 509/509/509 
f 502/502/502 501/501/501 509/509/509 
f 509/509/509 501/501/501 510/510/510 
f 501/501/501 501/501/501 510/510/510 
f 510/510/510 501/501/501 511/511/511 
f 501/501/501 500/500/500 511/511/511 
f 511/511/511 500/500/500 511/511/511 
f 500/500/500 499/499/499 511/511/511 
f 511/511/511 499/499/499 512/512/512 
f 499/499/499 498/498/498 512/512/512 
f 512/512/512 498/498/498 512/512/512 
f 498/498/498 117/117/117 512/512/512 
f 512/512/512 117/117/117 512/512/512 
f 117/117/117 119/119/119 512/512/512 
f 512/512/512 119/119/119 513/513/513 
f 119/119/119 120/120/120 513/513/513 
f 513/513/513 120/120/120 514/514/514 
f 120/120/120 121/121/121 514/514/514 
f 514/514/514 121/121/121 515/515/515 
f 121/121/121 123/123/123 515/515/515 
f 515/515/515 123/123/123 516/516/516 
f 123/123/123 124/124/124 516/516/516 
f 516/516/516 124/124/124 517/517/517 
f 124/124/124 125/125/125 517/517/517 
f 517/517/517 125/125/125 518/518/518 
f 125/125/125 125/125/125 518/518/518 
f 518/518/518 125/125/125 519/519/519 
f 125/125/125 126/126/126 519/519/519 
f 519/519/519 126/126/126 520/520/520 
f 126/126/126 128/128/128 520/520/520 
f 520/520/520 128/128/128 521/521/521 
f 128/128/128 130/130/130 521/521/521 
f 521/521/521 130/130/130 522/522/522 
f 130/130/130 130/130/130 522/522/522 
f 522/522/522 130/130/130 523/523/523 
f 130/130/130 131/131/131 523/523/523 
f 523/523/523 131/131/131 524/524/524 
f 131/131/131 132/132/132 524/524/524 
f 524/524/524 132/132/132 525/525/525 
f 132/132/132 133/133/133 525/525/525 
f 525/525/525 133/133/133 526/526/526 
f 133/133/133 134/134/134 526/526/526 
f 526/526/526 134/134/134 527/527/527 
f 134/134/134 135/135/135 527/527/527 
f 527/527/527 135/135/135 135/135/135 
f 135/135/135 526/526/526 135/135/135 
f 135/135/135 526/526/526 526/526/526 
f 526/526/526 527/527/527 526/526/526 
f 526/526/526 527/527/527 525/525/525 
f 527/527/527 528/528/528 525/525/525 
f 525/525/525 528/528/528 524/524/524 
f 528/528/528 529/529/529 524/524/524 
f 524/524/524 529/529/529 523/523/523 
f 529/529/529 530/530/530 523/523/523 
f 523/523/523 530/530/530 522/522/522 
f 530/530/530 530/530/530 522/522/522 
f 522/522/522 530/530/530 531/531/531 
f 530/530/530 530/530/530 531/531/531 
f 531/531/531 530/530/530 532/532/532 
f 530/530/530 530/530/530 532/532/532 
f 532/532/532 530/530/530 533/533/533 
f 530/530/530 529/529/529 533/533/533 
f 533/533/533 529/529/529 534/534/534 
f 529/529/529 528/528/528 534/534/534 
f 534/534/534 528/528/528 535/535/535 
f 528/528/528 527/527/527 535/535/535 
f 535/535/535 527/527/527 535/535/535 
f 527/527/527 135/135/135 535/535/535 
f 535/535/535 135/135/135 535/535/535 
f 135/135/135 136/136/136 535/535/535 
f 535/535/535 136/136/136 536/536/536 
f 136/136/136 137/137/137 536/536/536 
f 536/536/536 137/137/137 537/537/537 
f 137/137/137 139/139/139 537/537/537 
f 537/537/537 139/139/139 538/538/538 
f 139/139/139 141/141/141 538/538/538 
f 538/538/538 141/141/141 141/141/141 
f 141/141/141 537/537/537 141/141/141 
f 141/141/141 537/537/537 537/537/537 
f 537/537/537 538/538/538 537/537/537 
f 537/537/537 538/538/538 536/536/536 
f 538/538/538 539/539/539 536/536/536 
f 536/536/536 539/539/539 535/535/535 
f 539/539/539 539/539/539 535/535/535 
f 535/535/535 539/539/539 534/534/534 
f 539/539/539 540/540/540 534/534/534 
f 534/534/534 540/540/540 533/533/533 
f 540/540/540 533/533/533 533/533/533 
f 533/533/533 533/533/533 540/540/540 
f 533/533/533 540/540/540 540/540/540 
f 540/540/540 540/540/540 541/541/541 
f 540/540/540 539/539/539 541/541/541 
f 541/541/541 539/539/539 541/541/541 
f 539/539/539 538/538/538 541/541/541 
f 541/541/541 538/538/538 541/541/541 
f 538/538/538 141/141/141 541/541/541 
f 541/541/541 141/141/141 541/541/541 
f 141/141/141 143/143/143 541/541/541 
f 541/541/541 143/143/143 542/542/542 
f 143/143/143 145/145/145 542/542/542 
f 542/542/542 145/145/145 543/543/543 
f 145/145/145 147/147/147 543/543/543 
f 543/543/543 147/147/147 543/543/543 
f 147/147/147 154/154/154 543/543/543 
f 543/543/543 154/154/154 544/544/544 
f 154/154/154 155/155/155 544/544/544 
f 544/544/544 155/155/155 545/545/545 
f 155/155/155 156/156/156 545/545/545 
f 545/545/545 156/156/156 545/545/545 
f 156/156/156 182/182/182 545/545/545 
f 545/545/545 182/182/182 545/545/545 
f 182/182/182 185/185/185 545/545/545 
f 545/545/545 185/185/185 546/546/546 
f 185/185/185 184/184/184 546/546/546 
f 546/546/546 184/184/184 184/184/184 
f 184/184/184 545/545/545 184/184/184 
f 184/184/184 545/545/545 545/545/545 
f 545/545/545 546/546/546 545/545/545 
f 545/545/545 546/546/546 544/544/544 
f 546/546/546 547/547/547 544/544/544 
f 544/544/544 547/547/547 543/543/543 
f 547/547/547 548/548/548 543/543/543 
f 543/543/543 548/548/548 542/542/542 
f 548/548/548 549/549/549 542/542/542 
f 542/542/542 549/549/549 541/541/541 
f 549/549/549 550/550/550 541/541/541 
f 541/541/541 550/550/550 540/540/540 
f 550/550/550 551/551/551 540/540/540 
f 540/540/540 551/551/551 533/533/533 
f 551/551/551 552/552/552 533/533/533 
f 533/533/533 552/552/552 532/532/532 
f 552/552/552 532/532/532 532/532/532 
f 532/532/532 532/532/532 552/552/552 
f 532/532/532 552/552/552 552/552/552 
f 552/552/552 552/552/552 553/553/553 
f 552/552/552 551/551/551 553/553/553 
f 553/553/553 551/551/551 554/554/554 
f 551/551/551 550/550/550 554/554/554 
f 554/554/554 550/550/550 555/555/555 
f 550/550/550 549/549/549 555/555/555 
f 555/555/555 549/549/549 556/556/556 
f 549/549/549 548/548/548 556/556/556 
f 556/556/556 548/548/548 557/557/557 
f 548/548/548 547/547/547 557/557/557 
f 557/557/557 547/547/547 547/547/547 
f 547/547/547 556/556/556 547/547/547 
f 547/547/547 556/556/556 556/556/556 
f 556/556/556 557/557/557 556/556/556 
f 556/556/556 557/557/557 555/555/555 
f 557/557/557 558/558/558 555/555/555 
f 555/555/555 558/558/558 554/554/554 
f 558/558/558 559/559/559 554/554/554 
f 554/554/554 559/559/559 553/553/553 
f 559/559/559 553/553/553 553/553/553 
f 553/553/553 553/553/553 557/557/557 
f 553/553/553 557/557/557 557/557/557 
f 557/557/557 557/557/557 558/558/558 
f 557/557/557 560/560/560 558/558/558 
f 558/558/558 560/560/560 558/558/558 
f 560/560/560 561/561/561 558/558/558 
f 558/558/558 561/561/561 559/559/559 
f 561/561/561 559/559/559 559/559/559 
f 559/559/559 559/559/559 557/557/557 
f 559/559/559 557/557/557 557/557/557 
f 557/557/557 557/557/557 560/560/560 
f 557/557/557 547/547/547 560/560/560 
f 560/560/560 547/547/547 560/560/560 
f 547/547/547 546/546/546 560/560/560 
f 560/560/560 546/546/546 560/560/560 
f 546/546/546 184/184/184 560/560/560 
f 560/560/560 184/184/184 560/560/560 
f 184/184/184 186/186/186 560/560/560 
f 560/560/560 186/186/186 562/562/562 
f 186/186/186 187/187/187 562/562/562 
f 562/562/562 187/187/187 563/563/563 
f 187/187/187 188/188/188 563/563/563 
f 563/563/563 188/188/188 563/563/563 
f 188/188/188 564/564/564 563/563/563 
f 563/563/563 564/564/564 562/562/562 
f 564/564/564 565/565/565 562/562/562 
f 562/562/562 565/565/565 560/560/560 
f 565/565/565 565/565/565 560/560/560 
f 560/560/560 565/565/565 561/561/561 
f 565/565/565 565/565/565 561/561/561 
f 561/561/561 565/565/565 566/566/566 
f 565/565/565 565/565/565 566/566/566 
f 566/566/566 565/565/565 567/567/567 
f 565/565/565 564/564/564 567/567/567 
f 567/567/567 564/564/564 568/568/568 
f 564/564/564 188/188/188 568/568/568 
f 568/568/568 188/188/188 568/568/568 
f 188/188/188 189/189/189 568/568/568 
f 568/568/568 189/189/189 569/569/569 
f 189/189/189 294/294/294 569/569/569 
f 569/569/569 294/294/294 570/570/570 
f 294/294/294 296/296/296 570/570/570 
f 570/570/570 296/296/296 571/571/571 
f 296/296/296 296/296/296 571/571/571 
f 571/571/571 296/296/296 572/572/572 
f 296/296/296 298/298/298 572/572/572 
f 572/572/572 298/298/298 573/573/573 
f 298/298/298 298/298/298 573/573/573 
f 573/573/573 298/298/298 574/574/574 
f 298/298/298 299/299/299 574/574/574 
f 574/574/574 299/299/299 575/575/575 
f 299/299/299 300/300/300 575/575/575 
f 575/575/575 300/300/300 576/576/576 
f 300/300/300 301/301/301 576/576/576 
f 576/576/576 301/301/301 577/577/577 
f 301/301/301 302/302/302 577/577/577 
f 577/577/577 302/302/302 302/302/302 
f 302/302/302 576/576/576 302/302/302 
f 302/302/302 576/576/576 576/576/576 
f 576/576/576 577/577/577 576/576/576 
f 576/576/576 577/577/577 575/575/575 
f 577/577/577 578/578/578 575/575/575 
f 575/575/575 578/578/578 574/574/574 
f 578/578/578 579/579/579 574/574/574 
f 574/574/574 579/579/579 573/573/573 
f 579/579/579 580/580/580 573/573/573 
f 573/573/573 580/580/580 581/581/581 
f 580/580/580 582/582/582 581/581/581 
f 581/581/581 582/582/582 572/572/572 
f 582/582/582 582/582/582 572/572/572 
f 572/572/572 582/582/582 571/571/571 
f 582/582/582 583/583/583 571/571/571 
f 571/571/571 583/583/583 571/571/571 
f 583/583/583 584/584/584 571/571/571 
f 571/571/571 584/584/584 570/570/570 
f 584/584/584 585/585/585 570/570/570 
f 570/570/570 585/585/585 569/569/569 
f 585/585/585 586/586/586 569/569/569 
f 569/569/569 586/586/586 568/568/568 
f 586/586/586 586/586/586 568/568/568 
f 568/568/568 586/586/586 567/567/567 
f 586/586/586 586/586/586 567/567/567 
f 567/567/567 586/586/586 587/587/587 
f 586/586/586 586/586/586 587/587/587 
f 587/587/587 586/586/586 588/588/588 
f 586/586/586 585/585/585 588/588/588 
f 588/588/588 585/585/585 588/588/588 
f 585/585/585 589/589/589 588/588/588 
f 588/588/588 589/589/589 588/588/588 
f 589/589/589 590/590/590 588/588/588 
f 588/588/588 590/590/590 588/588/588 
f 590/590/590 591/591/591 588/588/588 
f 588/588/588 591/591/591 587/587/587 
f 591/591/591 592/592/592 587/587/587 
f 587/587/587 592/592/592 587/587/587 
f 592/592/592 593/593/593 587/587/587 
f 587/587/587 593/593/593 567/567/567 
f 593/593/593 593/593/593 567/567/567 
f 567/567/567 593/593/593 566/566/566 
f 593/593/593 593/593/593 566/566/566 
f 566/566/566 593/593/593 594/594/594 
f 593/593/593 595/595/595 594/594/594 
f 594/594/594 595/595/595 596/596/596 
f 595/595/595 592/592/592 596/596/596 
f 596/596/596 592/592/592 597/597/597 
f 592/592/592 591/591/591 597/597/597 
f 597/597/597 591/591/591 598/598/598 
f 591/591/591 590/590/590 598/598/598 
f 598/598/598 590/590/590 599/599/599 
f 590/590/590 590/590/590 599/599/599 
f 599/599/599 590/590/590 600/600/600 
f 590/590/590 589/589/589 600/600/600 
f 600/600/600 589/589/589 601/601/601 
f 589/589/589 589/589/589 601/601/601 
f 601/601/601 589/589/589 602/602/602 
f 589/589/589 585/585/585 602/602/602 
f 602/602/602 585/585/585 603/603/603 
f 585/585/585 585/585/585 603/603/603 
f 603/603/603 585/585/585 604/604/604 
f 585/585/585 584/584/584 604/604/604 
f 604/604/604 584/584/584 605/605/605 
f 584/584/584 583/583/583 605/605/605 
f 605/605/605 583/583/583 606/606/606 
f 583/583/583 607/607/607 606/606/606 
f 606/606/606 607/607/607 608/608/608 
f 607/607/607 607/607/607 608/608/608 
f 608/608/608 607/607/607 609/609/609 
f 607/607/607 580/580/580 609/609/609 
f 609/609/609 580/580/580 609/609/609 
f 580/580/580 579/579/579 609/609/609 
f 609/609/609 579/579/579 610/610/610 
f 579/579/579 578/578/578 610/610/610 
f 610/610/610 578/578/578 611/611/611 
f 578/578/578 577/577/577 611/611/611 
f 611/611/611 577/577/577 611/611/611 
f 577/577/577 302/302/302 611/611/611 
f 611/611/611 302/302/302 611/611/611 
f 302/302/302 303/303/303 611/611/611 
f 611/611/611 303/303/303 612/612/612 
f 303/303/303 304/304/304 612/612/612 
f 612/612/612 304/304/304 612/612/612 
f 304/304/304 305/305/305 612/612/612 
f 612/612/612 305/305/305 613/613/613 
f 305/305/305 309/309/309 613/613/613 
f 613/613/613 309/309/309 309/309/309 
f 309/309/309 573/573/573 309/309/309 
f 309/309/309 573/573/573 573/573/573 
f 573/573/573 581/581/581 573/573/573 
f 573/573/573 581/581/581 572/572/572 
f 581/581/581 572/572/572 572/572/572 
f 572/572/572 572/572/572 580/580/580 
f 572/572/572 580/580/580 580/580/580 
f 580/580/580 580/580/580 582/582/582 
f 580/580/580 607/607/607 582/582/582 
f 582/582/582 607/607/607 583/583/583 
f 607/607/607 583/583/583 583/583/583 
f 583/583/583 583/583/583 592/592/592 
f 583/583/583 592/592/592 592/592/592 
f 592/592/592 592/592/592 593/593/593 
f 592/592/592 595/595/595 593/593/593 
f 593/593/593 595/595/595 595/595/595 
f 595/595/595 613/613/613 595/595/595 
f 595/595/595 613/613/613 613/613/613 
f 613/613/613 614/614/614 613/613/613 
f 613/613/613 614/614/614 612/612/612 
f 614/614/614 614/614/614 612/612/612 
f 612/612/612 614/614/614 611/611/611 
f 614/614/614 614/614/614 611/611/611 
f 611/611/611 614/614/614 610/610/610 
f 614/614/614 615/615/615 610/610/610 
f 610/610/610 615/615/615 609/609/609 
f 615/615/615 609/609/609 609/609/609 
f 609/609/609 609/609/609 615/615/615 
f 609/609/609 615/615/615 615/615/615 
f 615/615/615 615/615/615 616/616/616 
f 615/615/615 614/614/614 616/616/616 
f 616/616/616 614/614/614 616/616/616 
f 614/614/614 613/613/613 616/616/616 
f 616/616/616 613/613/613 617/617/617 
f 613/613/613 309/309/309 617/617/617 
f 617/617/617 309/309/309 618/618/618 
f 309/309/309 308/308/308 618/618/618 
f 618/618/618 308/308/308 308/308/308 
f 308/308/308 616/616/616 308/308/308 
f 308/308/308 616/616/616 616/616/616 
f 616/616/616 617/617/617 616/616/616 
f 616/616/616 617/617/617 615/615/615 
f 617/617/617 619/619/619 615/615/615 
f 615/615/615 619/619/619 609/609/609 
f 619/619/619 620/620/620 609/609/609 
f 609/609/609 620/620/620 609/609/609 
f 620/620/620 621/621/621 609/609/609 
f 609/609/609 621/621/621 608/608/608 
f 621/621/621 622/622/622 608/608/608 
f 608/608/608 622/622/622 623/623/623 
f 622/622/622 624/624/624 623/623/623 
f 623/623/623 624/624/624 606/606/606 
f 624/624/624 624/624/624 606/606/606 
f 606/606/606 624/624/624 605/605/605 
f 624/624/624 625/625/625 605/605/605 
f 605/605/605 625/625/625 604/604/604 
f 625/625/625 604/604/604 604/604/604 
f 604/604/604 604/604/604 617/617/617 
f 604/604/604 617/617/617 617/617/617 
f 617/617/617 617/617/617 619/619/619 
f 617/617/617 618/618/618 619/619/619 
f 619/619/619 618/618/618 618/618/618 
f 618/618/618 623/623/623 618/618/618 
f 618/618/618 623/623/623 623/623/623 
f 623/623/623 606/606/606 623/623/623 
f 623/623/623 606/606/606 608/608/608 
f 606/606/606 608/608/608 608/608/608 
f 608/608/608 608/608/608 625/625/625 
f 608/608/608 625/625/625 625/625/625 
f 625/625/625 625/625/625 626/626/626 
f 625/625/625 624/624/624 626/626/626 
f 626/626/626 624/624/624 626/626/626 
f 624/624/624 622/622/622 626/626/626 
f 626/626/626 622/622/622 627/627/627 
f 622/622/622 621/621/621 627/627/627 
f 627/627/627 621/621/621 628/628/628 
f 621/621/621 620/620/620 628/628/628 
f 628/628/628 620/620/620 629/629/629 
f 620/620/620 630/630/630 629/629/629 
f 629/629/629 630/630/630 631/631/631 
f 630/630/630 632/632/632 631/631/631 
f 631/631/631 632/632/632 633/633/633 
f 632/632/632 632/632/632 633/633/633 
f 633/633/633 632/632/632 634/634/634 
f 632/632/632 308/308/308 634/634/634 
f 634/634/634 308/308/308 634/634/634 
f 308/308/308 307/307/307 634/634/634 
f 634/634/634 307/307/307 635/635/635 
f 307/307/307 314/314/314 635/635/635 
f 635/635/635 314/314/314 314/314/314 
f 314/314/314 620/620/620 314/314/314 
f 314/314/314 620/620/620 620/620/620 
f 620/620/620 619/619/619 620/620/620 
f 620/620/620 619/619/619 630/630/630 
f 619/619/619 618/618/618 630/630/630 
f 630/630/630 618/618/618 632/632/632 
f 618/618/618 308/308/308 632/632/632 
f 632/632/632 308/308/308 308/308/308 
f 308/308/308 635/635/635 308/308/308 
f 308/308/308 635/635/635 635/635/635 
f 635/635/635 636/636/636 635/635/635 
f 635/635/635 636/636/636 634/634/634 
f 636/636/636 636/636/636 634/634/634 
f 634/634/634 636/636/636 633/633/633 
f 636/636/636 636/636/636 633/633/633 
f 633/633/633 636/636/636 631/631/631 
f 636/636/636 637/637/637 631/631/631 
f 631/631/631 637/637/637 629/629/629 
f 637/637/637 629/629/629 629/629/629 
f 629/629/629 629/629/629 637/637/637 
f 629/629/629 637/637/637 637/637/637 
f 637/637/637 637/637/637 638/638/638 
f 637/637/637 636/636/636 638/638/638 
f 638/638/638 636/636/636 638/638/638 
f 636/636/636 635/635/635 638/638/638 
f 638/638/638 635/635/635 639/639/639 
f 635/635/635 314/314/314 639/639/639 
f 639/639/639 314/314/314 639/639/639 
f 314/314/314 329/329/329 639/639/639 
f 639/639/639 329/329/329 640/640/640 
f 329/329/329 329/329/329 640/640/640 
f 640/640/640 329/329/329 641/641/641 
f 329/329/329 330/330/330 641/641/641 
f 641/641/641 330/330/330 642/642/642 
f 330/330/330 330/330/330 642/642/642 
f 642/642/642 330/330/330 643/643/643 
f 330/330/330 331/331/331 643/643/643 
f 643/643/643 331/331/331 644/644/644 
f 331/331/331 332/332/332 644/644/644 
f 644/644/644 332/332/332 645/645/645 
f 332/332/332 334/334/334 645/645/645 
f 645/645/645 334/334/334 645/645/645 
f 334/334/334 351/351/351 645/645/645 
f 645/645/645 351/351/351 646/646/646 
f 351/351/351 352/352/352 646/646/646 
f 646/646/646 352/352/352 647/647/647 
f 352/352/352 353/353/353 647/647/647 
f 647/647/647 353/353/353 648/648/648 
f 353/353/353 354/354/354 648/648/648 
f 648/648/648 354/354/354 649/649/649 
f 354/354/354 355/355/355 649/649/649 
f 649/649/649 355/355/355 650/650/650 
f 355/355/355 357/357/357 650/650/650 
f 650/650/650 357/357/357 651/651/651 
f 357/357/357 358/358/358 651/651/651 
f 651/651/651 358/358/358 652/652/652 
f 358/358/358 359/359/359 652/652/652 
f 652/652/652 359/359/359 653/653/653 
f 359/359/359 360/360/360 653/653/653 
f 653/653/653 360/360/360 654/654/654 
f 360/360/360 361/361/361 654/654/654 
f 654/654/654 361/361/361 361/361/361 
f 361/361/361 653/653/653 361/361/361 
f 361/361/361 653/653/653 653/653/653 
f 653/653/653 654/654/654 653/653/653 
f 653/653/653 654/654/654 652/652/652 
f 654/654/654 655/655/655 652/652/652 
f 652/652/652 655/655/655 651/651/651 
f 655/655/655 656/656/656 651/651/651 
f 651/651/651 656/656/656 650/650/650 
f 656/656/656 657/657/657 650/650/650 
f 650/650/650 657/657/657 649/649/649 
f 657/657/657 467/467/467 649/649/649 
f 649/649/649 467/467/467 649/649/649 
f 467/467/467 468/468/468 649/649/649 
f 649/649/649 468/468/468 649/649/649 
f 468/468/468 472/472/472 649/649/649 
f 649/649/649 472/472/472 648/648/648 
f 472/472/472 658/658/658 648/648/648 
f 648/648/648 658/658/658 647/647/647 
f 658/658/658 659/659/659 647/647/647 
f 647/647/647 659/659/659 647/647/647 
f 659/659/659 660/660/660 647/647/647 
f 647/647/647 660/660/660 646/646/646 
f 660/660/660 661/661/661 646/646/646 
f 646/646/646 661/661/661 645/645/645 
f 661/661/661 662/662/662 645/645/645 
f 645/645/645 662/662/662 644/644/644 
f 662/662/662 663/663/663 644/644/644 
f 644/644/644 663/663/663 643/643/643 
f 663/663/663 663/663/663 643/643/643 
f 643/643/643 663/663/663 642/642/642 
f 663/663/663 663/663/663 642/642/642 
f 642/642/642 663/663/663 664/664/664 
f 663/663/663 663/663/663 664/664/664 
f 664/664/664 663/663/663 665/665/665 
f 663/663/663 662/662/662 665/665/665 
f 665/665/665 662/662/662 666/666/666 
f 662/662/662 661/661/661 666/666/666 
f 666/666/666 661/661/661 667/667/667 
f 661/661/661 660/660/660 667/667/667 
f 667/667/667 660/660/660 668/668/668 
f 660/660/660 659/659/659 668/668/668 
f 668/668/668 659/659/659 659/659/659 
f 659/659/659 472/472/472 659/659/659 
f 659/659/659 472/472/472 472/472/472 
f 472/472/472 473/473/473 472/472/472 
f 472/472/472 473/473/473 658/658/658 
f 473/473/473 669/669/669 658/658/658 
f 658/658/658 669/669/669 659/659/659 
f 669/669/669 670/670/670 659/659/659 
f 659/659/659 670/670/670 668/668/668 
f 670/670/670 671/671/671 668/668/668 
f 668/668/668 671/671/671 666/666/666 
f 671/671/671 665/665/665 666/666/666 
f 666/666/666 665/665/665 665/665/665 
f 665/665/665 666/666/666 665/665/665 
f 665/665/665 666/666/666 666/666/666 
f 666/666/666 667/667/667 666/666/666 
f 666/666/666 667/667/667 668/668/668 
f 667/667/667 668/668/668 668/668/668 
f 668/668/668 668/668/668 473/473/473 
f 668/668/668 473/473/473 473/473/473 
f 473/473/473 473/473/473 669/669/669 
f 473/473/473 672/672/672 669/669/669 
f 669/669/669 672/672/672 673/673/673 
f 672/672/672 674/674/674 673/673/673 
f 673/673/673 674/674/674 675/675/675 
f 674/674/674 676/676/676 675/675/675 
f 675/675/675 676/676/676 677/677/677 
f 676/676/676 475/475/475 677/677/677 
f 677/677/677 475/475/475 678/678/678 
f 475/475/475 476/476/476 678/678/678 
f 678/678/678 476/476/476 679/679/679 
f 476/476/476 477/477/477 679/679/679 
f 679/679/679 477/477/477 679/679/679 
f 477/477/477 478/478/478 679/679/679 
f 679/679/679 478/478/478 679/679/679 
f 478/478/478 505/505/505 679/679/679 
f 679/679/679 505/505/505 679/679/679 
f 505/505/505 680/680/680 679/679/679 
f 679/679/679 680/680/680 678/678/678 
f 680/680/680 681/681/681 678/678/678 
f 678/678/678 681/681/681 677/677/677 
f 681/681/681 682/682/682 677/677/677 
f 677/677/677 682/682/682 675/675/675 
f 682/682/682 683/683/683 675/675/675 
f 675/675/675 683/683/683 673/673/673 
f 683/683/683 670/670/670 673/673/673 
f 673/673/673 670/670/670 669/669/669 
f 670/670/670 669/669/669 669/669/669 
f 669/669/669 669/669/669 473/473/473 
f 669/669/669 473/473/473 473/473/473 
f 473/473/473 473/473/473 672/672/672 
f 473/473/473 474/474/474 672/672/672 
f 672/672/672 474/474/474 676/676/676 
f 474/474/474 475/475/475 676/676/676 
f 676/676/676 475/475/475 475/475/475 
f 475/475/475 676/676/676 475/475/475 
f 475/475/475 676/676/676 676/676/676 
f 676/676/676 674/674/674 676/676/676 
f 676/676/676 674/674/674 672/672/672 
f 674/674/674 672/672/672 672/672/672 
f 672/672/672 672/672/672 670/670/670 
f 672/672/672 670/670/670 670/670/670 
f 670/670/670 670/670/670 671/671/671 
f 670/670/670 683/683/683 671/671/671 
f 671/671/671 683/683/683 684/684/684 
f 683/683/683 682/682/682 684/684/684 
f 684/684/684 682/682/682 684/684/684 
f 682/682/682 685/685/685 684/684/684 
f 684/684/684 685/685/685 686/686/686 
f 685/685/685 687/687/687 686/686/686 
f 686/686/686 687/687/687 688/688/688 
f 687/687/687 687/687/687 688/688/688 
f 688/688/688 687/687/687 689/689/689 
f 687/687/687 685/685/685 689/689/689 
f 689/689/689 685/685/685 690/690/690 
f 685/685/685 682/682/682 690/690/690 
f 690/690/690 682/682/682 691/691/691 
f 682/682/682 682/682/682 691/691/691 
f 691/691/691 682/682/682 692/692/692 
f 682/682/682 681/681/681 692/692/692 
f 692/692/692 681/681/681 693/693/693 
f 681/681/681 680/680/680 693/693/693 
f 693/693/693 680/680/680 694/694/694 
f 680/680/680 680/680/680 694/694/694 
f 694/694/694 680/680/680 695/695/695 
f 680/680/680 505/505/505 695/695/695 
f 695/695/695 505/505/505 695/695/695 
f 505/505/505 480/480/480 695/695/695 
f 695/695/695 480/480/480 696/696/696 
f 480/480/480 481/481/481 696/696/696 
f 696/696/696 481/481/481 481/481/481 
f 481/481/481 671/671/671 481/481/481 
f 481/481/481 671/671/671 671/671/671 
f 671/671/671 684/684/684 671/671/671 
f 671/671/671 684/684/684 665/665/665 
f 684/684/684 686/686/686 665/665/665 
f 665/665/665 686/686/686 664/664/664 
f 686/686/686 688/688/688 664/664/664 
f 664/664/664 688/688/688 688/688/688 
f 688/688/688 696/696/696 688/688/688 
f 688/688/688 696/696/696 696/696/696 
f 696/696/696 697/697/697 696/696/696 
f 696/696/696 697/697/697 695/695/695 
f 697/697/697 697/697/697 695/695/695 
f 695/695/695 697/697/697 694/694/694 
f 697/697/697 698/698/698 694/694/694 
f 694/694/694 698/698/698 699/699/699 
f 698/698/698 698/698/698 699/699/699 
f 699/699/699 698/698/698 700/700/700 
f 698/698/698 697/697/697 700/700/700 
f 700/700/700 697/697/697 701/701/701 
f 697/697/697 696/696/696 701/701/701 
f 701/701/701 696/696/696 702/702/702 
f 696/696/696 481/481/481 702/702/702 
f 702/702/702 481/481/481 702/702/702 
f 481/481/481 482/482/482 702/702/702 
f 702/702/702 482/482/482 703/703/703 
f 482/482/482 482/482/482 703/703/703 
f 703/703/703 482/482/482 704/704/704 
f 482/482/482 483/483/483 704/704/704 
f 704/704/704 483/483/483 705/705/705 
f 483/483/483 484/484/484 705/705/705 
f 705/705/705 484/484/484 706/706/706 
f 484/484/484 485/485/485 706/706/706 
f 706/706/706 485/485/485 707/707/707 
f 485/485/485 485/485/485 707/707/707 
f 707/707/707 485/485/485 708/708/708 
f 485/485/485 486/486/486 708/708/708 
f 708/708/708 486/486/486 709/709/709 
f 486/486/486 487/487/487 709/709/709 
f 709/709/709 487/487/487 710/710/710 
f 487/487/487 488/488/488 710/710/710 
f 710/710/710 488/488/488 711/711/711 
f 488/488/488 504/504/504 711/711/711 
f 711/711/711 504/504/504 712/712/712 
f 504/504/504 508/508/508 712/712/712 
f 712/712/712 508/508/508 713/713/713 
f 508/508/508 508/508/508 713/713/713 
f 713/713/713 508/508/508 714/714/714 
f 508/508/508 507/507/507 714/714/714 
f 714/714/714 507/507/507 715/715/715 
f 507/507/507 716/716/716 715/715/715 
f 715/715/715 716/716/716 715/715/715 
f 716/716/716 717/717/717 715/715/715 
f 715/715/715 717/717/717 714/714/714 
f 717/717/717 718/718/718 714/714/714 
f 714/714/714 718/718/718 713/713/713 
f 718/718/718 718/718/718 713/713/713 
f 713/713/713 718/718/718 719/719/719 
f 718/718/718 718/718/718 719/719/719 
f 719/719/719 718/718/718 720/720/720 
f 718/718/718 718/718/718 720/720/720 
f 720/720/720 718/718/718 721/721/721 
f 718/718/718 717/717/717 721/721/721 
f 721/721/721 717/717/717 722/722/722 
f 717/717/717 716/716/716 722/722/722 
f 722/722/722 716/716/716 723/723/723 
f 716/716/716 506/506/506 723/723/723 
f 723/723/723 506/506/506 723/723/723 
f 506/506/506 509/509/509 723/723/723 
f 723/723/723 509/509/509 724/724/724 
f 509/509/509 510/510/510 724/724/724 
f 724/724/724 510/510/510 725/725/725 
f 510/510/510 510/510/510 725/725/725 
f 725/725/725 510/510/510 726/726/726 
f 510/510/510 511/511/511 726/726/726 
f 726/726/726 511/511/511 726/726/726 
f 511/511/511 512/512/512 726/726/726 
f 726/726/726 512/512/512 726/726/726 
f 512/512/512 513/513/513 726/726/726 
f 726/726/726 513/513/513 726/726/726 
f 513/513/513 727/727/727 726/726/726 
f 726/726/726 727/727/727 725/725/725 
f 727/727/727 727/727/727 725/725/725 
f 725/725/725 727/727/727 724/724/724 
f 727/727/727 728/728/728 724/724/724 
f 724/724/724 728/728/728 723/723/723 
f 728/728/728 729/729/729 723/723/723 
f 723/723/723 729/729/729 722/722/722 
f 729/729/729 730/730/730 722/722/722 
f 722/722/722 730/730/730 721/721/721 
f 730/730/730 721/721/721 721/721/721 
f 721/721/721 721/721/721 699/699/699 
f 721/721/721 699/699/699 699/699/699 
f 699/699/699 699/699/699 694/694/694 
f 699/699/699 693/693/693 694/694/694 
f 694/694/694 693/693/693 693/693/693 
f 693/693/693 709/709/709 693/693/693 
f 693/693/693 709/709/709 709/709/709 
f 709/709/709 710/710/710 709/709/709 
f 709/709/709 710/710/710 708/708/708 
f 710/710/710 731/731/731 708/708/708 
f 708/708/708 731/731/731 707/707/707 
f 731/731/731 707/707/707 707/707/707 
f 707/707/707 707/707/707 731/731/731 
f 707/707/707 731/731/731 731/731/731 
f 731/731/731 731/731/731 711/711/711 
f 731/731/731 710/710/710 711/711/711 
f 711/711/711 710/710/710 710/710/710 
f 710/710/710 716/716/716 710/710/710 
f 710/710/710 716/716/716 716/716/716 
f 716/716/716 507/507/507 716/716/716 
f 716/716/716 507/507/507 506/506/506 
f 507/507/507 506/506/506 506/506/506 
f 506/506/506 506/506/506 513/513/513 
f 506/506/506 513/513/513 513/513/513 
f 513/513/513 513/513/513 727/727/727 
f 513/513/513 514/514/514 727/727/727 
f 727/727/727 514/514/514 728/728/728 
f 514/514/514 732/732/732 728/728/728 
f 728/728/728 732/732/732 729/729/729 
f 732/732/732 733/733/733 729/729/729 
f 729/729/729 733/733/733 730/730/730 
f 733/733/733 734/734/734 730/730/730 
f 730/730/730 734/734/734 730/730/730 
f 734/734/734 735/735/735 730/730/730 
f 730/730/730 735/735/735 721/721/721 
f 735/735/735 736/736/736 721/721/721 
f 721/721/721 736/736/736 720/720/720 
f 736/736/736 737/737/737 720/720/720 
f 720/720/720 737/737/737 720/720/720 
f 737/737/737 738/738/738 720/720/720 
f 720/720/720 738/738/738 719/719/719 
f 738/738/738 739/739/739 719/719/719 
f 719/719/719 739/739/739 719/719/719 
f 739/739/739 740/740/740 719/719/719 
f 719/719/719 740/740/740 713/713/713 
f 740/740/740 741/741/741 713/713/713 
f 713/713/713 741/741/741 712/712/712 
f 741/741/741 742/742/742 712/712/712 
f 712/712/712 742/742/742 711/711/711 
f 742/742/742 743/743/743 711/711/711 
f 711/711/711 743/743/743 731/731/731 
f 743/743/743 744/744/744 731/731/731 
f 731/731/731 744/744/744 707/707/707 
f 744/744/744 745/745/745 707/707/707 
f 707/707/707 745/745/745 707/707/707 
f 745/745/745 746/746/746 707/707/707 
f 707/707/707 746/746/746 706/706/706 
f 746/746/746 747/747/747 706/706/706 
f 706/706/706 747/747/747 705/705/705 
f 747/747/747 748/748/748 705/705/705 
f 705/705/705 748/748/748 704/704/704 
f 748/748/748 749/749/749 704/704/704 
f 704/704/704 749/749/749 703/703/703 
f 749/749/749 749/749/749 703/703/703 
f 703/703/703 749/749/749 702/702/702 
f 749/749/749 749/749/749 702/702/702 
f 702/702/702 749/749/749 701/701/701 
f 749/749/749 750/750/750 701/701/701 
f 701/701/701 750/750/750 700/700/700 
f 750/750/750 751/751/751 700/700/700 
f 700/700/700 751/751/751 699/699/699 
f 751/751/751 752/752/752 699/699/699 
f 699/699/699 752/752/752 693/693/693 
f 752/752/752 752/752/752 693/693/693 
f 693/693/693 752/752/752 692/692/692 
f 752/752/752 753/753/753 692/692/692 
f 692/692/692 753/753/753 691/691/691 
f 753/753/753 754/754/754 691/691/691 
f 691/691/691 754/754/754 691/691/691 
f 754/754/754 755/755/755 691/691/691 
f 691/691/691 755/755/755 690/690/690 
f 755/755/755 756/756/756 690/690/690 
f 690/690/690 756/756/756 689/689/689 
f 756/756/756 757/757/757 689/689/689 
f 689/689/689 757/757/757 688/688/688 
f 757/757/757 758/758/758 688/688/688 
f 688/688/688 758/758/758 664/664/664 
f 758/758/758 758/758/758 664/664/664 
f 664/664/664 758/758/758 642/642/642 
f 758/758/758 758/758/758 642/642/642 
f 642/642/642 758/758/758 641/641/641 
f 758/758/758 759/759/759 641/641/641 
f 641/641/641 759/759/759 640/640/640 
f 759/759/759 640/640/640 640/640/640 
f 640/640/640 640/640/640 514/514/514 
f 640/640/640 514/514/514 514/514/514 
f 514/514/514 514/514/514 732/732/732 
f 514/514/514 515/515/515 732/732/732 
f 732/732/732 515/515/515 760/760/760 
f 515/515/515 516/516/516 760/760/760 
f 760/760/760 516/516/516 516/516/516 
f 516/516/516 732/732/732 516/516/516 
f 516/516/516 732/732/732 732/732/732 
f 732/732/732 760/760/760 732/732/732 
f 732/732/732 760/760/760 733/733/733 
f 760/760/760 734/734/734 733/733/733 
f 733/733/733 734/734/734 734/734/734 
f 734/734/734 749/749/749 734/734/734 
f 734/734/734 749/749/749 749/749/749 
f 749/749/749 748/748/748 749/749/749 
f 749/749/749 748/748/748 750/750/750 
f 748/748/748 750/750/750 750/750/750 
f 750/750/750 750/750/750 759/759/759 
f 750/750/750 759/759/759 759/759/759 
f 759/759/759 759/759/759 761/761/761 
f 759/759/759 758/758/758 761/761/761 
f 761/761/761 758/758/758 761/761/761 
f 758/758/758 757/757/757 761/761/761 
f 761/761/761 757/757/757 762/762/762 
f 757/757/757 756/756/756 762/762/762 
f 762/762/762 756/756/756 763/763/763 
f 756/756/756 756/756/756 763/763/763 
f 763/763/763 756/756/756 764/764/764 
f 756/756/756 755/755/755 764/764/764 
f 764/764/764 755/755/755 765/765/765 
f 755/755/755 754/754/754 765/765/765 
f 765/765/765 754/754/754 766/766/766 
f 754/754/754 754/754/754 766/766/766 
f 766/766/766 754/754/754 767/767/767 
f 754/754/754 753/753/753 767/767/767 
f 767/767/767 753/753/753 768/768/768 
f 753/753/753 752/752/752 768/768/768 
f 768/768/768 752/752/752 769/769/769 
f 752/752/752 751/751/751 769/769/769 
f 769/769/769 751/751/751 770/770/770 
f 751/751/751 750/750/750 770/770/770 
f 770/770/770 750/750/750 750/750/750 
f 750/750/750 770/770/770 750/750/750 
f 750/750/750 770/770/770 770/770/770 
f 770/770/770 771/771/771 770/770/770 
f 770/770/770 771/771/771 769/769/769 
f 771/771/771 772/772/772 769/769/769 
f 769/769/769 772/772/772 768/768/768 
f 772/772/772 773/773/773 768/768/768 
f 768/768/768 773/773/773 767/767/767 
f 773/773/773 774/774/774 767/767/767 
f 767/767/767 774/774/774 766/766/766 
f 774/774/774 775/775/775 766/766/766 
f 766/766/766 775/775/775 766/766/766 
f 775/775/775 776/776/776 766/766/766 
f 766/766/766 776/776/776 765/765/765 
f 776/776/776 777/777/777 765/765/765 
f 765/765/765 777/777/777 764/764/764 
f 777/777/777 778/778/778 764/764/764 
f 764/764/764 778/778/778 763/763/763 
f 778/778/778 763/763/763 763/763/763 
f 763/763/763 763/763/763 773/773/773 
f 763/763/763 773/773/773 773/773/773 
f 773/773/773 773/773/773 774/774/774 
f 773/773/773 772/772/772 774/774/774 
f 774/774/774 772/772/772 779/779/779 
f 772/772/772 771/771/771 779/779/779 
f 779/779/779 771/771/771 771/771/771 
f 771/771/771 774/774/774 771/771/771 
f 771/771/771 774/774/774 774/774/774 
f 774/774/774 779/779/779 774/774/774 
f 774/774/774 779/779/779 775/775/775 
f 779/779/779 775/775/775 775/775/775 
f 775/775/775 775/775/775 777/777/777 
f 775/775/775 777/777/777 777/777/777 
f 777/777/777 777/777/777 778/778/778 
f 777/777/777 776/776/776 778/778/778 
f 778/778/778 776/776/776 780/780/780 
f 776/776/776 775/775/775 780/780/780 
f 780/780/780 775/775/775 775/775/775 
f 775/775/775 780/780/780 775/775/775 
f 775/775/775 780/780/780 780/780/780 
f 780/780/780 781/781/781 780/780/780 
f 780/780/780 781/781/781 778/778/778 
f 781/781/781 781/781/781 778/778/778 
f 778/778/778 781/781/781 763/763/763 
f 781/781/781 782/782/782 763/763/763 
f 763/763/763 782/782/782 762/762/762 
f 782/782/782 783/783/783 762/762/762 
f 762/762/762 783/783/783 761/761/761 
f 783/783/783 784/784/784 761/761/761 
f 761/761/761 784/784/784 759/759/759 
f 784/784/784 785/785/785 759/759/759 
f 759/759/759 785/785/785 640/640/640 
f 785/785/785 786/786/786 640/640/640 
f 640/640/640 786/786/786 639/639/639 
f 786/786/786 786/786/786 639/639/639 
f 639/639/639 786/786/786 638/638/638 
f 786/786/786 787/787/787 638/638/638 
f 638/638/638 787/787/787 637/637/637 
f 787/787/787 788/788/788 637/637/637 
f 637/637/637 788/788/788 629/629/629 
f 788/788/788 789/789/789 629/629/629 
f 629/629/629 789/789/789 628/628/628 
f 789/789/789 628/628/628 628/628/628 
f 628/628/628 628/628/628 785/785/785 
f 628/628/628 785/785/785 785/785/785 
f 785/785/785 785/785/785 786/786/786 
f 785/785/785 784/784/784 786/786/786 
f 786/786/786 784/784/784 787/787/787 
f 784/784/784 783/783/783 787/787/787 
f 787/787/787 783/783/783 788/788/788 
f 783/783/783 790/790/790 788/788/788 
f 788/788/788 790/790/790 789/789/789 
f 790/790/790 791/791/791 789/789/789 
f 789/789/789 791/791/791 789/789/789 
f 791/791/791 792/792/792 789/789/789 
f 789/789/789 792/792/792 628/628/628 
f 792/792/792 792/792/792 628/628/628 
f 628/628/628 792/792/792 627/627/627 
f 792/792/792 793/793/793 627/627/627 
f 627/627/627 793/793/793 627/627/627 
f 793/793/793 794/794/794 627/627/627 
f 627/627/627 794/794/794 626/626/626 
f 794/794/794 795/795/795 626/626/626 
f 626/626/626 795/795/795 625/625/625 
f 795/795/795 796/796/796 625/625/625 
f 625/625/625 796/796/796 625/625/625 
f 796/796/796 797/797/797 625/625/625 
f 625/625/625 797/797/797 604/604/604 
f 797/797/797 797/797/797 604/604/604 
f 604/604/604 797/797/797 603/603/603 
f 797/797/797 798/798/798 603/603/603 
f 603/603/603 798/798/798 603/603/603 
f 798/798/798 799/799/799 603/603/603 
f 603/603/603 799/799/799 602/602/602 
f 799/799/799 800/800/800 602/602/602 
f 602/602/602 800/800/800 601/601/601 
f 800/800/800 801/801/801 601/601/601 
f 601/601/601 801/801/801 601/601/601 
f 801/801/801 802/802/802 601/601/601 
f 601/601/601 802/802/802 600/600/600 
f 802/802/802 803/803/803 600/600/600 
f 600/600/600 803/803/803 600/600/600 
f 803/803/803 804/804/804 600/600/600 
f 600/600/600 804/804/804 599/599/599 
f 804/804/804 805/805/805 599/599/599 
f 599/599/599 805/805/805 806/806/806 
f 805/805/805 807/807/807 806/806/806 
f 806/806/806 807/807/807 598/598/598 
f 807/807/807 807/807/807 598/598/598 
f 598/598/598 807/807/807 597/597/597 
f 807/807/807 808/808/808 597/597/597 
f 597/597/597 808/808/808 596/596/596 
f 808/808/808 596/596/596 596/596/596 
f 596/596/596 596/596/596 801/801/801 
f 596/596/596 801/801/801 801/801/801 
f 801/801/801 801/801/801 799/799/799 
f 801/801/801 800/800/800 799/799/799 
f 799/799/799 800/800/800 800/800/800 
f 800/800/800 599/599/599 800/800/800 
f 800/800/800 599/599/599 599/599/599 
f 599/599/599 806/806/806 599/599/599 
f 599/599/599 806/806/806 598/598/598 
f 806/806/806 598/598/598 598/598/598 
f 598/598/598 598/598/598 808/808/808 
f 598/598/598 808/808/808 808/808/808 
f 808/808/808 808/808/808 809/809/809 
f 808/808/808 807/807/807 809/809/809 
f 809/809/809 807/807/807 809/809/809 
f 807/807/807 805/805/805 809/809/809 
f 809/809/809 805/805/805 810/810/810 
f 805/805/805 804/804/804 810/810/810 
f 810/810/810 804/804/804 811/811/811 
f 804/804/804 803/803/803 811/811/811 
f 811/811/811 803/803/803 812/812/812 
f 803/803/803 803/803/803 812/812/812 
f 812/812/812 803/803/803 813/813/813 
f 803/803/803 802/802/802 813/813/813 
f 813/813/813 802/802/802 814/814/814 
f 802/802/802 801/801/801 814/814/814 
f 814/814/814 801/801/801 815/815/815 
f 801/801/801 799/799/799 815/815/815 
f 815/815/815 799/799/799 815/815/815 
f 799/799/799 798/798/798 815/815/815 
f 815/815/815 798/798/798 815/815/815 
f 798/798/798 816/816/816 815/815/815 
f 815/815/815 816/816/816 815/815/815 
f 816/816/816 817/817/817 815/815/815 
f 815/815/815 817/817/817 814/814/814 
f 817/817/817 818/818/818 814/814/814 
f 814/814/814 818/818/818 814/814/814 
f 818/818/818 819/819/819 814/814/814 
f 814/814/814 819/819/819 813/813/813 
f 819/819/819 820/820/820 813/813/813 
f 813/813/813 820/820/820 812/812/812 
f 820/820/820 821/821/821 812/812/812 
f 812/812/812 821/821/821 811/811/811 
f 821/821/821 822/822/822 811/811/811 
f 811/811/811 822/822/822 810/810/810 
f 822/822/822 823/823/823 810/810/810 
f 810/810/810 823/823/823 809/809/809 
f 823/823/823 824/824/824 809/809/809 
f 809/809/809 824/824/824 808/808/808 
f 824/824/824 825/825/825 808/808/808 
f 808/808/808 825/825/825 826/826/826 
f 825/825/825 827/827/827 826/826/826 
f 826/826/826 827/827/827 828/828/828 
f 827/827/827 829/829/829 828/828/828 
f 828/828/828 829/829/829 830/830/830 
f 829/829/829 829/829/829 830/830/830 
f 830/830/830 829/829/829 831/831/831 
f 829/829/829 829/829/829 831/831/831 
f 831/831/831 829/829/829 832/832/832 
f 829/829/829 829/829/829 832/832/832 
f 832/832/832 829/829/829 833/833/833 
f 829/829/829 827/827/827 833/833/833 
f 833/833/833 827/827/827 834/834/834 
f 827/827/827 825/825/825 834/834/834 
f 834/834/834 825/825/825 835/835/835 
f 825/825/825 824/824/824 835/835/835 
f 835/835/835 824/824/824 836/836/836 
f 824/824/824 823/823/823 836/836/836 
f 836/836/836 823/823/823 837/837/837 
f 823/823/823 822/822/822 837/837/837 
f 837/837/837 822/822/822 838/838/838 
f 822/822/822 821/821/821 838/838/838 
f 838/838/838 821/821/821 839/839/839 
f 821/821/821 820/820/820 839/839/839 
f 839/839/839 820/820/820 840/840/840 
f 820/820/820 819/819/819 840/840/840 
f 840/840/840 819/819/819 841/841/841 
f 819/819/819 818/818/818 841/841/841 
f 841/841/841 818/818/818 818/818/818 
f 818/818/818 836/836/836 818/818/818 
f 818/818/818 836/836/836 836/836/836 
f 836/836/836 837/837/837 836/836/836 
f 836/836/836 837/837/837 835/835/835 
f 837/837/837 842/842/842 835/835/835 
f 835/835/835 842/842/842 834/834/834 
f 842/842/842 834/834/834 834/834/834 
f 834/834/834 834/834/834 837/837/837 
f 834/834/834 837/837/837 837/837/837 
f 837/837/837 837/837/837 842/842/842 
f 837/837/837 838/838/838 842/842/842 
f 842/842/842 838/838/838 843/843/843 
f 838/838/838 838/838/838 843/843/843 
f 843/843/843 838/838/838 844/844/844 
f 838/838/838 839/839/839 844/844/844 
f 844/844/844 839/839/839 841/841/841 
f 839/839/839 840/840/840 841/841/841 
f 841/841/841 840/840/840 840/840/840 
f 840/840/840 843/843/843 840/840/840 
f 840/840/840 843/843/843 843/843/843 
f 843/843/843 845/845/845 843/843/843 
f 843/843/843 845/845/845 842/842/842 
f 845/845/845 845/845/845 842/842/842 
f 842/842/842 845/845/845 834/834/834 
f 845/845/845 846/846/846 834/834/834 
f 834/834/834 846/846/846 833/833/833 
f 846/846/846 847/847/847 833/833/833 
f 833/833/833 847/847/847 832/832/832 
f 847/847/847 847/847/847 832/832/832 
f 832/832/832 847/847/847 831/831/831 
f 847/847/847 847/847/847 831/831/831 
f 831/831/831 847/847/847 848/848/848 
f 847/847/847 847/847/847 848/848/848 
f 848/848/848 847/847/847 849/849/849 
f 847/847/847 846/846/846 849/849/849 
f 849/849/849 846/846/846 850/850/850 
f 846/846/846 845/845/845 850/850/850 
f 850/850/850 845/845/845 851/851/851 
f 845/845/845 843/843/843 851/851/851 
f 851/851/851 843/843/843 852/852/852 
f 843/843/843 844/844/844 852/852/852 
f 852/852/852 844/844/844 853/853/853 
f 844/844/844 841/841/841 853/853/853 
f 853/853/853 841/841/841 853/853/853 
f 841/841/841 818/818/818 853/853/853 
f 853/853/853 818/818/818 854/854/854 
f 818/818/818 817/817/817 854/854/854 
f 854/854/854 817/817/817 855/855/855 
f 817/817/817 816/816/816 855/855/855 
f 855/855/855 816/816/816 856/856/856 
f 816/816/816 816/816/816 856/856/856 
f 856/856/856 816/816/816 857/857/857 
f 816/816/816 798/798/798 857/857/857 
f 857/857/857 798/798/798 858/858/858 
f 798/798/798 797/797/797 858/858/858 
f 858/858/858 797/797/797 858/858/858 
f 797/797/797 796/796/796 858/858/858 
f 858/858/858 796/796/796 859/859/859 
f 796/796/796 796/796/796 859/859/859 
f 859/859/859 796/796/796 860/860/860 
f 796/796/796 795/795/795 860/860/860 
f 860/860/860 795/795/795 861/861/861 
f 795/795/795 794/794/794 861/861/861 
f 861/861/861 794/794/794 862/862/862 
f 794/794/794 793/793/793 862/862/862 
f 862/862/862 793/793/793 863/863/863 
f 793/793/793 864/864/864 863/863/863 
f 863/863/863 864/864/864 865/865/865 
f 864/864/864 790/790/790 865/865/865 
f 865/865/865 790/790/790 865/865/865 
f 790/790/790 783/783/783 865/865/865 
f 865/865/865 783/783/783 866/866/866 
f 783/783/783 867/867/867 866/866/866 
f 866/866/866 867/867/867 867/867/867 
f 867/867/867 793/793/793 867/867/867 
f 867/867/867 793/793/793 793/793/793 
f 793/793/793 792/792/792 793/793/793 
f 793/793/793 792/792/792 864/864/864 
f 792/792/792 791/791/791 864/864/864 
f 864/864/864 791/791/791 790/790/790 
f 791/791/791 790/790/790 790/790/790 
f 790/790/790 790/790/790 866/866/866 
f 790/790/790 866/866/866 866/866/866 
f 866/866/866 866/866/866 865/865/865 
f 866/866/866 868/868/868 865/865/865 
f 865/865/865 868/868/868 863/863/863 
f 868/868/868 869/869/869 863/863/863 
f 863/863/863 869/869/869 862/862/862 
f 869/869/869 870/870/870 862/862/862 
f 862/862/862 870/870/870 861/861/861 
f 870/870/870 871/871/871 861/861/861 
f 861/861/861 871/871/871 860/860/860 
f 871/871/871 872/872/872 860/860/860 
f 860/860/860 872/872/872 859/859/859 
f 872/872/872 872/872/872 859/859/859 
f 859/859/859 872/872/872 858/858/858 
f 872/872/872 872/872/872 858/858/858 
f 858/858/858 872/872/872 857/857/857 
f 872/872/872 873/873/873 857/857/857 
f 857/857/857 873/873/873 856/856/856 
f 873/873/873 856/856/856 856/856/856 
f 856/856/856 856/856/856 872/872/872 
f 856/856/856 872/872/872 872/872/872 
f 872/872/872 872/872/872 873/873/873 
f 872/872/872 871/871/871 873/873/873 
f 873/873/873 871/871/871 874/874/874 
f 871/871/871 870/870/870 874/874/874 
f 874/874/874 870/870/870 875/875/875 
f 870/870/870 869/869/869 875/875/875 
f 875/875/875 869/869/869 876/876/876 
f 869/869/869 868/868/868 876/876/876 
f 876/876/876 868/868/868 868/868/868 
f 868/868/868 875/875/875 868/868/868 
f 868/868/868 875/875/875 875/875/875 
f 875/875/875 876/876/876 875/875/875 
f 875/875/875 876/876/876 874/874/874 
f 876/876/876 877/877/877 874/874/874 
f 874/874/874 877/877/877 873/873/873 
f 877/877/877 877/877/877 873/873/873 
f 873/873/873 877/877/877 856/856/856 
f 877/877/877 878/878/878 856/856/856 
f 856/856/856 878/878/878 855/855/855 
f 878/878/878 879/879/879 855/855/855 
f 855/855/855 879/879/879 880/880/880 
f 879/879/879 880/880/880 880/880/880 
f 880/880/880 880/880/880 877/877/877 
f 880/880/880 877/877/877 877/877/877 
f 877/877/877 877/877/877 878/878/878 
f 877/877/877 881/881/881 878/878/878 
f 878/878/878 881/881/881 882/882/882 
f 881/881/881 881/881/881 882/882/882 
f 882/882/882 881/881/881 883/883/883 
f 881/881/881 866/866/866 883/883/883 
f 883/883/883 866/866/866 883/883/883 
f 866/866/866 867/867/867 883/883/883 
f 883/883/883 867/867/867 884/884/884 
f 867/867/867 885/885/885 884/884/884 
f 884/884/884 885/885/885 885/885/885 
f 885/885/885 878/878/878 885/885/885 
f 885/885/885 878/878/878 878/878/878 
f 878/878/878 882/882/882 878/878/878 
f 878/878/878 882/882/882 879/879/879 
f 882/882/882 886/886/886 879/879/879 
f 879/879/879 886/886/886 887/887/887 
f 886/886/886 886/886/886 887/887/887 
f 887/887/887 886/886/886 888/888/888 
f 886/886/886 882/882/882 888/888/888 
f 888/888/888 882/882/882 888/888/888 
f 882/882/882 883/883/883 888/888/888 
f 888/888/888 883/883/883 888/888/888 
f 883/883/883 884/884/884 888/888/888 
f 888/888/888 884/884/884 888/888/888 
f 884/884/884 889/889/889 888/888/888 
f 888/888/888 889/889/889 887/887/887 
f 889/889/889 890/890/890 887/887/887 
f 887/887/887 890/890/890 887/887/887 
f 890/890/890 891/891/891 887/887/887 
f 887/887/887 891/891/891 879/879/879 
f 891/891/891 879/879/879 879/879/879 
f 879/879/879 879/879/879 877/877/877 
f 879/879/879 877/877/877 877/877/877 
f 877/877/877 877/877/877 881/881/881 
f 877/877/877 876/876/876 881/881/881 
f 881/881/881 876/876/876 881/881/881 
f 876/876/876 868/868/868 881/881/881 
f 881/881/881 868/868/868 866/866/866 
f 868/868/868 866/866/866 866/866/866 
f 866/866/866 866/866/866 889/889/889 
f 866/866/866 889/889/889 889/889/889 
f 889/889/889 889/889/889 890/890/890 
f 889/889/889 892/892/892 890/890/890 
f 890/890/890 892/892/892 893/893/893 
f 892/892/892 893/893/893 893/893/893 
f 893/893/893 893/893/893 782/782/782 
f 893/893/893 782/782/782 782/782/782 
f 782/782/782 782/782/782 885/885/885 
f 782/782/782 781/781/781 885/885/885 
f 885/885/885 781/781/781 894/894/894 
f 781/781/781 780/780/780 894/894/894 
f 894/894/894 780/780/780 895/895/895 
f 780/780/780 775/775/775 895/895/895 
f 895/895/895 775/775/775 775/775/775 
f 775/775/775 892/892/892 775/775/775 
f 775/775/775 892/892/892 892/892/892 
f 892/892/892 889/889/889 892/892/892 
f 892/892/892 889/889/889 896/896/896 
f 889/889/889 884/884/884 896/896/896 
f 896/896/896 884/884/884 897/897/897 
f 884/884/884 898/898/898 897/897/897 
f 897/897/897 898/898/898 899/899/899 
f 898/898/898 900/900/900 899/899/899 
f 899/899/899 900/900/900 895/895/895 
f 900/900/900 900/900/900 895/895/895 
f 895/895/895 900/900/900 894/894/894 
f 900/900/900 898/898/898 894/894/894 
f 894/894/894 898/898/898 885/885/885 
f 898/898/898 884/884/884 885/885/885 
f 885/885/885 884/884/884 884/884/884 
f 884/884/884 899/899/899 884/884/884 
f 884/884/884 899/899/899 899/899/899 
f 899/899/899 895/895/895 899/899/899 
f 899/899/899 895/895/895 901/901/901 
f 895/895/895 775/775/775 901/901/901 
f 901/901/901 775/775/775 775/775/775 
f 775/775/775 901/901/901 775/775/775 
f 775/775/775 901/901/901 901/901/901 
f 901/901/901 902/902/902 901/901/901 
f 901/901/901 902/902/902 899/899/899 
f 902/902/902 902/902/902 899/899/899 
f 899/899/899 902/902/902 897/897/897 
f 902/902/902 903/903/903 897/897/897 
f 897/897/897 903/903/903 896/896/896 
f 903/903/903 904/904/904 896/896/896 
f 896/896/896 904/904/904 892/892/892 
f 904/904/904 905/905/905 892/892/892 
f 892/892/892 905/905/905 893/893/893 
f 905/905/905 906/906/906 893/893/893 
f 893/893/893 906/906/906 907/907/907 
f 906/906/906 906/906/906 907/907/907 
f 907/907/907 906/906/906 908/908/908 
f 906/906/906 905/905/905 908/908/908 
f 908/908/908 905/905/905 909/909/909 
f 905/905/905 904/904/904 909/909/909 
f 909/909/909 904/904/904 910/910/910 
f 904/904/904 904/904/904 910/910/910 
f 910/910/910 904/904/904 911/911/911 
f 904/904/904 903/903/903 911/911/911 
f 911/911/911 903/903/903 912/912/912 
f 903/903/903 902/902/902 912/912/912 
f 912/912/912 902/902/902 913/913/913 
f 902/902/902 901/901/901 913/913/913 
f 913/913/913 901/901/901 914/914/914 
f 901/901/901 775/775/775 914/914/914 
f 914/914/914 775/775/775 775/775/775 
f 775/775/775 907/907/907 775/775/775 
f 775/775/775 907/907/907 907/907/907 
f 907/907/907 915/915/915 907/907/907 
f 907/907/907 915/915/915 893/893/893 
f 915/915/915 893/893/893 893/893/893 
f 893/893/893 893/893/893 914/914/914 
f 893/893/893 914/914/914 914/914/914 
f 914/914/914 914/914/914 913/913/913 
f 914/914/914 916/916/916 913/913/913 
f 913/913/913 916/916/916 917/917/917 
f 916/916/916 916/916/916 917/917/917 
f 917/917/917 916/916/916 918/918/918 
f 916/916/916 914/914/914 918/918/918 
f 918/918/918 914/914/914 919/919/919 
f 914/914/914 775/775/775 919/919/919 
f 919/919/919 775/775/775 920/920/920 
f 775/775/775 775/775/775 920/920/920 
f 920/920/920 775/775/775 921/921/921 
f 775/775/775 779/779/779 921/921/921 
f 921/921/921 779/779/779 922/922/922 
f 779/779/779 771/771/771 922/922/922 
f 922/922/922 771/771/771 923/923/923 
f 771/771/771 770/770/770 923/923/923 
f 923/923/923 770/770/770 924/924/924 
f 770/770/770 750/750/750 924/924/924 
f 924/924/924 750/750/750 750/750/750 
f 750/750/750 917/917/917 750/750/750 
f 750/750/750 917/917/917 917/917/917 
f 917/917/917 912/912/912 917/917/917 
f 917/917/917 912/912/912 913/913/913 
f 912/912/912 913/913/913 913/913/913 
f 913/913/913 913/913/913 924/924/924 
f 913/913/913 924/924/924 924/924/924 
f 924/924/924 924/924/924 923/923/923 
f 924/924/924 925/925/925 923/923/923 
f 923/923/923 925/925/925 926/926/926 
f 925/925/925 925/925/925 926/926/926 
f 926/926/926 925/925/925 927/927/927 
f 925/925/925 924/924/924 927/927/927 
f 927/927/927 924/924/924 928/928/928 
f 924/924/924 750/750/750 928/928/928 
f 928/928/928 750/750/750 929/929/929 
f 750/750/750 930/930/930 929/929/929 
f 929/929/929 930/930/930 929/929/929 
f 930/930/930 931/931/931 929/929/929 
f 929/929/929 931/931/931 932/932/932 
f 931/931/931 933/933/933 932/932/932 
f 932/932/932 933/933/933 934/934/934 
f 933/933/933 933/933/933 934/934/934 
f 934/934/934 933/933/933 935/935/935 
f 933/933/933 931/931/931 935/935/935 
f 935/935/935 931/931/931 936/936/936 
f 931/931/931 931/931/931 936/936/936 
f 936/936/936 931/931/931 937/937/937 
f 931/931/931 930/930/930 937/937/937 
f 937/937/937 930/930/930 938/938/938 
f 930/930/930 939/939/939 938/938/938 
f 938/938/938 939/939/939 939/939/939 
f 939/939/939 926/926/926 939/939/939 
f 939/939/939 926/926/926 926/926/926 
f 926/926/926 922/922/922 926/926/926 
f 926/926/926 922/922/922 923/923/923 
f 922/922/922 923/923/923 923/923/923 
f 923/923/923 923/923/923 927/927/927 
f 923/923/923 927/927/927 927/927/927 
f 927/927/927 927/927/927 940/940/940 
f 927/927/927 928/928/928 940/940/940 
f 940/940/940 928/928/928 940/940/940 
f 928/928/928 929/929/929 940/940/940 
f 940/940/940 929/929/929 932/932/932 
f 929/929/929 932/932/932 932/932/932 
f 932/932/932 932/932/932 938/938/938 
f 932/932/932 938/938/938 938/938/938 
f 938/938/938 938/938/938 937/937/937 
f 938/938/938 941/941/941 937/937/937 
f 937/937/937 941/941/941 936/936/936 
f 941/941/941 936/936/936 936/936/936 
f 936/936/936 936/936/936 942/942/942 
f 936/936/936 942/942/942 942/942/942 
f 942/942/942 942/942/942 939/939/939 
f 942/942/942 750/750/750 939/939/939 
f 939/939/939 750/750/750 943/943/943 
f 750/750/750 750/750/750 943/943/943 
f 943/943/943 750/750/750 944/944/944 
f 750/750/750 750/750/750 944/944/944 
f 944/944/944 750/750/750 945/945/945 
f 750/750/750 748/748/748 945/945/945 
f 945/945/945 748/748/748 945/945/945 
f 748/748/748 747/747/747 945/945/945 
f 945/945/945 747/747/747 946/946/946 
f 747/747/747 746/746/746 946/946/946 
f 946/946/946 746/746/746 946/946/946 
f 746/746/746 947/947/947 946/946/946 
f 946/946/946 947/947/947 945/945/945 
f 947/947/947 947/947/947 945/945/945 
f 945/945/945 947/947/947 944/944/944 
f 947/947/947 947/947/947 944/944/944 
f 944/944/944 947/947/947 948/948/948 
f 947/947/947 947/947/947 948/948/948 
f 948/948/948 947/947/947 745/745/745 
f 947/947/947 746/746/746 745/745/745 
f 745/745/745 746/746/746 746/746/746 
f 746/746/746 948/948/948 746/746/746 
f 746/746/746 948/948/948 948/948/948 
f 948/948/948 745/745/745 948/948/948 
f 948/948/948 745/745/745 949/949/949 
f 745/745/745 744/744/744 949/949/949 
f 949/949/949 744/744/744 950/950/950 
f 744/744/744 743/743/743 950/950/950 
f 950/950/950 743/743/743 951/951/951 
f 743/743/743 742/742/742 951/951/951 
f 951/951/951 742/742/742 952/952/952 
f 742/742/742 741/741/741 952/952/952 
f 952/952/952 741/741/741 952/952/952 
f 741/741/741 953/953/953 952/952/952 
f 952/952/952 953/953/953 951/951/951 
f 953/953/953 951/951/951 951/951/951 
f 951/951/951 951/951/951 741/741/741 
f 951/951/951 741/741/741 741/741/741 
f 741/741/741 741/741/741 953/953/953 
f 741/741/741 740/740/740 953/953/953 
f 953/953/953 740/740/740 954/954/954 
f 740/740/740 739/739/739 954/954/954 
f 954/954/954 739/739/739 739/739/739 
f 739/739/739 954/954/954 739/739/739 
f 739/739/739 954/954/954 954/954/954 
f 954/954/954 955/955/955 954/954/954 
f 954/954/954 955/955/955 953/953/953 
f 955/955/955 955/955/955 953/953/953 
f 953/953/953 955/955/955 951/951/951 
f 955/955/955 955/955/955 951/951/951 
f 951/951/951 955/955/955 950/950/950 
f 955/955/955 956/956/956 950/950/950 
f 950/950/950 956/956/956 949/949/949 
f 956/956/956 949/949/949 949/949/949 
f 949/949/949 949/949/949 956/956/956 
f 949/949/949 956/956/956 956/956/956 
f 956/956/956 956/956/956 957/957/957 
f 956/956/956 955/955/955 957/957/957 
f 957/957/957 955/955/955 957/957/957 
f 955/955/955 954/954/954 957/957/957 
f 957/957/957 954/954/954 958/958/958 
f 954/954/954 739/739/739 958/958/958 
f 958/958/958 739/739/739 959/959/959 
f 739/739/739 738/738/738 959/959/959 
f 959/959/959 738/738/738 959/959/959 
f 738/738/738 960/960/960 959/959/959 
f 959/959/959 960/960/960 959/959/959 
f 960/960/960 961/961/961 959/959/959 
f 959/959/959 961/961/961 959/959/959 
f 961/961/961 962/962/962 959/959/959 
f 959/959/959 962/962/962 958/958/958 
f 962/962/962 963/963/963 958/958/958 
f 958/958/958 963/963/963 957/957/957 
f 963/963/963 964/964/964 957/957/957 
f 957/957/957 964/964/964 956/956/956 
f 964/964/964 964/964/964 956/956/956 
f 956/956/956 964/964/964 965/965/965 
f 964/964/964 963/963/963 965/965/965 
f 965/965/965 963/963/963 963/963/963 
f 963/963/963 956/956/956 963/963/963 
f 963/963/963 956/956/956 956/956/956 
f 956/956/956 965/965/965 956/956/956 
f 956/956/956 965/965/965 949/949/949 
f 965/965/965 965/965/965 949/949/949 
f 949/949/949 965/965/965 948/948/948 
f 965/965/965 965/965/965 948/948/948 
f 948/948/948 965/965/965 966/966/966 
f 965/965/965 963/963/963 966/966/966 
f 966/966/966 963/963/963 963/963/963 
f 963/963/963 948/948/948 963/963/963 
f 963/963/963 948/948/948 948/948/948 
f 948/948/948 966/966/966 948/948/948 
f 948/948/948 966/966/966 944/944/944 
f 966/966/966 966/966/966 944/944/944 
f 944/944/944 966/966/966 943/943/943 
f 966/966/966 966/966/966 943/943/943 
f 943/943/943 966/966/966 962/962/962 
f 966/966/966 963/963/963 962/962/962 
f 962/962/962 963/963/963 963/963/963 
f 963/963/963 943/943/943 963/963/963 
f 963/963/963 943/943/943 943/943/943 
f 943/943/943 967/967/967 943/943/943 
f 943/943/943 967/967/967 939/939/939 
f 967/967/967 968/968/968 939/939/939 
f 939/939/939 968/968/968 938/938/938 
f 968/968/968 969/969/969 938/938/938 
f 938/938/938 969/969/969 941/941/941 
f 969/969/969 941/941/941 941/941/941 
f 941/941/941 941/941/941 968/968/968 
f 941/941/941 968/968/968 968/968/968 
f 968/968/968 968/968/968 969/969/969 
f 968/968/968 967/967/967 969/969/969 
f 969/969/969 967/967/967 961/961/961 
f 967/967/967 967/967/967 961/961/961 
f 961/961/961 967/967/967 962/962/962 
f 967/967/967 943/943/943 962/962/962 
f 962/962/962 943/943/943 943/943/943 
f 943/943/943 969/969/969 943/943/943 
f 943/943/943 969/969/969 969/969/969 
f 969/969/969 961/961/961 969/969/969 
f 969/969/969 961/961/961 970/970/970 
f 961/961/961 960/960/960 970/970/970 
f 970/970/970 960/960/960 970/970/970 
f 960/960/960 971/971/971 970/970/970 
f 970/970/970 971/971/971 970/970/970 
f 971/971/971 972/972/972 970/970/970 
f 970/970/970 972/972/972 970/970/970 
f 972/972/972 973/973/973 970/970/970 
f 970/970/970 973/973/973 974/974/974 
f 973/973/973 975/975/975 974/974/974 
f 974/974/974 975/975/975 974/974/974 
f 975/975/975 976/976/976 974/974/974 
f 974/974/974 976/976/976 936/936/936 
f 976/976/976 935/935/935 936/936/936 
f 936/936/936 935/935/935 935/935/935 
f 935/935/935 969/969/969 935/935/935 
f 935/935/935 969/969/969 969/969/969 
f 969/969/969 970/970/970 969/969/969 
f 969/969/969 970/970/970 941/941/941 
f 970/970/970 974/974/974 941/941/941 
f 941/941/941 974/974/974 936/936/936 
f 974/974/974 936/936/936 936/936/936 
f 936/936/936 936/936/936 975/975/975 
f 936/936/936 975/975/975 975/975/975 
f 975/975/975 975/975/975 977/977/977 
f 975/975/975 973/973/973 977/977/977 
f 977/977/977 973/973/973 978/978/978 
f 973/973/973 972/972/972 978/978/978 
f 978/978/978 972/972/972 979/979/979 
f 972/972/972 972/972/972 979/979/979 
f 979/979/979 972/972/972 980/980/980 
f 972/972/972 971/971/971 980/980/980 
f 980/980/980 971/971/971 981/981/981 
f 971/971/971 982/982/982 981/981/981 
f 981/981/981 982/982/982 983/983/983 
f 982/982/982 984/984/984 983/983/983 
f 983/983/983 984/984/984 985/985/985 
f 984/984/984 986/986/986 985/985/985 
f 985/985/985 986/986/986 985/985/985 
f 986/986/986 987/987/987 985/985/985 
f 985/985/985 987/987/987 983/983/983 
f 987/987/987 988/988/988 983/983/983 
f 983/983/983 988/988/988 981/981/981 
f 988/988/988 989/989/989 981/981/981 
f 981/981/981 989/989/989 980/980/980 
f 989/989/989 990/990/990 980/980/980 
f 980/980/980 990/990/990 979/979/979 
f 990/990/990 990/990/990 979/979/979 
f 979/979/979 990/990/990 978/978/978 
f 990/990/990 991/991/991 978/978/978 
f 978/978/978 991/991/991 977/977/977 
f 991/991/991 977/977/977 977/977/977 
f 977/977/977 977/977/977 982/982/982 
f 977/977/977 982/982/982 982/982/982 
f 982/982/982 982/982/982 984/984/984 
f 982/982/982 738/738/738 984/984/984 
f 984/984/984 738/738/738 984/984/984 
f 738/738/738 992/992/992 984/984/984 
f 984/984/984 992/992/992 986/986/986 
f 992/992/992 986/986/986 986/986/986 
f 986/986/986 986/986/986 991/991/991 
f 986/986/986 991/991/991 991/991/991 
f 991/991/991 991/991/991 993/993/993 
f 991/991/991 990/990/990 993/993/993 
f 993/993/993 990/990/990 993/993/993 
f 990/990/990 989/989/989 993/993/993 
f 993/993/993 989/989/989 994/994/994 
f 989/989/989 988/988/988 994/994/994 
f 994/994/994 988/988/988 995/995/995 
f 988/988/988 987/987/987 995/995/995 
f 995/995/995 987/987/987 996/996/996 
f 987/987/987 986/986/986 996/996/996 
f 996/996/996 986/986/986 997/997/997 
f 986/986/986 992/992/992 997/997/997 
f 997/997/997 992/992/992 992/992/992 
f 992/992/992 997/997/997 992/992/992 
f 992/992/992 997/997/997 997/997/997 
f 997/997/997 998/998/998 997/997/997 
f 997/997/997 998/998/998 996/996/996 
f 998/998/998 999/999/999 996/996/996 
f 996/996/996 999/999/999 995/995/995 
f 999/999/999 999/999/999 995/995/995 
f 995/995/995 999/999/999 1000/1000/1000 
f 999/999/999 999/999/999 1000/1000/1000 
f 1000/1000/1000 999/999/999 852/852/852 
f 999/999/999 999/999/999 852/852/852 
f 852/852/852 999/999/999 851/851/851 
f 999/999/999 998/998/998 851/851/851 
f 851/851/851 998/998/998 1001/1001/1001 
f 998/998/998 998/998/998 1001/1001/1001 
f 1001/1001/1001 998/998/998 1002/1002/1002 
f 998/998/998 997/997/997 1002/1002/1002 
f 1002/1002/1002 997/997/997 1003/1003/1003 
f 997/997/997 997/997/997 1003/1003/1003 
f 1003/1003/1003 997/997/997 1004/1004/1004 
f 997/997/997 992/992/992 1004/1004/1004 
f 1004/1004/1004 992/992/992 1005/1005/1005 
f 992/992/992 738/738/738 1005/1005/1005 
f 1005/1005/1005 738/738/738 1006/1006/1006 
f 738/738/738 737/737/737 1006/1006/1006 
f 1006/1006/1006 737/737/737 1007/1007/1007 
f 737/737/737 1008/1008/1008 1007/1007/1007 
f 1007/1007/1007 1008/1008/1008 1009/1009/1009 
f 1008/1008/1008 736/736/736 1009/1009/1009 
f 1009/1009/1009 736/736/736 1009/1009/1009 
f 736/736/736 735/735/735 1009/1009/1009 
f 1009/1009/1009 735/735/735 1010/1010/1010 
f 735/735/735 734/734/734 1010/1010/1010 
f 1010/1010/1010 734/734/734 734/734/734 
f 734/734/734 737/737/737 734/734/734 
f 734/734/734 737/737/737 737/737/737 
f 737/737/737 736/736/736 737/737/737 
f 737/737/737 736/736/736 1008/1008/1008 
f 736/736/736 1008/1008/1008 1008/1008/1008 
f 1008/1008/1008 1008/1008/1008 1010/1010/1010 
f 1008/1008/1008 1010/1010/1010 1010/1010/1010 
f 1010/1010/1010 1010/1010/1010 1009/1009/1009 
f 1010/1010/1010 1011/1011/1011 1009/1009/1009 
f 1009/1009/1009 1011/1011/1011 1007/1007/1007 
f 1011/1011/1011 1012/1012/1012 1007/1007/1007 
f 1007/1007/1007 1012/1012/1012 1006/1006/1006 
f 1012/1012/1012 1013/1013/1013 1006/1006/1006 
f 1006/1006/1006 1013/1013/1013 1005/1005/1005 
f 1013/1013/1013 1014/1014/1014 1005/1005/1005 
f 1005/1005/1005 1014/1014/1014 1004/1004/1004 
f 1014/1014/1014 1015/1015/1015 1004/1004/1004 
f 1004/1004/1004 1015/1015/1015 1003/1003/1003 
f 1015/1015/1015 1016/1016/1016 1003/1003/1003 
f 1003/1003/1003 1016/1016/1016 1017/1017/1017 
f 1016/1016/1016 1016/1016/1016 1017/1017/1017 
f 1017/1017/1017 1016/1016/1016 1018/1018/1018 
f 1016/1016/1016 1015/1015/1015 1018/1018/1018 
f 1018/1018/1018 1015/1015/1015 1019/1019/1019 
f 1015/1015/1015 1014/1014/1014 1019/1019/1019 
f 1019/1019/1019 1014/1014/1014 1020/1020/1020 
f 1014/1014/1014 1013/1013/1013 1020/1020/1020 
f 1020/1020/1020 1013/1013/1013 1021/1021/1021 
f 1013/1013/1013 1012/1012/1012 1021/1021/1021 
f 1021/1021/1021 1012/1012/1012 1022/1022/1022 
f 1012/1012/1012 1012/1012/1012 1022/1022/1022 
f 1022/1022/1022 1012/1012/1012 1023/1023/1023 
f 1012/1012/1012 1011/1011/1011 1023/1023/1023 
f 1023/1023/1023 1011/1011/1011 1024/1024/1024 
f 1011/1011/1011 1010/1010/1010 1024/1024/1024 
f 1024/1024/1024 1010/1010/1010 1025/1025/1025 
f 1010/1010/1010 1026/1026/1026 1025/1025/1025 
f 1025/1025/1025 1026/1026/1026 1027/1027/1027 
f 1026/1026/1026 516/516/516 1027/1027/1027 
f 1027/1027/1027 516/516/516 1027/1027/1027 
f 516/516/516 517/517/517 1027/1027/1027 
f 1027/1027/1027 517/517/517 1028/1028/1028 
f 517/517/517 518/518/518 1028/1028/1028 
f 1028/1028/1028 518/518/518 518/518/518 
f 518/518/518 1017/1017/1017 518/518/518 
f 518/518/518 1017/1017/1017 1017/1017/1017 
f 1017/1017/1017 1002/1002/1002 1017/1017/1017 
f 1017/1017/1017 1002/1002/1002 1003/1003/1003 
f 1002/1002/1002 1003/1003/1003 1003/1003/1003 
f 1003/1003/1003 1003/1003/1003 1010/1010/1010 
f 1003/1003/1003 1010/1010/1010 1010/1010/1010 
f 1010/1010/1010 1010/1010/1010 1026/1026/1026 
f 1010/1010/1010 734/734/734 1026/1026/1026 
f 1026/1026/1026 734/734/734 1026/1026/1026 
f 734/734/734 760/760/760 1026/1026/1026 
f 1026/1026/1026 760/760/760 516/516/516 
f 760/760/760 516/516/516 516/516/516 
f 516/516/516 516/516/516 1028/1028/1028 
f 516/516/516 1028/1028/1028 1028/1028/1028 
f 1028/1028/1028 1028/1028/1028 1027/1027/1027 
f 1028/1028/1028 1029/1029/1029 1027/1027/1027 
f 1027/1027/1027 1029/1029/1029 1025/1025/1025 
f 1029/1029/1029 1030/1030/1030 1025/1025/1025 
f 1025/1025/1025 1030/1030/1030 1024/1024/1024 
f 1030/1030/1030 1024/1024/1024 1024/1024/1024 
f 1024/1024/1024 1024/1024/1024 1029/1029/1029 
f 1024/1024/1024 1029/1029/1029 1029/1029/1029 
f 1029/1029/1029 1029/1029/1029 1030/1030/1030 
f 1029/1029/1029 1028/1028/1028 1030/1030/1030 
f 1030/1030/1030 1028/1028/1028 1031/1031/1031 
f 1028/1028/1028 518/518/518 1031/1031/1031 
f 1031/1031/1031 518/518/518 1032/1032/1032 
f 518/518/518 519/519/519 1032/1032/1032 
f 1032/1032/1032 519/519/519 1033/1033/1033 
f 519/519/519 520/520/520 1033/1033/1033 
f 1033/1033/1033 520/520/520 1034/1034/1034 
f 520/520/520 520/520/520 1034/1034/1034 
f 1034/1034/1034 520/520/520 1035/1035/1035 
f 520/520/520 521/521/521 1035/1035/1035 
f 1035/1035/1035 521/521/521 1036/1036/1036 
f 521/521/521 522/522/522 1036/1036/1036 
f 1036/1036/1036 522/522/522 1037/1037/1037 
f 522/522/522 531/531/531 1037/1037/1037 
f 1037/1037/1037 531/531/531 1038/1038/1038 
f 531/531/531 531/531/531 1038/1038/1038 
f 1038/1038/1038 531/531/531 1039/1039/1039 
f 531/531/531 532/532/532 1039/1039/1039 
f 1039/1039/1039 532/532/532 1040/1040/1040 
f 532/532/532 552/552/552 1040/1040/1040 
f 1040/1040/1040 552/552/552 1041/1041/1041 
f 552/552/552 553/553/553 1041/1041/1041 
f 1041/1041/1041 553/553/553 1042/1042/1042 
f 553/553/553 559/559/559 1042/1042/1042 
f 1042/1042/1042 559/559/559 1043/1043/1043 
f 559/559/559 561/561/561 1043/1043/1043 
f 1043/1043/1043 561/561/561 1043/1043/1043 
f 561/561/561 566/566/566 1043/1043/1043 
f 1043/1043/1043 566/566/566 1043/1043/1043 
f 566/566/566 594/594/594 1043/1043/1043 
f 1043/1043/1043 594/594/594 1044/1044/1044 
f 594/594/594 596/596/596 1044/1044/1044 
f 1044/1044/1044 596/596/596 1044/1044/1044 
f 596/596/596 808/808/808 1044/1044/1044 
f 1044/1044/1044 808/808/808 1044/1044/1044 
f 808/808/808 1045/1045/1045 1044/1044/1044 
f 1044/1044/1044 1045/1045/1045 1046/1046/1046 
f 1045/1045/1045 1039/1039/1039 1046/1046/1046 
f 1046/1046/1046 1039/1039/1039 1046/1046/1046 
f 1039/1039/1039 1040/1040/1040 1046/1046/1046 
f 1046/1046/1046 1040/1040/1040 1042/1042/1042 
f 1040/1040/1040 1041/1041/1041 1042/1042/1042 
f 1042/1042/1042 1041/1041/1041 1041/1041/1041 
f 1041/1041/1041 1042/1042/1042 1041/1041/1041 
f 1041/1041/1041 1042/1042/1042 1042/1042/1042 
f 1042/1042/1042 1043/1043/1043 1042/1042/1042 
f 1042/1042/1042 1043/1043/1043 1046/1046/1046 
f 1043/1043/1043 1044/1044/1044 1046/1046/1046 
f 1046/1046/1046 1044/1044/1044 1044/1044/1044 
f 1044/1044/1044 808/808/808 1044/1044/1044 
f 1044/1044/1044 808/808/808 808/808/808 
f 808/808/808 826/826/826 808/808/808 
f 808/808/808 826/826/826 1045/1045/1045 
f 826/826/826 1047/1047/1047 1045/1045/1045 
f 1045/1045/1045 1047/1047/1047 1039/1039/1039 
f 1047/1047/1047 1047/1047/1047 1039/1039/1039 
f 1039/1039/1039 1047/1047/1047 1038/1038/1038 
f 1047/1047/1047 1048/1048/1048 1038/1038/1038 
f 1038/1038/1038 1048/1048/1048 1049/1049/1049 
f 1048/1048/1048 1050/1050/1050 1049/1049/1049 
f 1049/1049/1049 1050/1050/1050 1037/1037/1037 
f 1050/1050/1050 1050/1050/1050 1037/1037/1037 
f 1037/1037/1037 1050/1050/1050 1036/1036/1036 
f 1050/1050/1050 1050/1050/1050 1036/1036/1036 
f 1036/1036/1036 1050/1050/1050 1051/1051/1051 
f 1050/1050/1050 830/830/830 1051/1051/1051 
f 1051/1051/1051 830/830/830 1051/1051/1051 
f 830/830/830 831/831/831 1051/1051/1051 
f 1051/1051/1051 831/831/831 848/848/848 
f 831/831/831 848/848/848 848/848/848 
f 848/848/848 848/848/848 826/826/826 
f 848/848/848 826/826/826 826/826/826 
f 826/826/826 826/826/826 1047/1047/1047 
f 826/826/826 828/828/828 1047/1047/1047 
f 1047/1047/1047 828/828/828 1048/1048/1048 
f 828/828/828 830/830/830 1048/1048/1048 
f 1048/1048/1048 830/830/830 1050/1050/1050 
f 830/830/830 1050/1050/1050 1050/1050/1050 
f 1050/1050/1050 1050/1050/1050 1038/1038/1038 
f 1050/1050/1050 1038/1038/1038 1038/1038/1038 
f 1038/1038/1038 1038/1038/1038 1037/1037/1037 
f 1038/1038/1038 1049/1049/1049 1037/1037/1037 
f 1037/1037/1037 1049/1049/1049 1049/1049/1049 
f 1049/1049/1049 1036/1036/1036 1049/1049/1049 
f 1049/1049/1049 1036/1036/1036 1036/1036/1036 
f 1036/1036/1036 1051/1051/1051 1036/1036/1036 
f 1036/1036/1036 1051/1051/1051 1035/1035/1035 
f 1051/1051/1051 1052/1052/1052 1035/1035/1035 
f 1035/1035/1035 1052/1052/1052 1034/1034/1034 
f 1052/1052/1052 1034/1034/1034 1034/1034/1034 
f 1034/1034/1034 1034/1034/1034 1052/1052/1052 
f 1034/1034/1034 1052/1052/1052 1052/1052/1052 
f 1052/1052/1052 1052/1052/1052 1053/1053/1053 
f 1052/1052/1052 1051/1051/1051 1053/1053/1053 
f 1053/1053/1053 1051/1051/1051 1053/1053/1053 
f 1051/1051/1051 848/848/848 1053/1053/1053 
f 1053/1053/1053 848/848/848 1054/1054/1054 
f 848/848/848 849/849/849 1054/1054/1054 
f 1054/1054/1054 849/849/849 1055/1055/1055 
f 849/849/849 850/850/850 1055/1055/1055 
f 1055/1055/1055 850/850/850 1056/1056/1056 
f 850/850/850 851/851/851 1056/1056/1056 
f 1056/1056/1056 851/851/851 1057/1057/1057 
f 851/851/851 1001/1001/1001 1057/1057/1057 
f 1057/1057/1057 1001/1001/1001 1058/1058/1058 
f 1001/1001/1001 1001/1001/1001 1058/1058/1058 
f 1058/1058/1058 1001/1001/1001 1059/1059/1059 
f 1001/1001/1001 1002/1002/1002 1059/1059/1059 
f 1059/1059/1059 1002/1002/1002 1059/1059/1059 
f 1002/1002/1002 1017/1017/1017 1059/1059/1059 
f 1059/1059/1059 1017/1017/1017 1060/1060/1060 
f 1017/1017/1017 1018/1018/1018 1060/1060/1060 
f 1060/1060/1060 1018/1018/1018 1061/1061/1061 
f 1018/1018/1018 1019/1019/1019 1061/1061/1061 
f 1061/1061/1061 1019/1019/1019 1062/1062/1062 
f 1019/1019/1019 1020/1020/1020 1062/1062/1062 
f 1062/1062/1062 1020/1020/1020 1063/1063/1063 
f 1020/1020/1020 1021/1021/1021 1063/1063/1063 
f 1063/1063/1063 1021/1021/1021 1064/1064/1064 
f 1021/1021/1021 1022/1022/1022 1064/1064/1064 
f 1064/1064/1064 1022/1022/1022 1022/1022/1022 
f 1022/1022/1022 1063/1063/1063 1022/1022/1022 
f 1022/1022/1022 1063/1063/1063 1063/1063/1063 
f 1063/1063/1063 1064/1064/1064 1063/1063/1063 
f 1063/1063/1063 1064/1064/1064 1062/1062/1062 
f 1064/1064/1064 1065/1065/1065 1062/1062/1062 
f 1062/1062/1062 1065/1065/1065 1061/1061/1061 
f 1065/1065/1065 1065/1065/1065 1061/1061/1061 
f 1061/1061/1061 1065/1065/1065 1060/1060/1060 
f 1065/1065/1065 1066/1066/1066 1060/1060/1060 
f 1060/1060/1060 1066/1066/1066 1059/1059/1059 
f 1066/1066/1066 1066/1066/1066 1059/1059/1059 
f 1059/1059/1059 1066/1066/1066 1058/1058/1058 
f 1066/1066/1066 1067/1067/1067 1058/1058/1058 
f 1058/1058/1058 1067/1067/1067 1068/1068/1068 
f 1067/1067/1067 1069/1069/1069 1068/1068/1068 
f 1068/1068/1068 1069/1069/1069 1057/1057/1057 
f 1069/1069/1069 1069/1069/1069 1057/1057/1057 
f 1057/1057/1057 1069/1069/1069 1056/1056/1056 
f 1069/1069/1069 1070/1070/1070 1056/1056/1056 
f 1056/1056/1056 1070/1070/1070 1055/1055/1055 
f 1070/1070/1070 1055/1055/1055 1055/1055/1055 
f 1055/1055/1055 1055/1055/1055 1057/1057/1057 
f 1055/1055/1055 1057/1057/1057 1057/1057/1057 
f 1057/1057/1057 1057/1057/1057 1068/1068/1068 
f 1057/1057/1057 1058/1058/1058 1068/1068/1068 
f 1068/1068/1068 1058/1058/1058 1058/1058/1058 
f 1058/1058/1058 1070/1070/1070 1058/1058/1058 
f 1058/1058/1058 1070/1070/1070 1070/1070/1070 
f 1070/1070/1070 1069/1069/1069 1070/1070/1070 
f 1070/1070/1070 1069/1069/1069 1071/1071/1071 
f 1069/1069/1069 1067/1067/1067 1071/1071/1071 
f 1071/1071/1071 1067/1067/1067 1072/1072/1072 
f 1067/1067/1067 1066/1066/1066 1072/1072/1072 
f 1072/1072/1072 1066/1066/1066 1072/1072/1072 
f 1066/1066/1066 1065/1065/1065 1072/1072/1072 
f 1072/1072/1072 1065/1065/1065 1072/1072/1072 
f 1065/1065/1065 1064/1064/1064 1072/1072/1072 
f 1072/1072/1072 1064/1064/1064 1072/1072/1072 
f 1064/1064/1064 1022/1022/1022 1072/1072/1072 
f 1072/1072/1072 1022/1022/1022 1073/1073/1073 
f 1022/1022/1022 1023/1023/1023 1073/1073/1073 
f 1073/1073/1073 1023/1023/1023 1074/1074/1074 
f 1023/1023/1023 1024/1024/1024 1074/1074/1074 
f 1074/1074/1074 1024/1024/1024 1074/1074/1074 
f 1024/1024/1024 1030/1030/1030 1074/1074/1074 
f 1074/1074/1074 1030/1030/1030 1074/1074/1074 
f 1030/1030/1030 1031/1031/1031 1074/1074/1074 
f 1074/1074/1074 1031/1031/1031 1075/1075/1075 
f 1031/1031/1031 1032/1032/1032 1075/1075/1075 
f 1075/1075/1075 1032/1032/1032 1076/1076/1076 
f 1032/1032/1032 1033/1033/1033 1076/1076/1076 
f 1076/1076/1076 1033/1033/1033 1077/1077/1077 
f 1033/1033/1033 1034/1034/1034 1077/1077/1077 
f 1077/1077/1077 1034/1034/1034 1078/1078/1078 
f 1034/1034/1034 1052/1052/1052 1078/1078/1078 
f 1078/1078/1078 1052/1052/1052 1079/1079/1079 
f 1052/1052/1052 1053/1053/1053 1079/1079/1079 
f 1079/1079/1079 1053/1053/1053 1080/1080/1080 
f 1053/1053/1053 1054/1054/1054 1080/1080/1080 
f 1080/1080/1080 1054/1054/1054 1081/1081/1081 
f 1054/1054/1054 1055/1055/1055 1081/1081/1081 
f 1081/1081/1081 1055/1055/1055 1081/1081/1081 
f 1055/1055/1055 1070/1070/1070 1081/1081/1081 
f 1081/1081/1081 1070/1070/1070 1081/1081/1081 
f 1070/1070/1070 1082/1082/1082 1081/1081/1081 
f 1081/1081/1081 1082/1082/1082 1081/1081/1081 
f 1082/1082/1082 1079/1079/1079 1081/1081/1081 
f 1081/1081/1081 1079/1079/1079 1080/1080/1080 
f 1079/1079/1079 1080/1080/1080 1080/1080/1080 
f 1080/1080/1080 1080/1080/1080 1072/1072/1072 
f 1080/1080/1080 1072/1072/1072 1072/1072/1072 
f 1072/1072/1072 1072/1072/1072 1071/1071/1071 
f 1072/1072/1072 1073/1073/1073 1071/1071/1071 
f 1071/1071/1071 1073/1073/1073 1083/1083/1083 
f 1073/1073/1073 1074/1074/1074 1083/1083/1083 
f 1083/1083/1083 1074/1074/1074 1074/1074/1074 
f 1074/1074/1074 1071/1071/1071 1074/1074/1074 
f 1074/1074/1074 1071/1071/1071 1071/1071/1071 
f 1071/1071/1071 1083/1083/1083 1071/1071/1071 
f 1071/1071/1071 1083/1083/1083 1070/1070/1070 
f 1083/1083/1083 1083/1083/1083 1070/1070/1070 
f 1070/1070/1070 1083/1083/1083 1082/1082/1082 
f 1083/1083/1083 1084/1084/1084 1082/1082/1082 
f 1082/1082/1082 1084/1084/1084 1078/1078/1078 
f 1084/1084/1084 1084/1084/1084 1078/1078/1078 
f 1078/1078/1078 1084/1084/1084 1077/1077/1077 
f 1084/1084/1084 1075/1075/1075 1077/1077/1077 
f 1077/1077/1077 1075/1075/1075 1076/1076/1076 
f 1075/1075/1075 1076/1076/1076 1076/1076/1076 
f 1076/1076/1076 1076/1076/1076 1078/1078/1078 
f 1076/1076/1076 1078/1078/1078 1078/1078/1078 
f 1078/1078/1078 1078/1078/1078 1082/1082/1082 
f 1078/1078/1078 1079/1079/1079 1082/1082/1082 
f 1082/1082/1082 1079/1079/1079 1079/1079/1079 
f 1079/1079/1079 1075/1075/1075 1079/1079/1079 
f 1079/1079/1079 1075/1075/1075 1075/1075/1075 
f 1075/1075/1075 1084/1084/1084 1075/1075/1075 
f 1075/1075/1075 1084/1084/1084 1074/1074/1074 
f 1084/1084/1084 1083/1083/1083 1074/1074/1074 
f 1074/1074/1074 1083/1083/1083 1083/1083/1083 
f 1083/1083/1083 467/467/467 1083/1083/1083 
f 1083/1083/1083 467/467/467 467/467/467 
f 467/467/467 657/657/657 467/467/467 
f 467/467/467 657/657/657 466/466/466 
f 657/657/657 1085/1085/1085 466/466/466 
f 466/466/466 1085/1085/1085 471/471/471 
f 1085/1085/1085 1086/1086/1086 471/471/471 
f 471/471/471 1086/1086/1086 464/464/464 
f 1086/1086/1086 464/464/464 464/464/464 
f 464/464/464 464/464/464 657/657/657 
f 464/464/464 657/657/657 657/657/657 
f 657/657/657 657/657/657 1085/1085/1085 
f 657/657/657 656/656/656 1085/1085/1085 
f 1085/1085/1085 656/656/656 1087/1087/1087 
f 656/656/656 655/655/655 1087/1087/1087 
f 1087/1087/1087 655/655/655 1088/1088/1088 
f 655/655/655 654/654/654 1088/1088/1088 
f 1088/1088/1088 654/654/654 1088/1088/1088 
f 654/654/654 361/361/361 1088/1088/1088 
f 1088/1088/1088 361/361/361 1088/1088/1088 
f 361/361/361 362/362/362 1088/1088/1088 
f 1088/1088/1088 362/362/362 1089/1089/1089 
f 362/362/362 363/363/363 1089/1089/1089 
f 1089/1089/1089 363/363/363 1090/1090/1090 
f 363/363/363 365/365/365 1090/1090/1090 
f 1090/1090/1090 365/365/365 1091/1091/1091 
f 365/365/365 367/367/367 1091/1091/1091 
f 1091/1091/1091 367/367/367 367/367/367 
f 367/367/367 1085/1085/1085 367/367/367 
f 367/367/367 1085/1085/1085 1085/1085/1085 
f 1085/1085/1085 1087/1087/1087 1085/1085/1085 
f 1085/1085/1085 1087/1087/1087 1086/1086/1086 
f 1087/1087/1087 1092/1092/1092 1086/1086/1086 
f 1086/1086/1086 1092/1092/1092 1093/1093/1093 
f 1092/1092/1092 1091/1091/1091 1093/1093/1093 
f 1093/1093/1093 1091/1091/1091 1093/1093/1093 
f 1091/1091/1091 367/367/367 1093/1093/1093 
f 1093/1093/1093 367/367/367 1093/1093/1093 
f 367/367/367 369/369/369 1093/1093/1093 
f 1093/1093/1093 369/369/369 1093/1093/1093 
f 369/369/369 419/419/419 1093/1093/1093 
f 1093/1093/1093 419/419/419 1093/1093/1093 
f 419/419/419 424/424/424 1093/1093/1093 
f 1093/1093/1093 424/424/424 1093/1093/1093 
f 424/424/424 464/464/464 1093/1093/1093 
f 1093/1093/1093 464/464/464 1086/1086/1086 
f 464/464/464 1086/1086/1086 1086/1086/1086 
f 1086/1086/1086 1086/1086/1086 1090/1090/1090 
f 1086/1086/1086 1090/1090/1090 1090/1090/1090 
f 1090/1090/1090 1090/1090/1090 1089/1089/1089 
f 1090/1090/1090 1091/1091/1091 1089/1089/1089 
f 1089/1089/1089 1091/1091/1091 1089/1089/1089 
f 1091/1091/1091 1092/1092/1092 1089/1089/1089 
f 1089/1089/1089 1092/1092/1092 1088/1088/1088 
f 1092/1092/1092 1087/1087/1087 1088/1088/1088 
f 1088/1088/1088 1087/1087/1087 1087/1087/1087 
f 1087/1087/1087 783/783/783 1087/1087/1087 
f 1087/1087/1087 783/783/783 783/783/783 
f 783/783/783 1094/1094/1094 783/783/783 
f 783/783/783 1094/1094/1094 1095/1095/1095 
f 1094/1094/1094 1096/1096/1096 1095/1095/1095 
f 1095/1095/1095 1096/1096/1096 1096/1096/1096 
f 1096/1096/1096 921/921/921 1096/1096/1096 
f 1096/1096/1096 921/921/921 921/921/921 
f 921/921/921 922/922/922 921/921/921 
f 921/921/921 922/922/922 1097/1097/1097 
f 922/922/922 926/926/926 1097/1097/1097 
f 1097/1097/1097 926/926/926 1098/1098/1098 
f 926/926/926 927/927/927 1098/1098/1098 
f 1098/1098/1098 927/927/927 1098/1098/1098 
f 927/927/927 940/940/940 1098/1098/1098 
f 1098/1098/1098 940/940/940 1099/1099/1099 
f 940/940/940 940/940/940 1099/1099/1099 
f 1099/1099/1099 940/940/940 1100/1100/1100 
f 940/940/940 932/932/932 1100/1100/1100 
f 1100/1100/1100 932/932/932 1100/1100/1100 
f 932/932/932 934/934/934 1100/1100/1100 
f 1100/1100/1100 934/934/934 1101/1101/1101 
f 934/934/934 1102/1102/1102 1101/1101/1101 
f 1101/1101/1101 1102/1102/1102 1103/1103/1103 
f 1102/1102/1102 1102/1102/1102 1103/1103/1103 
f 1103/1103/1103 1102/1102/1102 1104/1104/1104 
f 1102/1102/1102 1102/1102/1102 1104/1104/1104 
f 1104/1104/1104 1102/1102/1102 976/976/976 
f 1102/1102/1102 1102/1102/1102 976/976/976 
f 976/976/976 1102/1102/1102 935/935/935 
f 1102/1102/1102 934/934/934 935/935/935 
f 935/935/935 934/934/934 934/934/934 
f 934/934/934 1100/1100/1100 934/934/934 
f 934/934/934 1100/1100/1100 1100/1100/1100 
f 1100/1100/1100 1101/1101/1101 1100/1100/1100 
f 1100/1100/1100 1101/1101/1101 1105/1105/1105 
f 1101/1101/1101 1106/1106/1106 1105/1105/1105 
f 1105/1105/1105 1106/1106/1106 1105/1105/1105 
f 1106/1106/1106 1107/1107/1107 1105/1105/1105 
f 1105/1105/1105 1107/1107/1107 1108/1108/1108 
f 1107/1107/1107 1107/1107/1107 1108/1108/1108 
f 1108/1108/1108 1107/1107/1107 1109/1109/1109 
f 1107/1107/1107 1107/1107/1107 1109/1109/1109 
f 1109/1109/1109 1107/1107/1107 1110/1110/1110 
f 1107/1107/1107 1107/1107/1107 1110/1110/1110 
f 1110/1110/1110 1107/1107/1107 1111/1111/1111 
f 1107/1107/1107 1106/1106/1106 1111/1111/1111 
f 1111/1111/1111 1106/1106/1106 1112/1112/1112 
f 1106/1106/1106 1103/1103/1103 1112/1112/1112 
f 1112/1112/1112 1103/1103/1103 1113/1113/1113 
f 1103/1103/1103 1104/1104/1104 1113/1113/1113 
f 1113/1113/1113 1104/1104/1104 1114/1114/1114 
f 1104/1104/1104 1104/1104/1104 1114/1114/1114 
f 1114/1114/1114 1104/1104/1104 1115/1115/1115 
f 1104/1104/1104 976/976/976 1115/1115/1115 
f 1115/1115/1115 976/976/976 1115/1115/1115 
f 976/976/976 975/975/975 1115/1115/1115 
f 1115/1115/1115 975/975/975 1116/1116/1116 
f 975/975/975 977/977/977 1116/1116/1116 
f 1116/1116/1116 977/977/977 1117/1117/1117 
f 977/977/977 991/991/991 1117/1117/1117 
f 1117/1117/1117 991/991/991 1118/1118/1118 
f 991/991/991 993/993/993 1118/1118/1118 
f 1118/1118/1118 993/993/993 1118/1118/1118 
f 993/993/993 1119/1119/1119 1118/1118/1118 
f 1118/1118/1118 1119/1119/1119 1118/1118/1118 
f 1119/1119/1119 1120/1120/1120 1118/1118/1118 
f 1118/1118/1118 1120/1120/1120 1121/1121/1121 
f 1120/1120/1120 1122/1122/1122 1121/1121/1121 
f 1121/1121/1121 1122/1122/1122 1117/1117/1117 
f 1122/1122/1122 1122/1122/1122 1117/1117/1117 
f 1117/1117/1117 1122/1122/1122 1116/1116/1116 
f 1122/1122/1122 1123/1123/1123 1116/1116/1116 
f 1116/1116/1116 1123/1123/1123 1115/1115/1115 
f 1123/1123/1123 1123/1123/1123 1115/1115/1115 
f 1115/1115/1115 1123/1123/1123 1114/1114/1114 
f 1123/1123/1123 1124/1124/1124 1114/1114/1114 
f 1114/1114/1114 1124/1124/1124 1112/1112/1112 
f 1124/1124/1124 1124/1124/1124 1112/1112/1112 
f 1112/1112/1112 1124/1124/1124 1111/1111/1111 
f 1124/1124/1124 1124/1124/1124 1111/1111/1111 
f 1111/1111/1111 1124/1124/1124 1125/1125/1125 
f 1124/1124/1124 1124/1124/1124 1125/1125/1125 
f 1125/1125/1125 1124/1124/1124 1126/1126/1126 
f 1124/1124/1124 1123/1123/1123 1126/1126/1126 
f 1126/1126/1126 1123/1123/1123 1127/1127/1127 
f 1123/1123/1123 1122/1122/1122 1127/1127/1127 
f 1127/1127/1127 1122/1122/1122 1127/1127/1127 
f 1122/1122/1122 1120/1120/1120 1127/1127/1127 
f 1127/1127/1127 1120/1120/1120 1128/1128/1128 
f 1120/1120/1120 1119/1119/1119 1128/1128/1128 
f 1128/1128/1128 1119/1119/1119 1119/1119/1119 
f 1119/1119/1119 1101/1101/1101 1119/1119/1119 
f 1119/1119/1119 1101/1101/1101 1101/1101/1101 
f 1101/1101/1101 1103/1103/1103 1101/1101/1101 
f 1101/1101/1101 1103/1103/1103 1106/1106/1106 
f 1103/1103/1103 1106/1106/1106 1106/1106/1106 
f 1106/1106/1106 1106/1106/1106 1100/1100/1100 
f 1106/1106/1106 1100/1100/1100 1100/1100/1100 
f 1100/1100/1100 1100/1100/1100 1099/1099/1099 
f 1100/1100/1100 1105/1105/1105 1099/1099/1099 
f 1099/1099/1099 1105/1105/1105 1108/1108/1108 
f 1105/1105/1105 1108/1108/1108 1108/1108/1108 
f 1108/1108/1108 1108/1108/1108 1112/1112/1112 
f 1108/1108/1108 1112/1112/1112 1112/1112/1112 
f 1112/1112/1112 1112/1112/1112 1114/1114/1114 
f 1112/1112/1112 1113/1113/1113 1114/1114/1114 
f 1114/1114/1114 1113/1113/1113 1113/1113/1113 
f 1113/1113/1113 1121/1121/1121 1113/1113/1113 
f 1113/1113/1113 1121/1121/1121 1121/1121/1121 
f 1121/1121/1121 1117/1117/1117 1121/1121/1121 
f 1121/1121/1121 1117/1117/1117 1118/1118/1118 
f 1117/1117/1117 1118/1118/1118 1118/1118/1118 
f 1118/1118/1118 1118/1118/1118 1128/1128/1128 
f 1118/1118/1118 1128/1128/1128 1128/1128/1128 
f 1128/1128/1128 1128/1128/1128 1127/1127/1127 
f 1128/1128/1128 1129/1129/1129 1127/1127/1127 
f 1127/1127/1127 1129/1129/1129 1126/1126/1126 
f 1129/1129/1129 1130/1130/1130 1126/1126/1126 
f 1126/1126/1126 1130/1130/1130 1125/1125/1125 
f 1130/1130/1130 1125/1125/1125 1125/1125/1125 
f 1125/1125/1125 1125/1125/1125 1130/1130/1130 
f 1125/1125/1125 1130/1130/1130 1130/1130/1130 
f 1130/1130/1130 1130/1130/1130 1131/1131/1131 
f 1130/1130/1130 1129/1129/1129 1131/1131/1131 
f 1131/1131/1131 1129/1129/1129 1132/1132/1132 
f 1129/1129/1129 1128/1128/1128 1132/1132/1132 
f 1132/1132/1132 1128/1128/1128 1133/1133/1133 
f 1128/1128/1128 1128/1128/1128 1133/1133/1133 
f 1133/1133/1133 1128/1128/1128 1134/1134/1134 
f 1128/1128/1128 1119/1119/1119 1134/1134/1134 
f 1134/1134/1134 1119/1119/1119 1135/1135/1135 
f 1119/1119/1119 993/993/993 1135/1135/1135 
f 1135/1135/1135 993/993/993 1136/1136/1136 
f 993/993/993 993/993/993 1136/1136/1136 
f 1136/1136/1136 993/993/993 1137/1137/1137 
f 993/993/993 994/994/994 1137/1137/1137 
f 1137/1137/1137 994/994/994 1138/1138/1138 
f 994/994/994 995/995/995 1138/1138/1138 
f 1138/1138/1138 995/995/995 1139/1139/1139 
f 995/995/995 1000/1000/1000 1139/1139/1139 
f 1139/1139/1139 1000/1000/1000 1140/1140/1140 
f 1000/1000/1000 853/853/853 1140/1140/1140 
f 1140/1140/1140 853/853/853 1140/1140/1140 
f 853/853/853 854/854/854 1140/1140/1140 
f 1140/1140/1140 854/854/854 1140/1140/1140 
f 854/854/854 1141/1141/1141 1140/1140/1140 
f 1140/1140/1140 1141/1141/1141 1142/1142/1142 
f 1141/1141/1141 1143/1143/1143 1142/1142/1142 
f 1142/1142/1142 1143/1143/1143 1139/1139/1139 
f 1143/1143/1143 1143/1143/1143 1139/1139/1139 
f 1139/1139/1139 1143/1143/1143 1138/1138/1138 
f 1143/1143/1143 1144/1144/1144 1138/1138/1138 
f 1138/1138/1138 1144/1144/1144 1137/1137/1137 
f 1144/1144/1144 1145/1145/1145 1137/1137/1137 
f 1137/1137/1137 1145/1145/1145 1136/1136/1136 
f 1145/1145/1145 1146/1146/1146 1136/1136/1136 
f 1136/1136/1136 1146/1146/1146 1136/1136/1136 
f 1146/1146/1146 1147/1147/1147 1136/1136/1136 
f 1136/1136/1136 1147/1147/1147 1135/1135/1135 
f 1147/1147/1147 1148/1148/1148 1135/1135/1135 
f 1135/1135/1135 1148/1148/1148 1134/1134/1134 
f 1148/1148/1148 1149/1149/1149 1134/1134/1134 
f 1134/1134/1134 1149/1149/1149 1133/1133/1133 
f 1149/1149/1149 1150/1150/1150 1133/1133/1133 
f 1133/1133/1133 1150/1150/1150 1133/1133/1133 
f 1150/1150/1150 1151/1151/1151 1133/1133/1133 
f 1133/1133/1133 1151/1151/1151 1132/1132/1132 
f 1151/1151/1151 1132/1132/1132 1132/1132/1132 
f 1132/1132/1132 1132/1132/1132 1000/1000/1000 
f 1132/1132/1132 1000/1000/1000 1000/1000/1000 
f 1000/1000/1000 1000/1000/1000 853/853/853 
f 1000/1000/1000 852/852/852 853/853/853 
f 853/853/853 852/852/852 852/852/852 
f 852/852/852 1140/1140/1140 852/852/852 
f 852/852/852 1140/1140/1140 1140/1140/1140 
f 1140/1140/1140 1142/1142/1142 1140/1140/1140 
f 1140/1140/1140 1142/1142/1142 1139/1139/1139 
f 1142/1142/1142 1139/1139/1139 1139/1139/1139 
f 1139/1139/1139 1139/1139/1139 1141/1141/1141 
f 1139/1139/1139 1141/1141/1141 1141/1141/1141 
f 1141/1141/1141 1141/1141/1141 1143/1143/1143 
f 1141/1141/1141 1152/1152/1152 1143/1143/1143 
f 1143/1143/1143 1152/1152/1152 1144/1144/1144 
f 1152/1152/1152 1153/1153/1153 1144/1144/1144 
f 1144/1144/1144 1153/1153/1153 1145/1145/1145 
f 1153/1153/1153 1145/1145/1145 1145/1145/1145 
f 1145/1145/1145 1145/1145/1145 1151/1151/1151 
f 1145/1145/1145 1151/1151/1151 1151/1151/1151 
f 1151/1151/1151 1151/1151/1151 1154/1154/1154 
f 1151/1151/1151 1150/1150/1150 1154/1154/1154 
f 1154/1154/1154 1150/1150/1150 1154/1154/1154 
f 1150/1150/1150 1149/1149/1149 1154/1154/1154 
f 1154/1154/1154 1149/1149/1149 1155/1155/1155 
f 1149/1149/1149 1148/1148/1148 1155/1155/1155 
f 1155/1155/1155 1148/1148/1148 1156/1156/1156 
f 1148/1148/1148 1148/1148/1148 1156/1156/1156 
f 1156/1156/1156 1148/1148/1148 1157/1157/1157 
f 1148/1148/1148 1147/1147/1147 1157/1157/1157 
f 1157/1157/1157 1147/1147/1147 1158/1158/1158 
f 1147/1147/1147 1146/1146/1146 1158/1158/1158 
f 1158/1158/1158 1146/1146/1146 1159/1159/1159 
f 1146/1146/1146 1146/1146/1146 1159/1159/1159 
f 1159/1159/1159 1146/1146/1146 1160/1160/1160 
f 1146/1146/1146 1146/1146/1146 1160/1160/1160 
f 1160/1160/1160 1146/1146/1146 1161/1161/1161 
f 1146/1146/1146 1145/1145/1145 1161/1161/1161 
f 1161/1161/1161 1145/1145/1145 1161/1161/1161 
f 1145/1145/1145 1153/1153/1153 1161/1161/1161 
f 1161/1161/1161 1153/1153/1153 1162/1162/1162 
f 1153/1153/1153 1153/1153/1153 1162/1162/1162 
f 1162/1162/1162 1153/1153/1153 1163/1163/1163 
f 1153/1153/1153 1152/1152/1152 1163/1163/1163 
f 1163/1163/1163 1152/1152/1152 1163/1163/1163 
f 1152/1152/1152 1164/1164/1164 1163/1163/1163 
f 1163/1163/1163 1164/1164/1164 1165/1165/1165 
f 1164/1164/1164 915/915/915 1165/1165/1165 
f 1165/1165/1165 915/915/915 1166/1166/1166 
f 915/915/915 907/907/907 1166/1166/1166 
f 1166/1166/1166 907/907/907 907/907/907 
f 907/907/907 1164/1164/1164 907/907/907 
f 907/907/907 1164/1164/1164 1164/1164/1164 
f 1164/1164/1164 891/891/891 1164/1164/1164 
f 1164/1164/1164 891/891/891 915/915/915 
f 891/891/891 915/915/915 915/915/915 
f 915/915/915 915/915/915 1166/1166/1166 
f 915/915/915 1166/1166/1166 1166/1166/1166 
f 1166/1166/1166 1166/1166/1166 1165/1165/1165 
f 1166/1166/1166 1167/1167/1167 1165/1165/1165 
f 1165/1165/1165 1167/1167/1167 1163/1163/1163 
f 1167/1167/1167 1167/1167/1167 1163/1163/1163 
f 1163/1163/1163 1167/1167/1167 1162/1162/1162 
f 1167/1167/1167 1167/1167/1167 1162/1162/1162 
f 1162/1162/1162 1167/1167/1167 1161/1161/1161 
f 1167/1167/1167 1167/1167/1167 1161/1161/1161 
f 1161/1161/1161 1167/1167/1167 1160/1160/1160 
f 1167/1167/1167 1166/1166/1166 1160/1160/1160 
f 1160/1160/1160 1166/1166/1166 1168/1168/1168 
f 1166/1166/1166 1166/1166/1166 1168/1168/1168 
f 1168/1168/1168 1166/1166/1166 1169/1169/1169 
f 1166/1166/1166 907/907/907 1169/1169/1169 
f 1169/1169/1169 907/907/907 1169/1169/1169 
f 907/907/907 908/908/908 1169/1169/1169 
f 1169/1169/1169 908/908/908 1170/1170/1170 
f 908/908/908 909/909/909 1170/1170/1170 
f 1170/1170/1170 909/909/909 1171/1171/1171 
f 909/909/909 910/910/910 1171/1171/1171 
f 1171/1171/1171 910/910/910 1172/1172/1172 
f 910/910/910 1173/1173/1173 1172/1172/1172 
f 1172/1172/1172 1173/1173/1173 1172/1172/1172 
f 1173/1173/1173 1174/1174/1174 1172/1172/1172 
f 1172/1172/1172 1174/1174/1174 1171/1171/1171 
f 1174/1174/1174 1175/1175/1175 1171/1171/1171 
f 1171/1171/1171 1175/1175/1175 1170/1170/1170 
f 1175/1175/1175 1176/1176/1176 1170/1170/1170 
f 1170/1170/1170 1176/1176/1176 1169/1169/1169 
f 1176/1176/1176 1176/1176/1176 1169/1169/1169 
f 1169/1169/1169 1176/1176/1176 1168/1168/1168 
f 1176/1176/1176 1177/1177/1177 1168/1168/1168 
f 1168/1168/1168 1177/1177/1177 1168/1168/1168 
f 1177/1177/1177 1159/1159/1159 1168/1168/1168 
f 1168/1168/1168 1159/1159/1159 1160/1160/1160 
f 1159/1159/1159 1160/1160/1160 1160/1160/1160 
f 1160/1160/1160 1160/1160/1160 1173/1173/1173 
f 1160/1160/1160 1173/1173/1173 1173/1173/1173 
f 1173/1173/1173 1173/1173/1173 911/911/911 
f 1173/1173/1173 910/910/910 911/911/911 
f 911/911/911 910/910/910 910/910/910 
f 910/910/910 1177/1177/1177 910/910/910 
f 910/910/910 1177/1177/1177 1177/1177/1177 
f 1177/1177/1177 1176/1176/1176 1177/1177/1177 
f 1177/1177/1177 1176/1176/1176 1178/1178/1178 
f 1176/1176/1176 1175/1175/1175 1178/1178/1178 
f 1178/1178/1178 1175/1175/1175 1179/1179/1179 
f 1175/1175/1175 1174/1174/1174 1179/1179/1179 
f 1179/1179/1179 1174/1174/1174 1180/1180/1180 
f 1174/1174/1174 1173/1173/1173 1180/1180/1180 
f 1180/1180/1180 1173/1173/1173 1181/1181/1181 
f 1173/1173/1173 911/911/911 1181/1181/1181 
f 1181/1181/1181 911/911/911 1181/1181/1181 
f 911/911/911 912/912/912 1181/1181/1181 
f 1181/1181/1181 912/912/912 1181/1181/1181 
f 912/912/912 917/917/917 1181/1181/1181 
f 1181/1181/1181 917/917/917 1182/1182/1182 
f 917/917/917 918/918/918 1182/1182/1182 
f 1182/1182/1182 918/918/918 1183/1183/1183 
f 918/918/918 919/919/919 1183/1183/1183 
f 1183/1183/1183 919/919/919 1184/1184/1184 
f 919/919/919 920/920/920 1184/1184/1184 
f 1184/1184/1184 920/920/920 1185/1185/1185 
f 920/920/920 920/920/920 1185/1185/1185 
f 1185/1185/1185 920/920/920 1186/1186/1186 
f 920/920/920 921/921/921 1186/1186/1186 
f 1186/1186/1186 921/921/921 1186/1186/1186 
f 921/921/921 1097/1097/1097 1186/1186/1186 
f 1186/1186/1186 1097/1097/1097 1187/1187/1187 
f 1097/1097/1097 1188/1188/1188 1187/1187/1187 
f 1187/1187/1187 1188/1188/1188 1189/1189/1189 
f 1188/1188/1188 1108/1108/1108 1189/1189/1189 
f 1189/1189/1189 1108/1108/1108 1190/1190/1190 
f 1108/1108/1108 1109/1109/1109 1190/1190/1190 
f 1190/1190/1190 1109/1109/1109 1191/1191/1191 
f 1109/1109/1109 1109/1109/1109 1191/1191/1191 
f 1191/1191/1191 1109/1109/1109 1192/1192/1192 
f 1109/1109/1109 1110/1110/1110 1192/1192/1192 
f 1192/1192/1192 1110/1110/1110 1193/1193/1193 
f 1110/1110/1110 1110/1110/1110 1193/1193/1193 
f 1193/1193/1193 1110/1110/1110 1194/1194/1194 
f 1110/1110/1110 1111/1111/1111 1194/1194/1194 
f 1194/1194/1194 1111/1111/1111 1194/1194/1194 
f 1111/1111/1111 1125/1125/1125 1194/1194/1194 
f 1194/1194/1194 1125/1125/1125 1195/1195/1195 
f 1125/1125/1125 1130/1130/1130 1195/1195/1195 
f 1195/1195/1195 1130/1130/1130 1130/1130/1130 
f 1130/1130/1130 1097/1097/1097 1130/1130/1130 
f 1130/1130/1130 1097/1097/1097 1097/1097/1097 
f 1097/1097/1097 1098/1098/1098 1097/1097/1097 
f 1097/1097/1097 1098/1098/1098 1188/1188/1188 
f 1098/1098/1098 1099/1099/1099 1188/1188/1188 
f 1188/1188/1188 1099/1099/1099 1108/1108/1108 
f 1099/1099/1099 1108/1108/1108 1108/1108/1108 
f 1108/1108/1108 1108/1108/1108 1195/1195/1195 
f 1108/1108/1108 1195/1195/1195 1195/1195/1195 
f 1195/1195/1195 1195/1195/1195 1194/1194/1194 
f 1195/1195/1195 1196/1196/1196 1194/1194/1194 
f 1194/1194/1194 1196/1196/1196 1193/1193/1193 
f 1196/1196/1196 1197/1197/1197 1193/1193/1193 
f 1193/1193/1193 1197/1197/1197 1193/1193/1193 
f 1197/1197/1197 1198/1198/1198 1193/1193/1193 
f 1193/1193/1193 1198/1198/1198 1192/1192/1192 
f 1198/1198/1198 1199/1199/1199 1192/1192/1192 
f 1192/1192/1192 1199/1199/1199 1192/1192/1192 
f 1199/1199/1199 1200/1200/1200 1192/1192/1192 
f 1192/1192/1192 1200/1200/1200 1191/1191/1191 
f 1200/1200/1200 1201/1201/1201 1191/1191/1191 
f 1191/1191/1191 1201/1201/1201 1191/1191/1191 
f 1201/1201/1201 1202/1202/1202 1191/1191/1191 
f 1191/1191/1191 1202/1202/1202 1190/1190/1190 
f 1202/1202/1202 1203/1203/1203 1190/1190/1190 
f 1190/1190/1190 1203/1203/1203 1189/1189/1189 
f 1203/1203/1203 1204/1204/1204 1189/1189/1189 
f 1189/1189/1189 1204/1204/1204 1187/1187/1187 
f 1204/1204/1204 1205/1205/1205 1187/1187/1187 
f 1187/1187/1187 1205/1205/1205 1186/1186/1186 
f 1205/1205/1205 1205/1205/1205 1186/1186/1186 
f 1186/1186/1186 1205/1205/1205 1185/1185/1185 
f 1205/1205/1205 1205/1205/1205 1185/1185/1185 
f 1185/1185/1185 1205/1205/1205 1206/1206/1206 
f 1205/1205/1205 1203/1203/1203 1206/1206/1206 
f 1206/1206/1206 1203/1203/1203 1206/1206/1206 
f 1203/1203/1203 1202/1202/1202 1206/1206/1206 
f 1206/1206/1206 1202/1202/1202 1207/1207/1207 
f 1202/1202/1202 1202/1202/1202 1207/1207/1207 
f 1207/1207/1207 1202/1202/1202 1208/1208/1208 
f 1202/1202/1202 1201/1201/1201 1208/1208/1208 
f 1208/1208/1208 1201/1201/1201 1209/1209/1209 
f 1201/1201/1201 1210/1210/1210 1209/1209/1209 
f 1209/1209/1209 1210/1210/1210 1211/1211/1211 
f 1210/1210/1210 1200/1200/1200 1211/1211/1211 
f 1211/1211/1211 1200/1200/1200 1199/1199/1199 
f 1200/1200/1200 1199/1199/1199 1199/1199/1199 
f 1199/1199/1199 1199/1199/1199 1195/1195/1195 
f 1199/1199/1199 1195/1195/1195 1195/1195/1195 
f 1195/1195/1195 1195/1195/1195 1196/1196/1196 
f 1195/1195/1195 1197/1197/1197 1196/1196/1196 
f 1196/1196/1196 1197/1197/1197 1197/1197/1197 
f 1197/1197/1197 1205/1205/1205 1197/1197/1197 
f 1197/1197/1197 1205/1205/1205 1205/1205/1205 
f 1205/1205/1205 1204/1204/1204 1205/1205/1205 
f 1205/1205/1205 1204/1204/1204 1203/1203/1203 
f 1204/1204/1204 1203/1203/1203 1203/1203/1203 
f 1203/1203/1203 1203/1203/1203 1200/1200/1200 
f 1203/1203/1203 1200/1200/1200 1200/1200/1200 
f 1200/1200/1200 1200/1200/1200 1201/1201/1201 
f 1200/1200/1200 1210/1210/1210 1201/1201/1201 
f 1201/1201/1201 1210/1210/1210 1210/1210/1210 
f 1210/1210/1210 1206/1206/1206 1210/1210/1210 
f 1210/1210/1210 1206/1206/1206 1206/1206/1206 
f 1206/1206/1206 1207/1207/1207 1206/1206/1206 
f 1206/1206/1206 1207/1207/1207 1212/1212/1212 
f 1207/1207/1207 1207/1207/1207 1212/1212/1212 
f 1212/1212/1212 1207/1207/1207 1213/1213/1213 
f 1207/1207/1207 1207/1207/1207 1213/1213/1213 
f 1213/1213/1213 1207/1207/1207 1214/1214/1214 
f 1207/1207/1207 1208/1208/1208 1214/1214/1214 
f 1214/1214/1214 1208/1208/1208 1215/1215/1215 
f 1208/1208/1208 1209/1209/1209 1215/1215/1215 
f 1215/1215/1215 1209/1209/1209 1216/1216/1216 
f 1209/1209/1209 1211/1211/1211 1216/1216/1216 
f 1216/1216/1216 1211/1211/1211 1211/1211/1211 
f 1211/1211/1211 1206/1206/1206 1211/1211/1211 
f 1211/1211/1211 1206/1206/1206 1206/1206/1206 
f 1206/1206/1206 1212/1212/1212 1206/1206/1206 
f 1206/1206/1206 1212/1212/1212 1185/1185/1185 
f 1212/1212/1212 1217/1217/1217 1185/1185/1185 
f 1185/1185/1185 1217/1217/1217 1184/1184/1184 
f 1217/1217/1217 1184/1184/1184 1184/1184/1184 
f 1184/1184/1184 1184/1184/1184 1217/1217/1217 
f 1184/1184/1184 1217/1217/1217 1217/1217/1217 
f 1217/1217/1217 1217/1217/1217 1218/1218/1218 
f 1217/1217/1217 1212/1212/1212 1218/1218/1218 
f 1218/1218/1218 1212/1212/1212 1218/1218/1218 
f 1212/1212/1212 1213/1213/1213 1218/1218/1218 
f 1218/1218/1218 1213/1213/1213 1218/1218/1218 
f 1213/1213/1213 1219/1219/1219 1218/1218/1218 
f 1218/1218/1218 1219/1219/1219 1218/1218/1218 
f 1219/1219/1219 1220/1220/1220 1218/1218/1218 
f 1218/1218/1218 1220/1220/1220 1221/1221/1221 
f 1220/1220/1220 1222/1222/1222 1221/1221/1221 
f 1221/1221/1221 1222/1222/1222 1217/1217/1217 
f 1222/1222/1222 1222/1222/1222 1217/1217/1217 
f 1217/1217/1217 1222/1222/1222 1184/1184/1184 
f 1222/1222/1222 1222/1222/1222 1184/1184/1184 
f 1184/1184/1184 1222/1222/1222 1183/1183/1183 
f 1222/1222/1222 1223/1223/1223 1183/1183/1183 
f 1183/1183/1183 1223/1223/1223 1183/1183/1183 
f 1223/1223/1223 1224/1224/1224 1183/1183/1183 
f 1183/1183/1183 1224/1224/1224 1182/1182/1182 
f 1224/1224/1224 1225/1225/1225 1182/1182/1182 
f 1182/1182/1182 1225/1225/1225 1181/1181/1181 
f 1225/1225/1225 1225/1225/1225 1181/1181/1181 
f 1181/1181/1181 1225/1225/1225 1180/1180/1180 
f 1225/1225/1225 1226/1226/1226 1180/1180/1180 
f 1180/1180/1180 1226/1226/1226 1179/1179/1179 
f 1226/1226/1226 1179/1179/1179 1179/1179/1179 
f 1179/1179/1179 1179/1179/1179 1221/1221/1221 
f 1179/1179/1179 1221/1221/1221 1221/1221/1221 
f 1221/1221/1221 1221/1221/1221 1218/1218/1218 
f 1221/1221/1221 1217/1217/1217 1218/1218/1218 
f 1218/1218/1218 1217/1217/1217 1217/1217/1217 
f 1217/1217/1217 1222/1222/1222 1217/1217/1217 
f 1217/1217/1217 1222/1222/1222 1222/1222/1222 
f 1222/1222/1222 1220/1220/1220 1222/1222/1222 
f 1222/1222/1222 1220/1220/1220 1223/1223/1223 
f 1220/1220/1220 1227/1227/1227 1223/1223/1223 
f 1223/1223/1223 1227/1227/1227 1223/1223/1223 
f 1227/1227/1227 1228/1228/1228 1223/1223/1223 
f 1223/1223/1223 1228/1228/1228 1224/1224/1224 
f 1228/1228/1228 1229/1229/1229 1224/1224/1224 
f 1224/1224/1224 1229/1229/1229 1225/1225/1225 
f 1229/1229/1229 1226/1226/1226 1225/1225/1225 
f 1225/1225/1225 1226/1226/1226 1226/1226/1226 
f 1226/1226/1226 1220/1220/1220 1226/1226/1226 
f 1226/1226/1226 1220/1220/1220 1220/1220/1220 
f 1220/1220/1220 1219/1219/1219 1220/1220/1220 
f 1220/1220/1220 1219/1219/1219 1227/1227/1227 
f 1219/1219/1219 1219/1219/1219 1227/1227/1227 
f 1227/1227/1227 1219/1219/1219 1230/1230/1230 
f 1219/1219/1219 1219/1219/1219 1230/1230/1230 
f 1230/1230/1230 1219/1219/1219 1231/1231/1231 
f 1219/1219/1219 1213/1213/1213 1231/1231/1231 
f 1231/1231/1231 1213/1213/1213 1232/1232/1232 
f 1213/1213/1213 1213/1213/1213 1232/1232/1232 
f 1232/1232/1232 1213/1213/1213 1233/1233/1233 
f 1213/1213/1213 1214/1214/1214 1233/1233/1233 
f 1233/1233/1233 1214/1214/1214 1234/1234/1234 
f 1214/1214/1214 1215/1215/1215 1234/1234/1234 
f 1234/1234/1234 1215/1215/1215 1235/1235/1235 
f 1215/1215/1215 1216/1216/1216 1235/1235/1235 
f 1235/1235/1235 1216/1216/1216 1236/1236/1236 
f 1216/1216/1216 1216/1216/1216 1236/1236/1236 
f 1236/1236/1236 1216/1216/1216 1237/1237/1237 
f 1216/1216/1216 1211/1211/1211 1237/1237/1237 
f 1237/1237/1237 1211/1211/1211 1237/1237/1237 
f 1211/1211/1211 1199/1199/1199 1237/1237/1237 
f 1237/1237/1237 1199/1199/1199 1238/1238/1238 
f 1199/1199/1199 1198/1198/1198 1238/1238/1238 
f 1238/1238/1238 1198/1198/1198 1239/1239/1239 
f 1198/1198/1198 1197/1197/1197 1239/1239/1239 
f 1239/1239/1239 1197/1197/1197 1240/1240/1240 
f 1197/1197/1197 1195/1195/1195 1240/1240/1240 
f 1240/1240/1240 1195/1195/1195 1240/1240/1240 
f 1195/1195/1195 1130/1130/1130 1240/1240/1240 
f 1240/1240/1240 1130/1130/1130 1240/1240/1240 
f 1130/1130/1130 1241/1241/1241 1240/1240/1240 
f 1240/1240/1240 1241/1241/1241 1240/1240/1240 
f 1241/1241/1241 1242/1242/1242 1240/1240/1240 
f 1240/1240/1240 1242/1242/1242 1239/1239/1239 
f 1242/1242/1242 1243/1243/1243 1239/1239/1239 
f 1239/1239/1239 1243/1243/1243 1239/1239/1239 
f 1243/1243/1243 1244/1244/1244 1239/1239/1239 
f 1239/1239/1239 1244/1244/1244 1238/1238/1238 
f 1244/1244/1244 1245/1245/1245 1238/1238/1238 
f 1238/1238/1238 1245/1245/1245 1237/1237/1237 
f 1245/1245/1245 1246/1246/1246 1237/1237/1237 
f 1237/1237/1237 1246/1246/1246 1236/1236/1236 
f 1246/1246/1246 1236/1236/1236 1236/1236/1236 
f 1236/1236/1236 1236/1236/1236 1246/1246/1246 
f 1236/1236/1236 1246/1246/1246 1246/1246/1246 
f 1246/1246/1246 1246/1246/1246 1247/1247/1247 
f 1246/1246/1246 1245/1245/1245 1247/1247/1247 
f 1247/1247/1247 1245/1245/1245 1248/1248/1248 
f 1245/1245/1245 1244/1244/1244 1248/1248/1248 
f 1248/1248/1248 1244/1244/1244 1249/1249/1249 
f 1244/1244/1244 1243/1243/1243 1249/1249/1249 
f 1249/1249/1249 1243/1243/1243 1250/1250/1250 
f 1243/1243/1243 1251/1251/1251 1250/1250/1250 
f 1250/1250/1250 1251/1251/1251 1252/1252/1252 
f 1251/1251/1251 1251/1251/1251 1252/1252/1252 
f 1252/1252/1252 1251/1251/1251 1253/1253/1253 
f 1251/1251/1251 1251/1251/1251 1253/1253/1253 
f 1253/1253/1253 1251/1251/1251 1254/1254/1254 
f 1251/1251/1251 1242/1242/1242 1254/1254/1254 
f 1254/1254/1254 1242/1242/1242 1241/1241/1241 
f 1242/1242/1242 1241/1241/1241 1241/1241/1241 
f 1241/1241/1241 1241/1241/1241 1243/1243/1243 
f 1241/1241/1241 1243/1243/1243 1243/1243/1243 
f 1243/1243/1243 1243/1243/1243 1251/1251/1251 
f 1243/1243/1243 1242/1242/1242 1251/1251/1251 
f 1251/1251/1251 1242/1242/1242 1242/1242/1242 
f 1242/1242/1242 1250/1250/1250 1242/1242/1242 
f 1242/1242/1242 1250/1250/1250 1250/1250/1250 
f 1250/1250/1250 1252/1252/1252 1250/1250/1250 
f 1250/1250/1250 1252/1252/1252 1249/1249/1249 
f 1252/1252/1252 1255/1255/1255 1249/1249/1249 
f 1249/1249/1249 1255/1255/1255 1248/1248/1248 
f 1255/1255/1255 1256/1256/1256 1248/1248/1248 
f 1248/1248/1248 1256/1256/1256 1247/1247/1247 
f 1256/1256/1256 1257/1257/1257 1247/1247/1247 
f 1247/1247/1247 1257/1257/1257 1258/1258/1258 
f 1257/1257/1257 1259/1259/1259 1258/1258/1258 
f 1258/1258/1258 1259/1259/1259 1246/1246/1246 
f 1259/1259/1259 1259/1259/1259 1246/1246/1246 
f 1246/1246/1246 1259/1259/1259 1236/1236/1236 
f 1259/1259/1259 1260/1260/1260 1236/1236/1236 
f 1236/1236/1236 1260/1260/1260 1235/1235/1235 
f 1260/1260/1260 1235/1235/1235 1235/1235/1235 
f 1235/1235/1235 1235/1235/1235 1246/1246/1246 
f 1235/1235/1235 1246/1246/1246 1246/1246/1246 
f 1246/1246/1246 1246/1246/1246 1258/1258/1258 
f 1246/1246/1246 1247/1247/1247 1258/1258/1258 
f 1258/1258/1258 1247/1247/1247 1247/1247/1247 
f 1247/1247/1247 1255/1255/1255 1247/1247/1247 
f 1247/1247/1247 1255/1255/1255 1255/1255/1255 
f 1255/1255/1255 1252/1252/1252 1255/1255/1255 
f 1255/1255/1255 1252/1252/1252 1261/1261/1261 
f 1252/1252/1252 1253/1253/1253 1261/1261/1261 
f 1261/1261/1261 1253/1253/1253 1253/1253/1253 
f 1253/1253/1253 1261/1261/1261 1253/1253/1253 
f 1253/1253/1253 1261/1261/1261 1261/1261/1261 
f 1261/1261/1261 1262/1262/1262 1261/1261/1261 
f 1261/1261/1261 1262/1262/1262 1255/1255/1255 
f 1262/1262/1262 1262/1262/1262 1255/1255/1255 
f 1255/1255/1255 1262/1262/1262 1256/1256/1256 
f 1262/1262/1262 1263/1263/1263 1256/1256/1256 
f 1256/1256/1256 1263/1263/1263 1257/1257/1257 
f 1263/1263/1263 1264/1264/1264 1257/1257/1257 
f 1257/1257/1257 1264/1264/1264 1259/1259/1259 
f 1264/1264/1264 1260/1260/1260 1259/1259/1259 
f 1259/1259/1259 1260/1260/1260 1260/1260/1260 
f 1260/1260/1260 1261/1261/1261 1260/1260/1260 
f 1260/1260/1260 1261/1261/1261 1261/1261/1261 
f 1261/1261/1261 1265/1265/1265 1261/1261/1261 
f 1261/1261/1261 1265/1265/1265 1262/1262/1262 
f 1265/1265/1265 1266/1266/1266 1262/1262/1262 
f 1262/1262/1262 1266/1266/1266 1263/1263/1263 
f 1266/1266/1266 1263/1263/1263 1263/1263/1263 
f 1263/1263/1263 1263/1263/1263 1261/1261/1261 
f 1263/1263/1263 1261/1261/1261 1261/1261/1261 
f 1261/1261/1261 1261/1261/1261 1265/1265/1265 
f 1261/1261/1261 1253/1253/1253 1265/1265/1265 
f 1265/1265/1265 1253/1253/1253 1267/1267/1267 
f 1253/1253/1253 1254/1254/1254 1267/1267/1267 
f 1267/1267/1267 1254/1254/1254 1268/1268/1268 
f 1254/1254/1254 1254/1254/1254 1268/1268/1268 
f 1268/1268/1268 1254/1254/1254 1269/1269/1269 
f 1254/1254/1254 1241/1241/1241 1269/1269/1269 
f 1269/1269/1269 1241/1241/1241 1270/1270/1270 
f 1241/1241/1241 1130/1130/1130 1270/1270/1270 
f 1270/1270/1270 1130/1130/1130 1271/1271/1271 
f 1130/1130/1130 1130/1130/1130 1271/1271/1271 
f 1271/1271/1271 1130/1130/1130 1272/1272/1272 
f 1130/1130/1130 1131/1131/1131 1272/1272/1272 
f 1272/1272/1272 1131/1131/1131 1273/1273/1273 
f 1131/1131/1131 1131/1131/1131 1273/1273/1273 
f 1273/1273/1273 1131/1131/1131 1274/1274/1274 
f 1131/1131/1131 1132/1132/1132 1274/1274/1274 
f 1274/1274/1274 1132/1132/1132 1274/1274/1274 
f 1132/1132/1132 1151/1151/1151 1274/1274/1274 
f 1274/1274/1274 1151/1151/1151 1275/1275/1275 
f 1151/1151/1151 1154/1154/1154 1275/1275/1275 
f 1275/1275/1275 1154/1154/1154 1276/1276/1276 
f 1154/1154/1154 1155/1155/1155 1276/1276/1276 
f 1276/1276/1276 1155/1155/1155 1277/1277/1277 
f 1155/1155/1155 1156/1156/1156 1277/1277/1277 
f 1277/1277/1277 1156/1156/1156 1278/1278/1278 
f 1156/1156/1156 1156/1156/1156 1278/1278/1278 
f 1278/1278/1278 1156/1156/1156 1279/1279/1279 
f 1156/1156/1156 1157/1157/1157 1279/1279/1279 
f 1279/1279/1279 1157/1157/1157 1280/1280/1280 
f 1157/1157/1157 1158/1158/1158 1280/1280/1280 
f 1280/1280/1280 1158/1158/1158 1281/1281/1281 
f 1158/1158/1158 1159/1159/1159 1281/1281/1281 
f 1281/1281/1281 1159/1159/1159 1281/1281/1281 
f 1159/1159/1159 1177/1177/1177 1281/1281/1281 
f 1281/1281/1281 1177/1177/1177 1281/1281/1281 
f 1177/1177/1177 1282/1282/1282 1281/1281/1281 
f 1281/1281/1281 1282/1282/1282 1279/1279/1279 
f 1282/1282/1282 1282/1282/1282 1279/1279/1279 
f 1279/1279/1279 1282/1282/1282 1278/1278/1278 
f 1282/1282/1282 1282/1282/1282 1278/1278/1278 
f 1278/1278/1278 1282/1282/1282 1283/1283/1283 
f 1282/1282/1282 1282/1282/1282 1283/1283/1283 
f 1283/1283/1283 1282/1282/1282 1284/1284/1284 
f 1282/1282/1282 1177/1177/1177 1284/1284/1284 
f 1284/1284/1284 1177/1177/1177 1284/1284/1284 
f 1177/1177/1177 1178/1178/1178 1284/1284/1284 
f 1284/1284/1284 1178/1178/1178 1285/1285/1285 
f 1178/1178/1178 1179/1179/1179 1285/1285/1285 
f 1285/1285/1285 1179/1179/1179 1286/1286/1286 
f 1179/1179/1179 1226/1226/1226 1286/1286/1286 
f 1286/1286/1286 1226/1226/1226 1287/1287/1287 
f 1226/1226/1226 1229/1229/1229 1287/1287/1287 
f 1287/1287/1287 1229/1229/1229 1229/1229/1229 
f 1229/1229/1229 1281/1281/1281 1229/1229/1229 
f 1229/1229/1229 1281/1281/1281 1281/1281/1281 
f 1281/1281/1281 1279/1279/1279 1281/1281/1281 
f 1281/1281/1281 1279/1279/1279 1280/1280/1280 
f 1279/1279/1279 1280/1280/1280 1280/1280/1280 
f 1280/1280/1280 1280/1280/1280 1267/1267/1267 
f 1280/1280/1280 1267/1267/1267 1267/1267/1267 
f 1267/1267/1267 1267/1267/1267 1265/1265/1265 
f 1267/1267/1267 1288/1288/1288 1265/1265/1265 
f 1265/1265/1265 1288/1288/1288 1266/1266/1266 
f 1288/1288/1288 1266/1266/1266 1266/1266/1266 
f 1266/1266/1266 1266/1266/1266 1288/1288/1288 
f 1266/1266/1266 1288/1288/1288 1288/1288/1288 
f 1288/1288/1288 1288/1288/1288 1289/1289/1289 
f 1288/1288/1288 1267/1267/1267 1289/1289/1289 
f 1289/1289/1289 1267/1267/1267 1268/1268/1268 
f 1267/1267/1267 1268/1268/1268 1268/1268/1268 
f 1268/1268/1268 1268/1268/1268 1287/1287/1287 
f 1268/1268/1268 1287/1287/1287 1287/1287/1287 
f 1287/1287/1287 1287/1287/1287 1286/1286/1286 
f 1287/1287/1287 1290/1290/1290 1286/1286/1286 
f 1286/1286/1286 1290/1290/1290 1291/1291/1291 
f 1290/1290/1290 1290/1290/1290 1291/1291/1291 
f 1291/1291/1291 1290/1290/1290 1292/1292/1292 
f 1290/1290/1290 1287/1287/1287 1292/1292/1292 
f 1292/1292/1292 1287/1287/1287 1293/1293/1293 
f 1287/1287/1287 1229/1229/1229 1293/1293/1293 
f 1293/1293/1293 1229/1229/1229 1294/1294/1294 
f 1229/1229/1229 1229/1229/1229 1294/1294/1294 
f 1294/1294/1294 1229/1229/1229 1295/1295/1295 
f 1229/1229/1229 1228/1228/1228 1295/1295/1295 
f 1295/1295/1295 1228/1228/1228 1296/1296/1296 
f 1228/1228/1228 1227/1227/1227 1296/1296/1296 
f 1296/1296/1296 1227/1227/1227 1297/1297/1297 
f 1227/1227/1227 1230/1230/1230 1297/1297/1297 
f 1297/1297/1297 1230/1230/1230 1298/1298/1298 
f 1230/1230/1230 1230/1230/1230 1298/1298/1298 
f 1298/1298/1298 1230/1230/1230 1299/1299/1299 
f 1230/1230/1230 1231/1231/1231 1299/1299/1299 
f 1299/1299/1299 1231/1231/1231 1300/1300/1300 
f 1231/1231/1231 1232/1232/1232 1300/1300/1300 
f 1300/1300/1300 1232/1232/1232 1301/1301/1301 
f 1232/1232/1232 1232/1232/1232 1301/1301/1301 
f 1301/1301/1301 1232/1232/1232 1302/1302/1302 
f 1232/1232/1232 1233/1233/1233 1302/1302/1302 
f 1302/1302/1302 1233/1233/1233 1303/1303/1303 
f 1233/1233/1233 1234/1234/1234 1303/1303/1303 
f 1303/1303/1303 1234/1234/1234 1304/1304/1304 
f 1234/1234/1234 1235/1235/1235 1304/1304/1304 
f 1304/1304/1304 1235/1235/1235 1304/1304/1304 
f 1235/1235/1235 1260/1260/1260 1304/1304/1304 
f 1304/1304/1304 1260/1260/1260 1305/1305/1305 
f 1260/1260/1260 1306/1306/1306 1305/1305/1305 
f 1305/1305/1305 1306/1306/1306 1305/1305/1305 
f 1306/1306/1306 1307/1307/1307 1305/1305/1305 
f 1305/1305/1305 1307/1307/1307 1305/1305/1305 
f 1307/1307/1307 1301/1301/1301 1305/1305/1305 
f 1305/1305/1305 1301/1301/1301 1305/1305/1305 
f 1301/1301/1301 1302/1302/1302 1305/1305/1305 
f 1305/1305/1305 1302/1302/1302 1304/1304/1304 
f 1302/1302/1302 1303/1303/1303 1304/1304/1304 
f 1304/1304/1304 1303/1303/1303 1303/1303/1303 
f 1303/1303/1303 1291/1291/1291 1303/1303/1303 
f 1303/1303/1303 1291/1291/1291 1291/1291/1291 
f 1291/1291/1291 1285/1285/1285 1291/1291/1291 
f 1291/1291/1291 1285/1285/1285 1286/1286/1286 
f 1285/1285/1285 1286/1286/1286 1286/1286/1286 
f 1286/1286/1286 1286/1286/1286 1260/1260/1260 
f 1286/1286/1286 1260/1260/1260 1260/1260/1260 
f 1260/1260/1260 1260/1260/1260 1306/1306/1306 
f 1260/1260/1260 1264/1264/1264 1306/1306/1306 
f 1306/1306/1306 1264/1264/1264 1308/1308/1308 
f 1264/1264/1264 1263/1263/1263 1308/1308/1308 
f 1308/1308/1308 1263/1263/1263 1309/1309/1309 
f 1263/1263/1263 1266/1266/1266 1309/1309/1309 
f 1309/1309/1309 1266/1266/1266 1310/1310/1310 
f 1266/1266/1266 1288/1288/1288 1310/1310/1310 
f 1310/1310/1310 1288/1288/1288 1311/1311/1311 
f 1288/1288/1288 1288/1288/1288 1311/1311/1311 
f 1311/1311/1311 1288/1288/1288 1312/1312/1312 
f 1288/1288/1288 1289/1289/1289 1312/1312/1312 
f 1312/1312/1312 1289/1289/1289 1313/1313/1313 
f 1289/1289/1289 1314/1314/1314 1313/1313/1313 
f 1313/1313/1313 1314/1314/1314 1315/1315/1315 
f 1314/1314/1314 1268/1268/1268 1315/1315/1315 
f 1315/1315/1315 1268/1268/1268 1315/1315/1315 
f 1268/1268/1268 1269/1269/1269 1315/1315/1315 
f 1315/1315/1315 1269/1269/1269 1316/1316/1316 
f 1269/1269/1269 1270/1270/1270 1316/1316/1316 
f 1316/1316/1316 1270/1270/1270 1317/1317/1317 
f 1270/1270/1270 1271/1271/1271 1317/1317/1317 
f 1317/1317/1317 1271/1271/1271 1318/1318/1318 
f 1271/1271/1271 1319/1319/1319 1318/1318/1318 
f 1318/1318/1318 1319/1319/1319 1318/1318/1318 
f 1319/1319/1319 1320/1320/1320 1318/1318/1318 
f 1318/1318/1318 1320/1320/1320 1317/1317/1317 
f 1320/1320/1320 1321/1321/1321 1317/1317/1317 
f 1317/1317/1317 1321/1321/1321 1316/1316/1316 
f 1321/1321/1321 1322/1322/1322 1316/1316/1316 
f 1316/1316/1316 1322/1322/1322 1315/1315/1315 
f 1322/1322/1322 1322/1322/1322 1315/1315/1315 
f 1315/1315/1315 1322/1322/1322 1313/1313/1313 
f 1322/1322/1322 1323/1323/1323 1313/1313/1313 
f 1313/1313/1313 1323/1323/1323 1312/1312/1312 
f 1323/1323/1323 1312/1312/1312 1312/1312/1312 
f 1312/1312/1312 1312/1312/1312 1268/1268/1268 
f 1312/1312/1312 1268/1268/1268 1268/1268/1268 
f 1268/1268/1268 1268/1268/1268 1289/1289/1289 
f 1268/1268/1268 1314/1314/1314 1289/1289/1289 
f 1289/1289/1289 1314/1314/1314 1314/1314/1314 
f 1314/1314/1314 1319/1319/1319 1314/1314/1314 
f 1314/1314/1314 1319/1319/1319 1319/1319/1319 
f 1319/1319/1319 1271/1271/1271 1319/1319/1319 
f 1319/1319/1319 1271/1271/1271 1272/1272/1272 
f 1271/1271/1271 1272/1272/1272 1272/1272/1272 
f 1272/1272/1272 1272/1272/1272 1323/1323/1323 
f 1272/1272/1272 1323/1323/1323 1323/1323/1323 
f 1323/1323/1323 1323/1323/1323 1324/1324/1324 
f 1323/1323/1323 1322/1322/1322 1324/1324/1324 
f 1324/1324/1324 1322/1322/1322 1324/1324/1324 
f 1322/1322/1322 1321/1321/1321 1324/1324/1324 
f 1324/1324/1324 1321/1321/1321 1325/1325/1325 
f 1321/1321/1321 1320/1320/1320 1325/1325/1325 
f 1325/1325/1325 1320/1320/1320 1326/1326/1326 
f 1320/1320/1320 1319/1319/1319 1326/1326/1326 
f 1326/1326/1326 1319/1319/1319 1327/1327/1327 
f 1319/1319/1319 1272/1272/1272 1327/1327/1327 
f 1327/1327/1327 1272/1272/1272 1327/1327/1327 
f 1272/1272/1272 1273/1273/1273 1327/1327/1327 
f 1327/1327/1327 1273/1273/1273 1328/1328/1328 
f 1273/1273/1273 1329/1329/1329 1328/1328/1328 
f 1328/1328/1328 1329/1329/1329 1330/1330/1330 
f 1329/1329/1329 1331/1331/1331 1330/1330/1330 
f 1330/1330/1330 1331/1331/1331 1330/1330/1330 
f 1331/1331/1331 1332/1332/1332 1330/1330/1330 
f 1330/1330/1330 1332/1332/1332 1328/1328/1328 
f 1332/1332/1332 1333/1333/1333 1328/1328/1328 
f 1328/1328/1328 1333/1333/1333 1327/1327/1327 
f 1333/1333/1333 1334/1334/1334 1327/1327/1327 
f 1327/1327/1327 1334/1334/1334 1326/1326/1326 
f 1334/1334/1334 1335/1335/1335 1326/1326/1326 
f 1326/1326/1326 1335/1335/1335 1325/1325/1325 
f 1335/1335/1335 1336/1336/1336 1325/1325/1325 
f 1325/1325/1325 1336/1336/1336 1325/1325/1325 
f 1336/1336/1336 1337/1337/1337 1325/1325/1325 
f 1325/1325/1325 1337/1337/1337 1324/1324/1324 
f 1337/1337/1337 1338/1338/1338 1324/1324/1324 
f 1324/1324/1324 1338/1338/1338 1323/1323/1323 
f 1338/1338/1338 1339/1339/1339 1323/1323/1323 
f 1323/1323/1323 1339/1339/1339 1312/1312/1312 
f 1339/1339/1339 1339/1339/1339 1312/1312/1312 
f 1312/1312/1312 1339/1339/1339 1311/1311/1311 
f 1339/1339/1339 1339/1339/1339 1311/1311/1311 
f 1311/1311/1311 1339/1339/1339 1340/1340/1340 
f 1339/1339/1339 1339/1339/1339 1340/1340/1340 
f 1340/1340/1340 1339/1339/1339 1341/1341/1341 
f 1339/1339/1339 1338/1338/1338 1341/1341/1341 
f 1341/1341/1341 1338/1338/1338 1342/1342/1342 
f 1338/1338/1338 1337/1337/1337 1342/1342/1342 
f 1342/1342/1342 1337/1337/1337 1343/1343/1343 
f 1337/1337/1337 1336/1336/1336 1343/1343/1343 
f 1343/1343/1343 1336/1336/1336 1336/1336/1336 
f 1336/1336/1336 1273/1273/1273 1336/1336/1336 
f 1336/1336/1336 1273/1273/1273 1273/1273/1273 
f 1273/1273/1273 1274/1274/1274 1273/1273/1273 
f 1273/1273/1273 1274/1274/1274 1329/1329/1329 
f 1274/1274/1274 1275/1275/1275 1329/1329/1329 
f 1329/1329/1329 1275/1275/1275 1331/1331/1331 
f 1275/1275/1275 1276/1276/1276 1331/1331/1331 
f 1331/1331/1331 1276/1276/1276 1276/1276/1276 
f 1276/1276/1276 1342/1342/1342 1276/1276/1276 
f 1276/1276/1276 1342/1342/1342 1342/1342/1342 
f 1342/1342/1342 1343/1343/1343 1342/1342/1342 
f 1342/1342/1342 1343/1343/1343 1341/1341/1341 
f 1343/1343/1343 1344/1344/1344 1341/1341/1341 
f 1341/1341/1341 1344/1344/1344 1340/1340/1340 
f 1344/1344/1344 1340/1340/1340 1340/1340/1340 
f 1340/1340/1340 1340/1340/1340 1344/1344/1344 
f 1340/1340/1340 1344/1344/1344 1344/1344/1344 
f 1344/1344/1344 1344/1344/1344 1345/1345/1345 
f 1344/1344/1344 1343/1343/1343 1345/1345/1345 
f 1345/1345/1345 1343/1343/1343 1345/1345/1345 
f 1343/1343/1343 1336/1336/1336 1345/1345/1345 
f 1345/1345/1345 1336/1336/1336 1346/1346/1346 
f 1336/1336/1336 1335/1335/1335 1346/1346/1346 
f 1346/1346/1346 1335/1335/1335 1347/1347/1347 
f 1335/1335/1335 1334/1334/1334 1347/1347/1347 
f 1347/1347/1347 1334/1334/1334 1348/1348/1348 
f 1334/1334/1334 1333/1333/1333 1348/1348/1348 
f 1348/1348/1348 1333/1333/1333 1349/1349/1349 
f 1333/1333/1333 1332/1332/1332 1349/1349/1349 
f 1349/1349/1349 1332/1332/1332 1350/1350/1350 
f 1332/1332/1332 1331/1331/1331 1350/1350/1350 
f 1350/1350/1350 1331/1331/1331 1350/1350/1350 
f 1331/1331/1331 1276/1276/1276 1350/1350/1350 
f 1350/1350/1350 1276/1276/1276 1350/1350/1350 
f 1276/1276/1276 1351/1351/1351 1350/1350/1350 
f 1350/1350/1350 1351/1351/1351 1350/1350/1350 
f 1351/1351/1351 1352/1352/1352 1350/1350/1350 
f 1350/1350/1350 1352/1352/1352 1349/1349/1349 
f 1352/1352/1352 1353/1353/1353 1349/1349/1349 
f 1349/1349/1349 1353/1353/1353 1348/1348/1348 
f 1353/1353/1353 1354/1354/1354 1348/1348/1348 
f 1348/1348/1348 1354/1354/1354 1347/1347/1347 
f 1354/1354/1354 1355/1355/1355 1347/1347/1347 
f 1347/1347/1347 1355/1355/1355 1347/1347/1347 
f 1355/1355/1355 1356/1356/1356 1347/1347/1347 
f 1347/1347/1347 1356/1356/1356 1347/1347/1347 
f 1356/1356/1356 1357/1357/1357 1347/1347/1347 
f 1347/1347/1347 1357/1357/1357 1358/1358/1358 
f 1357/1357/1357 1359/1359/1359 1358/1358/1358 
f 1358/1358/1358 1359/1359/1359 1360/1360/1360 
f 1359/1359/1359 1361/1361/1361 1360/1360/1360 
f 1360/1360/1360 1361/1361/1361 1362/1362/1362 
f 1361/1361/1361 1363/1363/1363 1362/1362/1362 
f 1362/1362/1362 1363/1363/1363 1345/1345/1345 
f 1363/1363/1363 1364/1364/1364 1345/1345/1345 
f 1345/1345/1345 1364/1364/1364 1344/1344/1344 
f 1364/1364/1364 1365/1365/1365 1344/1344/1344 
f 1344/1344/1344 1365/1365/1365 1340/1340/1340 
f 1365/1365/1365 1366/1366/1366 1340/1340/1340 
f 1340/1340/1340 1366/1366/1366 1311/1311/1311 
f 1366/1366/1366 1366/1366/1366 1311/1311/1311 
f 1311/1311/1311 1366/1366/1366 1310/1310/1310 
f 1366/1366/1366 1367/1367/1367 1310/1310/1310 
f 1310/1310/1310 1367/1367/1367 1309/1309/1309 
f 1367/1367/1367 1368/1368/1368 1309/1309/1309 
f 1309/1309/1309 1368/1368/1368 1308/1308/1308 
f 1368/1368/1368 1308/1308/1308 1308/1308/1308 
f 1308/1308/1308 1308/1308/1308 1347/1347/1347 
f 1308/1308/1308 1347/1347/1347 1347/1347/1347 
f 1347/1347/1347 1347/1347/1347 1346/1346/1346 
f 1347/1347/1347 1358/1358/1358 1346/1346/1346 
f 1346/1346/1346 1358/1358/1358 1362/1362/1362 
f 1358/1358/1358 1360/1360/1360 1362/1362/1362 
f 1362/1362/1362 1360/1360/1360 1360/1360/1360 
f 1360/1360/1360 1362/1362/1362 1360/1360/1360 
f 1360/1360/1360 1362/1362/1362 1362/1362/1362 
f 1362/1362/1362 1345/1345/1345 1362/1362/1362 
f 1362/1362/1362 1345/1345/1345 1346/1346/1346 
f 1345/1345/1345 1346/1346/1346 1346/1346/1346 
f 1346/1346/1346 1346/1346/1346 1367/1367/1367 
f 1346/1346/1346 1367/1367/1367 1367/1367/1367 
f 1367/1367/1367 1367/1367/1367 1368/1368/1368 
f 1367/1367/1367 1366/1366/1366 1368/1368/1368 
f 1368/1368/1368 1366/1366/1366 1368/1368/1368 
f 1366/1366/1366 1365/1365/1365 1368/1368/1368 
f 1368/1368/1368 1365/1365/1365 1369/1369/1369 
f 1365/1365/1365 1364/1364/1364 1369/1369/1369 
f 1369/1369/1369 1364/1364/1364 1370/1370/1370 
f 1364/1364/1364 1363/1363/1363 1370/1370/1370 
f 1370/1370/1370 1363/1363/1363 1371/1371/1371 
f 1363/1363/1363 1361/1361/1361 1371/1371/1371 
f 1371/1371/1371 1361/1361/1361 1372/1372/1372 
f 1361/1361/1361 1359/1359/1359 1372/1372/1372 
f 1372/1372/1372 1359/1359/1359 1373/1373/1373 
f 1359/1359/1359 1357/1357/1357 1373/1373/1373 
f 1373/1373/1373 1357/1357/1357 1374/1374/1374 
f 1357/1357/1357 1356/1356/1356 1374/1374/1374 
f 1374/1374/1374 1356/1356/1356 1375/1375/1375 
f 1356/1356/1356 1376/1376/1376 1375/1375/1375 
f 1375/1375/1375 1376/1376/1376 1375/1375/1375 
f 1376/1376/1376 1377/1377/1377 1375/1375/1375 
f 1375/1375/1375 1377/1377/1377 1374/1374/1374 
f 1377/1377/1377 1378/1378/1378 1374/1374/1374 
f 1374/1374/1374 1378/1378/1378 1373/1373/1373 
f 1378/1378/1378 1379/1379/1379 1373/1373/1373 
f 1373/1373/1373 1379/1379/1379 1372/1372/1372 
f 1379/1379/1379 1380/1380/1380 1372/1372/1372 
f 1372/1372/1372 1380/1380/1380 1371/1371/1371 
f 1380/1380/1380 1381/1381/1381 1371/1371/1371 
f 1371/1371/1371 1381/1381/1381 1371/1371/1371 
f 1381/1381/1381 1382/1382/1382 1371/1371/1371 
f 1371/1371/1371 1382/1382/1382 1370/1370/1370 
f 1382/1382/1382 1383/1383/1383 1370/1370/1370 
f 1370/1370/1370 1383/1383/1383 1369/1369/1369 
f 1383/1383/1383 1307/1307/1307 1369/1369/1369 
f 1369/1369/1369 1307/1307/1307 1369/1369/1369 
f 1307/1307/1307 1306/1306/1306 1369/1369/1369 
f 1369/1369/1369 1306/1306/1306 1369/1369/1369 
f 1306/1306/1306 1308/1308/1308 1369/1369/1369 
f 1369/1369/1369 1308/1308/1308 1368/1368/1368 
f 1308/1308/1308 1368/1368/1368 1368/1368/1368 
f 1368/1368/1368 1368/1368/1368 1376/1376/1376 
f 1368/1368/1368 1376/1376/1376 1376/1376/1376 
f 1376/1376/1376 1376/1376/1376 1355/1355/1355 
f 1376/1376/1376 1356/1356/1356 1355/1355/1355 
f 1355/1355/1355 1356/1356/1356 1356/1356/1356 
f 1356/1356/1356 1383/1383/1383 1356/1356/1356 
f 1356/1356/1356 1383/1383/1383 1383/1383/1383 
f 1383/1383/1383 1384/1384/1384 1383/1383/1383 
f 1383/1383/1383 1384/1384/1384 1307/1307/1307 
f 1384/1384/1384 1384/1384/1384 1307/1307/1307 
f 1307/1307/1307 1384/1384/1384 1301/1301/1301 
f 1384/1384/1384 1384/1384/1384 1301/1301/1301 
f 1301/1301/1301 1384/1384/1384 1300/1300/1300 
f 1384/1384/1384 1385/1385/1385 1300/1300/1300 
f 1300/1300/1300 1385/1385/1385 1299/1299/1299 
f 1385/1385/1385 1381/1381/1381 1299/1299/1299 
f 1299/1299/1299 1381/1381/1381 1386/1386/1386 
f 1381/1381/1381 1380/1380/1380 1386/1386/1386 
f 1386/1386/1386 1380/1380/1380 1387/1387/1387 
f 1380/1380/1380 1379/1379/1379 1387/1387/1387 
f 1387/1387/1387 1379/1379/1379 1379/1379/1379 
f 1379/1379/1379 1381/1381/1381 1379/1379/1379 
f 1379/1379/1379 1381/1381/1381 1381/1381/1381 
f 1381/1381/1381 1385/1385/1385 1381/1381/1381 
f 1381/1381/1381 1385/1385/1385 1382/1382/1382 
f 1385/1385/1385 1388/1388/1388 1382/1382/1382 
f 1382/1382/1382 1388/1388/1388 1383/1383/1383 
f 1388/1388/1388 1388/1388/1388 1383/1383/1383 
f 1383/1383/1383 1388/1388/1388 1384/1384/1384 
f 1388/1388/1388 1385/1385/1385 1384/1384/1384 
f 1384/1384/1384 1385/1385/1385 1385/1385/1385 
f 1385/1385/1385 1299/1299/1299 1385/1385/1385 
f 1385/1385/1385 1299/1299/1299 1299/1299/1299 
f 1299/1299/1299 1386/1386/1386 1299/1299/1299 
f 1299/1299/1299 1386/1386/1386 1298/1298/1298 
f 1386/1386/1386 1389/1389/1389 1298/1298/1298 
f 1298/1298/1298 1389/1389/1389 1390/1390/1390 
f 1389/1389/1389 1391/1391/1391 1390/1390/1390 
f 1390/1390/1390 1391/1391/1391 1297/1297/1297 
f 1391/1391/1391 1391/1391/1391 1297/1297/1297 
f 1297/1297/1297 1391/1391/1391 1296/1296/1296 
f 1391/1391/1391 1392/1392/1392 1296/1296/1296 
f 1296/1296/1296 1392/1392/1392 1295/1295/1295 
f 1392/1392/1392 1393/1393/1393 1295/1295/1295 
f 1295/1295/1295 1393/1393/1393 1294/1294/1294 
f 1393/1393/1393 1294/1294/1294 1294/1294/1294 
f 1294/1294/1294 1294/1294/1294 1386/1386/1386 
f 1294/1294/1294 1386/1386/1386 1386/1386/1386 
f 1386/1386/1386 1386/1386/1386 1389/1389/1389 
f 1386/1386/1386 1387/1387/1387 1389/1389/1389 
f 1389/1389/1389 1387/1387/1387 1394/1394/1394 
f 1387/1387/1387 1395/1395/1395 1394/1394/1394 
f 1394/1394/1394 1395/1395/1395 1394/1394/1394 
f 1395/1395/1395 1396/1396/1396 1394/1394/1394 
f 1394/1394/1394 1396/1396/1396 1392/1392/1392 
f 1396/1396/1396 1393/1393/1393 1392/1392/1392 
f 1392/1392/1392 1393/1393/1393 1393/1393/1393 
f 1393/1393/1393 1298/1298/1298 1393/1393/1393 
f 1393/1393/1393 1298/1298/1298 1298/1298/1298 
f 1298/1298/1298 1390/1390/1390 1298/1298/1298 
f 1298/1298/1298 1390/1390/1390 1297/1297/1297 
f 1390/1390/1390 1297/1297/1297 1297/1297/1297 
f 1297/1297/1297 1297/1297/1297 1389/1389/1389 
f 1297/1297/1297 1389/1389/1389 1389/1389/1389 
f 1389/1389/1389 1389/1389/1389 1391/1391/1391 
f 1389/1389/1389 1394/1394/1394 1391/1391/1391 
f 1391/1391/1391 1394/1394/1394 1392/1392/1392 
f 1394/1394/1394 1392/1392/1392 1392/1392/1392 
f 1392/1392/1392 1392/1392/1392 1395/1395/1395 
f 1392/1392/1392 1395/1395/1395 1395/1395/1395 
f 1395/1395/1395 1395/1395/1395 1397/1397/1397 
f 1395/1395/1395 1387/1387/1387 1397/1397/1397 
f 1397/1397/1397 1387/1387/1387 1397/1397/1397 
f 1387/1387/1387 1379/1379/1379 1397/1397/1397 
f 1397/1397/1397 1379/1379/1379 1397/1397/1397 
f 1379/1379/1379 1378/1378/1378 1397/1397/1397 
f 1397/1397/1397 1378/1378/1378 1398/1398/1398 
f 1378/1378/1378 1377/1377/1377 1398/1398/1398 
f 1398/1398/1398 1377/1377/1377 1377/1377/1377 
f 1377/1377/1377 1398/1398/1398 1377/1377/1377 
f 1377/1377/1377 1398/1398/1398 1398/1398/1398 
f 1398/1398/1398 1399/1399/1399 1398/1398/1398 
f 1398/1398/1398 1399/1399/1399 1397/1397/1397 
f 1399/1399/1399 1399/1399/1399 1397/1397/1397 
f 1397/1397/1397 1399/1399/1399 1395/1395/1395 
f 1399/1399/1399 1400/1400/1400 1395/1395/1395 
f 1395/1395/1395 1400/1400/1400 1396/1396/1396 
f 1400/1400/1400 1401/1401/1401 1396/1396/1396 
f 1396/1396/1396 1401/1401/1401 1393/1393/1393 
f 1401/1401/1401 1402/1402/1402 1393/1393/1393 
f 1393/1393/1393 1402/1402/1402 1294/1294/1294 
f 1402/1402/1402 1403/1403/1403 1294/1294/1294 
f 1294/1294/1294 1403/1403/1403 1293/1293/1293 
f 1403/1403/1403 1404/1404/1404 1293/1293/1293 
f 1293/1293/1293 1404/1404/1404 1292/1292/1292 
f 1404/1404/1404 1405/1405/1405 1292/1292/1292 
f 1292/1292/1292 1405/1405/1405 1291/1291/1291 
f 1405/1405/1405 1291/1291/1291 1291/1291/1291 
f 1291/1291/1291 1291/1291/1291 1402/1402/1402 
f 1291/1291/1291 1402/1402/1402 1402/1402/1402 
f 1402/1402/1402 1402/1402/1402 1403/1403/1403 
f 1402/1402/1402 1401/1401/1401 1403/1403/1403 
f 1403/1403/1403 1401/1401/1401 1406/1406/1406 
f 1401/1401/1401 1400/1400/1400 1406/1406/1406 
f 1406/1406/1406 1400/1400/1400 1407/1407/1407 
f 1400/1400/1400 1400/1400/1400 1407/1407/1407 
f 1407/1407/1407 1400/1400/1400 1408/1408/1408 
f 1400/1400/1400 1399/1399/1399 1408/1408/1408 
f 1408/1408/1408 1399/1399/1399 1409/1409/1409 
f 1399/1399/1399 1398/1398/1398 1409/1409/1409 
f 1409/1409/1409 1398/1398/1398 1409/1409/1409 
f 1398/1398/1398 1410/1410/1410 1409/1409/1409 
f 1409/1409/1409 1410/1410/1410 1409/1409/1409 
f 1410/1410/1410 1411/1411/1411 1409/1409/1409 
f 1409/1409/1409 1411/1411/1411 1412/1412/1412 
f 1411/1411/1411 1413/1413/1413 1412/1412/1412 
f 1412/1412/1412 1413/1413/1413 1408/1408/1408 
f 1413/1413/1413 1413/1413/1413 1408/1408/1408 
f 1408/1408/1408 1413/1413/1413 1407/1407/1407 
f 1413/1413/1413 1414/1414/1414 1407/1407/1407 
f 1407/1407/1407 1414/1414/1414 1415/1415/1415 
f 1414/1414/1414 1416/1416/1416 1415/1415/1415 
f 1415/1415/1415 1416/1416/1416 1405/1405/1405 
f 1416/1416/1416 1417/1417/1417 1405/1405/1405 
f 1405/1405/1405 1417/1417/1417 1291/1291/1291 
f 1417/1417/1417 1417/1417/1417 1291/1291/1291 
f 1291/1291/1291 1417/1417/1417 1285/1285/1285 
f 1417/1417/1417 1417/1417/1417 1285/1285/1285 
f 1285/1285/1285 1417/1417/1417 1284/1284/1284 
f 1417/1417/1417 1417/1417/1417 1284/1284/1284 
f 1284/1284/1284 1417/1417/1417 1283/1283/1283 
f 1417/1417/1417 1417/1417/1417 1283/1283/1283 
f 1283/1283/1283 1417/1417/1417 1418/1418/1418 
f 1417/1417/1417 1416/1416/1416 1418/1418/1418 
f 1418/1418/1418 1416/1416/1416 1419/1419/1419 
f 1416/1416/1416 1414/1414/1414 1419/1419/1419 
f 1419/1419/1419 1414/1414/1414 1414/1414/1414 
f 1414/1414/1414 1403/1403/1403 1414/1414/1414 
f 1414/1414/1414 1403/1403/1403 1403/1403/1403 
f 1403/1403/1403 1406/1406/1406 1403/1403/1403 
f 1403/1403/1403 1406/1406/1406 1404/1404/1404 
f 1406/1406/1406 1415/1415/1415 1404/1404/1404 
f 1404/1404/1404 1415/1415/1415 1405/1405/1405 
f 1415/1415/1415 1405/1405/1405 1405/1405/1405 
f 1405/1405/1405 1405/1405/1405 1415/1415/1415 
f 1405/1405/1405 1415/1415/1415 1415/1415/1415 
f 1415/1415/1415 1415/1415/1415 1407/1407/1407 
f 1415/1415/1415 1406/1406/1406 1407/1407/1407 
f 1407/1407/1407 1406/1406/1406 1406/1406/1406 
f 1406/1406/1406 1409/1409/1409 1406/1406/1406 
f 1406/1406/1406 1409/1409/1409 1409/1409/1409 
f 1409/1409/1409 1412/1412/1412 1409/1409/1409 
f 1409/1409/1409 1412/1412/1412 1408/1408/1408 
f 1412/1412/1412 1408/1408/1408 1408/1408/1408 
f 1408/1408/1408 1408/1408/1408 1283/1283/1283 
f 1408/1408/1408 1283/1283/1283 1283/1283/1283 
f 1283/1283/1283 1283/1283/1283 1420/1420/1420 
f 1283/1283/1283 1418/1418/1418 1420/1420/1420 
f 1420/1420/1420 1418/1418/1418 1421/1421/1421 
f 1418/1418/1418 1419/1419/1419 1421/1421/1421 
f 1421/1421/1421 1419/1419/1419 1422/1422/1422 
f 1419/1419/1419 1419/1419/1419 1422/1422/1422 
f 1422/1422/1422 1419/1419/1419 1423/1423/1423 
f 1419/1419/1419 1414/1414/1414 1423/1423/1423 
f 1423/1423/1423 1414/1414/1414 1424/1424/1424 
f 1414/1414/1414 1413/1413/1413 1424/1424/1424 
f 1424/1424/1424 1413/1413/1413 1424/1424/1424 
f 1413/1413/1413 1411/1411/1411 1424/1424/1424 
f 1424/1424/1424 1411/1411/1411 1425/1425/1425 
f 1411/1411/1411 1410/1410/1410 1425/1425/1425 
f 1425/1425/1425 1410/1410/1410 1410/1410/1410 
f 1410/1410/1410 1283/1283/1283 1410/1410/1410 
f 1410/1410/1410 1283/1283/1283 1283/1283/1283 
f 1283/1283/1283 1420/1420/1420 1283/1283/1283 
f 1283/1283/1283 1420/1420/1420 1278/1278/1278 
f 1420/1420/1420 1426/1426/1426 1278/1278/1278 
f 1278/1278/1278 1426/1426/1426 1277/1277/1277 
f 1426/1426/1426 1277/1277/1277 1277/1277/1277 
f 1277/1277/1277 1277/1277/1277 1421/1421/1421 
f 1277/1277/1277 1421/1421/1421 1421/1421/1421 
f 1421/1421/1421 1421/1421/1421 1420/1420/1420 
f 1421/1421/1421 1422/1422/1422 1420/1420/1420 
f 1420/1420/1420 1422/1422/1422 1426/1426/1426 
f 1422/1422/1422 1427/1427/1427 1426/1426/1426 
f 1426/1426/1426 1427/1427/1427 1426/1426/1426 
f 1427/1427/1427 1428/1428/1428 1426/1426/1426 
f 1426/1426/1426 1428/1428/1428 1277/1277/1277 
f 1428/1428/1428 1428/1428/1428 1277/1277/1277 
f 1277/1277/1277 1428/1428/1428 1276/1276/1276 
f 1428/1428/1428 1429/1429/1429 1276/1276/1276 
f 1276/1276/1276 1429/1429/1429 1351/1351/1351 
f 1429/1429/1429 1351/1351/1351 1351/1351/1351 
f 1351/1351/1351 1351/1351/1351 1422/1422/1422 
f 1351/1351/1351 1422/1422/1422 1422/1422/1422 
f 1422/1422/1422 1422/1422/1422 1427/1427/1427 
f 1422/1422/1422 1423/1423/1423 1427/1427/1427 
f 1427/1427/1427 1423/1423/1423 1430/1430/1430 
f 1423/1423/1423 1424/1424/1424 1430/1430/1430 
f 1430/1430/1430 1424/1424/1424 1430/1430/1430 
f 1424/1424/1424 1425/1425/1425 1430/1430/1430 
f 1430/1430/1430 1425/1425/1425 1430/1430/1430 
f 1425/1425/1425 1431/1431/1431 1430/1430/1430 
f 1430/1430/1430 1431/1431/1431 1432/1432/1432 
f 1431/1431/1431 1433/1433/1433 1432/1432/1432 
f 1432/1432/1432 1433/1433/1433 1429/1429/1429 
f 1433/1433/1433 1434/1434/1434 1429/1429/1429 
f 1429/1429/1429 1434/1434/1434 1351/1351/1351 
f 1434/1434/1434 1351/1351/1351 1351/1351/1351 
f 1351/1351/1351 1351/1351/1351 1429/1429/1429 
f 1351/1351/1351 1429/1429/1429 1429/1429/1429 
f 1429/1429/1429 1429/1429/1429 1432/1432/1432 
f 1429/1429/1429 1428/1428/1428 1432/1432/1432 
f 1432/1432/1432 1428/1428/1428 1432/1432/1432 
f 1428/1428/1428 1427/1427/1427 1432/1432/1432 
f 1432/1432/1432 1427/1427/1427 1430/1430/1430 
f 1427/1427/1427 1430/1430/1430 1430/1430/1430 
f 1430/1430/1430 1430/1430/1430 1433/1433/1433 
f 1430/1430/1430 1433/1433/1433 1433/1433/1433 
f 1433/1433/1433 1433/1433/1433 1434/1434/1434 
f 1433/1433/1433 1431/1431/1431 1434/1434/1434 
f 1434/1434/1434 1431/1431/1431 1435/1435/1435 
f 1431/1431/1431 1425/1425/1425 1435/1435/1435 
f 1435/1435/1435 1425/1425/1425 1436/1436/1436 
f 1425/1425/1425 1410/1410/1410 1436/1436/1436 
f 1436/1436/1436 1410/1410/1410 1437/1437/1437 
f 1410/1410/1410 1398/1398/1398 1437/1437/1437 
f 1437/1437/1437 1398/1398/1398 1438/1438/1438 
f 1398/1398/1398 1377/1377/1377 1438/1438/1438 
f 1438/1438/1438 1377/1377/1377 1438/1438/1438 
f 1377/1377/1377 1376/1376/1376 1438/1438/1438 
f 1438/1438/1438 1376/1376/1376 1439/1439/1439 
f 1376/1376/1376 1355/1355/1355 1439/1439/1439 
f 1439/1439/1439 1355/1355/1355 1440/1440/1440 
f 1355/1355/1355 1354/1354/1354 1440/1440/1440 
f 1440/1440/1440 1354/1354/1354 1441/1441/1441 
f 1354/1354/1354 1353/1353/1353 1441/1441/1441 
f 1441/1441/1441 1353/1353/1353 1442/1442/1442 
f 1353/1353/1353 1352/1352/1352 1442/1442/1442 
f 1442/1442/1442 1352/1352/1352 1352/1352/1352 
f 1352/1352/1352 1441/1441/1441 1352/1352/1352 
f 1352/1352/1352 1441/1441/1441 1441/1441/1441 
f 1441/1441/1441 1442/1442/1442 1441/1441/1441 
f 1441/1441/1441 1442/1442/1442 1440/1440/1440 
f 1442/1442/1442 1443/1443/1443 1440/1440/1440 
f 1440/1440/1440 1443/1443/1443 1439/1439/1439 
f 1443/1443/1443 1444/1444/1444 1439/1439/1439 
f 1439/1439/1439 1444/1444/1444 1438/1438/1438 
f 1444/1444/1444 1444/1444/1444 1438/1438/1438 
f 1438/1438/1438 1444/1444/1444 1437/1437/1437 
f 1444/1444/1444 1445/1445/1445 1437/1437/1437 
f 1437/1437/1437 1445/1445/1445 1436/1436/1436 
f 1445/1445/1445 1446/1446/1446 1436/1436/1436 
f 1436/1436/1436 1446/1446/1446 1435/1435/1435 
f 1446/1446/1446 1446/1446/1446 1435/1435/1435 
f 1435/1435/1435 1446/1446/1446 1447/1447/1447 
f 1446/1446/1446 1443/1443/1443 1447/1447/1447 
f 1447/1447/1447 1443/1443/1443 1447/1447/1447 
f 1443/1443/1443 1442/1442/1442 1447/1447/1447 
f 1447/1447/1447 1442/1442/1442 1447/1447/1447 
f 1442/1442/1442 1352/1352/1352 1447/1447/1447 
f 1447/1447/1447 1352/1352/1352 1447/1447/1447 
f 1352/1352/1352 1351/1351/1351 1447/1447/1447 
f 1447/1447/1447 1351/1351/1351 1447/1447/1447 
f 1351/1351/1351 1434/1434/1434 1447/1447/1447 
f 1447/1447/1447 1434/1434/1434 1435/1435/1435 
f 1434/1434/1434 1435/1435/1435 1435/1435/1435 
f 1435/1435/1435 1435/1435/1435 1445/1445/1445 
f 1435/1435/1435 1445/1445/1445 1445/1445/1445 
f 1445/1445/1445 1445/1445/1445 1446/1446/1446 
f 1445/1445/1445 1444/1444/1444 1446/1446/1446 
f 1446/1446/1446 1444/1444/1444 1443/1443/1443 
f 1444/1444/1444 1443/1443/1443 1443/1443/1443 
f 1443/1443/1443 1443/1443/1443 738/738/738 
f 1443/1443/1443 738/738/738 738/738/738 
f 738/738/738 738/738/738 1448/1448/1448 
f 738/738/738 1449/1449/1449 1448/1448/1448 
f 1448/1448/1448 1449/1449/1449 1450/1450/1450 
f 1449/1449/1449 1450/1450/1450 1450/1450/1450 
f 1450/1450/1450 1450/1450/1450 854/854/854 
f 1450/1450/1450 854/854/854 854/854/854 
f 854/854/854 854/854/854 1451/1451/1451 
f 854/854/854 1452/1452/1452 1451/1451/1451 
f 1451/1451/1451 1452/1452/1452 1453/1453/1453 
f 1452/1452/1452 1453/1453/1453 1453/1453/1453 
f 1453/1453/1453 1453/1453/1453 891/891/891 
f 1453/1453/1453 891/891/891 891/891/891 
f 891/891/891 891/891/891 1454/1454/1454 
f 891/891/891 1455/1455/1455 1454/1454/1454 
f 1454/1454/1454 1455/1455/1455 1456/1456/1456 

