mtllib model_19.mtl
o model_19
v -72121816 -5825528.5 37850520 
v -72331728 -5129654 37649364 
v -73226648 -5856332.5 37557752 
v -73421872 -5269200 37398420 
v -74436872 -5840003 37241084 
v -74635552 -5349365 37097688 
v -73573048 -4839057 37133536 
v -72637520 -4591511.5 37382488 
v -74275336 -6414145.5 37249052 
v -73076344 -6532166 37585632 
v -71983600 -6583011 37890352 
v -71170744 -5673735 38107440 
v -71357328 -4686150.5 37906284 
v -71993104 -4172502.25 37432280 
v -72707488 -3962812 36958272 
v -73019328 -4302770 36934376 
v -73760496 -4516171.5 36856700 
v -74755624 -5000871 36866660 
v -76090240 -5431756.5 36695380 
v -75866504 -5811425.5 36848736 
v -75683376 -6261981 36832800 
v -74300384 -7100370.5 36936364 
v -73108304 -7372411 37264984 
v -72061344 -7567256 37579660 
v -72793008 -9112654 36733220 
v -73682752 -8485068 36575884 
v -74456736 -9995579 35347052 
v -74962944 -9376529 35394852 
v -74751304 -7959172 36344856 
v -75718792 -6793072.5 36542024 
v -77373016 -6058229 36283116 
v -77560472 -5748333 36309004 
v -77779016 -5494478 36195484 
v -76231040 -5142644 36532068 
v -74845464 -4766315 36603764 
v -74203640 -4370687 36269172 
v -73739760 -4172873.25 36271164 
v -73598960 -3984337.75 36171584 
v -72607288 -3640297.5 36812884 
v -73631784 -3710070.5 36040136 
v -74901608 -4108296.25 35092124 
v -74961216 -4280502 35189716 
v -75175440 -4425244 35251456 
v -75076104 -4577037 36183532 
v -76302736 -4952624 36303032 
v -77891312 -5309653.5 36054080 
v -77936232 -5167138.5 35868856 
v -76397760 -4820871.5 35952504 
v -75729160 -4582233 35277348 
v -76720832 -4768542 35241496 
v -77975104 -5051345 35596004 
v -79390056 -5353818.5 35327136 
v -79365864 -5451055.5 35450616 
v -79303672 -5556828.5 35558164 
v -79157688 -5700828 35649780 
v -79002200 -5900868.5 35635836 
v -77397208 -6455341.5 36028188 
v -76058272 -7413978 36020220 
v -75757664 -8730015 35368960 
v -76334696 -9892404 34253652 
v -75989168 -10461722 34185940 
v -74291752 -10625763 35223572 
v -72831016 -10245351 36249256 
v -71921408 -10087620 36874624 
v -71702856 -8969767 37336680 
v -71066216 -7514183.5 37981968 
v -71019568 -6434929 38177144 
v -70594568 -5552374.5 38292660 
v -70589384 -4779676 38238884 
v -70084912 -5160087 38485848 
v -70241264 -6009981.5 38455972 
v -70153152 -6805691 38451988 
v -70014080 -7378720 38463940 
v -70655904 -8012244 38055656 
v -71228616 -9072571 37581652 
v -71422112 -10066465 37205236 
v -71449760 -10644691 37071796 
v -72001744 -10707783 36687412 
v -72914808 -10840278 36062044 
v -74296064 -11088195 35145900 
v -75794808 -10959783 34173988 
v -75735200 -11349843 34140132 
v -76830536 -11184318 33393274 
v -76992072 -10723000 33381324 
v -77267632 -10190795 33458998 
v -76905688 -9210633 34339292 
v -76774384 -7992574 35265396 
v -77587248 -6899958.5 35560156 
v -78970232 -6212620.5 35396844 
v -80208096 -5890477 34986568 
v -80310896 -5742766 34984580 
v -80411960 -5644044.5 34898940 
v -80475024 -5560168.5 34823256 
v -80510440 -5482230.5 34735624 
v -79408192 -5271056 35135940 
v -78106408 -4979345.5 35074200 
v -77388568 -4843139.5 34189920 
v -76775248 -4704707 34102292 
v -76520424 -4577779.5 34030592 
v -76397760 -4461986 33970844 
v -76327792 -4249698 33940968 
v -74950848 -3815101.25 35016444 
v -73671520 -3357865.25 36000304 
v -72685032 -3276958.25 36737204 
v -72071712 -3200876 37173368 
v -71749504 -3504462.75 37416348 
v -71114592 -3610606.75 37880392 
v -70642080 -3736049.75 38161212 
v -70312960 -4391842 38354400 
v -70047768 -4440089 38493812 
v -70068496 -3856668 38473896 
v -70306048 -3766853.75 38348424 
v -70185976 -3211267.75 38378300 
v -69908688 -3576833.75 38537628 
v -69766160 -4300172 38621276 
v -69722104 -5102932.5 38667084 
v -69699640 -5866353 38683016 
v -69632264 -6555918.5 38683016 
v -69548472 -7114473.5 38700940 
v -69456048 -7561317.5 38708908 
v -69878456 -7829647 38475888 
v -70417488 -8379666 38121380 
v -70904680 -9235870 37744964 
v -71050672 -10082424 37448212 
v -71052400 -10604979 37346640 
v -71016120 -10792773 37257016 
v -71424704 -10860690 36978188 
v -72012112 -10948277 36571900 
v -72968368 -11093019 35918648 
v -74321984 -11321637 35024412 
v -72970960 -11159823 35769276 
v -71984464 -11003205 36442444 
v -71378920 -10898917 36860684 
v -70966880 -10819865 37145484 
v -70884816 -10805762 37020012 
v -71285632 -10881473 36737204 
v -71883400 -10986133 36322948 
v -72862112 -11147205 35659736 
v -74320256 -11372854 34857116 
v -75687696 -11536523 34068432 
v -76744152 -11530956 33375350 
v -74269288 -11369513 34701768 
v -75632408 -11580317 33944952 
v -75597856 -11577348 33763716 
v -76579160 -11726543 33239920 
v -76510056 -11721719 33082582 
v -77229624 -11829718 32732056 
v -77138920 -11822296 32594634 
v -76664680 -11686832 33329542 
v -77314280 -11791863 32815704 
v -77749648 -11913594 32313816 
v -77653760 -11905429 32184360 
v -78210064 -11987821 31935408 
v -78110728 -11980027 31807944 
v -77830848 -11879450 32395472 
v -77392888 -11653059 32855536 
v -77484456 -11333142 32865494 
v -77906864 -11749182 32437296 
v -78290400 -11959244 32019056 
v -78631616 -12057594 31580900 
v -78530544 -12049058 31457420 
v -79025520 -12124027 31244316 
v -78921864 -12114006 31120836 
v -79292440 -12175614 30798192 
v -79396968 -12187490 30921674 
v -79645744 -12235367 30485508 
v -79751136 -12247985 30606998 
v -79983504 -12292521 30178800 
v -80090616 -12305511 30298296 
v -80418872 -12360810 29993578 
v -80310896 -12348933 29876072 
v -80628784 -12403861 29577330 
v -80737624 -12414253 29692844 
v -80938032 -12457675 29280578 
v -81046872 -12467325 29394100 
v -81239512 -12511118 28985818 
v -81349216 -12519655 29097350 
v -81535800 -12563819 28689068 
v -81646368 -12571984 28800598 
v -81828640 -12616149 28392316 
v -81940072 -12624685 28501856 
v -82119752 -12668850 28091582 
v -82232048 -12677015 28199128 
v -82409992 -12721922 27784872 
v -82523152 -12729345 27890428 
v -82699376 -12775365 27474180 
v -82814264 -12781674 27579734 
v -82987032 -12828808 27157512 
v -83104512 -12835489 27261076 
v -83273824 -12882623 26836860 
v -83393032 -12889674 26940424 
v -83558024 -12936066 26512226 
v -83678096 -12943488 26615790 
v -83837904 -12989138 26185600 
v -83959696 -12995818 26289166 
v -84112600 -13041839 25858976 
v -84235264 -13046663 25960548 
v -84382976 -13093797 25530358 
v -84505640 -13096395 25629938 
v -84648168 -13145014 25201740 
v -84770832 -13146127 25299330 
v -84909048 -13195859 24871132 
v -85032576 -13195488 24966730 
v -85168192 -13246704 24536540 
v -85292584 -13245591 24628154 
v -85427344 -13297920 24191990 
v -85551736 -13296065 24283604 
v -85684760 -13348766 23843456 
v -85810016 -13346168 23931088 
v -85942184 -13400353 23486956 
v -86067440 -13396271 23572596 
v -86197008 -13451569 23122490 
v -86323992 -13447858 23206138 
v -86449248 -13503157 22750056 
v -86577096 -13500559 22835696 
v -86695440 -13553631 22377624 
v -86825016 -13552518 22461272 
v -86934720 -13603363 22005190 
v -87065160 -13602249 22086848 
v -87166224 -13651981 21630766 
v -87298392 -13650126 21710430 
v -87393416 -13699857 21254350 
v -87524712 -13697260 21332024 
v -87613688 -13747362 20875942 
v -87746720 -13744022 20949632 
v -87831376 -13794125 20489568 
v -87965264 -13790414 20561266 
v -88046464 -13841259 20095228 
v -88180360 -13836063 20164934 
v -88258104 -13888022 19692920 
v -88393720 -13881713 19758644 
v -88468016 -13934414 19280654 
v -88605360 -13928847 19346378 
v -88674464 -13980434 18860422 
v -88813544 -13977836 18926146 
v -88875736 -14025341 18438200 
v -89015680 -14024599 18501932 
v -89068376 -14068764 18017968 
v -89209176 -14067650 18079708 
v -89254096 -14110702 17599728 
v -89394896 -14108104 17659476 
v -89432904 -14150413 17185470 
v -89573712 -14147444 17243228 
v -89606536 -14189382 16767230 
v -89747344 -14185671 16822996 
v -89774120 -14226866 16346998 
v -89914920 -14222413 16400772 
v -89938248 -14263608 15920791 
v -90079912 -14258041 15970582 
v -90098056 -14299608 15482635 
v -90241448 -14294784 15530434 
v -90252680 -14334495 15038504 
v -90396936 -14332639 15086303 
v -90397800 -14367526 14594373 
v -90543792 -14367526 14640180 
v -90532560 -14398330 14158208 
v -90678544 -14398701 14200032 
v -90656088 -14427278 13728018 
v -90802072 -14426907 13767850 
v -90770112 -14454000 13303803 
v -90916096 -14453629 13339652 
v -90876360 -14479608 12879588 
v -91022352 -14478866 12913445 
v -90976568 -14503732 12449398 
v -91121688 -14502618 12479272 
v -91069864 -14527113 12013233 
v -91215848 -14525257 12041116 
v -91157104 -14549752 11567110 
v -91305688 -14549381 11591010 
v -91238304 -14571278 11113021 
v -91389480 -14575360 11136920 
v -91311728 -14591690 10660923 
v -91464632 -14599113 10684822 
v -91377384 -14610989 10212809 
v -91531144 -14619525 10234716 
v -91435256 -14628803 9770669 
v -91589880 -14637711 9788594 
v -91486224 -14645133 9328529 
v -91640848 -14654412 9346454 
v -91530280 -14660721 8886390 
v -91685768 -14669999 8900331 
v -91568288 -14674453 8442258 
v -91723776 -14682247 8452216 
v -91599384 -14686700 7990160.5 
v -91756600 -14693752 7998127 
v -91624440 -14697092 7532088 
v -91782520 -14705257 7540054.5 
v -91640848 -14704886 7076007 
v -91800656 -14714906 7081982 
v -91650352 -14710081 6629884 
v -91810160 -14720844 6633867.5 
v -91652944 -14712308 6193719.5 
v -91812752 -14722700 6193719.5 
v -91648624 -14711937 5759546 
v -91808432 -14722329 5755563 
v -91637392 -14708968 5319398 
v -91797200 -14719731 5313423.5 
v -91618392 -14703030 4869292 
v -91778200 -14712679 4861325.5 
v -91592472 -14694123 4413211 
v -91750552 -14701917 4403253 
v -91715136 -14690411 3949163.75 
v -91558784 -14683360 3959121.75 
v -91519048 -14670741 3512999 
v -91674536 -14679277 3497066 
v -91472400 -14656638 3068867.5 
v -91627896 -14665917 3050943 
v -91418848 -14641051 2626728 
v -91574336 -14649958 2606811.75 
v -91359240 -14623979 2186580 
v -91513864 -14632886 2164672.25 
v -91291864 -14605793 1744440.375 
v -91446488 -14614329 1718549.25 
v -91217576 -14586494 1296325.875 
v -91370472 -14593175 1270434.75 
v -91135512 -14566082 846219.6875 
v -91285816 -14568680 818337 
v -91192520 -14542700 366239.28125 
v -91044808 -14544185 394121.96875 
v -91094048 -14519319 -77891.9765625 
v -90948064 -14521175 -48017.6796875 
v -90992112 -14496680 -516048.375 
v -90846128 -14497793 -480199.21875 
v -90738152 -14473299 -906405.875 
v -90883272 -14472556 -944246.6875 
v -90624128 -14447319 -1330621 
v -90768384 -14446948 -1370453.375 
v -90499736 -14419855 -1754836 
v -90644856 -14419855 -1798651.625 
v -90365840 -14390536 -2185026 
v -90510960 -14390907 -2230833.25 
v -90221584 -14358990 -2623182.25 
v -90365840 -14358619 -2670981.25 
v -90208624 -14322619 -3115112.5 
v -90065232 -14325588 -3065322 
v -90043632 -14285134 -3557252 
v -89902832 -14290330 -3507461.5 
v -89875184 -14248763 -3991425.25 
v -89735248 -14254330 -3937651.5 
v -89703288 -14213134 -4415640.5 
v -89563344 -14217217 -4359875 
v -89527064 -14176021 -4835872 
v -89387128 -14179361 -4776123.5 
v -89206584 -14140392 -5188389 
v -89345664 -14137423 -5250129 
v -89019136 -14099939 -5602646 
v -89159072 -14098083 -5666377.5 
v -88824776 -14057630 -6018894.5 
v -88963848 -14056887 -6082626.5 
v -88622640 -14013836 -6437134.5 
v -88760848 -14012351 -6502858 
v -88550080 -13964846 -6923090 
v -88412728 -13968558 -6855375 
v -88334120 -13916599 -7339338.5 
v -88199360 -13922166 -7271623.5 
v -88115568 -13869836 -7747620.5 
v -87982544 -13875774 -7675922.5 
v -87896160 -13824558 -8145944.5 
v -87762264 -13829012 -8074246.5 
v -87541128 -13782249 -8462612 
v -87673296 -13778538 -8538294 
v -87316528 -13735115 -8843012 
v -87448696 -13731775 -8920685 
v -87088480 -13687610 -9215445 
v -87219784 -13685383 -9297101 
v -86856112 -13639734 -9585886 
v -86986552 -13638249 -9669534 
v -86616832 -13591115 -9954336 
v -86746408 -13590373 -10039975 
v -86370640 -13541384 -10322785 
v -86499352 -13539899 -10410417 
v -86117536 -13490910 -10691235 
v -86244520 -13487569 -10778866 
v -85984512 -13435240 -11143333 
v -85859256 -13439693 -11055701 
v -85722768 -13384394 -11501824 
v -85598376 -13388106 -11414193 
v -85336640 -13337261 -11762727 
v -85459304 -13334663 -11856333 
v -85073176 -13286044 -12107277 
v -85194976 -13284560 -12200883 
v -84807976 -13234828 -12445852 
v -84929776 -13234086 -12541450 
v -84541920 -13183983 -12776461 
v -84663720 -13183983 -12874050 
v -84273272 -13132766 -13103087 
v -84394208 -13134251 -13202668 
v -84000296 -13081179 -13429712 
v -84121232 -13084890 -13531285 
v -83723008 -13028849 -13754347 
v -83843080 -13034416 -13857911 
v -83440536 -12976148 -14076989 
v -83559752 -12982828 -14182545 
v -83152888 -12922705 -14399631 
v -83271232 -12929756 -14505187 
v -82979256 -12875942 -14825838 
v -82862640 -12868891 -14720282 
v -82684688 -12821757 -15142506 
v -82569800 -12815076 -15034958 
v -82389264 -12768314 -15453198 
v -82276104 -12761633 -15345651 
v -82092968 -12715984 -15759908 
v -81980672 -12708561 -15652360 
v -81686104 -12655489 -15953095 
v -81796680 -12663654 -16062634 
v -81388952 -12602788 -16247855 
v -81499520 -12611324 -16359385 
v -81090064 -12550459 -16540623 
v -81199776 -12558995 -16654145 
v -80787728 -12497387 -16831400 
v -80897432 -12506294 -16946914 
v -80479344 -12443943 -17122176 
v -80588184 -12453964 -17239682 
v -80162320 -12389758 -17414944 
v -80271160 -12400892 -17534442 
v -79837520 -12334459 -17709704 
v -79945496 -12346707 -17831192 
v -79502352 -12278047 -18008446 
v -79610328 -12291037 -18131928 
v -79154232 -12220150 -18311174 
v -79261344 -12232769 -18438636 
v -78790560 -12159656 -18623858 
v -78897672 -12171161 -18751322 
v -78408744 -12096934 -18944508 
v -78513272 -12106212 -19075956 
v -78000160 -12030501 -19281092 
v -78103816 -12038295 -19412538 
v -77561336 -11959615 -19635600 
v -77662400 -11966666 -19771030 
v -77077592 -11881677 -20016000 
v -77174336 -11888728 -20157404 
v -76519560 -11793347 -20444198 
v -76605080 -11798914 -20595562 
v -75804312 -11680523 -20975960 
v -75860456 -11684234 -21147240 
v -74749576 -11516482 -21722818 
v -74787584 -11520936 -21898080 
v -73338080 -11298256 -22672820 
v -73420144 -11306050 -22800284 
v -72160688 -11110463 -23618840 
v -72044072 -11094133 -23517268 
v -71309816 -10975741 -24176494 
v -71208752 -10955329 -24070938 
v -70784608 -10881102 -24525028 
v -70697368 -10864772 -24415488 
v -70400208 -10809474 -24777964 
v -70323328 -10793515 -24670416 
v -70070224 -10747123 -24997042 
v -69999392 -10726340 -24893478 
v -69770480 -10682917 -25198196 
v -69702232 -10658423 -25098614 
v -69494920 -10613515 -25387398 
v -69428400 -10587165 -25285826 
v -69235768 -10534835 -25566644 
v -69170120 -10508485 -25459098 
v -68982664 -10434629 -25737924 
v -68916152 -10412732 -25626394 
v -68730432 -10311784 -25903228 
v -68664776 -10285063 -25785722 
v -68492880 -10144032 -26050608 
v -68444504 -10110259 -25927128 
v -68333072 -9883126 -26148198 
v -68285560 -9866796 -26038658 
v -68249280 -9580652 -26213922 
v -68204360 -9566178 -26114340 
v -68222496 -9262591 -26265704 
v -68177584 -9249602 -26160148 
v -68238912 -8919664 -26303544 
v -68185352 -8908530 -26184046 
v -68287288 -8540366 -26325452 
v -68224224 -8529604 -26194006 
v -68353800 -8126553 -26331426 
v -68278648 -8108739 -26195996 
v -68423768 -7713111 -26331426 
v -68337392 -7695296.5 -26197988 
v -68394400 -7300782.5 -26197988 
v -68488560 -7303009 -26335410 
v -68461776 -6848000 -26197988 
v -68556800 -6829814.5 -26339394 
v -68550752 -6268661.5 -26190022 
v -68647504 -6246393.5 -26317486 
v -68661320 -5617323 -26148198 
v -68747704 -5611385 -26275662 
v -68773624 -4964500 -26084466 
v -68850504 -4964500 -26207946 
v -68967984 -4241533 -26118324 
v -68910968 -4211842.5 -26002810 
v -69134704 -3556050.25 -26006792 
v -69094968 -3513370 -25893270 
v -69383480 -3042773.25 -25883312 
v -69318696 -3017536.25 -25739916 
v -69760112 -2633042.5 -25751866 
v -69660768 -2637496 -25546728 
v -70352696 -2571063.25 -25375450 
v -70262856 -2570321 -25202178 
v -71055856 -2631558 -24901444 
v -70989336 -2636011.5 -24740122 
v -71822928 -2741784.5 -24359724 
v -71764192 -2745495.75 -24214334 
v -72737720 -2894691.25 -23690538 
v -72683304 -2901742.75 -23559092 
v -73978176 -3134814.25 -22758460 
v -73947944 -3142979.25 -22621038 
v -75458776 -3430978.5 -21617262 
v -75425952 -3441370.25 -21479840 
v -76778704 -3695225.25 -20565686 
v -76745880 -3714153 -20426274 
v -77697816 -3884874.25 -19808872 
v -77643400 -3901946.25 -19685390 
v -78318048 -4014028.5 -19289058 
v -78241168 -4028502.5 -19181512 
v -78802656 -4116090 -18874802 
v -78715408 -4129450.75 -18773228 
v -79231112 -4206275.5 -18504360 
v -79136952 -4220378.5 -18402788 
v -79632792 -4290893.5 -18149852 
v -79533448 -4306481 -18048280 
v -79918720 -4390728.5 -17695762 
v -80021512 -4372543 -17801318 
v -80298800 -4474604.5 -17343246 
v -80406776 -4453450 -17448802 
v -80680616 -4559594 -16980770 
v -80792048 -4535841.5 -17088318 
v -81065880 -4646068 -16608338 
v -81180768 -4620459.5 -16715885 
v -81454600 -4733655.5 -16223955 
v -81571216 -4707676 -16333494 
v -81959944 -4795634.5 -15945129 
v -81841600 -4821242.5 -15835589 
v -82336568 -4882108.5 -15558754 
v -82216496 -4906603.5 -15447224 
v -82700240 -4965613.5 -15178355 
v -82577576 -4988623.5 -15066824 
v -83049224 -5045778 -14801939 
v -82925696 -5068046 -14692400 
v -83388712 -5123345 -14431497 
v -83262592 -5144870.5 -14321958 
v -83719560 -5198685 -14059064 
v -83592576 -5219839.5 -13951517 
v -84045216 -5272540.5 -13684640 
v -83916512 -5293695 -13579084 
v -84367424 -5346396 -13302249 
v -84239576 -5367179.5 -13200676 
v -84687904 -5421365 -12913883 
v -84560056 -5439921.5 -12814302 
v -85004064 -5496333.5 -12521534 
v -84878808 -5512663.5 -12421953 
v -85312456 -5569447 -12129185 
v -85187200 -5583178.5 -12031595 
v -85608744 -5639220 -11742810 
v -85483488 -5651096 -11649204 
v -85891216 -5705281.5 -11366394 
v -85765096 -5716044.5 -11272788 
v -86163320 -5768374 -10995953 
v -86035480 -5778394.5 -10906330 
v -86426792 -5829611 -10627503 
v -86297216 -5839631.5 -10537880 
v -86685072 -5889363.5 -10255070 
v -86555504 -5900497.5 -10169431 
v -86940768 -5948002.5 -9876662 
v -86810328 -5960992 -9793014 
v -87193008 -6006641.5 -9494271 
v -87060840 -6021115.5 -9412615 
v -87440920 -6065280.5 -9107897 
v -87307896 -6080497 -9026241 
v -87682792 -6124290.5 -8717540 
v -87548904 -6139136 -8637875 
v -87918616 -6183301 -8325190.5 
v -87783864 -6196290.5 -8245525.5 
v -88146672 -6240455.5 -7932841.5 
v -88010184 -6251589.5 -7855168 
v -88364352 -6295383 -7546467 
v -88227008 -6304661.5 -7468794 
v -88570808 -6346970.5 -7166067.5 
v -88431736 -6354764 -7092377.5 
v -88766896 -6395217.5 -6793634.5 
v -88626960 -6402269.5 -6721936.5 
v -88955208 -6440125 -6423193.5 
v -88813544 -6447176.5 -6353486.5 
v -89138344 -6482434 -6048768.5 
v -88994944 -6490599 -5981053.5 
v -89172896 -6532908 -5602646 
v -89318016 -6522516.5 -5668369.5 
v -89494240 -6561485.5 -5281995 
v -89346528 -6573732.5 -5216271.5 
v -89664416 -6600083 -4891637.5 
v -89514968 -6612701.5 -4827905.5 
v -89827680 -6637938.5 -4499288.5 
v -89677368 -6649815 -4435556.5 
v -89982304 -6674310 -4108930.75 
v -89831136 -6684330.5 -4049182.25 
v -90128288 -6708454 -3726539.75 
v -89976256 -6716619 -3666791.25 
v -90264776 -6739629 -3352115.25 
v -90110152 -6746309.5 -3296350 
v -90391752 -6767835.5 -2987648.75 
v -90235400 -6773402.5 -2931883.5 
v -90511824 -6792701 -2629157.25 
v -90352880 -6798268 -2577375 
v -90624128 -6815340.5 -2272657.25 
v -90463456 -6821649.5 -2222866.75 
v -90732968 -6835381.5 -1912174 
v -90570568 -6843546.5 -1866366.75 
v -90838352 -6854309.5 -1541732.625 
v -90674224 -6864701 -1497917 
v -90941152 -6872495 -1157350 
v -90777024 -6884742 -1115526 
v -91042216 -6890680.5 -759026 
v -90877224 -6904041 -719193.625 
v -91138968 -6908866 -348752.3125 
v -90973976 -6921855.5 -310911.53125 
v -91232256 -6926680 67496.28125 
v -91066408 -6938185.5 103345.4375 
v -91319504 -6942639 481753.25 
v -91152784 -6952659.5 517602.40625 
v -91399840 -6956371 892026.9375 
v -91232256 -6965278 923892.875 
v -91474128 -6967876 1294334.25 
v -91305688 -6975670 1324208.5 
v -91543240 -6976412 1694649.875 
v -91373064 -6984948 1722532.5 
v -91608888 -6982721.5 2100940.25 
v -91437848 -6992370.5 2126831.25 
v -91671080 -6987175 2513205.75 
v -91498320 -6998680 2537105 
v -91729824 -6990144 2935429 
v -91555328 -7003876 2957337 
v -91784248 -6993113 3361635.75 
v -91607160 -7007587 3381552 
v -91831752 -6996082 3787842.5 
v -91652944 -7010185 3805767 
v -91873216 -6998309 4208074.5 
v -91691816 -7012041 4225999 
v -91906912 -6999793.5 4616356.5 
v -91722912 -7012783 4632289.5 
v -91934552 -7000907 5014680.5 
v -91747104 -7013525.5 5024638.5 
v -91954416 -7001278 5405038 
v -91763512 -7013525.5 5413004.5 
v -91966512 -7001649 5791412 
v -91774744 -7013525.5 5793404 
v -91970832 -7001649 6177786.5 
v -91778200 -7013525.5 6177786.5 
v -91968240 -7001278 6564160.5 
v -91775608 -7013525.5 6562169 
v -91957008 -7000907 6952526.5 
v -91766104 -7013525.5 6946552 
v -91751416 -7012783 7338901 
v -91938872 -6999793.5 7348859 
v -91912088 -6998309 7755149.5 
v -91728096 -7012041 7741208 
v -91879264 -6996453 8171398 
v -91698728 -7010556.5 8155465 
v -91839528 -6993484 8593622 
v -91661584 -7007958.5 8577689 
v -91995880 -7017608 8183348 
v -92029568 -7023546 7765107.5 
v -92056352 -7028370.5 7356825.5 
v -92076216 -7030968.5 6958501.5 
v -92090040 -7032824 6566152.5 
v -92093496 -7033195.5 6177786.5 
v -92088312 -7032824 5787429 
v -92074488 -7030968.5 5399063 
v -92052032 -7028742 5008705.5 
v -92024392 -7025401.5 4608390 
v -91988968 -7020205.5 4196124.5 
v -91947512 -7015381 3773901 
v -91899136 -7011298.5 3345702.75 
v -91844712 -7007958.5 2917504.5 
v -91785112 -7004247 2495281 
v -91722048 -6999793.5 2081024.125 
v -91655536 -6993855.5 1674733.625 
v -91584704 -6984948 1272426.375 
v -91510408 -6972700.5 868127.5 
v -91430072 -6957484 457853.8125 
v -91342832 -6940412 39613.6015625 
v -91250400 -6922969 -378626.59375 
v -91152784 -6905897 -790891.9375 
v -91050856 -6889567 -1191207.5 
v -90946336 -6872866 -1575590.25 
v -90840080 -6855422.5 -1946031.5 
v -90730376 -6836495 -2308506.5 
v -90615488 -6814598 -2665006.25 
v -90494552 -6788618.5 -3025489.5 
v -90367568 -6757443.5 -3391947.75 
v -90230224 -6723299.5 -3768363.75 
v -90084232 -6686557 -4152746.5 
v -89929608 -6648330.5 -4545095.5 
v -89766344 -6609361.5 -4939436.5 
v -89596168 -6570763.5 -5329794 
v -89419952 -6531423.5 -5718160 
v -89239408 -6491341 -6098559 
v -89054552 -6449032 -6474975.5 
v -88864512 -6404496 -6845416.5 
v -88667560 -6355877.5 -7219841.5 
v -88459376 -6302805.5 -7600240.5 
v -88241688 -6246393.5 -7988606.5 
v -88012776 -6188125.5 -8380956 
v -87776088 -6129115.5 -8775297 
v -87532488 -6070847.5 -9167646 
v -87283704 -6013693 -9554020 
v -87030608 -5956538.5 -9936411 
v -86774048 -5899384 -10314819 
v -86513176 -5841116 -10687252 
v -86248840 -5780621.5 -11057693 
v -85977600 -5715673 -11430126 
v -85695128 -5646271.5 -11808534 
v -85399696 -5573158 -12194908 
v -85092176 -5497076 -12589249 
v -84776016 -5421736 -12985581 
v -84454672 -5347880.5 -13373947 
v -84131600 -5275509.5 -13754347 
v -83804208 -5202767.5 -14130763 
v -83472504 -5128541 -14501204 
v -83132152 -5052087.5 -14873637 
v -82781440 -4971551.5 -15250053 
v -82417768 -4887304.5 -15630453 
v -82039416 -4799346 -16016827 
v -81650688 -4710645 -16405193 
v -81258512 -4623800 -16789576 
v -80868928 -4540666 -17162008 
v -80481936 -4460130.5 -17520500 
v -80095800 -4380336.5 -17873016 
v -79704488 -4300172 -18221550 
v -79301080 -4216667 -18574066 
v -78872624 -4126852.75 -18944508 
v -78388880 -4024420.25 -19356774 
v -77771240 -3893410.25 -19876586 
v -76849536 -3704503.5 -20635394 
v -75482104 -3438030 -21726802 
v -73903888 -3118855.5 -22961606 
v -72620240 -2892464.5 -23919576 
v -71739136 -2751805 -24564860 
v -71016984 -2665702.25 -25080690 
v -70363928 -2657908.5 -25530796 
v -69819712 -2808959.5 -25845472 
v -69438768 -3138896.75 -25990860 
v -69183072 -3625823.25 -26112348 
v -69036224 -4300543 -26205954 
v -68938616 -4982314.5 -26283628 
v -68860008 -5584663.5 -26339394 
v -68775352 -6201115 -26367276 
v -68684648 -6802722 -26399142 
v -68608632 -7300411 -26387192 
v -68529160 -7725729.5 -26397150 
v -68447960 -8147708 -26409100 
v -68375400 -8565232 -26395158 
v -68315792 -8944901 -26375242 
v -68281240 -9285602 -26345368 
v -68310608 -9589559 -26281636 
v -68387488 -9889064 -26249770 
v -68574080 -10128816 -26142222 
v -68802992 -10312527 -25994844 
v -69049184 -10446506 -25825556 
v -69297968 -10535577 -25648302 
v -69555384 -10604608 -25473038 
v -69830944 -10665474 -25287818 
v -70130696 -10726711 -25092640 
v -70461536 -10792030 -24883520 
v -70843352 -10856236 -24638550 
v -71356464 -10931205 -24299974 
v -72189192 -11050710 -23748296 
v -73448656 -11256689 -22941690 
v -74834232 -11476029 -22029528 
v -75926976 -11636358 -21254788 
v -76681096 -11750667 -20691158 
v -77254672 -11842708 -20247028 
v -77746192 -11925471 -19860654 
v -78191064 -12002295 -19504154 
v -78602248 -12072810 -19165578 
v -78987512 -12139614 -18842936 
v -79350320 -12202336 -18528260 
v -79698440 -12260975 -18219558 
v -80032744 -12317016 -17916832 
v -80357544 -12371201 -17618090 
v -80673704 -12423531 -17321338 
v -80982088 -12475490 -17026578 
v -81284424 -12526706 -16731818 
v -81583312 -12578294 -16435067 
v -81881336 -12631737 -16136324 
v -82178488 -12686664 -15833598 
v -82477376 -12741963 -15528880 
v -82774528 -12798375 -15218187 
v -83070824 -12853303 -14901520 
v -83363656 -12906375 -14580869 
v -83651312 -12957591 -14256235 
v -83933784 -13007694 -13929609 
v -84211936 -13056313 -13600992 
v -84484040 -13104189 -13270383 
v -84752696 -13152436 -12939774 
v -85018752 -13200684 -12605182 
v -85283080 -13250415 -12262623 
v -85549144 -13302374 -11916081 
v -85815200 -13356188 -11563565 
v -86080392 -13410374 -11205073 
v -86342136 -13462703 -10838615 
v -86596960 -13512064 -10468174 
v -86844016 -13558456 -10097732 
v -87081568 -13603363 -9723308 
v -87313944 -13647157 -9348883 
v -87541128 -13691321 -8970475 
v -87765720 -13736228 -8584101 
v -87989456 -13783734 -8191752 
v -88213184 -13834579 -7791436 
v -88436048 -13885053 -7383154 
v -88654600 -13933300 -6966905.5 
v -88863648 -13978207 -6546673.5 
v -89064920 -14019774 -6124450.5 
v -89258416 -14059114 -5704218.5 
v -89443272 -14097341 -5285978.5 
v -89624680 -14135196 -4869729.5 
v -89802624 -14174908 -4449498 
v -89979712 -14217217 -4023291.25 
v -90154200 -14260268 -3589118 
v -90320920 -14300722 -3146978.5 
v -90478136 -14334866 -2700855.5 
v -90620672 -14364928 -2258716 
v -90751968 -14392020 -1824542.75 
v -90872904 -14417258 -1394352.75 
v -90986072 -14441752 -966154.5 
v -91095776 -14467732 -535964.5625 
v -91202024 -14497422 -97808.1796875 
v -91304824 -14527113 348314.6875 
v -91398976 -14553463 800412.4375 
v -91482768 -14573876 1254501.75 
v -91555328 -14590577 1704607.875 
v -91619256 -14605793 2150730.75 
v -91677128 -14619525 2596853.75 
v -91728960 -14633257 3040985 
v -91777336 -14648845 3489099.5 
v -91823120 -14665546 3941197.25 
v -91861128 -14680762 4399270 
v -91890496 -14690411 4857342.5 
v -91908640 -14694865 5311431.5 
v -91918136 -14695978 5753571.5 
v -91921592 -14696350 6191728 
v -91920728 -14695236 6633867.5 
v -91912952 -14692267 7083973.5 
v -91894816 -14684473 7542046 
v -91865448 -14670370 8002110.5 
v -91828304 -14653669 8458191 
v -91787704 -14637339 8908297 
v -91743648 -14623236 9354420 
v -91695272 -14609504 9800543 
v -91639984 -14594659 10246666 
v -91576064 -14578700 10696772 
v -91504368 -14559401 11152853 
v -91419712 -14534907 11608934 
v -91325552 -14505216 12057049 
v -91227080 -14475154 12499188 
v -91126008 -14447690 12933361 
v -91020624 -14423196 13361560 
v -90909192 -14397959 13791750 
v -90787392 -14371608 14225923 
v -90656088 -14342660 14668062 
v -90510960 -14310000 15114185 
v -90352880 -14271402 15562300 
v -90187032 -14228722 16000456 
v -90016856 -14186042 16430646 
v -89845816 -14145217 16854862 
v -89672184 -14106619 17275094 
v -89495104 -14068764 17695324 
v -89310248 -14030166 18117548 
v -89118472 -13988970 18541764 
v -88918064 -13945176 18967970 
v -88709024 -13897671 19390194 
v -88493928 -13847940 19802458 
v -88276240 -13797094 20208750 
v -88058560 -13748847 20607074 
v -87840008 -13702827 20997430 
v -87619736 -13659033 21381814 
v -87393416 -13614868 21762212 
v -87162768 -13569961 22140620 
v -86923488 -13524312 22517036 
v -86676432 -13475693 22893454 
v -86420744 -13423734 23265886 
v -86161592 -13369920 23632344 
v -85900720 -13314993 23990836 
v -85640704 -13262663 24343352 
v -85381560 -13212189 24689894 
v -85122408 -13163199 25030462 
v -84860672 -13115694 25365054 
v -84596344 -13067447 25697654 
v -84326824 -13019571 26028262 
v -84051264 -12970210 26358872 
v -83770520 -12920107 26687490 
v -83484592 -12867777 27014114 
v -83194352 -12813592 27334766 
v -82901512 -12757922 27651434 
v -82607808 -12702623 27962126 
v -82314976 -12648067 28268836 
v -82022136 -12594623 28573554 
v -81728432 -12542665 28872296 
v -81431280 -12492191 29171040 
v -81128936 -12441717 29469782 
v -80819688 -12389758 29770516 
v -80502664 -12337057 30073244 
v -80175272 -12282872 30379952 
v -79835792 -12226831 30688654 
v -79482488 -12166336 31005322 
v -79109312 -12102501 31329956 
v -78713680 -12034213 31664548 
v -78362968 -11835285 32058888 
v -78782784 -11914708 31706372 
v -79174960 -11987821 31369788 
v -79545544 -12055367 31043162 
v -79897984 -12119944 30726494 
v -80235744 -12181923 30417794 
v -80563136 -12240934 30113076 
v -80881024 -12297717 29810350 
v -81192000 -12353016 29511606 
v -81495200 -12407572 29214854 
v -81792360 -12459902 28916112 
v -82086920 -12511118 28615378 
v -82379760 -12563448 28310660 
v -82674328 -12616149 28001958 
v -82967160 -12668850 27689274 
v -83259136 -12721551 27370614 
v -83548520 -12774252 27047972 
v -83834448 -12826582 26723338 
v -84115192 -12878911 26394722 
v -84390752 -12930499 26064112 
v -84661128 -12981715 25733504 
v -84927184 -13032189 25402894 
v -85189792 -13083034 25068302 
v -85449800 -13131282 24725744 
v -85709816 -13180642 24379202 
v -85969824 -13230374 24024694 
v -86229840 -13278993 23662218 
v -86487256 -13327611 23293768 
v -86741224 -13375116 22919344 
v -86987416 -13422250 22542928 
v -87225832 -13468642 22164520 
v -87458200 -13514662 21788104 
v -87685384 -13559198 21405712 
v -87909120 -13604105 21021330 
v -88128528 -13647528 20628982 
v -88347080 -13692806 20228666 
v -88564760 -13738826 19820384 
v -88778128 -13785589 19402144 
v -88985448 -13833836 18979920 
v -89185856 -13880970 18555704 
v -89378488 -13925877 18131490 
v -89565072 -13968558 17711258 
v -89744752 -14009382 17291026 
v -89920104 -14049094 16868802 
v -90093736 -14089176 16442596 
v -90264776 -14129629 16010414 
v -90428904 -14170454 15568275 
v -90585256 -14210165 15122152 
v -90729512 -14248763 14676029 
v -90861680 -14284021 14235881 
v -90983480 -14316309 13801708 
v -91096640 -14346371 13371518 
v -91202024 -14372350 12941328 
v -91303960 -14398330 12505163 
v -91400704 -14423567 12061032 
v -91490544 -14447319 11610926 
v -91571744 -14469216 11154845 
v -91643440 -14490000 10700755 
v -91706504 -14509299 10250649 
v -91762648 -14526742 9802535 
v -91812752 -14542329 9358404 
v -91857672 -14555690 8910289 
v -91897408 -14568680 8458191 
v -91932824 -14580185 8000118.5 
v -91959600 -14589834 7540054.5 
v -91976880 -14596515 7081982 
v -91986384 -14601340 6631876 
v -91987248 -14603195 6191728 
v -91983792 -14602824 5753571.5 
v -91972560 -14599855 5309440 
v -91954416 -14594288 4857342.5 
v -91926776 -14586494 4399270 
v -91890496 -14576102 3941197.25 
v -91847304 -14564597 3487107.75 
v -91798928 -14551608 3037001.75 
v -91746240 -14538618 2590878.75 
v -91687496 -14521917 2146747.5 
v -91621848 -14504103 1700624.625 
v -91549288 -14484433 1250518.5 
v -91468088 -14463278 796429.1875 
v -91376520 -14441381 342339.84375 
v -91278040 -14417629 -103783.0390625 
v -91172656 -14392020 -543931.0625 
v -91062088 -14366412 -978104.25 
v -90948064 -14340062 -1406302.5 
v -90825400 -14309258 -1836492.5 
v -90694096 -14276598 -2270665.5 
v -90550696 -14240227 -2710813.5 
v -90396072 -14201258 -3156936.5 
v -90229360 -14161176 -3599076.25 
v -90055728 -14120351 -4035241 
v -89877776 -14080269 -4463439 
v -89697240 -14039815 -4885662.5 
v -89514968 -13999733 -5301911 
v -89326656 -13958166 -5720151.5 
v -89132296 -13914743 -6138391.5 
v -88931024 -13868723 -6560615 
v -88721976 -13821218 -6980847 
v -88506024 -13772971 -7399087 
v -88284016 -13725837 -7811352.5 
v -88060288 -13679816 -8213659.5 
v -87834824 -13634167 -8608000 
v -87609368 -13589631 -8994375 
v -87380456 -13543982 -9374774 
v -87146360 -13498332 -9749199 
v -86907944 -13451569 -10123623 
v -86661752 -13404807 -10496056 
v -86408648 -13356931 -10866498 
v -86148640 -13308683 -11234947 
v -85885168 -13260065 -11597422 
v -85619976 -13210704 -11953922 
v -85353920 -13162086 -12302456 
v -85088720 -13113096 -12645014 
v -84821800 -13062993 -12979606 
v -84552288 -13011406 -13310215 
v -84279312 -12959447 -13638833 
v -84001160 -12906746 -13967450 
v -83719560 -12853303 -14294076 
v -83431904 -12799118 -14618710 
v -83139928 -12744190 -14939360 
v -82844496 -12689262 -15256028 
v -82548208 -12634335 -15568712 
v -82249320 -12580149 -15877413 
v -81952168 -12525964 -16180140 
v -81653280 -12471778 -16478883 
v -81353536 -12418335 -16775634 
v -81050328 -12363408 -17068402 
v -80741080 -12306624 -17363162 
v -80424920 -12246872 -17659914 
v -80100984 -12184893 -17956664 
v -79767544 -12119944 -18259390 
v -79421152 -12053511 -18566100 
v -79058344 -11984481 -18878784 
v -78673944 -11912852 -19203418 
v -78262760 -11838997 -19541994 
v -77816160 -11761801 -19900486 
v -77322920 -11678667 -20292834 
v -76743288 -11583286 -20742942 
v -75974480 -11456358 -21324494 
v -74854096 -11270792 -22121142 
v -73446064 -11022504 -23047246 
v -72186600 -10805762 -23859826 
v -71371152 -10690711 -24403538 
v -70877040 -10639866 -24736140 
v -70509048 -10607948 -24981108 
v -70185112 -10577887 -25194212 
v -69887096 -10546340 -25387398 
v -69611536 -10511083 -25560670 
v -69360160 -10456897 -25718008 
v -69126064 -10377846 -25873354 
v -68902328 -10237929 -26034676 
v -68682920 -10053847 -26180064 
v -68496336 -9835250 -26281636 
v -68390080 -9585106 -26319478 
v -68384896 -9305272 -26369268 
v -68431544 -8971623 -26389184 
v -68509288 -8589727 -26387192 
v -68604312 -8172945 -26387192 
v -68701920 -7746142 -26371260 
v -68794352 -7302267 -26355326 
v -68885056 -6773031 -26355326 
v -68974032 -6148043 -26329436 
v -69044864 -5541612 -26309520 
v -69097560 -4974520.5 -26277654 
v -69166664 -4350646 -26213922 
v -69299688 -3743843.5 -26138240 
v -69520832 -3342277.75 -26026708 
v -69831808 -3085453.75 -25859412 
v -70289640 -2920299.5 -25610460 
v -70876176 -2856835.75 -25245994 
v -71581056 -2875392.25 -24764022 
v -72513128 -2971515.75 -24090854 
v -73892664 -3176381.25 -23063178 
v -75535656 -3481452.5 -21774600 
v -76912600 -3744585.75 -20669252 
v -77825664 -3926070 -19916418 
v -78438120 -4054482 -19400590 
v -78919272 -4158028 -18988324 
v -79345136 -4249698 -18617882 
v -79748544 -4335058.5 -18265366 
v -80138992 -4418192.5 -17916832 
v -80524264 -4502439.5 -17564316 
v -80909528 -4586686.5 -17203832 
v -81298248 -4670934 -16831400 
v -81691288 -4756294.5 -16447017 
v -82080880 -4843510.5 -16058651 
v -82460096 -4929984.5 -15670285 
v -82824632 -5014974 -15289886 
v -83175344 -5096252 -14913469 
v -83515696 -5174190 -14541036 
v -83848264 -5249159 -14168603 
v -84174792 -5322272 -13794179 
v -84498728 -5394643 -13411788 
v -84820936 -5467385 -13023422 
v -85138824 -5540498.5 -12629081 
v -85448072 -5613240.5 -12234740 
v -85744368 -5683013.5 -11844383 
v -86028568 -5750931 -11465975 
v -86300672 -5815508 -11095534 
v -86565864 -5878229.5 -10723101 
v -86826744 -5937611 -10350668 
v -87082432 -5998105.5 -9972260 
v -87334672 -6058229 -9587877 
v -87583456 -6117610.5 -9201503 
v -87827056 -6175878 -8811146 
v -88064608 -6233032.5 -8416805 
v -88294384 -6289816 -8022464 
v -88513792 -6345486 -7634098.5 
v -88722840 -6399671.5 -7253699 
v -88920656 -6450145.5 -6879274.5 
v -89110704 -6497650.5 -6508833 
v -89295560 -6542186.5 -6132417 
v -89476096 -6584866.5 -5752017.5 
v -89652320 -6626804.5 -5363651.5 
v -89823360 -6668371.5 -4971302.5 
v -89986624 -6709196.5 -4576961.5 
v -90141248 -6749278.5 -4184612.5 
v -90287232 -6787876.5 -3798238.25 
v -90424584 -6823134 -3421822 
v -90554152 -6854680.5 -3053372.25 
v -90675952 -6882886.5 -2692889 
v -90789120 -6908866 -2332405.75 
v -90896232 -6932989.5 -1969931 
v -90999888 -6955999.5 -1597498 
v -91103552 -6976412 -1211123.75 
v -91205480 -6994226.5 -810808.125 
v -91305688 -7009814 -400534.40625 
v -91402432 -7024288 19697.400390625 
v -91492272 -7036535.5 437937.59375 
v -91573472 -7048783 850202.9375 
v -91648624 -7060659 1256493.375 
v -91717728 -7070680 1660792.25 
v -91784248 -7078473.5 2067082.75 
v -91847304 -7085154 2483331.25 
v -91906912 -7093319 2905554.75 
v -91961328 -7103339.5 3333753 
v -92008840 -7113731 3763943 
v -92047712 -7123380.5 4186166.5 
v -92081400 -7131174.5 4600423.5 
v -92110768 -7137112.5 5000739 
v -92134096 -7141195 5395080 
v -92151368 -7143422 5785437.5 
v -92155688 -7144535.5 6175795 
v -92149640 -7143793 6568144 
v -92134096 -7142308.5 6962484.5 
v -92112496 -7138226 7360808.5 
v -92087448 -7131545.5 7771082.5 
v -92056352 -7121525 8191314.5 
v -91956144 -7012783 8607563 
v -91793744 -6990515 9015845 
v -91619256 -7004618 8995929 
v -91743648 -6987546 9432094 
v -91570880 -7000164.5 9410186 
v -91910360 -7008329.5 9031778 
v -92018344 -7110391 8617521 
v -92045120 -7330102 8627479 
v -92088312 -7345318 8201272.5 
v -92127184 -7355339 7781040.5 
v -92158280 -7359792.5 7370767 
v -92181608 -7363875 6968459.5 
v -92195424 -7365730.5 6570135.5 
v -92200608 -7366473 6175795 
v -92195424 -7364988.5 5781454 
v -92181608 -7361277 5387113.5 
v -92158280 -7356823.5 4990781 
v -92125456 -7351627.5 4586482 
v -92084856 -7345318 4172225 
v -92038208 -7333813 3750001.75 
v -91988112 -7315998.5 3321803.25 
v -91937144 -7295586.5 2895596.75 
v -91881856 -7279999 2471381.5 
v -91822256 -7269978 2055133 
v -91756600 -7261071 1646851 
v -91684904 -7251050.5 1242552.125 
v -91606296 -7240658.5 834270 
v -91520776 -7229524.5 422004.625 
v -91430936 -7216906 3764.43994140625 
v -91337648 -7195380.5 -416467.375 
v -91241760 -7170514.5 -830724.3125 
v -91144152 -7145277.5 -1231040 
v -91043944 -7120411.5 -1617414.25 
v -90939424 -7093690 -1991838.75 
v -90831440 -7065484 -2356305.25 
v -90715688 -7036164.5 -2718780 
v -90592160 -7005731.5 -3081255 
v -90460000 -6973814 -3449704.75 
v -90612896 -7250679.5 -3109137.5 
v -90736424 -7283710 -2742679.5 
v -90851312 -7315627.5 -2378213 
v -90960152 -7345689.5 -2009763.375 
v -91065544 -7373895.5 -1633347.25 
v -91168336 -7399132.5 -1244981.25 
v -91267680 -7427338.5 -842674.0625 
v -91364424 -7455916 -430408.71875 
v -91456856 -7480410.5 -12168.51953125 
v -91543240 -7500080.5 408063.3125 
v -91625304 -7515297 822320.25 
v -91703912 -7528658 1230602.375 
v -91776472 -7540163 1638884.5 
v -91842120 -7549441.5 2047166.5 
v -91903456 -7560204 2459432 
v -91962192 -7576905 2877672 
v -92017480 -7598431 3301887.25 
v -92066720 -7616987.5 3730085.5 
v -92108184 -7628864 4154300.5 
v -92144464 -7637029 4572540.5 
v -92176424 -7642967 4980823 
v -92202336 -7646678 5381138.5 
v -92219616 -7648905 5779462.5 
v -92224800 -7650018.5 6175795 
v -92218752 -7650389.5 6572127 
v -92201472 -7649276 6972443 
v -92178152 -7645936 7378733.5 
v -92148776 -7637771 7790998.5 
v -92115952 -7627379.5 8213222 
v -92076216 -7612163 8639429 
v -92179880 -7850430 8227163.5 
v -92219616 -7859337.5 7804940 
v -92252440 -7866389 7390683 
v -92278352 -7872327 6982401 
v -92295632 -7874554 6578102 
v -92303408 -7874554 6175795 
v -92297360 -7873069.5 5775479 
v -92278352 -7869358 5373172 
v -92250712 -7864533.5 4966881.5 
v -92215296 -7858224 4556608 
v -92173832 -7851172.5 4136376 
v -92126320 -7841894 3712161 
v -92072760 -7830018 3283962.5 
v -92014888 -7814430.5 2861739.25 
v -91955280 -7799214 2445490.5 
v -91893088 -7786966.5 2035216.875 
v -91823984 -7775461.5 1628926.375 
v -91749688 -7762100.5 1220644.25 
v -91668496 -7747255.5 810370.5625 
v -91582976 -7730183 394121.96875 
v -91493136 -7710513 -22126.619140625 
v -91399840 -7687503 -440366.8125 
v -91303096 -7661894.5 -852632.1875 
v -91205480 -7633688.5 -1256931 
v -91105280 -7606967 -1651271.75 
v -90999024 -7578390 -2029679.625 
v -90886728 -7549070 -2400121 
v -90767520 -7519008.5 -2766579 
v -90640536 -7487091 -3135028.75 
v -90707056 -7645565 -3168886.25 
v -90835760 -7676369 -2798445 
v -90960152 -7704946 -2429995.25 
v -91074176 -7734636.5 -2055570.625 
v -91183888 -7762843 -1675171.25 
v -91291000 -7789935.5 -1280830.5 
v -91393792 -7815172.5 -876531.625 
v -91493136 -7838554 -464266.25 
v -91589880 -7859708.5 -48017.6796875 
v -91682312 -7879378.5 370222.53125 
v -91770424 -7897193 784479.5 
v -91854216 -7913151.5 1196744.875 
v -91933688 -7928368 1605026.875 
v -92006248 -7943584.5 2013309 
v -92075352 -7957687.5 2423582.75 
v -92140144 -7971419.5 2837839.75 
v -92350912 -8141398.5 2799999 
v -92280080 -8125811 2383750.25 
v -92204064 -8110223.5 1971485 
v -92122864 -8093522.5 1561211.25 
v -92037344 -8075337 1150937.5 
v -91948376 -8056038 738672.25 
v -91854216 -8034512 322423.625 
v -91757464 -8011131 -93824.9375 
v -91657264 -7986265 -510073.53125 
v -91553600 -7960285.5 -920347.25 
v -91446488 -7932822 -1326637.75 
v -91335056 -7903873.5 -1720978.5 
v -91220168 -7873811.5 -2105361.25 
v -91100096 -7842636.5 -2479785.75 
v -90973976 -7810348 -2854210.25 
v -91331600 -8012986.5 -2571400.25 
v -91460312 -8046759.5 -2192992.5 
v -91582976 -8080532.5 -1806618.125 
v -91703048 -8113934.5 -1410285.75 
v -91819664 -8145852 -1007978.5 
v -91933688 -8175914 -597704.8125 
v -92044256 -8203749 -181456.21875 
v -92153096 -8229728 234792.359375 
v -92258488 -8253480.5 651040.9375 
v -92359552 -8276120 1067289.5 
v -92454576 -8296532 1479554.875 
v -92544416 -8316202 1895803.5 
v -92625616 -8335130 2312052 
v -93173280 -8590841 1750415.125 
v -93073936 -8570428 1324208.5 
v -92966824 -8547418 899993.4375 
v -92853664 -8520696 477770 
v -92728408 -8487666 55546.55859375 
v -92608336 -8456490 -368668.5 
v -92480488 -8423460 -788900.3125 
v -92348320 -8390058 -1201165.625 
v -92211840 -8353686.5 -1607456.125 
v -92069304 -8314346.5 -2003788.5 
v -91929368 -8275377.5 -2394146 
v -91786840 -8234553 -2778528.75 
v -91197704 -7978100 -2947816.5 
v -90841808 -7776203.5 -3228634.75 
v -90570568 -7612905 -3545302.5 
v -90505784 -7455173.5 -3509453.25 
v -90480728 -7217277.5 -3481570.5 
v -90320056 -6941525.5 -3828112.5 
v -90171480 -6900330 -4214486.5 
v -90018584 -6853196 -4606836 
v -89859640 -6803093 -5001176.5 
v -89692920 -6749278.5 -5393526 
v -89516696 -6697320 -5779900 
v -89336160 -6647217 -6162291 
v -89151304 -6597485 -6536715.5 
v -88960392 -6546640 -6909148.5 
v -88761712 -6495052.5 -7283573 
v -88550944 -6441238 -7663972.5 
v -88327208 -6385568.5 -8050347 
v -88093976 -6327300.5 -8440704 
v -87854696 -6268290.5 -8833054 
v -87611096 -6207053.5 -9221419 
v -87364040 -6143960.5 -9609785 
v -87113536 -6079754.5 -9992176 
v -86858704 -6016662 -10372576 
v -86598688 -5955425 -10748992 
v -86331768 -5895301.5 -11121425 
v -86057936 -5835178 -11493858 
v -85772872 -5773199 -11872266 
v -85474856 -5708250.5 -12262623 
v -85166464 -5638477.5 -12658956 
v -84849440 -5566106.5 -13055288 
v -84528096 -5493364.5 -13445645 
v -84204160 -5419880 -13828036 
v -83876776 -5344911.5 -14202461 
v -83544200 -5268458 -14576886 
v -83202984 -5189406.5 -14949319 
v -82851408 -5109242 -15325735 
v -82485144 -5026479 -15706134 
v -82102472 -4941861 -16092508 
v -81709432 -4856129 -16480874 
v -81315528 -4768170.5 -16863266 
v -80926800 -4680583.5 -17235698 
v -80544128 -4590769 -17598174 
v -80161456 -4500212.5 -17950690 
v -79773592 -4410398.5 -18301214 
v -79372776 -4320955.5 -18655724 
v -78946912 -4230028 -19024174 
v -78468352 -4131306.5 -19434446 
v -77861080 -4010688.25 -19948284 
v -76954064 -3845905.25 -20701118 
v -75585760 -3623596.5 -21808458 
v -73920304 -3395720.75 -23091062 
v -72483760 -3242071.75 -24152594 
v -71467032 -3210896.5 -24859620 
v -70746600 -3279185 -25341592 
v -70238672 -3410195 -25666226 
v -69885368 -3568668.75 -25873354 
v -69628808 -3735678.75 -26008784 
v -69437904 -3900090.5 -26106374 
v -69395576 -4376996.5 -26132264 
v -69365344 -4952995 -26166122 
v -69329064 -5503756.5 -26180064 
v -69293648 -6121692.5 -26201972 
v -69204672 -6786763 -26217904 
v -69099288 -7355339 -26225870 
v -68983528 -7817028.5 -26243796 
v -68858280 -8240491 -26277654 
v -68733024 -8644655 -26303544 
v -68627632 -9017644 -26323460 
v -68546432 -9338674 -26327444 
v -68498064 -9556158 -26317486 
v -68630224 -9697930 -26255746 
v -68830632 -9882012 -26138240 
v -69038816 -10080197 -26000818 
v -69186528 -10246836 -25885304 
v -69241816 -9919868 -25909204 
v -69369664 -10227908 -25783732 
v -69012904 -9648570 -26068532 
v -68762392 -9452611 -26217904 
v -68904920 -9144200 -26182056 
v -69220216 -9392488 -25988868 
v -69481960 -9768446 -25785722 
v -69608944 -10199331 -25644318 
v -69881048 -10165558 -25475030 
v -69755792 -9617766 -25650292 
v -69438768 -9120076 -25897254 
v -69056096 -8799046 -26132264 
v -69219360 -8422346 -26078492 
v -69666816 -8818345 -25797672 
v -70056408 -9452983 -25508888 
v -70181656 -10127702 -25285826 
v -70505592 -10089847 -25080690 
v -70367384 -9272983 -25359516 
v -69902640 -8482099 -25702074 
v -70695640 -9088901 -25200186 
v -70861488 -10062383 -24859620 
v -71331416 -10069806 -24560876 
v -72152048 -10197475 -24017164 
v -73440016 -10534835 -23136868 
v -74867920 -10849927 -22178900 
v -76021992 -11079287 -21370302 
v -76815848 -11231081 -20770824 
v -77403256 -11337225 -20306776 
v -77896496 -11424441 -19906460 
v -78338776 -11504977 -19540002 
v -78747368 -11582544 -19199436 
v -79131768 -11658626 -18876794 
v -79496304 -11735079 -18566100 
v -79844432 -11810048 -18265366 
v -80179592 -11883904 -17966622 
v -80502664 -11955161 -17671864 
v -80817096 -12023079 -17377104 
v -81124616 -12085429 -17082344 
v -81426096 -12143326 -16785592 
v -81723248 -12198253 -16486849 
v -82019544 -12252068 -16186115 
v -82314976 -12306624 -15881397 
v -82611264 -12361552 -15572696 
v -82907560 -12418335 -15260011 
v -83203848 -12476603 -14945335 
v -83497552 -12535984 -14626676 
v -83786072 -12595737 -14304034 
v -84069408 -12654376 -13979400 
v -84346696 -12711530 -13652774 
v -84618800 -12767200 -13324157 
v -84886584 -12820272 -12991556 
v -85151784 -12869633 -12652981 
v -85415248 -12916767 -12308430 
v -85678712 -12963530 -11955914 
v -85942184 -13009550 -11599414 
v -86205648 -13056684 -11236939 
v -86466528 -13104560 -10870481 
v -86721352 -13153179 -10502031 
v -86968408 -13202539 -10129598 
v -87207688 -13250787 -9757165 
v -87440920 -13297920 -9378757 
v -87668976 -13343570 -8996366 
v -87893568 -13386621 -8606009 
v -88116432 -13428188 -8207685 
v -88339304 -13471611 -7799402.5 
v -88562168 -13518373 -7387137.5 
v -88780720 -13568848 -6968897 
v -88991496 -13621177 -6550657 
v -89193624 -13672022 -6132417 
v -89387992 -13720270 -5714176.5 
v -89573712 -13764063 -5295936.5 
v -89754248 -13804517 -4875704.5 
v -89932200 -13842744 -4449498 
v -90108424 -13881713 -4019308 
v -90283776 -13924393 -3583143.25 
v -90453088 -13969671 -3142995.25 
v -90611168 -14016434 -2698864 
v -90753696 -14063197 -2260707.5 
v -90884136 -14102166 -1826534.375 
v -91004208 -14133341 -1398336 
v -91114776 -14155980 -968146.125 
v -91221032 -14175279 -531981.3125 
v -91323824 -14196433 -91833.3203125 
v -91423168 -14217959 354289.5625 
v -91515592 -14240598 806387.3125 
v -91598520 -14264351 1256493.375 
v -91671080 -14288103 1704607.875 
v -91735008 -14310000 2148739.25 
v -91792880 -14323361 2594862 
v -91843848 -14334124 3040985 
v -91889632 -14343031 3493082.75 
v -91932824 -14351196 3947172 
v -91971696 -14359732 4403253 
v -92002792 -14369753 4859334 
v -92023528 -14379402 5309440 
v -92035616 -14386082 5753571.5 
v -92039936 -14387196 6191728 
v -92037344 -14383113 6631876 
v -92026120 -14374206 7079990.5 
v -92004520 -14364186 7536071.5 
v -91975152 -14354907 7994144 
v -91940600 -14345629 8452216 
v -91901728 -14337093 8904314 
v -91859400 -14327072 9352429 
v -91811024 -14312969 9798552 
v -91755736 -14294413 10244674 
v -91692680 -14270289 10692789 
v -91620120 -14246536 11144887 
v -91537192 -14222784 11596984 
v -91446488 -14200516 12047091 
v -91352328 -14179361 12491222 
v -91253856 -14158578 12927387 
v -91151920 -14137423 13361560 
v -91042216 -14107361 13791750 
v -90922144 -14070248 14223931 
v -90789984 -14025712 14662088 
v -90643992 -13978578 15106219 
v -90484184 -13932558 15552342 
v -90316600 -13889135 15992490 
v -90146432 -13850166 16428655 
v -89976256 -13812311 16856852 
v -89802624 -13774084 17281068 
v -89624680 -13732146 17703292 
v -89439816 -13686497 18123524 
v -89247184 -13637136 18545746 
v -89045048 -13585920 18967970 
v -88834272 -13535074 19390194 
v -88619184 -13489054 19806442 
v -88402360 -13446374 20220700 
v -88185544 -13406662 20624998 
v -87966128 -13367693 21021330 
v -87744992 -13326498 21409696 
v -87518664 -13282704 21794078 
v -87286296 -13237055 22172486 
v -87047016 -13190292 22548902 
v -86799096 -13143529 22923328 
v -86544272 -13097509 23295760 
v -86286848 -13051488 23664210 
v -86027704 -13005839 24026684 
v -85768552 -12960932 24385176 
v -85510272 -12915653 24735702 
v -85250256 -12870375 25078260 
v -84988520 -12821386 25414844 
v -84724184 -12768314 25747444 
v -84454672 -12713757 26078054 
v -84179112 -12658829 26408662 
v -83897504 -12603159 26735288 
v -83610712 -12547861 27059922 
v -83319608 -12493675 27380572 
v -83026768 -12440603 27697240 
v -82733928 -12388645 28009924 
v -82441952 -12338170 28320618 
v -82149120 -12288068 28627328 
v -81856280 -12237593 28930054 
v -81559992 -12184521 29228796 
v -81258512 -12129223 29529530 
v -80950128 -12070212 29828274 
v -80633104 -12007491 30131000 
v -80306576 -11941429 30433726 
v -79968816 -11870543 30740436 
v -79616376 -11795945 31053120 
v -79246656 -11717265 31373772 
v -78857072 -11631904 31706372 
v -78443304 -11540606 32060880 
v -77993248 -11443369 32441280 
v -77614024 -10889638 32855536 
v -77848984 -10381186 32933210 
v -78110728 -11012855 32435304 
v -78553008 -11120112 32054906 
v -78959872 -11220689 31698406 
v -79339088 -11313843 31361822 
v -79699304 -11399575 31039178 
v -80045696 -11479369 30724502 
v -80381728 -11553224 30419786 
v -80708256 -11622255 30119050 
v -81024416 -11687574 29820308 
v -81331936 -11748811 29521564 
v -81632552 -11806337 29220830 
v -81927976 -11861636 28920096 
v -82219952 -11914337 28617368 
v -82511064 -11966666 28310660 
v -82800448 -12018625 27999966 
v -83089824 -12071697 27683300 
v -83378344 -12125511 27364640 
v -83665136 -12180439 27041998 
v -83951064 -12236109 26717364 
v -84234400 -12292521 26392730 
v -84512552 -12348562 26066104 
v -84784656 -12403861 25735494 
v -85049848 -12456562 25402894 
v -85310728 -12506665 25064318 
v -85570736 -12554912 24719768 
v -85829024 -12601675 24369244 
v -86085576 -12648067 24010752 
v -86340408 -12694458 23646286 
v -86594376 -12741221 23277836 
v -86844880 -12787984 22905402 
v -87092800 -12834746 22532970 
v -87335536 -12882623 22158546 
v -87569632 -12929014 21780138 
v -87795952 -12973550 21397746 
v -88017960 -13015488 21007388 
v -88237368 -13055571 20609064 
v -88455056 -13097137 20200782 
v -88671016 -13140560 19784534 
v -88884376 -13186952 19362310 
v -89092560 -13236312 18940088 
v -89295560 -13287529 18517864 
v -89491648 -13337261 18097632 
v -89676504 -13383652 17679392 
v -89854456 -13427075 17257168 
v -90026360 -13467157 16832954 
v -90194800 -13505755 16400772 
v -90359792 -13545837 15964607 
v -90520464 -13588518 15518484 
v -90676816 -13633796 15072361 
v -90827128 -13679816 14628230 
v -90963608 -13723239 14192065 
v -91083680 -13761094 13761875 
v -91193384 -13791898 13333677 
v -91293592 -13815280 12901496 
v -91387752 -13835692 12465331 
v -91475856 -13856104 12021200 
v -91560512 -13877259 11573085 
v -91641712 -13899898 11122979 
v -91717728 -13922908 10672873 
v -91785112 -13945919 10228742 
v -91841256 -13963733 9786602 
v -91890496 -13977465 9342471 
v -91932824 -13986372 8894356 
v -91968240 -13993795 8442258 
v -91997608 -14001217 7986177.5 
v -92021800 -14009382 7528105 
v -92041664 -14017918 7076007 
v -92055488 -14026083 6629884 
v -92061536 -14030166 6189736 
v -92056352 -14029424 5753571.5 
v -92040800 -14023485 5313423.5 
v -92018344 -14014207 4865309 
v -91989832 -14005671 4411219.5 
v -91957008 -13998620 3955138.5 
v -91919000 -13992310 3501049.25 
v -91874080 -13984888 3048951.5 
v -91823120 -13974867 2602828.5 
v -91765240 -13960022 2160689 
v -91698728 -13939981 1718549.25 
v -91621848 -13917341 1274418 
v -91537192 -13895073 826303.5 
v -91447352 -13873548 378189 
v -91354920 -13852393 -67933.8828125 
v -91258176 -13831981 -508081.90625 
v -91155376 -13812311 -942255.0625 
v -91045672 -13787074 -1372445 
v -90926464 -13754414 -1798651.625 
v -90795160 -13714703 -2228841.5 
v -90646584 -13669425 -2666998 
v -90486776 -13623033 -3109137.5 
v -90322648 -13577755 -3553269 
v -90153336 -13535074 -3993417 
v -89981440 -13494250 -4425598.5 
v -89806080 -13453796 -4851805 
v -89625544 -13411116 -5272037 
v -89440680 -13364724 -5688285.5 
v -89246320 -13314993 -6104534 
v -89040728 -13262292 -6522774.5 
v -88829960 -13209591 -6941014.5 
v -88614000 -13158746 -7361246.5 
v -88394584 -13110498 -7777495 
v -88171720 -13064478 -8187768.5 
v -87947992 -13019200 -8590076 
v -87722528 -12973179 -8982425 
v -87494480 -12925674 -9364816 
v -87261248 -12876313 -9743224 
v -87018512 -12825468 -10113665 
v -86769728 -12774252 -10484106 
v -86516624 -12723407 -10854548 
v -86260072 -12674046 -11221006 
v -86000920 -12624685 -11583481 
v -85740048 -12575696 -11941972 
v -85477448 -12525964 -12292497 
v -85213976 -12475861 -12639039 
v -84948784 -12423160 -12977615 
v -84681856 -12367490 -13312207 
v -84409752 -12310336 -13638833 
v -84130736 -12250954 -13963467 
v -83846536 -12190088 -14288101 
v -83559752 -12128851 -14608752 
v -83269504 -12068357 -14929402 
v -82977528 -12008976 -15248062 
v -82684688 -11949965 -15560746 
v -82390992 -11890955 -15871439 
v -82097288 -11832687 -16176156 
v -81802720 -11774048 -16476891 
v -81505568 -11714296 -16775634 
v -81205816 -11652688 -17070394 
v -80900888 -11587740 -17367146 
v -80589912 -11517224 -17663896 
v -80270296 -11443740 -17962640 
v -79938584 -11372111 -18261382 
v -79595648 -11298998 -18568092 
v -79236296 -11224400 -18882768 
v -78857936 -11147576 -19209394 
v -78451936 -11067411 -19551952 
v -78012248 -10982422 -19918410 
v -77522464 -10888154 -20316734 
v -76940240 -10771989 -20786756 
v -76153296 -10599041 -21408142 
v -75006136 -10314011 -22262548 
v -73592048 -9846384 -23302172 
v -72205608 -9009850 -24445362 
v -71168152 -8948984 -24971150 
v -70158336 -8084615 -25630376 
v -69387800 -8012244 -26026708 
v -69546744 -7540534 -26002810 
v -69701368 -6933731.5 -26002810 
v -69801576 -6148414.5 -26008784 
v -69686688 -5439179 -26022726 
v -69679776 -4921077.5 -26012768 
v -69669408 -4332831.5 -25998826 
v -69930288 -4238193 -25861404 
v -92103000 -13667940 5313423.5 
v -69927696 -4801944 -25893270 
v -70152288 -5024252.5 -25803648 
v -70114280 -5673735 -25867380 
v -70541872 -6441238 -25757840 
v -70586792 -7523833 -25564654 
v -71644120 -7517153 -25178278 
v -72842248 -7292617.5 -24843686 
v -73218008 -8310635 -24282050 
v -74118120 -9159787 -23399762 
v -75317112 -9699415 -22386028 
v -76399488 -10042342 -21529632 
v -77170016 -10243496 -20896296 
v -77741872 -10369681 -20420298 
v -78221296 -10468402 -20016000 
v -78653208 -10558588 -19645558 
v -79051432 -10642835 -19301008 
v -79424608 -10723371 -18974382 
v -79779640 -10800195 -18659706 
v -80120856 -10873680 -18352998 
v -80449968 -10945308 -18050270 
v -80767856 -11016937 -17749536 
v -81076248 -11087081 -17448802 
v -81377720 -11154627 -17148068 
v -81673152 -11220318 -16845340 
v -81965984 -11285266 -16542615 
v -82255368 -11349472 -16235905 
v -82544752 -11414049 -15927204 
v -82835000 -11478626 -15616511 
v -83125240 -11543946 -15301835 
v -83415488 -11608523 -14983176 
v -83704008 -11673100 -14662525 
v -83989936 -11736564 -14337891 
v -84271544 -11799285 -14011266 
v -84546240 -11860522 -13680657 
v -84814888 -11920646 -13348056 
v -85079216 -11980027 -13009481 
v -85340960 -12038295 -12666922 
v -85601832 -12095449 -12318388 
v -85862712 -12152975 -11963880 
v -86122720 -12210501 -11605389 
v -86381008 -12267655 -11244905 
v -86636696 -12324439 -10880439 
v -86888072 -12380851 -10509998 
v -87134264 -12436892 -10137565 
v -87372680 -12491820 -9761148 
v -87602456 -12545634 -9382741 
v -87827920 -12598335 -8994375 
v -88049920 -12649922 -8600034 
v -88272792 -12701881 -8195735 
v -88493928 -12754953 -7783470 
v -88713336 -12808025 -7367221 
v -88929296 -12861839 -6946989.5 
v -89138344 -12915282 -6524766 
v -89338752 -12967612 -6104534 
v -89529656 -13017344 -5686294 
v -89711920 -13064478 -5268053.5 
v -89888144 -13109385 -4845830.5 
v -90061776 -13153550 -4419623.5 
v -90233672 -13198086 -3987442 
v -90402120 -13241879 -3547294 
v -90567112 -13285302 -3103162.75 
v -90722600 -13327240 -2655048.25 
v -90866000 -13367322 -2214900.25 
v -90993840 -13403693 -1782718.75 
v -91107872 -13434497 -1354520.375 
v -91214984 -13461590 -926322.125 
v -91317776 -13485714 -494140.5625 
v -91416256 -13509837 -55984.16015625 
v -91509544 -13533219 388147.09375 
v -91599384 -13554744 836261.625 
v -91681448 -13575157 1282384.5 
v -91755736 -13593713 1726515.75 
v -91820528 -13609672 2166663.75 
v -91874080 -13621548 2606811.75 
v -91924184 -13630827 3052934.75 
v -91969968 -13638992 3503040.75 
v -92011432 -13647157 3957130.25 
v -92048576 -13654950 4413211 
v -92079672 -13662002 4865309 
v -70678360 -5712333 -25694108 
v -71563784 -6513980.5 -25477022 
v -92118544 -13671651 5753571.5 
v -92215296 -13388848 5307448.5 
v -92189376 -13384766 4861325.5 
v -92123728 -13671651 6189736 
v -92117680 -13669425 6627892.5 
v -92103000 -13664600 7074015.5 
v -92081400 -13657548 7526113 
v -92052896 -13649754 7980202.5 
v -92020072 -13641590 8436284 
v -91982064 -13633054 8890373 
v -91940600 -13624146 9338487 
v -91895680 -13613383 9780627 
v -91840392 -13599280 10220775 
v -91776472 -13581466 10664906 
v -91703048 -13561425 11111029 
v -91622712 -13540270 11561135 
v -91537192 -13518373 12007258 
v -91446488 -13494992 12447406 
v -91351464 -13471611 12883571 
v -91252128 -13445631 13313761 
v -91148472 -13417054 13743951 
v -91030984 -13383281 14176132 
v -90898824 -13345425 14614289 
v -90752832 -13305343 15062403 
v -90597344 -13263776 15512509 
v -90434944 -13221838 15956641 
v -90269960 -13179900 16394797 
v -90102376 -13137962 16826978 
v -89932200 -13096024 17251194 
v -89757704 -13052602 17673418 
v -89574576 -13006952 18093648 
v -89381944 -12958705 18515872 
v -89180672 -12908602 18940088 
v -88971624 -12858128 19362310 
v -88757392 -12808396 19784534 
v -88541440 -12759406 20202774 
v -88322888 -12711530 20611056 
v -88104344 -12665139 21013364 
v -87884928 -12618376 21405712 
v -87660336 -12570129 21790096 
v -87427968 -12520397 22168504 
v -87188688 -12469552 22544920 
v -86942496 -12418335 22919344 
v -86691120 -12366748 23289786 
v -86438016 -12314418 23656244 
v -86182328 -12261346 24016726 
v -85925768 -12208274 24375218 
v -85668352 -12155944 24727736 
v -85410064 -12103243 25076268 
v -85150920 -12050542 25416836 
v -84886584 -11996357 25753420 
v -84616208 -11940687 26086020 
v -84339784 -11885017 26416628 
v -84058176 -11828234 26745246 
v -83773976 -11771079 27069880 
v -83486320 -11713554 27390532 
v -83198672 -11655657 27709190 
v -82910152 -11597760 28023866 
v -82621632 -11540235 28334558 
v -82333112 -11483080 28643260 
v -82043728 -11425554 28947978 
v -81751760 -11367658 29252696 
v -81454600 -11308276 29557414 
v -81151400 -11246297 29860140 
v -80840424 -11180236 30164858 
v -80520808 -11109349 30469576 
v -80194280 -11030298 30780268 
v -79857384 -10941968 31094944 
v -79507536 -10845845 31419578 
v -79138680 -10743041 31758154 
v -78744776 -10634299 32118636 
v -78318048 -10517763 32507002 
v -78654072 -9870136 32662350 
v -79062664 -10001888 32273984 
v -79441024 -10123620 31909516 
v -79793464 -10237929 31564966 
v -80126032 -10349269 31232366 
v -80445648 -10456526 30911716 
v -80757496 -10556732 30597040 
v -81065880 -10644319 30288338 
v -81369944 -10722629 29979638 
v -81670560 -10792402 29672928 
v -81967712 -10856608 29368210 
v -82260552 -10920442 29059508 
v -82549072 -10982422 28750808 
v -82835864 -11045885 28440114 
v -83120920 -11108607 28125438 
v -83405984 -11171699 27806780 
v -83690184 -11236277 27486128 
v -83973520 -11300854 27161494 
v -84256856 -11365431 26834870 
v -84536736 -11429266 26504260 
v -84812296 -11490874 26169668 
v -85080944 -11552111 25833084 
v -85343552 -11613348 25492518 
v -85602696 -11673471 25145976 
v -85859256 -11732853 24793458 
v -86114952 -11793347 24436958 
v -86368048 -11853842 24074484 
v -86620288 -11914708 23710018 
v -86869936 -11975202 23341568 
v -87117848 -12034955 22971126 
v -87360584 -12095821 22596702 
v -87596408 -12155573 22216302 
v -87824464 -12213841 21833912 
v -88045600 -12271367 21445546 
v -88262424 -12328150 21051204 
v -88477512 -12384562 20646906 
v -88692608 -12441717 20234640 
v -88907704 -12499613 19818392 
v -89119336 -12557510 19396168 
v -89325792 -12614665 18971954 
v -89523608 -12669963 18545746 
v -89711920 -12722664 18121532 
v -89889872 -12772025 17697316 
v -90060048 -12818788 17273102 
v -90225904 -12864808 16844904 
v -90390032 -12910829 16412722 
v -90554152 -12956478 15976557 
v -90715688 -13001014 15530434 
v -90872040 -13043694 15080328 
v -91018896 -13082663 14632213 
v -91151056 -13117921 14188082 
v -91266816 -13149467 13751917 
v -91372200 -13178416 13319736 
v -91470672 -13204766 12887554 
v -91566560 -13230745 12453381 
v -91658992 -13255240 12013233 
v -91747104 -13278250 11567110 
v -91828304 -13299405 11118996 
v -91901728 -13317219 10672873 
v -91964784 -13332436 10230733 
v -92015752 -13343941 9788594 
v -92058944 -13352848 9344462 
v -92096952 -13360271 8894356 
v -92130640 -13368065 8440267 
v -92162600 -13375487 7984186 
v -92190240 -13381796 7528105 
v -92214432 -13386621 7076007 
v -92231704 -13389219 6629884 
v -92238616 -13390704 6189736 
v -92233432 -13390333 5749588 
v -92424344 -13088601 5299482 
v -92401880 -13084519 4851367.5 
v -92157416 -13378827 4407236.5 
v -92122000 -13371034 3951155.25 
v -92083128 -13362869 3497066 
v -92041664 -13354333 3044968.25 
v -91996744 -13345425 2596853.75 
v -91945784 -13334663 2156705.75 
v -91884448 -13320560 1714566 
v -91812752 -13302745 1270434.75 
v -91730688 -13281962 824311.875 
v -91639984 -13258951 378189 
v -91544968 -13233343 -63950.640625 
v -91445624 -13206251 -500115.40625 
v -91343696 -13178787 -934288.5625 
v -91237440 -13149838 -1364478.5 
v -91124280 -13118292 -1794668.375 
v -90997296 -13083406 -2232824.75 
v -90855632 -13044437 -2676956 
v -90700144 -13001014 -3125070.5 
v -90536880 -12954622 -3571193.5 
v -90369296 -12905633 -4011341.5 
v -90201712 -12856272 -4443523 
v -90034128 -12806540 -4871721.5 
v -89863960 -12755695 -5295936.5 
v -89688600 -12703365 -5718160 
v -89503744 -12648067 -6140383.5 
v -89309384 -12589056 -6564598.5 
v -89105520 -12526706 -6986822 
v -88893016 -12462129 -7407053.5 
v -88677920 -12397181 -7825294 
v -88461104 -12332603 -8239550.5 
v -88244280 -12268026 -8645841 
v -88027464 -12203449 -9044165 
v -87808048 -12138501 -9436514 
v -87583456 -12072439 -9820897 
v -87351952 -12005264 -10203288 
v -87111808 -11936976 -10577713 
v -86867344 -11867945 -10950146 
v -86618560 -11800028 -11318595 
v -86365456 -11731739 -11685053 
v -86110632 -11663080 -12047528 
v -85854072 -11594420 -12406020 
v -85595792 -11525760 -12760528 
v -85335776 -11456730 -13111053 
v -85074040 -11387699 -13455604 
v -84808840 -11316812 -13796171 
v -84536736 -11244813 -14132754 
v -84257720 -11172071 -14463363 
v -83975248 -11098215 -14791981 
v -83693640 -11022133 -15118606 
v -83410304 -10947535 -15443240 
v -83126104 -10874422 -15763891 
v -82839320 -10802422 -16082550 
v -82552528 -10731165 -16395235 
v -82263144 -10659536 -16705927 
v -81972032 -10587907 -17014628 
v -81675744 -10516650 -17319346 
v -81374264 -10443908 -17626056 
v -81067608 -10370052 -17930774 
v -80751448 -10295826 -18233500 
v -80426648 -10220486 -18538218 
v -80092344 -10142548 -18846918 
v -79745088 -10062012 -19161594 
v -79379688 -9977393 -19488220 
v -78989240 -9887579 -19832770 
v -78565104 -9791827 -20201220 
v -78094312 -9685683 -20603528 
v -77544920 -9546879 -21079524 
v -76836584 -9330880 -21708876 
v -75903648 -8979788 -22525440 
v -74974168 -8432738 -23401754 
v -74407504 -7705317 -24062972 
v -74185496 -6946350.5 -24523036 
v -72781776 -6434929 -25162346 
v -71670896 -5725694 -25431214 
v -70910728 -4794521 -25494946 
v -70235216 -4134275.5 -25698092 
v -70736240 -3938688.5 -25429222 
v -71453216 -3700421 -24955218 
v -71644984 -4182522.75 -24961192 
v -71885128 -4998644.5 -25202178 
v -72851752 -5683756 -25130480 
v -74125896 -6259754 -24811820 
v -75736928 -6548495.5 -24168528 
v -75844912 -7079216 -23772196 
v -76149840 -7631090.5 -23276282 
v -76753656 -8117275 -22613072 
v -77459400 -8478016 -21917996 
v -78083952 -8695129 -21338436 
v -78596200 -8836531 -20872396 
v -79050568 -8945273 -20466106 
v -79465208 -9043623 -20095664 
v -79846152 -9135293 -19753106 
v -80202056 -9222138 -19432456 
v -80543264 -9305643 -19121762 
v -80874976 -9387663 -18817044 
v -81198912 -9467828 -18512326 
v -81515936 -9546879 -18209600 
v -81826048 -9625188 -17902890 
v -82130112 -9702755 -17596182 
v -82429000 -9779951 -17285488 
v -82722696 -9857518 -16972804 
v -83012944 -9935827 -16656137 
v -83300600 -10014878 -16333494 
v -83585664 -10095414 -16008860 
v -83869000 -10177805 -15678251 
v -84149744 -10261310 -15343659 
v -84429624 -10345557 -15009067 
v -84706912 -10429805 -14670492 
v -84982472 -10513681 -14329925 
v -85252848 -10597928 -13985374 
v -85517184 -10682175 -13636841 
v -85778056 -10764195 -13282333 
v -86037200 -10846587 -12923841 
v -86295488 -10928978 -12561366 
v -86551184 -11012112 -12192916 
v -86804280 -11094133 -11822475 
v -87053928 -11176153 -11450042 
v -87297528 -11258173 -11075618 
v -87535944 -11340194 -10697210 
v -87767448 -11422214 -10312827 
v -87991184 -11504977 -9924461 
v -88207136 -11585884 -9530120 
v -88417048 -11665306 -9129805 
v -88623504 -11744729 -8723514 
v -88827368 -11824894 -8311249 
v -89030368 -11905429 -7893009 
v -89231640 -11986336 -7470785.5 
v -89430320 -12067243 -7046570.5 
v -89626408 -12148522 -6622355.5 
v -89816448 -12228315 -6200132 
v -89993528 -12296232 -5771933.5 
v -90161112 -12364521 -5345727 
v -90324376 -12429469 -4917528.5 
v -90485048 -12489593 -4489330.5 
v -90643992 -12547861 -4055157 
v -90799480 -12605757 -3613017.5 
v -90953240 -12660685 -3166894.5 
v -91100096 -12712644 -2716788.5 
v -91237440 -12756808 -2268674 
v -91360968 -12794664 -1826534.375 
v -91474128 -12827324 -1392361.125 
v -91578656 -12857386 -960179.625 
v -91677992 -12885592 -526006.5 
v -91774744 -12913427 -87850.078125 
v -91867176 -12940890 354289.5625 
v -91957008 -12967612 800412.4375 
v -92040800 -12993591 1246535.375 
v -92113360 -13014375 1692658.25 
v -92172104 -13029220 2134797.75 
v -92221344 -13041839 2580920.75 
v -92265400 -13052602 3029035.25 
v -92305136 -13062251 3483124.5 
v -92341416 -13070416 3939205.5 
v -92374240 -13078581 4397278 
v -92855392 -12621345 4377362 
v -92822568 -12610953 3917297.75 
v -92785424 -12599819 3457233.5 
v -92742232 -12589056 3001152.5 
v -92694720 -12577551 2547063.25 
v -92642888 -12564933 2096957 
v -92583288 -12549345 1646851 
v -92507272 -12527448 1196744.875 
v -92426936 -12502954 748630.3125 
v -92341416 -12476603 300515.8125 
v -92252440 -12450624 -143615.4375 
v -92158280 -12423160 -581771.8125 
v -92060672 -12395696 -1015945 
v -91957008 -12366005 -1446134.875 
v -91844712 -12331490 -1884291.375 
v -91723776 -12290294 -2326431 
v -91592472 -12239820 -2776537 
v -91453400 -12180810 -3226643.25 
v -91309144 -12116604 -3674757.75 
v -91160560 -12049800 -4116897.25 
v -91009392 -11980769 -4553062 
v -90856496 -11908770 -4981260.5 
v -90698416 -11831574 -5409458.5 
v -90533424 -11747698 -5837657 
v -90354608 -11658255 -6263863.5 
v -90167160 -11563616 -6692062 
v -89974528 -11467121 -7116277 
v -89780168 -11371740 -7540492 
v -89583216 -11277472 -7966699 
v -89385400 -11184689 -8388922 
v -89187584 -11092648 -8809154 
v -88986312 -11000978 -9223411 
v -88780720 -10908566 -9631693 
v -88567352 -10815041 -10037984 
v -88344488 -10719288 -10438299 
v -88112984 -10623536 -10832640 
v -87874560 -10528526 -11221006 
v -87629240 -10433887 -11607380 
v -87377864 -10340362 -11989771 
v -87122168 -10246465 -12370171 
v -86864752 -10152197 -12746587 
v -86604736 -10057929 -13121011 
v -86343000 -9963290 -13489461 
v -86079528 -9867538 -13851936 
v -85813472 -9770301 -14210428 
v -85542232 -9673436 -14562944 
v -85267536 -9577312 -14913469 
v -84988520 -9482302 -15262003 
v -84706048 -9388034 -15608545 
v -84420984 -9295622 -15953095 
v -84133328 -9205437 -16291670 
v -83843944 -9117478 -16626263 
v -83551976 -9032489 -16956872 
v -83257408 -8950097 -17279514 
v -82958528 -8869561 -17598174 
v -82653592 -8789768 -17910858 
v -82343480 -8709603 -18217566 
v -82028184 -8630181 -18524276 
v -81708568 -8549645 -18827002 
v -81386360 -8469851 -19131720 
v -81059832 -8390058 -19436438 
v -80727256 -8310264 -19745140 
v -80382592 -8228615 -20063798 
v -80011144 -8141769.5 -20404366 
v -79598240 -8046388.5 -20778790 
v -79130904 -7943213.5 -21191056 
v -78590152 -7840409.5 -21641162 
v -78017432 -7814801.5 -22037494 
v -77795432 -7399875 -22481626 
v -77576880 -6962309 -22949656 
v -77498272 -6549609 -23353954 
v -77485320 -6168455.5 -23668630 
v -75706696 -6046724 -24375656 
v -74178584 -5634395 -24785930 
v -73006376 -5069159.5 -24895468 
v -72276440 -4461243.5 -24833728 
v -72591736 -3961698.75 -24260142 
v -72460432 -3648462.5 -24184460 
v -73922896 -3754977.5 -23101020 
v -75581440 -3922729.75 -21834348 
v -73970408 -4067100.5 -23116952 
v -72975272 -4207760 -24200394 
v -73237880 -4636418.5 -24604692 
v -74320256 -5136334.5 -24596726 
v -75780984 -5599879.5 -24363706 
v -77517280 -5842972 -23816010 
v -79028976 -5966559 -23059196 
v -78957280 -6274970.5 -22810242 
v -78880400 -6664660.5 -22445776 
v -79980912 -6227837 -22288438 
v -78799200 -7160865 -22037494 
v -79782232 -6623093.5 -21945880 
v -79522224 -7180906.5 -21549548 
v -80059520 -7257359.5 -21121348 
v -80498344 -7337895.5 -20740950 
v -80872384 -7417318 -20402374 
v -81215320 -7493771.5 -20085706 
v -81544440 -7571338 -19777006 
v -81868376 -7650389.5 -19470296 
v -82191448 -7729812 -19161594 
v -82511064 -7809234.5 -18852894 
v -82829816 -7889399 -18544192 
v -83145112 -7969193 -18231508 
v -83454360 -8052697.5 -17912850 
v -83759296 -8133976 -17586224 
v -84059904 -8217852 -17255614 
v -84356200 -8308408.5 -16915048 
v -84652488 -8398223 -16572489 
v -84946192 -8490635 -16223955 
v -85237304 -8586016 -15871439 
v -85525816 -8683624 -15514939 
v -85810880 -8783459 -15156447 
v -86090760 -8885520 -14797955 
v -86365456 -8989437 -14435481 
v -86635840 -9094839 -14069022 
v -86901896 -9199128 -13694598 
v -87166224 -9301560 -13316190 
v -87428832 -9403251 -12931807 
v -87690568 -9504199 -12545433 
v -87951448 -9604034 -12155076 
v -88209728 -9704240 -11760735 
v -88463696 -9804074 -11364403 
v -88713336 -9905394 -10962095 
v -88955208 -10007455 -10557796 
v -89188448 -10107290 -10147523 
v -89412176 -10203413 -9733266 
v -89626408 -10298052 -9317017 
v -89837176 -10394176 -8896785 
v -90046224 -10491784 -8472570 
v -90255272 -10589763 -8048355 
v -90463456 -10688484 -7622148.5 
v -90668184 -10787948 -7195942 
v -90867728 -10888525 -6767743.5 
v -91060360 -10986875 -6337553.5 
v -91244352 -11080772 -5905372 
v -91414528 -11169102 -5477174 
v -91575200 -11251864 -5050967 
v -91729824 -11330544 -4624760.5 
v -91880128 -11405884 -4190587.25 
v -92027848 -11478626 -3746456 
v -92173832 -11546915 -3294358.25 
v -92314632 -11608152 -2842260.5 
v -92448528 -11660110 -2392154.5 
v -92574648 -11701306 -1950014.75 
v -92690400 -11732481 -1517833.25 
v -92797512 -11759574 -1091626.5 
v -92896856 -11785553 -663428.25 
v -92992736 -11811904 -227263.484375 
v -93086896 -11838625 216867.78125 
v -93176736 -11864234 666973.875 
v -93260528 -11888357 1119071.625 
v -93337408 -11909512 1575152.625 
v -93403920 -11926584 2031233.625 
v -93459208 -11939574 2489306.25 
v -93506712 -11949965 2951362 
v -93548176 -11958873 3415409.5 
v -93583600 -11967409 3881448.5 
v -93614696 -11976687 4347487.5 
v -92881304 -12631737 4833443 
v -92902904 -12638788 5287532.5 
v -92441616 -13090828 5745605 
v -92447664 -13089715 6189736 
v -92441616 -13087117 6633867.5 
v -92426072 -13085632 7081982 
v -92403608 -13082663 7536071.5 
v -92377696 -13078581 7992152.5 
v -92345736 -13073756 8450225 
v -92311176 -13067818 8906306 
v -92272304 -13061138 9356412 
v -92228256 -13052973 9802535 
v -92178152 -13042210 10248658 
v -92115088 -13026993 10692789 
v -92037344 -13006952 11138912 
v -91951824 -12983571 11587026 
v -91862856 -12960189 12033149 
v -91769560 -12936437 12473297 
v -91674536 -12912313 12907470 
v -91575200 -12887076 13339652 
v -91469808 -12858128 13775817 
v -91353192 -12826210 14215965 
v -91223624 -12789097 14662088 
v -91080224 -12743819 15114185 
v -90929056 -12695200 15564292 
v -90775296 -12643613 16010414 
v -90618944 -12591654 16448571 
v -90460000 -12538953 16882744 
v -90298464 -12484026 17310942 
v -90132608 -12426871 17739140 
v -89960704 -12367119 18167338 
v -89778440 -12300315 18593546 
v -89584080 -12228686 19019752 
v -89384536 -12156315 19445958 
v -89182400 -12084316 19870174 
v -88978536 -12012316 20290406 
v -88772080 -11942172 20706654 
v -88566488 -11870543 21114936 
v -88357440 -11800028 21517244 
v -88143216 -11729883 21911584 
v -87922072 -11658997 22301942 
v -87691432 -11587740 22686324 
v -87454744 -11516482 23066724 
v -87212008 -11445967 23441148 
v -86965816 -11374709 23815574 
v -86715312 -11303452 24186014 
v -86461344 -11232194 24552472 
v -86205648 -11160194 24914948 
v -85948232 -11089308 25273440 
v -85688216 -11019164 25625956 
v -85426480 -10947906 25974490 
v -85159552 -10876649 26319040 
v -84884856 -10805762 26659606 
v -84608432 -10733391 26996190 
v -84330280 -10661392 27330782 
v -84050400 -10589392 27661392 
v -83768792 -10518505 27990008 
v -83485456 -10449104 28314642 
v -83200400 -10380815 28635294 
v -82912744 -10313640 28951962 
v -82622496 -10246465 29264646 
v -82329656 -10177805 29577330 
v -82034232 -10104321 29888022 
v -81739664 -10019703 30198716 
v -81445960 -9922466 30513392 
v -81150536 -9814466 30828068 
v -80851648 -9699044 31146726 
v -80544992 -9578797 31469368 
v -80226240 -9454838 31799978 
v -79888480 -9326797 32142536 
v -79525672 -9192818 32508994 
v -79138680 -9047334 32901344 
v -78217840 -9711662 33084572 
v -77700408 -9500116 33596420 
v -77640808 -8400078 34442856 
v -77932776 -7360534.5 35000512 
v -78990104 -6621237.5 34976612 
v -80100120 -6173651.5 34801348 
v -79938584 -6591918 34420948 
v -78991832 -7130432 34504596 
v -78253256 -7772121 34494640 
v -78298176 -8659129 33805540 
v -78831160 -7814059 34076400 
v -79694984 -7180906.5 33994744 
v -79300216 -7972162 33626292 
v -78742184 -8873644 33323568 
v -79702760 -8139543 33202078 
v -80193416 -7308205 33542646 
v -80562272 -6664660.5 33946944 
v -80838696 -6227094.5 34295476 
v -81011456 -5952827 34432900 
v -81101296 -5814394.5 34424932 
v -81179904 -5720127 34371160 
v -81235192 -5638848.5 34313404 
v -81259376 -5573529.5 34233736 
v -80532896 -5420622.5 34604180 
v -79475576 -5203881 34779440 
v -78457984 -4999015.5 34235728 
v -79674256 -5187180 34191912 
v -80553632 -5363839 34381116 
v -81265424 -5521570.5 34130172 
v -81678336 -5630684 33919060 
v -81679200 -5693776.5 33978812 
v -81655008 -5774683.5 34018644 
v -81604904 -5873404.5 34044532 
v -81525432 -6015177.5 34036568 
v -81340576 -6293527.5 33893172 
v -81029600 -6753361 33536670 
v -80606320 -7434761.5 33132372 
v -80084576 -8284656 32801762 
v -80436152 -8416037 32433312 
v -80759224 -8542222 32088762 
v -81065016 -8666181 31760146 
v -81363040 -8788654 31439494 
v -81656736 -8910757 31120836 
v -81946984 -9030633 30804168 
v -82235504 -9144942 30487500 
v -82524016 -9248117 30170832 
v -82815992 -9337189 29856156 
v -83109696 -9415127 29541480 
v -83403392 -9487127 29222822 
v -83694504 -9559498 28900180 
v -83983024 -9632982 28571562 
v -84268952 -9708693 28238962 
v -84553152 -9787002 27900386 
v -84834760 -9867538 27559818 
v -85113776 -9949187 27217260 
v -85389336 -10031208 26872710 
v -85662304 -10113599 26524176 
v -85930952 -10196362 26171660 
v -86196152 -10279125 25815160 
v -86457888 -10360774 25452684 
v -86717032 -10442423 25086226 
v -86975320 -10524072 24713794 
v -87231016 -10606093 24337378 
v -87483248 -10688113 23958970 
v -87731168 -10770134 23576578 
v -87973040 -10852525 23194188 
v -88208000 -10936030 22805822 
v -88435184 -11019906 22409490 
v -88653736 -11104524 22011166 
v -88863648 -11187287 21606866 
v -89067512 -11269307 21196592 
v -89268784 -11350214 20780344 
v -89467464 -11431493 20360112 
v -89664416 -11514626 19933906 
v -89859640 -11598874 19505708 
v -90053136 -11684234 19079500 
v -90244040 -11769595 18651302 
v -90428040 -11854584 18223104 
v -90601664 -11931409 17792914 
v -90764928 -12001924 17364716 
v -90923008 -12067243 16934526 
v -91077632 -12129965 16502345 
v -91228808 -12190088 16062196 
v -91376520 -12249470 15616074 
v -91519912 -12305511 15165968 
v -91657264 -12355243 14711878 
v -91785976 -12395696 14263764 
v -91903456 -12428727 13821624 
v -92010568 -12456562 13385459 
v -92113360 -12479201 12953278 
v -92210112 -12499984 12519105 
v -92302544 -12520397 12078956 
v -92390648 -12540438 11632834 
v -92474440 -12560850 11182728 
v -92555640 -12576067 10732621 
v -92625616 -12592768 10282515 
v -92680032 -12601675 9832409 
v -92731000 -12607984 9380311 
v -92776784 -12613180 8926222 
v -92818248 -12618005 8466158 
v -92853664 -12623201 8006093.5 
v -92883896 -12627654 7546029.5 
v -92907224 -12632108 7089948.5 
v -92922768 -12636190 6637850.5 
v -92927952 -12639159 6187744.5 
v -92920176 -12641015 5737638.5 
v -93663072 -11993388 5273591 
v -93640608 -11986708 4813526.5 
v -94516528 -11263740 4305663.5 
v -94484568 -11257431 3829666.5 
v -94450016 -11248524 3353669.25 
v -94408552 -11239988 2879663.75 
v -94363632 -11226256 2409641.5 
v -94309208 -11209555 1941610.75 
v -94240104 -11190998 1475571.625 
v -94159768 -11169102 1015507.375 
v -94071656 -11144978 557434.8125 
v -93976640 -11120112 101353.8203125 
v -93879024 -11093019 -348752.3125 
v -93777960 -11065555 -786908.6875 
v -93670840 -11037720 -1215107 
v -93554224 -11012855 -1639322 
v -93423792 -10986133 -2069512 
v -93281256 -10950875 -2507668.5 
v -93130952 -10902257 -2955783 
v -92978056 -10845102 -3409872.25 
v -92823432 -10777927 -3861970 
v -92670528 -10703330 -4308093 
v -92515040 -10625392 -4746249.5 
v -92354368 -10546711 -5178431 
v -92185064 -10466176 -5610612.5 
v -92001928 -10383784 -6044785.5 
v -91803248 -10297310 -6478958.5 
v -91593336 -10206754 -6915123.5 
v -91376520 -10114713 -7347305 
v -91153648 -10024527 -7777495 
v -90927328 -9935455 -8205693 
v -90699280 -9846384 -8631900 
v -90472952 -9755085 -9058107 
v -90244040 -9663415 -9482322 
v -90009080 -9572116 -9902553 
v -89766344 -9476735 -10318802 
v -89514968 -9378014 -10731067 
v -89257552 -9277065 -11143333 
v -88995808 -9175004 -11549623 
v -88731480 -9071087 -11955914 
v -88466288 -8966427 -12360213 
v -88201088 -8862139 -12760528 
v -87935032 -8757479 -13156861 
v -87668112 -8652820 -13547218 
v -87399456 -8547047 -13933592 
v -87129944 -8440532 -14313992 
v -86855248 -8333645.5 -14690408 
v -86575368 -8232697 -15060849 
v -86291168 -8132491.5 -15431291 
v -86000056 -8036368 -15795757 
v -85707224 -7941729 -16160223 
v -85410928 -7848945.5 -16522698 
v -85113776 -7757647 -16881190 
v -84814888 -7667090.5 -17235698 
v -84512552 -7576534 -17586224 
v -84203296 -7488946.5 -17928782 
v -83888000 -7400988 -18265366 
v -83567520 -7313772 -18593984 
v -83242720 -7230267 -18918618 
v -82917064 -7147133 -19239268 
v -82590536 -7066597.5 -19559918 
v -82263144 -6989401.5 -19878578 
v -81933160 -6916659.5 -20193254 
v -81600592 -6847629 -20505938 
v -81255920 -6782680.5 -20818622 
v -80874976 -6719959 -21147240 
v -80406776 -6662062.5 -21517682 
v -80667656 -6253816 -21842316 
v -80126032 -5952085 -22457726 
v -79098080 -5756498 -23148818 
v -77590704 -5577611.5 -23814020 
v -75917472 -5242107.5 -24200394 
v -74466240 -4848706.5 -24292008 
v -73652520 -4408914 -24072930 
v -74198456 -4259718.5 -23112968 
v -75645368 -4241904 -21810450 
v -76937648 -4090853 -20744932 
v -77855896 -4223347.5 -19990108 
v -77000712 -4407429.5 -20721034 
v -75789624 -4448996.5 -21794516 
v -74589768 -4431924 -23075128 
v -74691704 -4631965 -23897668 
v -76033224 -5009778.5 -23969366 
v -77667584 -5369777.5 -23688548 
v -79142136 -5610271.5 -23128902 
v -80202056 -5799178 -22485608 
v -80838696 -5997734.5 -21969780 
v -81143624 -6297610 -21487806 
v -81518528 -6347712.5 -21187072 
v -81864920 -6403754 -20892312 
v -82206992 -6466846.5 -20589586 
v -82549072 -6534021.5 -20278894 
v -82889416 -6603794.5 -19956252 
v -83225448 -6676907.5 -19627634 
v -83559752 -6754474.5 -19293042 
v -83894048 -6833526 -18954466 
v -84225760 -6916659.5 -18611908 
v -84554880 -7003876 -18265366 
v -84877088 -7093319 -17914840 
v -85190656 -7183504 -17562324 
v -85498176 -7274060.5 -17205824 
v -85803104 -7364988.5 -16847332 
v -86106312 -7455544.5 -16484858 
v -86408648 -7546843.5 -16122383 
v -86706672 -7639626.5 -15757916 
v -87002096 -7734265.5 -15387475 
v -87292344 -7831131.5 -15015042 
v -87574816 -7930966 -14636634 
v -87852104 -8031914.5 -14256235 
v -88125072 -8132491.5 -13873844 
v -88395448 -8233068.5 -13487469 
v -88663240 -8333274.5 -13097112 
v -88930160 -8434222 -12696796 
v -89197944 -8535171 -12288514 
v -89467464 -8634634 -11880232 
v -89738704 -8732613 -11469958 
v -90008216 -8830221 -11055701 
v -90273408 -8927087 -10641444 
v -90533424 -9021726 -10223204 
v -90783936 -9113767 -9800981 
v -91029264 -9203210 -9376766 
v -91271992 -9289313 -8950559 
v -91516456 -9372447 -8522361 
v -91762648 -9455209 -8094162.5 
v -92006248 -9539457 -7661981 
v -92242936 -9625931 -7227808 
v -92471848 -9712776 -6789651.5 
v -92687808 -9797023 -6349503.5 
v -92889944 -9877559 -5905372 
v -93073936 -9955497 -5461241 
v -93245840 -10030837 -5017109.5 
v -93408240 -10106919 -4572978.5 
v -93567184 -10181145 -4128847 
v -93727856 -10249805 -3682724.25 
v -93893712 -10309557 -3240584.5 
v -94058704 -10360032 -2796453.25 
v -94219376 -10400856 -2352322 
v -94364496 -10435743 -1908190.75 
v -94492344 -10467289 -1460076.25 
v -94605504 -10498464 -1003995.25 
v -94709160 -10528526 -539947.8125 
v -94809368 -10556732 -71917.1171875 
v -94906112 -10583083 398105.1875 
v -94995952 -10609433 868127.5 
v -95078880 -10633557 1342133.125 
v -95148848 -10655453 1818130.25 
v -95202408 -10674010 2296119 
v -95244736 -10688113 2778091 
v -95285336 -10698134 3260063.25 
v -95320752 -10707783 3746018.5 
v -95355304 -10714464 4231973.5 
v -95388992 -10718917 4719920.5 
v -94545040 -11267823 4779669 
v -94569224 -11269679 5249691.5 
v -93679480 -11995244 5729672 
v -94588224 -11270050 5715730.5 
v -93688120 -11993017 6183761.5 
v -95419232 -10722257 5207867.5 
v -96023048 -10397516 5166043.5 
v -95997128 -10397887 4662163.5 
v -95967760 -10396774 4160275.5 
v -95934072 -10393434 3664362 
v -95897792 -10384897 3170440.25 
v -95853736 -10369681 2680501.75 
v -95807088 -10348155 2194546.5 
v -95745752 -10328114 1706599.5 
v -95677512 -10306588 1220644.25 
v -95592856 -10286918 734689 
v -95502160 -10260568 248733.703125 
v -95402816 -10228651 -233238.34375 
v -95296568 -10190424 -717202 
v -95185128 -10148115 -1207140.5 
v -95065056 -10102836 -1701062.25 
v -94936352 -10052362 -2191000.75 
v -94775680 -10010795 -2659031.5 
v -94609824 -9964775 -3115112.5 
v -94444832 -9914672 -3559243.75 
v -94280704 -9860115 -3997400.25 
v -94120896 -9797023 -4437548 
v -93955040 -9727621 -4877696 
v -93782280 -9648570 -5321827.5 
v -93592232 -9569147 -5765958.5 
v -93385784 -9490838 -6212081.5 
v -93168960 -9409189 -6662187.5 
v -92943504 -9324942 -7110302 
v -92707680 -9239581 -7556425 
v -92463216 -9151994 -7998564.5 
v -92210112 -9063293 -8434730 
v -91954416 -8974592 -8864919 
v -91699592 -8885520 -9289134 
v -91445624 -8794593 -9711358 
v -91190792 -8701809 -10133581 
v -90929920 -8606428 -10553813 
v -90661272 -8511047 -10974045 
v -90386576 -8415666 -11392285 
v -90108424 -8321027 -11806542 
v -89830272 -8226759 -12214824 
v -89553840 -8131378 -12615140 
v -89281736 -8032285.5 -13007489 
v -89007904 -7935791 -13387888 
v -88733208 -7842265.5 -13762313 
v -88455920 -7748740 -14132754 
v -88174312 -7655956.5 -14507179 
v -87888384 -7563173.5 -14881603 
v -87597272 -7470390 -15258020 
v -87300120 -7379091.5 -15630453 
v -86998640 -7289277 -15998902 
v -86693712 -7199834 -16363369 
v -86384464 -7112618 -16723852 
v -86073488 -7025772.5 -17080352 
v -85758184 -6940412 -17432868 
v -85438568 -6855794 -17781402 
v -85114640 -6771546.5 -18131928 
v -84780336 -6688784 -18482452 
v -84440848 -6607877 -18830986 
v -84097048 -6529939 -19175536 
v -83750656 -6456454.5 -19512120 
v -83403392 -6384455 -19840738 
v -83053544 -6316537.5 -20161388 
v -82700240 -6253445 -20472080 
v -82347800 -6193321.5 -20776798 
v -81998816 -6138022.5 -21067576 
v -81655872 -6089404 -21346402 
v -81299112 -6044497 -21627220 
v -80918168 -5863384 -21977746 
v -81364760 -5914229.5 -21645144 
v -81710296 -5958765.5 -21378268 
v -82050640 -6006641.5 -21103424 
v -82400496 -6059713.5 -20814640 
v -82755528 -6116497 -20511914 
v -83111424 -6176249.5 -20203212 
v -83468184 -6238599.5 -19888536 
v -83823216 -6304290 -19567886 
v -84176520 -6373321 -19237276 
v -84525504 -6446063 -18894718 
v -84870176 -6522145 -18546184 
v -85207928 -6599341 -18197650 
v -85538776 -6678021 -17851108 
v -85865304 -6757072.5 -17504566 
v -86186648 -6837237 -17156034 
v -86503672 -6919628.5 -16803516 
v -86816376 -7004247 -16447017 
v -87123896 -7091092 -16082550 
v -87427968 -7179422 -15712109 
v -87728576 -7268493.5 -15339676 
v -88025736 -7358308 -14967243 
v -88318568 -7447380 -14594810 
v -88605360 -7536451.5 -14226360 
v -88886968 -7623668 -13859902 
v -89165120 -7710884 -13491453 
v -89444136 -7799585 -13121011 
v -89724016 -7889028 -12740612 
v -90008216 -7979955.5 -12350254 
v -90293280 -8072368 -11947947 
v -90574888 -8166264.5 -11535682 
v -90853904 -8260903.5 -11117442 
v -91126872 -8356284.5 -10695218 
v -91392928 -8451295 -10276978 
v -91654672 -8544820 -9860729 
v -91913816 -8636861 -9442489 
v -92171240 -8728531 -9018274 
v -92425208 -8820572 -8582109 
v -92673984 -8912984 -8135986.5 
v -92914992 -9004283 -7685880.5 
v -93149088 -9094097 -7233782.5 
v -93376280 -9182055 -6779693.5 
v -93595688 -9266674 -6327595.5 
v -93803872 -9346467 -5877489.5 
v -94001688 -9422178 -5433358 
v -94190000 -9493436 -4997193.5 
v -94370544 -9560240 -4565012 
v -94541584 -9622590 -4132830.25 
v -94707432 -9679374 -3694674 
v -94867240 -9732446 -3246559.5 
v -95023600 -9783662 -2780520.25 
v -95174768 -9834878 -2294565 
v -95318160 -9886837 -1792676.75 
v -95449464 -9935827 -1290788.5 
v -95568672 -9980363 -792883.5625 
v -95675784 -10018589 -298961.8125 
v -95770808 -10051249 190976.71875 
v -95858056 -10080197 680915.25 
v -95936664 -10105063 1174837 
v -96009224 -10126960 1664775.5 
v -96074872 -10145888 2152722.5 
v -96133616 -10161847 2640669.25 
v -96187168 -10174836 3132599.5 
v -96234680 -10184486 3628512.75 
v -96273552 -10190424 4130401 
v -96302064 -10193764 4638264 
v -96321928 -10194877 5150110.5 
v -96334024 -10194506 5665940 
v -96042048 -10396403 5673906.5 
v -95441688 -10722629 5693823 
v -94596864 -11267452 6179778 
v -93684664 -11989305 6637850.5 
v -93669112 -11985594 7097915 
v -93644928 -11981883 7561962.5 
v -93613832 -11979285 8028001.5 
v -93576688 -11978171 8494040 
v -93535224 -11977429 8960080 
v -93485984 -11975945 9422135 
v -93430696 -11971862 9882200 
v -93365912 -11964068 10340272 
v -93289896 -11951821 10796353 
v -93205240 -11936605 11250443 
v -93114536 -11918790 11700549 
v -93019520 -11900234 12148663 
v -92921904 -11882419 12588811 
v -92821704 -11863863 13019001 
v -92715448 -11844935 13447199 
v -92601424 -11821924 13877389 
v -92477896 -11791492 14319529 
v -92344008 -11751780 14767644 
v -92204064 -11701677 15221733 
v -92058080 -11642667 15675822 
v -91910360 -11578832 16123937 
v -91760056 -11512400 16562093 
v -91605432 -11443740 16992284 
v -91445624 -11370998 17420482 
v -91277176 -11292689 17850672 
v -91098368 -11208070 18280862 
v -90909192 -11118256 18713042 
v -90713096 -11025473 19143232 
v -90512688 -10932690 19571430 
v -90308832 -10840649 19997638 
v -90104104 -10750092 20425836 
v -89899376 -10661020 20852042 
v -89694648 -10573062 21274266 
v -89485600 -10485846 21692506 
v -89269648 -10397887 22108754 
v -89044184 -10307331 22519028 
v -88810088 -10214919 22923328 
v -88567352 -10123249 23323644 
v -88317704 -10032321 23717984 
v -88063744 -9942136 24110332 
v -87806320 -9852693 24500690 
v -87546312 -9762879 24885074 
v -87285432 -9672693 25267464 
v -87022832 -9581766 25645872 
v -86757632 -9490096 26016314 
v -86490712 -9397313 26382772 
v -86219472 -9304900 26743254 
v -85943912 -9213602 27099754 
v -85663168 -9123045 27454262 
v -85379832 -9033973 27806780 
v -85093040 -8947128 28157304 
v -84802792 -8863252 28503846 
v -84510824 -8781974 28844414 
v -84217120 -8702923 29180998 
v -83923416 -8624614 29511606 
v -83628856 -8544449 29836240 
v -83336016 -8454264 30158882 
v -83047496 -8350346.5 30479534 
v -82760712 -8237893 30800184 
v -82473920 -8122842 31122826 
v -82184536 -8008162 31443478 
v -81892560 -7893853 31766120 
v -81597136 -7779544 32088762 
v -81293928 -7665235 32417380 
v -80969128 -7551297 32761930 
v -81407088 -6842804 33170212 
v -81720664 -6361073.5 33560568 
v -81892560 -6069734 33737824 
v -81961672 -5922394.5 33763716 
v -82226864 -6124290.5 33455014 
v -82056688 -6431589 33247886 
v -81737936 -6933731.5 32829646 
v -82048912 -7030597.5 32495054 
v -82352120 -7132659 32162452 
v -82653592 -7237689.5 31829852 
v -82950752 -7346803 31497252 
v -83245312 -7458514 31164650 
v -83538152 -7569111.5 30832050 
v -83829264 -7678224.5 30499450 
v -84122096 -7779915 30162866 
v -84414936 -7873440.5 29824290 
v -84708640 -7961399 29479740 
v -85004064 -8046388.5 29131206 
v -85299496 -8129893.5 28778690 
v -85593200 -8216367.5 28424182 
v -85884304 -8304326 28063698 
v -86172824 -8395625 27701224 
v -86457888 -8488408 27338748 
v -86738632 -8583789 26972290 
v -87015056 -8681026 26603842 
v -87284568 -8781232 26231408 
v -87551496 -8878469 25851008 
v -87816688 -8975705 25464634 
v -88081016 -9071829 25072286 
v -88345352 -9166468 24677944 
v -88608816 -9261849 24277628 
v -88869696 -9357972 23875322 
v -89127976 -9453725 23469032 
v -89383672 -9547621 23060750 
v -89632448 -9639662 22648484 
v -89875184 -9732075 22234226 
v -90107560 -9819291 21813996 
v -90333016 -9905394 21391772 
v -90556744 -9992981 20967556 
v -90779616 -10079826 20541350 
v -91001616 -10165187 20113152 
v -91222760 -10251290 19682962 
v -91438712 -10338506 19252772 
v -91649488 -10425722 18818598 
v -91851624 -10510712 18382434 
v -92044256 -10589021 17948260 
v -92222208 -10662876 17518070 
v -92389784 -10734876 17085890 
v -92547008 -10806876 16653708 
v -92700768 -10877762 16211568 
v -92852800 -10943824 15761462 
v -93008288 -10999123 15307373 
v -93166368 -11042916 14855275 
v -93317536 -11076318 14409152 
v -93455752 -11099700 13970996 
v -93581872 -11117885 13544789 
v -93695896 -11137184 13120574 
v -93803872 -11157225 12690384 
v -93907528 -11176524 12250236 
v -94006872 -11195823 11798138 
v -94102760 -11212524 11342057 
v -94193456 -11226627 10883984 
v -94272928 -11240730 10419937 
v -94339448 -11252235 9953898 
v -94393864 -11259287 9485867 
v -94439648 -11264112 9013853 
v -94481112 -11265225 8539848 
v -94518256 -11265596 8063850.5 
v -94549352 -11265596 7587853.5 
v -94575272 -11265225 7113848 
v -94591680 -11265967 6643825.5 
v -95451192 -10721144 6179778 
v -96050688 -10394918 6183761.5 
v -95442552 -10720031 6667725 
v -95420096 -10718546 7153680 
v -95390720 -10716690 7641627 
v -95357896 -10713350 8129574 
v -95321616 -10709268 8615529 
v -95282744 -10703330 9099493 
v -95240416 -10694422 9579473 
v -95189448 -10682175 10059454 
v -95124664 -10666216 10535451 
v -95046056 -10645804 11009457 
v -94955352 -10626505 11479479 
v -94859472 -10606464 11949501 
v -94760128 -10584196 12413549 
v -94656472 -10560072 12875604 
v -94545896 -10535577 13331685 
v -94426688 -10508485 13779800 
v -94288480 -10481021 14221940 
v -94130400 -10450959 14662088 
v -93961088 -10414217 15102236 
v -93788320 -10368939 15540392 
v -93622472 -10311042 15982532 
v -93465256 -10242011 16428655 
v -93307168 -10167414 16872786 
v -93142184 -10092445 17316918 
v -92964232 -10020074 17757066 
v -92769872 -9949187 18197214 
v -92559960 -9873847 18635370 
v -92338824 -9792940 19073526 
v -92110768 -9712033 19509690 
v -91876672 -9633724 19941872 
v -91637392 -9556900 20372062 
v -91398112 -9479704 20800260 
v -91159696 -9400653 21228458 
v -90920416 -9319375 21652674 
v -90676816 -9235499 22074898 
v -90426312 -9148282 22495130 
v -90168024 -9057355 22909386 
v -89903696 -8963829 23321652 
v -89635904 -8868077 23733916 
v -89368984 -8770469 24146182 
v -89102928 -8672861 24554464 
v -88837728 -8575624 24958764 
v -88570808 -8480614 25355096 
v -88305616 -8385233 25747444 
v -88037824 -8287996 26135810 
v -87767448 -8190017 26518202 
v -87491888 -8092038 26896610 
v -87209416 -7996656.5 27271034 
v -86922624 -7904244.5 27641476 
v -86630656 -7814801.5 28007934 
v -86335224 -7727214 28374392 
v -86038064 -7640740 28736866 
v -85740912 -7554637 29099342 
v -85442888 -7467792 29459824 
v -85145736 -7375751 29818316 
v -84848576 -7277030 30174816 
v -84548832 -7173483.5 30529324 
v -84245624 -7067710.5 30881840 
v -83941560 -6964907 31230374 
v -83635768 -6866185.5 31578908 
v -83328240 -6771917.5 31923458 
v -83016400 -6682474.5 32264026 
v -82701104 -6594887.5 32602600 
v -82382352 -6508784.5 32933210 
v -82562888 -6184785.5 33160254 
v -82899784 -6255300.5 32853544 
v -83236680 -6329156 32534886 
v -83570112 -6406351.5 32212244 
v -83897504 -6488001 31877650 
v -84220576 -6574846 31535092 
v -84542784 -6663918 31184568 
v -84859808 -6758557 30828068 
v -85174240 -6854680.5 30471568 
v -85481760 -6951175 30113076 
v -85785832 -7043958 29754584 
v -86089896 -7131917 29398084 
v -86393104 -7218019.5 29037600 
v -86697168 -7304122.5 28677118 
v -86998640 -7390596.5 28312652 
v -87297528 -7477441.5 27946194 
v -87592096 -7566142.5 27573760 
v -87880608 -7655956.5 27199336 
v -88163944 -7747626.5 26820928 
v -88441232 -7840038.5 26442520 
v -88714200 -7932822 26064112 
v -88985448 -8025234 25685704 
v -89254960 -8118017 25303314 
v -89524472 -8211171.5 24910964 
v -89794848 -8304326 24508656 
v -90066096 -8397480 24098384 
v -90339064 -8489150 23684126 
v -90610304 -8580820 23265886 
v -90878088 -8671005 22847646 
v -91139832 -8761933 22427414 
v -91394656 -8849520 22005190 
v -91645168 -8934881 21582968 
v -91893088 -9020613 21156760 
v -92144464 -9104118 20730554 
v -92396696 -9187622 20300364 
v -92644616 -9272241 19864200 
v -92882168 -9357601 19422060 
v -93111080 -9439251 18977928 
v -93331360 -9518302 18529814 
v -93539544 -9595869 18081700 
v -93732176 -9673436 17633584 
v -93909256 -9750260 17185470 
v -94073384 -9821146 16739347 
v -94233192 -9884239 16299199 
v -94396456 -9938053 15863034 
v -94564904 -9983703 15428861 
v -94733352 -10025641 14986722 
v -94898344 -10064981 14530641 
v -95042600 -10108403 14052652 
v -95164400 -10152939 13560722 
v -95279288 -10192651 13070783 
v -95385536 -10230506 12582836 
v -95487472 -10263166 12100864 
v -95582496 -10290630 11618892 
v -95668008 -10312527 11132937 
v -95744888 -10329599 10646982 
v -95807952 -10348155 10159035 
v -95858920 -10367083 9671088 
v -95904696 -10382300 9183141 
v -95941848 -10393062 8693202 
v -95973808 -10397145 8199280.5 
v -96001448 -10397887 7699384 
v -96025632 -10396403 7197496 
v -96042912 -10395660 6691624.5 
v -96340072 -10193764 6183761.5 
v -96337480 -10193764 6699591 
v -96328840 -10193764 7213429 
v -96308968 -10192279 7723283.5 
v -96280464 -10188568 8229155 
v -96241592 -10181517 8727060 
v -96196672 -10170383 9220982 
v -96145704 -10156651 9708929 
v -96087832 -10140321 10198867 
v -96024768 -10120651 10690797 
v -95953936 -10097641 11182728 
v -95876192 -10072404 11676649 
v -95788944 -10042713 12168579 
v -95692200 -10008198 12660510 
v -95583360 -9966631 13158415 
v -95463288 -9920610 13662294 
v -95330256 -9869394 14168166 
v -95186856 -9819291 14664079 
v -95035688 -9771415 15140076 
v -94880200 -9722796 15594166 
v -94721256 -9670838 16034314 
v -94556264 -9613683 16468487 
v -94385232 -9549848 16904652 
v -94205552 -9480446 17342808 
v -94017240 -9406591 17786940 
v -93817696 -9329024 18237046 
v -93607784 -9248117 18691134 
v -93388368 -9164241 19147216 
v -93162048 -9077767 19603296 
v -92928816 -8989066 20057386 
v -92686080 -8900365 20505500 
v -92436432 -8811665 20945648 
v -92184200 -8722593 21377830 
v -91932824 -8631665 21802046 
v -91677128 -8541109 22222278 
v -91417984 -8449439 22642508 
v -91151920 -8355913.5 23066724 
v -90879816 -8263130 23488948 
v -90604256 -8170347 23909180 
v -90325240 -8079419.5 24319454 
v -90047088 -7988120.5 24721760 
v -89770664 -7898306.5 25110126 
v -89496832 -7810348 25488534 
v -89223864 -7722760.5 25860966 
v -88948304 -7635915.5 26231408 
v -88670152 -7548699 26603842 
v -88386816 -7461111.5 26978266 
v -88098296 -7372782 27354682 
v -87806320 -7284823.5 27733090 
v -87509168 -7197607.5 28105522 
v -87207688 -7111875.5 28473972 
v -86902760 -7027257 28838438 
v -86595240 -6943381 29194938 
v -86286848 -6859876.5 29549448 
v -85975872 -6775258 29897980 
v -85662304 -6689526 30248506 
v -85342688 -6603423.5 30601022 
v -85015296 -6519176 30951548 
v -84682720 -6437898 31300082 
v -84345832 -6361073.5 31638656 
v -84006344 -6287960.5 31967274 
v -83664272 -6218187.5 32285934 
v -83320472 -6151754.5 32598618 
v -82974936 -6088291 32905326 
v -82632000 -6028538.5 33206062 
v -82293376 -5972868.5 33492854 
v -81993632 -5819961.5 33753756 
v -81998816 -5737570 33723884 
v -82321024 -5868209 33488872 
v -82662232 -5922394.5 33204070 
v -83006896 -5981033.5 32903336 
v -83350704 -6042270.5 32594634 
v -83694504 -6106476.5 32279958 
v -84039176 -6172167 31963290 
v -84385568 -6240826.5 31642640 
v -84730232 -6313939.5 31312030 
v -85068856 -6390764 30969472 
v -85401424 -6470186.5 30620938 
v -85726224 -6550722.5 30272406 
v -86044976 -6632000.5 29925864 
v -86359408 -6713278.5 29581314 
v -86670392 -6795670.5 29230788 
v -86977048 -6879546.5 28874288 
v -87280248 -6963793.5 28511814 
v -87580000 -7049154 28141372 
v -87877152 -7135628 27766948 
v -88172584 -7223215.5 27390532 
v -88464560 -7310803 27016106 
v -88751352 -7397648 26641682 
v -89032096 -7483751 26271240 
v -89308520 -7569482.5 25900800 
v -89582352 -7654843 25528366 
v -89857048 -7741688.5 25149958 
v -90135200 -7829647 24763584 
v -90416808 -7920203 24367252 
v -90697552 -8012244 23956978 
v -90974840 -8105769.5 23538738 
v -91246080 -8199295.5 23114522 
v -91512136 -8293192 22688316 
v -91772152 -8385975 22268084 
v -92028704 -8477274 21847852 
v -92282672 -8568201 21423638 
v -92533184 -8659871 20989464 
v -92776784 -8751170 20545334 
v -93014336 -8842469 20091244 
v -93248432 -8933025 19635162 
v -93475616 -9021726 19177090 
v -93697624 -9107829 18721010 
v -93908392 -9190220 18264928 
v -94107936 -9266674 17814822 
v -94296256 -9338302 17370690 
v -94477656 -9406220 16932534 
v -94653016 -9469684 16498361 
v -94819736 -9530549 16062196 
v -94977816 -9586962 15618065 
v -95128120 -9640034 15158001 
v -95273240 -9691621 14680012 
v -95415776 -9742837 14184099 
v -95553120 -9792198 13678227 
v -95679240 -9837476 13174348 
v -95789808 -9876074 12676442 
v -95884832 -9908734 12180529 
v -95970352 -9937682 11688599 
v -96050688 -9964033 11192686 
v -96125840 -9987414 10700755 
v -96192352 -10007455 10208825 
v -96249368 -10022672 9718887 
v -96299472 -10034919 9226957 
v -96345248 -10045682 8733035 
v -96384984 -10054589 8233138.5 
v -96416088 -10061270 7727267 
v -96435088 -10064981 7215420.5 
v -96442000 -10066837 6699591 
v -96441136 -10067579 6181769.5 
v -96436816 -10067579 5665940 
v -96427312 -10066837 5148119 
v -96409176 -10064239 4634281 
v -96378944 -10058300 4126417.75 
v -96336616 -10049764 3622538 
v -96287376 -10039744 3124633 
v -96233816 -10027496 2632702.75 
v -96175080 -10013764 2142764.25 
v -96106832 -9995579 1652825.75 
v -96029952 -9974053 1162887.25 
v -95947024 -9948816 670957.125 
v -95857192 -9920981 179027 
v -95762168 -9889806 -312903.125 
v -95655056 -9854920 -806824.875 
v -95532392 -9813353 -1306721.5 
v -95395040 -9765477 -1808609.75 
v -95249056 -9714631 -2306514.75 
v -95098752 -9661930 -2794461.75 
v -94946712 -9608858 -3262492.25 
v -94787768 -9553188 -3714590 
v -94619328 -9493807 -4152746.5 
v -94443104 -9430715 -4582936.5 
v -94260840 -9364282 -5017109.5 
v -94071656 -9294509 -5453274.5 
v -93873840 -9220282 -5897405.5 
v -93664800 -9140489 -6347511.5 
v -93442792 -9055870 -6797618 
v -93211288 -8968654 -7251707 
v -92973736 -8878469 -7703805 
v -92732728 -8786428 -8155902.5 
v -92488264 -8694016 -8604017 
v -92236888 -8601975 -9042174 
v -91980336 -8509562 -9468380 
v -91720320 -8417893 -9884629 
v -91456856 -8325480.5 -10298886 
v -91189928 -8231212.5 -10717126 
v -90916096 -8136202.5 -11139349 
v -90637944 -8041192.5 -11557590 
v -90353744 -7946553.5 -11967863 
v -90065232 -7853399.5 -12366187 
v -89779304 -7762471.5 -12756545 
v -89497696 -7673400 -13134953 
v -89219544 -7586183.5 -13505394 
v -88939664 -7499338.5 -13873844 
v -88657192 -7412864.5 -14240302 
v -88366944 -7324906 -14606760 
v -88071520 -7236205 -14977201 
v -87770040 -7147875.5 -15349634 
v -87465976 -7059917 -15720075 
v -87161040 -6972700.5 -16088525 
v -86854384 -6887340 -16452992 
v -86543408 -6803835 -16813474 
v -86225520 -6724041.5 -17167984 
v -85902448 -6645732.5 -17514526 
v -85574192 -6568908 -17861066 
v -85241616 -6492454.5 -18207608 
v -84902136 -6416743.5 -18556142 
v -84554880 -6341774.5 -18900692 
v -84200704 -6270517 -19237276 
v -83843944 -6203342 -19565894 
v -83487184 -6139878 -19884552 
v -83133016 -6078270 -20201220 
v -82778848 -6018518 -20511914 
v -82424680 -5962105.5 -20814640 
v -82074832 -5909033.5 -21105416 
v -81736208 -5860415 -21376276 
v -81400184 -5816621.5 -21635186 
v -80964808 -5766518.5 -21955838 
v -80240928 -5694890 -22453742 
v -79163736 -5497076 -23051228 
v -80272024 -5602849 -22409928 
v -80996776 -5680044.5 -21919988 
v -81414864 -5732003 -21607304 
v -81740528 -5775425.5 -21352376 
v -82077424 -5822930.5 -21083508 
v -82429864 -5874518 -20796714 
v -82785760 -5930559 -20495980 
v -83138200 -5990683 -20183296 
v -83488048 -6053404.5 -19862646 
v -83838768 -6117981.5 -19538012 
v -84192936 -6184043 -19209394 
v -84547968 -6253074 -18872810 
v -84898680 -6325073.5 -18530252 
v -85241616 -6400413.5 -18185702 
v -85575056 -6475382.5 -17839160 
v -85901584 -6551464.5 -17492618 
v -86222928 -6629031.5 -17142092 
v -86538224 -6708825 -16787584 
v -86849200 -6791588 -16427101 
v -87160176 -6875464 -16066617 
v -87472888 -6960082 -15702151 
v -87782136 -7046556 -15335693 
v -88085336 -7134514.5 -14967243 
v -88382496 -7222844.5 -14596802 
v -88672744 -7309689.5 -14228352 
v -88957800 -7396905.5 -13863886 
v -89238544 -7483751 -13497428 
v -89515832 -7571709.5 -13123003 
v -89792256 -7661894.5 -12742604 
v -90074728 -7753935.5 -12350254 
v -90362384 -7847090 -11951930 
v -90649176 -7942100 -11543648 
v -90930784 -8037481.5 -11129391 
v -91205480 -8133233.5 -10709160 
v -91473264 -8228243.5 -10290919 
v -91735008 -8319913.5 -9874671 
v -91993288 -8411583 -9458422 
v -92245528 -8502882 -9030224 
v -92494312 -8594923 -8590076 
v -92741368 -8686964 -8145944.5 
v -92990144 -8776778 -7695838.5 
v -93233744 -8864737 -7245732.5 
v -93466976 -8949355 -6793634.5 
v -93688984 -9031747 -6341537 
v -93901488 -9110427 -5895414 
v -94099304 -9185767 -5451282.5 
v -94283296 -9255911 -5013126.5 
v -94461248 -9322344 -4576961.5 
v -94634872 -9385065 -4142788.5 
v -94804184 -9444818 -3704632 
v -94965720 -9502343 -3254526 
v -95119480 -9557642 -2786495.25 
v -95268920 -9609601 -2300540 
v -95415776 -9658590 -1804626.5 
v -95552256 -9703126 -1304729.875 
v -95673192 -9741724 -806824.875 
v -95781176 -9775868 -312903.125 
v -95882240 -9806301 179027 
v -95978992 -9833023 670957.125 
v -96068824 -9856775 1162887.25 
v -96145704 -9876445 1652825.75 
v -96213952 -9893889 2140772.75 
v -96273552 -9909105 2630711.25 
v -96322792 -9922095 3124633 
v -96367712 -9933229 3622538 
v -96410904 -9942136 4128409.5 
v -96446320 -9950672 4636272.5 
v -96467912 -9955497 5150110.5 
v -96477416 -9958095 5665940 
v -96481736 -9958095 6181769.5 
v -96482600 -9955868 6697599.5 
v -96473960 -9952156 7213429 
v -96449776 -9946218 7723283.5 
v -96416088 -9938053 8231146.5 
v -96378944 -9928404 8733035 
v -96339208 -9917270 9228948 
v -96291696 -9903167 9720878 
v -96232952 -9887579 10210817 
v -96166440 -9869023 10700755 
v -96087832 -9847868 11194677 
v -96000584 -9822260 11686607 
v -95909016 -9794054 12180529 
v -95813136 -9762507 12674451 
v -95704288 -9725765 13174348 
v -95579040 -9683827 13676236 
v -95441688 -9636693 14178124 
v -95300024 -9586219 14674037 
v -95155760 -9533518 15152026 
v -95003728 -9477477 15610099 
v -94843056 -9419209 16054230 
v -94676336 -9358715 16490395 
v -94505296 -9294880 16928552 
v -94329080 -9226963 17368700 
v -94142496 -9154963 17814822 
v -93942088 -9078509 18264928 
v -93729584 -8997973 18719018 
v -93506712 -8914097 19175098 
v -93273480 -8827252 19631180 
v -93034200 -8738180 20085268 
v -92794920 -8646882 20537366 
v -92553912 -8555954 20983490 
v -92308584 -8465026 21419654 
v -92056352 -8374841 21845860 
v -91800656 -8283913.5 22266092 
v -91540648 -8191130.5 22686324 
v -91274584 -8095749 23112532 
v -91003344 -8000368 23536746 
v -90724328 -7906471.5 23951004 
v -90440992 -7813688 24359286 
v -90160248 -7722760.5 24757610 
v -89884688 -7633317.5 25145976 
v -89611720 -7546101 25526374 
v -89338752 -7459998.5 25898808 
v -89061464 -7374266.5 26269248 
v -88778992 -7288535 26639690 
v -88490472 -7201318.5 27014114 
v -88195904 -7114102.5 27388540 
v -87895296 -7027628.5 27758980 
v -87593824 -6941525.5 28129422 
v -87293208 -6855794 28495880 
v -86992600 -6770433 28858356 
v -86688528 -6686186 29214854 
v -86378416 -6604908 29563388 
v -86062256 -6525114.5 29909930 
v -85741776 -6446063 30254480 
v -85412656 -6367011.5 30599030 
v -85074904 -6289445 30941590 
v -84730232 -6215960.5 31278174 
v -84384704 -6146187.5 31608782 
v -84042624 -6078270 31933416 
v -83703144 -6012208.5 32256058 
v -83361064 -5948373.5 32572726 
v -83014672 -5888992.5 32879436 
v -82664824 -5833693.5 33178178 
v -82321880 -5783590.5 33460988 
v -81981536 -5673364 33678076 
v -81655008 -5575756 33835412 
v -81207544 -5457736 33972836 
v -80867200 -5361612.5 33759732 
v -80516488 -5318561 34098308 
v -79975728 -5223179.5 33606376 
v -78914088 -5081036 33437090 
v -78129728 -4970067 33263818 
v -77769512 -4845366.5 33130380 
v -77620936 -4747016 33054698 
v -77526784 -4630480.5 33006900 
v -77460264 -4399635.5 33000924 
v -77407576 -4084543.75 33018850 
v -76316560 -3942771 33927028 
v -77387704 -3844420.75 33004908 
v -76301008 -3669245.75 33915080 
v -74960352 -3494813.25 35000512 
v -76216352 -3530813.25 33917068 
v -77311688 -3738647.75 33004908 
v -78099496 -3895637 32333732 
v -78159968 -3987678 32343690 
v -78180696 -4207760 32361614 
v -78210064 -4512089 32363606 
v -78258440 -4745531.5 32375556 
v -78327544 -4864294 32425346 
v -78437256 -4953366 32507002 
v -78686040 -5067304 32648408 
v -79308856 -5160829.5 32893378 
v -80252152 -5270313.5 33192120 
v -81122896 -5396127.5 33472938 
v -81545304 -5501900.5 33697992 
v -81804448 -5536045 33466964 
v -81940072 -5614725 33604384 
v -82299424 -5717158 33417174 
v -82642360 -5765034 33130380 
v -82992216 -5815137 32831636 
v -83341200 -5868951 32524928 
v -83685864 -5927961.5 32210252 
v -84024488 -5992167.5 31885618 
v -84363104 -6060084.5 31557000 
v -84703456 -6130600 31222408 
v -85044664 -6203342 30883832 
v -85384152 -6278311 30541274 
v -85715864 -6354022 30200706 
v -86038064 -6431960 29856156 
v -86354232 -6511011 29511606 
v -86664344 -6592660.5 29163072 
v -86972728 -6675423 28812548 
v -87279384 -6759299 28458040 
v -87587776 -6843546.5 28099548 
v -87893568 -6928907 27737072 
v -88193320 -7014638.5 27366632 
v -88487016 -7103339.5 26992208 
v -88775536 -7190556 26617782 
v -89058872 -7276287.5 26247342 
v -89337888 -7360906 25878892 
v -89615176 -7447008.5 25506458 
v -89887280 -7535338.5 25126060 
v -90158520 -7627008 24733710 
v -90433216 -7720162.5 24331402 
v -90711368 -7814059 23923120 
v -90990384 -7908327 23506872 
v -91264224 -8002966 23086640 
v -91531144 -8097605 22662426 
v -91791152 -8190759 22240202 
v -92044256 -8281687 21819970 
v -92292176 -8372614.5 21393764 
v -92536640 -8463542 20959590 
v -92782832 -8553727 20515458 
v -93031608 -8642428 20067344 
v -93275208 -8728531 19615246 
v -93504128 -8812778 19157174 
v -93722672 -8894427 18699102 
v -93934312 -8973479 18245012 
v -94139904 -9048819 17798890 
v -94331672 -9120818 17356750 
v -94507024 -9190220 16914610 
v -94670288 -9254798 16474462 
v -94828368 -9315292 16034314 
v -94984720 -9373189 15588191 
v -95135896 -9427374 15130118 
v -95281880 -9480446 14654121 
v -95423552 -9530178 14162191 
v -95559168 -9576199 13664286 
v -95682696 -9617394 13162398 
v -95794128 -9653394 12666484 
v -95900384 -9684570 12174554 
v -96003176 -9711662 11682624 
v -96092152 -9734301 11188702 
v -96163848 -9753971 10696772 
v -96227768 -9772157 10206834 
v -96289104 -9787744 9716895 
v -96343520 -9802590 9226957 
v -96383256 -9815951 8729052 
v -96412632 -9827085 8225172 
v -96438544 -9835250 7719300.5 
v -96461872 -9841188 7209445.5 
v -96474824 -9845270 6697599.5 
v -96478280 -9847868 6181769.5 
v -96473096 -9847497 5665940 
v -96459280 -9844528 5152102 
v -96433360 -9839332 4640256 
v -96401400 -9831538 4132392.75 
v -96366848 -9821518 3626521.25 
v -96327112 -9808899 3126624.5 
v -96274416 -9793683 2632702.75 
v -96208768 -9778837 2144756 
v -96138800 -9761765 1656809 
v -96065368 -9742095 1166870.5 
v -95981584 -9720569 674940.375 
v -95879648 -9695704 185001.859375 
v -95767352 -9667126 -304936.65625 
v -95650736 -9633353 -796866.8125 
v -95527208 -9595498 -1292780.125 
v -95391584 -9551704 -1788693.5 
v -95245600 -9503828 -2282615.25 
v -95096160 -9452240 -2766579 
v -94941536 -9398055 -3232618 
v -94781728 -9341643 -3682724.25 
v -94619328 -9281890 -4122872.25 
v -94453472 -9218798 -4559037 
v -94280704 -9151994 -4997193.5 
v -94091528 -9081107 -5435350 
v -93885936 -9007252 -5873506 
v -93670840 -8930798 -6317637.5 
v -93449704 -8849891 -6769735 
v -93223384 -8765644 -7225816 
v -92984104 -8680284 -7677914 
v -92731864 -8592696 -8126028.5 
v -92475304 -8503624 -8566176 
v -92220480 -8413068 -9000350 
v -91968240 -8321769 -9426556 
v -91712544 -8230470.5 -9844796 
v -91451672 -8138429.5 -10261045 
v -91183888 -8043790.5 -10677294 
v -90907464 -7948780.5 -11095534 
v -90626720 -7853028 -11509791 
v -90344248 -7758018 -11918073 
v -90063504 -7662266 -12322372 
v -89785352 -7567998 -12716712 
v -89508064 -7476699.5 -13097112 
v -89226456 -7389112 -13467553 
v -88941392 -7303380 -13832020 
v -88653736 -7218019.5 -14194495 
v -88361760 -7130803.5 -14560953 
v -88066336 -7040989 -14933386 
v -87764856 -6951917 -15303827 
v -87456472 -6865814.5 -15670285 
v -87141176 -6783423 -16032760 
v -86824152 -6702887 -16389260 
v -86506264 -6624207 -16741777 
v -86188376 -6545526.5 -17094294 
v -85867032 -6468331 -17442826 
v -85541368 -6392620 -17789368 
v -85207928 -6318393 -18133918 
v -84864992 -6245651 -18478470 
v -84515144 -6174393.5 -18823020 
v -84165288 -6104249.5 -19159604 
v -83818032 -6035961 -19494196 
v -83470776 -5970641.5 -19820822 
v -83120920 -5909404.5 -20141472 
v -82766752 -5852992.5 -20450172 
v -82409992 -5801034 -20750908 
v -82058416 -5752415.5 -21037700 
v -81723248 -5707137 -21306570 
v -81407088 -5664457 -21555522 
v -81006272 -5610642.5 -21858248 
v -80289296 -5520828.5 -22342212 
v -79174096 -5397241 -22949656 
v -77714232 -5222808.5 -23509302 
v -76123928 -4867634.5 -23636764 
v -81350944 -5430643 33214028 
v -77736688 -5107015 -23264332 
v -79174096 -5312623 -22788334 
v -80293616 -5458849 -22232672 
v -80996776 -5554972.5 -21770618 
v -81375992 -5605818 -21479840 
v -81680928 -5645158 -21232880 
v -82009176 -5687467 -20960028 
v -82354712 -5732745.5 -20667260 
v -82702832 -5781364 -20362542 
v -83050952 -5833693.5 -20049858 
v -83397352 -5890105.5 -19731198 
v -83742016 -5951342.5 -19402580 
v -84087544 -6017033 -19067988 
v -84433944 -6084950.5 -18727422 
v -84778608 -6155466 -18382872 
v -85120680 -6227837 -18036330 
v -85453256 -6300579 -17691780 
v -85778920 -6374805.5 -17345238 
v -86101992 -6450145.5 -16998696 
v -86423336 -6527341 -16650162 
v -86743816 -6606392.5 -16301628 
v -87061704 -6687670.5 -15945129 
v -87377000 -6772660 -15584645 
v -87686248 -6861361 -15220179 
v -87991184 -6952288.5 -14853721 
v -88291792 -7043216 -14487263 
v -88586360 -7132288 -14122796 
v -88876600 -7217277.5 -13762313 
v -89166848 -7302638 -13401830 
v -89454504 -7389483 -13037363 
v -89737840 -7478555 -12660947 
v -90018584 -7572080.5 -12270590 
v -90298464 -7668575 -11868282 
v -90577480 -7766554 -11460000 
v -90854768 -7864533.5 -11045743 
v -91129464 -7961770 -10627503 
v -91398976 -8056038 -10213246 
v -91659856 -8147708 -9798989 
v -91918136 -8236408.5 -9382741 
v -92174696 -8325480.5 -8960517 
v -92432976 -8413810 -8530327 
v -92688672 -8501026 -8090179 
v -92934864 -8589356 -7640073 
v -93167232 -8676943 -7185984 
v -93390096 -8761191 -6729903 
v -93609512 -8842098 -6277805 
v -93826328 -8917066 -5833674 
v -94035376 -8986839 -5397509 
v -94231464 -9052530 -4965327.5 
v -94410280 -9117107 -4531154.5 
v -94575272 -9179458 -4092998 
v -94732488 -9239952 -3650858.25 
v -94886248 -9297107 -3200752.25 
v -95037416 -9351292 -2734713 
v -95185992 -9403251 -2254732.75 
v -95331120 -9450013 -1764794.125 
v -95470192 -9491209 -1270872.375 
v -95601496 -9527209 -778942.25 
v -95725024 -9558384 -290995.3125 
v -95839048 -9586590 196951.578125 
v -95934072 -9612570 686890.125 
v -96011816 -9637065 1176828.625 
v -96081784 -9657848 1666767.125 
v -96151752 -9674178 2152722.5 
v -96221728 -9687910 2640669.25 
v -96285648 -9699786 3132599.5 
v -96331432 -9712404 3632496 
v -96364256 -9722796 4138367.5 
v -96390168 -9731703 4646230.5 
v -96411768 -9737270 5156085.5 
v -96425584 -9740982 5667931.5 
v -96430768 -9740982 6181769.5 
v -96427312 -9738384 6693616 
v -96416088 -9733188 7205462.5 
v -96399672 -9725765 7713325.5 
v -96378944 -9716858 8219197 
v -96346112 -9705724 8721085 
v -96295152 -9694219 9216999 
v -96234680 -9681600 9706937 
v -96172488 -9667126 10196876 
v -96111152 -9648198 10686814 
v -96044640 -9625931 11178744 
v -95964304 -9601065 11670674 
v -95863240 -9575085 12160613 
v -95750936 -9545395 12650551 
v -95630000 -9511993 13144473 
v -95502160 -9473024 13640387 
v -95366536 -9428488 14136300 
v -95226592 -9378756 14624247 
v -95084064 -9325313 15098252 
v -94937216 -9270385 15556325 
v -94788632 -9211746 16004440 
v -94634008 -9151251 16446579 
v -94469016 -9087417 16884736 
v -94285888 -9022097 17322892 
v -94088936 -8954180 17761048 
v -93881616 -8881438 18207172 
v -93670840 -8803129 18661260 
v -93456616 -8720737 19121324 
v -93234608 -8635005 19581390 
v -92997920 -8548160 20035478 
v -92750864 -8461686 20483592 
v -92498632 -8374470 20921750 
v -92248984 -8286140.5 21353930 
v -91999336 -8196697.5 21778146 
v -91746240 -8106141 22196386 
v -91487088 -8012986.5 22618610 
v -91220168 -7918347.5 23040832 
v -90948928 -7822966.5 23463056 
v -90675952 -7726843 23879304 
v -90402984 -7629606 24291570 
v -90130880 -7534596 24693878 
v -89856184 -7442926 25082244 
v -89578032 -7356823.5 25458660 
v -89296424 -7272205 25827110 
v -89013952 -7188700 26193568 
v -88728888 -7102226 26562018 
v -88439504 -7012783 26934450 
v -88144944 -6921484.5 27304892 
v -87957488 -6816082.5 27107722 
v -88271064 -6908123.5 26757196 
v -88577720 -7000535.5 26406670 
v -88871424 -7089236.5 26050170 
v -89160800 -7174968 25691680 
v -89447592 -7259957.5 25327212 
v -89731792 -7346431.5 24958764 
v -90014264 -7435503.5 24578364 
v -90296736 -7529771.5 24186014 
v -90579208 -7628121.5 23787690 
v -90853904 -7724616 23375426 
v -91126008 -7820739.5 22957184 
v -91392928 -7916863 22536954 
v -91652080 -8010388.5 22118712 
v -91906912 -8097976 21702464 
v -92157416 -8187419 21282232 
v -92408792 -8275748.5 20854034 
v -92656712 -8363707 20417870 
v -92898584 -8452408 19969754 
v -93130088 -8541109 19515666 
v -93350360 -8627212 19057592 
v -93563728 -8710345 18599520 
v -93773640 -8787912 18145432 
v -93979232 -8859170 17701300 
v -94176184 -8924860 17265134 
v -94361040 -8986839 16830962 
v -94532080 -9046963 16394797 
v -94690160 -9105602 15956641 
v -94840464 -9162014 15510518 
v -94983864 -9216571 15052445 
v -95126392 -9269272 14580431 
v -95263744 -9321230 14096468 
v -95401952 -9361684 13604537 
v -95531528 -9399911 13112607 
v -95651600 -9433312 12622669 
v -95761304 -9463745 12134722 
v -95857192 -9491951 11646775 
v -95935800 -9518673 11156836 
v -96002312 -9542426 10666898 
v -96063640 -9562838 10178951 
v -96125840 -9578054 9691004 
v -96188896 -9590302 9201066 
v -96244184 -9600693 8707144 
v -96285648 -9609230 8207247 
v -96310696 -9617766 7703367.5 
v -96327976 -9624075 7197496 
v -96338344 -9629271 6689633 
v -96342664 -9632982 6181769.5 
v -96336616 -9632982 5669923.5 
v -96143112 -9506797 6179778 
v -96138800 -9501601 6685649.5 
v -96125840 -9493436 7187538 
v -96105104 -9484900 7689426 
v -96071416 -9476735 8187331 
v -96022184 -9467086 8679261 
v -95963440 -9455209 9169200 
v -95896928 -9441477 9655155 
v -95829544 -9422550 10141110 
v -95758712 -9399168 10625074 
v -95681832 -9372447 11109038 
v -95594584 -9344612 11591010 
v -95496112 -9316034 12072982 
v -95384672 -9286344 12554954 
v -95260288 -9254055 13038917 
v -95126392 -9219169 13522881 
v -94989904 -9179829 14004853 
v -94846512 -9128612 14478859 
v -94703120 -9074427 14942906 
v -94555400 -9019128 15395004 
v -94402504 -8962716 15835152 
v -94240104 -8905932 16269325 
v -94069064 -8848036 16699515 
v -93885072 -8787541 17127714 
v -93691576 -8723335 17559894 
v -93490304 -8655047 18000042 
v -93278664 -8577480 18446166 
v -93062712 -8495831 18894280 
v -92839840 -8411212 19342394 
v -92608336 -8324738 19784534 
v -92367328 -8238264 20216716 
v -92121136 -8153646 20644914 
v -91868896 -8069027.5 21061162 
v -91609752 -7985151.5 21471436 
v -91352328 -7900904.5 21881710 
v -91087136 -7812574.5 22288000 
v -90813304 -7719049 22692300 
v -90536880 -7624781.5 23092616 
v -90254408 -7530142.5 23486956 
v -89960704 -7436617 23863372 
v -89667008 -7346803 24235804 
v -89373304 -7261071 24600272 
v -89077872 -7177195 24956772 
v -88778992 -7093690 25305304 
v -88472336 -7010185 25645872 
v -88153584 -6925938 25976480 
v -87821872 -6840577.5 26299124 
v -87483248 -6755217 26625748 
v -87629240 -6723299.5 27444304 
v -87844328 -6829814.5 27669358 
v -87536808 -6739629 28027850 
v -87223240 -6653526.5 28378374 
v -86907944 -6570021.5 28724916 
v -86592648 -6488743.5 29069466 
v -86273896 -6408949.5 29410034 
v -85951688 -6331383 29750600 
v -85627752 -6255671.5 30091168 
v -85296040 -6182929.5 30433726 
v -84960008 -6109816.5 30780268 
v -84622256 -6040043.5 31122826 
v -84284496 -5973610.5 31459410 
v -83947608 -5910518 31792012 
v -83611576 -5852250 32118636 
v -83272096 -5798807 32437296 
v -82929152 -5748333 32749980 
v -82585352 -5700457 33054698 
v -82249320 -5656292 33345474 
v -82080016 -5571302.5 33192120 
v -81594544 -5469983 32925244 
v -80764400 -5366808 32540860 
v -80507848 -5317076.5 32865494 
v -79643160 -5227262 32503020 
v -79109312 -5141530.5 32222202 
v -78911496 -5033531 32068846 
v -78823384 -4947057 31981216 
v -78772416 -4825325 31927442 
v -78742184 -4592625 31903542 
v -78736136 -4303512 31885618 
v -78715408 -4100873.5 31861718 
v -78668760 -4015513 31839810 
v -78601384 -3981739.75 31811928 
v -78019160 -3856668 32315808 
v -78517592 -3969492.5 31754170 
v -77930184 -3845163 32262034 
v -77220120 -3691885 32992958 
v -78997016 -4071554 31333938 
v -79073032 -4083059.25 31397670 
v -79127448 -4115347.75 31437502 
v -79164600 -4195512.5 31465386 
v -79184464 -4382934.5 31495260 
v -79181872 -4660171 31521150 
v -79199152 -4891015.5 31553016 
v -79238024 -5017201 31608782 
v -79312312 -5102932.5 31702388 
v -79481624 -5207592 31859726 
v -79958456 -5289612.5 32148512 
v -80274616 -5352705 31784044 
v -81032192 -5421365 32186352 
v -81858008 -5516375 32594634 
v -82384080 -5613983 32887402 
v -82701104 -5660745.5 32568744 
v -83022448 -5710477.5 32242118 
v -83342928 -5762807 31907526 
v -83668592 -5819961.5 31570942 
v -83993392 -5881941 31224400 
v -84322504 -5949116 30871882 
v -84651624 -6020002.5 30513392 
v -84983336 -6093486.5 30156892 
v -85313320 -6168455.5 29806366 
v -85642432 -6243424.5 29461816 
v -85970688 -6318022 29121248 
v -86304128 -6393362 28786656 
v -86639288 -6470929 28456048 
v -86972728 -6551464.5 28123448 
v -87300984 -6634598.5 27782880 
v -87134264 -6670227.5 26948392 
v -86778368 -6586351 27269042 
v -86422472 -6504702 27595668 
v -86070032 -6424537.5 27922294 
v -85721904 -6344743.5 28254894 
v -85378104 -6265321 28595462 
v -85038616 -6186641 28943994 
v -84703456 -6109074 29304478 
v -84367424 -6031878.5 29670936 
v -84031400 -5956167.5 30047352 
v -83697960 -5883054 30423768 
v -83367976 -5813281 30796202 
v -83044904 -5747219.5 31164650 
v -82732200 -5684869 31529118 
v -82430728 -5625488 31891592 
v -82137888 -5568704.5 32248092 
v -81318120 -5481117 31815910 
v -80600280 -5418395.5 31407628 
v -80212416 -5333777.5 31138760 
v -79845288 -5270685 31503226 
v -79692392 -5169736.5 31351864 
v -79623288 -5084005 31260248 
v -79593056 -4953737 31204484 
v -79583552 -4725490.5 31164650 
v -79589600 -4456790 31136768 
v -79573184 -4281244 31102910 
v -79542088 -4205162 31067062 
v -79494576 -4172502.25 31023246 
v -79422016 -4162852.75 30955530 
v -79330448 -4176213.5 30857942 
v -78908040 -4084172.5 31236350 
v -78434664 -3982111 31654590 
v -77857624 -3858523.75 32154486 
v -77093136 -3696709.75 32801762 
v -77143240 -3680751 32931218 
v -76062592 -3480710.25 33652184 
v -76092824 -3467720.75 33803548 
v -74830776 -3226855.25 34642020 
v -76128248 -3477370 33899144 
v -74894696 -3282896.5 35002504 
v -73630920 -3083598 35992336 
v -72678120 -2968175.5 36715296 
v -71989648 -2909907.75 37219176 
v -71451488 -2922526.25 37599576 
v -71994832 -2723599 37145484 
v -72708352 -2835310 36607748 
v -73634376 -2985990 35904708 
v -74843736 -3217577 34948728 
v -74861008 -3217577 34793384 
v -73611056 -2985247.75 35588040 
v -73677568 -2979680.75 35719484 
v -72744632 -2809701.75 36430496 
v -72012112 -2695764 36974208 
v -71351280 -2603723 37444228 
v -71363376 -2656795 37593600 
v -70957376 -2948134.5 37924208 
v -70531512 -3045742.5 38179136 
v -70057272 -2965577.75 38374316 
v -69775664 -3405370.25 38503772 
v -69586480 -4161739.25 38649160 
v -69490600 -4998644.5 38738780 
v -69411128 -5759838 38796540 
v -69326472 -6440496 38808488 
v -69249592 -6990886 38828404 
v -69173576 -7428452 38830396 
v -69096696 -7826677.5 38842348 
v -69359296 -7962141.5 38730816 
v -69737656 -8222305.5 38513728 
v -70199800 -8696613 38209012 
v -70596296 -9397313 37904292 
v -70715504 -10108403 37669280 
v -70715504 -10568237 37577668 
v -70674904 -10725598 37486052 
v -70627392 -10754546 37380496 
v -70550512 -10737103 37257016 
v -70249040 -10669185 37472112 
v -70322464 -10691453 37593600 
v -70369976 -10660278 37691188 
v -70408848 -10531866 37784796 
v -70405392 -10139207 37872428 
v -70298272 -9550962 38051672 
v -69988160 -8984984 38304608 
v -69595984 -8586016 38559536 
v -69257368 -8352573 38754716 
v -69014632 -8231584 38850312 
v -69969160 -10598299 37669280 
v -68936888 -8631294 38842348 
v -69158024 -8727789 38766664 
v -69458640 -8924860 38605344 
v -69781704 -9250344 38396224 
v -70024440 -9697930 38189096 
v -70127240 -10170383 38051672 
v -70131560 -10490299 37972008 
v -70093552 -10596814 37886368 
v -70043448 -10624278 37792764 
v -69709144 -10521103 37850520 
v -69782568 -10549309 37977984 
v -69456048 -10429805 38023792 
v -69531200 -10456155 38157228 
v -69203808 -10309557 38191088 
v -69282416 -10332939 38330500 
v -68974896 -10144403 38342448 
v -69839584 -10527041 38073580 
v -69881912 -10433145 38137312 
v -69887096 -10194506 38199052 
v -69600304 -10437598 38256808 
v -69367072 -10304362 38438048 
v -69040544 -10175578 38493812 
v -68800400 -9910961 38465928 
v -68852232 -9930260 38607336 
v -69145064 -10118795 38595384 
v -69459496 -10179661 38451988 
v -69660768 -10343331 38294652 
v -69713464 -10205640 38302616 
v -69785160 -9845270 38314568 
v -69590800 -10004857 38412156 
v -69264272 -9971084 38595384 
v -68957616 -9887579 38710900 
v -68764984 -9625188 38669076 
v -68705376 -9612941 38551568 
v -68672552 -9296364 38603352 
v -68729568 -9309354 38726832 
v -68675144 -8956407 38631236 
v -68744248 -8967912 38768656 
v -68710560 -8578964 38641192 
v -68790032 -8590469 38790564 
v -68854824 -8177027.5 38802512 
v -68764984 -8156244 38645176 
v -68929976 -7763214 38798532 
v -68823720 -7735379 38647168 
v -68995624 -7362761.5 38798532 
v -68880736 -7340864.5 38647168 
v -69059552 -6919257.5 38806496 
v -68945520 -6904041 38647168 
v -69149384 -6362558 38780604 
v -69030176 -6348455 38639200 
v -69248728 -5675962 38746748 
v -69146792 -5651467 38597376 
v -69364480 -4914026 38663100 
v -69274640 -4899923 38523688 
v -69500960 -4078976.75 38549576 
v -69436176 -4042234.5 38428088 
v -69703096 -3346360.25 38404188 
v -69660768 -3308504.5 38280708 
v -69957928 -2881701.75 38284692 
v -69886232 -2863516 38131336 
v -70182520 -2615599.25 37960060 
v -70285320 -2600011.75 38145280 
v -70762152 -2562898.5 37842552 
v -70667992 -2561785 37673264 
v -71276992 -2608547.75 37280916 
v -71950776 -2697248.5 36814876 
v -72672072 -2813413.25 36293072 
v -70823480 -2640465.25 37964040 
v -70390704 -2736217.5 38224944 
v -68873824 -8998345 38838364 
v -69075096 -9074427 38782596 
v -68838408 -9327540 38804504 
v -68854824 -9614425 38750732 
v -69086328 -9756569 38704924 
v -69405944 -9753971 38547588 
v -69583024 -9504570 38475888 
v -69326472 -9240694 38645176 
v -69005128 -9376158 38778616 
v -68963664 -9588075 38764672 
v -69200352 -9528323 38675048 
v -75279104 -4597078.5 -23051228 
v -75981392 -4575552.5 -21810450 
v -77087096 -4633820.5 -20713066 
v -76383072 -4797861.5 -22983514 
v -77829120 -5019056.5 -22794310 
v -79216424 -5239509.5 -22471668 
v -80295344 -5400210 -22045460 
v -80925936 -5487797.5 -21631204 
v -81259376 -5528622 -21350386 
v -81535800 -5562024 -21093466 
v -81827776 -5599508.5 -20796714 
v -82145664 -5644415.5 -20488014 
v -82466144 -5691549.5 -20167362 
v -82792672 -5742395 -19838746 
v -83123512 -5797322.5 -19506146 
v -83460408 -5858188.5 -19169562 
v -83797304 -5923879 -18825012 
v -84137648 -5994023 -18474486 
v -84478000 -6067136 -18119978 
v -84819208 -6142105 -17767460 
v -85149192 -6217074 -17416936 
v -85476584 -6290929.5 -17066410 
v -85804832 -6364785 -16717877 
v -86132224 -6440125 -16371335 
v -86459616 -6516578 -16024793 
v -86787008 -6596743 -15674268 
v -87113536 -6680990 -15321751 
v -87438328 -6768577.5 -14969235 
v -87755352 -6856907 -14614726 
v -88067200 -6945237 -14260218 
v -88373856 -7032824 -13909693 
v -88671880 -7117813.5 -13557176 
v -88972488 -7203545.5 -13206651 
v -89273960 -7291504 -12856126 
v -89566800 -7379833.5 -12493651 
v -89857912 -7471132.5 -12115243 
v -90152472 -7568740.5 -11732852 
v -90440128 -7666348.5 -11336520 
v -90725192 -7764327.5 -10934213 
v -91007664 -7862306.5 -10527922 
v -91283224 -7956945.5 -10119640 
v -91544968 -8049357.5 -9711358 
v -91804976 -8138429.5 -9299093 
v -92064992 -8227501.5 -8882844 
v -92321544 -8316202 -8454646 
v -92572920 -8405274 -8018481 
v -92815656 -8494717 -7572358 
v -93047160 -8581933 -7120260.5 
v -93270024 -8667294 -6666171 
v -93489440 -8748572 -6216065 
v -93706264 -8822799 -5771933.5 
v -93914440 -8890716 -5337760.5 
v -94112256 -8954922 -4907570.5 
v -94296256 -9015788 -4477380.5 
v -94467288 -9075540 -4045199 
v -94627960 -9133808 -3605051 
v -94782592 -9189849 -3154945 
v -94934624 -9243664 -2692889 
v -95080608 -9298220 -2216891.75 
v -95226592 -9342385 -1730936.625 
v -95368264 -9382838 -1242989.625 
v -95501296 -9418096 -753051.1875 
v -95623096 -9450385 -267095.875 
v -95732800 -9480075 218859.40625 
v -95826088 -9507539 706806.3125 
v -95903832 -9533147 1194753.25 
v -95974672 -9555415 1682700.125 
v -96043776 -9572858 2168655.5 
v -96115472 -9586590 2656602.25 
v -96182856 -9598096 3148532.5 
v -96237272 -9607003 3644445.75 
v -96275280 -9615910 4148325.75 
v -96302920 -9622961 4654197 
v -96322792 -9629642 5162060 
v -95963440 -9465972 3178406.75 
v -96023048 -9475622 3670336.75 
v -96068824 -9483415 4168241.75 
v -96101656 -9491580 4668138.5 
v -95891744 -9452983 2690459.75 
v -95818320 -9438137 2204504.5 
v -95744024 -9416983 1720540.875 
v -95663696 -9392859 1238568.875 
v -95575584 -9365395 756596.8125 
v -95475376 -9336447 274624.75 
v -95362216 -9306385 -205355.65625 
v -95236096 -9275210 -687327.6875 
v -95097888 -9241066 -1169299.75 
v -94953624 -9204695 -1649280.125 
v -94802456 -9159416 -2125277.25 
v -94650424 -9105973 -2591316.5 
v -94494072 -9049561 -3047397.5 
v -94332536 -8991664 -3489537 
v -94164088 -8933396 -3921718.5 
v -93988728 -8875500 -4347925.5 
v -93800416 -8815376 -4772140.5 
v -93604328 -8753026 -5196355.5 
v -93396144 -8686222 -5624553.5 
v -93180192 -8613480 -6060718.5 
v -92953864 -8532944 -6498875 
v -92724952 -8449810 -6939023 
v -92489128 -8363707 -7375187.5 
v -92244664 -8276862 -7805377.5 
v -91993288 -8191501.5 -8227601 
v -91735008 -8107254.5 -8639866 
v -91468088 -8022636 -9042174 
v -91200296 -7938760 -9442489 
v -90924736 -7853028 -9836830 
v -90640536 -7762100.5 -10223204 
v -90348568 -7668946 -10607587 
v -90052272 -7575049.5 -10984003 
v -89755112 -7483008.5 -11356436 
v -89456232 -7393194.5 -11722894 
v -89155616 -7307091.5 -12079394 
v -88852416 -7222844.5 -12425936 
v -88541440 -7139710.5 -12764511 
v -88229600 -7056948 -13101095 
v -87917752 -6974556.5 -13439671 
v -87596408 -6891051.5 -13778246 
v -87267296 -6807175.5 -14120805 
v -86933856 -6722557 -14465355 
v -86596096 -6638310 -14813888 
v -86257480 -6555547 -15164413 
v -85918856 -6474640 -15514939 
v -85580240 -6394846.5 -15863472 
v -85242480 -6315424 -16213997 
v -84904728 -6236373 -16566514 
v -84565240 -6157692.5 -16921022 
v -84221440 -6080126 -17279514 
v -83874184 -6002930 -17643980 
v -83525192 -5927590 -18012430 
v -83178800 -5855219 -18380880 
v -82837592 -5786559.5 -18745346 
v -82506744 -5721611.5 -19105830 
v -82188856 -5660003.5 -19464322 
v -81887376 -5601735.5 -19820822 
v -81598000 -5547550 -20171346 
v -81322440 -5498189.5 -20509922 
v -81068472 -5456251.5 -20830572 
v -80832648 -5420993.5 -21125332 
v -80574360 -5387591.5 -21440008 
v -80236608 -5348994 -21792524 
v -79390056 -5214272.5 -21910030 
v -78146144 -5023139 -21975754 
v -77005896 -4855387 -21943888 
v -76305328 -4714356.5 -21864224 
v -77198528 -4752212 -20752900 
v -77367840 -4856871.5 -20824598 
v -77772968 -4985654.5 -20960028 
v -78610016 -5102190.5 -21135290 
v -79690664 -5247303.5 -21298604 
v -79973136 -5295922 -20840530 
v -80231424 -5344911.5 -20472080 
v -80494024 -5397241 -20113590 
v -80773904 -5454766.5 -19745140 
v -81073656 -5516746 -19372706 
v -81390680 -5582436.5 -19000274 
v -81724976 -5652209.5 -18625850 
v -82072240 -5724951.5 -18247442 
v -82430728 -5800662.5 -17869034 
v -82795264 -5878971.5 -17486642 
v -83162384 -5958765.5 -17106242 
v -83526920 -6039301 -16729827 
v -83887136 -6120208 -16361377 
v -84240440 -6201115 -15994919 
v -84589432 -6281651 -15634436 
v -84936688 -6362558 -15277936 
v -85283944 -6443465 -14921436 
v -85629480 -6524743 -14560953 
v -85975008 -6606392.5 -14202461 
v -86317944 -6689526 -13843969 
v -86655704 -6774144.5 -13489461 
v -86985688 -6858020.5 -13138936 
v -87307896 -6940783.5 -12794386 
v -87622328 -7021690 -12451827 
v -87932440 -7101855 -12115243 
v -88239960 -7180906.5 -11776668 
v -88541440 -7259957.5 -11434109 
v -88839456 -7339380 -11085576 
v -89135752 -7420287 -10733059 
v -89429456 -7503421 -10376559 
v -89720560 -7586183.5 -10014084 
v -90008216 -7668204 -9649618 
v -90289824 -7748740 -9279176 
v -90563656 -7827791 -8898777 
v -90832304 -7905358 -8512403 
v -91094912 -7982924.5 -8124037 
v -91351464 -8060120.5 -7733679.5 
v -91601112 -8138800.5 -7337347 
v -91844712 -8218223 -6937031.5 
v -92079672 -8296532 -6528749 
v -92307728 -8372614.5 -6114492 
v -92528000 -8443872 -5696252 
v -92739640 -8511047 -5278012 
v -92940912 -8572655 -4863755 
v -93132680 -8630552 -4449498 
v -93316672 -8686222 -4039224.25 
v -93494624 -8740407 -3628950.5 
v -93666520 -8794593 -3210710.25 
v -93833240 -8848036 -2784503.5 
v -93994776 -8899623 -2346347.25 
v -94152856 -8947871 -1900224.25 
v -94307480 -8991664 -1444143.25 
v -94454336 -9029520 -980095.8125 
v -94594272 -9062179 -516048.375 
v -94724712 -9091870 -50009.30078125 
v -94847376 -9120076 416029.78125 
v -94960536 -9148653 882068.875 
v -95065920 -9176860 1350099.5 
v -95160944 -9202839 1822113.5 
v -95248192 -9224736 2294127.5 
v -95328528 -9242179 2770124.5 
v -95404544 -9255911 3248113.5 
v -95471056 -9265560 3728093.75 
v -95527208 -9272241 4214049 
v -95570400 -9278921 4701996 
v -95603224 -9286715 5193926 
v -96123248 -9499374 5172018.5 
v -95625680 -9293766 5687848 
v -96137936 -9505683 5675898 
v -95633456 -9295622 6181769.5 
v -95623952 -9290055 6673700 
v -95601496 -9281519 7165630 
v -95568672 -9274096 7655568.5 
v -95522888 -9267045 8139532 
v -95464144 -9257395 8621504 
v -95398496 -9245519 9101485 
v -95325072 -9229189 9577482 
v -95246464 -9207664 10051487 
v -95159216 -9182427 10523501 
v -95065056 -9154963 10993524 
v -94961400 -9126014 11461554 
v -94850832 -9098179 11929585 
v -94733352 -9069973 12395624 
v -94605504 -9038798 12863655 
v -94471608 -9003912 13329694 
v -94330808 -8963829 13791750 
v -94183960 -8917809 14245839 
v -94036240 -8868819 14691962 
v -93885936 -8817603 15128127 
v -93730448 -8765644 15552342 
v -93568048 -8712943 15970582 
v -93397872 -8659129 16386831 
v -93221656 -8603459 16805070 
v -93039384 -8545191 17227294 
v -92843296 -8481356 17653500 
v -92639432 -8412326 18081700 
v -92427800 -8338841.5 18507906 
v -92207520 -8261274.5 18930130 
v -91978608 -8181852 19346378 
v -91743648 -8103172 19756652 
v -91500912 -8024862.5 20160950 
v -91252128 -7947296 20563258 
v -90997296 -7869358 20961582 
v -90739880 -7791420 21359906 
v -90476408 -7711626.5 21752254 
v -90205168 -7629606 22138630 
v -89928744 -7546101 22517036 
v -89647136 -7461483 22891462 
v -89358616 -7377607 23257920 
v -89067512 -7295215.5 23620394 
v -88774672 -7214679.5 23976894 
v -88474920 -7134514.5 24325428 
v -88165672 -7054350 24662012 
v -87844328 -6973814 24986646 
v -87510896 -6891793.5 25301322 
v -87167088 -6808660 25617990 
v -86817240 -6724041.5 25942624 
v -86460480 -6639052 26271240 
v -86100264 -6556289.5 26605832 
v -85742640 -6474269 26946400 
v -85389336 -6392620 27290950 
v -85040344 -6312084 27643466 
v -84695680 -6231177 28001958 
v -84352744 -6151012 28370408 
v -84008072 -6070847.5 28744832 
v -83657360 -5990683 29127224 
v -83304920 -5910889 29515590 
v -82954208 -5832951.5 29905948 
v -82607808 -5756498 30296304 
v -82268328 -5683013.5 30680688 
v -81939208 -5612498 31063078 
v -81620456 -5544952 31439494 
v -80937168 -5485942 31027230 
v -80584728 -5398725.5 30770310 
v -80455152 -5306684.5 30640854 
v -80073344 -5236911.5 30999346 
v -80005096 -5152293.5 30911716 
v -79977456 -5019427.5 30859934 
v -79972272 -4793036.5 30816118 
v -79980912 -4531759 30784252 
v -79966224 -4363635.5 30746410 
v -79938584 -4289780 30708570 
v -79892800 -4256378.5 30662762 
v -79820240 -4248213.5 30593056 
v -79724360 -4262687.5 30495466 
v -80107896 -4347306 30138966 
v -80206368 -4331347 30234564 
v -80280664 -4337285.5 30306262 
v -80324712 -4371058.5 30352070 
v -80350632 -4446027 30387920 
v -80365312 -4609697 30429744 
v -80355816 -4865036.5 30461610 
v -80361000 -5088829.5 30507416 
v -80387776 -5221695 30557206 
v -80767856 -5295922 30198716 
v -80836104 -5380540 30278380 
v -80961360 -5468127.5 30403852 
v -81288744 -5556086 30650812 
v -81647232 -5630312.5 30270414 
v -82011768 -5707508.5 29886030 
v -82379760 -5786931 29493682 
v -82749480 -5867466.5 29097350 
v -83117472 -5948002.5 28701018 
v -83479416 -6027054 28310660 
v -83831856 -6104249.5 27926276 
v -84179112 -6181074 27545878 
v -84522048 -6257898.5 27171452 
v -84866720 -6336950 26803004 
v -85201880 -6417485.5 26428578 
v -85539640 -6499877.5 26056146 
v -85883440 -6583382 25689688 
v -86224656 -6666145 25329204 
v -86562408 -6746309.5 24978680 
v -86894120 -6825732 24638112 
v -87216328 -6905897 24303520 
v -87529896 -6987546 23970920 
v -87833968 -7069195.5 23632344 
v -88125072 -7148246.5 23281820 
v -88406680 -7224700 22917352 
v -88685696 -7300040 22552886 
v -88959528 -7373895.5 22184436 
v -89228184 -7447008.5 21810012 
v -89489920 -7520864 21435588 
v -89748208 -7596946.5 21061162 
v -90002168 -7673028.5 20680764 
v -90250088 -7747997.5 20296380 
v -90492824 -7819997.5 19910006 
v -90727784 -7889770.5 19521640 
v -90954968 -7957316.5 19129292 
v -91174384 -8022636 18736942 
v -91389480 -8086471 18342602 
v -91594200 -8151790 17942286 
v -91790288 -8215254 17537986 
v -91982064 -8276862 17135680 
v -92163464 -8335130 16729389 
v -92331912 -8387831 16325090 
v -92490856 -8436820 15922783 
v -92646344 -8483212 15522467 
v -92798376 -8527748 15124143 
v -92946096 -8570799 14719845 
v -93090352 -8613851 14305588 
v -93232880 -8655789 13885356 
v -93375416 -8696613 13457158 
v -93512760 -8734469 13020993 
v -93644928 -8769356 12578853 
v -93774504 -8801273 12138705 
v -93898896 -8830592 11696565 
v -94018104 -8857685 11254426 
v -94127808 -8883293 10808303 
v -94228872 -8908159 10358197 
v -94320440 -8931541 9904107 
v -94405096 -8951953 9448026 
v -94482840 -8969767 8987962 
v -94552808 -8984613 8527898 
v -94614144 -8996489 8063850.5 
v -94664248 -9005767 7597811.5 
v -94703984 -9012448 7127789 
v -94732488 -9017272 6655775 
v -94747168 -9020613 6181769.5 
v -94736808 -9018757 5705772.5 
v -94705704 -9014303 5233758.5 
v -94665968 -9008736 4761744.5 
v -94617600 -9002056 4291722.5 
v -94558856 -8992778 3825683.25 
v -94488888 -8980530 3363627.5 
v -94411144 -8965314 2901571.5 
v -94324760 -8946757 2445490.5 
v -94233192 -8925974 1989409.625 
v -94132128 -8902221 1539303.5 
v -94022424 -8877355 1091189 
v -93903216 -8851747 647057.6875 
v -93775368 -8823912 206909.6875 
v -93642336 -8793850 -235229.953125 
v -93504128 -8760819 -675378 
v -93361592 -8724448 -1113534.375 
v -93213016 -8684737 -1545715.875 
v -93060120 -8642428 -1967939.375 
v -92905496 -8598263 -2382196.25 
v -92747416 -8554098 -2786495.25 
v -92586744 -8509191 -3182827.5 
v -92421752 -8462429 -3577168.25 
v -92253304 -8413810 -3973500.75 
v -92077944 -8361851.5 -4369833 
v -91891360 -8305068 -4768157 
v -91693544 -8243460 -5162498 
v -91486224 -8178883 -5556838.5 
v -91273720 -8113192.5 -5949187.5 
v -91052584 -8047873 -6335562 
v -90823672 -7982553.5 -6717953 
v -90587848 -7915007.5 -7100344 
v -90347704 -7846348 -7480743.5 
v -90101512 -7775090 -7863134.5 
v -89849272 -7700863.5 -8241542.5 
v -89590128 -7624410 -8611984 
v -89322336 -7547585.5 -8974459 
v -89050232 -7472988 -9334942 
v -88775536 -7400617 -9697417 
v -88498248 -7327875 -10061883 
v -88220096 -7254019.5 -10426350 
v -87939352 -7179050.5 -10786833 
v -87654288 -7102597 -11141341 
v -87360584 -7024288 -11487883 
v -87059112 -6945608 -11836416 
v -86754184 -6868783.5 -12194908 
v -86441472 -6792330 -12561366 
v -86119264 -6714763.5 -12933799 
v -85786696 -6634598.5 -13308224 
v -85448072 -6552949.5 -13684640 
v -85107728 -6470557.5 -14063048 
v -84766512 -6388908.5 -14435481 
v -84420120 -6308372.5 -14805922 
v -84072000 -6230063.5 -15174372 
v -83716968 -6152868 -15542821 
v -83355024 -6074559 -15917246 
v -82984440 -5995507.5 -16295654 
v -82606944 -5914971.5 -16680036 
v -82225136 -5833322.5 -17068402 
v -81843320 -5752415.5 -17456768 
v -81464104 -5672993 -17839160 
v -81091792 -5596168.5 -18215576 
v -80726392 -5523426.5 -18588008 
v -80374816 -5454395.5 -18962432 
v -80035336 -5387591.5 -19338848 
v -79705352 -5322272 -19719248 
v -79376232 -5256581.5 -20105622 
v -79026384 -5186066.5 -20539796 
v -78378512 -5091798.5 -20292834 
v -80488840 -4432666.5 29778484 
v -78834616 -5170107.5 -19828788 
v -79236296 -5239138.5 -19438430 
v -79620696 -5304086.5 -19067988 
v -80001648 -5368664 -18703522 
v -80385184 -5436581 -18341048 
v -80772176 -5508581 -17976580 
v -81160904 -5584663.5 -17606140 
v -81550488 -5664457 -17227732 
v -81940936 -5746477.5 -16841358 
v -82328792 -5829611 -16451000 
v -82708880 -5912373.5 -16062634 
v -83079464 -5993652 -15678251 
v -83440536 -6072332 -15299844 
v -83793848 -6149899 -14925419 
v -84139376 -6227094.5 -14550995 
v -84479720 -6305032.5 -14176570 
v -84815752 -6384455 -13794179 
v -85148328 -6466475.5 -13403821 
v -85476584 -6549238 -13011472 
v -85797064 -6630887 -12619123 
v -86108040 -6708825 -12228766 
v -86409512 -6783423 -11846375 
v -86701488 -6855422.5 -11469958 
v -86985688 -6924824.5 -11103500 
v -87261248 -6993113 -10743017 
v -87529896 -7059546 -10378551 
v -87795952 -7127463 -10008109 
v -88057696 -7197978.5 -9633685 
v -88317704 -7268122.5 -9255277 
v -88573400 -7337153.5 -8878861 
v -88825640 -7405070.5 -8506428 
v -89075280 -7471503.5 -8137978 
v -89318016 -7535709.5 -7769528.5 
v -89553840 -7597688.5 -7395104 
v -89782760 -7659296.5 -7018687.5 
v -89997848 -7718678 -6634305 
v -90211216 -7780657 -6249922.5 
v -90421128 -7843007.5 -5867531.5 
v -90622400 -7902017.5 -5483148.5 
v -90816760 -7958430 -5096774.5 
v -91005936 -8011873 -4712391.5 
v -91183888 -8061976 -4326017.5 
v -91351464 -8109852 -3941634.75 
v -91494864 -8149934.5 -3547294 
v -91641712 -8192615 -3160919.75 
v -93267432 -8610139 2180605 
v -93354680 -8628325 2614778.25 
v -93437608 -8646882 3052934.75 
v -93512760 -8663583 3495074.25 
v -93578416 -8678057 3939205.5 
v -93636288 -8689562 4383337 
v -93685528 -8697727 4831451.5 
v -93726992 -8704407 5279566 
v -93758952 -8709974 5729672 
v -93770184 -8711830 6181769.5 
v -93756360 -8709232 6633867.5 
v -93728720 -8704407 7081982 
v -93688120 -8696242 7528105 
v -93637152 -8685108 7974227.5 
v -93578416 -8670634 8418359 
v -93511032 -8653562 8860499 
v -93437608 -8635005 9300647 
v -93358136 -8616449 9736811 
v -93271752 -8597521 10170985 
v -93180192 -8577480 10599183 
v -93081712 -8554841 11025390 
v -92976328 -8528861 11449605 
v -92857120 -8496202 11869836 
v -92743096 -8464655 12294051 
v -92623024 -8431996 12716275 
v -92499496 -8398965 13134515 
v -92371648 -8364078.5 13544789 
v -92236888 -8325480.5 13945104 
v -92106456 -8287625 14341437 
v -91974288 -8248656 14729803 
v -91838664 -8208202.5 15116177 
v -91700456 -8166635.5 15502551 
v -91570880 -8129151 15898884 
v -91419712 -8084244 16291233 
v -91255584 -8036368 16681590 
v -91081952 -7986265 17073940 
v -90902280 -7933935 17466288 
v -90713960 -7877152 17858638 
v -90516144 -7817770.5 18248996 
v -90314872 -7757647 18639352 
v -90109288 -7697152.5 19027718 
v -89895056 -7636657.5 19414092 
v -89669600 -7575049.5 19794492 
v -89437224 -7512699 20172900 
v -89198808 -7448493 20547324 
v -88955208 -7382802.5 20925732 
v -88708160 -7315627.5 21306132 
v -88455056 -7245854.5 21686532 
v -88195904 -7174968 22064940 
v -87933304 -7104082 22439364 
v -87668976 -7035051 22809806 
v -87389960 -6963422.5 23166306 
v -87104032 -6889567 23518822 
v -86811192 -6814227 23875322 
v -86512312 -6736289 24237796 
v -86206512 -6655011 24612222 
v -85894672 -6572248 24994612 
v -85575920 -6488743.5 25384970 
v -85251984 -6405609.5 25777318 
v -84924592 -6325073.5 26165684 
v -84596344 -6246764.5 26548076 
v -84262904 -6170311 26928476 
v -83923416 -6094229 27308874 
v -83577024 -6018146.5 27691266 
v -83221992 -5940580 28077640 
v -82856592 -5860415 28469990 
v -82482552 -5779137 28866322 
v -82102472 -5698230 29262654 
v -81721528 -5618436.5 29651020 
v -81340576 -5541612 30031420 
v -81217048 -5456993.5 29909930 
v -81147944 -5374231 29832258 
v -81120304 -5238767.5 29782466 
v -80741944 -5161943 30148924 
v -80735032 -4940376.5 30103118 
v -80743672 -4690604 30069260 
v -80729848 -4529903.5 30027436 
v -80707392 -4451965.5 29993578 
v -80664200 -4417079 29945780 
v -80589912 -4413367.5 29874082 
v -80870656 -4518398 29408042 
v -80974312 -4496501.5 29503640 
v -81255920 -4605985.5 29025652 
v -81048600 -4497986 29577330 
v -81090064 -4533986 29625128 
v -81109072 -4614150.5 29660978 
v -81121168 -4772995.5 29700810 
v -81492608 -4698397.5 29284562 
v -81475336 -4616377.5 29248712 
v -81435600 -4580377.5 29198922 
v -81361312 -4582233 29125232 
v -81643776 -4694686.5 28635294 
v -81750032 -4669820.5 28734874 
v -82028184 -4783016 28238962 
v -82135296 -4758521 28338542 
v -82403944 -4869490 27842628 
v -82511928 -4846108.5 27942210 
v -82211312 -4755923.5 28412232 
v -81824320 -4666851.5 28808564 
v -81864056 -4701366.5 28858356 
v -81881336 -4783016 28896196 
v -81501248 -4858356 29324394 
v -81113392 -5017943 29736660 
v -81495200 -5099592.5 29360244 
v -81886512 -4949283.5 28934036 
v -82272648 -4868747.5 28499864 
v -82252776 -4788583 28460032 
v -82632000 -4876170.5 28063698 
v -82589672 -4844624 28015900 
v -82874736 -4931098 27553844 
v -82764160 -4952995 27454262 
v -83110560 -5033531 27073864 
v -83222856 -5012747.5 27171452 
v -83445720 -5111097.5 26695456 
v -82953344 -4929984.5 27625542 
v -82997400 -4962273 27673342 
v -83302328 -5011634 27243152 
v -83558888 -5091056.5 26793046 
v -83772248 -5186808.5 26321032 
v -83886272 -5167138.5 26416628 
v -84093592 -5261406.5 25944614 
v -83640080 -5089572 26864744 
v -83346384 -5044293.5 27288958 
v -83021584 -5037613 27711182 
v -82655320 -4954479.5 28101540 
v -82273512 -5039098 28535712 
v -81880472 -5187180 28973868 
v -81501248 -5319674.5 29406050 
v -81530616 -5454766.5 29453850 
v -81600592 -5536416 29531522 
v -81984992 -5617323 29143156 
v -82369392 -5697859 28748816 
v -82746024 -5777281.5 28354476 
v -83113152 -5854848 27964118 
v -83468184 -5931301.5 27577744 
v -83814576 -6007012.5 27197344 
v -84151472 -6082724 26816944 
v -84479720 -6159919.5 26436546 
v -84803656 -6238228.5 26052162 
v -85125000 -6318022 25657822 
v -85442888 -6397815.5 25261490 
v -85754736 -6476124.5 24861174 
v -86057936 -6552207 24466832 
v -86351640 -6626062.5 24078468 
v -86635840 -6698433.5 23698068 
v -86910536 -6769691 23325634 
v -87178320 -6839464 22959176 
v -87439192 -6907752.5 22594710 
v -87694888 -6975298.5 22224268 
v -87947992 -7041731.5 21847852 
v -88195040 -7106308.5 21463470 
v -88436912 -7169401 21075104 
v -88671880 -7231751.5 20688730 
v -88900792 -7293359.5 20304348 
v -89122792 -7353483 19921956 
v -89338752 -7412122 19543548 
v -89548664 -7468534.5 19165140 
v -89753384 -7523833 18786732 
v -89951208 -7577647.5 18400358 
v -90142976 -7630719.5 18011992 
v -90326104 -7683791.5 17617652 
v -90499736 -7735379 17223310 
v -90664728 -7784739.5 16828970 
v -90821944 -7831873.5 16440604 
v -90973112 -7876038.5 16052238 
v -91115640 -7916121 15669847 
v -91252128 -7953605 15287456 
v -91383432 -7989605 14909049 
v -91508688 -8023749.5 14530641 
v -91629616 -8056780 14148250 
v -91744512 -8091295.5 13757892 
v -91856808 -8123955.5 13357577 
v -91966512 -8155501.5 12951286 
v -92073624 -8185192 12539021 
v -92178152 -8212656 12120781 
v -91793744 -7995914.5 12455373 
v -91697000 -7969935 12869630 
v -91597656 -7942471 13277912 
v -91494000 -7913894 13676236 
v -91386024 -7884203.5 14066593 
v -91273720 -7853028 14445001 
v -91156240 -7821110.5 14819426 
v -91031848 -7787709 15193850 
v -90901416 -7752080 15572258 
v -90763200 -7714966.5 15954649 
v -90618944 -7675997.5 16339032 
v -90466048 -7634802 16731381 
v -90305376 -7591379.5 17123730 
v -90137792 -7545359 17520062 
v -89960704 -7496740.5 17914404 
v -89776712 -7445895.5 18302768 
v -89585808 -7393565.5 18685160 
v -89388856 -7340493.5 19063568 
v -89184128 -7287792.5 19437992 
v -88973352 -7233607 19816400 
v -88755664 -7178308.5 20198792 
v -88531936 -7121525 20585166 
v -88301296 -7062886 20975524 
v -88065472 -7002020 21363888 
v -87824464 -6938556.5 21748272 
v -87580000 -6873608 22128672 
v -87333808 -6807917.5 22501104 
v -87080704 -6743340.5 22871546 
v -86819832 -6678763.5 23241986 
v -86550320 -6611588.5 23618402 
v -86270440 -6542186.5 24000794 
v -85980192 -6470186.5 24391152 
v -85678712 -6395217.5 24789476 
v -85368600 -6317280 25189790 
v -85052440 -6237857.5 25590106 
v -84732824 -6158435 25982456 
v -84412344 -6079012.5 26366838 
v -84085816 -6002930 26747238 
v -83749792 -5927961.5 27125646 
v -83404256 -5852992.5 27506046 
v -83048360 -5776910 27888436 
v -82680376 -5698972 28278794 
v -82302016 -5619178.5 28673134 
v -81915888 -5536787 29067476 
v -81885648 -5404664 29017684 
v -82265736 -5276994 28577536 
v -82655320 -5124087 28139380 
v -83024176 -5204252 27751014 
v -83372296 -5118149 27328790 
v -83684136 -5122602.5 26910550 
v -83968336 -5164540.5 26486336 
v -84207616 -5241736.5 26038222 
v -84410616 -5334891 25562224 
v -84526368 -5315592 25653838 
v -84728504 -5408375 25171866 
v -84843392 -5390560.5 25261490 
v -85043800 -5481859.5 24773542 
v -85158688 -5465900.5 24861174 
v -85468808 -5540498.5 24460858 
v -85354784 -5554230.5 24373226 
v -85768552 -5612127 24062534 
v -85653664 -5624003.5 23976894 
v -86054480 -5680044.5 23676160 
v -85937864 -5690807.5 23590520 
v -85851480 -5613983 24126266 
v -85552600 -5538643 24526582 
v -85243344 -5461447 24930880 
v -84928048 -5385365 25331196 
v -84610160 -5311138.5 25723546 
v -84291408 -5238025 26107928 
v -84014120 -5198314 26532142 
v -83710920 -5196087 26948392 
v -83379208 -5281447.5 27368624 
v -83721280 -5357158.5 26990216 
v -84040032 -5272169.5 26569984 
v -84337192 -5271427 26153736 
v -84656808 -5344169 25771344 
v -84363968 -5346767 26191576 
v -84052128 -5433612 26611808 
v -83710920 -5595426 27026064 
v -83366248 -5520086 27404472 
v -83012080 -5443632.5 27788856 
v -82644952 -5362725.5 28181204 
v -82270920 -5491138 28621352 
v -82650136 -5573529.5 28227012 
v -83019856 -5652580.5 27838646 
v -83376616 -5728291.5 27456254 
v -83722144 -5803260.5 27075856 
v -84057312 -5878600.5 26699438 
v -84382976 -5954683 26321032 
v -84702592 -6031507.5 25936648 
v -85019616 -6109074 25542308 
v -85333184 -6188125.5 25141992 
v -85642432 -6264579 24739684 
v -85943048 -6337692 24341360 
v -86233296 -6405980.5 23949012 
v -86511448 -6469815.5 23566620 
v -86779232 -6536990.5 23190204 
v -87036648 -6604537 22817772 
v -87284568 -6671340.5 22445338 
v -87525576 -6735546.5 22070914 
v -87762264 -6801979.5 21688524 
v -87995496 -6869897 21300158 
v -88227008 -6936329.5 20911792 
v -88454192 -6999422.5 20523426 
v -88676192 -7058803.5 20135060 
v -88890424 -7114844.5 19752668 
v -88655464 -6855794 20093236 
v -88438640 -6791588 20483592 
v -88214912 -6719959 20873950 
v -87986000 -6647217 21262316 
v -87751904 -6575217.5 21648690 
v -87513488 -6507300 22027098 
v -87273344 -6441609.5 22403514 
v -87027152 -6373321 22773956 
v -87275072 -6198146 22365674 
v -87515208 -6264950 21993240 
v -87751904 -6333238.5 21612842 
v -87984272 -6403382.5 21226468 
v -88212320 -6473155.5 20838102 
v -88436048 -6543300 20445752 
v -88653736 -6604165.5 20053402 
v -88865376 -6913690.5 19708852 
v -89067512 -6967505 19330444 
v -89096016 -7169030 19374260 
v -89294696 -7222102 18999836 
v -89485600 -7274060.5 18625412 
v -89669600 -7325648 18245012 
v -89845816 -7378349 17854654 
v -90017720 -7426225 17460314 
v -90182712 -7471503.5 17063982 
v -90339928 -7513070.5 16669641 
v -90489368 -7552039.5 16279283 
v -90631896 -7588410.5 15892909 
v -90766656 -7622554.5 15514501 
v -90894504 -7654843 15138085 
v -91016304 -7684534 14767644 
v -91130328 -7713111 14397202 
v -91236576 -7742430.5 14020786 
v -91339376 -7770636.5 13632420 
v -91438712 -7797729.5 13234096 
v -91534600 -7822966.5 12825814 
v -91627032 -7845976.5 12411557 
v -91716000 -7867131 11993317 
v -91887040 -8020780.5 12039124 
v -92279216 -8238264 11704532 
v -92378560 -8262388 11288283 
v -92472712 -8285027 10874026 
v -92559960 -8305068 10459769 
v -92641160 -8325480.5 10043521 
v -92715448 -8344037 9621297 
v -92784560 -8361480.5 9197082 
v -92848480 -8377810 8766892 
v -92907224 -8391913 8336702.5 
v -92959912 -8404532 7904521 
v -93004832 -8415295 7474331 
v -93041112 -8423831 7044141 
v -93066168 -8429027 6613951 
v -93077392 -8431253 6179778 
v -93067032 -8429027 5747596.5 
v -93039384 -8423831 5315415 
v -93002240 -8416779 4885225 
v -92956456 -8407501 4455035 
v -92902904 -8396738 4022853.5 
v -92842432 -8384119.5 3590672 
v -92775920 -8369645.5 3160482.25 
v -92702496 -8352944.5 2734275.5 
v -92416568 -8156986 3222222.25 
v -92477896 -8170718 3648429 
v -92534048 -8183707.5 4076627.25 
v -92585016 -8194841.5 4500842.5 
v -92629928 -8204120 4921074 
v -92665352 -8211914 5341306 
v -92689536 -8217481 5759546 
v -92698176 -8219707.5 6179778 
v -92689536 -8218223 6598018.5 
v -92666216 -8212656 7018250 
v -92630792 -8203749 7438482 
v -92589328 -8193357 7860705.5 
v -92540960 -8181109.5 8284920.5 
v -92488264 -8167749 8711127 
v -92430384 -8152532.5 9137334 
v -92368192 -8136945 9557566 
v -92299952 -8120986 9973814 
v -92225664 -8103914 10386080 
v -92147056 -8085728.5 10796353 
v -92064128 -8066058.5 11208619 
v -91977744 -8044533 11622876 
v -91801520 -7887543.5 11577068 
v -91882720 -7906100 11162811 
v -91960464 -7923172.5 10752538 
v -92032160 -7939873.5 10344255 
v -92097816 -7955089.5 9935973 
v -92160008 -7969564 9521716 
v -92217888 -7982924.5 9101485 
v -92270576 -7994801 8675278 
v -92318952 -8006306 8251063 
v -92363008 -8016326.5 7826848 
v -92401016 -8025605 7410599 
v -92432112 -8033027.5 6996342.5 
v -92453712 -8037852.5 6586068.5 
v -92461488 -8038966 6177786.5 
v -92454576 -8037110 5769504.5 
v -92432112 -8031914.5 5359230.5 
v -92398424 -8025234 4948957 
v -92357824 -8016698 4532708.5 
v -92311176 -8007048.5 4112476.5 
v -92259352 -7996285.5 3688261.5 
v -92202336 -7984409.5 3260063.25 
v -92135824 -7840038.5 8653370 
v -92085720 -7827420 9077585 
v -92033024 -7812574.5 9499809 
v -91978608 -7797358 9912074 
v -91916408 -7782884 10320356 
v -91849032 -7766925.5 10728638 
v -91775608 -7749111 11136920 
v -91697864 -7729812 11549186 
v -91614936 -7708286.5 11965434 
v -91529416 -7685647 12383674 
v -91439576 -7658925.5 12799923 
v -91349736 -7629235 13210197 
v -91256448 -7601029 13606529 
v -91157968 -7572823 13992903 
v -91055176 -7544245.5 14365336 
v -90944608 -7515297 14733786 
v -90826264 -7484122 15102236 
v -90700144 -7452204.5 15474669 
v -90566248 -7417689 15853076 
v -90425448 -7376122.5 16237459 
v -90279456 -7333442 16629808 
v -90128288 -7285937 17024148 
v -89969344 -7233978.5 17420482 
v -89801760 -7180535 17814822 
v -89627272 -7126350 18201196 
v -89448456 -7073277.5 18581596 
v -89261872 -7022061.5 18956020 
v -89064056 -6708825 19288620 
v -88863648 -6658351 19667028 
v -88855008 -6457568 19631180 
v -88645096 -6405238.5 20015562 
v -89052824 -6507671 19250780 
v -89254960 -6759299 18916188 
v -89436360 -6810886.5 18539772 
v -89239408 -6556289.5 18878348 
v -89013952 -6415630 19216922 
v -88817864 -6364413.5 19595330 
v -88611408 -6310228.5 19979714 
v -88394584 -6254558.5 20372062 
v -88423960 -6351424 20407912 
v -88169128 -6198517.5 20768394 
v -88195040 -6293898.5 20800260 
v -87937624 -6141734 21158752 
v -87961808 -6235259.5 21188626 
v -87726848 -6173280 21575000 
v -87700936 -6083837 21545126 
v -87489296 -6109445.5 21953408 
v -87250880 -6045239.5 22327834 
v -87029744 -6132455.5 22736116 
v -86772320 -6306888 23146388 
v -86506264 -6242682 23520814 
v -86228112 -6180331.5 23903204 
v -85937864 -6115754.5 24295554 
v -85634664 -6046724 24693878 
v -85321952 -5973982 25094194 
v -85004064 -5899755 25492518 
v -84686176 -5826271 25884866 
v -84366560 -5749446.5 26269248 
v -84044352 -5671508.5 26649648 
v -84374336 -5511179 26231408 
v -84692224 -5588374.5 25847026 
v -85007520 -5664085.5 25452684 
v -85322816 -5737941 25050378 
v -85634664 -5810312 24648070 
v -85939592 -5879343 24249746 
v -86231568 -5942064.5 23859388 
v -86509720 -6004043.5 23478990 
v -86774912 -6067507.5 23106556 
v -87007280 -5981404.5 22696282 
v -86754184 -5917569.5 23064732 
v -86490712 -5852621.5 23437166 
v -86216880 -5785817.5 23815574 
v -85929224 -5716044.5 24207922 
v -85628616 -5643302.5 24610230 
v -85318496 -5569075.5 25014528 
v -85002336 -5495220 25416836 
v -84683584 -5420993.5 25809184 
v -84974696 -5417282.5 25378994 
v -85291720 -5491509 24976688 
v -85601832 -5566106.5 24572388 
v -85901584 -5639591 24170082 
v -86188376 -5711219.5 23781716 
v -86460480 -5779508 23401316 
v -86722216 -5844827.5 23030874 
v -86975320 -5905693.5 22664416 
v -87221512 -5965074.5 22295968 
v -87462520 -6024456 21923534 
v -87650832 -6040785.5 21505294 
v -87411552 -5984744.5 21885694 
v -87168816 -5928703.5 22256134 
v -86922624 -5872291.5 22622592 
v -86670392 -5813652.5 22991042 
v -86409512 -5752044.5 23359492 
v -86137408 -5685611.5 23737900 
v -86325720 -5744250.5 23299744 
v -86585736 -5805487.5 22931294 
v -86836240 -5864497.5 22564836 
v -87080704 -5922023 22198378 
v -87321712 -5978806.5 21825944 
v -87560128 -6035961 21447536 
v -87887520 -6097569 21118920 
v -88118160 -6155466 20728562 
v -88342760 -6214105 20334222 
v -88558712 -6270888 19943864 
v -88764304 -6325073.5 19557490 
v -88958664 -6375919 19181074 
v -89200536 -6463506 18842498 
v -89419952 -6604537 18503922 
v -89596168 -6651670.5 18125514 
v -89609128 -6864701 18159372 
v -89775848 -6919628.5 17771006 
v -89939112 -6974185 17378658 
v -90100648 -7027999.5 16984316 
v -90257000 -7078102.5 16591967 
v -90406440 -7123380.5 16203602 
v -90546384 -7163092 15819219 
v -90677680 -7198349.5 15442803 
v -90799480 -7230638 15072361 
v -90914368 -7262555.5 14705903 
v -91020624 -7292617.5 14339445 
v -91121688 -7322308 13969004 
v -91219304 -7350514 13586613 
v -91314320 -7378720 13192272 
v -91405888 -7409524 12783990 
v -91494864 -7439215 12367741 
v -91578656 -7463709.5 11947510 
v -91657264 -7484864 11529269 
v -91731552 -7504905.5 11117004 
v -91802384 -7523091 10710714 
v -91866312 -7540163 10304423 
v -91924184 -7556493 9898133 
v -91979472 -7573565 9483876 
v -92030432 -7592121.5 9063644 
v -92001064 -7310060.5 9051694 
v -86206512 -5754271 23214104 
v -86463936 -5815508 22847646 
v -91955280 -7290019.5 9471926 
v -91903456 -7273318.5 9884191 
v -91847304 -7258102 10290482 
v -91784248 -7242885.5 10694781 
v -91714272 -7227298 11101071 
v -91637392 -7210968 11511345 
v -91554464 -7195009.5 11927593 
v -91468088 -7176824 12347825 
v -91377384 -7150102.5 12766065 
v -91286680 -7124123 13172356 
v -91192520 -7098143.5 13564705 
v -91096640 -7070680 13945104 
v -90995568 -7042845 14313554 
v -90889320 -7014267.5 14676029 
v -90775296 -6984948 15040495 
v -90653496 -6954515 15406954 
v -90523056 -6920742 15781378 
v -90384848 -6883257.5 16165761 
v -90242312 -6842433 16558110 
v -90092008 -6796041.5 16954442 
v -89933928 -6745938.5 17348784 
v -89768072 -6698804.5 17739140 
v -89555568 -6550722.5 18091658 
v -89726608 -6591547 17707274 
v -89893328 -6632000.5 17314926 
v -90054000 -6671712 16920584 
v -90206896 -6711052 16526244 
v -90352016 -6748907.5 16133895 
v -90487640 -6784907.5 15751504 
v -90615488 -6818309.5 15377079 
v -90734696 -6848000 15012613 
v -90848720 -6873979.5 14652130 
v -90952376 -6899958.5 14289655 
v -91053448 -6922969 13923197 
v -91151056 -6945237 13544789 
v -91248672 -6964536 13152440 
v -91344560 -6981979 12746149 
v -91436984 -6998680 12329901 
v -91524232 -7013896.5 11909669 
v -91604568 -7029113 11493420 
v -91677992 -7044329.5 11083146 
v -91744512 -7057690 10678848 
v -91807568 -7069195.5 10276540 
v -91866312 -7079216 9872242 
v -91921592 -7088494 9459976 
v -91973424 -7099257 9041736 
v -91858536 -7004618 9448026 
v -91802384 -7000164.5 9858300 
v -91743648 -6994226.5 10262599 
v -91680584 -6986432.5 10664906 
v -91613208 -6974927.5 11067214 
v -91539784 -6960082 11475496 
v -91461176 -6943381 11889753 
v -91376520 -6925195.5 12309984 
v -91286680 -6907381.5 12726233 
v -91192520 -6890309 13130532 
v -91094912 -6873608 13522881 
v -90995568 -6856536 13901289 
v -90892776 -6838721.5 14267747 
v -90786528 -6818309.5 14626238 
v -90674224 -6794185.5 14984730 
v -90555880 -6765608.5 15349197 
v -90428904 -6733320 15721629 
v -90294144 -6697691 16104021 
v -90149888 -6660578 16494378 
v -89997848 -6621980 16888718 
v -89837176 -6583382 17283060 
v -89670464 -6544784.5 17673418 
v -89498560 -6505815.5 18057800 
v -89324064 -6464991 18434216 
v -89380216 -6508413.5 18470066 
v -89144392 -6421939.5 18808640 
v -89047640 -6414516.5 18756858 
v -89225592 -6457939 18386418 
v -89400080 -6498764 18008010 
v -89571120 -6538104 17625618 
v -89736976 -6576702 17237252 
v -89897648 -6614928.5 16842912 
v -90050544 -6652042 16450562 
v -90194800 -6687670.5 16062196 
v -90330424 -6720330.5 15683789 
v -90456544 -6750392 15311356 
v -90574024 -6777113.5 14948881 
v -90684592 -6800866 14592381 
v -90789984 -6822392 14233889 
v -90891048 -6842062 13869423 
v -90989528 -6860618.5 13491015 
v -91085408 -6878804 13100658 
v -91178704 -6896989.5 12696359 
v -91267680 -6915175 12282102 
v -91352328 -6932247 11865853 
v -91430936 -6947835 11451596 
v -91502640 -6960453.5 11045306 
v -91569152 -6970845 10644990 
v -91631344 -6978639 10244674 
v -91689224 -6983834.5 9842367 
v -91519048 -6994226.5 9818468 
v -91462904 -6987175 10220775 
v -91403296 -6978639 10617107 
v -91338512 -6968618 11015431 
v -91268544 -6957113 11421722 
v -91190792 -6943381 11831996 
v -91107872 -6927793.5 12248244 
v -91018896 -6910350.5 12660510 
v -90926464 -6891422.5 13062817 
v -90830576 -6871752.5 13453174 
v -90732968 -6850969 13827599 
v -90632760 -6829443.5 14190074 
v -90529968 -6806804 14544582 
v -90421128 -6782309.5 14901082 
v -90305376 -6756330 15261565 
v -90180984 -6727753 15630015 
v -90047088 -6696949 16008423 
v -89903696 -6663176 16392805 
v -89751664 -6627176 16785154 
v -89591856 -6589320.5 17175512 
v -89427728 -6549609 17563878 
v -89258416 -6508042 17946270 
v -89085648 -6465362 18320694 
v -88908568 -6421197 18689144 
v -88862784 -6368496 19129292 
v -88725432 -6375547.5 19059584 
v -88669288 -6318764.5 19505708 
v -88464560 -6265692.5 19888098 
v -88249464 -6210022.5 20278456 
v -88025736 -6152125.5 20670806 
v -87795088 -6093858 21061162 
v -87429696 -6050806.5 21367872 
v -87192144 -5992167.5 21746280 
v -86954592 -5933899.5 22116722 
v -86711856 -5875260.5 22483180 
v -87662928 -6108703 20983490 
v -87892704 -6166228.5 20595124 
v -88115568 -6222270 20202774 
v -88329800 -6276084 19814408 
v -88532800 -6327300.5 19432018 
v -77868856 -4524707.5 -20004050 
v -77917232 -4758892.5 -20016000 
v -77989792 -4880995 -20065790 
v -78108136 -4974149.5 -20145456 
v -78625568 -5059881 -19681408 
v -79060072 -5133736.5 -19293042 
v -79466072 -5204252 -18930566 
v -79861704 -5274767 -18574066 
v -80252152 -5347509.5 -18219558 
v -80641744 -5423220.5 -17859076 
v -81032192 -5501900.5 -17490626 
v -81424368 -5582807.5 -17114210 
v -81817408 -5664828 -16727835 
v -82207856 -5746477.5 -16339469 
v -82589672 -5827013 -15951103 
v -82960256 -5905693.5 -15568712 
v -83320472 -5984002.5 -15190305 
v -83671184 -6061569 -14813888 
v -84012392 -6139507 -14439464 
v -84347560 -6218187.5 -14061056 
v -84679264 -6298352 -13676673 
v -85008384 -6378888 -13282333 
v -85333184 -6457939 -12884009 
v -85649344 -6534764 -12485685 
v -85955144 -6608248 -12087361 
v -86249704 -6679134.5 -11697003 
v -86534768 -6747423 -11312620 
v -86808600 -6813484.5 -10940187 
v -87072072 -6878062 -10571738 
v -87329488 -6941896.5 -10205280 
v -87585184 -7005731.5 -9830855 
v -87839144 -7069937.5 -9450456 
v -88088792 -7133401.5 -9066073 
v -88334120 -7196123 -8681690 
v -88572536 -7258102 -8299299.5 
v -88804040 -7319339 -7918900 
v -89029504 -7379462.5 -7544475.5 
v -89249776 -7438101.5 -7170051 
v -89464008 -7495256 -6795626 
v -89672184 -7550926 -6417218.5 
v -89874320 -7605482.5 -6032836 
v -90068688 -7659668 -5644470 
v -90253544 -7712740 -5252120.5 
v -90428904 -7764327.5 -4861763 
v -90597344 -7813317 -4473397.5 
v -90758016 -7859708.5 -4089014.75 
v -90911776 -7902017.5 -3706623.5 
v -91057768 -7940986.5 -3326224.25 
v -90701872 -7740203.5 -3605051 
v -90555016 -7701977 -3987442 
v -90401256 -7661894.5 -4373816.5 
v -90238856 -7619214.5 -4762182 
v -90067824 -7574307.5 -5154531.5 
v -89889008 -7526431 -5546880.5 
v -89702424 -7476328 -5939229.5 
v -89509792 -7423998.5 -6321620.5 
v -89309384 -7370555.5 -6698037 
v -89102928 -7316741 -7070470 
v -88888696 -7262926.5 -7442902.5 
v -88668424 -7207999 -7821310.5 
v -88441232 -7151215.5 -8201710 
v -88207136 -7092948 -8588084 
v -87967856 -7032824 -8974459 
v -87722528 -6970845 -9360833 
v -87474616 -6908123.5 -9745215 
v -87224968 -6845031 -10121632 
v -86974456 -6783051.5 -10490081 
v -86715312 -6722557 -10856539 
v -86444064 -6659093.5 -11232956 
v -86161592 -6594145 -11617338 
v -85868760 -6527341 -12011679 
v -85565552 -6456454.5 -12410003 
v -85251120 -6381114.5 -12810319 
v -84928048 -6302434.5 -13210634 
v -84600656 -6221156.5 -13604975 
v -84271544 -6140249.5 -13989358 
v -83939832 -6060456 -14367765 
v -83599488 -5984373.5 -14742190 
v -83248768 -5907920 -15116615 
v -82888552 -5830353.5 -15495022 
v -82517976 -5751302 -15877413 
v -82135296 -5670766 -16265779 
v -81743984 -5588374.5 -16654145 
v -81350080 -5505241 -17040520 
v -80957040 -5422849.5 -17416936 
v -80567448 -5341942.5 -17783394 
v -80179592 -5265118 -18143876 
v -79788280 -5191633.5 -18496394 
v -79390056 -5118891.5 -18846918 
v -78977144 -5046520.5 -19207402 
v -78530544 -4970438 -19595768 
v -78479584 -4843882 -19541994 
v -78458848 -4607099 -19510128 
v -78472672 -4321326.5 -19474280 
v -78953824 -4402976 -19065998 
v -78933088 -4678727.5 -19107822 
v -78938272 -4915881.5 -19151636 
v -79356368 -4987881.5 -18793146 
v -79756320 -5062850.5 -18442620 
v -80148496 -5138932.5 -18094086 
v -80536352 -5217984 -17735594 
v -80925072 -5300375.5 -17369136 
v -81315528 -5386478.5 -16990730 
v -81708568 -5474437 -16602363 
v -82099880 -5560539.5 -16212006 
v -82483416 -5642931 -15825631 
v -82854864 -5722353.5 -15445232 
v -83214216 -5799920.5 -15066824 
v -83563200 -5877487 -14692400 
v -83902688 -5954683 -14317975 
v -84232672 -6033363 -13941559 
v -84558336 -6113899 -13555185 
v -84881400 -6195548 -13160844 
v -85201880 -6273115 -12760528 
v -85514592 -6343630.5 -12360213 
v -85817792 -6405980.5 -11963880 
v -86110632 -6462021.5 -11571531 
v -86393104 -6518063 -11187148 
v -86664344 -6578186.5 -10810732 
v -86922624 -6639423.5 -10440291 
v -87172272 -6702144.5 -10069850 
v -87418464 -6766722 -9691442 
v -87660336 -6834639 -9305067 
v -87900480 -6902927.5 -8916702 
v -88137168 -6968989.5 -8530327 
v -88368672 -7032082 -8143953 
v -88592408 -7091092 -7761562 
v -88808360 -7146391 -7383154 
v -89015680 -7200205 -7008729.5 
v -89216088 -7253648.5 -6638288.5 
v -89409584 -7306349.5 -6263863.5 
v -89594440 -7359421.5 -5879481 
v -89774984 -7409524 -5489123.5 
v -89948616 -7456287 -5094783 
v -90116192 -7499709.5 -4700442 
v -90275136 -7540534 -4312076 
v -90426312 -7578018.5 -3925701.75 
v -90362384 -7419173.5 -3887861 
v -90340792 -7180906.5 -3859978.25 
v -90212944 -7376864.5 -4274235.5 
v -90058320 -7329730.5 -4664593 
v -89897648 -7279256.5 -5058933.5 
v -89729200 -7224700 -5453274.5 
v -89551256 -7168288 -5841640.5 
v -89368984 -7111875.5 -6224031.5 
v -89180672 -7059546 -6598456 
v -88985448 -7005731.5 -6970889 
v -88780720 -6949319.5 -7343321.5 
v -88568216 -6891422.5 -7723721 
v -88347944 -6827959 -8108104 
v -88121616 -6755588 -8498461 
v -87886656 -6679877 -8886827 
v -87647376 -6605279 -9273202 
v -87402048 -6533650.5 -9657584 
v -87153272 -6466846.5 -10037984 
v -86900168 -6403011.5 -10414400 
v -86639288 -6343259 -10790816 
v -86368048 -6287960.5 -11167232 
v -86088168 -6240084 -11547632 
v -85797920 -6192950.5 -11934006 
v -85496448 -6138393.5 -12328347 
v -85183744 -6073445.5 -12724679 
v -84863264 -6004414.5 -13123003 
v -84539328 -5929074.5 -13513360 
v -84212800 -5852621.5 -13897743 
v -83883680 -5772827.5 -14274159 
v -83547656 -5694147.5 -14648584 
v -83200400 -5615838.5 -15021017 
v -82841904 -5537158 -15397433 
v -82473056 -5455880 -15779824 
v -82092968 -5370148.5 -16168190 
v -81702520 -5279221 -16560539 
v -81308616 -5186437.5 -16944922 
v -80919032 -5096994.5 -17321338 
v -80532032 -5009407 -17683812 
v -80145904 -4923675.5 -18040312 
v -79757184 -4839057 -18390838 
v -79357232 -4755552 -18743354 
v -79379688 -4487594 -18699538 
v -79779640 -4581862 -18347022 
v -80168360 -4672418.5 -17998488 
v -80551904 -4764459.5 -17643980 
v -80934576 -4856129 -17281506 
v -81320712 -4949283.5 -16907080 
v -81711160 -5043551.5 -16520707 
v -82100744 -5132994.5 -16128358 
v -82481688 -5218726 -15739992 
v -82849680 -5300004.5 -15359592 
v -83205576 -5379055.5 -14983176 
v -83550248 -5458478 -14610743 
v -83883680 -5537158 -14236319 
v -84208480 -5615096 -13857911 
v -84530688 -5690436 -13473528 
v -84852032 -5762807 -13083171 
v -85172512 -5832580 -12686838 
v -85486944 -5896786 -12294489 
v -85790152 -5952085 -11906123 
v -86080392 -6001817 -11525724 
v -86357680 -6050064 -11149308 
v -86627200 -6104620.5 -10774883 
v -86888936 -6163631 -10398467 
v -87145496 -6227465.5 -10020059 
v -87395136 -6294640.5 -9635676 
v -87639600 -6364042.5 -9249302 
v -87878880 -6435300 -8858945 
v -88112984 -6509898 -8468587 
v -88341896 -6578928.5 -8078229.5 
v -88562168 -6640165.5 -7691855 
v -88773808 -6695835.5 -7311456 
v -88975944 -6749278.5 -6937031.5 
v -89167712 -6803093 -6564598.5 
v -89350848 -6858391.5 -6188182 
v -89525336 -6915917.5 -5805791 
v -89697240 -6975670 -5415433.5 
v -89867416 -7033195.5 -5025076 
v -90033264 -7087752 -4632727 
v -90191344 -7137855 -4244361 
vn -0.2668471932411194 0.07052995264530182 0.961154580116272 
vn -0.2887522578239441 0.22649817168712616 0.9302261471748352 
vn -0.2571423649787903 0.0740814357995987 0.9635298252105713 
vn -0.2579520046710968 0.277874618768692 0.9253358840942383 
vn -0.26381999254226685 0.04482482001185417 0.9635298252105713 
vn -0.2593477666378021 0.3191705048084259 0.9115201234817505 
vn -0.2845620810985565 0.5029193162918091 0.8161473870277405 
vn -0.3370438516139984 0.428678423166275 0.838234007358551 
vn -0.2852276563644409 -0.2109532654285431 0.9349566102027893 
vn -0.29031074047088623 -0.21092309057712555 0.933397650718689 
vn -0.28481897711753845 -0.13119983673095703 0.949560284614563 
vn -0.3103282153606415 0.08542230725288391 0.946783721446991 
vn -0.40790873765945435 0.1511375606060028 0.9004265069961548 
vn -0.45602869987487793 0.29225820302963257 0.8406086564064026 
vn -0.49652594327926636 0.477858304977417 0.7246471047401428 
vn -0.4098097085952759 0.6243566274642944 0.6650074124336243 
vn -0.29268506169319153 0.7324758172035217 0.6146662831306458 
vn -0.25832024216651917 0.5326886773109436 0.8059239983558655 
vn -0.27086445689201355 0.30945682525634766 0.9115201234817505 
vn -0.292549729347229 0.011259498074650764 0.9561840295791626 
vn -0.31008559465408325 -0.2994461953639984 0.9023185968399048 
vn -0.324067085981369 -0.3865334391593933 0.8634653687477112 
vn -0.33982110023498535 -0.3358311653137207 0.8784868121147156 
vn -0.34897539019584656 -0.28517889976501465 0.8926864862442017 
vn -0.4321460723876953 -0.3325860798358917 0.838234007358551 
vn -0.3989951014518738 -0.4029901325702667 0.8236515522003174 
vn -0.4747501611709595 -0.3710218071937561 0.7980946898460388 
vn -0.43368175625801086 -0.45234814286231995 0.7792953848838806 
vn -0.3840560019016266 -0.4505413770675659 0.8059239983558655 
vn -0.34210532903671265 -0.45228537917137146 0.8236515522003174 
vn -0.3430102467536926 -0.37494927644729614 0.8612531423568726 
vn -0.33720049262046814 -0.059881988912820816 0.9395264387130737 
vn -0.3275214433670044 0.2862897217273712 0.9004265069961548 
vn -0.2574264407157898 0.5562634468078613 0.790128231048584 
vn -0.25408557057380676 0.7795540690422058 0.5724822878837585 
vn -0.31438255310058594 0.8796901106834412 0.3568037748336792 
vn -0.41799017786979675 0.7642388343811035 0.4911448359489441 
vn -0.5789274573326111 0.46718937158584595 0.6682642698287964 
vn -0.5772344470024109 0.23502276837825775 0.7820260524749756 
vn -0.6130369305610657 0.1123431921005249 0.7820260524749756 
vn -0.6119279861450195 0.34966719150543213 0.7094202041625977 
vn -0.5140888690948486 0.6896049380302429 0.5100564956665039 
vn -0.3236261308193207 0.9105966687202454 0.25706008076667786 
vn -0.22787529230117798 0.9305882453918457 0.2864931523799896 
vn -0.23634012043476105 0.8128119707107544 0.5324283838272095 
vn -0.3053562045097351 0.6142323017120361 0.7276512384414673 
vn -0.2598915696144104 0.8291469216346741 0.4949462115764618 
vn -0.20232050120830536 0.9494225978851318 0.2401314377784729 
vn -0.2318294644355774 0.9624057412147522 0.1415284425020218 
vn -0.180241659283638 0.9787129163742065 0.0981530249118805 
vn -0.20605945587158203 0.9464327692985535 0.24860523641109467 
vn -0.3167847990989685 0.8091202974319458 0.4949462115764618 
vn -0.38610556721687317 0.6185300350189209 0.6843559741973877 
vn -0.42803430557250977 0.3258723318576813 0.8429672718048096 
vn -0.4245339035987854 -0.1260794848203659 0.8965907096862793 
vn -0.3833650052547455 -0.4738156199455261 0.7927988767623901 
vn -0.37173518538475037 -0.5334481000900269 0.7597671151161194 
vn -0.38987866044044495 -0.4949393570423126 0.7765498161315918 
vn -0.42360934615135193 -0.4888712465763092 0.762600839138031 
vn -0.4743289351463318 -0.45432502031326294 0.7540562748908997 
vn -0.5134697556495667 -0.3283577263355255 0.7927988767623901 
vn -0.5265249013900757 -0.22013220191001892 0.8211658596992493 
vn -0.5083869695663452 -0.27467450499534607 0.8161473870277405 
vn -0.5006369352340698 -0.2506488263607025 0.8285757899284363 
vn -0.4334326684474945 -0.23501311242580414 0.8700028657913208 
vn -0.35761508345603943 -0.1948828250169754 0.913308322429657 
vn -0.31554752588272095 -0.06348492950201035 0.946783721446991 
vn -0.3508528769016266 0.052519917488098145 0.9349566102027893 
vn -0.394148051738739 0.06376173347234726 0.916832447052002 
vn -0.4138566553592682 0.03379679471254349 0.9097144603729248 
vn -0.3669675588607788 -0.0037553836591541767 0.9302261471748352 
vn -0.374284952878952 -0.08212068676948547 0.9236704111099243 
vn -0.4163813591003418 -0.11156905442476273 0.9023185968399048 
vn -0.4357602000236511 -0.1657266765832901 0.8846737742424011 
vn -0.49198204278945923 -0.1665908247232437 0.8545181155204773 
vn -0.5244743227958679 -0.20603367686271667 0.8261215686798096 
vn -0.5336612462997437 -0.23073066771030426 0.8136147856712341 
vn -0.5313010811805725 -0.2272060066461563 0.8161473870277405 
vn -0.5211853981018066 -0.22352604568004608 0.8236515522003174 
vn -0.5241085886955261 -0.2165832668542862 0.8236515522003174 
vn -0.5474293828010559 -0.18499861657619476 0.8161473870277405 
vn -0.5397819876670837 -0.2515890896320343 0.8033295273780823 
vn -0.5757678151130676 -0.1890603005886078 0.7954543828964233 
vn -0.552307665348053 -0.31017109751701355 0.7737894654273987 
vn -0.5099466443061829 -0.43937739729881287 0.7395281791687012 
vn -0.46446147561073303 -0.5004384517669678 0.7306414246559143 
vn -0.439201295375824 -0.5058181881904602 0.7424622178077698 
vn -0.40876132249832153 -0.5626116991043091 0.7185974717140198 
vn -0.3809666633605957 -0.6146508455276489 0.6907016038894653 
vn -0.4228571355342865 -0.5319745540618896 0.7336177229881287 
vn -0.5236880779266357 -0.12311345338821411 0.8429672718048096 
vn -0.5276636481285095 0.2684355080127716 0.8059239983558655 
vn -0.4876946210861206 0.4823667109012604 0.7276512384414673 
vn -0.3935545086860657 0.7520405650138855 0.528724730014801 
vn -0.2352336049079895 0.9337688088417053 0.26970529556274414 
vn -0.17081791162490845 0.980827271938324 0.09380380809307098 
vn -0.180130735039711 0.9829416275024414 0.03713129088282585 
vn -0.2574223577976227 0.9582831263542175 0.1242060661315918 
vn -0.38678625226020813 0.870901882648468 0.30319350957870483 
vn -0.5843225717544556 0.5416823625564575 0.6042742133140564 
vn -0.6357252597808838 0.18952231109142303 0.7482877969741821 
vn -0.624433696269989 0.05273794010281563 0.7792953848838806 
vn -0.6126615405082703 0.0676763728260994 0.7874425053596497 
vn -0.6002209782600403 0.05272281542420387 0.7980946898460388 
vn -0.5832091569900513 0.04514407366514206 0.8110666871070862 
vn -0.5782337188720703 0.12701299786567688 0.8059239983558655 
vn -0.525359570980072 0.1157732903957367 0.8429672718048096 
vn -0.45401179790496826 0.06372280418872833 0.888714075088501 
vn -0.45770636200904846 0.02630956843495369 0.888714075088501 
vn -0.43835633993148804 0.022595997899770737 0.8985171914100647 
vn -0.43835633993148804 0.022595997899770737 0.8985171914100647 
vn -0.4685627818107605 0.037632476538419724 0.882628321647644 
vn -0.4060351550579071 0.10425210744142532 0.9078915119171143 
vn -0.30051496624946594 0.10316692292690277 0.9481810927391052 
vn -0.3436538577079773 0.044927313923835754 0.9380210638046265 
vn -0.3946177065372467 0.02256505750119686 0.9185682535171509 
vn -0.39122694730758667 -0.003758756909519434 0.9202865362167358 
vn -0.3813428282737732 -0.037558987736701965 0.9236704111099243 
vn -0.399338036775589 -0.05620766431093216 0.9150791168212891 
vn -0.40910604596138 -0.07107605785131454 0.9097144603729248 
vn -0.45517081022262573 -0.10085538029670715 0.8846737742424011 
vn -0.4762454330921173 -0.11201190948486328 0.872148871421814 
vn -0.5104141235351562 -0.14488016068935394 0.8476362228393555 
vn -0.5398967266082764 -0.1849275827407837 0.8211658596992493 
vn -0.527504563331604 -0.24447885155677795 0.8136147856712341 
vn -0.3280627727508545 -0.6837117075920105 0.651853621006012 
vn -0.37041088938713074 -0.6315156817436218 0.681163489818573 
vn -0.3991691470146179 -0.5808501839637756 0.7094202041625977 
vn -0.38400596380233765 -0.5797905921936035 0.7185974717140198 
vn -0.3558914363384247 -0.6465815305709839 0.67473965883255 
vn 0.005658348090946674 -0.9737881422042847 0.22738653421401978 
vn 0.03209054097533226 -0.9814668297767639 0.18892620503902435 
vn 0.06599511951208115 -0.9864544868469238 0.15017375349998474 
vn 0.11293000727891922 -0.9878414869308472 0.10684575140476227 
vn 0.18766683340072632 -0.9821720123291016 0.010923261754214764 
vn 0.18025460839271545 -0.9836175441741943 0.002184694167226553 
vn 0.16537824273109436 -0.986227810382843 -0.002184694167226553 
vn 0.14296671748161316 -0.9895321726799011 0.01966099627315998 
vn 0.04903385788202286 -0.9860911965370178 0.15880759060382843 
vn -0.3309691846370697 -0.7189415097236633 0.6112139225006104 
vn -0.5447698831558228 -0.3232268989086151 0.7737894654273987 
vn 0.14296671748161316 -0.9895321726799011 0.01966099627315998 
vn 0.04524631053209305 -0.9882711172103882 0.1458524912595749 
vn 0.14297764003276825 -0.9896077513694763 0.0152922747656703 
vn 0.0641121044754982 -0.9901830554008484 0.1242060661315918 
vn 0.1354432851076126 -0.9902431964874268 0.03276457265019417 
vn 0.032084327191114426 -0.9860844016075134 0.16312000155448914 
vn 0.12796127796173096 -0.9912378191947937 0.03276457265019417 
vn -0.27944573760032654 -0.8039113879203796 0.5250110030174255 
vn -0.3598969876766205 -0.713813066482544 0.6007870435714722 
vn 0.03397732973098755 -0.9874095916748047 0.15449213981628418 
vn 0.12794172763824463 -0.9910863637924194 0.03713129088282585 
vn 0.04527502506971359 -0.9888983368873596 0.1415284425020218 
vn 0.12794172763824463 -0.9910863637924194 0.03713129088282585 
vn -0.3417448401451111 -0.7425402998924255 0.5760593414306641 
vn -0.5685164332389832 -0.2869250476360321 0.7710143327713013 
vn -0.6006899476051331 -0.1785224974155426 0.7792953848838806 
vn -0.5740737915039062 -0.2908119261264801 0.7654199600219727 
vn -0.3250591456890106 -0.7687417268753052 0.5507928133010864 
vn 0.054729994386434555 -0.9901928901672363 0.12854042649269104 
vn 0.13542260229587555 -0.9900919198989868 0.03713129088282585 
vn 0.07541177421808243 -0.9918703436851501 0.10250037163496017 
vn 0.1354432851076126 -0.9902431964874268 0.03276457265019417 
vn 0.14293669164180756 -0.9893243908882141 0.028397228568792343 
vn 0.07354961335659027 -0.9910739064216614 0.1111890971660614 
vn 0.1429530680179596 -0.9894376993179321 0.024029340595006943 
vn 0.06785176694393158 -0.9919577240943909 0.10684575140476227 
vn 0.1429530680179596 -0.9894376993179321 0.024029340595006943 
vn 0.047187190502882004 -0.9905809760093689 0.12854042649269104 
vn 0.07541177421808243 -0.9918703436851501 0.10250037163496017 
vn 0.14293669164180756 -0.9893243908882141 0.028397228568792343 
vn 0.1354432851076126 -0.9902431964874268 0.03276457265019417 
vn 0.04904109239578247 -0.9910438060760498 0.1242060661315918 
vn 0.13539931178092957 -0.9899216890335083 0.04149730131030083 
vn 0.047187190502882004 -0.9905809760093689 0.12854042649269104 
vn 0.12617544829845428 -0.9909472465515137 0.04586252197623253 
vn 0.03959523141384125 -0.9897514581680298 0.1372016966342926 
vn 0.12614892423152924 -0.9907389879226685 0.05022686347365379 
vn 0.03018920123577118 -0.9894737601280212 0.1415284425020218 
vn 0.12614892423152924 -0.9907389879226685 0.05022686347365379 
vn 0.02262907661497593 -0.9890475273132324 0.1458524912595749 
vn 0.12612000107765198 -0.9905118346214294 0.05459024757146835 
vn 0.02262907661497593 -0.9890475273132324 0.1458524912595749 
vn 0.11859774589538574 -0.9911907911300659 0.058952588587999344 
vn 0.030170055106282234 -0.9888461828231812 0.1458524912595749 
vn 0.11856601387262344 -0.9909255504608154 0.0633138045668602 
vn 0.03205622732639313 -0.9900242686271667 0.1372016966342926 
vn 0.11107031255960464 -0.991793692111969 0.0633138045668602 
vn 0.03961881622672081 -0.9903410077095032 0.1328723281621933 
vn 0.11107031255960464 -0.991793692111969 0.0633138045668602 
vn 0.039641644805669785 -0.9909116625785828 0.12854042649269104 
vn 0.11107031255960464 -0.991793692111969 0.0633138045668602 
vn 0.03207532316446304 -0.9906139969825745 0.1328723281621933 
vn 0.11107031255960464 -0.991793692111969 0.0633138045668602 
vn 0.024515362456440926 -0.9902397394180298 0.1372016966342926 
vn 0.10175357013940811 -0.9921983480453491 0.07203252613544464 
vn 0.007548397872596979 -0.9899054169654846 0.1415284425020218 
vn 0.09420904517173767 -0.9926173686981201 0.0763898640871048 
vn -0.001886976882815361 -0.9886578321456909 0.15017375349998474 
vn 0.08485417068004608 -0.9927526116371155 0.08510008454322815 
vn -0.011319913901388645 -0.9872446656227112 0.15880759060382843 
vn 0.0697416290640831 -0.9931449890136719 0.09380380809307098 
vn -0.04714440554380417 -0.9824742674827576 0.18033768236637115 
vn 0.06791289150714874 -0.9928513765335083 0.0981530249118805 
vn -0.01132776215672493 -0.9879290461540222 0.15449213981628418 
vn 0.06037686765193939 -0.9933381080627441 0.0981530249118805 
vn -0.03773367404937744 -0.9844201803207397 0.17173540592193604 
vn 0.052814092487096786 -0.9933299422264099 0.10250037163496017 
vn -0.04527553543448448 -0.984102189540863 0.17173540592193604 
vn 0.04525405541062355 -0.9932451844215393 0.10684575140476227 
vn -0.03585737571120262 -0.9859544038772583 0.16312000155448914 
vn 0.04340129718184471 -0.9928510785102844 0.1111890971660614 
vn -0.026410561054944992 -0.9869562387466431 0.15880759060382843 
vn 0.04525405541062355 -0.9932451844215393 0.10684575140476227 
vn -0.01698196679353714 -0.9885137677192688 0.15017375349998474 
vn 0.05283736810088158 -0.9937676787376404 0.0981530249118805 
vn -0.0320729985833168 -0.988139271736145 0.15017375349998474 
vn 0.05283736810088158 -0.9937676787376404 0.0981530249118805 
vn -0.04906785115599632 -0.9867748022079468 0.15449213981628418 
vn 0.04529482498764992 -0.9941400289535522 0.0981530249118805 
vn -0.066018246114254 -0.9843949675559998 0.16312000155448914 
vn 0.037749674171209335 -0.994455099105835 0.0981530249118805 
vn -0.08101790398359299 -0.9825494885444641 0.16742929816246033 
vn 0.037733044475317 -0.9940170645713806 0.10250037163496017 
vn -0.09796935319900513 -0.9802596569061279 0.17173540592193604 
vn 0.030189042910933495 -0.9942747354507446 0.10250037163496017 
vn -0.10740133374929428 -0.9785067439079285 0.1760382205247879 
vn 0.022632893174886703 -0.9940179586410522 0.10684575140476227 
vn -0.10547756403684616 -0.9794802069664001 0.17173540592193604 
vn 0.007544876541942358 -0.9942469596862793 0.10684575140476227 
vn -0.09611725807189941 -0.9819130897521973 0.16312000155448914 
vn 0.007544876541942358 -0.9942469596862793 0.10684575140476227 
vn -0.07921096682548523 -0.9848135709762573 0.15449213981628418 
vn 0.022653281688690186 -0.9949134588241577 0.0981530249118805 
vn -0.07536375522613525 -0.9864315986633301 0.1458524912595749 
vn 0.03206416964530945 -0.9950742125511169 0.09380380809307098 
vn -0.08293584734201431 -0.9864539504051208 0.1415284425020218 
vn 0.032089345157146454 -0.9958555102348328 0.08510008454322815 
vn -0.09796948730945587 -0.9850744605064392 0.1415284425020218 
vn 0.024540673941373825 -0.996070146560669 0.08510008454322815 
vn -0.11298034340143204 -0.9834659099578857 0.1415284425020218 
vn 0.016984088346362114 -0.9958462119102478 0.08945280313491821 
vn -0.12796491384506226 -0.9816285967826843 0.1415284425020218 
vn 0.009439533576369286 -0.9963276982307434 0.08510008454322815 
vn -0.12796491384506226 -0.9816285967826843 0.1415284425020218 
vn 0.0018879338167607784 -0.9963706135749817 0.08510008454322815 
vn -0.12601886689662933 -0.9824942350387573 0.1372016966342926 
vn -0.005663774441927671 -0.9963563084602356 0.08510008454322815 
vn -0.1092221736907959 -0.9862268567085266 0.1242060661315918 
vn -0.005663774441927671 -0.9963563084602356 0.08510008454322815 
vn -0.07731394469738007 -0.9907873272895813 0.1111890971660614 
vn 0.003773982636630535 -0.9970709085464478 0.0763898640871048 
vn -0.06035027280449867 -0.992900550365448 0.10250037163496017 
vn 0.01888074353337288 -0.9975288510322571 0.06767380982637405 
vn -0.06597749888896942 -0.9934021234512329 0.09380380809307098 
vn 0.020749518647789955 -0.9977779388427734 0.0633138045668602 
vn -0.08106037974357605 -0.9926869869232178 0.08945280313491821 
vn 0.013208339922130108 -0.9981734156608582 0.058952588587999344 
vn -0.08858178555965424 -0.9920440912246704 0.08945280313491821 
vn 0.013208339922130108 -0.9981734156608582 0.058952588587999344 
vn -0.10364857316017151 -0.9909666776657104 0.08510008454322815 
vn 0.013211621902883053 -0.9984214305877686 0.05459024757146835 
vn -0.1091885045170784 -0.9907360672950745 0.08074574917554855 
vn 0.005662258714437485 -0.9984927773475647 0.05459024757146835 
vn -0.10172048956155777 -0.9918757677078247 0.0763898640871048 
vn -0.001887861406430602 -0.9987360239028931 0.05022686347365379 
vn -0.07919614017009735 -0.9942531585693359 0.07203252613544464 
vn 0.005663556978106499 -0.9987217783927917 0.05022686347365379 
vn -0.0471438430249691 -0.996879518032074 0.0633138045668602 
vn 0.02832009457051754 -0.9985462427139282 0.04586252197623253 
vn -0.03207281231880188 -0.9977453947067261 0.058952588587999344 
vn 0.04526469111442566 -0.9982846975326538 0.03713129088282585 
vn -0.03208813816308975 -0.9982222318649292 0.05022686347365379 
vn 0.0603460818529129 -0.9976396560668945 0.03276457265019417 
vn -0.047178998589515686 -0.9976228475570679 0.05022686347365379 
vn 0.0603460818529129 -0.9976396560668945 0.03276457265019417 
vn -0.0923924669623375 -0.9946659207344055 0.04586252197623253 
vn 0.06035414710640907 -0.9977729916572571 0.028397228568792343 
vn -0.08486923575401306 -0.9953360557556152 0.04586252197623253 
vn 0.06035414710640907 -0.9977729916572571 0.028397228568792343 
vn -0.05280228331685066 -0.9979144334793091 0.03713129088282585 
vn 0.05282346159219742 -0.9983147382736206 0.024029340595006943 
vn -0.08293090015649796 -0.9960165619850159 0.03276457265019417 
vn 0.04528717324137688 -0.9987804889678955 0.01966099627315998 
vn -0.0678783655166626 -0.997155487537384 0.03276457265019417 
vn 0.052828505635261536 -0.9984100461006165 0.01966099627315998 
vn -0.04528285190463066 -0.9986851811408997 0.024029340595006943 
vn 0.060371436178684235 -0.9980588555335999 0.0152922747656703 
vn -0.04528717324137688 -0.9987804889678955 0.01966099627315998 
vn 0.06791078299283981 -0.9976316094398499 0.010923261754214764 
vn -0.07544567435979843 -0.9971283674240112 0.006554040592163801 
vn 0.06791467219591141 -0.9976887702941895 0.002184694167226553 
vn -0.06037835404276848 -0.998173177242279 0.002184694167226553 
vn 0.06791467219591141 -0.9976887702941895 -0.002184694167226553 
vn -0.060377199202775955 -0.9981541037559509 -0.006554040592163801 
vn 0.06791337579488754 -0.9976696968078613 -0.006554040592163801 
vn -0.05283556878566742 -0.9985435009002686 -0.010923261754214764 
vn 0.060374896973371506 -0.9981160163879395 -0.010923261754214764 
vn -0.04528285190463066 -0.9986851811408997 -0.024029340595006943 
vn 0.052828505635261536 -0.9984100461006165 -0.01966099627315998 
vn -0.07540678232908249 -0.996614396572113 -0.03276457265019417 
vn -0.05281035229563713 -0.9980669021606445 -0.03276457265019417 
vn 0.04528285190463066 -0.9986851811408997 -0.024029340595006943 
vn 0.05282346159219742 -0.9983147382736206 -0.024029340595006943 
vn -0.08291822671890259 -0.9958643913269043 -0.03713129088282585 
vn 0.06036106497049332 -0.9978873133659363 -0.024029340595006943 
vn -0.08290397375822067 -0.9956932067871094 -0.04149730131030083 
vn 0.06035414710640907 -0.9977729916572571 -0.028397228568792343 
vn -0.06980864703655243 -0.9965055584907532 -0.04586252197623253 
vn 0.06035414710640907 -0.9977729916572571 -0.028397228568792343 
vn -0.06227215379476547 -0.9970049262046814 -0.04586252197623253 
vn 0.0603460818529129 -0.9976396560668945 -0.03276457265019417 
vn -0.047178998589515686 -0.9976228475570679 -0.05022686347365379 
vn 0.05280228331685066 -0.9979144334793091 -0.03713129088282585 
vn -0.0396256148815155 -0.9977222681045532 -0.05459024757146835 
vn 0.02832009457051754 -0.9985462427139282 -0.04586252197623253 
vn -0.049073055386543274 -0.9964998960494995 -0.06767380982637405 
vn -0.056615184992551804 -0.9960998892784119 -0.06767380982637405 
vn -0.001887861406430602 -0.9987360239028931 -0.05022686347365379 
vn -0.0866922065615654 -0.9933021068572998 -0.0763898640871048 
vn -0.0018874284578487277 -0.9985070824623108 -0.05459024757146835 
vn -0.0866922065615654 -0.9933021068572998 -0.0763898640871048 
vn 0.005662258714437485 -0.9984927773475647 -0.05459024757146835 
vn 0.005662258714437485 -0.9984927773475647 -0.05459024757146835 
vn -0.10364857316017151 -0.9909666776657104 -0.08510008454322815 
vn 0.013208339922130108 -0.9981734156608582 -0.058952588587999344 
vn -0.09609810262918472 -0.9913442134857178 -0.08945280313491821 
vn 0.013208339922130108 -0.9981734156608582 -0.058952588587999344 
vn -0.08106037974357605 -0.9926869869232178 -0.08945280313491821 
vn 0.020749518647789955 -0.9977779388427734 -0.0633138045668602 
vn -0.07350475341081619 -0.9928735494613647 -0.09380380809307098 
vn 0.01888074353337288 -0.9975288510322571 -0.06767380982637405 
vn -0.08293622732162476 -0.9912695288658142 -0.10250037163496017 
vn -0.06228029727935791 -0.992323100566864 -0.10684575140476227 
vn 0.0018886204343289137 -0.9967329502105713 -0.08074574917554855 
vn -0.086736299097538 -0.9889935255050659 -0.11986933648586273 
vn -0.005663774441927671 -0.9963563084602356 -0.08510008454322815 
vn -0.11116967350244522 -0.9854535460472107 -0.12854042649269104 
vn -0.005663774441927671 -0.9963563084602356 -0.08510008454322815 
vn -0.12796491384506226 -0.9816285967826843 -0.1415284425020218 
vn 0.009439533576369286 -0.9963276982307434 -0.08510008454322815 
vn -0.10360162705183029 -0.9857036471366882 -0.1328723281621933 
vn 0.009439533576369286 -0.9963276982307434 -0.08510008454322815 
vn 0.016984088346362114 -0.9958462119102478 -0.08945280313491821 
vn -0.11492091417312622 -0.9826089143753052 -0.1458524912595749 
vn 0.024540673941373825 -0.996070146560669 -0.08510008454322815 
vn -0.10547798126935959 -0.9842987656593323 -0.1415284425020218 
vn 0.032089345157146454 -0.9958555102348328 -0.08510008454322815 
vn -0.0904553011059761 -0.985792875289917 -0.1415284425020218 
vn 0.03206416964530945 -0.9950742125511169 -0.09380380809307098 
vn -0.10170074552297592 -0.9820575714111328 -0.15880759060382843 
vn -0.06976016610860825 -0.9861953854560852 -0.15017375349998474 
vn 0.022643303498625755 -0.994475245475769 -0.10250037163496017 
vn -0.07915608584880829 -0.9841313362121582 -0.15880759060382843 
vn 0.013219237327575684 -0.9941877126693726 -0.10684575140476227 
vn -0.0980430394411087 -0.9809969663619995 -0.16742929816246033 
vn 0.013219237327575684 -0.9941877126693726 -0.10684575140476227 
vn -0.08859984576702118 -0.9826199412345886 -0.16312000155448914 
vn 0.020772187039256096 -0.9940586090087891 -0.10684575140476227 
vn 0.030189042910933495 -0.9942747354507446 -0.10250037163496017 
vn -0.09989135712385178 -0.979301929473877 -0.1760382205247879 
vn 0.037733044475317 -0.9940170645713806 -0.10250037163496017 
vn -0.09045539051294327 -0.9809815287590027 -0.17173540592193604 
vn 0.037733044475317 -0.9940170645713806 -0.10250037163496017 
vn -0.07546868920326233 -0.9829912781715393 -0.16742929816246033 
vn 0.04529482498764992 -0.9941400289535522 -0.0981530249118805 
vn -0.05656981095671654 -0.9856875538825989 -0.15880759060382843 
vn 0.05467963591217995 -0.9940879940986633 -0.09380380809307098 
vn -0.041523803025484085 -0.987121045589447 -0.15449213981628418 
vn 0.05283736810088158 -0.9937676787376404 -0.0981530249118805 
vn -0.026428870856761932 -0.9876404404640198 -0.15449213981628418 
vn 0.05096764117479324 -0.9929684400558472 -0.10684575140476227 
vn -0.03776205703616142 -0.9851606488227844 -0.16742929816246033 
vn -0.026410561054944992 -0.9869562387466431 -0.15880759060382843 
vn 0.04342210292816162 -0.9933269619941711 -0.10684575140476227 
vn -0.018865788355469704 -0.987129271030426 -0.15880759060382843 
vn 0.05096764117479324 -0.9929684400558472 -0.10684575140476227 
vn 0.052814092487096786 -0.9933299422264099 -0.10250037163496017 
vn -0.03773367404937744 -0.9844201803207397 -0.17173540592193604 
vn 0.06037686765193939 -0.9933381080627441 -0.0981530249118805 
vn -0.03773367404937744 -0.9844201803207397 -0.17173540592193604 
vn 0.06791289150714874 -0.9928513765335083 -0.0981530249118805 
vn -0.03021230548620224 -0.9854210615158081 -0.16742929816246033 
vn 0.0697416290640831 -0.9931449890136719 -0.09380380809307098 
vn -0.013213127851486206 -0.9865177273750305 -0.16312000155448914 
vn 0.07729790359735489 -0.9929870367050171 -0.08945280313491821 
vn -0.003775994060561061 -0.9879868030548096 -0.15449213981628418 
vn 0.09240955859422684 -0.992441713809967 -0.08074574917554855 
vn 0.005664606112986803 -0.9892901182174683 -0.1458524912595749 
vn 0.10175357013940811 -0.9921983480453491 -0.07203252613544464 
vn 0.02265736646950245 -0.9902839660644531 -0.1372016966342926 
vn 0.11107031255960464 -0.991793692111969 -0.0633138045668602 
vn 0.03207532316446304 -0.9906139969825745 -0.1328723281621933 
vn 0.11856601387262344 -0.9909255504608154 -0.0633138045668602 
vn 0.02076881006360054 -0.9890882968902588 -0.1458524912595749 
vn 0.03961881622672081 -0.9903410077095032 -0.1328723281621933 
vn 0.11856601387262344 -0.9909255504608154 -0.0633138045668602 
vn 0.03775642067193985 -0.9898232817649841 -0.1372016966342926 
vn 0.11856601387262344 -0.9909255504608154 -0.0633138045668602 
vn 0.02831931598484516 -0.9889009594917297 -0.1458524912595749 
vn 0.11859774589538574 -0.9911907911300659 -0.058952588587999344 
vn 0.03961881622672081 -0.9903410077095032 -0.1328723281621933 
vn 0.11862722039222717 -0.9914370775222778 -0.05459024757146835 
vn 0.12612000107765198 -0.9905118346214294 -0.05459024757146835 
vn 0.020755233243107796 -0.9884417653083801 -0.15017375349998474 
vn 0.12614892423152924 -0.9907389879226685 -0.05022686347365379 
vn 0.020755233243107796 -0.9884417653083801 -0.15017375349998474 
vn 0.12614892423152924 -0.9907389879226685 -0.05022686347365379 
vn 0.02831931598484516 -0.9889009594917297 -0.1458524912595749 
vn 0.12617544829845428 -0.9909472465515137 -0.04586252197623253 
vn 0.03018920123577118 -0.9894737601280212 -0.1415284425020218 
vn 0.1279197335243225 -0.9909160137176514 -0.04149730131030083 
vn 0.03775642067193985 -0.9898232817649841 -0.1372016966342926 
vn 0.1354432851076126 -0.9902431964874268 -0.03276457265019417 
vn 0.047160014510154724 -0.9900105595588684 -0.1328723281621933 
vn 0.14293669164180756 -0.9893243908882141 -0.028397228568792343 
vn 0.047187190502882004 -0.9905809760093689 -0.12854042649269104 
vn 0.1429530680179596 -0.9894376993179321 -0.024029340595006943 
vn 0.054729994386434555 -0.9901928901672363 -0.12854042649269104 
vn 0.1429530680179596 -0.9894376993179321 -0.024029340595006943 
vn 0.05469847843050957 -0.9896226525306702 -0.1328723281621933 
vn 0.14293669164180756 -0.9893243908882141 -0.028397228568792343 
vn 0.04527502506971359 -0.9888983368873596 -0.1415284425020218 
vn 0.1354432851076126 -0.9902431964874268 -0.03276457265019417 
vn 0.0433865562081337 -0.9877071976661682 -0.15017375349998474 
vn 0.1279197335243225 -0.9909160137176514 -0.04149730131030083 
vn 0.03395378962159157 -0.9867255687713623 -0.15880759060382843 
vn 0.1279197335243225 -0.9909160137176514 -0.04149730131030083 
vn 0.02264375053346157 -0.9848828315734863 -0.17173540592193604 
vn 0.1279197335243225 -0.9909160137176514 -0.04149730131030083 
vn 0.01888689212501049 -0.9834234118461609 -0.18033768236637115 
vn 0.12794172763824463 -0.9910863637924194 -0.03713129088282585 
vn 0.04341493919491768 -0.9883532524108887 -0.1458524912595749 
vn 0.13546140491962433 -0.9903755784034729 -0.028397228568792343 
vn 0.03395378962159157 -0.9867255687713623 -0.15880759060382843 
vn 0.14297764003276825 -0.9896077513694763 -0.0152922747656703 
vn 0.050925858318805695 -0.9873471260070801 -0.15017375349998474 
vn 0.14296671748161316 -0.9895321726799011 -0.01966099627315998 
vn 0.02264292910695076 -0.9800412654876709 -0.1975002884864807 
vn 0.03209054097533226 -0.9814668297767639 -0.18892620503902435 
vn 0.15792569518089294 -0.9874485731124878 -0.002184694167226553 
vn 0.05285446345806122 -0.9844662547111511 -0.16742929816246033 
vn 0.18023395538330078 -0.9835048913955688 0.0152922747656703 
vn 0.09420612454414368 -0.9877743124961853 -0.1242060661315918 
vn 0.18767400085926056 -0.9822095036506653 0.006554040592163801 
vn 0.12053129822015762 -0.987845242023468 -0.0981530249118805 
vn 0.20245234668254852 -0.9790947437286377 0.01966099627315998 
vn 0.1372724175453186 -0.9860817193984985 -0.09380380809307098 
vn 0.23910951614379883 -0.9701054692268372 0.04149730131030083 
vn 0.16723093390464783 -0.9822381734848022 -0.08510008454322815 
vn 0.2738955616950989 -0.9602088928222656 0.05459024757146835 
vn 0.20607350766658783 -0.9755502343177795 -0.0763898640871048 
vn 0.3101281523704529 -0.949587881565094 0.04586252197623253 
vn 0.29573360085487366 -0.9541689157485962 -0.04586252197623253 
vn 0.34043535590171814 -0.9402450919151306 0.006554040592163801 
vn 0.35602450370788574 -0.9297566413879395 -0.09380380809307098 
vn 0.39625173807144165 -0.9172036647796631 -0.04149730131030083 
vn 0.4165728688240051 -0.8873898386955261 -0.1975002884864807 
vn 0.528381884098053 -0.8472499251365662 -0.05459024757146835 
vn 0.613045871257782 -0.7410451769828796 -0.27391019463539124 
vn 0.7367904782295227 -0.6620540022850037 -0.1372016966342926 
vn 0.8154410719871521 -0.46207723021507263 -0.34862664341926575 
vn 0.851166307926178 -0.4224664568901062 -0.31150925159454346 
vn 0.8423380851745605 -0.2530550956726074 -0.4758462607860565 
vn 0.905489444732666 -0.20224611461162567 -0.37307560443878174 
vn 0.8545843958854675 -0.07539797574281693 -0.5138099193572998 
vn 0.9183134436607361 -0.04529104754328728 -0.3932546079158783 
vn 0.8092238306999207 0.030189087614417076 -0.5867242813110352 
vn 0.9049641489982605 0.06033879145979881 -0.42118772864341736 
vn 0.7862750887870789 0.09049328416585922 -0.6112139225006104 
vn 0.8814119696617126 0.10555869340896606 -0.46040233969688416 
vn 0.7955610156059265 0.12045741081237793 -0.5937783122062683 
vn 0.8494142889976501 0.12039389461278915 -0.5138099193572998 
vn 0.7400264143943787 0.12026599794626236 -0.661737859249115 
vn 0.8259004354476929 0.12048159539699554 -0.5507928133010864 
vn 0.8210052251815796 0.12047168612480164 -0.5580654144287109 
vn 0.6777952909469604 0.10543834418058395 -0.7276512384414673 
vn 0.8247758150100708 0.1279539167881012 -0.5507928133010864 
vn 0.6713429689407349 0.10537385940551758 -0.7336177229881287 
vn 0.8110871315002441 0.15026208758354187 -0.5652954578399658 
vn 0.6512194871902466 0.14254339039325714 -0.7453821301460266 
vn 0.8125457167625427 0.17992205917835236 -0.5544344186782837 
vn 0.6852683424949646 0.16471266746520996 -0.7094202041625977 
vn 0.8355465531349182 0.19457988440990448 -0.5138099193572998 
vn 0.7109414935112 0.1869092732667923 -0.677958071231842 
vn 0.7944152355194092 0.23111368715763092 -0.5616858005523682 
vn 0.8507145047187805 0.2605283856391907 -0.456519216299057 
vn 0.760290801525116 0.37212613224983215 -0.5324283838272095 
vn 0.8024803400039673 0.4146091043949127 -0.42909738421440125 
vn 0.5367379784584045 0.555445671081543 -0.6351318359375 
vn 0.6682656407356262 0.6482514142990112 -0.3649536371231079 
vn 0.16139110922813416 0.8379812240600586 -0.5212872624397278 
vn 0.2592114508152008 0.958885908126831 -0.11553031951189041 
vn -0.09429522603750229 0.9790744185447693 -0.18033768236637115 
vn -0.015101470053195953 0.9997690320014954 0.0152922747656703 
vn -0.1522473394870758 0.9865826368331909 -0.058952588587999344 
vn -0.08481087535619736 0.9946515560150146 0.058952588587999344 
vn -0.1727718561887741 0.9846687316894531 -0.024029340595006943 
vn -0.10172048956155777 0.9918757677078247 0.0763898640871048 
vn -0.16536876559257507 0.986171305179596 0.010923261754214764 
vn -0.11856453120708466 0.9885056018829346 0.09380380809307098 
vn -0.15981236100196838 0.9860814809799194 0.04586252197623253 
vn -0.12610386312007904 0.9879757165908813 0.08945280313491821 
vn -0.15228517353534698 0.9868277907371521 0.05459024757146835 
vn -0.10928086936473846 0.9867568016052246 0.11986933648586273 
vn -0.12047820538282394 0.9874100685119629 0.10250037163496017 
vn -0.07921096682548523 0.9848135709762573 0.15449213981628418 
vn -0.11488696932792664 0.9871362447738647 0.1111890971660614 
vn -0.06596992164850235 0.9836744666099548 0.16742929816246033 
vn -0.10733037441968918 0.9874882102012634 0.11553031951189041 
vn -0.0622621588408947 0.9824123382568359 0.1760382205247879 
vn -0.10733037441968918 0.9874882102012634 0.11553031951189041 
vn -0.054680269211530685 0.9820836782455444 0.18033768236637115 
vn -0.1017717570066452 0.9875595569610596 0.11986933648586273 
vn -0.04904874414205551 0.9815827012062073 0.18463370203971863 
vn -0.0885232537984848 0.9865795969963074 0.1372016966342926 
vn -0.04341019690036774 0.9810312986373901 0.18892620503902435 
vn -0.030188482254743576 0.9798378944396973 0.1975002884864807 
vn -0.08293584734201431 0.9864539504051208 0.1415284425020218 
vn -0.016973108053207397 0.9783923029899597 0.2060592919588089 
vn -0.06414690613746643 0.9859094023704529 0.15449213981628418 
vn -0.0075502279214560986 0.9757252335548401 0.21886809170246124 
vn -0.05848272517323494 0.9848713874816895 0.16312000155448914 
vn -1.0102087623451578e-13 0.9747888445854187 0.22312943637371063 
vn -0.05281473696231842 0.9837263822555542 0.17173540592193604 
vn 0.005658348090946674 0.9737881422042847 0.22738653421401978 
vn -0.05848272517323494 0.9848713874816895 0.16312000155448914 
vn -0.05281473696231842 0.9837263822555542 0.17173540592193604 
vn -1.0112094809503619e-13 0.97575443983078 0.21886809170246124 
vn -0.05090649053454399 0.9845688939094543 0.16742929816246033 
vn 0.0018870825879275799 0.9766996502876282 0.21460255980491638 
vn -0.05656981095671654 0.9856875538825989 0.15880759060382843 
vn -0.0018859942210838199 0.9785376787185669 0.2060592919588089 
vn -0.056609030812978745 0.9863709211349487 0.15449213981628418 
vn -0.0018877115799114108 0.9794287085533142 0.2017817199230194 
vn -0.056609030812978745 0.9863709211349487 0.15449213981628418 
vn -1.0115697071221702e-13 0.9803028106689453 0.1975002884864807 
vn -0.04906785115599632 0.9867748022079468 0.15449213981628418 
vn -1.0115697071221702e-13 0.9803028106689453 0.1975002884864807 
vn -0.041523803025484085 0.987121045589447 0.15449213981628418 
vn 0.0018864087760448456 0.9811546206474304 0.19321508705615997 
vn -0.041523803025484085 0.987121045589447 0.15449213981628418 
vn 0.0018880139105021954 0.9819895029067993 0.18892620503902435 
vn -0.047156549990177155 0.9875343441963196 0.15017375349998474 
vn -0.001886497950181365 0.9836029410362244 0.18033768236637115 
vn -0.047156549990177155 0.9875343441963196 0.15017375349998474 
vn -0.01509657222777605 0.9850274324417114 0.17173540592193604 
vn -0.04524631053209305 0.9882711172103882 0.1458524912595749 
vn -0.018865788355469704 0.987129271030426 0.15880759060382843 
vn -0.066038116812706 0.9895030856132507 0.12854042649269104 
vn -0.026428870856761932 0.9876404404640198 0.15449213981628418 
vn -0.07727541029453278 0.9902935028076172 0.11553031951189041 
vn -0.024528197944164276 0.988355278968811 0.15017375349998474 
vn -0.0828980952501297 0.9908137321472168 0.10684575140476227 
vn -0.02262907661497593 0.9890475273132324 0.1458524912595749 
vn -0.0828980952501297 0.9908137321472168 0.10684575140476227 
vn -0.02262907661497593 0.9890475273132324 0.1458524912595749 
vn -0.07537709921598434 0.9914143085479736 0.10684575140476227 
vn -0.009434746578335762 0.9886146187782288 0.15017375349998474 
vn -0.06785176694393158 0.9919577240943909 0.10684575140476227 
vn 0.003775994060561061 0.9879868030548096 0.15449213981628418 
vn -0.04906744882464409 0.9915763735771179 0.11986933648586273 
vn 0.011319913901388645 0.9872446656227112 0.15880759060382843 
vn -0.03586798533797264 0.991055428981781 0.12854042649269104 
vn 0.011319913901388645 0.9872446656227112 0.15880759060382843 
vn -0.03586798533797264 0.991055428981781 0.12854042649269104 
vn 0.01132776215672493 0.9879290461540222 0.15449213981628418 
vn -0.03395872935652733 0.9916751980781555 0.1242060661315918 
vn 0.007543610408902168 0.9892776012420654 0.1458524912595749 
vn -0.041523415595293045 0.9919209480285645 0.11986933648586273 
vn 0.0018859885167330503 0.9905413389205933 0.1372016966342926 
vn -0.054713111370801926 0.992292046546936 0.1111890971660614 
vn -0.005664570722728968 0.991688072681427 0.12854042649269104 
vn -0.06035027280449867 0.992900550365448 0.10250037163496017 
vn -0.011321541853249073 0.9921918511390686 0.1242060661315918 
vn -0.05844644457101822 0.993873655796051 0.09380380809307098 
vn -0.009433221071958542 0.9932591319084167 0.11553031951189041 
vn -0.05093251168727875 0.9946879148483276 0.08945280313491821 
vn -0.0018866714090108871 0.9933021664619446 0.11553031951189041 
vn -0.03583487868309021 0.9949455857276917 0.09380380809307098 
vn 0.005659987218677998 0.9932878017425537 0.11553031951189041 
vn 0.020751887932419777 0.9930871725082397 0.11553031951189041 
vn -0.04902520775794983 0.9955283403396606 0.08074574917554855 
vn -0.028315212577581406 0.9959700107574463 0.08510008454322815 
vn 0.03583899885416031 0.9926571846008301 0.11553031951189041 
vn -0.028315212577581406 0.9959700107574463 0.08510008454322815 
vn 0.03585686907172203 0.9931522011756897 0.1111890971660614 
vn -0.0339476615190506 0.9961564540863037 0.08074574917554855 
vn 0.030175162479281425 0.9938176274299622 0.10684575140476227 
vn -0.04150191321969032 0.9962139129638672 0.0763898640871048 
vn 0.022653281688690186 0.9949134588241577 0.0981530249118805 
vn -0.056615184992551804 0.9960998892784119 0.06767380982637405 
vn 0.016984088346362114 0.9958462119102478 0.08945280313491821 
vn -0.06976064294576645 0.9958202838897705 0.058952588587999344 
vn 0.011317833326756954 0.9966704845428467 0.08074574917554855 
vn -0.07734115421772003 0.9959492683410645 0.04586252197623253 
vn 0.011321731843054295 0.9970137476921082 0.0763898640871048 
vn -0.075382299721241 0.9962908625602722 0.04149730131030083 
vn 0.01132541336119175 0.9973379969596863 0.07203252613544464 
vn -0.06786799430847168 0.9970031380653381 0.03713129088282585 
vn 0.01888074353337288 0.9975288510322571 0.06767380982637405 
vn -0.05280228331685066 0.9979144334793091 0.03713129088282585 
vn 0.03398079425096512 0.9971286654472351 0.06767380982637405 
vn -0.04526469111442566 0.9982846975326538 0.03713129088282585 
vn 0.049073055386543274 0.9964998960494995 0.06767380982637405 
vn -0.030177012085914612 0.9986827969551086 0.04149730131030083 
vn 0.05844666808843613 0.9962807297706604 0.0633138045668602 
vn -0.015090227127075195 0.9990246295928955 0.04149730131030083 
vn 0.06599545478820801 0.9960768818855286 0.058952588587999344 
vn -0.015090227127075195 0.9990246295928955 0.04149730131030083 
vn 0.06601185351610184 0.9963244199752808 0.05459024757146835 
vn -0.0150928208604455 0.9991964101791382 0.03713129088282585 
vn 0.05849025025963783 0.9970236420631409 0.05022686347365379 
vn -0.022641615942120552 0.9992066025733948 0.03276457265019417 
vn 0.04525691270828247 0.9981130957603455 0.04149730131030083 
vn -0.03019430674612522 0.9992551803588867 0.024029340595006943 
vn 0.04526469111442566 0.9982846975326538 0.03713129088282585 
vn -0.037743259221315384 0.9990940093994141 0.01966099627315998 
vn 0.0452716089785099 0.9984372854232788 0.03276457265019417 
vn -0.037746138870716095 0.9991703629493713 0.0152922747656703 
vn 0.045277662575244904 0.9985707402229309 0.028397228568792343 
vn -0.030201226472854614 0.999484121799469 0.010923261754214764 
vn 0.06036106497049332 0.9978873133659363 0.024029340595006943 
vn -0.02265329100191593 0.999721884727478 0.006554040592163801 
vn 0.06790170073509216 0.9974982738494873 0.01966099627315998 
vn -0.015102911740541458 0.9998644590377808 0.006554040592163801 
vn 0.07543271034955978 0.9969570636749268 0.01966099627315998 
vn -0.015102911740541458 0.9998644590377808 0.006554040592163801 
vn 0.0754384696483612 0.9970331788063049 0.0152922747656703 
vn -0.02265329100191593 0.999721884727478 0.006554040592163801 
vn 0.07544279098510742 0.9970902800559998 0.010923261754214764 
vn -1.0341130485562108e-13 0.999997615814209 0.002184694167226553 
vn 0.07544279098510742 0.9970902800559998 0.010923261754214764 
vn -0.03775046393275261 0.9992848038673401 0.002184694167226553 
vn 0.06791337579488754 0.9976696968078613 0.006554040592163801 
vn -0.04529581964015961 0.9989712238311768 -0.002184694167226553 
vn 0.06791337579488754 0.9976696968078613 0.006554040592163801 
vn -0.05283859372138977 0.9986006617546082 -0.002184694167226553 
vn 0.06037835404276848 0.998173177242279 0.002184694167226553 
vn -0.06037835404276848 0.998173177242279 -0.002184694167226553 
vn 0.06037835404276848 0.998173177242279 0.002184694167226553 
vn -0.06037835404276848 0.998173177242279 -0.002184694167226553 
vn 0.06037835404276848 0.998173177242279 -0.002184694167226553 
vn -0.06037835404276848 0.998173177242279 0.002184694167226553 
vn 0.06037835404276848 0.998173177242279 -0.002184694167226553 
vn -0.06037835404276848 0.998173177242279 0.002184694167226553 
vn 0.06791467219591141 0.9976887702941895 -0.002184694167226553 
vn 0.06791337579488754 0.9976696968078613 -0.006554040592163801 
vn -0.05283859372138977 0.9986006617546082 -0.002184694167226553 
vn -0.06037835404276848 0.998173177242279 -0.002184694167226553 
vn 0.07544279098510742 0.9970902800559998 -0.010923261754214764 
vn -1.0340933296291988e-13 0.9999785423278809 -0.006554040592163801 
vn 0.07544279098510742 0.9970902800559998 -0.010923261754214764 
vn -0.02265329100191593 0.999721884727478 -0.006554040592163801 
vn 0.0754384696483612 0.9970331788063049 -0.0152922747656703 
vn -0.4443657100200653 0.8953952789306641 0.028397228568792343 
vn -0.6682952046394348 0.7429689168930054 0.03713129088282585 
vn -0.5678356289863586 0.8226519823074341 0.028397228568792343 
vn -0.7278472781181335 0.6851509809494019 0.028397228568792343 
vn -0.5492424964904785 0.8355916142463684 0.010923261754214764 
vn -0.6167173981666565 0.7871816158294678 0.002184694167226553 
vn -0.610720157623291 0.7917711734771729 -0.010923261754214764 
vn -0.6105802655220032 0.7915897369384766 -0.024029340595006943 
vn -0.6104286909103394 0.7913932800292969 -0.03276457265019417 
vn -0.6043424606323242 0.7958589196205139 -0.03713129088282585 
vn -0.5298382639884949 0.8472855091094971 -0.03713129088282585 
vn -0.5571425557136536 0.8291494250297546 -0.04586252197623253 
vn -0.5251750946044922 0.8492414355278015 -0.05459024757146835 
vn -0.505652666091919 0.8607205748558044 -0.058952588587999344 
vn -0.4858705401420593 0.8717345595359802 -0.0633138045668602 
vn -0.47263312339782715 0.8789819478988647 -0.0633138045668602 
vn -0.46597370505332947 0.8825303912162781 -0.0633138045668602 
vn -0.45941057801246643 0.8862655162811279 -0.058952588587999344 
vn -0.4528089463710785 0.8899348378181458 -0.05459024757146835 
vn -0.45941057801246643 0.8862655162811279 -0.058952588587999344 
vn -0.47468146681785583 0.8775521516799927 -0.06767380982637405 
vn -0.4941748380661011 0.8659998774528503 -0.0763898640871048 
vn -0.5153259634971619 0.8523129224777222 -0.08945280313491821 
vn -0.5235124826431274 0.8463454842567444 -0.0981530249118805 
vn -0.5168473124504089 0.8499191403388977 -0.10250037163496017 
vn -0.497585654258728 0.8618436455726624 -0.0981530249118805 
vn -0.47585591673851013 0.8745067119598389 -0.09380380809307098 
vn -0.4560336768627167 0.8854555487632751 -0.08945280313491821 
vn -0.44289007782936096 0.8929325342178345 -0.08074574917554855 
vn -0.42726507782936096 0.90089350938797 -0.0763898640871048 
vn -0.4138379991054535 0.9078316688537598 -0.06767380982637405 
vn -0.39797788858413696 0.9152076244354248 -0.0633138045668602 
vn -0.38409313559532166 0.9211209416389465 -0.0633138045668602 
vn -0.3701205849647522 0.9268236756324768 -0.0633138045668602 
vn -0.3560633957386017 0.9323144555091858 -0.0633138045668602 
vn -0.3419247567653656 0.9375920295715332 -0.0633138045668602 
vn -0.33491554856300354 0.9404021501541138 -0.058952588587999344 
vn -0.32787713408470154 0.9431418180465698 -0.05459024757146835 
vn -0.32087773084640503 0.9460095763206482 -0.04586252197623253 
vn -0.3349987864494324 0.9406358003616333 -0.05459024757146835 
vn -0.29734331369400024 0.954208254814148 -0.03276457265019417 
vn -0.29734331369400024 0.954208254814148 -0.03276457265019417 
vn -0.30444198846817017 0.9516265392303467 -0.04149730131030083 
vn -0.3136499226093292 0.9482093453407288 -0.05022686347365379 
vn -0.3064013421535492 0.9503358006477356 -0.05459024757146835 
vn -0.3064013421535492 0.9503358006477356 -0.05459024757146835 
vn -0.3316188156604767 0.9399516582489014 -0.08074574917554855 
vn -0.28483322262763977 0.9572603106498718 -0.05022686347365379 
vn -0.2920628488063812 0.9550793170928955 -0.05022686347365379 
vn -0.2920628488063812 0.9550793170928955 -0.05022686347365379 
vn -0.2920628488063812 0.9550793170928955 -0.05022686347365379 
vn -0.2921242415904999 0.955280065536499 -0.04586252197623253 
vn -0.2611992359161377 0.9650846719741821 -0.01966099627315998 
vn -0.28489309549331665 0.9574615359306335 -0.04586252197623253 
vn -0.3403686285018921 0.9351551532745361 -0.0981530249118805 
vn -0.2918452322483063 0.9543676972389221 -0.0633138045668602 
vn -0.30102458596229553 0.9508919715881348 -0.07203252613544464 
vn -0.3029743432998657 0.9495718479156494 -0.08074574917554855 
vn -0.3029743432998657 0.9495718479156494 -0.08074574917554855 
vn -0.3029743432998657 0.9495718479156494 -0.08074574917554855 
vn -0.3029743432998657 0.9495718479156494 -0.08074574917554855 
vn -0.3029743432998657 0.9495718479156494 -0.08074574917554855 
vn -0.3028641939163208 0.9492266774177551 -0.08510008454322815 
vn -0.3026265799999237 0.9484819173812866 -0.09380380809307098 
vn -0.30465057492256165 0.9473932385444641 -0.0981530249118805 
vn -0.2974526882171631 0.9496777653694153 -0.0981530249118805 
vn -0.2882148325443268 0.9529601335525513 -0.09380380809307098 
vn -0.27395179867744446 0.9579709768295288 -0.08510008454322815 
vn -0.27395179867744446 0.9579709768295288 -0.08510008454322815 
vn -0.2740514278411865 0.9583193063735962 -0.08074574917554855 
vn -0.27200913429260254 0.9592578411102295 -0.0763898640871048 
vn -0.2647397518157959 0.9612894654273987 -0.0763898640871048 
vn -0.27384695410728455 0.9576043486595154 -0.08945280313491821 
vn -0.2683757543563843 0.9578455686569214 -0.10250037163496017 
vn -0.27737659215927124 0.9537897706031799 -0.11553031951189041 
vn -0.3418596088886261 0.9128774404525757 -0.22312943637371063 
vn -0.41659724712371826 0.8271775841712952 -0.37712597846984863 
vn -0.4603526294231415 0.7369557023048401 -0.4949462115764618 
vn -0.4773939847946167 0.6211185455322266 -0.6215357780456543 
vn -0.4428377151489258 0.44817978143692017 -0.7765498161315918 
vn -0.262978196144104 0.2950843870639801 -0.9185682535171509 
vn 0.08429235965013504 0.35717514157295227 -0.9302261471748352 
vn 0.34811899065971375 0.2800350785255432 -0.8946471214294434 
vn 0.3498803973197937 0.17508956789970398 -0.9202865362167358 
vn 0.14885243773460388 0.11282672733068466 -0.9824016690254211 
vn 0.13578417897224426 0.08644144982099533 -0.986960232257843 
vn 0.05659943073987961 0.06060319393873215 -0.9965559244155884 
vn 0.06154419481754303 0.022400254383683205 -0.9978529810905457 
vn 0.08595072478055954 0.015155431814491749 -0.9961841106414795 
vn 0.12282411009073257 0.04470432177186012 -0.991421103477478 
vn 0.26803553104400635 0.04513044282793999 -0.962351381778717 
vn 0.34649571776390076 0.007560563273727894 -0.9380210638046265 
vn 0.37884679436683655 -0.015121448785066605 -0.9253358840942383 
vn 0.5109193921089172 -0.1124618649482727 -0.8522403836250305 
vn 0.5440480709075928 -0.24222582578659058 -0.8033295273780823 
vn 0.5104022026062012 -0.46769747138023376 -0.7216291427612305 
vn 0.2120206505060196 -0.6623178720474243 -0.7185974717140198 
vn 0.11855744570493698 -0.7932154536247253 -0.5972883701324463 
vn 0.06417884677648544 -0.8708539605140686 -0.48733407258987427 
vn -0.06039047613739967 -0.8732509613037109 -0.4835140109062195 
vn -0.16134841740131378 -0.8425948619842529 -0.5138099193572998 
vn -0.17993120849132538 -0.8271304368972778 -0.5324283838272095 
vn -0.24007967114448547 -0.7706870436668396 -0.590256929397583 
vn -0.2857106626033783 -0.7205971479415894 -0.6317508816719055 
vn -0.33655643463134766 -0.6634399890899658 -0.6682642698287964 
vn -0.3764517307281494 -0.6067245006561279 -0.7001210451126099 
vn -0.37196168303489685 -0.5838629007339478 -0.7216291427612305 
vn -0.34910035133361816 -0.6298369765281677 -0.6938546895980835 
vn -0.33222639560699463 -0.6911184787750244 -0.641857385635376 
vn -0.3464099168777466 -0.7056514620780945 -0.6181069612503052 
vn -0.3061710596084595 -0.7712472081184387 -0.5580654144287109 
vn -0.38758575916290283 -0.6713182330131531 -0.6317508816719055 
vn -0.3815719485282898 -0.6810557246208191 -0.6249527335166931 
vn -0.37681931257247925 -0.6929592490196228 -0.6146662831306458 
vn -0.3754850924015045 -0.705737829208374 -0.6007870435714722 
vn -0.3793724775314331 -0.7125119566917419 -0.590256929397583 
vn -0.3778091073036194 -0.7248557806015015 -0.5760593414306641 
vn -0.3715643584728241 -0.7392218708992004 -0.5616858005523682 
vn -0.368582546710968 -0.7541740536689758 -0.5434780716896057 
vn -0.36194533109664917 -0.7677536606788635 -0.528724730014801 
vn -0.3551371693611145 -0.7809461951255798 -0.5138099193572998 
vn -0.3469277322292328 -0.7919054627418518 -0.5025205612182617 
vn -0.34685754776000977 -0.7966919541358948 -0.4949462115764618 
vn -0.34334683418273926 -0.8005558848381042 -0.4911448359489441 
vn -0.3454180657863617 -0.8043012619018555 -0.4835140109062195 
vn -0.3383239209651947 -0.8118542432785034 -0.4758462607860565 
vn -0.3369370102882385 -0.8146721124649048 -0.4719987213611603 
vn -0.33675774931907654 -0.819171130657196 -0.4642767012119293 
vn -0.3423287272453308 -0.8190486431121826 -0.46040233969688416 
vn -0.35600680112838745 -0.8175497651100159 -0.45262736082077026 
vn -0.36153075098991394 -0.8172757625579834 -0.4487268626689911 
vn -0.3681699335575104 -0.818570613861084 -0.4409002661705017 
vn -0.37006813287734985 -0.8219038844108582 -0.43303996324539185 
vn -0.3650398850440979 -0.828248918056488 -0.42514660954475403 
vn -0.3668822646141052 -0.831459105014801 -0.417220801115036 
vn -0.37015244364738464 -0.8319945931434631 -0.41324591636657715 
vn -0.3770361840724945 -0.8288977742195129 -0.41324591636657715 
vn -0.3755929172039032 -0.8315249085426331 -0.40926313400268555 
vn -0.37883421778678894 -0.8320088982582092 -0.405272513628006 
vn -0.39252087473869324 -0.825640082359314 -0.405272513628006 
vn -0.4231204688549042 -0.8083766102790833 -0.40926313400268555 
vn -0.4496513903141022 -0.7939252853393555 -0.40926313400268555 
vn -0.47226473689079285 -0.7827644944190979 -0.405272513628006 
vn -0.4902845621109009 -0.7736924886703491 -0.401274174451828 
vn -0.4954248070716858 -0.7724844813346863 -0.3972681760787964 
vn -0.5047089457511902 -0.7685178518295288 -0.3932546079158783 
vn -0.5126974582672119 -0.7673059701919556 -0.3852050006389618 
vn -0.5051571130752563 -0.7742908596992493 -0.3811691105365753 
vn -0.5067933797836304 -0.7771583199501038 -0.37307560443878174 
vn -0.5146977305412292 -0.7758190035820007 -0.3649536371231079 
vn -0.5309134721755981 -0.7686494588851929 -0.3568037748336792 
vn -0.5435176491737366 -0.7654338479042053 -0.34452807903289795 
vn -0.5498149991035461 -0.7663883566856384 -0.33219319581985474 
vn -0.5533374547958374 -0.7673863172531128 -0.3239381015300751 
vn -0.5471819043159485 -0.7768873572349548 -0.31150925159454346 
vn -0.5382142066955566 -0.7863835692405701 -0.30319350957870483 
vn -0.516460657119751 -0.8039459586143494 -0.2948545813560486 
vn -0.49268534779548645 -0.8231436610221863 -0.28230419754981995 
vn -0.47987401485443115 -0.8362016677856445 -0.26549527049064636 
vn -0.4864805340766907 -0.8375751376152039 -0.24860523641109467 
vn -0.5015875101089478 -0.8335185647010803 -0.23163928091526031 
vn -0.5013659596443176 -0.8381991982460022 -0.21460255980491638 
vn -0.49015140533447266 -0.8489671349525452 -0.1975002884864807 
vn -0.487038791179657 -0.8536413908004761 -0.18463370203971863 
vn -0.4790538549423218 -0.8599522709846497 -0.1760382205247879 
vn -0.46432608366012573 -0.8696945905685425 -0.16742929816246033 
vn -0.4404790699481964 -0.8836053013801575 -0.15880759060382843 
vn -0.45236921310424805 -0.8790960907936096 -0.15017375349998474 
vn -0.48432987928390503 -0.8640603423118591 -0.1372016966342926 
vn -0.5134559869766235 -0.8490793704986572 -0.1242060661315918 
vn -0.5310914516448975 -0.839401364326477 -0.11553031951189041 
vn -0.5424033403396606 -0.8338419198989868 -0.10250037163496017 
vn -0.5407072901725769 -0.8359643816947937 -0.09380380809307098 
vn -0.5409247279167175 -0.8363005518913269 -0.08945280313491821 
vn -0.5347753763198853 -0.8406980633735657 -0.08510008454322815 
vn -0.5265915989875793 -0.8466793298721313 -0.0763898640871048 
vn -0.5376792550086975 -0.8407689332962036 -0.0633138045668602 
vn -0.5550916790962219 -0.8307533860206604 -0.04149730131030083 
vn -0.5679007172584534 -0.822746217250824 -0.024029340595006943 
vn -0.568030834197998 -0.8229347467422485 -0.010923261754214764 
vn -0.5618321895599365 -0.8272483348846436 -0.002184694167226553 
vn -0.6630830764770508 -0.7484660744667053 0.010923261754214764 
vn -0.5616069436073303 -0.8269166946411133 0.028397228568792343 
vn -0.5445409417152405 -0.8374794125556946 0.04586252197623253 
vn -0.5249041318893433 -0.8488032817840576 0.0633138045668602 
vn -0.5331592559814453 -0.8429427742958069 0.07203252613544464 
vn -0.5072291493415833 -0.8584190011024475 0.0763898640871048 
vn -0.5347753763198853 -0.8406980633735657 0.08510008454322815 
vn -0.5861682295799255 -0.8042218089103699 0.0981530249118805 
vn -0.5360602140426636 -0.8379338383674622 0.10250037163496017 
vn -0.518275797367096 -0.8473741412162781 0.11553031951189041 
vn -0.49585214257240295 -0.858841061592102 0.12854042649269104 
vn -0.45747268199920654 -0.8778886198997498 0.1415284425020218 
vn -0.44564464688301086 -0.8825240731239319 0.15017375349998474 
vn -0.46062374114990234 -0.8732731342315674 0.15880759060382843 
vn -0.4820118844509125 -0.8600186109542847 0.16742929816246033 
vn -0.4921916723251343 -0.8525009751319885 0.1760382205247879 
vn -0.49534934759140015 -0.8479008674621582 0.18892620503902435 
vn -0.50489342212677 -0.8392656445503235 0.2017817199230194 
vn -0.5095083713531494 -0.8321646451950073 0.21886809170246124 
vn -0.5026975274085999 -0.830440878868103 0.2401314377784729 
vn -0.49404376745224 -0.8305665850639343 0.25706008076667786 
vn -0.49878740310668945 -0.8236929774284363 0.26970529556274414 
vn -0.5161958336830139 -0.8086075782775879 0.28230419754981995 
vn -0.5394624471664429 -0.788695752620697 0.2948545813560486 
vn -0.5506076812744141 -0.7777563333511353 0.30319350957870483 
vn -0.5533356070518494 -0.7725164294242859 0.31150925159454346 
vn -0.5573107600212097 -0.7645056247711182 0.3239381015300751 
vn -0.5498149991035461 -0.7663883566856384 0.33219319581985474 
vn -0.5413736701011658 -0.7669517397880554 0.34452807903289795 
vn -0.5212353467941284 -0.7771121859550476 0.3527185618877411 
vn -0.5112525820732117 -0.7799903154373169 0.36088213324546814 
vn -0.5096747875213623 -0.7772111892700195 0.3690181374549866 
vn -0.5109428763389587 -0.7744365334510803 0.37307560443878174 
vn -0.5093072056770325 -0.7715674042701721 0.3811691105365753 
vn -0.5000743865966797 -0.7755918502807617 0.3852050006389618 
vn -0.48859143257141113 -0.7808813452720642 0.3892335295677185 
vn -0.4705570340156555 -0.7898904085159302 0.3932546079158783 
vn -0.450979083776474 -0.8012294769287109 0.3932546079158783 
vn -0.42445242404937744 -0.8155924081802368 0.3932546079158783 
vn -0.3891952335834503 -0.8348798155784607 0.3892335295677185 
vn -0.3754650950431824 -0.8411440253257751 0.3892335295677185 
vn -0.3631412982940674 -0.8446769714355469 0.3932546079158783 
vn -0.3668172359466553 -0.8412033915519714 0.3972681760787964 
vn -0.33541765809059143 -0.8615132570266724 0.3811691105365753 
vn -0.39708173274993896 -0.8133735060691833 0.42514660954475403 
vn -0.358111709356308 -0.8411362767219543 0.405272513628006 
vn -0.35630911588668823 -0.8380165100097656 0.41324591636657715 
vn -0.3577776253223419 -0.8354172706604004 0.417220801115036 
vn -0.3489876091480255 -0.8351395130157471 0.42514660954475403 
vn -0.33867746591567993 -0.8373607397079468 0.42909738421440125 
vn -0.3246380388736725 -0.8429030776023865 0.42909738421440125 
vn -0.31050795316696167 -0.8482100367546082 0.42909738421440125 
vn -0.30493950843811035 -0.8482265472412109 0.43303996324539185 
vn -0.3015246093273163 -0.8474292755126953 0.43697428703308105 
vn -0.3052080273628235 -0.8440704941749573 0.4409002661705017 
vn -0.3067142069339752 -0.8414651155471802 0.44481781125068665 
vn -0.3067142069339752 -0.8414651155471802 0.44481781125068665 
vn -0.3032875657081604 -0.8406312465667725 0.4487268626689911 
vn -0.30134421586990356 -0.837127149105072 0.456519216299057 
vn -0.3064640462398529 -0.8309795260429382 0.4642767012119293 
vn -0.3102554976940155 -0.8229895830154419 0.4758462607860565 
vn -0.31181663274765015 -0.8156444430351257 0.48733407258987427 
vn -0.3133140504360199 -0.8081426620483398 0.4987381398677826 
vn -0.3063402473926544 -0.8061158061027527 0.5062933564186096 
vn -0.3077521026134491 -0.79839026927948 0.5175535082817078 
vn -0.30774664878845215 -0.7885505557060242 0.5324283838272095 
vn -0.581536054611206 -0.2908087968826294 0.7597671151161194 
vn -0.5869103670120239 -0.28741955757141113 0.7569189071655273 
vn -0.5923711657524109 -0.2912493050098419 0.7511792182922363 
vn -0.5963599681854248 -0.3051304519176483 0.7424622178077698 
vn -0.6019750833511353 -0.3221631348133087 0.7306414246559143 
vn -0.601718544960022 -0.3423246443271637 0.7216291427612305 
vn -0.6009708046913147 -0.36219874024391174 0.7124928832054138 
vn -0.6054016351699829 -0.3727605938911438 0.7032341957092285 
vn -0.6080132126808167 -0.3858569264411926 0.6938546895980835 
vn -0.612907350063324 -0.3894094228744507 0.6875353455543518 
vn -0.6217690110206604 -0.38654831051826477 0.681163489818573 
vn -0.6273170113563538 -0.38320526480674744 0.677958071231842 
vn -0.6382304430007935 -0.3706592619419098 0.67473965883255 
vn -0.645152747631073 -0.3644920587539673 0.6715083718299866 
vn -0.654072642326355 -0.3544175922870636 0.6682642698287964 
vn -0.6623697280883789 -0.35123974084854126 0.661737859249115 
vn -0.668547511100769 -0.351864218711853 0.6551609039306641 
vn -0.6711721420288086 -0.3650241494178772 0.6452018022537231 
vn -0.6781224012374878 -0.3755541443824768 0.6317508816719055 
vn -0.6767016053199768 -0.3892415761947632 0.6249527335166931 
vn -0.6802634596824646 -0.39928311109542847 0.6146662831306458 
vn -0.6875017285346985 -0.4027332365512848 0.6042742133140564 
vn -0.6961991786956787 -0.40340298414230347 0.5937783122062683 
vn -0.7041054964065552 -0.3999875783920288 0.5867242813110352 
vn -0.714245080947876 -0.3869813084602356 0.5831804275512695 
vn -0.7275153994560242 -0.3670908510684967 0.5796254277229309 
vn -0.7428756952285767 -0.3469865918159485 0.5724822878837585 
vn -0.7544909119606018 -0.3334435224533081 0.5652954578399658 
vn -0.765404462814331 -0.32673925161361694 0.5544344186782837 
vn -0.7727513313293457 -0.3338649570941925 0.5398051738739014 
vn -0.7773421406745911 -0.34086549282073975 0.528724730014801 
vn -0.7817781567573547 -0.34779492020606995 0.5175535082817078 
vn -0.7904437780380249 -0.34476906061172485 0.5062933564186096 
vn -0.8005993962287903 -0.3377407491207123 0.4949462115764618 
vn -0.8117392063140869 -0.3275570869445801 0.4835140109062195 
vn -0.8229895830154419 -0.3102554976940155 0.4758462607860565 
vn -0.8326318264007568 -0.29591742157936096 0.46814218163490295 
vn -0.8402740359306335 -0.29245463013648987 0.456519216299057 
vn -0.8452727794647217 -0.29605916142463684 0.44481781125068665 
vn -0.8482100367546082 -0.31050795316696167 0.42909738421440125 
vn -0.847999632358551 -0.33184999227523804 0.41324591636657715 
vn -0.8496220111846924 -0.34223008155822754 0.401274174451828 
vn -0.8519456386566162 -0.345744788646698 0.3932546079158783 
vn -0.858248770236969 -0.3391551077365875 0.3852050006389618 
vn -0.8632187247276306 -0.3356030583381653 0.37712597846984863 
vn -0.8737249374389648 -0.32157987356185913 0.3649536371231079 
vn -0.8790037035942078 -0.32528752088546753 0.34862664341926575 
vn -0.8803013563156128 -0.3426957428455353 0.3280687630176544 
vn -0.8777078986167908 -0.36764416098594666 0.30735430121421814 
vn -0.8758642673492432 -0.38830840587615967 0.2864931523799896 
vn -0.8777690529823303 -0.3987903594970703 0.26549527049064636 
vn -0.8809313774108887 -0.4026851952075958 0.24860523641109467 
vn -0.886017382144928 -0.3991619646549225 0.23588760197162628 
vn -0.899864137172699 -0.3747769892215729 0.22312943637371063 
vn -0.9112915992736816 -0.35398831963539124 0.2103329300880432 
vn -0.9216983914375305 -0.3363629877567291 0.19321508705615997 
vn -0.9245789051055908 -0.34008944034576416 0.17173540592193604 
vn -0.9249185919761658 -0.34735822677612305 0.15449213981628418 
vn -0.9237340688705444 -0.3576185405254364 0.1372016966342926 
vn -0.9241243004798889 -0.3613406717777252 0.1242060661315918 
vn -0.9243443608283997 -0.36499932408332825 0.1111890971660614 
vn -0.9298819899559021 -0.3545215427875519 0.0981530249118805 
vn -0.9377104043960571 -0.33683401346206665 0.08510008454322815 
vn -0.9425833821296692 -0.32611021399497986 0.07203252613544464 
vn -0.9520580172538757 -0.30100733041763306 0.05459024757146835 
vn -0.9398860931396484 -0.3403053879737854 0.028397228568792343 
vn -0.9476797580718994 -0.31903570890426636 0.010923261754214764 
vn -0.935014009475708 -0.354604035615921 -0.002184694167226553 
vn -0.9348354935646057 -0.35453635454177856 -0.01966099627315998 
vn -0.939616858959198 -0.34020790457725525 -0.03713129088282585 
vn -0.9449859261512756 -0.3225235641002655 -0.05459024757146835 
vn -0.9447178244590759 -0.31886178255081177 -0.0763898640871048 
vn -0.9394987225532532 -0.329458624124527 -0.09380380809307098 
vn -0.9328697919845581 -0.3440028727054596 -0.10684575140476227 
vn -0.9266287088394165 -0.35778769850730896 -0.11553031951189041 
vn -0.9220632910728455 -0.3650707006454468 -0.12854042649269104 
vn -0.9216350317001343 -0.36132892966270447 -0.1415284425020218 
vn -0.9215975999832153 -0.35417234897613525 -0.15880759060382843 
vn -0.9224076271057129 -0.3437654674053192 -0.1760382205247879 
vn -0.9228436946868896 -0.33320772647857666 -0.19321508705615997 
vn -0.9143082499504089 -0.34349116683006287 -0.21460255980491638 
vn -0.9045994281768799 -0.357831209897995 -0.23163928091526031 
vn -0.892453134059906 -0.3819218873977661 -0.2401314377784729 
vn -0.8781424164772034 -0.406128466129303 -0.25283506512641907 
vn -0.8728044629096985 -0.40954193472862244 -0.26549527049064636 
vn -0.8710024356842041 -0.39909449219703674 -0.2864931523799896 
vn -0.8717643618583679 -0.3815235495567322 -0.30735430121421814 
vn -0.8731071352958679 -0.3606311082839966 -0.3280687630176544 
vn -0.8736492395401001 -0.3394060730934143 -0.34862664341926575 
vn -0.8692821860313416 -0.3288983404636383 -0.3690181374549866 
vn -0.8640664219856262 -0.32878467440605164 -0.3811691105365753 
vn -0.8531857132911682 -0.34267324209213257 -0.3932546079158783 
vn -0.8480300307273865 -0.34615620970726013 -0.401274174451828 
vn -0.8456472754478455 -0.342614084482193 -0.40926313400268555 
vn -0.8427257537841797 -0.3352823257446289 -0.42118772864341736 
vn -0.8408274054527283 -0.3247855305671692 -0.43303996324539185 
vn -0.8413211107254028 -0.30710896849632263 -0.44481781125068665 
vn -0.8392235040664673 -0.2893674969673157 -0.46040233969688416 
vn -0.8307051658630371 -0.28896236419677734 -0.4758462607860565 
vn -0.8236896991729736 -0.296225368976593 -0.4835140109062195 
vn -0.8126563429832458 -0.3136341869831085 -0.4911448359489441 
vn -0.8023914098739624 -0.3277626037597656 -0.4987381398677826 
vn -0.7922961115837097 -0.33482712507247925 -0.5100564956665039 
vn -0.7737008333206177 -0.3654111921787262 -0.5175535082817078 
vn -0.7816296219825745 -0.3309158384799957 -0.528724730014801 
vn -0.7744372487068176 -0.32384946942329407 -0.5434780716896057 
vn -0.775357186794281 -0.2956082820892334 -0.5580654144287109 
vn -0.7592987418174744 -0.3094017505645752 -0.5724822878837585 
vn -0.7483214735984802 -0.3160942494869232 -0.5831804275512695 
vn -0.7381435632705688 -0.32671210169792175 -0.590256929397583 
vn -0.7258796095848083 -0.3471687138080597 -0.5937783122062683 
vn -0.712974488735199 -0.36730632185935974 -0.5972883701324463 
vn -0.7037479877471924 -0.37361931800842285 -0.6042742133140564 
vn -0.6929592490196228 -0.37681931257247925 -0.6146662831306458 
vn -0.6856234073638916 -0.37330231070518494 -0.6249527335166931 
vn -0.6832504868507385 -0.36614149808883667 -0.6317508816719055 
vn -0.6792587637901306 -0.35584643483161926 -0.641857385635376 
vn -0.6784955859184265 -0.33871904015541077 -0.651853621006012 
vn -0.675661563873291 -0.318192720413208 -0.6650074124336243 
vn -0.6708597540855408 -0.314680278301239 -0.6715083718299866 
vn -0.666041374206543 -0.3039821684360504 -0.681163489818573 
vn -0.6579387187957764 -0.30726492404937744 -0.6875353455543518 
vn -0.6496405005455017 -0.31764525175094604 -0.6907016038894653 
vn -0.6430782675743103 -0.3240617513656616 -0.6938546895980835 
vn -0.634398341178894 -0.3342714011669159 -0.6969945430755615 
vn -0.6293871402740479 -0.33065617084503174 -0.7032341957092285 
vn -0.6243267059326172 -0.3270154595375061 -0.7094202041625977 
vn -0.6173830628395081 -0.3200872242450714 -0.7185974717140198 
vn -0.613737165927887 -0.30635011196136475 -0.7276512384414673 
vn -0.6130704283714294 -0.2856476902961731 -0.736579954624176 
vn -0.6087983846664429 -0.2716062664985657 -0.7453821301460266 
vn -0.6071740984916687 -0.2504771053791046 -0.7540562748908997 
vn -0.6022194027900696 -0.23616047203540802 -0.762600839138031 
vn -0.5977503061294556 -0.22918489575386047 -0.7682244777679443 
vn -0.5892933011054993 -0.23234300315380096 -0.7737894654273987 
vn -0.5813702940940857 -0.24285578727722168 -0.7765498161315918 
vn -0.5731944441795349 -0.25327232480049133 -0.7792953848838806 
vn -0.5461312532424927 -0.3073098957538605 -0.7792953848838806 
vn -0.5404989719390869 -0.2662813067436218 -0.7980946898460388 
vn -0.5201128721237183 -0.2348814606666565 -0.8211658596992493 
vn -0.5081660151481628 -0.21714180707931519 -0.8334367275238037 
vn -0.5099228620529175 -0.2311728149652481 -0.8285757899284363 
vn -0.5177600383758545 -0.23134970664978027 -0.8236515522003174 
vn -0.516953706741333 -0.24175506830215454 -0.8211658596992493 
vn -0.5091671943664551 -0.265588641166687 -0.8186644315719604 
vn -0.4987174868583679 -0.2988508641719818 -0.8136147856712341 
vn -0.4822450876235962 -0.3372870087623596 -0.8085030317306519 
vn -0.4548355042934418 -0.3734267055988312 -0.8085030317306519 
vn -0.43253907561302185 -0.3777545094490051 -0.8186644315719604 
vn -0.34675562381744385 -0.4798406958580017 -0.8059239983558655 
vn -0.3446066081523895 -0.3526206314563751 -0.8700028657913208 
vn -0.2516522705554962 -0.330288827419281 -0.9097144603729248 
vn -0.13176561892032623 -0.22317546606063843 -0.9658315181732178 
vn 0.028359608724713326 -0.1802690178155899 -0.983208417892456 
vn -0.06318677216768265 -0.10944270342588425 -0.9919826984405518 
vn -0.09625690430402756 -0.051180705428123474 -0.9940398335456848 
vn -0.20242203772068024 -0.0486944355070591 -0.9780870079994202 
vn -0.28503262996673584 -0.04514473304152489 -0.9574540853500366 
vn -0.31212058663368225 -0.030265269801020622 -0.949560284614563 
vn -0.318112313747406 -0.049041997641325 -0.946783721446991 
vn -0.32493141293525696 -0.026425613090395927 -0.9453682899475098 
vn -0.30940940976142883 -0.0037824385799467564 -0.9509214162826538 
vn -0.3007305860519409 0.015129112638533115 -0.953589141368866 
vn -0.298736572265625 0.03773920610547066 -0.953589141368866 
vn -0.23164792358875275 0.07088787108659744 -0.9702134728431702 
vn -0.17873966693878174 0.11486901342868805 -0.9771679639816284 
vn -0.3127918243408203 0.12905079126358032 -0.9410139322280884 
vn -0.4230612814426422 0.0827057808637619 -0.9023185968399048 
vn -0.5003162026405334 0.06411951780319214 -0.8634653687477112 
vn -0.5475801825523376 0.09783343970775604 -0.8310141563415527 
vn -0.5739935040473938 0.17140407860279083 -0.8007197380065918 
vn -0.5926445126533508 0.2674442529678345 -0.7597671151161194 
vn -0.5973073244094849 0.402230829000473 -0.6938546895980835 
vn -0.5825057029724121 0.5238132476806641 -0.6215357780456543 
vn -0.5694785118103027 0.6068745851516724 -0.5544344186782837 
vn -0.5492232441902161 0.6705327033996582 -0.4987381398677826 
vn -0.5390492081642151 0.7027610540390015 -0.4642767012119293 
vn -0.5380777716636658 0.7110560536384583 -0.45262736082077026 
vn -0.5431563854217529 0.7096656560897827 -0.4487268626689911 
vn -0.5560070276260376 0.6920157670974731 -0.46040233969688416 
vn -0.5831711888313293 0.6499360799789429 -0.48733407258987427 
vn -0.6103521585464478 0.5996737480163574 -0.5175535082817078 
vn -0.6318482756614685 0.5597687363624573 -0.5361219048500061 
vn -0.6408717632293701 0.5421392321586609 -0.5434780716896057 
vn -0.646649181842804 0.542603075504303 -0.5361219048500061 
vn -0.6483027338981628 0.5549442768096924 -0.5212872624397278 
vn -0.6494434475898743 0.570698082447052 -0.5025205612182617 
vn -0.6474064588546753 0.5859781503677368 -0.48733407258987427 
vn -0.6505774259567261 0.591877818107605 -0.4758462607860565 
vn -0.6552401781082153 0.5898114442825317 -0.4719987213611603 
vn -0.6652549505233765 0.5784920454025269 -0.4719987213611603 
vn -0.66793292760849 0.5785399675369263 -0.46814218163490295 
vn -0.6751429438591003 0.5763780474662781 -0.46040233969688416 
vn -0.679980456829071 0.5798885822296143 -0.4487268626689911 
vn -0.6847009062767029 0.5832993984222412 -0.43697428703308105 
vn -0.6819506287574768 0.5979500412940979 -0.42118772864341736 
vn -0.6801838278770447 0.6134566068649292 -0.401274174451828 
vn -0.6675934791564941 0.6395537853240967 -0.3811691105365753 
vn -0.6603330373764038 0.6563300490379333 -0.3649536371231079 
vn -0.6522435545921326 0.6709455847740173 -0.3527185618877411 
vn -0.6629952192306519 0.6603233814239502 -0.3527185618877411 
vn -0.6907024383544922 0.6266531944274902 -0.36088213324546814 
vn -0.7090023756027222 0.600950300693512 -0.3690181374549866 
vn -0.7287346720695496 0.5742476582527161 -0.37307560443878174 
vn -0.7350759506225586 0.5713774561882019 -0.3649536371231079 
vn -0.7332624793052673 0.581305205821991 -0.3527185618877411 
vn -0.7267848253250122 0.5988978147506714 -0.3363112509250641 
vn -0.7236524820327759 0.6115997433662415 -0.3198012113571167 
vn -0.7435262799263 0.5850067138671875 -0.3239381015300751 
vn -0.7222927212715149 0.6235993504524231 -0.2990269064903259 
vn -0.736017107963562 0.6093763709068298 -0.2948545813560486 
vn -0.7502573132514954 0.5917556881904602 -0.2948545813560486 
vn -0.7640756964683533 0.5738022923469543 -0.2948545813560486 
vn -0.786148190498352 0.543168306350708 -0.2948545813560486 
vn -0.8144400119781494 0.5021897554397583 -0.29067665338516235 
vn -0.8554878830909729 0.42275696992874146 -0.2990269064903259 
vn -0.8545985221862793 0.43310853838920593 -0.2864931523799896 
vn -0.8573083281517029 0.43321743607521057 -0.2781098484992981 
vn -0.8560964465141296 0.4434084892272949 -0.26549527049064636 
vn -0.8551600575447083 0.450134813785553 -0.25706008076667786 
vn -0.8606261610984802 0.44677236676216125 -0.24437066912651062 
vn -0.869852602481842 0.43325912952423096 -0.23588760197162628 
vn -0.880157470703125 0.4166751801967621 -0.22738653421401978 
vn -0.8948422074317932 0.3890427052974701 -0.21886809170246124 
vn -0.9092206358909607 0.35413914918899536 -0.21886809170246124 
vn -0.9203820824623108 0.3296314477920532 -0.2103329300880432 
vn -0.9275652766227722 0.31170859932899475 -0.2060592919588089 
vn -0.9302939176559448 0.31180310249328613 -0.19321508705615997 
vn -0.9254292249679565 0.3332553207874298 -0.18033768236637115 
vn -0.9199501276016235 0.3544843792915344 -0.16742929816246033 
vn -0.919500470161438 0.36145684123039246 -0.15449213981628418 
vn -0.9194997549057007 0.3650304973125458 -0.1458524912595749 
vn -0.9249320030212402 0.35450875759124756 -0.1372016966342926 
vn -0.9352933764457703 0.3297024369239807 -0.12854042649269104 
vn -0.9448967576026917 0.30463340878486633 -0.11986933648586273 
vn -0.9520429968833923 0.2867022454738617 -0.10684575140476227 
vn -0.9535045623779297 0.2864086329936981 -0.09380380809307098 
vn -0.9501442313194275 0.3011745512485504 -0.08074574917554855 
vn -0.949745774269104 0.3046216070652008 -0.07203252613544464 
vn -0.9495189785957336 0.30812060832977295 -0.058952588587999344 
vn -0.9501724243164062 0.3083326518535614 -0.04586252197623253 
vn -0.9521719217300415 0.3046164810657501 -0.024029340595006943 
vn -0.9524446725845337 0.3047037422657013 0.002184694167226553 
vn -0.937396764755249 0.34743332862854004 0.024029340595006943 
vn -0.9603874683380127 0.2755610942840576 0.04149730131030083 
vn -0.952276349067688 0.30107638239860535 0.05022686347365379 
vn -0.9628921747207642 0.2612641751766205 0.06767380982637405 
vn -0.9517150521278381 0.29732659459114075 0.0763898640871048 
vn -0.5508574843406677 0.8333382606506348 0.04586252197623253 
vn -0.015102911740541458 0.9998644590377808 -0.006554040592163801 
vn 0.0754384696483612 0.9970331788063049 -0.0152922747656703 
vn -0.015102911740541458 0.9998644590377808 -0.006554040592163801 
vn 0.06790170073509216 0.9974982738494873 -0.01966099627315998 
vn -0.518858015537262 0.8533836603164673 0.05022686347365379 
vn -0.9560322165489197 0.27928590774536133 0.08945280313491821 
vn -0.9887284636497498 0.11669129133224487 0.09380380809307098 
vn -0.9895048141479492 0.11678291112184525 0.08510008454322815 
vn -0.9906567931175232 0.11297659575939178 0.0763898640871048 
vn -0.990237295627594 0.12418336421251297 0.0633138045668602 
vn -0.9902157783508301 0.1317927986383438 0.04586252197623253 
vn -0.9894376993179321 0.1429530680179596 0.024029340595006943 
vn -0.9897211194038391 0.1429940164089203 -0.002184694167226553 
vn -0.9904890656471252 0.13547691702842712 -0.024029340595006943 
vn -0.9891909956932068 0.13927596807479858 -0.04586252197623253 
vn -0.9894570708274841 0.12804260849952698 -0.06767380982637405 
vn -0.9885912537574768 0.12427917867898941 -0.08510008454322815 
vn -0.9887313842773438 0.11303174495697021 -0.0981530249118805 
vn -0.9873892664909363 0.11681768298149109 -0.10684575140476227 
vn -0.986000657081604 0.124256432056427 -0.1111890971660614 
vn -0.9845003485679626 0.12802504003047943 -0.11986933648586273 
vn -0.9823431968688965 0.13170717656612396 -0.1328723281621933 
vn -0.98048996925354 0.13178199529647827 -0.1458524912595749 
vn -0.9787506461143494 0.12425380945205688 -0.16312000155448914 
vn -0.9765071868896484 0.12427498400211334 -0.1760382205247879 
vn -0.9750227332115173 0.11677990853786469 -0.18892620503902435 
vn -0.9728726148605347 0.12046773731708527 -0.1975002884864807 
vn -0.9701268076896667 0.12803705036640167 -0.2060592919588089 
vn -0.9656311869621277 0.1466359943151474 -0.21460255980491638 
vn -0.9612969756126404 0.16162101924419403 -0.22312943637371063 
vn -0.9569804072380066 0.16895434260368347 -0.23588760197162628 
vn -0.953077495098114 0.17273880541324615 -0.24860523641109467 
vn -0.9489904642105103 0.1764930933713913 -0.2612801790237427 
vn -0.9441940784454346 0.17650046944618225 -0.2781098484992981 
vn -0.9391085505485535 0.17645367980003357 -0.2948545813560486 
vn -0.9314236640930176 0.1948930323123932 -0.30735430121421814 
vn -0.9301886558532715 0.18021175265312195 -0.3198012113571167 
vn -0.9406934380531311 0.12432098388671875 -0.31565824151039124 
vn -0.9456230401992798 0.12798447906970978 -0.2990269064903259 
vn -0.9497064352035522 0.13550657033920288 -0.28230419754981995 
vn -0.9545416831970215 0.13550807535648346 -0.26549527049064636 
vn -0.9579997062683105 0.1429407298564911 -0.24860523641109467 
vn -0.9617666006088257 0.13914763927459717 -0.23588760197162628 
vn -0.9658432006835938 0.13175778090953827 -0.22312943637371063 
vn -0.9687021970748901 0.13181869685649872 -0.2103329300880432 
vn -0.9694857597351074 0.13921763002872467 -0.2017817199230194 
vn -0.970902144908905 0.1354350596666336 -0.1975002884864807 
vn -0.9731112718582153 0.13176244497299194 -0.18892620503902435 
vn -0.9752309322357178 0.1280740648508072 -0.18033768236637115 
vn -0.9765217304229736 0.13554595410823822 -0.16742929816246033 
vn -0.9788150191307068 0.13917258381843567 -0.15017375349998474 
vn -0.9790465831756592 0.15047740936279297 -0.1372016966342926 
vn -0.9796233773231506 0.15783177316188812 -0.1242060661315918 
vn -0.9793140888214111 0.16905900835990906 -0.1111890971660614 
vn -0.9782817959785461 0.18016226589679718 -0.10250037163496017 
vn -0.978868842124939 0.18388578295707703 -0.08945280313491821 
vn -0.9795997142791748 0.18402308225631714 -0.08074574917554855 
vn -0.981286346912384 0.18027038872241974 -0.06767380982637405 
vn -0.981650710105896 0.18395422399044037 -0.05022686347365379 
vn -0.9803897738456726 0.19501164555549622 -0.028397228568792343 
vn -0.9836175441741943 0.18025460839271545 0.002184694167226553 
vn -0.9858323931694031 0.16531193256378174 0.028397228568792343 
vn -0.980231761932373 0.1913711428642273 0.05022686347365379 
vn -0.9809192419052124 0.18381714820861816 0.0633138045668602 
vn -0.979593813419342 0.18763616681098938 0.07203252613544464 
vn -0.9759871363639832 0.20230984687805176 0.08074574917554855 
vn -0.9770541191101074 0.19122260808944702 0.09380380809307098 
vn -0.875196635723114 0.47769805788993835 0.0763898640871048 
vn -0.867103636264801 0.49408769607543945 0.0633138045668602 
vn -0.8599768877029419 0.5074048042297363 0.05459024757146835 
vn -0.8550441265106201 0.5168921947479248 0.04149730131030083 
vn -0.8707644939422607 0.49111276865005493 0.024029340595006943 
vn -0.855779230594635 0.5173366069793701 -0.002184694167226553 
vn -0.8554361462593079 0.5171291828155518 -0.028397228568792343 
vn -0.8789264559745789 0.4747472107410431 -0.04586252197623253 
vn -0.8597632646560669 0.5072787404060364 -0.058952588587999344 
vn -0.8681464195251465 0.49105310440063477 -0.07203252613544464 
vn -0.8764127492904663 0.47474294900894165 -0.08074574917554855 
vn -0.8859617710113525 0.45417243242263794 -0.09380380809307098 
vn -0.8797105550765991 0.4643307626247406 -0.10250037163496017 
vn -0.9036348462104797 0.4136194586753845 -0.1111890971660614 
vn -0.891170084476471 0.43754681944847107 -0.11986933648586273 
vn -0.9099913835525513 0.392760306596756 -0.1328723281621933 
vn -0.9132217764854431 0.37877944111824036 -0.15017375349998474 
vn -0.9132343530654907 0.37521085143089294 -0.15880759060382843 
vn -0.9172069430351257 0.36152297258377075 -0.16742929816246033 
vn -0.9197432398796082 0.3508318066596985 -0.1760382205247879 
vn -0.9220940470695496 0.34007787704467773 -0.18463370203971863 
vn -0.9253820180892944 0.32609203457832336 -0.19321508705615997 
vn -0.9273257851600647 0.31520000100135803 -0.2017817199230194 
vn -0.9268955588340759 0.3079128563404083 -0.21460255980491638 
vn -0.9249690771102905 0.3045119345188141 -0.22738653421401978 
vn -0.9218717217445374 0.3007250130176544 -0.24437066912651062 
vn -0.9194585680961609 0.2900141775608063 -0.26549527049064636 
vn -0.9189028143882751 0.27553945779800415 -0.28230419754981995 
vn -0.9157842397689819 0.26818305253982544 -0.2990269064903259 
vn -0.7887856960296631 0.5693507790565491 -0.23163928091526031 
vn -0.7624875903129578 0.6118600964546204 -0.2103329300880432 
vn -0.7637348771095276 0.614575207233429 -0.1975002884864807 
vn -0.7673279047012329 0.6153748631477356 -0.18033768236637115 
vn -0.76059889793396 0.6272612810134888 -0.16742929816246033 
vn -0.7486955523490906 0.644660472869873 -0.15449213981628418 
vn -0.7413613200187683 0.6560130715370178 -0.1415284425020218 
vn -0.7199161052703857 0.6812236905097961 -0.1328723281621933 
vn -0.7306293249130249 0.6705655455589294 -0.12854042649269104 
vn -0.7239435315132141 0.6785857081413269 -0.1242060661315918 
vn -0.7191470861434937 0.684440553188324 -0.11986933648586273 
vn -0.7175450921058655 0.6868637204170227 -0.11553031951189041 
vn -0.7130027413368225 0.6929726600646973 -0.10684575140476227 
vn -0.7063573002815247 0.7010173797607422 -0.0981530249118805 
vn -0.6944586038589478 0.7144824862480164 -0.08510008454322815 
vn -0.687483012676239 0.7221714854240417 -0.0763898640871048 
vn -0.5628576874732971 0.824125349521637 -0.0633138045668602 
vn -0.5523325800895691 0.8308724164962769 -0.06767380982637405 
vn -0.5584356188774109 0.8264145255088806 -0.07203252613544464 
vn -0.5602167844772339 0.8244011402130127 -0.08074574917554855 
vn -0.566243052482605 0.8198333978652954 -0.08510008454322815 
vn -0.5722213387489319 0.8152060508728027 -0.08945280313491821 
vn -0.5722213387489319 0.8152060508728027 -0.08945280313491821 
vn -0.5781509876251221 0.8105197548866272 -0.09380380809307098 
vn -0.5781509876251221 0.8105197548866272 -0.09380380809307098 
vn -0.5922540426254272 0.7997506260871887 -0.0981530249118805 
vn -0.5859100818634033 0.8038675785064697 -0.10250037163496017 
vn -0.5935679078102112 0.7970659136772156 -0.1111890971660614 
vn -0.6011216044425964 0.790116548538208 -0.11986933648586273 
vn -0.6141601204872131 0.777915358543396 -0.1328723281621933 
vn -0.5979987382888794 0.7896665334701538 -0.1372016966342926 
vn -0.47622954845428467 0.8751933574676514 -0.08510008454322815 
vn -0.46772947907447815 0.8805644512176514 -0.0763898640871048 
vn -0.4613412618637085 0.8846380710601807 -0.06767380982637405 
vn -0.445837140083313 0.8928720951080322 -0.0633138045668602 
vn -0.45257532596588135 0.8894756436347961 -0.0633138045668602 
vn -0.45269644260406494 0.889713704586029 -0.058952588587999344 
vn -0.4459564685821533 0.8931111097335815 -0.058952588587999344 
vn -0.4459564685821533 0.8931111097335815 -0.058952588587999344 
vn -0.43919095396995544 0.8964574337005615 -0.058952588587999344 
vn -0.43919095396995544 0.8964574337005615 -0.058952588587999344 
vn -0.4393000900745392 0.8966801762580872 -0.05459024757146835 
vn -0.44616958498954773 0.8935378789901733 -0.05022686347365379 
vn -0.43269792199134827 0.9003716707229614 -0.04586252197623253 
vn -0.34734711050987244 0.9371640682220459 -0.03276457265019417 
vn -0.3402598798274994 0.9397604465484619 -0.03276457265019417 
vn -0.3402598798274994 0.9397604465484619 -0.03276457265019417 
vn -0.3402598798274994 0.9397604465484619 -0.03276457265019417 
vn -0.3544144928455353 0.9345142245292664 -0.03276457265019417 
vn -0.34734711050987244 0.9371640682220459 -0.03276457265019417 
vn -0.34734711050987244 0.9371640682220459 -0.03276457265019417 
vn -0.34734711050987244 0.9371640682220459 -0.03276457265019417 
vn -0.3544144928455353 0.9345142245292664 -0.03276457265019417 
vn -0.3544144928455353 0.9345142245292664 -0.03276457265019417 
vn -0.3544144928455353 0.9345142245292664 -0.03276457265019417 
vn -0.3544144928455353 0.9345142245292664 -0.03276457265019417 
vn -0.4695826470851898 0.8787776231765747 -0.08510008454322815 
vn -0.6053676605224609 0.7824685573577881 -0.1458524912595749 
vn -0.7650374174118042 0.6025056838989258 -0.22738653421401978 
vn -0.9147838354110718 0.2571624517440796 -0.31150925159454346 
vn -0.9349977374076843 0.12420525401830673 -0.33219319581985474 
vn -0.9271508455276489 0.16518479585647583 -0.3363112509250641 
vn -0.9234380125999451 0.16900481283664703 -0.34452807903289795 
vn -0.9247349500656128 0.14302058517932892 -0.3527185618877411 
vn -0.9181966185569763 0.15402543544769287 -0.3649536371231079 
vn -0.9092296957969666 0.17628782987594604 -0.37712597846984863 
vn -0.8986408710479736 0.20234103500843048 -0.3892335295677185 
vn -0.8889088034629822 0.22807694971561432 -0.3972681760787964 
vn -0.8787716031074524 0.23872219026088715 -0.41324591636657715 
vn -0.8720455765724182 0.24246011674404144 -0.42514660954475403 
vn -0.8662355542182922 0.23503807187080383 -0.4409002661705017 
vn -0.8611527681350708 0.2313966155052185 -0.45262736082077026 
vn -0.8519099354743958 0.24227382242679596 -0.4642767012119293 
vn -0.8476652503013611 0.2496126890182495 -0.46814218163490295 
vn -0.838800311088562 0.2713508605957031 -0.4719987213611603 
vn -0.8307051658630371 0.28896236419677734 -0.4758462607860565 
vn -0.8233707547187805 0.3032543957233429 -0.4796847105026245 
vn -0.8134437203407288 0.31751346588134766 -0.48733407258987427 
vn -0.8052172064781189 0.32075774669647217 -0.4987381398677826 
vn -0.7952078580856323 0.3278518617153168 -0.5100564956665039 
vn -0.7926559448242188 0.30993539094924927 -0.5250110030174255 
vn -0.7907906770706177 0.28157004714012146 -0.5434780716896057 
vn -0.7877858877182007 0.25278931856155396 -0.5616858005523682 
vn -0.7887994050979614 0.22373981773853302 -0.5724822878837585 
vn -0.784270703792572 0.20167824625968933 -0.5867242813110352 
vn -0.777166485786438 0.19813840091228485 -0.5972883701324463 
vn -0.767890453338623 0.21259571611881256 -0.6042742133140564 
vn -0.7619607448577881 0.2237318605184555 -0.607749879360199 
vn -0.7520269155502319 0.23799335956573486 -0.6146662831306458 
vn -0.7423373460769653 0.24159736931324005 -0.6249527335166931 
vn -0.7371265888214111 0.23076380789279938 -0.6351318359375 
vn -0.7287852764129639 0.21971754729747772 -0.6485338807106018 
vn -0.7209615111351013 0.21598772704601288 -0.6584556698799133 
vn -0.7138158082962036 0.21961818635463715 -0.6650074124336243 
vn -0.7085564136505127 0.22665102779865265 -0.6682642698287964 
vn -0.7038094401359558 0.24098779261112213 -0.6682642698287964 
vn -0.6968820691108704 0.2518569529056549 -0.6715083718299866 
vn -0.6888502240180969 0.27306026220321655 -0.6715083718299866 
vn -0.6800543069839478 0.28679701685905457 -0.67473965883255 
vn -0.6691697239875793 0.3042774498462677 -0.677958071231842 
vn -0.6596274971961975 0.3176598846912384 -0.681163489818573 
vn -0.6561052203178406 0.296802282333374 -0.6938546895980835 
vn -0.6529257893562317 0.3108363151550293 -0.6907016038894653 
vn -0.6484656929969788 0.25121694803237915 -0.7185974717140198 
vn -0.6411119699478149 0.2154654860496521 -0.736579954624176 
vn -0.6241298913955688 0.14245358109474182 -0.7682244777679443 
vn -0.6073133945465088 0.10537887364625931 -0.7874425053596497 
vn -0.585761547088623 0.05662398412823677 -0.8085030317306519 
vn -0.5687881708145142 0.07917408645153046 -0.8186644315719604 
vn -0.5321161150932312 0.07911113649606705 -0.8429672718048096 
vn -0.4893459677696228 0.06029559299349785 -0.8700028657913208 
vn -0.4643530547618866 0.041575394570827484 -0.8846737742424011 
vn -0.42941099405288696 0.037779550999403 -0.9023185968399048 
vn -0.3813195526599884 0.03779444471001625 -0.9236704111099243 
vn -0.402405709028244 0.026454022154211998 -0.9150791168212891 
vn -0.3986288011074066 0.02265680581331253 -0.916832447052002 
vn -0.4032565951347351 0.0037818062119185925 -0.9150791168212891 
vn -0.3751016855239868 -7.757970020517632e-14 -0.926983654499054 
vn -0.3768691122531891 -0.04151162877678871 -0.9253358840942383 
vn -0.39688965678215027 -0.07147575914859772 -0.9150791168212891 
vn -0.417719304561615 -0.06768976897001266 -0.9060511589050293 
vn -0.4257031977176666 -0.06780775636434555 -0.9023185968399048 
vn -0.40903496742248535 -0.07148398458957672 -0.9097144603729248 
vn -0.37714532017707825 -0.06778222322463989 -0.9236704111099243 
vn -0.3674241602420807 -0.0935576856136322 -0.9253358840942383 
vn -0.281541109085083 -0.1283864974975586 -0.9509214162826538 
vn -0.3790569305419922 -0.11201854795217514 -0.9185682535171509 
vn -0.4314430356025696 -0.13026033341884613 -0.8926864862442017 
vn -0.46942293643951416 -0.13783501088619232 -0.872148871421814 
vn -0.4773271679878235 -0.19516068696975708 -0.8567795157432556 
vn -0.49382442235946655 -0.11991847306489944 -0.8612531423568726 
vn -0.5037571787834167 -0.17798873782157898 -0.8453097939491272 
vn -0.46216121315956116 -0.1049315556883812 -0.8805659413337708 
vn -0.4351470470428467 -0.1012597307562828 -0.8946471214294434 
vn -0.4502417743206024 -0.0864270031452179 -0.888714075088501 
vn -0.4786539673805237 -0.10122627019882202 -0.872148871421814 
vn -0.5006981492042542 -0.12341100722551346 -0.8567795157432556 
vn -0.5139519572257996 -0.17096906900405884 -0.8406086564064026 
vn -0.5242674350738525 -0.1747194528579712 -0.8334367275238037 
vn -0.49686887860298157 -0.1380225419998169 -0.8567795157432556 
vn -0.4832945466041565 -0.09757774323225021 -0.8700028657913208 
vn -0.46067607402801514 -0.0716228038072586 -0.8846737742424011 
vn -0.46339601278305054 -0.07893938571214676 -0.882628321647644 
vn -0.48155075311660767 -0.08640164136886597 -0.872148871421814 
vn -0.5017227530479431 -0.1344362050294876 -0.8545181155204773 
vn -0.5318871140480042 -0.17480923235416412 -0.8285757899284363 
vn -0.5294765830039978 -0.18198002874851227 -0.8285757899284363 
vn -0.4997144639492035 -0.1417189985513687 -0.8545181155204773 
vn -0.4700019955635071 -0.10505789518356323 -0.8763908743858337 
vn -0.4835375249385834 -0.15631529688835144 -0.8612531423568726 
vn -0.5166522860527039 -0.19609595835208893 -0.8334367275238037 
vn -0.48749586939811707 -0.24435941874980927 -0.838234007358551 
vn -0.4976047873497009 -0.2720066010951996 -0.8236515522003174 
vn -0.5067527294158936 -0.2380416989326477 -0.8285757899284363 
vn -0.5268741250038147 -0.1998170018196106 -0.8261215686798096 
vn -0.5521246194839478 -0.1821795254945755 -0.8136147856712341 
vn -0.5793020129203796 -0.18941792845726013 -0.7927988767623901 
vn -0.5945216417312622 -0.1752837747335434 -0.7847417593002319 
vn -0.6037279367446899 -0.16796229779720306 -0.7792953848838806 
vn -0.6127455830574036 -0.16060113906860352 -0.7737894654273987 
vn -0.6180335283279419 -0.1535300612449646 -0.7710143327713013 
vn -0.6205912232398987 -0.15715503692626953 -0.7682244777679443 
vn -0.6275122165679932 -0.15706193447113037 -0.762600839138031 
vn -0.635208785533905 -0.15356944501399994 -0.7569189071655273 
vn -0.646258533000946 -0.14971718192100525 -0.7482877969741821 
vn -0.6527228355407715 -0.1644717901945114 -0.7395281791687012 
vn -0.6661199927330017 -0.1498241424560547 -0.7306414246559143 
vn -0.6734262704849243 -0.1462312936782837 -0.7246471047401428 
vn -0.6830841302871704 -0.146223783493042 -0.715552031993866 
vn -0.6902111768722534 -0.14258858561515808 -0.7094202041625977 
vn -0.6972512602806091 -0.1389327347278595 -0.7032341957092285 
vn -0.7011207938194275 -0.13512995839118958 -0.7001210451126099 
vn -0.7042044997215271 -0.13525770604610443 -0.6969945430755615 
vn -0.7110709547996521 -0.13156495988368988 -0.6907016038894653 
vn -0.7134580612182617 -0.13517659902572632 -0.6875353455543518 
vn -0.724544107913971 -0.12413191795349121 -0.677958071231842 
vn -0.7308458685874939 -0.13887819647789001 -0.6682642698287964 
vn -0.7389753460884094 -0.14265894889831543 -0.6584556698799133 
vn -0.7454813718795776 -0.15382236242294312 -0.6485338807106018 
vn -0.7517397403717041 -0.1649368703365326 -0.6385006904602051 
vn -0.7640175819396973 -0.14643631875514984 -0.6283578276634216 
vn -0.7730337977409363 -0.1426972895860672 -0.6181069612503052 
vn -0.7784749269485474 -0.14280858635902405 -0.6112139225006104 
vn -0.7845620512962341 -0.13897842168807983 -0.6042742133140564 
vn -0.7911533117294312 -0.1316169947385788 -0.5972883701324463 
vn -0.7964016199111938 -0.13168594241142273 -0.590256929397583 
vn -0.8047913312911987 -0.12784871459007263 -0.5796254277229309 
vn -0.8135439157485962 -0.12043917179107666 -0.5688942670822144 
vn -0.81867516040802 -0.13540314137935638 -0.5580654144287109 
vn -0.8271758556365967 -0.14286956191062927 -0.5434780716896057 
vn -0.8353831171989441 -0.1502835601568222 -0.528724730014801 
vn -0.8459402918815613 -0.1427738219499588 -0.5138099193572998 
vn -0.8532915711402893 -0.1391640454530716 -0.5025205612182617 
vn -0.8610789775848389 -0.13160449266433716 -0.4911448359489441 
vn -0.8659315705299377 -0.12797147035598755 -0.4835140109062195 
vn -0.8701812028884888 -0.12788666784763336 -0.4758462607860565 
vn -0.8758512735366821 -0.13164971768856049 -0.4642767012119293 
vn -0.8813615441322327 -0.13538925349712372 -0.45262736082077026 
vn -0.8880425691604614 -0.14294704794883728 -0.43697428703308105 
vn -0.8931692242622375 -0.1466255933046341 -0.42514660954475403 
vn -0.9005541801452637 -0.1466486155986786 -0.40926313400268555 
vn -0.9070737361907959 -0.13926686346530914 -0.3972681760787964 
vn -0.9111171364784241 -0.13550950586795807 -0.3892335295677185 
vn -0.9150707721710205 -0.1317407488822937 -0.3811691105365753 
vn -0.9210757613182068 -0.12427809834480286 -0.3690181374549866 
vn -0.9279283285140991 -0.12057612091302872 -0.3527185618877411 
vn -0.9339736104011536 -0.13168497383594513 -0.33219319581985474 
vn -0.940001368522644 -0.13913795351982117 -0.31150925159454346 
vn -0.9449228644371033 -0.1504257470369339 -0.29067665338516235 
vn -0.9523013234138489 -0.15044735372066498 -0.26549527049064636 
vn -0.9579997062683105 -0.1429407298564911 -0.24860523641109467 
vn -0.9628182649612427 -0.13167385756969452 -0.23588760197162628 
vn -0.9668350219726562 -0.12427107244729996 -0.22312943637371063 
vn -0.9706238508224487 -0.11683052033185959 -0.2103329300880432 
vn -0.9746192693710327 -0.113071508705616 -0.19321508705615997 
vn -0.9774318337440491 -0.1167798563838005 -0.1760382205247879 
vn -0.9789856672286987 -0.12793442606925964 -0.15880759060382843 
vn -0.9816285967826843 -0.12796491384506226 -0.1415284425020218 
vn -0.9839715957641602 -0.12795627117156982 -0.1242060661315918 
vn -0.986000657081604 -0.124256432056427 -0.1111890971660614 
vn -0.987845242023468 -0.12053129822015762 -0.0981530249118805 
vn -0.9891260862350464 -0.1167382150888443 -0.08945280313491821 
vn -0.9906567931175232 -0.11297659575939178 -0.0763898640871048 
vn -0.9933116436004639 -0.10174430906772614 -0.05459024757146835 
vn -0.992024302482605 -0.12045355886220932 -0.03713129088282585 
vn -0.9895321726799011 -0.14296671748161316 -0.01966099627315998 
vn -0.991767942905426 -0.1280297040939331 -0.002184694167226553 
vn -0.9925928115844727 -0.12052258849143982 0.0152922747656703 
vn -0.9929056763648987 -0.11295852065086365 0.03713129088282585 
vn -0.9947365522384644 -0.08671239763498306 0.05459024757146835 
vn -0.9912822246551514 -0.11304792016744614 0.06767380982637405 
vn -0.9894323945045471 -0.12043118476867676 0.08074574917554855 
vn -0.9878156781196594 -0.12418167293071747 0.09380380809307098 
vn -0.9860138893127441 -0.12790867686271667 0.10684575140476227 
vn -0.9834980368614197 -0.13551011681556702 0.11986933648586273 
vn -0.9817584156990051 -0.13162876665592194 0.1372016966342926 
vn -0.9806143045425415 -0.1205311119556427 0.15449213981628418 
vn -0.9786432385444641 -0.11297958344221115 0.17173540592193604 
vn -0.9758920073509216 -0.10927806049585342 0.18892620503902435 
vn -0.9715613722801208 -0.11665362864732742 0.2060592919588089 
vn -0.967324435710907 -0.12798529863357544 0.21886809170246124 
vn -0.9622553586959839 -0.14285628497600555 0.23163928091526031 
vn -0.9585275053977966 -0.14665621519088745 0.24437066912651062 
vn -0.9529112577438354 -0.14653456211090088 0.26549527049064636 
vn -0.9455375075340271 -0.14651262760162354 0.29067665338516235 
vn -0.941076934337616 -0.131666898727417 0.31150925159454346 
vn -0.9349977374076843 -0.12420525401830673 0.33219319581985474 
vn -0.9274551272392273 -0.12416348606348038 0.3527185618877411 
vn -0.9227079153060913 -0.12417316436767578 0.3649536371231079 
vn -0.9184303283691406 -0.13153086602687836 0.37307560443878174 
vn -0.9134162664413452 -0.14276142418384552 0.3811691105365753 
vn -0.9082862138748169 -0.1427130401134491 0.3932546079158783 
vn -0.9023728370666504 -0.14655181765556335 0.405272513628006 
vn -0.8950570225715637 -0.1465393453836441 0.42118772864341736 
vn -0.8905993700027466 -0.13895738124847412 0.43303996324539185 
vn -0.8844748139381409 -0.12786144018173218 0.4487268626689911 
vn -0.879936158657074 -0.13153912127017975 0.456519216299057 
vn -0.8743636608123779 -0.12779304385185242 0.46814218163490295 
vn -0.869051456451416 -0.13535113632678986 0.4758462607860565 
vn -0.8642327785491943 -0.13898161053657532 0.4835140109062195 
vn -0.8571378588676453 -0.14262863993644714 0.4949462115764618 
vn -0.8469274044036865 -0.15018776059150696 0.5100564956665039 
vn -0.838024377822876 -0.16116686165332794 0.5212872624397278 
vn -0.8313525319099426 -0.1463770717382431 0.5361219048500061 
vn -0.8242180943489075 -0.1314982920885086 0.5507928133010864 
vn -0.8168374300003052 -0.131475031375885 0.5616858005523682 
vn -0.8093149065971375 -0.13142849504947662 0.5724822878837585 
vn -0.8003981709480286 -0.13879258930683136 0.5831804275512695 
vn -0.7945112586021423 -0.14264839887619019 0.590256929397583 
vn -0.7878769636154175 -0.14998836815357208 0.5972883701324463 
vn -0.7810966372489929 -0.15729160606861115 0.6042742133140564 
vn -0.7721720933914185 -0.16104543209075928 0.6146662831306458 
vn -0.7597483992576599 -0.17948922514915466 0.6249527335166931 
vn -0.7574927806854248 -0.16460710763931274 0.6317508816719055 
vn -0.7468963265419006 -0.16081219911575317 0.6452018022537231 
vn -0.7397043108940125 -0.15362854301929474 0.6551609039306641 
vn -0.7368062138557434 -0.13863502442836761 0.661737859249115 
vn -0.7292614579200745 -0.1313554048538208 0.6715083718299866 
vn -0.7219241857528687 -0.13855816423892975 0.677958071231842 
vn -0.7151376605033875 -0.14224973320960999 0.6843559741973877 
vn -0.7113110423088074 -0.1460539549589157 0.6875353455543518 
vn -0.7043787837028503 -0.14972032606601715 0.6938546895980835 
vn -0.699691653251648 -0.1569400429725647 0.6969945430755615 
vn -0.6916651725769043 -0.1645020842552185 0.7032341957092285 
vn -0.6830540299415588 -0.16059592366218567 0.7124928832054138 
vn -0.6757694482803345 -0.16417481005191803 0.7185974717140198 
vn -0.6660149097442627 -0.1641579419374466 0.7276512384414673 
vn -0.6561382412910461 -0.16411134600639343 0.736579954624176 
vn -0.6512465476989746 -0.1569322645664215 0.7424622178077698 
vn -0.6429436206817627 -0.14951013028621674 0.7511792182922363 
vn -0.6353422403335571 -0.15301643311977386 0.7569189071655273 
vn -0.628486692905426 -0.15311583876609802 0.762600839138031 
vn -0.6241305470466614 -0.15682262182235718 0.7654199600219727 
vn -0.6207368969917297 -0.15657849609851837 0.7682244777679443 
vn -0.6118588447570801 -0.16394707560539246 0.7737894654273987 
vn -0.5774433016777039 -0.28406259417533875 0.7654199600219727 
vn -0.5359798073768616 -0.42295241355895996 0.7306414246559143 
vn -0.5891937017440796 -0.2670033276081085 0.762600839138031 
vn -0.6003409624099731 -0.24968917667865753 0.7597671151161194 
vn -0.6087791323661804 -0.24655041098594666 0.7540562748908997 
vn -0.6194608211517334 -0.21832877397537231 0.7540562748908997 
vn -0.6288971900939941 -0.21107734739780426 0.7482877969741821 
vn -0.6358463168144226 -0.2002621442079544 0.7453821301460266 
vn -0.6413838863372803 -0.1933300495147705 0.7424622178077698 
vn -0.6514527201652527 -0.19342805445194244 0.7336177229881287 
vn -0.6634771227836609 -0.18623816967010498 0.7246471047401428 
vn -0.673270583152771 -0.18625794351100922 0.715552031993866 
vn -0.6848833560943604 -0.1789613664150238 0.7063339352607727 
vn -0.6916651725769043 -0.1645020842552185 0.7032341957092285 
vn -0.6993283629417419 -0.17177152633666992 0.6938546895980835 
vn -0.7033568620681763 -0.16798926889896393 0.6907016038894653 
vn -0.7068363428115845 -0.1789952665567398 0.6843559741973877 
vn -0.715638279914856 -0.16803202033042908 0.677958071231842 
vn -0.7203221321105957 -0.1608179211616516 0.67473965883255 
vn -0.7220284342765808 -0.17915859818458557 0.6682642698287964 
vn -0.7300956845283508 -0.15724335610866547 0.6650074124336243 
vn -0.7352188229560852 -0.16090187430381775 0.6584556698799133 
vn -0.7447605133056641 -0.15727543830871582 0.6485338807106018 
vn -0.7546790242195129 -0.16452091932296753 0.6351318359375 
vn -0.7675329446792603 -0.14257360994815826 0.6249527335166931 
vn -0.7748945355415344 -0.16110870242118835 0.6112139225006104 
vn -0.7810966372489929 -0.15729160606861115 0.6042742133140564 
vn -0.7890757918357849 -0.1574377864599228 0.5937783122062683 
vn -0.7950879335403442 -0.15358957648277283 0.5867242813110352 
vn -0.8002649545669556 -0.15365666151046753 0.5796254277229309 
vn -0.8053799867630005 -0.1537112295627594 0.5724822878837585 
vn -0.8099957704544067 -0.16857033967971802 0.5616858005523682 
vn -0.8149704933166504 -0.16859890520572662 0.5544344186782837 
vn -0.8262077569961548 -0.16121768951416016 0.5398051738739014 
vn -0.8394159078598022 -0.15375494956970215 0.5212872624397278 
vn -0.8491871953010559 -0.15016032755374908 0.5062933564186096 
vn -0.8531344532966614 -0.16489361226558685 0.4949462115764618 
vn -0.8603506684303284 -0.16127890348434448 0.4835140109062195 
vn -0.8673930168151855 -0.15762777626514435 0.4719987213611603 
vn -0.871571958065033 -0.15751010179519653 0.4642767012119293 
vn -0.8763057589530945 -0.15387797355651855 0.456519216299057 
vn -0.8796517848968506 -0.15766087174415588 0.4487268626689911 
vn -0.8848840594291687 -0.16134965419769287 0.43697428703308105 
vn -0.8924941420555115 -0.16141586005687714 0.42118772864341736 
vn -0.8998299241065979 -0.16143201291561127 0.405272513628006 
vn -0.9081807136535645 -0.15396441519260406 0.3892335295677185 
vn -0.9132674336433411 -0.15400832891464233 0.37712597846984863 
vn -0.9171994924545288 -0.1502353996038437 0.3690181374549866 
vn -0.9232030510902405 -0.14278365671634674 0.3568037748336792 
vn -0.9289751052856445 -0.13529837131500244 0.34452807903289795 
vn -0.9339736104011536 -0.13168497383594513 0.33219319581985474 
vn -0.9391658902168274 -0.13537824153900146 0.31565824151039124 
vn -0.9477299451828003 -0.13158667087554932 0.29067665338516235 
vn -0.9550876617431641 -0.1316048502922058 0.26549527049064636 
vn -0.9622705578804016 -0.12795428931713104 0.2401314377784729 
vn -0.9673275351524353 -0.12037722021341324 0.22312943637371063 
vn -0.9701834917068481 -0.12043293565511703 0.2103329300880432 
vn -0.9737713932991028 -0.11297313868999481 0.1975002884864807 
vn -0.9762912392616272 -0.11298608034849167 0.18463370203971863 
vn -0.9782989621162415 -0.10927785187959671 0.1760382205247879 
vn -0.9799349308013916 -0.12044760584831238 0.15880759060382843 
vn -0.9836493730545044 -0.116659976541996 0.1372016966342926 
vn -0.9864243865013123 -0.11670352518558502 0.11553031951189041 
vn -0.9891247749328613 -0.10547920316457748 0.10250037163496017 
vn -0.9899824261665344 -0.10923811793327332 0.08945280313491821 
vn -0.9914836287498474 -0.10547405481338501 0.0763898640871048 
vn -0.9911479353904724 -0.11669270694255829 0.0633138045668602 
vn -0.9918869733810425 -0.11677972227334976 0.05022686347365379 
vn -0.9935595393180847 -0.10543891042470932 0.04149730131030083 
vn -0.9933039546012878 -0.11300383508205414 0.024029340595006943 
vn -0.9935884475708008 -0.11303620040416718 0.002184694167226553 
vn -0.9941290020942688 -0.10549934208393097 -0.024029340595006943 
vn -0.9944894909858704 -0.09427247196435928 -0.04586252197623253 
vn -0.9905022978782654 -0.12421660125255585 -0.058952588587999344 
vn -0.9918060898780823 -0.10550835728645325 -0.07203252613544464 
vn -0.9915217161178589 -0.10180770605802536 -0.08074574917554855 
vn -0.9895845055580139 -0.10919420421123505 -0.09380380809307098 
vn -0.9882482886314392 -0.10931263118982315 -0.10684575140476227 
vn -0.9858042597770691 -0.11297237128019333 -0.1242060661315918 
vn -0.9825757741928101 -0.120476134121418 -0.1415284425020218 
vn -0.979672908782959 -0.1167597770690918 -0.16312000155448914 
vn -0.9770832657814026 -0.11307774484157562 -0.18033768236637115 
vn -0.9746192693710327 -0.113071508705616 -0.19321508705615997 
vn -0.971987783908844 -0.11304576694965363 -0.2060592919588089 
vn -0.9697021842002869 -0.1167195737361908 -0.21460255980491638 
vn -0.9663140177726746 -0.12055107951164246 -0.22738653421401978 
vn -0.9616912603378296 -0.12422938644886017 -0.24437066912651062 
vn -0.956227719783783 -0.13176195323467255 -0.2612801790237427 
vn -0.9489789009094238 -0.13176007568836212 -0.2864931523799896 
vn -0.940001368522644 -0.13913795351982117 -0.31150925159454346 
vn -0.9319689273834229 -0.13538327813148499 -0.3363112509250641 
vn -0.925859808921814 -0.13554777204990387 -0.3527185618877411 
vn -0.9205732941627502 -0.13911758363246918 -0.3649536371231079 
vn -0.9167298078536987 -0.14290213584899902 -0.37307560443878174 
vn -0.9105050563812256 -0.1503250002861023 -0.3852050006389618 
vn -0.9033567309379578 -0.16163091361522675 -0.3972681760787964 
vn -0.8980029225349426 -0.16153785586357117 -0.40926313400268555 
vn -0.889219343662262 -0.16893568634986877 -0.42514660954475403 
vn -0.8815303444862366 -0.16885261237621307 -0.4409002661705017 
vn -0.8762710690498352 -0.16515903174877167 -0.45262736082077026 
vn -0.8694455623626709 -0.1688535362482071 -0.4642767012119293 
vn -0.865253210067749 -0.16897942125797272 -0.4719987213611603 
vn -0.8603037595748901 -0.17256884276866913 -0.4796847105026245 
vn -0.8530749082565308 -0.17618149518966675 -0.4911448359489441 
vn -0.848640501499176 -0.1762656718492508 -0.4987381398677826 
vn -0.8418650031089783 -0.1763681024312973 -0.5100564956665039 
vn -0.8349255323410034 -0.1651143878698349 -0.5250110030174255 
vn -0.8223327994346619 -0.17994199693202972 -0.5398051738739014 
vn -0.8125457167625427 -0.17992205917835236 -0.5544344186782837 
vn -0.7990660071372986 -0.1945580244064331 -0.5688942670822144 
vn -0.7973911762237549 -0.17978587746620178 -0.5760593414306641 
vn -0.7896035313606262 -0.17966876924037933 -0.5867242813110352 
vn -0.7834212183952332 -0.18351693451404572 -0.5937783122062683 
vn -0.7780861258506775 -0.18340356647968292 -0.6007870435714722 
vn -0.7717432975769043 -0.1872228980064392 -0.607749879360199 
vn -0.7635287642478943 -0.18699628114700317 -0.6181069612503052 
vn -0.7594277262687683 -0.1686297506093979 -0.6283578276634216 
vn -0.7483565211296082 -0.1796645075082779 -0.6385006904602051 
vn -0.7340292930603027 -0.19049368798732758 -0.651853621006012 
vn -0.7241886854171753 -0.1940457820892334 -0.661737859249115 
vn -0.7171724438667297 -0.19770319759845734 -0.6682642698287964 
vn -0.7088150382041931 -0.21600398421287537 -0.6715083718299866 
vn -0.7049375772476196 -0.19768477976322174 -0.681163489818573 
vn -0.6976962685585022 -0.20128357410430908 -0.6875353455543518 
vn -0.6912775635719299 -0.2122890204191208 -0.6907016038894653 
vn -0.6881753206253052 -0.2120857685804367 -0.6938546895980835 
vn -0.6806924343109131 -0.21561141312122345 -0.7001210451126099 
vn -0.6762781739234924 -0.21933871507644653 -0.7032341957092285 
vn -0.6686375737190247 -0.22281546890735626 -0.7094202041625977 
vn -0.6609029769897461 -0.22625771164894104 -0.715552031993866 
vn -0.6484182476997375 -0.23332446813583374 -0.7246471047401428 
vn -0.6408460736274719 -0.2261003851890564 -0.7336177229881287 
vn -0.6223044991493225 -0.2649284303188324 -0.736579954624176 
vn -0.6176854968070984 -0.2507390081882477 -0.7453821301460266 
vn -0.605406641960144 -0.27119752764701843 -0.7482877969741821 
vn -0.6012489795684814 -0.26438385248184204 -0.7540562748908997 
vn -0.5894985198974609 -0.27430903911590576 -0.7597671151161194 
vn -0.5842066407203674 -0.2777455449104309 -0.762600839138031 
vn -0.5755194425582886 -0.2879404127597809 -0.7654199600219727 
vn -0.5665812492370605 -0.2980216145515442 -0.7682244777679443 
vn -0.5538486242294312 -0.3074110746383667 -0.7737894654273987 
vn -0.5230441689491272 -0.3128814101219177 -0.7927988767623901 
vn -0.4837428033351898 -0.3533281683921814 -0.8007197380065918 
vn -0.45292404294013977 -0.3701765537261963 -0.8110666871070862 
vn -0.4162619709968567 -0.3229815363883972 -0.8499464392662048 
vn -0.41594579815864563 -0.23505328595638275 -0.8784868121147156 
vn -0.429944783449173 -0.1591690331697464 -0.888714075088501 
vn -0.45192039012908936 -0.09760545194149017 -0.8867024183273315 
vn -0.4060268998146057 -0.11922025680541992 -0.9060511589050293 
vn -0.3623204231262207 -0.09708346426486969 -0.926983654499054 
vn -0.34649571776390076 -0.007560563273727894 -0.9380210638046265 
vn -0.3860412836074829 0.030192628502845764 -0.9219872951507568 
vn -0.42630377411842346 0.02644202671945095 -0.9041935205459595 
vn -0.44227924942970276 0.022674093022942543 -0.8965907096862793 
vn -0.4613507091999054 0.030238524079322815 -0.8867024183273315 
vn -0.9707484841346741 -0.23567767441272736 -0.04586252197623253 
vn -0.43619346618652344 0.04901141673326492 -0.8985171914100647 
vn -0.36174482107162476 0.08256589621305466 -0.9286137819290161 
vn -0.33007851243019104 0.05266173928976059 -0.9424833655357361 
vn -0.3011240065097809 -0.07122372835874557 -0.9509214162826538 
vn -0.34356218576431274 -0.19544140994548798 -0.9185682535171509 
vn -0.32913535833358765 -0.2783720791339874 -0.9023185968399048 
vn -0.32153138518333435 -0.33222946524620056 -0.8867024183273315 
vn -0.37180593609809875 -0.40388891100883484 -0.8358433246612549 
vn -0.4121938645839691 -0.4442393183708191 -0.7954543828964233 
vn -0.4499949812889099 -0.45534127950668335 -0.7682244777679443 
vn -0.48147568106651306 -0.4467441439628601 -0.7540562748908997 
vn -0.5101833939552307 -0.4341229200363159 -0.7424622178077698 
vn -0.5250673890113831 -0.42632636427879333 -0.736579954624176 
vn -0.5314715504646301 -0.42348918318748474 -0.7336177229881287 
vn -0.53781658411026 -0.4206143319606781 -0.7306414246559143 
vn -0.5459200739860535 -0.4153251647949219 -0.7276512384414673 
vn -0.5475771427154541 -0.4183848202228546 -0.7246471047401428 
vn -0.549670398235321 -0.43110066652297974 -0.715552031993866 
vn -0.5633650422096252 -0.4130437970161438 -0.715552031993866 
vn -0.5728369355201721 -0.4105859696865082 -0.7094202041625977 
vn -0.5822021961212158 -0.4080468416213989 -0.7032341957092285 
vn -0.5914605855941772 -0.4054294228553772 -0.6969945430755615 
vn -0.6063825488090515 -0.3994938135147095 -0.6875353455543518 
vn -0.6112251877784729 -0.403013676404953 -0.681163489818573 
vn -0.6185916662216187 -0.39713627099990845 -0.677958071231842 
vn -0.6242111325263977 -0.3938106894493103 -0.67473965883255 
vn -0.6314085125923157 -0.38781410455703735 -0.6715083718299866 
vn -0.6368989944458008 -0.38442495465278625 -0.6682642698287964 
vn -0.6400667428970337 -0.38481128215789795 -0.6650074124336243 
vn -0.6454823613166809 -0.3813863694667816 -0.661737859249115 
vn -0.6517388820648193 -0.38210028409957886 -0.6551609039306641 
vn -0.6601486206054688 -0.3789559006690979 -0.6485338807106018 
vn -0.6714914441108704 -0.3760532736778259 -0.6385006904602051 
vn -0.6826444864273071 -0.37304553389549255 -0.6283578276634216 
vn -0.6936064958572388 -0.36993756890296936 -0.6181069612503052 
vn -0.7134584784507751 -0.33639606833457947 -0.6146662831306458 
vn -0.713560163974762 -0.36039814352989197 -0.6007870435714722 
vn -0.7192307710647583 -0.3607414662837982 -0.5937783122062683 
vn -0.7234007716178894 -0.363931268453598 -0.5867242813110352 
vn -0.7289577126502991 -0.36421841382980347 -0.5796254277229309 
vn -0.7344541549682617 -0.36447376012802124 -0.5724822878837585 
vn -0.7398896217346191 -0.3646976947784424 -0.5652954578399658 
vn -0.7377095818519592 -0.38521048426628113 -0.5544344186782837 
vn -0.753208339214325 -0.36512231826782227 -0.5471406579017639 
vn -0.7635816931724548 -0.36532580852508545 -0.5324283838272095 
vn -0.7831025123596191 -0.34480252861976624 -0.5175535082817078 
vn -0.7904810905456543 -0.35552769899368286 -0.4987381398677826 
vn -0.7983072996139526 -0.34854304790496826 -0.4911448359489441 
vn -0.8012901544570923 -0.35234683752059937 -0.4835140109062195 
vn -0.8059267997741699 -0.3522106111049652 -0.4758462607860565 
vn -0.808786153793335 -0.3559603989124298 -0.46814218163490295 
vn -0.8138147592544556 -0.3595772385597229 -0.456519216299057 
vn -0.8217352628707886 -0.35621386766433716 -0.44481781125068665 
vn -0.8323999643325806 -0.3458130359649658 -0.43303996324539185 
vn -0.8452197909355164 -0.338867723941803 -0.41324591636657715 
vn -0.856332540512085 -0.3250747621059418 -0.401274174451828 
vn -0.8644333481788635 -0.31820160150527954 -0.3892335295677185 
vn -0.8693234920501709 -0.31462153792381287 -0.3811691105365753 
vn -0.8741205930709839 -0.3110109567642212 -0.37307560443878174 
vn -0.8740496635437012 -0.32527101039886475 -0.36088213324546814 
vn -0.8869380354881287 -0.3076382577419281 -0.34452807903289795 
vn -0.8967716693878174 -0.2969367802143097 -0.3280687630176544 
vn -0.9130488634109497 -0.26809534430503845 -0.30735430121421814 
vn -0.9167048335075378 -0.2827659845352173 -0.28230419754981995 
vn -0.9262766242027283 -0.27555713057518005 -0.25706008076667786 
vn -0.9307887554168701 -0.2718735933303833 -0.24437066912651062 
vn -0.9318335056304932 -0.2793377637863159 -0.23163928091526031 
vn -0.9338756799697876 -0.2827949523925781 -0.21886809170246124 
vn -0.9345340728759766 -0.290147602558136 -0.2060592919588089 
vn -0.9302939176559448 -0.31180310249328613 -0.19321508705615997 
vn -0.941756010055542 -0.28654173016548157 -0.1760382205247879 
vn -0.9466081261634827 -0.28295791149139404 -0.15449213981628418 
vn -0.9530843496322632 -0.2719837725162506 -0.1328723281621933 
vn -0.964993417263031 -0.23545797169208527 -0.11553031951189041 
vn -0.9603149890899658 -0.257641464471817 -0.10684575140476227 
vn -0.9617481231689453 -0.2573741376399994 -0.09380380809307098 
vn -0.9625032544136047 -0.25757619738578796 -0.08510008454322815 
vn -0.9585330486297607 -0.27572765946388245 -0.07203252613544464 
vn -0.9560073018074036 -0.2864286005496979 -0.0633138045668602 
vn -0.28397810459136963 0.07119377702474594 -0.9561840295791626 
vn -0.27116701006889343 -0.12100694328546524 -0.9548956751823425 
vn -0.9629926681518555 -0.26845434308052063 -0.024029340595006943 
vn -0.8789264559745789 -0.4747472107410431 -0.04586252197623253 
vn -0.8816480040550232 -0.46764105558395386 -0.0633138045668602 
vn -0.963268518447876 -0.2685312330722809 0.002184694167226553 
vn -0.9629926681518555 -0.26845434308052063 0.024029340595006943 
vn -0.9644397497177124 -0.26102471351623535 0.04149730131030083 
vn -0.9647293090820312 -0.2575214207172394 0.05459024757146835 
vn -0.9588263630867004 -0.2758120596408844 0.06767380982637405 
vn -0.9602805376052856 -0.2683763802051544 0.0763898640871048 
vn -0.9625032544136047 -0.25757619738578796 0.08510008454322815 
vn -0.9637064933776855 -0.2465025782585144 0.10250037163496017 
vn -0.9537270069122314 -0.2757464051246643 0.11986933648586273 
vn -0.9486666917800903 -0.2828448414802551 0.1415284425020218 
vn -0.9368661046028137 -0.31154781579971313 0.15880759060382843 
vn -0.941756010055542 -0.28654173016548157 0.1760382205247879 
vn -0.9392606019973755 -0.28652462363243103 0.18892620503902435 
vn -0.9387839436531067 -0.27922892570495605 0.2017817199230194 
vn -0.9380289316177368 -0.2754301428794861 0.2103329300880432 
vn -0.9372117519378662 -0.2680436372756958 0.22312943637371063 
vn -0.9329503774642944 -0.2682172358036041 0.2401314377784729 
vn -0.9274425506591797 -0.27160704135894775 0.25706008076667786 
vn -0.9239559769630432 -0.2534305155277252 0.2864931523799896 
vn -0.9064102172851562 -0.28974786400794983 0.30735430121421814 
vn -0.8957012295722961 -0.3001503050327301 0.3280687630176544 
vn -0.8882965445518494 -0.30369338393211365 0.34452807903289795 
vn -0.8858578205108643 -0.29655858874320984 0.3568037748336792 
vn -0.8812872171401978 -0.3002361059188843 0.3649536371231079 
vn -0.8779802322387695 -0.2999421954154968 0.37307560443878174 
vn -0.8732462525367737 -0.3035639524459839 0.3811691105365753 
vn -0.8634998202323914 -0.3107186257839203 0.3972681760787964 
vn -0.8533843755722046 -0.317746639251709 0.41324591636657715 
vn -0.8429030776023865 -0.3246380388736725 0.42909738421440125 
vn -0.8326230645179749 -0.3351801931858063 0.4409002661705017 
vn -0.8207238912582397 -0.3486269414424896 0.45262736082077026 
vn -0.8249269127845764 -0.32791048288345337 0.46040233969688416 
vn -0.8220434784889221 -0.32417190074920654 0.46814218163490295 
vn -0.8175423741340637 -0.3243374824523926 0.4758462607860565 
vn -0.812228262424469 -0.3206098973751068 0.48733407258987427 
vn -0.8071411848068237 -0.30983248353004456 0.5025205612182617 
vn -0.7935494780540466 -0.3200274705886841 0.5175535082817078 
vn -0.7782502770423889 -0.3269553482532501 0.5361219048500061 
vn -0.77059006690979 -0.32684561610221863 0.5471406579017639 
vn -0.7593540549278259 -0.340564101934433 0.5544344186782837 
vn -0.760463535785675 -0.3195876181125641 0.5652954578399658 
vn -0.7551382184028625 -0.31942182779312134 0.5724822878837585 
vn -0.7497514486312866 -0.3192290663719177 0.5796254277229309 
vn -0.7472408413887024 -0.3120669424533844 0.5867242813110352 
vn -0.7400900721549988 -0.3157435357570648 0.5937783122062683 
vn -0.7431606650352478 -0.29456257820129395 0.6007870435714722 
vn -0.7303130626678467 -0.3050580322742462 0.6112139225006104 
vn -0.7157606482505798 -0.31840214133262634 0.6215357780456543 
vn -0.7023183107376099 -0.32149115204811096 0.6351318359375 
vn -0.6945797801017761 -0.32492780685424805 0.641857385635376 
vn -0.6837117075920105 -0.3280627727508545 0.651853621006012 
vn -0.6790189743041992 -0.3246065676212311 0.6584556698799133 
vn -0.6759546399116516 -0.3243275284767151 0.661737859249115 
vn -0.6678982973098755 -0.3276197612285614 0.6682642698287964 
vn -0.6611213088035583 -0.34108874201774597 0.6682642698287964 
vn -0.6630845069885254 -0.32410702109336853 0.67473965883255 
vn -0.6565964818000793 -0.3305358290672302 0.677958071231842 
vn -0.6550600528717041 -0.3202393352985382 0.6843559741973877 
vn -0.6399040222167969 -0.33682945370674133 0.6907016038894653 
vn -0.6314032673835754 -0.3398948311805725 0.6969945430755615 
vn -0.6243215799331665 -0.3401238024234772 0.7032341957092285 
vn -0.6086119413375854 -0.34920671582221985 0.7124928832054138 
vn -0.5997299551963806 -0.35205355286598206 0.7185974717140198 
vn -0.590216338634491 -0.3617955446243286 0.7216291427612305 
vn -0.5810943245887756 -0.3644901514053345 0.7276512384414673 
vn -0.5712048411369324 -0.3740162253379822 0.7306414246559143 
vn -0.560209333896637 -0.3958398997783661 0.7276512384414673 
vn -0.5585034489631653 -0.39273014664649963 0.7306414246559143 
vn -0.5496945381164551 -0.40496793389320374 0.7306414246559143 
vn -0.5185949802398682 -0.4772653877735138 0.7094202041625977 
vn -0.5252149105072021 -0.4745962917804718 0.7063339352607727 
vn -0.5302392244338989 -0.468976229429245 0.7063339352607727 
vn -0.5336966514587402 -0.46971213817596436 0.7032341957092285 
vn -0.5401841402053833 -0.46693849563598633 0.7001210451126099 
vn -0.546612560749054 -0.46412643790245056 0.6969945430755615 
vn -0.5563714504241943 -0.4619329571723938 0.6907016038894653 
vn -0.5660216808319092 -0.45964810252189636 0.6843559741973877 
vn -0.5708455443382263 -0.46315035223960876 0.677958071231842 
vn -0.5836321711540222 -0.46129852533340454 0.6682642698287964 
vn -0.5883421301841736 -0.4647113084793091 0.661737859249115 
vn -0.5948430299758911 -0.4657531678676605 0.6551609039306641 
vn -0.5994611978530884 -0.4690949618816376 0.6485338807106018 
vn -0.6054619550704956 -0.46597257256507874 0.6452018022537231 
vn -0.6086491942405701 -0.4664389491081238 0.641857385635376 
vn -0.6118232011795044 -0.46689313650131226 0.6385006904602051 
vn -0.6177246570587158 -0.4637065529823303 0.6351318359375 
vn -0.6253495216369629 -0.4580707848072052 0.6317508816719055 
vn -0.6297752261161804 -0.45196688175201416 0.6317508816719055 
vn -0.6328850984573364 -0.46168139576911926 0.6215357780456543 
vn -0.6420785188674927 -0.4627663493156433 0.6112139225006104 
vn -0.6523820161819458 -0.46652358770370483 0.5972883701324463 
vn -0.6638785004615784 -0.4637024700641632 0.5867242813110352 
vn -0.6739951372146606 -0.458001047372818 0.5796254277229309 
vn -0.6740997433662415 -0.4711144268512726 0.5688942670822144 
vn -0.6798229813575745 -0.47153982520103455 0.5616858005523682 
vn -0.6811793446540833 -0.478118360042572 0.5544344186782837 
vn -0.6839991211891174 -0.47830167412757874 0.5507928133010864 
vn -0.6895931363105774 -0.4786364734172821 0.5434780716896057 
vn -0.695125937461853 -0.4789292812347412 0.5361219048500061 
vn -0.7017418146133423 -0.4856109619140625 0.5212872624397278 
vn -0.7114906907081604 -0.48334604501724243 0.5100564956665039 
vn -0.7219594717025757 -0.48353156447410583 0.4949462115764618 
vn -0.7296963930130005 -0.4872840642929077 0.4796847105026245 
vn -0.7347307205200195 -0.4909313917160034 0.46814218163490295 
vn -0.7413638234138489 -0.4882718026638031 0.46040233969688416 
vn -0.7420752048492432 -0.49442175030708313 0.45262736082077026 
vn -0.7485873699188232 -0.4916848838329315 0.44481781125068665 
vn -0.7467042207717896 -0.5014840960502625 0.43697428703308105 
vn -0.7531216740608215 -0.4986814558506012 0.42909738421440125 
vn -0.7574144005775452 -0.505520761013031 0.41324591636657715 
vn -0.7656523585319519 -0.5059194564819336 0.3972681760787964 
vn -0.7736389636993408 -0.5061549544334412 0.3811691105365753 
vn -0.7830430865287781 -0.5036391019821167 0.3649536371231079 
vn -0.7847673892974854 -0.5067852139472961 0.3568037748336792 
vn -0.7884814143180847 -0.5038716793060303 0.3527185618877411 
vn -0.7941669225692749 -0.5005989074707031 0.34452807903289795 
vn -0.7974032759666443 -0.5010416507720947 0.3363112509250641 
vn -0.8060346245765686 -0.49803146719932556 0.3198012113571167 
vn -0.8115489482879639 -0.5019673705101013 0.2990269064903259 
vn -0.8300610184669495 -0.4857693612575531 0.27391019463539124 
vn -0.8318294882774353 -0.49624103307724 0.24860523641109467 
vn -0.8367546200752258 -0.496170312166214 0.23163928091526031 
vn -0.8399497270584106 -0.4965694546699524 0.21886809170246124 
vn -0.8422160148620605 -0.49641939997673035 0.2103329300880432 
vn -0.8413184881210327 -0.5031668543815613 0.1975002884864807 
vn -0.8441320061683655 -0.5033403635025024 0.18463370203971863 
vn -0.8429167866706848 -0.5099002122879028 0.17173540592193604 
vn -0.8330093622207642 -0.5324878096580505 0.15017375349998474 
vn -0.8475756049156189 -0.5169593095779419 0.11986933648586273 
vn -0.8538166880607605 -0.5103829503059387 0.10250037163496017 
vn -0.8574850559234619 -0.5074223279953003 0.08510008454322815 
vn -0.860332727432251 -0.5039763450622559 0.0763898640871048 
vn -0.8644042015075684 -0.4976109266281128 0.07203252613544464 
vn -0.867103636264801 -0.49408769607543945 0.0633138045668602 
vn -0.8712641596794128 -0.48776912689208984 0.05459024757146835 
vn -0.8716471195220947 -0.4879835247993469 0.04586252197623253 
vn -0.8743482828140259 -0.48446738719940186 0.028397228568792343 
vn -0.8746822476387024 -0.48465242981910706 0.006554040592163801 
vn -0.8671136498451233 -0.49772214889526367 -0.01966099627315998 
vn -0.7379008531570435 -0.6738868951797485 -0.03713129088282585 
vn -0.7444763779640198 -0.66575688123703 -0.05022686347365379 
vn -0.8570336699485779 -0.5107969045639038 -0.06767380982637405 
vn -0.8641232252120972 -0.4974491596221924 -0.0763898640871048 
vn -0.8613062500953674 -0.5009087324142456 -0.08510008454322815 
vn -0.8568122982978821 -0.5070242285728455 -0.09380380809307098 
vn -0.858856201171875 -0.5009490847587585 -0.10684575140476227 
vn -0.8431656360626221 -0.5231104493141174 -0.1242060661315918 
vn -0.8375978469848633 -0.526456892490387 -0.1458524912595749 
vn -0.8356320261955261 -0.523150622844696 -0.16742929816246033 
vn -0.8168890476226807 -0.5449762940406799 -0.18892620503902435 
vn -0.83436119556427 -0.5129576325416565 -0.2017817199230194 
vn -0.8313419222831726 -0.5126561522483826 -0.21460255980491638 
vn -0.8290159702301025 -0.5127824544906616 -0.22312943637371063 
vn -0.8266244530677795 -0.512869656085968 -0.23163928091526031 
vn -0.8232690691947937 -0.5123583078384399 -0.24437066912651062 
vn -0.8147544860839844 -0.5154486894607544 -0.26549527049064636 
vn -0.8110119700431824 -0.5052923560142517 -0.2948545813560486 
vn -0.7950708270072937 -0.5179017782211304 -0.31565824151039124 
vn -0.7851275205612183 -0.5200668573379517 -0.3363112509250641 
vn -0.7665254473686218 -0.5419771075248718 -0.34452807903289795 
vn -0.7739766240119934 -0.5231168866157532 -0.3568037748336792 
vn -0.7701543569564819 -0.5259527564048767 -0.36088213324546814 
vn -0.764155924320221 -0.5290475487709045 -0.3690181374549866 
vn -0.760646402835846 -0.5283872485160828 -0.37712597846984863 
vn -0.7522586584091187 -0.5316053032875061 -0.3892335295677185 
vn -0.7443261742591858 -0.5277141332626343 -0.40926313400268555 
vn -0.7401688694953918 -0.5209609866142273 -0.42514660954475403 
vn -0.7314260601997375 -0.5202142596244812 -0.4409002661705017 
vn -0.7265304327011108 -0.5203822255134583 -0.4487268626689911 
vn -0.7242077589035034 -0.5168300867080688 -0.456519216299057 
vn -0.7217099666595459 -0.5168794989585876 -0.46040233969688416 
vn -0.7148904204368591 -0.5193982720375061 -0.46814218163490295 
vn -0.7079867124557495 -0.5218477845191956 -0.4758462607860565 
vn -0.7046652436256409 -0.5157057642936707 -0.48733407258987427 
vn -0.6922744512557983 -0.5179084539413452 -0.5025205612182617 
vn -0.6841601729393005 -0.5138708353042603 -0.5175535082817078 
vn -0.6730838418006897 -0.5133011937141418 -0.5324283838272095 
vn -0.667453408241272 -0.5129486918449402 -0.5398051738739014 
vn -0.6617622375488281 -0.5125503540039062 -0.5471406579017639 
vn -0.6560108661651611 -0.5121057033538818 -0.5544344186782837 
vn -0.654845118522644 -0.5056549310684204 -0.5616858005523682 
vn -0.6489975452423096 -0.5051350593566895 -0.5688942670822144 
vn -0.6477261781692505 -0.4986044764518738 -0.5760593414306641 
vn -0.646385133266449 -0.4920232892036438 -0.5831804275512695 
vn -0.634598433971405 -0.4946838319301605 -0.5937783122062683 
vn -0.6254589557647705 -0.49361294507980347 -0.6042742133140564 
vn -0.6149292588233948 -0.48969972133636475 -0.6181069612503052 
vn -0.6120555400848389 -0.4801608622074127 -0.6283578276634216 
vn -0.6026147603988647 -0.4919572174549103 -0.6283578276634216 
vn -0.5946239829063416 -0.49730587005615234 -0.6317508816719055 
vn -0.59331214427948 -0.4945586323738098 -0.6351318359375 
vn -0.5852245688438416 -0.4998290240764618 -0.6385006904602051 
vn -0.5819926261901855 -0.4993032217025757 -0.641857385635376 
vn -0.5757108926773071 -0.5022664666175842 -0.6452018022537231 
vn -0.5691673159599304 -0.5011341571807861 -0.651853621006012 
vn -0.5644983053207397 -0.4977729022502899 -0.6584556698799133 
vn -0.5597855448722839 -0.494373619556427 -0.6650074124336243 
vn -0.555029571056366 -0.4909365475177765 -0.6715083718299866 
vn -0.5451889038085938 -0.49309423565864563 -0.677958071231842 
vn -0.5369312167167664 -0.48887622356414795 -0.6875353455543518 
vn -0.5269020199775696 -0.4908563196659088 -0.6938546895980835 
vn -0.5254092812538147 -0.48799967765808105 -0.6969945430755615 
vn -0.5204342603683472 -0.48436540365219116 -0.7032341957092285 
vn -0.5169509053230286 -0.48358461260795593 -0.7063339352607727 
vn -0.5102354288101196 -0.48619210720062256 -0.7094202041625977 
vn -0.5034599900245667 -0.4887554347515106 -0.7124928832054138 
vn -0.4981633722782135 -0.49415290355682373 -0.7124928832054138 
vn -0.4877152144908905 -0.495733380317688 -0.7185974717140198 
vn -0.4665006995201111 -0.498538076877594 -0.7306414246559143 
vn -0.4359719753265381 -0.49999377131462097 -0.7482877969741821 
vn -0.40200257301330566 -0.48072096705436707 -0.7792953848838806 
vn -0.36184191703796387 -0.44593605399131775 -0.8186644315719604 
vn -0.30698370933532715 -0.37107956409454346 -0.8763908743858337 
vn -0.27317315340042114 -0.1853736937046051 -0.9439348578453064 
vn -0.25905850529670715 0.10679437220096588 -0.9599394202232361 
vn -0.3554103970527649 0.18193870782852173 -0.916832447052002 
vn -0.42444759607315063 0.07526835799217224 -0.9023185968399048 
vn -0.4851222336292267 0.1381448358297348 -0.8634653687477112 
vn -0.551852285861969 0.17135469615459442 -0.8161473870277405 
vn -0.448846697807312 0.32236605882644653 -0.8334367275238037 
vn -0.2937348783016205 0.2990867495536804 -0.9078915119171143 
vn -0.24878205358982086 0.13780595362186432 -0.9587059020996094 
vn -0.27735182642936707 -0.17906127870082855 -0.9439348578453064 
vn -0.3218696713447571 -0.4217970669269562 -0.8476362228393555 
vn -0.3706026077270508 -0.5010877847671509 -0.7820260524749756 
vn -0.40787822008132935 -0.5105968117713928 -0.7569189071655273 
vn -0.4408336281776428 -0.5129480361938477 -0.736579954624176 
vn -0.46570542454719543 -0.5164650678634644 -0.7185974717140198 
vn -0.4829804599285126 -0.521719753742218 -0.7032341957092285 
vn -0.48799967765808105 -0.5254092812538147 -0.6969945430755615 
vn -0.49498629570007324 -0.5230241417884827 -0.6938546895980835 
vn -0.5004451870918274 -0.5178033113479614 -0.6938546895980835 
vn -0.5004451870918274 -0.5178033113479614 -0.6938546895980835 
vn -0.5058490633964539 -0.5125254988670349 -0.6938546895980835 
vn -0.5093284845352173 -0.5133378505706787 -0.6907016038894653 
vn -0.51078861951828 -0.5161299705505371 -0.6875353455543518 
vn -0.5210224390029907 -0.5143460631370544 -0.681163489818573 
vn -0.5258742570877075 -0.5178635120391846 -0.67473965883255 
vn -0.5287607908248901 -0.5274250507354736 -0.6650074124336243 
vn -0.5388172268867493 -0.5254637598991394 -0.6584556698799133 
vn -0.5415683388710022 -0.5348901748657227 -0.6485338807106018 
vn -0.5514904856681824 -0.5328014492988586 -0.641857385635376 
vn -0.5580655336380005 -0.5340135097503662 -0.6351318359375 
vn -0.5626153349876404 -0.5372434258460999 -0.6283578276634216 
vn -0.5658605694770813 -0.537806510925293 -0.6249527335166931 
vn -0.5671207904815674 -0.5404325127601624 -0.6215357780456543 
vn -0.5735509991645813 -0.5415021777153015 -0.6146662831306458 
vn -0.5767464637756348 -0.5420157313346863 -0.6112139225006104 
vn -0.5850671529769897 -0.536969780921936 -0.607749879360199 
vn -0.5894216299057007 -0.540034294128418 -0.6007870435714722 
vn -0.5936855673789978 -0.5469316244125366 -0.590256929397583 
vn -0.601007342338562 -0.5502949953079224 -0.5796254277229309 
vn -0.6101582050323486 -0.5514220595359802 -0.5688942670822144 
vn -0.6081007122993469 -0.5573639869689941 -0.5652954578399658 
vn -0.6141248941421509 -0.55804443359375 -0.5580654144287109 
vn -0.6150079965591431 -0.5642627477645874 -0.5507928133010864 
vn -0.61583012342453 -0.5704251527786255 -0.5434780716896057 
vn -0.6217272877693176 -0.5709890723228455 -0.5361219048500061 
vn -0.6224541664123535 -0.5770623683929443 -0.528724730014801 
vn -0.6311352849006653 -0.5777599811553955 -0.5175535082817078 
vn -0.6393703818321228 -0.5819610357284546 -0.5025205612182617 
vn -0.6474064588546753 -0.5859781503677368 -0.48733407258987427 
vn -0.6552401781082153 -0.5898114442825317 -0.4719987213611603 
vn -0.6602028608322144 -0.5934323072433472 -0.46040233969688416 
vn -0.6650517582893372 -0.596950888633728 -0.4487268626689911 
vn -0.6676779985427856 -0.5969448685646057 -0.44481781125068665 
vn -0.6702877283096313 -0.5969265103340149 -0.4409002661705017 
vn -0.6723724603652954 -0.6003262400627136 -0.43303996324539185 
vn -0.6718413233757019 -0.603742241859436 -0.42909738421440125 
vn -0.6668110489845276 -0.6147876977920532 -0.42118772864341736 
vn -0.6699751019477844 -0.6245898008346558 -0.401274174451828 
vn -0.6727966666221619 -0.6340778470039368 -0.3811691105365753 
vn -0.6708879470825195 -0.6455371379852295 -0.3649536371231079 
vn -0.6683063507080078 -0.6549475193023682 -0.3527185618877411 
vn -0.6688674688339233 -0.6608543992042542 -0.34042292833328247 
vn -0.6702792644500732 -0.6636064052581787 -0.33219319581985474 
vn -0.6779378652572632 -0.6619119644165039 -0.3198012113571167 
vn -0.6834705471992493 -0.6621187925338745 -0.30735430121421814 
vn -0.6845380067825317 -0.6685168743133545 -0.29067665338516235 
vn -0.6936408281326294 -0.6696078181266785 -0.26549527049064636 
vn -0.7034473419189453 -0.667416512966156 -0.24437066912651062 
vn -0.7057225704193115 -0.6710074543952942 -0.22738653421401978 
vn -0.7071087956428528 -0.6737528443336487 -0.21460255980491638 
vn -0.7155228853225708 -0.6688132286071777 -0.2017817199230194 
vn -0.7199721932411194 -0.6665642857551575 -0.19321508705615997 
vn -0.7186263203620911 -0.6692407131195068 -0.18892620503902435 
vn -0.7164462208747864 -0.6750669479370117 -0.1760382205247879 
vn -0.7295594811439514 -0.664179801940918 -0.16312000155448914 
vn -0.7261618971824646 -0.6727990508079529 -0.1415284425020218 
vn -0.733012855052948 -0.6703319549560547 -0.11553031951189041 
vn -0.7324404716491699 -0.6737187504768372 -0.0981530249118805 
vn -0.7313702702522278 -0.6766502261161804 -0.08510008454322815 
vn -0.7299312353134155 -0.679238498210907 -0.0763898640871048 
vn -0.7301686406135559 -0.6794593930244446 -0.07203252613544464 
vn -0.7337769269943237 -0.6764339208602905 -0.0633138045668602 
vn -0.6583763957023621 -0.7503766417503357 -0.058952588587999344 
vn -0.6600790023803711 -0.7481416463851929 -0.06767380982637405 
vn -0.6598771214485168 -0.7479127645492554 -0.07203252613544464 
vn -0.6558310389518738 -0.7505769729614258 -0.08074574917554855 
vn -0.6607416868209839 -0.7447289824485779 -0.09380380809307098 
vn -0.658347487449646 -0.7450923323631287 -0.10684575140476227 
vn -0.6551173329353333 -0.7445123791694641 -0.12854042649269104 
vn -0.6572307348251343 -0.7385767698287964 -0.15017375349998474 
vn -0.6543496251106262 -0.7383890748023987 -0.16312000155448914 
vn -0.6497864127159119 -0.7404623627662659 -0.17173540592193604 
vn -0.6472329497337341 -0.7406536340713501 -0.18033768236637115 
vn -0.6482403874397278 -0.7376254200935364 -0.18892620503902435 
vn -0.6450142860412598 -0.7370486259460449 -0.2017817199230194 
vn -0.6416753530502319 -0.7363412976264954 -0.21460255980491638 
vn -0.635343074798584 -0.735320508480072 -0.23588760197162628 
vn -0.6364787220954895 -0.7271966338157654 -0.25706008076667786 
vn -0.6316168308258057 -0.723681628704071 -0.2781098484992981 
vn -0.6264523267745972 -0.7198196649551392 -0.2990269064903259 
vn -0.6243486404418945 -0.7163453698158264 -0.31150925159454346 
vn -0.6242067217826843 -0.7109360694885254 -0.3239381015300751 
vn -0.6218847036361694 -0.7072157859802246 -0.3363112509250641 
vn -0.6215194463729858 -0.7015504240989685 -0.34862664341926575 
vn -0.6220423579216003 -0.6927281022071838 -0.3649536371231079 
vn -0.6197354197502136 -0.6837726831436157 -0.3852050006389618 
vn -0.6200072765350342 -0.6693987250328064 -0.40926313400268555 
vn -0.6217442154884338 -0.657787561416626 -0.42514660954475403 
vn -0.6197803616523743 -0.6544834971427917 -0.43303996324539185 
vn -0.6306588649749756 -0.6440076231956482 -0.43303996324539185 
vn -0.6333472728729248 -0.6386898159980774 -0.43697428703308105 
vn -0.6340003609657288 -0.6353349685668945 -0.4409002661705017 
vn -0.6366291046142578 -0.6299527287483215 -0.44481781125068665 
vn -0.637083888053894 -0.6210590600967407 -0.456519216299057 
vn -0.6321383118629456 -0.6174496412277222 -0.46814218163490295 
vn -0.6242753863334656 -0.6135914325714111 -0.4835140109062195 
vn -0.6186414361000061 -0.6039502620697021 -0.5025205612182617 
vn -0.613265872001648 -0.5999202728271484 -0.5138099193572998 
vn -0.6097730398178101 -0.5937510132789612 -0.5250110030174255 
vn -0.6061732769012451 -0.5874753594398499 -0.5361219048500061 
vn -0.6002030372619629 -0.5868456959724426 -0.5434780716896057 
vn -0.5994572639465332 -0.580756664276123 -0.5507928133010864 
vn -0.5964336395263672 -0.58040452003479 -0.5544344186782837 
vn -0.5956125855445862 -0.5742427110671997 -0.5616858005523682 
vn -0.5894895792007446 -0.5734643340110779 -0.5688942670822144 
vn -0.585477888584137 -0.5667892098426819 -0.5796254277229309 
vn -0.5780891180038452 -0.5633912682533264 -0.590256929397583 
vn -0.5717735886573792 -0.5624246597290039 -0.5972883701324463 
vn -0.5654047131538391 -0.5614001750946045 -0.6042742133140564 
vn -0.5642001628875732 -0.5588544011116028 -0.607749879360199 
vn -0.5609849691390991 -0.5583129525184631 -0.6112139225006104 
vn -0.5577568411827087 -0.5577568411827087 -0.6146662831306458 
vn -0.556600034236908 -0.5512619018554688 -0.6215357780456543 
vn -0.5500040650367737 -0.5540122389793396 -0.6249527335166931 
vn -0.5434370636940002 -0.5527811646461487 -0.6317508816719055 
vn -0.5388355255126953 -0.5495207905769348 -0.6385006904602051 
vn -0.5287603735923767 -0.5514772534370422 -0.6452018022537231 
vn -0.5206838846206665 -0.5474052429199219 -0.6551609039306641 
vn -0.5125104784965515 -0.5432294011116028 -0.6650074124336243 
vn -0.5076879262924194 -0.5397494435310364 -0.6715083718299866 
vn -0.5042421221733093 -0.5389492511749268 -0.67473965883255 
vn -0.4987006187438965 -0.5440809726715088 -0.67473965883255 
vn -0.4972843527793884 -0.5413696765899658 -0.677958071231842 
vn -0.4972843527793884 -0.5413696765899658 -0.677958071231842 
vn -0.4916910231113434 -0.5464547872543335 -0.677958071231842 
vn -0.48746156692504883 -0.554172933101654 -0.67473965883255 
vn -0.4825502336025238 -0.550601065158844 -0.681163489818573 
vn -0.47760024666786194 -0.5469855070114136 -0.6875353455543518 
vn -0.47114139795303345 -0.5405778288841248 -0.6969945430755615 
vn -0.4610171318054199 -0.5330911874771118 -0.7094202041625977 
vn -0.44363391399383545 -0.547642171382904 -0.7094202041625977 
vn -0.4151637852191925 -0.5733510255813599 -0.7063339352607727 
vn -0.3767465054988861 -0.5770170092582703 -0.7246471047401428 
vn -0.34851589798927307 -0.48290613293647766 -0.8033295273780823 
vn -0.29481905698776245 -0.18987782299518585 -0.9364978075027466 
vn -0.24992245435714722 0.14429280161857605 -0.9574540853500366 
vn -0.24535423517227173 0.35443249344825745 -0.9023185968399048 
vn -0.3322470486164093 0.5150818228721619 -0.790128231048584 
vn -0.5239897966384888 0.45722249150276184 -0.7185974717140198 
vn -0.5812718272209167 0.17139261960983276 -0.7954543828964233 
vn -0.6100422739982605 0.12760750949382782 -0.7820260524749756 
vn -0.6186664700508118 0.07541260868310928 -0.7820260524749756 
vn -0.6028857827186584 0.34662142395973206 -0.7185974717140198 
vn -0.4019594192504883 0.7314751744270325 -0.5507928133010864 
vn -0.27732741832733154 0.6411511898040771 -0.715552031993866 
vn -0.24214817583560944 0.4294872581958771 -0.8700028657913208 
vn -0.2686699628829956 0.14494499564170837 -0.9522643685340881 
vn -0.3403207063674927 -0.2379104495048523 -0.9097144603729248 
vn -0.37710246443748474 -0.5575767159461975 -0.7395281791687012 
vn -0.37994319200515747 -0.6429683566093445 -0.6650074124336243 
vn -0.39790183305740356 -0.6388351321220398 -0.6584556698799133 
vn -0.3710431158542633 -0.6678634881973267 -0.6452018022537231 
vn -0.4340682923793793 -0.585868239402771 -0.6843559741973877 
vn -0.38758575916290283 -0.6713182330131531 -0.6317508816719055 
vn -0.4394029378890991 -0.6002898812294006 -0.6682642698287964 
vn -0.4478607773780823 -0.6048610806465149 -0.6584556698799133 
vn -0.4488930106163025 -0.6217026114463806 -0.641857385635376 
vn -0.45971015095710754 -0.6102304458618164 -0.6452018022537231 
vn -0.45971015095710754 -0.6102304458618164 -0.6452018022537231 
vn -0.4657256603240967 -0.6056519150733948 -0.6452018022537231 
vn -0.4657256603240967 -0.6056519150733948 -0.6452018022537231 
vn -0.47169554233551025 -0.6010140776634216 -0.6452018022537231 
vn -0.4776192605495453 -0.5963174104690552 -0.6452018022537231 
vn -0.47894996404647827 -0.5988539457321167 -0.641857385635376 
vn -0.4882425367832184 -0.5949252843856812 -0.6385006904602051 
vn -0.4963332414627075 -0.5990156531333923 -0.6283578276634216 
vn -0.5043266415596008 -0.6029912829399109 -0.6181069612503052 
vn -0.5109921097755432 -0.6044043302536011 -0.6112139225006104 
vn -0.5200435519218445 -0.6001622676849365 -0.607749879360199 
vn -0.5269460082054138 -0.5976458191871643 -0.6042742133140564 
vn -0.5302150249481201 -0.5982699990272522 -0.6007870435714722 
vn -0.5334712862968445 -0.5988780856132507 -0.5972883701324463 
vn -0.539089024066925 -0.5938262343406677 -0.5972883701324463 
vn -0.5423211455345154 -0.594403088092804 -0.5937783122062683 
vn -0.5466973781585693 -0.5973914861679077 -0.5867242813110352 
vn -0.5554260015487671 -0.5927922129631042 -0.5831804275512695 
vn -0.5593969225883484 -0.5994490385055542 -0.5724822878837585 
vn -0.5656656622886658 -0.6003860831260681 -0.5652954578399658 
vn -0.5718792676925659 -0.6012628674507141 -0.5580654144287109 
vn -0.5780370831489563 -0.6020800471305847 -0.5507928133010864 
vn -0.5786881446838379 -0.60807204246521 -0.5434780716896057 
vn -0.5817296504974365 -0.6084414720535278 -0.5398051738739014 
vn -0.5823095440864563 -0.6143578886985779 -0.5324283838272095 
vn -0.5937510132789612 -0.6097730398178101 -0.5250110030174255 
vn -0.5888085961341858 -0.6208404302597046 -0.5175535082817078 
vn -0.5916703939437866 -0.6303960680961609 -0.5025205612182617 
vn -0.5972236394882202 -0.6399516463279724 -0.4835140109062195 
vn -0.599651038646698 -0.6490465998649597 -0.46814218163490295 
vn -0.6046313047409058 -0.65269535779953 -0.456519216299057 
vn -0.6011568903923035 -0.6612523198127747 -0.4487268626689911 
vn -0.5983512997627258 -0.6664178967475891 -0.44481781125068665 
vn -0.5927096605300903 -0.6714404821395874 -0.44481781125068665 
vn -0.5898462533950806 -0.676526665687561 -0.4409002661705017 
vn -0.5832993984222412 -0.6847009062767029 -0.43697428703308105 
vn -0.588046669960022 -0.6880781054496765 -0.42514660954475403 
vn -0.5926904678344727 -0.6913362741470337 -0.41324591636657715 
vn -0.5953253507614136 -0.700670063495636 -0.3932546079158783 
vn -0.5976634621620178 -0.7096569538116455 -0.37307560443878174 
vn -0.6028866767883301 -0.7135956287384033 -0.3568037748336792 
vn -0.6021418571472168 -0.7221754789352417 -0.34042292833328247 
vn -0.6081753969192505 -0.7228372097015381 -0.3280687630176544 
vn -0.6046014428138733 -0.7313117980957031 -0.31565824151039124 
vn -0.6091889142990112 -0.7344874143600464 -0.2990269064903259 
vn -0.609865665435791 -0.7405188679695129 -0.28230419754981995 
vn -0.6134395599365234 -0.7467342615127563 -0.25706008076667786 
vn -0.6121963858604431 -0.7547003626823425 -0.23588760197162628 
vn -0.6186094284057617 -0.7558228373527527 -0.21460255980491638 
vn -0.6204376220703125 -0.7589800953865051 -0.1975002884864807 
vn -0.6194044351577759 -0.7620006799697876 -0.18892620503902435 
vn -0.6183172464370728 -0.7649588584899902 -0.18033768236637115 
vn -0.6150693893432617 -0.7695431113243103 -0.17173540592193604 
vn -0.6138731241226196 -0.7723675966262817 -0.16312000155448914 
vn -0.6168406009674072 -0.7726289629936218 -0.15017375349998474 
vn -0.6204241514205933 -0.7736609578132629 -0.12854042649269104 
vn -0.6234111785888672 -0.7739479541778564 -0.1111890971660614 
vn -0.6205686330795288 -0.7790332436561584 -0.08945280313491821 
vn -0.6250342726707458 -0.7768505215644836 -0.0763898640871048 
vn -0.6254289150238037 -0.7773409485816956 -0.06767380982637405 
vn -0.629544734954834 -0.7747244834899902 -0.058952588587999344 
vn -0.6297011971473694 -0.77491694688797 -0.05459024757146835 
vn -0.6586909890174866 -0.7507352232933044 -0.05022686347365379 
vn -0.6626653671264648 -0.747994601726532 -0.03713129088282585 
vn -0.7227352261543274 -0.6907072067260742 -0.024029340595006943 
vn -0.7384083271026611 -0.6743503212928772 -0.002184694167226553 
vn -0.7280002236366272 -0.6852949261665344 0.01966099627315998 
vn -0.7379008531570435 -0.6738868951797485 0.03713129088282585 
vn -0.7344784140586853 -0.6770805716514587 0.04586252197623253 
vn -0.7341557145118713 -0.6767830848693848 0.05459024757146835 
vn -0.7439216375350952 -0.6652607917785645 0.0633138045668602 
vn -0.7352912425994873 -0.673912525177002 0.07203252613544464 
vn -0.7398762106895447 -0.6678797602653503 0.08074574917554855 
vn -0.7375317811965942 -0.6681413650512695 0.0981530249118805 
vn -0.7345775961875916 -0.6678525805473328 0.11986933648586273 
vn -0.7257013320922852 -0.6723724007606506 0.1458524912595749 
vn -0.7346211075782776 -0.658577024936676 0.16312000155448914 
vn -0.7317919731140137 -0.6584003567695618 0.1760382205247879 
vn -0.7325531244277954 -0.6551918387413025 0.18463370203971863 
vn -0.7282149195671082 -0.6575492024421692 0.19321508705615997 
vn -0.7257497310638428 -0.6577016115188599 0.2017817199230194 
vn -0.7225384712219238 -0.6571787595748901 0.21460255980491638 
vn -0.7192016243934631 -0.6565396785736084 0.22738653421401978 
vn -0.7109442949295044 -0.6562260389328003 0.25283506512641907 
vn -0.7093988060951233 -0.6494047045707703 0.27391019463539124 
vn -0.6992392539978027 -0.6512489914894104 0.2948545813560486 
vn -0.6948637366294861 -0.648171603679657 0.31150925159454346 
vn -0.6916155815124512 -0.647607147693634 0.3198012113571167 
vn -0.6911782622337341 -0.6418101191520691 0.33219319581985474 
vn -0.6878003478050232 -0.641126275062561 0.34042292833328247 
vn -0.6914467215538025 -0.6327407956123352 0.34862664341926575 
vn -0.6914658546447754 -0.6234450936317444 0.3649536371231079 
vn -0.693821132183075 -0.608464777469635 0.3852050006389618 
vn -0.6907908320426941 -0.5988006591796875 0.405272513628006 
vn -0.6918081045150757 -0.5865172147750854 0.42118772864341736 
vn -0.692287027835846 -0.5830857753753662 0.42514660954475403 
vn -0.6897751092910767 -0.5831686854362488 0.42909738421440125 
vn -0.6876879334449768 -0.579774796962738 0.43697428703308105 
vn -0.6851354241371155 -0.5798244476318359 0.4409002661705017 
vn -0.6780785918235779 -0.5821113586425781 0.4487268626689911 
vn -0.6732401847839355 -0.5785994529724121 0.46040233969688416 
vn -0.665601372718811 -0.5749306082725525 0.4758462607860565 
vn -0.65775465965271 -0.5710827708244324 0.4911448359489441 
vn -0.649703323841095 -0.5670560598373413 0.5062933564186096 
vn -0.644295334815979 -0.563046932220459 0.5175535082817078 
vn -0.6385906338691711 -0.562641441822052 0.5250110030174255 
vn -0.6378105878829956 -0.556522786617279 0.5324283838272095 
vn -0.6369678378105164 -0.5503475069999695 0.5398051738739014 
vn -0.6311309337615967 -0.5498279929161072 0.5471406579017639 
vn -0.6301892399787903 -0.5435660481452942 0.5544344186782837 
vn -0.6242581605911255 -0.5429648160934448 0.5616858005523682 
vn -0.620212972164154 -0.5362834334373474 0.5724822878837585 
vn -0.6190906763076782 -0.5298689603805542 0.5796254277229309 
vn -0.6087710857391357 -0.5261416435241699 0.5937783122062683 
vn -0.6025789380073547 -0.5253128409385681 0.6007870435714722 
vn -0.5963321328163147 -0.5244312286376953 0.607749879360199 
vn -0.5951070189476013 -0.5217903256416321 0.6112139225006104 
vn -0.5869396924972534 -0.5269602537155151 0.6146662831306458 
vn -0.5837610363960266 -0.5264663696289062 0.6181069612503052 
vn -0.5805692076683044 -0.5259588360786438 0.6215357780456543 
vn -0.5709913372993469 -0.5283325910568237 0.6283578276634216 
vn -0.5696171522140503 -0.5216740369796753 0.6351318359375 
vn -0.5631939172744751 -0.5245278477668762 0.6385006904602051 
vn -0.5552935004234314 -0.5206274390220642 0.6485338807106018 
vn -0.5506247282028198 -0.5172780752182007 0.6551609039306641 
vn -0.5425577759742737 -0.5132213830947876 0.6650074124336243 
vn -0.5377814769744873 -0.5097720623016357 0.6715083718299866 
vn -0.5309920907020569 -0.5083505511283875 0.677958071231842 
vn -0.5261309742927551 -0.5048198699951172 0.6843559741973877 
vn -0.5194301605224609 -0.5074321627616882 0.6875353455543518 
vn -0.5159778594970703 -0.5066538453102112 0.6907016038894653 
vn -0.5106706619262695 -0.5120026469230652 0.6907016038894653 
vn -0.5106706619262695 -0.5120026469230652 0.6907016038894653 
vn -0.5053080320358276 -0.5172958970069885 0.6907016038894653 
vn -0.50978684425354 -0.4911310374736786 0.7063339352607727 
vn -0.4941597878932953 -0.4981565475463867 0.7124928832054138 
vn -0.46719416975975037 -0.5151187777519226 0.7185974717140198 
vn -0.4437738358974457 -0.5435242652893066 0.7124928832054138 
vn -0.40348193049430847 -0.62846440076828 0.6650074124336243 
vn -0.3798285722732544 -0.6629064083099365 0.6452018022537231 
vn -0.39841675758361816 -0.6649473309516907 0.6317508816719055 
vn -0.4394356608390808 -0.5855873823165894 0.681163489818573 
vn -0.4702841341495514 -0.5249341130256653 0.7094202041625977 
vn -0.48242634534835815 -0.5263984799385071 0.7001210451126099 
vn -0.472683310508728 -0.5392301082611084 0.6969945430755615 
vn -0.44334420561790466 -0.5973849892616272 0.6682642698287964 
vn -0.48264628648757935 -0.5465431809425354 0.6843559741973877 
vn -0.49441877007484436 -0.5277132987976074 0.6907016038894653 
vn -0.4910475015640259 -0.5509979724884033 0.67473965883255 
vn -0.45779168605804443 -0.5973800420761108 0.6584556698799133 
vn -0.4003642797470093 -0.6733511090278625 0.6215357780456543 
vn -0.39547625184059143 -0.6698992252349854 0.6283578276634216 
vn -0.4667080342769623 -0.523963212966919 0.7124928832054138 
vn -0.5689929127693176 -0.1635042428970337 0.8059239983558655 
vn -0.5809792280197144 0.09373360872268677 0.8085030317306519 
vn -0.5585034489631653 0.39273014664649963 0.7306414246559143 
vn -0.45254290103912354 0.7235084772109985 0.5212872624397278 
vn -0.2825479805469513 0.9086803197860718 0.30735430121421814 
vn -0.18395273387432098 0.9755986332893372 0.11986933648586273 
vn -0.1504354178905487 0.9884243011474609 0.01966099627315998 
vn -0.15781717002391815 0.98676997423172 0.03713129088282585 
vn -0.21353381872177124 0.9646426439285278 0.15449213981628418 
vn -0.3359321355819702 0.8874173164367676 0.31565824151039124 
vn -0.4834587574005127 0.7167571187019348 0.5025205612182617 
vn -0.5906614661216736 0.40118518471717834 0.7001210451126099 
vn -0.6083182692527771 0.03766787797212601 0.7927988767623901 
vn -0.5743525624275208 -0.24198018014431 0.7820260524749756 
vn -0.48292529582977295 -0.5175669193267822 0.7063339352607727 
vn -0.40738645195961 -0.6754418015480042 0.6146662831306458 
vn -0.4173131287097931 -0.6725082397460938 0.6112139225006104 
vn -0.46611878275871277 -0.6017782688140869 0.6485338807106018 
vn -0.4966510832309723 -0.5459524393081665 0.67473965883255 
vn -0.5022028088569641 -0.5408499836921692 0.67473965883255 
vn -0.5077021718025208 -0.5356910824775696 0.67473965883255 
vn -0.5131484866142273 -0.5304762125015259 0.67473965883255 
vn -0.5131484866142273 -0.5304762125015259 0.67473965883255 
vn -0.5185412764549255 -0.5252060294151306 0.67473965883255 
vn -0.5233615040779114 -0.528692364692688 0.6682642698287964 
vn -0.5320791006088257 -0.524077296257019 0.6650074124336243 
vn -0.5348783135414124 -0.5335442423820496 0.6551609039306641 
vn -0.5461996793746948 -0.534210205078125 0.6452018022537231 
vn -0.5475281476974487 -0.5408602356910706 0.6385006904602051 
vn -0.5553833842277527 -0.5447161793708801 0.6283578276634216 
vn -0.5651470422744751 -0.5424961447715759 0.6215357780456543 
vn -0.5683708190917969 -0.5430455207824707 0.6181069612503052 
vn -0.5695655345916748 -0.5495567917823792 0.6112139225006104 
vn -0.5759972333908081 -0.5466875433921814 0.607749879360199 
vn -0.5791707634925842 -0.5471872687339783 0.6042742133140564 
vn -0.5802961587905884 -0.5536271333694458 0.5972883701324463 
vn -0.5834405422210693 -0.5540978312492371 0.5937783122062683 
vn -0.5877227783203125 -0.5570785999298096 0.5867242813110352 
vn -0.5969992280006409 -0.5583435297012329 0.5760593414306641 
vn -0.5979601144790649 -0.5646263957023621 0.5688942670822144 
vn -0.601891815662384 -0.5712173581123352 0.5580654144287109 
vn -0.6079110503196716 -0.5719016194343567 0.5507928133010864 
vn -0.6087013483047485 -0.5780261158943176 0.5434780716896057 
vn -0.6116722226142883 -0.5783315896987915 0.5398051738739014 
vn -0.6175699234008789 -0.5789018869400024 0.5324283838272095 
vn -0.6211581230163574 -0.5851684808731079 0.5212872624397278 
vn -0.6217607855796814 -0.5911116003990173 0.5138099193572998 
vn -0.6299735903739929 -0.5953096151351929 0.4987381398677826 
vn -0.6328005194664001 -0.6047955751419067 0.4835140109062195 
vn -0.6406330466270447 -0.6086313724517822 0.46814218163490295 
vn -0.6482633948326111 -0.6122769117355347 0.45262736082077026 
vn -0.6498286724090576 -0.6191362142562866 0.4409002661705017 
vn -0.6499062180519104 -0.6245785355567932 0.43303996324539185 
vn -0.6492834091186523 -0.6279382705688477 0.42909738421440125 
vn -0.6519065499305725 -0.6279078125953674 0.42514660954475403 
vn -0.6459801197052002 -0.6366400718688965 0.42118772864341736 
vn -0.6432886719703674 -0.6419551968574524 0.417220801115036 
vn -0.6398199200630188 -0.6504876017570496 0.40926313400268555 
vn -0.6371878981590271 -0.6651983857154846 0.3892335295677185 
vn -0.6341402530670166 -0.6794790029525757 0.3690181374549866 
vn -0.6382900476455688 -0.686327338218689 0.34862664341926575 
vn -0.633139967918396 -0.6971574425697327 0.3363112509250641 
vn -0.6334235668182373 -0.7027365565299988 0.3239381015300751 
vn -0.6356497406959534 -0.7063366174697876 0.31150925159454346 
vn -0.6377657651901245 -0.7098153233528137 0.2990269064903259 
vn -0.6364758014678955 -0.717776358127594 0.28230419754981995 
vn -0.6413897275924683 -0.7213541865348816 0.2612801790237427 
vn -0.6480547785758972 -0.7227460741996765 0.2401314377784729 
vn -0.648781955242157 -0.7288200855255127 0.21886809170246124 
vn -0.6506773233413696 -0.7320541143417358 0.2017817199230194 
vn -0.6538938879966736 -0.7326183319091797 0.18892620503902435 
vn -0.6569955945014954 -0.73305344581604 0.1760382205247879 
vn -0.6594982743263245 -0.7328228950500488 0.16742929816246033 
vn -0.659981369972229 -0.733359694480896 0.16312000155448914 
vn -0.6628502011299133 -0.7335376739501953 0.15017375349998474 
vn -0.6599947810173035 -0.7386355996131897 0.1372016966342926 
vn -0.6636711955070496 -0.739714503288269 0.1111890971660614 
vn -0.6607416868209839 -0.7447289824485779 0.09380380809307098 
vn -0.6594354510307312 -0.7474122047424316 0.08074574917554855 
vn -0.6600790023803711 -0.7481416463851929 0.06767380982637405 
vn -0.6638534069061279 -0.7451778054237366 0.0633138045668602 
vn -0.6641961336135864 -0.7455624938011169 0.05459024757146835 
vn -0.6644880771636963 -0.745890200138092 0.04586252197623253 
vn -0.6626653671264648 -0.747994601726532 0.03713129088282585 
vn -0.657261312007904 -0.7532796263694763 0.024029340595006943 
vn -0.6574495434761047 -0.7534953951835632 0.002184694167226553 
vn -0.6629945039749146 -0.7483660578727722 -0.01966099627315998 
vn -0.6340526938438416 -0.7725954055786133 -0.03276457265019417 
vn -0.6299780011177063 -0.7752575874328613 -0.04586252197623253 
vn -0.5819607377052307 -0.8119226098060608 -0.04586252197623253 
vn -0.5817050337791443 -0.8115658760070801 -0.05459024757146835 
vn -0.581560492515564 -0.8113642930984497 -0.058952588587999344 
vn -0.5831999182701111 -0.8091286420822144 -0.07203252613544464 
vn -0.5786049365997314 -0.811156153678894 -0.08510008454322815 
vn -0.5797931551933289 -0.8082904815673828 -0.10250037163496017 
vn -0.5764963626861572 -0.8076043128967285 -0.1242060661315918 
vn -0.5732861757278442 -0.8070394396781921 -0.1415284425020218 
vn -0.5702930688858032 -0.8067824840545654 -0.15449213981628418 
vn -0.5671975016593933 -0.8063835501670837 -0.16742929816246033 
vn -0.5684789419174194 -0.8036431074142456 -0.1760382205247879 
vn -0.5697115063667297 -0.8008365631103516 -0.18463370203971863 
vn -0.5668864846229553 -0.8008168339729309 -0.19321508705615997 
vn -0.5651209354400635 -0.7977458238601685 -0.2103329300880432 
vn -0.5647464990615845 -0.7920887470245361 -0.23163928091526031 
vn -0.5655862092971802 -0.7836021780967712 -0.25706008076667786 
vn -0.5667334198951721 -0.7755438089370728 -0.2781098484992981 
vn -0.561501681804657 -0.7715560793876648 -0.2990269064903259 
vn -0.5655380487442017 -0.7636286616325378 -0.31150925159454346 
vn -0.5655196309089661 -0.7584534883499146 -0.3239381015300751 
vn -0.5572044849395752 -0.7592219114303589 -0.3363112509250641 
vn -0.5569987297058105 -0.7537983059883118 -0.34862664341926575 
vn -0.5506160259246826 -0.7527191638946533 -0.36088213324546814 
vn -0.5424935221672058 -0.7486059665679932 -0.3811691105365753 
vn -0.5402179956436157 -0.7396914958953857 -0.401274174451828 
vn -0.5366235375404358 -0.7334588766098022 -0.417220801115036 
vn -0.5347646474838257 -0.7302582859992981 -0.42514660954475403 
vn -0.5328646898269653 -0.7270017862319946 -0.43303996324539185 
vn -0.5328646898269653 -0.7270017862319946 -0.43303996324539185 
vn -0.5360056757926941 -0.7223235964775085 -0.43697428703308105 
vn -0.536992073059082 -0.71919846534729 -0.4409002661705017 
vn -0.5371357798576355 -0.7142333984375 -0.4487268626689911 
vn -0.5381525754928589 -0.7059897184371948 -0.46040233969688416 
vn -0.533924400806427 -0.69892418384552 -0.4758462607860565 
vn -0.5316501259803772 -0.6900180578231812 -0.4911448359489441 
vn -0.5284343361854553 -0.6842735409736633 -0.5025205612182617 
vn -0.5348944067955017 -0.6707363724708557 -0.5138099193572998 
vn -0.5258651971817017 -0.6749845743179321 -0.5175535082817078 
vn -0.5198882222175598 -0.6795988082885742 -0.5175535082817078 
vn -0.5167552828788757 -0.6791344285011292 -0.5212872624397278 
vn -0.5164629220962524 -0.6735845804214478 -0.528724730014801 
vn -0.5101258754730225 -0.6725658774375916 -0.5361219048500061 
vn -0.5069370269775391 -0.6720306873321533 -0.5398051738739014 
vn -0.5005192160606384 -0.6709080338478088 -0.5471406579017639 
vn -0.49404868483543396 -0.669715166091919 -0.5544344186782837 
vn -0.48468083143234253 -0.67353355884552 -0.5580654144287109 
vn -0.48140135407447815 -0.6728757619857788 -0.5616858005523682 
vn -0.48140135407447815 -0.6728757619857788 -0.5616858005523682 
vn -0.478109210729599 -0.6721998453140259 -0.5652954578399658 
vn -0.47193247079849243 -0.6765506863594055 -0.5652954578399658 
vn -0.46861621737480164 -0.675838828086853 -0.5688942670822144 
vn -0.4652876853942871 -0.6751084327697754 -0.5724822878837585 
vn -0.4585941731929779 -0.673591673374176 -0.5796254277229309 
vn -0.45062294602394104 -0.6697281002998352 -0.590256929397583 
vn -0.4438137412071228 -0.6680389046669006 -0.5972883701324463 
vn -0.43406885862350464 -0.6712965965270996 -0.6007870435714722 
vn -0.43062546849250793 -0.6703837513923645 -0.6042742133140564 
vn -0.4213067591190338 -0.6793788075447083 -0.6007870435714722 
vn -0.4183327853679657 -0.6842837333679199 -0.5972883701324463 
vn -0.41186830401420593 -0.6881940364837646 -0.5972883701324463 
vn -0.4153316915035248 -0.6891493797302246 -0.5937783122062683 
vn -0.41186830401420593 -0.6881940364837646 -0.5972883701324463 
vn -0.4083942174911499 -0.6872183680534363 -0.6007870435714722 
vn -0.40359339118003845 -0.6839243173599243 -0.607749879360199 
vn -0.3930470049381256 -0.680777370929718 -0.6181069612503052 
vn -0.3881475031375885 -0.6773297190666199 -0.6249527335166931 
vn -0.4273991584777832 -0.5445927977561951 -0.7216291427612305 
vn -0.4261263906955719 -0.25547918677330017 -0.8678402304649353 
vn -0.3321360647678375 0.17431844770908356 -0.926983654499054 
vn -0.25642645359039307 0.4895188808441162 -0.8334367275238037 
vn -0.24685095250606537 0.7230347394943237 -0.6452018022537231 
vn -0.2984221875667572 0.8622342348098755 -0.40926313400268555 
vn -0.4720865786075592 0.7371217608451843 -0.4835140109062195 
vn -0.6232136487960815 0.2366647571325302 -0.7453821301460266 
vn -0.6327680945396423 0.07170361280441284 -0.7710143327713013 
vn -0.6444046497344971 0.08658293634653091 -0.7597671151161194 
vn -0.6377241015434265 0.1571848839521408 -0.7540562748908997 
vn -0.5554260015487671 0.5927922129631042 -0.5831804275512695 
vn -0.3043728470802307 0.9172117114067078 -0.25706008076667786 
vn -0.22627031803131104 0.9186217188835144 -0.3239381015300751 
vn -0.2327030450105667 0.7675257921218872 -0.5972883701324463 
vn -0.311320424079895 0.5593842267990112 -0.7682244777679443 
vn -0.44208911061286926 0.24286790192127228 -0.8634653687477112 
vn -0.5216667652130127 -0.20328788459300995 -0.8285757899284363 
vn -0.46252351999282837 -0.5358771681785583 -0.7063339352607727 
vn -0.39956921339035034 -0.6769698858261108 -0.6181069612503052 
vn -0.39838820695877075 -0.6900286078453064 -0.6042742133140564 
vn -0.3988303244113922 -0.6958311200141907 -0.5972883701324463 
vn -0.39923587441444397 -0.701574981212616 -0.590256929397583 
vn -0.39742186665534973 -0.7084888815879822 -0.5831804275512695 
vn -0.39775434136390686 -0.7141058444976807 -0.5760593414306641 
vn -0.401205450296402 -0.7150511741638184 -0.5724822878837585 
vn -0.40777602791786194 -0.7113246321678162 -0.5724822878837585 
vn -0.4108823239803314 -0.7066338062286377 -0.5760593414306641 
vn -0.4173939526081085 -0.7028071880340576 -0.5760593414306641 
vn -0.4208127558231354 -0.703690767288208 -0.5724822878837585 
vn -0.42761608958244324 -0.7053974270820618 -0.5652954578399658 
vn -0.43437278270721436 -0.7070242166519165 -0.5580654144287109 
vn -0.43464869260787964 -0.7125362157821655 -0.5507928133010864 
vn -0.43153953552246094 -0.7172242999076843 -0.5471406579017639 
vn -0.42840641736984253 -0.7218722105026245 -0.5434780716896057 
vn -0.4317534863948822 -0.7226336002349854 -0.5398051738739014 
vn -0.43508830666542053 -0.7233750820159912 -0.5361219048500061 
vn -0.43841075897216797 -0.7240966558456421 -0.5324283838272095 
vn -0.44172075390815735 -0.7247985601425171 -0.528724730014801 
vn -0.44501811265945435 -0.7254807353019714 -0.5250110030174255 
vn -0.45157450437545776 -0.7267866730690002 -0.5175535082817078 
vn -0.4548332691192627 -0.7274104952812195 -0.5138099193572998 
vn -0.4570886790752411 -0.7312571406364441 -0.5062933564186096 
vn -0.4571361839771271 -0.7364012598991394 -0.4987381398677826 
vn -0.4571467638015747 -0.7414806485176086 -0.4911448359489441 
vn -0.45609280467033386 -0.7446374297142029 -0.48733407258987427 
vn -0.45929306745529175 -0.7451604604721069 -0.4835140109062195 
vn -0.4624795615673065 -0.7456642985343933 -0.4796847105026245 
vn -0.4656521677970886 -0.7461490035057068 -0.4758462607860565 
vn -0.46773087978363037 -0.7497137784957886 -0.46814218163490295 
vn -0.46960824728012085 -0.7580214738845825 -0.45262736082077026 
vn -0.47467154264450073 -0.7617702484130859 -0.4409002661705017 
vn -0.4689674973487854 -0.7719746828079224 -0.42909738421440125 
vn -0.4686525762081146 -0.776508629322052 -0.42118772864341736 
vn -0.4609280228614807 -0.7832446098327637 -0.417220801115036 
vn -0.45748698711395264 -0.7873585224151611 -0.41324591636657715 
vn -0.456208199262619 -0.7901757955551147 -0.40926313400268555 
vn -0.4579789936542511 -0.793242871761322 -0.401274174451828 
vn -0.46492496132850647 -0.7951993942260742 -0.3892335295677185 
vn -0.46825331449508667 -0.8009703159332275 -0.37307560443878174 
vn -0.47872963547706604 -0.8039947152137756 -0.3527185618877411 
vn -0.4752262234687805 -0.813052773475647 -0.3363112509250641 
vn -0.4773932695388794 -0.8167985081672668 -0.3239381015300751 
vn -0.48381054401397705 -0.8178565502166748 -0.31150925159454346 
vn -0.4873206317424774 -0.818897008895874 -0.30319350957870483 
vn -0.49079129099845886 -0.8198686838150024 -0.2948545813560486 
vn -0.49268534779548645 -0.8231436610221863 -0.28230419754981995 
vn -0.4929168224334717 -0.8285802602767944 -0.26549527049064636 
vn -0.4962247312068939 -0.834324836730957 -0.2401314377784729 
vn -0.5013659596443176 -0.8381991982460022 -0.21460255980491638 
vn -0.49710631370544434 -0.8459038138389587 -0.19321508705615997 
vn -0.4987173080444336 -0.8486999273300171 -0.1760382205247879 
vn -0.4972970485687256 -0.8512714505195618 -0.16742929816246033 
vn -0.4939970076084137 -0.8556278944015503 -0.15449213981628418 
vn -0.49900737404823303 -0.8542357087135315 -0.1458524912595749 
vn -0.4974503517150879 -0.8565738797187805 -0.1372016966342926 
vn -0.5072548985481262 -0.8534188866615295 -0.11986933648586273 
vn -0.5103829503059387 -0.8538166880607605 -0.10250037163496017 
vn -0.5092312693595886 -0.8568335175514221 -0.08074574917554855 
vn -0.5075493454933167 -0.8589609265327454 -0.06767380982637405 
vn -0.505652666091919 -0.8607205748558044 -0.058952588587999344 
vn -0.5058943033218384 -0.8611319065093994 -0.05022686347365379 
vn -0.5124984979629517 -0.857462465763092 -0.04586252197623253 
vn -0.5105080604553223 -0.859070897102356 -0.03713129088282585 
vn -0.5861581563949585 -0.8093453645706177 -0.03713129088282585 
vn -0.5924232006072998 -0.8051263093948364 -0.028397228568792343 
vn -0.6342706680297852 -0.7728610038757324 -0.01966099627315998 
vn -0.5864940881729126 -0.809809148311615 -0.0152922747656703 
vn -0.6343917846679688 -0.7730085849761963 -0.002184694167226553 
vn -0.5171291828155518 -0.8554361462593079 -0.028397228568792343 
vn -0.5042080879211426 -0.863247811794281 -0.024029340595006943 
vn -0.49761760234832764 -0.8669315576553345 -0.028397228568792343 
vn -0.49091583490371704 -0.8704153895378113 -0.03713129088282585 
vn -0.49291855096817017 -0.8688659071922302 -0.04586252197623253 
vn -0.49244776368141174 -0.8680360317230225 -0.0633138045668602 
vn -0.5007163286209106 -0.8622341752052307 -0.0763898640871048 
vn -0.502145528793335 -0.8596805930137634 -0.09380380809307098 
vn -0.5058348178863525 -0.8559877872467041 -0.10684575140476227 
vn -0.5007485151290894 -0.8572527170181274 -0.11986933648586273 
vn -0.49556657671928406 -0.8583465218544006 -0.1328723281621933 
vn -0.49247124791145325 -0.8580204844474792 -0.1458524912595749 
vn -0.4954811632633209 -0.8531648516654968 -0.16312000155448914 
vn -0.4921916723251343 -0.8525009751319885 -0.1760382205247879 
vn -0.5018554925918579 -0.844066321849823 -0.18892620503902435 
vn -0.5083115696907043 -0.8350924849510193 -0.2103329300880432 
vn -0.5080459117889404 -0.8295978307723999 -0.23163928091526031 
vn -0.5010883212089539 -0.8276381492614746 -0.25283506512641907 
vn -0.4944947063922882 -0.8262771964073181 -0.26970529556274414 
vn -0.48618897795677185 -0.8269973397254944 -0.28230419754981995 
vn -0.4762287735939026 -0.8298875093460083 -0.29067665338516235 
vn -0.47428324818611145 -0.8265162706375122 -0.30319350957870483 
vn -0.4693738520145416 -0.8230524659156799 -0.3198012113571167 
vn -0.4752262234687805 -0.813052773475647 -0.3363112509250641 
vn -0.47872963547706604 -0.8039947152137756 -0.3527185618877411 
vn -0.4763648211956024 -0.7999283671379089 -0.3649536371231079 
vn -0.4731123745441437 -0.794276237487793 -0.3811691105365753 
vn -0.4662390649318695 -0.7924467921257019 -0.3932546079158783 
vn -0.4579789936542511 -0.793242871761322 -0.401274174451828 
vn -0.45094481110572815 -0.791123628616333 -0.41324591636657715 
vn -0.44912198185920715 -0.7879659533500671 -0.42118772864341736 
vn -0.44944584369659424 -0.7835010290145874 -0.42909738421440125 
vn -0.46059808135032654 -0.7725948691368103 -0.43697428703308105 
vn -0.46513986587524414 -0.7653639912605286 -0.44481781125068665 
vn -0.46648329496383667 -0.7576169967651367 -0.456519216299057 
vn -0.47087305784225464 -0.7501504421234131 -0.4642767012119293 
vn -0.4709799289703369 -0.7452483773231506 -0.4719987213611603 
vn -0.4688803553581238 -0.7416561245918274 -0.4796847105026245 
vn -0.4657071530818939 -0.7411686778068542 -0.4835140109062195 
vn -0.46355554461479187 -0.7374910116195679 -0.4911448359489441 
vn -0.46669676899909973 -0.7277823686599731 -0.5025205612182617 
vn -0.47294747829437256 -0.7184448838233948 -0.5100564956665039 
vn -0.4737206995487213 -0.7098227143287659 -0.5212872624397278 
vn -0.4735252857208252 -0.7044316530227661 -0.528724730014801 
vn -0.47653907537460327 -0.6995930671691895 -0.5324283838272095 
vn -0.47952648997306824 -0.6947140693664551 -0.5361219048500061 
vn -0.4824869930744171 -0.689794659614563 -0.5398051738739014 
vn -0.4759715497493744 -0.6885406374931335 -0.5471406579017639 
vn -0.4726945459842682 -0.6878859996795654 -0.5507928133010864 
vn -0.4723346531391144 -0.6822484731674194 -0.5580654144287109 
vn -0.46903160214424133 -0.6815558671951294 -0.5616858005523682 
vn -0.4623883068561554 -0.6801149249076843 -0.5688942670822144 
vn -0.4652876853942871 -0.6751084327697754 -0.5724822878837585 
vn -0.46765708923339844 -0.6642269492149353 -0.5831804275512695 
vn -0.4692564904689789 -0.6568067073822021 -0.590256929397583 
vn -0.46866464614868164 -0.6508456468582153 -0.5972883701324463 
vn -0.46528616547584534 -0.6500490307807922 -0.6007870435714722 
vn -0.45912355184555054 -0.6544161438941956 -0.6007870435714722 
vn -0.45446068048477173 -0.6512339115142822 -0.607749879360199 
vn -0.4599626064300537 -0.6407961845397949 -0.6146662831306458 
vn -0.46060749888420105 -0.6269028782844543 -0.6283578276634216 
vn -0.46706250309944153 -0.6081708073616028 -0.641857385635376 
vn -0.4741666316986084 -0.5807486772537231 -0.661737859249115 
vn -0.4669099748134613 -0.5828895568847656 -0.6650074124336243 
vn -0.46788913011550903 -0.5745922923088074 -0.6715083718299866 
vn -0.47108694911003113 -0.5604403018951416 -0.681163489818573 
vn -0.4738503694534302 -0.5258879661560059 -0.7063339352607727 
vn -0.5566380023956299 -0.22136403620243073 -0.8007197380065918 
vn -0.5615250468254089 -0.2704162001609802 -0.7820260524749756 
vn -0.5665812492370605 -0.2980216145515442 -0.7682244777679443 
vn -0.5724554061889648 -0.31522777676582336 -0.7569189071655273 
vn -0.5782370567321777 -0.3251264691352844 -0.7482877969741821 
vn -0.5924358367919922 -0.2984713017940521 -0.7482877969741821 
vn -0.5927513837814331 -0.3189731240272522 -0.7395281791687012 
vn -0.5944095253944397 -0.3293665945529938 -0.7336177229881287 
vn -0.5952079892158508 -0.35964590311050415 -0.7185974717140198 
vn -0.5907462239265442 -0.39557623863220215 -0.7032341957092285 
vn -0.5892393589019775 -0.4243726134300232 -0.6875353455543518 
vn -0.5884268283843994 -0.44059813022613525 -0.677958071231842 
vn -0.588638424873352 -0.45009034872055054 -0.6715083718299866 
vn -0.5887479186058044 -0.45950084924697876 -0.6650074124336243 
vn -0.5887579321861267 -0.46882861852645874 -0.6584556698799133 
vn -0.5919089317321777 -0.4785892069339752 -0.6485338807106018 
vn -0.604498028755188 -0.4672224223613739 -0.6452018022537231 
vn -0.6041994094848633 -0.48562732338905334 -0.6317508816719055 
vn -0.6105148196220398 -0.4865240752696991 -0.6249527335166931 
vn -0.6149292588233948 -0.48969972133636475 -0.6181069612503052 
vn -0.6116611957550049 -0.5022829174995422 -0.6112139225006104 
vn -0.6063024401664734 -0.5169622898101807 -0.6042742133140564 
vn -0.6026321053504944 -0.5292268991470337 -0.5972883701324463 
vn -0.5987808704376221 -0.5413485169410706 -0.590256929397583 
vn -0.5948367714881897 -0.5494759678840637 -0.5867242813110352 
vn -0.5958818793296814 -0.5558409690856934 -0.5796254277229309 
vn -0.5937924981117249 -0.5617526769638062 -0.5760593414306641 
vn -0.5925581455230713 -0.5738605260848999 -0.5652954578399658 
vn -0.5857959985733032 -0.5911391973495483 -0.5544344186782837 
vn -0.5817296504974365 -0.6084414720535278 -0.5398051738739014 
vn -0.5798264741897583 -0.6198801398277283 -0.528724730014801 
vn -0.5803148746490479 -0.6256950497627258 -0.5212872624397278 
vn -0.5833069682121277 -0.6260122060775757 -0.5175535082817078 
vn -0.5802121162414551 -0.634977400302887 -0.5100564956665039 
vn -0.5749422907829285 -0.6456891298294067 -0.5025205612182617 
vn -0.5725065469741821 -0.6565158367156982 -0.4911448359489441 
vn -0.5777084827423096 -0.6604206562042236 -0.4796847105026245 
vn -0.5855867862701416 -0.6590184569358826 -0.4719987213611603 
vn -0.6024882197380066 -0.6491957306861877 -0.4642767012119293 
vn -0.6156274080276489 -0.6423341035842896 -0.456519216299057 
vn -0.6204883456230164 -0.645857036113739 -0.44481781125068665 
vn -0.6252415776252747 -0.6492683291435242 -0.43303996324539185 
vn -0.6236599087715149 -0.6610409021377563 -0.417220801115036 
vn -0.6328283548355103 -0.6621988415718079 -0.401274174451828 
vn -0.6392123699188232 -0.6632531881332397 -0.3892335295677185 
vn -0.6371023654937744 -0.6744740009307861 -0.37307560443878174 
vn -0.6312384605407715 -0.6886429190635681 -0.3568037748336792 
vn -0.6218847036361694 -0.7072157859802246 -0.3363112509250641 
vn -0.6161718368530273 -0.721589982509613 -0.31565824151039124 
vn -0.6264523267745972 -0.7198196649551392 -0.2990269064903259 
vn -0.6453737616539001 -0.7081061601638794 -0.2864931523799896 
vn -0.6571397185325623 -0.7038654088973999 -0.26970529556274414 
vn -0.6563105583190918 -0.7123565673828125 -0.24860523641109467 
vn -0.6459693312644958 -0.7287105321884155 -0.22738653421401978 
vn -0.6464962959289551 -0.7345625162124634 -0.2060592919588089 
vn -0.6538938879966736 -0.7326183319091797 -0.18892620503902435 
vn -0.66105717420578 -0.7304179668426514 -0.17173540592193604 
vn -0.6644574403762817 -0.7311829924583435 -0.15449213981628418 
vn -0.6676528453826904 -0.7317208051681519 -0.1372016966342926 
vn -0.6646966934204102 -0.7367164492607117 -0.1242060661315918 
vn -0.6636711955070496 -0.739714503288269 -0.1111890971660614 
vn -0.6396837830543518 -0.7623454928398132 -0.0981530249118805 
vn -0.6555926203727722 -0.7503041625022888 -0.08510008454322815 
vn -0.6486768126487732 -0.7580492496490479 -0.06767380982637405 
vn -0.6356880068778992 -0.7703103423118591 -0.05022686347365379 
vn -0.6281040906906128 -0.77724289894104 -0.03713129088282585 
vn -0.6283560395240784 -0.7775546908378601 -0.024029340595006943 
vn -0.6285000443458557 -0.7777328491210938 -0.010923261754214764 
vn -0.497788667678833 -0.8672295808792114 -0.010923261754214764 
vn -0.5172773003578186 -0.8556811809539795 -0.0152922747656703 
vn -0.5865612626075745 -0.8099018931388855 0.002184694167226553 
vn -0.6342706680297852 -0.7728610038757324 0.01966099627315998 
vn -0.6340526938438416 -0.7725954055786133 0.03276457265019417 
vn -0.6338468194007874 -0.7723445892333984 0.04149730131030083 
vn -0.6298456192016602 -0.7750946879386902 0.05022686347365379 
vn -0.6297011971473694 -0.77491694688797 0.05459024757146835 
vn -0.6293762922286987 -0.7745171785354614 0.0633138045668602 
vn -0.6250342726707458 -0.7768505215644836 0.0763898640871048 
vn -0.6262034177780151 -0.7739962339401245 0.09380380809307098 
vn -0.6234111785888672 -0.7739479541778564 0.1111890971660614 
vn -0.6259375810623169 -0.7684705853462219 0.1328723281621933 
vn -0.6227211952209473 -0.7678972482681274 0.15017375349998474 
vn -0.623969554901123 -0.7651419043540955 0.15880759060382843 
vn -0.625164806842804 -0.7623230218887329 0.16742929816246033 
vn -0.622568666934967 -0.76250821352005 0.1760382205247879 
vn -0.6236687302589417 -0.7595707178115845 0.18463370203971863 
vn -0.6262633204460144 -0.7541802525520325 0.1975002884864807 
vn -0.6201057434082031 -0.7533695101737976 0.21886809170246124 
vn -0.6194708943367004 -0.7473905682563782 0.2401314377784729 
vn -0.6198798418045044 -0.7384180426597595 0.26549527049064636 
vn -0.6193668842315674 -0.7325906157493591 0.28230419754981995 
vn -0.614982008934021 -0.7296437621116638 0.2990269064903259 
vn -0.6140889525413513 -0.7233633995056152 0.31565824151039124 
vn -0.6118531823158264 -0.7197266817092896 0.3280687630176544 
vn -0.6115899085998535 -0.7141918540000916 0.34042292833328247 
vn -0.6122755408287048 -0.705556333065033 0.3568037748336792 
vn -0.6101288199424744 -0.6967917680740356 0.37712597846984863 
vn -0.6076797842979431 -0.687679648399353 0.3972681760787964 
vn -0.604069709777832 -0.6814159154891968 0.41324591636657715 
vn -0.6030261516571045 -0.6749887466430664 0.42514660954475403 
vn -0.6058918237686157 -0.6699033379554749 0.42909738421440125 
vn -0.6122344732284546 -0.6615477204322815 0.43303996324539185 
vn -0.6177477240562439 -0.6564024090766907 0.43303996324539185 
vn -0.6205012202262878 -0.651177167892456 0.43697428703308105 
vn -0.6238968372344971 -0.6425650715827942 0.44481781125068665 
vn -0.6271856427192688 -0.633850634098053 0.45262736082077026 
vn -0.6220492720603943 -0.6247174143791199 0.4719987213611603 
vn -0.6141124367713928 -0.6207829117774963 0.48733407258987427 
vn -0.6113399863243103 -0.6113399863243103 0.5025205612182617 
vn -0.6112763285636902 -0.6019473671913147 0.5138099193572998 
vn -0.6024816632270813 -0.6011483073234558 0.5250110030174255 
vn -0.601872980594635 -0.5952049493789673 0.5324283838272095 
vn -0.5988947749137878 -0.5948935747146606 0.5361219048500061 
vn -0.5982120037078857 -0.5888751149177551 0.5434780716896057 
vn -0.5952024459838867 -0.5885330438613892 0.5471406579017639 
vn -0.5891402363777161 -0.5878063440322876 0.5544344186782837 
vn -0.5852813124656677 -0.5812803506851196 0.5652954578399658 
vn -0.5791018605232239 -0.5804352164268494 0.5724822878837585 
vn -0.5750790238380432 -0.5737462639808655 0.5831804275512695 
vn -0.5707874894142151 -0.5707874894142151 0.590256929397583 
vn -0.5676229000091553 -0.570290744304657 0.5937783122062683 
vn -0.5644450187683105 -0.5697792768478394 0.5972883701324463 
vn -0.5612538456916809 -0.5692530870437622 0.6007870435714722 
vn -0.5580495595932007 -0.5687119960784912 0.6042742133140564 
vn -0.5481976270675659 -0.5708737969398499 0.6112139225006104 
vn -0.5449455976486206 -0.5702803134918213 0.6146662831306458 
vn -0.5384036302566528 -0.5690472722053528 0.6215357780456543 
vn -0.5338441729545593 -0.5658417344093323 0.6283578276634216 
vn -0.5203732848167419 -0.5670348405838013 0.6385006904602051 
vn -0.5123154520988464 -0.562971293926239 0.6485338807106018 
vn -0.5089240074157715 -0.5622127652168274 0.651853621006012 
vn -0.5033096075057983 -0.5672445297241211 0.651853621006012 
vn -0.49764540791511536 -0.5722201466560364 0.651853621006012 
vn -0.4919320344924927 -0.5771392583847046 0.651853621006012 
vn -0.48617005348205566 -0.5820013284683228 0.651853621006012 
vn -0.4838017225265503 -0.5876560807228088 0.6485338807106018 
vn -0.4779541492462158 -0.59242182970047 0.6485338807106018 
vn -0.42208507657051086 -0.675793468952179 0.6042742133140564 
vn -0.4031890034675598 -0.6933146715164185 0.5972883701324463 
vn -0.47393161058425903 -0.5657872557640076 0.67473965883255 
vn -0.5740737915039062 -0.2908119261264801 0.7654199600219727 
vn -0.4661884903907776 -0.5871723294258118 0.661737859249115 
vn -0.40360772609710693 -0.699069082736969 0.590256929397583 
vn -0.43190476298332214 -0.6726909875869751 0.6007870435714722 
vn -0.43479830026626587 -0.6676848530769348 0.6042742133140564 
vn -0.43766269087791443 -0.6626397371292114 0.607749879360199 
vn -0.4426513612270355 -0.6561076641082764 0.6112139225006104 
vn -0.4516570568084717 -0.6466770768165588 0.6146662831306458 
vn -0.4578207731246948 -0.6423282027244568 0.6146662831306458 
vn -0.4666179120540619 -0.6326227188110352 0.6181069612503052 
vn -0.4760584533214569 -0.6289305686950684 0.6146662831306458 
vn -0.4840492308139801 -0.6328893899917603 0.6042742133140564 
vn -0.49405643343925476 -0.6350870132446289 0.5937783122062683 
vn -0.5044727325439453 -0.6334523558616638 0.5867242813110352 
vn -0.5077494382858276 -0.6341065168380737 0.5831804275512695 
vn -0.5110135674476624 -0.6347436904907227 0.5796254277229309 
vn -0.5201050639152527 -0.6305920481681824 0.5760593414306641 
vn -0.5201050639152527 -0.6305920481681824 0.5760593414306641 
vn -0.5233319401741028 -0.6311796307563782 0.5724822878837585 
vn -0.5233319401741028 -0.6311796307563782 0.5724822878837585 
vn -0.5323182344436646 -0.6268944144248962 0.5688942670822144 
vn -0.5329337120056152 -0.6328433752059937 0.5616858005523682 
vn -0.5424151420593262 -0.6343603730201721 0.5507928133010864 
vn -0.548667848110199 -0.6352913975715637 0.5434780716896057 
vn -0.5548650026321411 -0.6361588835716248 0.5361219048500061 
vn -0.5635935664176941 -0.6315712928771973 0.5324283838272095 
vn -0.5583846569061279 -0.6423161029815674 0.5250110030174255 
vn -0.5644649863243103 -0.6430533528327942 0.5175535082817078 
vn -0.5618076920509338 -0.6483606100082397 0.5138099193572998 
vn -0.564207911491394 -0.6521782279014587 0.5062933564186096 
vn -0.5674681067466736 -0.6580336093902588 0.4949462115764618 
vn -0.5669782757759094 -0.6668956875801086 0.4835140109062195 
vn -0.5692844390869141 -0.675838828086853 0.46814218163490295 
vn -0.5705759525299072 -0.687813401222229 0.4487268626689911 
vn -0.5667550563812256 -0.6959853768348694 0.4409002661705017 
vn -0.5637575387954712 -0.7008786201477051 0.43697428703308105 
vn -0.5607336163520813 -0.7057295441627502 0.43303996324539185 
vn -0.5597941875457764 -0.7088764905929565 0.42909738421440125 
vn -0.5567218065261841 -0.7136604189872742 0.42514660954475403 
vn -0.5585911870002747 -0.7168700695037842 0.417220801115036 
vn -0.5604177713394165 -0.7200247645378113 0.40926313400268555 
vn -0.5688260793685913 -0.7245234251022339 0.3892335295677185 
vn -0.5710195899009705 -0.7333227396011353 0.3690181374549866 
vn -0.5762247443199158 -0.7372615933418274 0.3527185618877411 
vn -0.5812524557113647 -0.7409725785255432 0.3363112509250641 
vn -0.5814065933227539 -0.7463447451591492 0.3239381015300751 
vn -0.583573043346405 -0.7499363422393799 0.31150925159454346 
vn -0.5796585083007812 -0.7580098509788513 0.2990269064903259 
vn -0.5781224370002747 -0.7655578255653381 0.28230419754981995 
vn -0.5785254836082458 -0.771246075630188 0.26549527049064636 
vn -0.5778903365135193 -0.7799869179725647 0.2401314377784729 
vn -0.5768352746963501 -0.7881667613983154 0.21460255980491638 
vn -0.5770144462585449 -0.793550431728363 0.19321508705615997 
vn -0.5758459568023682 -0.7964369654655457 0.18463370203971863 
vn -0.5790525674819946 -0.7969975471496582 0.17173540592193604 
vn -0.5777724981307983 -0.7997316718101501 0.16312000155448914 
vn -0.5886421203613281 -0.793493926525116 0.15449213981628418 
vn -0.5790557861328125 -0.8021355271339417 0.1458524912595749 
vn -0.5783169269561768 -0.8056220412254333 0.12854042649269104 
vn -0.5813883543014526 -0.8059929013252258 0.1111890971660614 
vn -0.5845124125480652 -0.8064387440681458 0.08945280313491821 
vn -0.5831999182701111 -0.8091286420822144 0.07203252613544464 
vn -0.581560492515564 -0.8113642930984497 0.058952588587999344 
vn -0.5818384289741516 -0.8117520213127136 0.05022686347365379 
vn -0.5860574245452881 -0.8092061877250671 0.04149730131030083 
vn -0.5861581563949585 -0.8093453645706177 0.03713129088282585 
vn -0.5863261222839355 -0.809577226638794 0.028397228568792343 
vn -0.574196457862854 -0.8185747265815735 0.0152922747656703 
vn -0.5173366069793701 -0.855779230594635 0.002184694167226553 
vn -0.5108591318130493 -0.8596616387367249 0.002184694167226553 
vn -0.5172773003578186 -0.8556811809539795 0.0152922747656703 
vn -0.5106543302536011 -0.8593170046806335 0.028397228568792343 
vn -0.5105860829353333 -0.8592021465301514 0.03276457265019417 
vn -0.5104203224182129 -0.8589231967926025 0.04149730131030083 
vn -0.5060006380081177 -0.8613129258155823 0.04586252197623253 
vn -0.5121460556983948 -0.8568727970123291 0.058952588587999344 
vn -0.5138798952102661 -0.8548325896263123 0.07203252613544464 
vn -0.5153259634971619 -0.8523129224777222 0.08945280313491821 
vn -0.5120781660079956 -0.8517117500305176 0.1111890971660614 
vn -0.5004795789718628 -0.8567922711372375 0.1242060661315918 
vn -0.5085828900337219 -0.8506987690925598 0.1328723281621933 
vn -0.5098177790641785 -0.8478283286094666 0.1458524912595749 
vn -0.5070192217826843 -0.8479762077331543 0.15449213981628418 
vn -0.5081091523170471 -0.8448624610900879 0.16742929816246033 
vn -0.5112754702568054 -0.8402830958366394 0.18033768236637115 
vn -0.509630024433136 -0.8374192118644714 0.1975002884864807 
vn -0.5090041756629944 -0.8313410878181458 0.22312943637371063 
vn -0.5123571157455444 -0.8220009803771973 0.24860523641109467 
vn -0.5116319060325623 -0.8157768249511719 0.26970529556274414 
vn -0.5113263726234436 -0.8102265000343323 0.2864931523799896 
vn -0.5079228281974792 -0.8093671798706055 0.2948545813560486 
vn -0.5017051696777344 -0.8085945844650269 0.30735430121421814 
vn -0.5046026110649109 -0.8035770654678345 0.31565824151039124 
vn -0.4960697293281555 -0.8039189577102661 0.3280687630176544 
vn -0.4960269629955292 -0.7987925410270691 0.34042292833328247 
vn -0.4921818673610687 -0.792162299156189 0.36088213324546814 
vn -0.4902685582637787 -0.7838028073310852 0.3811691105365753 
vn -0.4834514260292053 -0.7820649147033691 0.3932546079158783 
vn -0.48171812295913696 -0.7790549993515015 0.401274174451828 
vn -0.48634690046310425 -0.7719911932945251 0.40926313400268555 
vn -0.4897174835205078 -0.7677268981933594 0.41324591636657715 
vn -0.49090442061424255 -0.7648134827613831 0.417220801115036 
vn -0.49423688650131226 -0.7604806423187256 0.42118772864341736 
vn -0.4986814558506012 -0.7531216740608215 0.42909738421440125 
vn -0.501102864742279 -0.7423160076141357 0.44481781125068665 
vn -0.49298933148384094 -0.7382351756095886 0.46040233969688416 
vn -0.49409571290016174 -0.7301278114318848 0.4719987213611603 
vn -0.49197790026664734 -0.7265399694442749 0.4796847105026245 
vn -0.4919740855693817 -0.7214339971542358 0.48733407258987427 
vn -0.4919740855693817 -0.7214339971542358 0.48733407258987427 
vn -0.48883765935897827 -0.7209815979003906 0.4911448359489441 
vn -0.48662567138671875 -0.717255711555481 0.4987381398677826 
vn -0.4834587574005127 -0.7167571187019348 0.5025205612182617 
vn -0.48334604501724243 -0.7114906907081604 0.5100564956665039 
vn -0.4810406565666199 -0.707628607749939 0.5175535082817078 
vn -0.47460561990737915 -0.7064792513847351 0.5250110030174255 
vn -0.47136828303337097 -0.7058768272399902 0.528724730014801 
vn -0.468117892742157 -0.7052556872367859 0.5324283838272095 
vn -0.4585384726524353 -0.7087423801422119 0.5361219048500061 
vn -0.4615784287452698 -0.703957200050354 0.5398051738739014 
vn -0.4552502930164337 -0.7080661058425903 0.5398051738739014 
vn -0.45828959345817566 -0.7032796144485474 0.5434780716896057 
vn -0.45498815178871155 -0.7025830149650574 0.5471406579017639 
vn -0.4546864330768585 -0.6970385313034058 0.5544344186782837 
vn -0.4480205476284027 -0.6955477595329285 0.5616858005523682 
vn -0.4413064122200012 -0.693979799747467 0.5688942670822144 
vn -0.4345450699329376 -0.6923338770866394 0.5760593414306641 
vn -0.42472997307777405 -0.695441484451294 0.5796254277229309 
vn -0.4216963052749634 -0.7002341747283936 0.5760593414306641 
vn -0.41863709688186646 -0.7049872279167175 0.5724822878837585 
vn -0.4121340215206146 -0.7088085412979126 0.5724822878837585 
vn -0.4055960476398468 -0.7125698924064636 0.5724822878837585 
vn -0.4021552801132202 -0.7116366624832153 0.5760593414306641 
vn -0.40181076526641846 -0.706009030342102 0.5831804275512695 
vn -0.47314417362213135 -0.5889811515808105 0.6551609039306641 
vn -0.45765775442123413 -0.6222193241119385 0.6351318359375 
vn -0.45439571142196655 -0.6414579749107361 0.6181069612503052 
vn -0.4473557770252228 -0.6593371629714966 0.6042742133140564 
vn -0.4358362555503845 -0.6794435381889343 0.590256929397583 
vn -0.4341285526752472 -0.6866098046302795 0.5831804275512695 
vn -0.4375271499156952 -0.6874622702598572 0.5796254277229309 
vn -0.44091424345970154 -0.6882951855659485 0.5760593414306641 
vn -0.4442896544933319 -0.689108669757843 0.5724822878837585 
vn -0.4446694552898407 -0.6947734355926514 0.5652954578399658 
vn -0.44500961899757385 -0.7003780603408813 0.5580654144287109 
vn -0.4453106224536896 -0.7059218883514404 0.5507928133010864 
vn -0.4455728828907013 -0.7114045023918152 0.5434780716896057 
vn -0.4424847662448883 -0.7161128520965576 0.5398051738739014 
vn -0.4457968771457672 -0.7168252468109131 0.5361219048500061 
vn -0.445982962846756 -0.7221837043762207 0.528724730014801 
vn -0.45565757155418396 -0.7188460230827332 0.5250110030174255 
vn -0.45891886949539185 -0.7194811105728149 0.5212872624397278 
vn -0.4621671736240387 -0.7200971245765686 0.5175535082817078 
vn -0.46540236473083496 -0.7206941246986389 0.5138099193572998 
vn -0.4644498825073242 -0.7239673137664795 0.5100564956665039 
vn -0.458149790763855 -0.7331929206848145 0.5025205612182617 
vn -0.4581833779811859 -0.7383063435554504 0.4949462115764618 
vn -0.46034911274909973 -0.7420136332511902 0.48733407258987427 
vn -0.45387130975723267 -0.7509350180625916 0.4796847105026245 
vn -0.4559604227542877 -0.75453120470047 0.4719987213611603 
vn -0.45913198590278625 -0.7550104260444641 0.46814218163490295 
vn -0.46228957176208496 -0.7554703950881958 0.4642767012119293 
vn -0.4643110930919647 -0.7589502334594727 0.456519216299057 
vn -0.46629709005355835 -0.7623721361160278 0.4487268626689911 
vn -0.4648972153663635 -0.7700155973434448 0.43697428703308105 
vn -0.46340495347976685 -0.7774999737739563 0.42514660954475403 
vn -0.4522233009338379 -0.7883025407791138 0.417220801115036 
vn -0.45094481110572815 -0.791123628616333 0.41324591636657715 
vn -0.44616037607192993 -0.7979317903518677 0.405272513628006 
vn -0.4479150176048279 -0.8009682297706604 0.3972681760787964 
vn -0.45486176013946533 -0.8029432892799377 0.3852050006389618 
vn -0.4565292298793793 -0.8058269619941711 0.37712597846984863 
vn -0.4663057029247284 -0.8076651692390442 0.36088213324546814 
vn -0.468630850315094 -0.8116924166679382 0.34862664341926575 
vn -0.46724027395248413 -0.8193498849868774 0.33219319581985474 
vn -0.46569570899009705 -0.8267329335212708 0.31565824151039124 
vn -0.4661818742752075 -0.8326207995414734 0.2990269064903259 
vn -0.47249341011047363 -0.8334696292877197 0.2864931523799896 
vn -0.4759124517440796 -0.8343634009361267 0.2781098484992981 
vn -0.4858204424381256 -0.8314069509506226 0.26970529556274414 
vn -0.49404376745224 -0.8305665850639343 0.25706008076667786 
vn -0.5010608434677124 -0.8326433897018433 0.23588760197162628 
vn -0.5013659596443176 -0.8381991982460022 0.21460255980491638 
vn -0.5014287829399109 -0.8433487415313721 0.19321508705615997 
vn -0.4921916723251343 -0.8525009751319885 0.1760382205247879 
vn -0.4889373779296875 -0.8569318056106567 0.16312000155448914 
vn -0.49214932322502136 -0.857459545135498 0.15017375349998474 
vn -0.489015132188797 -0.8620957732200623 0.1328723281621933 
vn -0.49421319365501404 -0.8610369563102722 0.11986933648586273 
vn -0.5036575198173523 -0.8572707176208496 0.10684575140476227 
vn -0.502145528793335 -0.8596805930137634 0.09380380809307098 
vn -0.5005439519882202 -0.8619372844696045 0.08074574917554855 
vn -0.4989968240261078 -0.8642878532409668 0.0633138045668602 
vn -0.49281495809555054 -0.8686832785606384 0.05022686347365379 
vn -0.49091583490371704 -0.8704153895378113 0.03713129088282585 
vn -0.49105650186538696 -0.8706647753715515 0.028397228568792343 
vn -0.49772214889526367 -0.8671136498451233 0.01966099627315998 
vn -0.5043236613273621 -0.8634456396102905 0.010923261754214764 
vn -0.640211284160614 -0.7681957483291626 -0.002184694167226553 
vn -0.6343796849250793 -0.7729938626289368 0.006554040592163801 
vn -0.6458710432052612 -0.7631933689117432 0.01966099627315998 
vn -0.6339557766914368 -0.772477388381958 0.03713129088282585 
vn -0.623967170715332 -0.7798347473144531 0.05022686347365379 
vn -0.6486768126487732 -0.7580492496490479 0.06767380982637405 
vn -0.6537586450576782 -0.752382755279541 0.08074574917554855 
vn -0.6550782918930054 -0.7497155070304871 0.09380380809307098 
vn -0.6505935192108154 -0.7518723607063293 0.10684575140476227 
vn -0.6534121632575989 -0.7467432022094727 0.1242060661315918 
vn -0.6543502807617188 -0.743640661239624 0.1372016966342926 
vn -0.647517204284668 -0.7462263107299805 0.15449213981628418 
vn -0.6325950622558594 -0.7552022337913513 0.17173540592193604 
vn -0.6252462863922119 -0.7572146058082581 0.18892620503902435 
vn -0.6214165091514587 -0.7558975219726562 0.2060592919588089 
vn -0.6267518401145935 -0.7453036308288574 0.22738653421401978 
vn -0.6337823867797852 -0.7324720621109009 0.24860523641109467 
vn -0.6198798418045044 -0.7384180426597595 0.26549527049064636 
vn -0.6064454913139343 -0.7449018955230713 0.2781098484992981 
vn -0.588158369064331 -0.7530806660652161 0.2948545813560486 
vn -0.5822845101356506 -0.7526473999023438 0.30735430121421814 
vn -0.5826429128646851 -0.7435711622238159 0.3280687630176544 
vn -0.5895199179649353 -0.7305933833122253 0.34452807903289795 
vn -0.5960944294929504 -0.7172415852546692 0.36088213324546814 
vn -0.5929129123687744 -0.7114986181259155 0.37712597846984863 
vn -0.5864582061767578 -0.7103267312049866 0.3892335295677185 
vn -0.5798924565315247 -0.7090160846710205 0.401274174451828 
vn -0.5762665271759033 -0.7027401328086853 0.417220801115036 
vn -0.5685380101203918 -0.7042832374572754 0.42514660954475403 
vn -0.5548096299171448 -0.7103961110115051 0.43303996324539185 
vn -0.536992073059082 -0.71919846534729 0.4409002661705017 
vn -0.5289421677589417 -0.7203224301338196 0.4487268626689911 
vn -0.5269197225570679 -0.716900110244751 0.456519216299057 
vn -0.5279051661491394 -0.7086318135261536 0.46814218163490295 
vn -0.533924400806427 -0.69892418384552 0.4758462607860565 
vn -0.5317482352256775 -0.6953114867210388 0.4835140109062195 
vn -0.5316501259803772 -0.6900180578231812 0.4911448359489441 
vn -0.532450258731842 -0.6866768002510071 0.4949462115764618 
vn -0.5263139605522156 -0.6859057545661926 0.5025205612182617 
vn -0.5327867269515991 -0.6724118590354919 0.5138099193572998 
vn -0.5352697372436523 -0.6617021560668945 0.5250110030174255 
vn -0.5407251715660095 -0.6512574553489685 0.5324283838272095 
vn -0.5371587872505188 -0.6450519561767578 0.5434780716896057 
vn -0.5398035049438477 -0.639725923538208 0.5471406579017639 
vn -0.5424151420593262 -0.6343603730201721 0.5507928133010864 
vn -0.5449930429458618 -0.6289555430412292 0.5544344186782837 
vn -0.5475366711616516 -0.6235114932060242 0.5580654144287109 
vn -0.5468936562538147 -0.6175341010093689 0.5652954578399658 
vn -0.5405498147010803 -0.6164981126785278 0.5724822878837585 
vn -0.5373579263687134 -0.6159562468528748 0.5760593414306641 
vn -0.5309345722198486 -0.6148244142532349 0.5831804275512695 
vn -0.5219630599021912 -0.6191197037696838 0.5867242813110352 
vn -0.5232813954353333 -0.6112314462661743 0.5937783122062683 
vn -0.5248786211013794 -0.5994623303413391 0.6042742133140564 
vn -0.5283620357513428 -0.5856781601905823 0.6146662831306458 
vn -0.5447161793708801 -0.5553833842277527 0.6283578276634216 
vn -0.5360034108161926 -0.5599921345710754 0.6317508816719055 
vn -0.5442221760749817 -0.5402234196662903 0.641857385635376 
vn -0.5506247282028198 -0.5172780752182007 0.6551609039306641 
vn -0.561231791973114 -0.4747544229030609 0.677958071231842 
vn -0.5747667551040649 -0.42876774072647095 0.6969945430755615 
vn -0.5806628465652466 -0.3939346671104431 0.7124928832054138 
vn -0.5821974873542786 -0.37456294894218445 0.7216291427612305 
vn -0.5832793712615967 -0.3548918664455414 0.7306414246559143 
vn -0.587523341178894 -0.3080286383628845 0.7482877969741821 
vn -0.5784485340118408 -0.3180047869682312 0.7511792182922363 
vn -0.6259306073188782 0.030159996822476387 0.7792953848838806 
vn -0.6062644720077515 0.4050929546356201 0.6843559741973877 
vn -0.6397817730903625 0.022592909634113312 0.7682244777679443 
vn -0.650195300579071 -1.3447541149201603e-13 0.7597671151161194 
vn -0.6565390229225159 -0.018858732655644417 0.7540562748908997 
vn -0.6655735373497009 -0.03764728456735611 0.7453821301460266 
vn -0.6722708940505981 -0.0339110903441906 0.7395281791687012 
vn -0.6788925528526306 -0.03016546741127968 0.7336177229881287 
vn -0.6844580173492432 -0.04517637565732002 0.7276512384414673 
vn -0.6895585060119629 -0.09014888107776642 0.7185974717140198 
vn -0.6934373378753662 -0.1422567367553711 0.7063339352607727 
vn -0.6904852986335754 -0.19346490502357483 0.6969945430755615 
vn -0.6955776810646057 -0.18637947738170624 0.6938546895980835 
vn -0.6819705963134766 -0.2580174207687378 0.6843559741973877 
vn -0.6786025166511536 -0.2826155126094818 0.677958071231842 
vn -0.6836347579956055 -0.29337078332901 0.6682642698287964 
vn -0.6914815902709961 -0.29713523387908936 0.6584556698799133 
vn -0.7132527232170105 -0.26584652066230774 0.6485338807106018 
vn -0.7068168520927429 -0.3045106828212738 0.6385006904602051 
vn -0.7023183107376099 -0.32149115204811096 0.6351318359375 
vn -0.6985312104225159 -0.34237492084503174 0.6283578276634216 
vn -0.6961963176727295 -0.35917115211486816 0.6215357780456543 
vn -0.6950361132621765 -0.372974693775177 0.6146662831306458 
vn -0.6907116770744324 -0.3864387273788452 0.6112139225006104 
vn -0.6949999332427979 -0.38965076208114624 0.6042742133140564 
vn -0.7015424370765686 -0.3832664489746094 0.6007870435714722 
vn -0.7079899311065674 -0.37682464718818665 0.5972883701324463 
vn -0.7108381986618042 -0.3770098090171814 0.5937783122062683 
vn -0.7106228470802307 -0.3935934007167816 0.5831804275512695 
vn -0.7106517553329468 -0.41392436623573303 0.5688942670822144 
vn -0.7073703408241272 -0.43380895256996155 0.5580654144287109 
vn -0.715609610080719 -0.4342119097709656 0.5471406579017639 
vn -0.7183252573013306 -0.43432754278182983 0.5434780716896057 
vn -0.7210254073143005 -0.43443387746810913 0.5398051738739014 
vn -0.7263789176940918 -0.43461892008781433 0.5324283838272095 
vn -0.7342914938926697 -0.4348282814025879 0.5212872624397278 
vn -0.751114010810852 -0.4191301167011261 0.5100564956665039 
vn -0.765847384929657 -0.4058793783187866 0.4987381398677826 
vn -0.7781264185905457 -0.3962634801864624 0.48733407258987427 
vn -0.7798605561256409 -0.4066789746284485 0.4758462607860565 
vn -0.7798838019371033 -0.4197956919670105 0.4642767012119293 
vn -0.7850111722946167 -0.4270850718021393 0.4487268626689911 
vn -0.7883499264717102 -0.4370134472846985 0.43303996324539185 
vn -0.7929518818855286 -0.4440203607082367 0.417220801115036 
vn -0.8060819506645203 -0.43126097321510315 0.405272513628006 
vn -0.81870436668396 -0.4146095812320709 0.3972681760787964 
vn -0.8262934684753418 -0.4146675169467926 0.3811691105365753 
vn -0.8086062073707581 -0.4646719694137573 0.36088213324546814 
vn -0.831623911857605 -0.4387640953063965 0.34042292833328247 
vn -0.8396293520927429 -0.43903276324272156 0.3198012113571167 
vn -0.8521156907081604 -0.42951342463493347 0.2990269064903259 
vn -0.869641125202179 -0.40205222368240356 0.2864931523799896 
vn -0.8614993691444397 -0.43281757831573486 0.26549527049064636 
vn -0.8635610342025757 -0.44339513778686523 0.2401314377784729 
vn -0.8718692660331726 -0.440215528011322 0.21460255980491638 
vn -0.8768560886383057 -0.4402173161506653 0.19321508705615997 
vn -0.8733765482902527 -0.45411890745162964 0.1760382205247879 
vn -0.8679344654083252 -0.47060590982437134 0.15880759060382843 
vn -0.8629814982414246 -0.4837251603603363 0.1458524912595749 
vn -0.8586896061897278 -0.4972172677516937 0.1242060661315918 
vn -0.8610679507255554 -0.49713781476020813 0.10684575140476227 
vn -0.868118405342102 -0.48741286993026733 0.09380380809307098 
vn -0.8574850559234619 -0.5074223279953003 0.08510008454322815 
vn -0.8608759045600891 -0.5042945146560669 0.06767380982637405 
vn -0.8679326176643372 -0.49456003308296204 0.04586252197623253 
vn -0.877981960773468 -0.47785061597824097 0.028397228568792343 
vn -0.8672626614570618 -0.49780768156051636 0.006554040592163801 
vn -0.855779230594635 -0.5173366069793701 -0.002184694167226553 
vn -0.8557302355766296 -0.517306923866272 -0.010923261754214764 
vn -0.8594154715538025 -0.5107128620147705 -0.024029340595006943 
vn -0.8641684651374817 -0.5011082887649536 -0.04586252197623253 
vn -0.872105598449707 -0.48461538553237915 -0.06767380982637405 
vn -0.8760941624641418 -0.4745703637599945 -0.08510008454322815 
vn -0.8729469776153564 -0.4778384268283844 -0.0981530249118805 
vn -0.8584447503089905 -0.5007091164588928 -0.1111890971660614 
vn -0.8667120933532715 -0.48078596591949463 -0.1328723281621933 
vn -0.8676024079322815 -0.4740399420261383 -0.15017375349998474 
vn -0.8732268810272217 -0.4576485753059387 -0.16742929816246033 
vn -0.884315550327301 -0.43065571784973145 -0.18033768236637115 
vn -0.8749017119407654 -0.444088876247406 -0.19321508705615997 
vn -0.8890692591667175 -0.40659064054489136 -0.2103329300880432 
vn -0.886017382144928 -0.3991619646549225 -0.23588760197162628 
vn -0.8819140195846558 -0.3923778235912323 -0.2612801790237427 
vn -0.8888988494873047 -0.3574639558792114 -0.2864931523799896 
vn -0.8746898770332336 -0.3781419098377228 -0.30319350957870483 
vn -0.8672013282775879 -0.3816923499107361 -0.3198012113571167 
vn -0.8624284863471985 -0.37460556626319885 -0.34042292833328247 
vn -0.8570546507835388 -0.36368420720100403 -0.3649536371231079 
vn -0.8535296320915222 -0.346387654542923 -0.3892335295677185 
vn -0.8327891230583191 -0.37711602449417114 -0.405272513628006 
vn -0.8423818349838257 -0.34586217999458313 -0.41324591636657715 
vn -0.8280490636825562 -0.3700482249259949 -0.42118772864341736 
vn -0.818190336227417 -0.3736549913883209 -0.43697428703308105 
vn -0.8168384432792664 -0.35265442728996277 -0.456519216299057 
vn -0.815392255783081 -0.33519041538238525 -0.4719987213611603 
vn -0.8129743337631226 -0.32447943091392517 -0.4835140109062195 
vn -0.8156567811965942 -0.29955342411994934 -0.4949462115764618 
vn -0.8185563087463379 -0.2782779932022095 -0.5025205612182617 
vn -0.8103827238082886 -0.2815655767917633 -0.5138099193572998 
vn -0.7981774210929871 -0.28872641921043396 -0.528724730014801 
vn -0.7828994393348694 -0.3028201758861542 -0.5434780716896057 
vn -0.7724429368972778 -0.3097327947616577 -0.5544344186782837 
vn -0.7698452472686768 -0.30967938899993896 -0.5580654144287109 
vn -0.7700274586677551 -0.30260002613067627 -0.5616858005523682 
vn -0.7648705244064331 -0.29535937309265137 -0.5724822878837585 
vn -0.776675283908844 -0.23806755244731903 -0.5831804275512695 
vn -0.7647325396537781 -0.2417243868112564 -0.5972883701324463 
vn -0.7597963213920593 -0.2309754490852356 -0.607749879360199 
vn -0.754802405834198 -0.2380983531475067 -0.6112139225006104 
vn -0.7469165921211243 -0.2450701892375946 -0.6181069612503052 
vn -0.7417104244232178 -0.25210893154144287 -0.6215357780456543 
vn -0.7394991517066956 -0.2414693534374237 -0.6283578276634216 
vn -0.7412081360816956 -0.22693908214569092 -0.6317508816719055 
vn -0.7319533228874207 -0.23782604932785034 -0.6385006904602051 
vn -0.7418230772018433 -0.1942102611064911 -0.641857385635376 
vn -0.7451560497283936 -0.16869233548641205 -0.6452018022537231 
vn -0.7553341388702393 -0.09420239925384521 -0.6485338807106018 
vn -0.7549543380737305 -0.07162966579198837 -0.651853621006012 
vn -0.7501946091651917 -0.0603676438331604 -0.6584556698799133 
vn -0.7465978860855103 -0.018888942897319794 -0.6650074124336243 
vn -0.7269841432571411 -0.08666225522756577 -0.681163489818573 
vn -0.7169738411903381 -0.09423253685235977 -0.6907016038894653 
vn -0.7113460302352905 -0.090473473072052 -0.6969945430755615 
vn -0.7073351740837097 -0.07168387621641159 -0.7032341957092285 
vn -0.7037732005119324 -0.03776602819561958 -0.7094202041625977 
vn -0.6985492706298828 -0.0037772436626255512 -0.715552031993866 
vn -0.688612699508667 0.02644122764468193 -0.7246471047401428 
vn -0.6787116527557373 0.0339931957423687 -0.7336177229881287 
vn -0.6697919964790344 0.011334368959069252 -0.7424622178077698 
vn -0.6600010395050049 -0.011331465095281601 -0.7511792182922363 
vn -0.649658203125 -0.02642255835235119 -0.7597671151161194 
vn -0.6397787928581238 -0.02267780900001526 -0.7682244777679443 
vn -0.6300105452537537 -0.007554699666798115 -0.7765498161315918 
vn -0.6198112964630127 -0.003781007369980216 -0.7847417593002319 
vn -0.602520227432251 -0.003778239479288459 -0.7980946898460388 
vn -0.5770518183708191 0.030242005363106728 -0.8161473870277405 
vn -0.5420525074005127 0.17850978672504425 -0.8211658596992493 
vn -0.40323755145072937 0.5627173781394958 -0.7216291427612305 
vn -0.5040562152862549 0.4054223895072937 -0.762600839138031 
vn -0.5688078999519348 0.33494386076927185 -0.7511792182922363 
vn -0.5952079892158508 0.35964590311050415 -0.7185974717140198 
vn -0.6076223254203796 0.3631631135940552 -0.7063339352607727 
vn -0.616466224193573 0.3602775037288666 -0.7001210451126099 
vn -0.6308391690254211 0.3409406840801239 -0.6969945430755615 
vn -0.6464420557022095 0.3172985017299652 -0.6938546895980835 
vn -0.6610985994338989 0.30758020281791687 -0.6843559741973877 
vn -0.6690847873687744 0.33179914951324463 -0.6650074124336243 
vn -0.6669436097145081 0.37269407510757446 -0.6452018022537231 
vn -0.6681433320045471 0.408996045589447 -0.6215357780456543 
vn -0.6721203923225403 0.42295897006988525 -0.607749879360199 
vn -0.6881811022758484 0.4067698121070862 -0.6007870435714722 
vn -0.6994330883026123 0.3871023952960968 -0.6007870435714722 
vn -0.7087824940681458 0.38086044788360596 -0.5937783122062683 
vn -0.7157538533210754 0.3841836452484131 -0.5831804275512695 
vn -0.7260348200798035 0.39155396819114685 -0.5652954578399658 
vn -0.7314813733100891 0.39178818464279175 -0.5580654144287109 
vn -0.7540678381919861 0.3021296560764313 -0.5831804275512695 
vn -0.7642636895179749 0.23442675173282623 -0.6007870435714722 
vn -0.7685568928718567 0.21994361281394958 -0.6007870435714722 
vn -0.7797842621803284 0.1760438233613968 -0.6007870435714722 
vn -0.7840789556503296 0.16872084140777588 -0.5972883701324463 
vn -0.7923580408096313 0.12415855377912521 -0.5972883701324463 
vn -0.795133650302887 0.13913750648498535 -0.590256929397583 
vn -0.7997862100601196 0.10926462709903717 -0.590256929397583 
vn -0.8062706589698792 0.07538092136383057 -0.5867242813110352 
vn -0.8110798001289368 0.04527917876839638 -0.5831804275512695 
vn -0.8165536522865295 0.09797677397727966 -0.5688942670822144 
vn -0.81867516040802 0.13540314137935638 -0.5580654144287109 
vn -0.8237870931625366 0.19466601312160492 -0.5324283838272095 
vn -0.8258402347564697 0.22388896346092224 -0.5175535082817078 
vn -0.8372588753700256 0.1650974005460739 -0.5212872624397278 
vn -0.8459402918815613 0.1427738219499588 -0.5138099193572998 
vn -0.8499899506568909 0.13175536692142487 -0.5100564956665039 
vn -0.8532915711402893 0.1391640454530716 -0.5025205612182617 
vn -0.8601673245429993 0.15039172768592834 -0.48733407258987427 
vn -0.8680228590965271 0.15412162244319916 -0.4719987213611603 
vn -0.8737834692001343 0.13170166313648224 -0.46814218163490295 
vn -0.8780307769775391 0.07924098521471024 -0.4719987213611603 
vn -0.8809434175491333 0.03399788588285446 -0.4719987213611603 
vn -0.8871956467628479 0.03022531419992447 -0.46040233969688416 
vn -0.8949761390686035 0.03398256376385689 -0.44481781125068665 
vn -0.9008686542510986 0.030199704691767693 -0.43303996324539185 
vn -0.9069027900695801 -0.011321591213345528 -0.42118772864341736 
vn -0.9124436974525452 -0.05657416582107544 -0.405272513628006 
vn -0.9196211099624634 -0.052861038595438004 -0.3892335295677185 
vn -0.9232017993927002 -0.04907633364200592 -0.3811691105365753 
vn -0.9335609078407288 0.033986449241638184 -0.3568037748336792 
vn -0.9398159384727478 0.06033818796277046 -0.3363112509250641 
vn -0.9466999769210815 0.06417977064847946 -0.31565824151039124 
vn -0.9527810215950012 0.052831754088401794 -0.2990269064903259 
vn -0.9582546353340149 0.04530356824398041 -0.28230419754981995 
vn -0.9590569734573364 0.10928129404783249 -0.2612801790237427 
vn -0.967869222164154 0.03774431347846985 -0.24860523641109467 
vn -0.9736874103546143 0.01510703470557928 -0.22738653421401978 
vn -0.9770386815071106 -0.033992938697338104 -0.2103329300880432 
vn -0.970902144908905 -0.1354350596666336 -0.1975002884864807 
vn -0.970674991607666 -0.14303134381771088 -0.19321508705615997 
vn -0.9724168181419373 -0.15783701837062836 -0.17173540592193604 
vn -0.9788150191307068 -0.13917258381843567 -0.15017375349998474 
vn -0.9813116192817688 -0.13918480277061462 -0.1328723281621933 
vn -0.9812804460525513 -0.15408241748809814 -0.11553031951189041 
vn -0.9825621843338013 -0.15791632235050201 -0.0981530249118805 
vn -0.9865938425064087 -0.13924986124038696 -0.08510008454322815 
vn -0.9909789562225342 -0.11301333457231522 -0.07203252613544464 
vn -0.9916595220565796 -0.11675294488668442 -0.05459024757146835 
vn -0.9902431964874268 -0.1354432851076126 -0.03276457265019417 
vn -0.9873354434967041 -0.1579076051712036 -0.0152922747656703 
vn -0.986208975315094 -0.16537508368492126 -0.006554040592163801 
vn -0.9970902800559998 -0.07544279098510742 0.010923261754214764 
vn -0.9921758770942688 -0.12047196179628372 0.03276457265019417 
vn -0.9916595220565796 -0.11675294488668442 0.05459024757146835 
vn -0.9884594678878784 -0.13552916049957275 0.06767380982637405 
vn -0.9744276404380798 -0.2096923142671585 0.08074574917554855 
vn -0.9784753918647766 -0.18381187319755554 0.09380380809307098 
vn -0.9793140888214111 -0.16905900835990906 0.1111890971660614 
vn -0.9790778160095215 -0.15411537885665894 0.1328723281621933 
vn -0.9765759706497192 -0.15410128235816956 0.15017375349998474 
vn -0.9737756848335266 -0.15403994917869568 0.16742929816246033 
vn -0.974440336227417 -0.12797024846076965 0.18463370203971863 
vn -0.9779592752456665 -0.07914313673973083 0.19321508705615997 
vn -0.9779506921768188 -0.033941108733415604 0.2060592919588089 
vn -0.972772479057312 -0.007545965723693371 0.23163928091526031 
vn -0.9675019979476929 -0.003775792196393013 0.25283506512641907 
vn -0.9628764390945435 0.0678350031375885 0.2612801790237427 
vn -0.9593175053596497 -0.003771965391933918 0.28230419754981995 
vn -0.9542446732521057 -1.9693608180847144e-13 0.2990269064903259 
vn -0.9460482001304626 0.007543555926531553 0.3239381015300751 
vn -0.9340178966522217 -0.056570377200841904 0.3527185618877411 
vn -0.9322379231452942 -0.026391837745904922 0.36088213324546814 
vn -0.9213607311248779 -0.09418268501758575 0.37712597846984863 
vn -0.9105051159858704 -0.12779390811920166 0.3932546079158783 
vn -0.90449458360672 -0.10543879121541977 0.41324591636657715 
vn -0.9019836783409119 -0.07533799856901169 0.42514660954475403 
vn -0.8957707285881042 -0.05658405274152756 0.4409002661705017 
vn -0.8899068832397461 -0.056517086923122406 0.45262736082077026 
vn -0.8841177821159363 -0.052752893418073654 0.4642767012119293 
vn -0.8813085556030273 -0.02263750322163105 0.4719987213611603 
vn -0.8813085556030273 0.02263750322163105 0.4719987213611603 
vn -0.876460611820221 0.04146496206521988 0.4796847105026245 
vn -0.8684000968933105 0.03015752322971821 0.4949462115764618 
vn -0.8578295111656189 0.011308141052722931 0.5138099193572998 
vn -0.8533062934875488 -0.011311804875731468 0.5212872624397278 
vn -0.8487179279327393 -0.011314641684293747 0.528724730014801 
vn -0.844132125377655 -0.003772314405068755 0.5361219048500061 
vn -0.8392114043235779 0.018861975520849228 0.5434780716896057 
vn -0.8311929106712341 0.041483111679553986 0.5544344186782837 
vn -0.8241900205612183 0.033939722925424576 0.5652954578399658 
vn -0.8173992037773132 -0.003770856885239482 0.5760593414306641 
vn -0.8087257742881775 -0.041439998894929886 0.5867242813110352 
vn -0.8023653030395508 -0.06030913069844246 0.5937783122062683 
vn -0.7950291037559509 -0.05273861065506935 0.6042742133140564 
vn -0.7932344675064087 -0.03767208382487297 0.607749879360199 
vn -0.7912406325340271 -0.018863631412386894 0.6112139225006104 
vn -0.7887061238288879 -0.01131490059196949 0.6146662831306458 
vn -0.7833766937255859 0.0037688659504055977 0.6215357780456543 
vn -0.7822890281677246 0.04143833741545677 0.6215357780456543 
vn -0.7789872884750366 0.12395227700471878 0.6146662831306458 
vn -0.7750558257102966 0.2161383330821991 0.5937783122062683 
vn -0.7696763277053833 0.2159937173128128 0.6007870435714722 
vn -0.7600019574165344 0.23029792308807373 0.607749879360199 
vn -0.7476771473884583 0.23382070660591125 0.6215357780456543 
vn -0.7384390830993652 0.24469205737113953 0.6283578276634216 
vn -0.7283957004547119 0.2731412947177887 0.6283578276634216 
vn -0.7187911868095398 0.3115004301071167 0.6215357780456543 
vn -0.7025419473648071 0.35267356038093567 0.6181069612503052 
vn -0.6855399012565613 0.37911519408226013 0.6215357780456543 
vn -0.6817429661750793 0.3689408600330353 0.6317508816719055 
vn -0.6800950169563293 0.34186920523643494 0.6485338807106018 
vn -0.679180920124054 0.3175158202648163 0.661737859249115 
vn -0.6663610935211182 0.3173157870769501 0.67473965883255 
vn -0.6496830582618713 0.3439255356788635 0.677958071231842 
vn -0.6312117576599121 0.37675532698631287 0.677958071231842 
vn -0.619330108165741 0.3959837257862091 0.677958071231842 
vn -0.495989054441452 0.7134585380554199 0.4949462115764618 
vn -0.3500267565250397 0.8918536305427551 0.2864931523799896 
vn -0.2390095442533493 0.96000075340271 0.1458524912595749 
vn -0.17267289757728577 0.9841046929359436 0.04149730131030083 
vn -0.16718998551368713 0.9844121932983398 0.05459024757146835 
vn -0.14299128949642181 0.9897022247314453 -0.006554040592163801 
vn -0.14296671748161316 0.9895321726799011 -0.01966099627315998 
vn -0.195033997297287 0.9805020689964294 0.024029340595006943 
vn -0.30099430680274963 0.9410284757614136 0.15449213981628418 
vn -0.4679383933544159 0.7953934669494629 0.3852050006389618 
vn -0.6262787580490112 0.43264156579971313 0.6485338807106018 
vn -0.6496831178665161 0.1493898183107376 0.7453821301460266 
vn -0.6487265229225159 0.07891561090946198 0.7569189071655273 
vn -0.6365944147109985 0.06766617298126221 0.7682244777679443 
vn -0.6514527201652527 0.19342805445194244 0.7336177229881287 
vn -0.6386841535568237 0.1532375067472458 0.7540562748908997 
vn -0.6288694143295288 0.11980988830327988 0.7682244777679443 
vn -0.603908896446228 0.49470001459121704 0.6249527335166931 
vn -0.5711503624916077 0.6151575446128845 0.5434780716896057 
vn -0.5582351088523865 0.6714752912521362 0.48733407258987427 
vn -0.6590229272842407 0.22205068171024323 0.7185974717140198 
vn -0.6566949486732483 0.09389928728342056 0.7482877969741821 
vn -0.6557700037956238 0.11987973749637604 0.7453821301460266 
vn -0.6419839262962341 0.3641194999217987 0.67473965883255 
vn -0.515487790107727 0.7371063828468323 0.43697428703308105 
vn -0.35046860575675964 0.912651002407074 0.2103329300880432 
vn -0.20973636209964752 0.9770526885986328 0.03713129088282585 
vn -0.14289574325084686 0.9890409708023071 -0.03713129088282585 
vn -0.13546140491962433 0.9903755784034729 -0.028397228568792343 
vn -0.1653466671705246 0.9860395193099976 0.01966099627315998 
vn -0.2243984341621399 0.9686223864555359 0.10684575140476227 
vn -0.22460059821605682 0.9694949984550476 0.0981530249118805 
vn -0.3501299023628235 0.8970329165458679 0.26970529556274414 
vn -0.4877442419528961 0.7392920255661011 0.4642767012119293 
vn -0.5002613067626953 0.7308801412582397 0.4642767012119293 
vn -0.5146868824958801 0.7257324457168579 0.456519216299057 
vn -0.5299065113067627 0.7171663641929626 0.45262736082077026 
vn -0.5538576245307922 0.6988348960876465 0.45262736082077026 
vn -0.5608809590339661 0.7007278203964233 0.4409002661705017 
vn -0.5597941875457764 0.7088764905929565 0.42909738421440125 
vn -0.5575881600379944 0.7199467420578003 0.41324591636657715 
vn -0.5653431415557861 0.7184297442436218 0.405272513628006 
vn -0.5771289467811584 0.7089967131614685 0.405272513628006 
vn -0.6114678382873535 0.6648176312446594 0.42909738421440125 
vn -0.6058980226516724 0.6845741868019104 0.405272513628006 
vn -0.620826244354248 0.6661850810050964 0.41324591636657715 
vn -0.646651566028595 0.6333183646202087 0.42514660954475403 
vn -0.6735649108886719 0.5843276381492615 0.45262736082077026 
vn -0.7009998559951782 0.5242264866828918 0.4835140109062195 
vn -0.7117313146591187 0.5059091448783875 0.48733407258987427 
vn -0.734302282333374 0.46457338333129883 0.4949462115764618 
vn -0.7572870254516602 0.4125329256057739 0.5062933564186096 
vn -0.7622862458229065 0.4125286936759949 0.4987381398677826 
vn -0.7683126330375671 0.4058620035648346 0.4949462115764618 
vn -0.7727953195571899 0.3924890458583832 0.4987381398677826 
vn -0.7811212539672852 0.3653993010520935 0.5062933564186096 
vn -0.7996276021003723 0.3169196844100952 0.5100564956665039 
vn -0.8126242756843567 0.2886326313018799 0.5062933564186096 
vn -0.8196274042129517 0.2885120213031769 0.4949462115764618 
vn -0.8118542432785034 0.3383239209651947 0.4758462607860565 
vn -0.802340030670166 0.3935665786266327 0.4487268626689911 
vn -0.7992551922798157 0.42079275846481323 0.42909738421440125 
vn -0.8050995469093323 0.41763097047805786 0.42118772864341736 
vn -0.8142605423927307 0.40768563747406006 0.41324591636657715 
vn -0.8163657188415527 0.4074932038784027 0.40926313400268555 
vn -0.8219490051269531 0.40420153737068176 0.401274174451828 
vn -0.8274402618408203 0.4008658528327942 0.3932546079158783 
vn -0.8401451110839844 0.3735063374042511 0.3932546079158783 
vn -0.8504416942596436 0.3354147970676422 0.405272513628006 
vn -0.8635599613189697 0.3000307083129883 0.405272513628006 
vn -0.8709063529968262 0.30003228783607483 0.3892335295677185 
vn -0.8710891008377075 0.32865282893180847 0.3649536371231079 
vn -0.8651928305625916 0.36041760444641113 0.34862664341926575 
vn -0.8670654296875 0.3637441098690033 0.34042292833328247 
vn -0.8835670351982117 0.3215921223163605 0.34042292833328247 
vn -0.9049447178840637 0.26071009039878845 0.3363112509250641 
vn -0.9214594960212708 0.22054387629032135 0.3198012113571167 
vn -0.9215087890625 0.2426835000514984 0.30319350957870483 
vn -0.9172213673591614 0.2678912281990051 0.2948545813560486 
vn -0.9035613536834717 0.3395726680755615 0.2612801790237427 
vn -0.9013649225234985 0.3575252294540405 0.24437066912651062 
vn -0.903068482875824 0.3643660843372345 0.22738653421401978 
vn -0.8839582800865173 0.41971105337142944 0.2060592919588089 
vn -0.9109295606613159 0.3574170172214508 0.2060592919588089 
vn -0.9220408797264099 0.33291783928871155 0.1975002884864807 
vn -0.9392606019973755 0.28652462363243103 0.18892620503902435 
vn -0.9550766348838806 0.23181678354740143 0.18463370203971863 
vn -0.9641353487968445 0.20236089825630188 0.17173540592193604 
vn -0.9668431282043457 0.20962202548980713 0.1458524912595749 
vn -0.9611579179763794 0.24647170305252075 0.1242060661315918 
vn -0.9573932886123657 0.26467111706733704 0.11553031951189041 
vn -0.9632633924484253 0.246389240026474 0.10684575140476227 
vn -0.9774470329284668 0.19129951298236847 0.08945280313491821 
vn -0.99288010597229 0.0980273187160492 0.06767380982637405 
vn -0.9814256429672241 0.18391203880310059 0.05459024757146835 
vn -0.9752732515335083 0.21707160770893097 0.04149730131030083 
vn -0.9705502390861511 0.23921915888786316 0.028397228568792343 
vn -0.9546639323234558 0.2974852919578552 0.010923261754214764 
vn -0.9727190732955933 0.23197589814662933 -0.002184694167226553 
vn -0.9726076722145081 0.2319493293762207 -0.0152922747656703 
vn -0.9704205393791199 0.23918718099594116 -0.03276457265019417 
vn -0.9705445170402527 0.2356281578540802 -0.05022686347365379 
vn -0.9751731157302856 0.21345257759094238 -0.058952588587999344 
vn -0.979593813419342 0.18763616681098938 -0.07203252613544464 
vn -0.9774470329284668 0.19129951298236847 -0.08945280313491821 
vn -0.9784701466560364 0.1765790581703186 -0.10684575140476227 
vn -0.9578115940093994 0.2612055242061615 -0.11986933648586273 
vn -0.9493778347969055 0.28663405776023865 -0.12854042649269104 
vn -0.9534558653831482 0.26850998401641846 -0.1372016966342926 
vn -0.9599508047103882 0.22463715076446533 -0.16742929816246033 
vn -0.9615597128868103 0.19511756300926208 -0.19321508705615997 
vn -0.9409087300300598 0.27198323607444763 -0.2017817199230194 
vn -0.9223557114601135 0.3294602632522583 -0.2017817199230194 
vn -0.9041131138801575 0.3719402849674225 -0.2103329300880432 
vn -0.8726980090141296 0.44063395261764526 -0.2103329300880432 
vn -0.8865156173706055 0.4029707908630371 -0.22738653421401978 
vn -0.882890522480011 0.40603119134902954 -0.23588760197162628 
vn -0.8843749761581421 0.39237141609191895 -0.25283506512641907 
vn -0.8883733749389648 0.3715532124042511 -0.26970529556274414 
vn -0.9021427631378174 0.31495901942253113 -0.2948545813560486 
vn -0.9090704917907715 0.2719387412071228 -0.31565824151039124 
vn -0.8970518708229065 0.30060291290283203 -0.3239381015300751 
vn -0.8672030568122864 0.37095358967781067 -0.33219319581985474 
vn -0.8415212631225586 0.42920026183128357 -0.3280687630176544 
vn -0.830722987651825 0.45272889733314514 -0.3239381015300751 
vn -0.8347670435905457 0.43910330533981323 -0.33219319581985474 
vn -0.838361382484436 0.41211801767349243 -0.3568037748336792 
vn -0.8407455682754517 0.38452181220054626 -0.3811691105365753 
vn -0.8352698683738708 0.3842851221561432 -0.3932546079158783 
vn -0.8188459873199463 0.4218868613243103 -0.3892335295677185 
vn -0.8048951625823975 0.4581700265407562 -0.37712597846984863 
vn -0.7932424545288086 0.48122864961624146 -0.37307560443878174 
vn -0.781539261341095 0.4969632029533386 -0.37712597846984863 
vn -0.7753211259841919 0.5035744905471802 -0.3811691105365753 
vn -0.76698899269104 0.5161763429641724 -0.3811691105365753 
vn -0.7608780860900879 0.5191933512687683 -0.3892335295677185 
vn -0.7636458873748779 0.5025923848152161 -0.405272513628006 
vn -0.7613891363143921 0.5027825236320496 -0.40926313400268555 
vn -0.7670280933380127 0.47701504826545715 -0.42909738421440125 
vn -0.7717263698577881 0.45064684748649597 -0.4487268626689911 
vn -0.7785540819168091 0.4000847041606903 -0.4835140109062195 
vn -0.7333488464355469 0.5141367316246033 -0.44481781125068665 
vn -0.7107161283493042 0.5574567317962646 -0.42909738421440125 
vn -0.6961851119995117 0.5841686725616455 -0.417220801115036 
vn -0.6932547092437744 0.5932129621505737 -0.40926313400268555 
vn -0.6839136481285095 0.601240336894989 -0.41324591636657715 
vn -0.6763837337493896 0.606985867023468 -0.417220801115036 
vn -0.6642366051673889 0.6148496270179749 -0.42514660954475403 
vn -0.6486387848854065 0.6312828660011292 -0.42514660954475403 
vn -0.6317846775054932 0.6558017730712891 -0.41324591636657715 
vn -0.5970312356948853 0.7036837935447693 -0.3852050006389618 
vn -0.600097119808197 0.6988424062728882 -0.3892335295677185 
vn -0.579582154750824 0.718123733997345 -0.3852050006389618 
vn -0.5736876726150513 0.7228413224220276 -0.3852050006389618 
vn -0.5600876808166504 0.7291451692581177 -0.3932546079158783 
vn -0.5512639880180359 0.7336797714233398 -0.3972681760787964 
vn -0.5445206761360168 0.7321208715438843 -0.40926313400268555 
vn -0.5528754591941833 0.7166443467140198 -0.42514660954475403 
vn -0.557988703250885 0.7005610466003418 -0.44481781125068665 
vn -0.5400868058204651 0.7144532203674316 -0.44481781125068665 
vn -0.5399039387702942 0.6943155527114868 -0.4758462607860565 
vn -0.5248098373413086 0.697911262512207 -0.48733407258987427 
vn -0.5104349851608276 0.7031958103179932 -0.4949462115764618 
vn -0.5071889162063599 0.6974427700042725 -0.5062933564186096 
vn -0.5017163753509521 0.6931226253509521 -0.5175535082817078 
vn -0.4982968866825104 0.6871320009231567 -0.528724730014801 
vn -0.4759715497493744 0.6885406374931335 -0.5471406579017639 
vn -0.41462334990501404 0.7131118774414062 -0.5652954578399658 
vn -0.33084455132484436 0.7740492820739746 -0.5398051738739014 
vn -0.27089759707450867 0.8044032454490662 -0.528724730014801 
vn -0.20057649910449982 0.9418216943740845 -0.26970529556274414 
vn -0.16537824273109436 0.986227810382843 0.002184694167226553 
vn -0.2116377353668213 0.9369441866874695 -0.2781098484992981 
vn -0.24450837075710297 0.9210262298583984 -0.30319350957870483 
vn -0.3022170960903168 0.8934833407402039 -0.33219319581985474 
vn -0.35720762610435486 0.8697786927223206 -0.34042292833328247 
vn -0.3589949309825897 0.8827210068702698 -0.30319350957870483 
vn -0.3470117151737213 0.8969705104827881 -0.27391019463539124 
vn -0.3275088667869568 0.912699818611145 -0.24437066912651062 
vn -0.3168526291847229 0.9238777756690979 -0.21460255980491638 
vn -0.31180310249328613 0.9302939176559448 -0.19321508705615997 
vn -0.3135129511356354 0.9331238865852356 -0.1760382205247879 
vn -0.2972789704799652 0.9442430138587952 -0.1415284425020218 
vn -0.32054755091667175 0.9352524280548096 -0.15017375349998474 
vn -0.3187994956970215 0.9371961355209351 -0.1415284425020218 
vn -0.3241679072380066 0.9366216659545898 -0.1328723281621933 
vn -0.32254624366760254 0.9389330744743347 -0.11986933648586273 
vn -0.3207121193408966 0.9406278133392334 -0.1111890971660614 
vn -0.32086583971977234 0.9410786628723145 -0.10684575140476227 
vn -0.32800641655921936 0.938613772392273 -0.10684575140476227 
vn -0.3351280689239502 0.9360946416854858 -0.10684575140476227 
vn -0.3491455614566803 0.9304484724998474 -0.1111890971660614 
vn -0.38231557607650757 0.9131289720535278 -0.1415284425020218 
vn -0.36306193470954895 0.9245749115943909 -0.11553031951189041 
vn -0.3772565424442291 0.9194098711013794 -0.1111890971660614 
vn -0.3911830186843872 0.9135714769363403 -0.1111890971660614 
vn -0.40481728315353394 0.9070698618888855 -0.11553031951189041 
vn -0.42224714159965515 0.8973208665847778 -0.12854042649269104 
vn -0.43727242946624756 0.8881230354309082 -0.1415284425020218 
vn -0.44564464688301086 0.8825240731239319 -0.15017375349998474 
vn -0.45579659938812256 0.8750093579292297 -0.16312000155448914 
vn -0.5036049485206604 0.8420510292053223 -0.19321508705615997 
vn -0.5211942195892334 0.8322640657424927 -0.18892620503902435 
vn -0.5227574110031128 0.8350039720535278 -0.17173540592193604 
vn -0.5696576237678528 0.7956316471099854 -0.2060592919588089 
vn -0.5829092264175415 0.7836852669715881 -0.21460255980491638 
vn -0.5818720459938049 0.7867429852485657 -0.2060592919588089 
vn -0.6054683327674866 0.7626948356628418 -0.22738653421401978 
vn -0.6172274947166443 0.753210186958313 -0.22738653421401978 
vn -0.6245006918907166 0.7458834648132324 -0.23163928091526031 
vn -0.635343074798584 0.735320508480072 -0.23588760197162628 
vn -0.654991626739502 0.7150307297706604 -0.24437066912651062 
vn -0.6660460233688354 0.7047451138496399 -0.24437066912651062 
vn -0.6689066290855408 0.7049261927604675 -0.23588760197162628 
vn -0.6641280651092529 0.7161561846733093 -0.21460255980491638 
vn -0.6553981304168701 0.7301514744758606 -0.19321508705615997 
vn -0.6467082500457764 0.7400532364845276 -0.18463370203971863 
vn -0.6467082500457764 0.7400532364845276 -0.18463370203971863 
vn -0.6497566103935242 0.7351763844490051 -0.19321508705615997 
vn -0.6604257225990295 0.724452555179596 -0.1975002884864807 
vn -0.698495626449585 0.6878207921981812 -0.1975002884864807 
vn -0.7345367670059204 0.6491913199424744 -0.1975002884864807 
vn -0.7696014046669006 0.6058034300804138 -0.2017817199230194 
vn -0.752945065498352 0.6328917741775513 -0.18033768236637115 
vn -0.7503329515457153 0.6383631229400635 -0.17173540592193604 
vn -0.7495465874671936 0.6415386199951172 -0.16312000155448914 
vn -0.7481768727302551 0.644213855266571 -0.15880759060382843 
vn -0.7432308197021484 0.6499139070510864 -0.15880759060382843 
vn -0.7688313722610474 0.618296205997467 -0.16312000155448914 
vn -0.7873956561088562 0.5944744944572449 -0.16312000155448914 
vn -0.800190806388855 0.5795056819915771 -0.15449213981628418 
vn -0.8075358867645264 0.5736387968063354 -0.1372016966342926 
vn -0.8004352450370789 0.5890164971351624 -0.1111890971660614 
vn -0.7845619916915894 0.6129137873649597 -0.09380380809307098 
vn -0.7754930853843689 0.6249869465827942 -0.08945280313491821 
vn -0.7751813530921936 0.6247357130050659 -0.09380380809307098 
vn -0.8075448274612427 0.5829833149909973 -0.08945280313491821 
vn -0.8324315547943115 0.5488372445106506 -0.0763898640871048 
vn -0.8749272227287292 0.48116761445999146 -0.05459024757146835 
vn -0.8550441265106201 0.5168921947479248 -0.04149730131030083 
vn -0.8513926863670349 0.5235045552253723 -0.03276457265019417 
vn -0.8354001641273499 0.5491166710853577 -0.024029340595006943 
vn -0.843791663646698 0.5365597009658813 -0.010923261754214764 
vn -0.8478681445121765 0.5302026271820068 -0.002184694167226553 
vn -0.8314517736434937 0.5555583238601685 0.006554040592163801 
vn -0.8477710485458374 0.5301418900489807 0.0152922747656703 
vn -0.8554361462593079 0.5171291828155518 0.028397228568792343 
vn -0.8512625694274902 0.5234245657920837 0.03713129088282585 
vn -0.8480364680290222 0.5266485810279846 0.058952588587999344 
vn -0.8197537064552307 0.5675988793373108 0.0763898640871048 
vn -0.7836277484893799 0.6159607768058777 0.08074574917554855 
vn -0.7838976383209229 0.6161729097366333 0.0763898640871048 
vn -0.7928633689880371 0.6040263772010803 0.08074574917554855 
vn -0.8072202205657959 0.5827489495277405 0.09380380809307098 
vn -0.818860650062561 0.5613364577293396 0.11986933648586273 
vn -0.8199414610862732 0.5546761751174927 0.1415284425020218 
vn -0.8077524304389954 0.5700735449790955 0.15017375349998474 
vn -0.7912384271621704 0.5916704535484314 0.15449213981628418 
vn -0.7774637937545776 0.6096574664115906 0.15449213981628418 
vn -0.7408910989761353 0.6555969715118408 0.1458524912595749 
vn -0.7675210237503052 0.6210407614707947 0.15880759060382843 
vn -0.7682685852050781 0.6178436279296875 0.16742929816246033 
vn -0.7908814549446106 0.5820768475532532 0.18892620503902435 
vn -0.796790599822998 0.5695689916610718 0.2017817199230194 
vn -0.7788503766059875 0.5938655138015747 0.2017817199230194 
vn -0.7498740553855896 0.6286719441413879 0.2060592919588089 
vn -0.7148719429969788 0.6682047843933105 0.2060592919588089 
vn -0.6939294338226318 0.6899286508560181 0.2060592919588089 
vn -0.6838315725326538 0.7011836767196655 0.2017817199230194 
vn -0.6892169117927551 0.6958909630775452 0.2017817199230194 
vn -0.7005633115768433 0.6818879246711731 0.2103329300880432 
vn -0.7101742029190063 0.6648276448249817 0.23163928091526031 
vn -0.7213541865348816 0.6413897275924683 0.2612801790237427 
vn -0.7194992303848267 0.6381959915161133 0.27391019463539124 
vn -0.7093988060951233 0.6494047045707703 0.27391019463539124 
vn -0.6968925595283508 0.6662229299545288 0.26549527049064636 
vn -0.6863817572593689 0.6770467758178711 0.26549527049064636 
vn -0.6744962930679321 0.6904979944229126 0.2612801790237427 
vn -0.6690795421600342 0.695747971534729 0.2612801790237427 
vn -0.6581238508224487 0.7061201333999634 0.2612801790237427 
vn -0.6684585213661194 0.6897956728935242 0.2781098484992981 
vn -0.6653589606285095 0.6893613934516907 0.2864931523799896 
vn -0.6587350964546204 0.6974040865898132 0.28230419754981995 
vn -0.6339520215988159 0.7232413291931152 0.27391019463539124 
vn -0.6023771166801453 0.7527642846107483 0.26549527049064636 
vn -0.5756337642669678 0.7762511968612671 0.25706008076667786 
vn -0.5564276576042175 0.7928326725959778 0.24860523641109467 
vn -0.5455659627914429 0.8041858077049255 0.23588760197162628 
vn -0.5281637907028198 0.8193022608757019 0.22312943637371063 
vn -0.5108833909034729 0.834588348865509 0.2060592919588089 
vn -0.48839837312698364 0.8509612083435059 0.19321508705615997 
vn -0.283049076795578 0.9591029286384583 -0.002184694167226553 
vn -0.26851585507392883 0.963213324546814 -0.010923261754214764 
vn -0.283049076795578 0.9591029286384583 0.002184694167226553 
vn -0.2974852919578552 0.9546639323234558 0.010923261754214764 
vn -0.3046455681324005 0.952262818813324 0.01966099627315998 
vn -0.31179845333099365 0.9498443603515625 0.024029340595006943 
vn -0.32607123255729675 0.9449185729026794 0.028397228568792343 
vn -0.34734711050987244 0.9371640682220459 0.03276457265019417 
vn -0.368431955575943 0.928912878036499 0.03713129088282585 
vn -0.38446033000946045 0.9220015406608582 0.04586252197623253 
vn -0.3913382887840271 0.9188752174377441 0.05022686347365379 
vn -0.3754938244819641 0.9262455701828003 0.03276457265019417 
vn -0.4119841754436493 0.9095542430877686 0.05459024757146835 
vn -0.4186333417892456 0.9059455990791321 0.0633138045668602 
vn -0.4274040162563324 0.9011865258216858 0.07203252613544464 
vn -0.4408552944660187 0.894321620464325 0.0763898640871048 
vn -0.4562082588672638 0.8857945799827576 0.08510008454322815 
vn -0.460891455411911 0.883775532245636 0.08074574917554855 
vn -0.46120011806488037 0.8843674063682556 0.07203252613544464 
vn -0.46597370505332947 0.8825303912162781 0.0633138045668602 
vn -0.4595247209072113 0.8864856958389282 0.05459024757146835 
vn -0.47468146681785583 0.8775521516799927 0.06767380982637405 
vn -0.46788159012794495 0.8808507919311523 0.07203252613544464 
vn -0.4742186665534973 0.8766965270042419 0.08074574917554855 
vn -0.4742186665534973 0.8766965270042419 0.08074574917554855 
vn -0.4876050353050232 0.8697159886360168 0.0763898640871048 
vn -0.500879168510437 0.8625145554542542 0.07203252613544464 
vn -0.5204955339431763 0.8511784076690674 0.06767380982637405 
vn -0.5724404454231262 0.8155182003974915 0.08510008454322815 
vn -0.5313068628311157 0.8448102474212646 0.0633138045668602 
vn -0.5186101794242859 0.8529760241508484 0.058952588587999344 
vn -0.5140371918678284 0.8550941944122314 0.06767380982637405 
vn -0.5391639471054077 0.8383211493492126 0.08074574917554855 
vn -0.5580618381500244 0.8258614540100098 0.08074574917554855 
vn -0.564297616481781 0.8216132521629333 0.08074574917554855 
vn -0.5646755695343018 0.8221635222434998 0.07203252613544464 
vn -0.569225013256073 0.8200654983520508 0.058952588587999344 
vn -0.5696167349815369 0.8206298351287842 0.04586252197623253 
vn -0.5737689137458801 0.8179652690887451 0.04149730131030083 
vn -0.5758051872253418 0.816299557685852 0.04586252197623253 
vn -0.5939105153083801 0.8026769161224365 0.05459024757146835 
vn -0.5940467119216919 0.8028609752655029 0.05022686347365379 
vn -0.5921517014503479 0.8047573566436768 0.04149730131030083 
vn -0.6105102896690369 0.7914990782737732 0.028397228568792343 
vn -0.6284640431404114 0.7776882648468018 0.0152922747656703 
vn -0.6343554258346558 0.772964358329773 0.010923261754214764 
vn -0.6167173981666565 0.7871816158294678 0.002184694167226553 
vn -0.6574370265007019 0.7534810304641724 -0.006554040592163801 
vn -0.6166820526123047 0.7871364951133728 -0.010923261754214764 
vn -0.4377666711807251 0.8990859389305115 -0.002184694167226553 
vn -0.41728663444519043 0.9087722897529602 -0.002184694167226553 
vn -0.4309644401073456 0.9023662805557251 0.002184694167226553 
vn -0.42412951588630676 0.9055778384208679 0.006554040592163801 
vn -0.4103334844112396 0.9117235541343689 0.01966099627315998 
vn -0.4033980667591095 0.9147090315818787 0.024029340595006943 
vn -0.39643341302871704 0.9176241755485535 0.028397228568792343 
vn -0.4102942943572998 0.9116365313529968 0.024029340595006943 
vn -0.39654698967933655 0.9178870320320129 0.0152922747656703 
vn -0.38960394263267517 0.9208555221557617 0.0152922747656703 
vn -0.38263869285583496 0.9237715005874634 0.0152922747656703 
vn -0.3756229281425476 0.9265640377998352 0.01966099627315998 
vn -0.3685797452926636 0.9292855262756348 0.024029340595006943 
vn -0.3615100085735321 0.9319356679916382 0.028397228568792343 
vn -0.3544618785381317 0.9346391558647156 0.028397228568792343 
vn -0.3544618785381317 0.9346391558647156 0.028397228568792343 
vn -0.3545634150505066 0.9349068999290466 0.0152922747656703 
vn -0.333331435918808 0.9428071975708008 0.002184694167226553 
vn -0.34044185280799866 0.940263032913208 -0.002184694167226553 
vn -0.34753286838531494 0.9376652836799622 0.002184694167226553 
vn -0.333331435918808 0.9428071975708008 -0.002184694167226553 
vn -0.32620200514793396 0.9452975392341614 0.002184694167226553 
vn -0.31905397772789 0.947733998298645 0.002184694167226553 
vn -0.31905397772789 0.947733998298645 0.002184694167226553 
vn -0.31905397772789 0.947733998298645 -0.002184694167226553 
vn -0.3190478980541229 0.9477159380912781 -0.006554040592163801 
vn -0.3118281960487366 0.9499350786209106 -0.01966099627315998 
vn -0.29738306999206543 0.9543358683586121 -0.028397228568792343 
vn -0.3046164810657501 0.9521719217300415 -0.024029340595006943 
vn -0.29741716384887695 0.9544451832771301 -0.024029340595006943 
vn -0.2902008593082428 0.9566640257835388 -0.024029340595006943 
vn -0.28296801447868347 0.9588282704353333 -0.024029340595006943 
vn -0.2757190465927124 0.9609378576278687 -0.024029340595006943 
vn -0.26842358708381653 0.9628823399543762 -0.028397228568792343 
vn -0.2610695958137512 0.9646055698394775 -0.03713129088282585 
vn -0.2558097839355469 0.9656386375427246 -0.04586252197623253 
vn -0.24839217960834503 0.9671200513839722 -0.05459024757146835 
vn -0.24101287126541138 0.9687297940254211 -0.058952588587999344 
vn -0.23361895978450775 0.9702646732330322 -0.0633138045668602 
vn -0.2189204841852188 0.9736863970756531 -0.0633138045668602 
vn -0.21155226230621338 0.9753137826919556 -0.0633138045668602 
vn -0.20417194068431854 0.9768854379653931 -0.0633138045668602 
vn -0.19880808889865875 0.9776991605758667 -0.06767380982637405 
vn -0.1914011836051941 0.9791761040687561 -0.06767380982637405 
vn -0.1839270144701004 0.9802969694137573 -0.07203252613544464 
vn -0.19134262204170227 0.978876531124115 -0.07203252613544464 
vn -0.17845167219638824 0.9806299805641174 -0.08074574917554855 
vn -0.17095203697681427 0.981597363948822 -0.08510008454322815 
vn -0.25393757224082947 0.9671589136123657 -0.010923261754214764 
vn -0.47206878662109375 0.8629190921783447 0.18033768236637115 
vn -0.45208513736724854 0.8735544085502625 0.18033768236637115 
vn -0.43035000562667847 0.8861748576164246 0.17173540592193604 
vn -0.39978259801864624 0.9034965634346008 0.15449213981628418 
vn -0.3803708851337433 0.9146003127098083 0.1372016966342926 
vn -0.35782328248023987 0.9254919290542603 0.1242060661315918 
vn -0.3420664072036743 0.9330742359161377 0.1111890971660614 
vn -0.3456803858280182 0.9295065402984619 0.12854042649269104 
vn -0.3207121193408966 0.9406278133392334 0.1111890971660614 
vn -0.32254624366760254 0.9389330744743347 0.11986933648586273 
vn -0.32435470819473267 0.9371613264083862 0.12854042649269104 
vn -0.31683653593063354 0.9385042786598206 0.1372016966342926 
vn -0.31859731674194336 0.9366017580032349 0.1458524912595749 
vn -0.30817845463752747 0.938700258731842 0.15449213981628418 
vn -0.3044259548187256 0.9369267821311951 0.17173540592193604 
vn -0.3096453845500946 0.9310142993927002 0.19321508705615997 
vn -0.32398316264152527 0.9214014410972595 0.21460255980491638 
vn -0.32022809982299805 0.9196463227272034 0.22738653421401978 
vn -0.220743328332901 0.971983790397644 0.08074574917554855 
vn -0.15791665017604828 0.987392008304596 -0.010923261754214764 
vn -0.1299208104610443 0.990463137626648 -0.04586252197623253 
vn -0.13539931178092957 0.9899216890335083 -0.04149730131030083 
vn -0.14289574325084686 0.9890409708023071 -0.03713129088282585 
vn -0.22644491493701935 0.9727281332015991 0.05022686347365379 
vn -0.38544151186943054 0.8886114358901978 0.24860523641109467 
vn -0.5458437204360962 0.6896557211875916 0.4758462607860565 
vn -0.650118887424469 0.31666499376296997 0.6907016038894653 
vn -0.6615813970565796 0.10516604781150818 0.7424622178077698 
vn -0.6615813970565796 0.10516604781150818 0.7424622178077698 
vn -0.665168285369873 0.2510235011577606 0.7032341957092285 
vn -0.5479817390441895 0.6983879208564758 0.46040233969688416 
vn -0.2649068832397461 0.9618963599205017 0.06767380982637405 
vn -0.27395179867744446 0.9579709768295288 0.08510008454322815 
vn -0.10928086936473846 0.9867568016052246 -0.11986933648586273 
vn -0.11488696932792664 0.9871362447738647 -0.1111890971660614 
vn -0.2827512323856354 0.9532238841056824 0.10684575140476227 
vn -0.09614696353673935 0.9870324730873108 -0.12854042649269104 
vn -0.2649068832397461 0.9618963599205017 0.06767380982637405 
vn -0.5470201373100281 0.7066917419433594 0.4487268626689911 
vn -0.6657273173332214 0.2823798358440399 0.6907016038894653 
vn -0.6669290661811829 0.11249693483114243 0.736579954624176 
vn -0.6654459834098816 0.10138900578022003 0.7395281791687012 
vn -0.6608889102935791 0.28599217534065247 0.6938546895980835 
vn -0.5672058463096619 0.6524956822395325 0.5025205612182617 
vn -0.39877283573150635 0.8764926195144653 0.26970529556274414 
vn -0.23361895978450775 0.9702646732330322 0.0633138045668602 
vn -0.15036074817180634 0.9879336357116699 -0.03713129088282585 
vn -0.15036074817180634 0.9879336357116699 -0.03713129088282585 
vn -0.12986372411251068 0.9900279641151428 -0.05459024757146835 
vn -0.1504354178905487 0.9884243011474609 -0.01966099627315998 
vn -0.20422658324241638 0.9771469235420227 0.058952588587999344 
vn -0.19495578110218048 0.980108916759491 0.03713129088282585 
vn -0.18762384355068207 0.9819470047950745 0.024029340595006943 
vn -0.18025116622447968 0.9835987687110901 0.006554040592163801 
vn -0.18025460839271545 0.9836175441741943 -0.002184694167226553 
vn -0.18023395538330078 0.9835048913955688 -0.0152922747656703 
vn -0.18022020161151886 0.9834297895431519 -0.01966099627315998 
vn -0.18760234117507935 0.9818344712257385 -0.028397228568792343 
vn -0.1875772625207901 0.9817032217979431 -0.03276457265019417 
vn -0.18754860758781433 0.9815532565116882 -0.03713129088282585 
vn -0.18754860758781433 0.9815532565116882 -0.03713129088282585 
vn -0.18754860758781433 0.9815532565116882 -0.03713129088282585 
vn -0.19495578110218048 0.980108916759491 -0.03713129088282585 
vn -0.20238277316093445 0.9787582159042358 -0.03276457265019417 
vn -0.2097964584827423 0.977332592010498 -0.028397228568792343 
vn -0.22453342378139496 0.9740525484085083 -0.028397228568792343 
vn -0.1559937298297882 0.9836992025375366 -0.08945280313491821 
vn -0.1485336273908615 0.9848532676696777 -0.08945280313491821 
vn -0.1485336273908615 0.9848532676696777 -0.08945280313491821 
vn -0.14111900329589844 0.9863282442092896 -0.08510008454322815 
vn -0.14111900329589844 0.9863282442092896 -0.08510008454322815 
vn -0.14111900329589844 0.9863282442092896 -0.08510008454322815 
vn -0.14111900329589844 0.9863282442092896 -0.08510008454322815 
vn -0.14117032289505005 0.9866868853569031 -0.08074574917554855 
vn -0.13368801772594452 0.9877285361289978 -0.08074574917554855 
vn -0.1317036747932434 0.9883413910865784 -0.0763898640871048 
vn -0.13174651563167572 0.988662838935852 -0.07203252613544464 
vn -0.12979671359062195 0.9895171523094177 -0.0633138045668602 
vn -0.129831463098526 0.9897819757461548 -0.058952588587999344 
vn -0.13737702369689941 0.9892445802688599 -0.05022686347365379 
vn -0.1428711861371994 0.9888709783554077 -0.04149730131030083 
vn -0.14291757345199585 0.9891921281814575 -0.03276457265019417 
vn -0.129831463098526 0.9897819757461548 -0.058952588587999344 
vn -0.1578412801027298 0.9869207739830017 -0.03276457265019417 
vn -0.25939950346946716 0.9620134234428406 0.08510008454322815 
vn -0.2429211437702179 0.9673678874969482 0.07203252613544464 
vn -0.41744881868362427 0.8637365698814392 0.28230419754981995 
vn -0.5837947726249695 0.6224494576454163 0.5212872624397278 
vn -0.6663874387741089 0.2648138701915741 0.6969945430755615 
vn -0.6713719367980957 0.10518918931484222 0.7336177229881287 
vn -0.6727849245071411 0.11629088968038559 0.7306414246559143 
vn -0.6664483547210693 0.31019264459609985 0.677958071231842 
vn -0.5490142107009888 0.710063636302948 0.4409002661705017 
vn -0.2649068832397461 0.9618963599205017 0.06767380982637405 
vn -0.1017717570066452 0.9875595569610596 -0.11986933648586273 
vn -0.04908853769302368 0.9823790788650513 -0.18033768236637115 
vn -0.054723553359508514 0.9828610420227051 -0.1760382205247879 
vn -0.054723553359508514 0.9828610420227051 -0.1760382205247879 
vn -0.06793445348739624 0.9835407137870789 -0.16742929816246033 
vn -0.07921096682548523 0.9848135709762573 -0.15449213981628418 
vn -0.12047820538282394 0.9874100685119629 -0.10250037163496017 
vn -0.10171709209680557 0.9870291352272034 -0.1242060661315918 
vn -0.1522473394870758 0.9865826368331909 -0.058952588587999344 
vn -0.12605316936969757 0.9875785708427429 -0.09380380809307098 
vn -0.33813443779945374 0.921049952507019 0.19321508705615997 
vn -0.6176092624664307 0.3761516511440277 0.6907016038894653 
vn -0.6108870506286621 0.23214377462863922 0.7569189071655273 
vn -0.5984976887702942 0.18573974072933197 0.7792953848838806 
vn -0.5826581120491028 0.10486224293708801 0.8059239983558655 
vn -0.5695663690567017 0.09745540469884872 0.8161473870277405 
vn -0.5250093936920166 0.5703122019767761 0.6317508816719055 
vn -0.4825710356235504 0.7251909971237183 0.4911448359489441 
vn -0.4316670596599579 0.823097288608551 0.3690181374549866 
vn -0.34000760316848755 0.9194501042366028 0.1975002884864807 
vn -0.16523617506027222 0.9853806495666504 -0.04149730131030083 
vn -0.11856453120708466 0.9885056018829346 -0.09380380809307098 
vn -0.1727883517742157 0.9847627282142639 -0.01966099627315998 
vn -0.19495578110218048 0.980108916759491 0.03713129088282585 
vn -0.18205657601356506 0.9817715287208557 0.05459024757146835 
vn -0.1634448617696762 0.9824886918067932 0.08945280313491821 
vn -0.5134567618370056 0.48278892040252686 0.7094202041625977 
vn -0.5283936262130737 0.10102638602256775 0.8429672718048096 
vn -0.47899889945983887 0.07872524857521057 0.87427818775177 
vn -0.10685952752828598 0.29481565952301025 0.949560284614563 
vn 0.1986577808856964 0.2939237654209137 0.9349566102027893 
vn 0.16763301193714142 0.16896146535873413 0.9712626934051514 
vn -0.01832805946469307 0.08977676928043365 0.9957932829856873 
vn -0.14424310624599457 0.033195093274116516 0.9889853596687317 
vn -0.19960615038871765 -0.003755420446395874 0.97986900806427 
vn -0.20789474248886108 -0.01120719127357006 0.9780870079994202 
vn -0.18152524530887604 -0.018702303990721703 0.983208417892456 
vn -0.15214982628822327 -0.007474641315639019 0.9883291721343994 
vn -0.4223524034023285 -0.06365938484668732 0.9041935205459595 
vn -0.4745001494884491 -0.08239327371120453 0.8763908743858337 
vn -0.4925082325935364 -0.08981410413980484 0.865661084651947 
vn -0.5124176144599915 -0.1376264989376068 0.8476362228393555 
vn -0.5448707938194275 -0.1813955307006836 0.8186644315719604 
vn -0.5198230147361755 -0.2682441473007202 0.8110666871070862 
vn -0.28386956453323364 -0.727222204208374 0.6249527335166931 
vn 0.12612901628017426 -0.985762894153595 0.1111890971660614 
vn 0.20249100029468536 -0.9792816638946533 0.002184694167226553 
vn 0.23193161189556122 -0.9725334048271179 -0.01966099627315998 
vn 0.148562490940094 -0.9826322793960571 0.1111890971660614 
vn -0.24312742054462433 -0.7751062512397766 0.5831804275512695 
vn -0.5074383616447449 -0.2980421781539917 0.8085030317306519 
vn -0.5396886467933655 -0.17416734993457794 0.8236515522003174 
vn -0.5095598101615906 -0.13393980264663696 0.8499464392662048 
vn -0.4956561326980591 -0.09355518221855164 0.8634653687477112 
vn -0.4712505042552948 -0.07863780111074448 0.8784868121147156 
vn -0.40910604596138 -0.07107605785131454 0.9097144603729248 
vn -0.12062158435583115 -0.01853928528726101 0.9925254583358765 
vn 0.27568745613098145 -0.9608277678489685 -0.028397228568792343 
vn -0.05900802090764046 -0.028416765853762627 0.9978529810905457 
vn -0.3860383927822113 -0.06361614167690277 0.9202865362167358 
vn -0.46732866764068604 -0.07878787070512772 0.8805659413337708 
vn -0.49420472979545593 -0.10094187408685684 0.8634653687477112 
vn -0.5075294375419617 -0.12688662111759186 0.8522403836250305 
vn -0.5268333554267883 -0.1668228656053543 0.8334367275238037 
vn -0.4915245771408081 -0.32361462712287903 0.8085030317306519 
vn -0.1852135807275772 -0.8211615681648254 0.5398051738739014 
vn 0.1783517450094223 -0.9776643514633179 0.1111890971660614 
vn 0.31896260380744934 -0.9474626183509827 -0.024029340595006943 
vn 0.22827260196208954 -0.9661899209022522 0.11986933648586273 
vn 0.36161357164382935 -0.9322026371955872 0.0152922747656703 
vn 0.29379257559776306 -0.9433016777038574 0.15449213981628418 
vn 0.4391751289367676 -0.8939370512962341 0.08945280313491821 
vn 0.3783666789531708 -0.8962041735649109 0.23163928091526031 
vn 0.5935501456260681 -0.7944656014442444 0.12854042649269104 
vn -0.11468376219272614 -0.8410099744796753 0.528724730014801 
vn -0.4639180302619934 -0.3445046544075012 0.8161473870277405 
vn -0.5214526057243347 -0.15953342616558075 0.838234007358551 
vn -0.05462828278541565 -0.8130499124526978 0.5796254277229309 
vn -0.05835902318358421 -0.6802626848220825 0.7306414246559143 
vn 0.5029943585395813 -0.775697648525238 0.3811691105365753 
vn 0.8164504170417786 -0.514918863773346 0.2612801790237427 
vn 0.6355847120285034 -0.5409800410270691 0.5507928133010864 
vn -0.03010467439889908 -0.507283627986908 0.8612531423568726 
vn -0.4198775589466095 -0.25111591815948486 0.872148871421814 
vn -0.4295356869697571 -0.3418552279472351 0.8358433246612549 
vn -0.5037894248962402 -0.16646049916744232 0.8476362228393555 
vn -0.5109752416610718 -0.11220796406269073 0.8522403836250305 
vn -0.4921358525753021 -0.1266700029373169 0.8612531423568726 
vn -0.4022065997123718 -0.17577455937862396 0.8985171914100647 
vn 0.11088883131742477 -0.3412807285785675 0.933397650718689 
vn 0.7959210872650146 -0.2812168300151825 0.5361219048500061 
vn 0.8681257367134094 -0.27492818236351013 0.41324591636657715 
vn 0.902622401714325 -0.12041861563920975 0.41324591636657715 
vn 0.7462421655654907 -0.09776920080184937 0.6584556698799133 
vn 0.8954939842224121 0.015086024068295956 0.44481781125068665 
vn 0.7013151049613953 0.02260522171854973 0.7124928832054138 
vn 0.8719689249992371 0.09784071147441864 0.4796847105026245 
vn 0.5825795531272888 0.05264916643500328 0.8110666871070862 
vn 0.6086214780807495 0.097540482878685 0.7874425053596497 
vn 0.8367781639099121 0.12775886058807373 0.5324283838272095 
vn 0.5586614608764648 0.09744468331336975 0.8236515522003174 
vn 0.7955880165100098 0.1202789768576622 0.5937783122062683 
vn 0.49986475706100464 0.06754849851131439 0.8634653687477112 
vn 0.7914179563522339 0.11274972558021545 0.6007870435714722 
vn 0.48091036081314087 0.08989772945642471 0.872148871421814 
vn 0.7852465510368347 0.13505753874778748 0.6042742133140564 
vn 0.4972790777683258 0.10467342287302017 0.8612531423568726 
vn 0.7675329446792603 0.14257360994815826 0.6249527335166931 
vn 0.5765995979309082 0.14897838234901428 0.8033295273780823 
vn 0.8025631904602051 0.17958736419677734 0.5688942670822144 
vn 0.6829386949539185 0.18624471127986908 0.7063339352607727 
vn 0.8196807503700256 0.20173430442810059 0.5361219048500061 
vn 0.7393803000450134 0.2588629722595215 0.6215357780456543 
vn 0.8286014199256897 0.2886560261249542 0.4796847105026245 
vn 0.6933146715164185 0.4031890034675598 0.5972883701324463 
vn 0.7970091700553894 0.4478064477443695 0.405272513628006 
vn 0.48539242148399353 0.6449735760688782 0.590256929397583 
vn 0.6461656093597412 0.6635103821754456 0.37712597846984863 
vn 0.2848259508609772 0.9499218463897705 0.12854042649269104 
vn 0.08664652705192566 0.8773309588432312 0.4719987213611603 
vn -0.13172906637191772 0.9596055746078491 0.24860523641109467 
vn -0.015102335251867771 0.9998263120651245 -0.010923261754214764 
vn -0.07730717211961746 0.9955116510391235 -0.05459024757146835 
vn -0.10734878480434418 0.9924720525741577 -0.058952588587999344 
vn -0.11111374944448471 0.989773690700531 -0.08945280313491821 
vn -0.4873432517051697 0.3298778831958771 0.8085030317306519 
vn -0.29625627398490906 0.41288644075393677 0.8612531423568726 
vn 0.04053890332579613 -0.045758962631225586 0.9981296062469482 
vn -0.3558994233608246 -0.0710325762629509 0.931820809841156 
vn 0.08548854291439056 -0.12082920968532562 0.9889853596687317 
vn 0.25608694553375244 -0.20834217965602875 0.9439348578453064 
vn -0.3336445391178131 -0.1320992112159729 0.933397650718689 
vn -0.4748174846172333 -0.10092557221651077 0.87427818775177 
vn -0.4895859956741333 -0.10457760840654373 0.865661084651947 
vn -0.45202767848968506 -0.09710731357336044 0.8867024183273315 
vn -0.30051496624946594 -0.10316692292690277 0.9481810927391052 
vn -0.24179762601852417 -0.1331007182598114 0.961154580116272 
vn -0.4321123957633972 -0.09697386622428894 0.8965907096862793 
vn -0.21894609928131104 0.9641112089157104 -0.15017375349998474 
vn -0.3644992411136627 0.8873807787895203 -0.28230419754981995 
vn -0.611733615398407 0.44818398356437683 -0.651853621006012 
vn -0.17472024261951447 0.9788037538528442 -0.10684575140476227 
vn -0.17463652789592743 0.9783348441123962 -0.1111890971660614 
vn -0.1876862645149231 0.9725993871688843 -0.1372016966342926 
vn -0.22446832060813904 0.9592293500900269 -0.17173540592193604 
vn -0.25023648142814636 0.9557791948318481 -0.15449213981628418 
vn -0.22639581561088562 0.9676682949066162 -0.1111890971660614 
vn -0.22460059821605682 0.9694949984550476 -0.0981530249118805 
vn -0.21352195739746094 0.9742790460586548 -0.07203252613544464 
vn -0.19688153266906738 0.9789063334465027 -0.05459024757146835 
vn -0.1875772625207901 0.9817032217979431 -0.03276457265019417 
vn -0.18022020161151886 0.9834297895431519 -0.01966099627315998 
vn -0.18025116622447968 0.9835987687110901 -0.006554040592163801 
vn -0.18025460839271545 0.9836175441741943 0.002184694167226553 
vn -0.18766683340072632 0.9821720123291016 0.010923261754214764 
vn -0.18764175474643707 0.9820407629013062 0.01966099627315998 
vn -0.18762384355068207 0.9819470047950745 0.024029340595006943 
vn -0.18760234117507935 0.9818344712257385 0.028397228568792343 
vn -0.1875772625207901 0.9817032217979431 0.03276457265019417 
vn -0.18754860758781433 0.9815532565116882 0.03713129088282585 
vn -0.18754860758781433 0.9815532565116882 0.03713129088282585 
vn -0.18754860758781433 0.9815532565116882 0.03713129088282585 
vn -0.20238277316093445 0.9787582159042358 0.03276457265019417 
vn -0.20231705904006958 0.9784404635429382 0.04149730131030083 
vn -0.22450339794158936 0.9739223122596741 0.03276457265019417 
vn -0.21707160770893097 0.9752732515335083 0.04149730131030083 
vn -0.23181647062301636 0.9720506072044373 0.03713129088282585 
vn -0.23921915888786316 0.9705502390861511 0.028397228568792343 
vn -0.24657002091407776 0.9688270092010498 0.024029340595006943 
vn -0.2539230287075043 0.9671035408973694 0.0152922747656703 
vn -0.2612341642379761 0.9652136564254761 0.010923261754214764 
vn -0.2757927477359772 0.9611947536468506 0.006554040592163801 
vn -0.29027843475341797 0.95691978931427 0.006554040592163801 
vn -0.3047037422657013 0.9524446725845337 0.002184694167226553 
vn -0.31905397772789 0.947733998298645 -0.002184694167226553 
vn -0.33331233263015747 0.9427531957626343 -0.010923261754214764 
vn -0.32620200514793396 0.9452975392341614 -0.002184694167226553 
vn -0.35450249910354614 0.934746265411377 -0.024029340595006943 
vn -0.36848825216293335 0.929054856300354 -0.03276457265019417 
vn -0.3823537826538086 0.9230837225914001 -0.04149730131030083 
vn -0.3913382887840271 0.9188752174377441 -0.05022686347365379 
vn -0.4049946963787079 0.9124165177345276 -0.058952588587999344 
vn -0.41188180446624756 0.909328281879425 -0.058952588587999344 
vn -0.4120786488056183 0.9097628593444824 -0.05022686347365379 
vn -0.4326069951057434 0.9001824259757996 -0.05022686347365379 
vn -0.439400851726532 0.8968858122825623 -0.05022686347365379 
vn -0.44606727361679077 0.8933330178260803 -0.05459024757146835 
vn -0.445837140083313 0.8928720951080322 -0.0633138045668602 
vn -0.447758287191391 0.8912484645843506 -0.07203252613544464 
vn -0.4476127028465271 0.8909587264060974 -0.0763898640871048 
vn -0.4543444514274597 0.8875447511672974 -0.0763898640871048 
vn -0.474536269903183 0.8772836923599243 -0.07203252613544464 
vn -0.4879128932952881 0.8702650666236877 -0.06767380982637405 
vn -0.5075493454933167 0.8589609265327454 -0.06767380982637405 
vn -0.5140371918678284 0.8550941944122314 -0.06767380982637405 
vn -0.5204955339431763 0.8511784076690674 -0.06767380982637405 
vn -0.5203363299369812 0.8509179949760437 -0.07203252613544464 
vn -0.528388261795044 0.844727098941803 -0.08510008454322815 
vn -0.5409247279167175 0.8363005518913269 -0.08945280313491821 
vn -0.5535390973091125 0.8280051946640015 -0.08945280313491821 
vn -0.5602167844772339 0.8244011402130127 -0.08074574917554855 
vn -0.5586065053939819 0.8266674280166626 -0.06767380982637405 
vn -0.5631482005119324 0.8245508074760437 -0.05459024757146835 
vn -0.5694970488548279 0.820457398891449 -0.05022686347365379 
vn -0.5756841897964478 0.8161280155181885 -0.05022686347365379 
vn -0.569225013256073 0.8200654983520508 -0.058952588587999344 
vn -0.5754092335700989 0.8157382011413574 -0.058952588587999344 
vn -0.5998134613037109 0.7979651689529419 -0.058952588587999344 
vn -0.6161876320838928 0.786505401134491 -0.04149730131030083 
vn -0.6282840967178345 0.7774655818939209 -0.028397228568792343 
vn -0.6342706680297852 0.7728610038757324 -0.01966099627315998 
vn -0.6166820526123047 0.7871364951133728 -0.010923261754214764 
vn -0.41019245982170105 0.9114102721214294 -0.03276457265019417 
vn -0.4102472960948944 0.9115321040153503 -0.028397228568792343 
vn -0.4172069728374481 0.9085988402366638 -0.01966099627315998 
vn -0.42411333322525024 0.9055432677268982 -0.010923261754214764 
vn -0.3963804244995117 0.9175015091896057 -0.03276457265019417 
vn -0.39643341302871704 0.9176241755485535 -0.028397228568792343 
vn -0.39651668071746826 0.9178169369697571 -0.01966099627315998 
vn -0.38957419991493225 0.9207851886749268 -0.01966099627315998 
vn -0.3825729191303253 0.9236127734184265 -0.024029340595006943 
vn -0.375544011592865 0.9263694286346436 -0.028397228568792343 
vn -0.36848825216293335 0.929054856300354 -0.03276457265019417 
vn -0.35436034202575684 0.9343714714050293 -0.03713129088282585 
vn -0.3544144928455353 0.9345142245292664 -0.03276457265019417 
vn -0.34739354252815247 0.9372893571853638 -0.028397228568792343 
vn -0.347493052482605 0.9375578761100769 -0.0152922747656703 
vn -0.3475262224674225 0.9376473426818848 -0.006554040592163801 
vn -0.34044185280799866 0.940263032913208 -0.002184694167226553 
vn -0.333331435918808 0.9428071975708008 -0.002184694167226553 
vn -0.32620200514793396 0.9452975392341614 -0.002184694167226553 
vn -0.3190478980541229 0.9477159380912781 -0.006554040592163801 
vn -0.31188181042671204 0.9500982761383057 -0.006554040592163801 
vn -0.3118877410888672 0.9501164555549622 -0.002184694167226553 
vn -0.297502338886261 0.9547185897827148 0.002184694167226553 
vn -0.3046862781047821 0.9523901343345642 0.010923261754214764 
vn -0.3046455681324005 0.952262818813324 0.01966099627315998 
vn -0.29741716384887695 0.9544451832771301 0.024029340595006943 
vn -0.29016759991645813 0.9565544128417969 0.028397228568792343 
vn -0.26838770508766174 0.9627535939216614 0.03276457265019417 
vn -0.27568745613098145 0.9608277678489685 0.028397228568792343 
vn -0.26842358708381653 0.9628823399543762 0.028397228568792343 
vn -0.2538163959980011 0.9666973352432251 0.03276457265019417 
vn -0.24647115170955658 0.9684385657310486 0.03713129088282585 
vn -0.2411787211894989 0.9693964123725891 0.04586252197623253 
vn -0.23373955488204956 0.9707655310630798 0.05459024757146835 
vn -0.2263367474079132 0.9722634553909302 0.058952588587999344 
vn -0.22095876932144165 0.9729323983192444 0.06767380982637405 
vn -0.21358729898929596 0.9745771884918213 0.06767380982637405 
vn -0.19874727725982666 0.9774000644683838 0.07203252613544464 
vn -0.19134262204170227 0.978876531124115 0.07203252613544464 
vn -0.18386723101139069 0.9799782633781433 0.0763898640871048 
vn -0.17644348740577698 0.981342077255249 0.0763898640871048 
vn -0.17638273537158966 0.9810041785240173 0.08074574917554855 
vn -0.16895145177841187 0.9823113083839417 0.08074574917554855 
vn -0.17095203697681427 0.981597363948822 0.08510008454322815 
vn -0.16350743174552917 0.9828648567199707 0.08510008454322815 
vn -0.1559937298297882 0.9836992025375366 0.08945280313491821 
vn -0.1559937298297882 0.9836992025375366 0.08945280313491821 
vn -0.14859050512313843 0.9852303266525269 0.08510008454322815 
vn -0.14111900329589844 0.9863282442092896 0.08510008454322815 
vn -0.14111900329589844 0.9863282442092896 0.08510008454322815 
vn -0.14111900329589844 0.9863282442092896 0.08510008454322815 
vn -0.14660121500492096 0.9858946204185486 0.08074574917554855 
vn -0.1391337662935257 0.986976146697998 0.08074574917554855 
vn -0.13918167352676392 0.9873160719871521 0.0763898640871048 
vn -0.13918167352676392 0.9873160719871521 0.0763898640871048 
vn -0.13922694325447083 0.9876371622085571 0.07203252613544464 
vn -0.13727466762065887 0.9885074496269226 0.0633138045668602 
vn -0.1373114138841629 0.9887720346450806 0.058952588587999344 
vn -0.13737702369689941 0.9892445802688599 0.05022686347365379 
vn -0.1428711861371994 0.9888709783554077 0.04149730131030083 
vn -0.14291757345199585 0.9891921281814575 0.03276457265019417 
vn -0.15042105317115784 0.9883299469947815 0.024029340595006943 
vn -0.15791665017604828 0.987392008304596 0.010923261754214764 
vn -0.15792569518089294 0.9874485731124878 -0.002184694167226553 
vn -0.1653466671705246 0.9860395193099976 -0.01966099627315998 
vn -0.17470502853393555 0.983552098274231 -0.04586252197623253 
vn -0.16710372269153595 0.9839043021202087 -0.0633138045668602 
vn -0.15981236100196838 0.9860814809799194 -0.04586252197623253 
vn -0.15042105317115784 0.9883299469947815 -0.024029340595006943 
vn -0.17267289757728577 0.9841046929359436 -0.04149730131030083 
vn -0.24095280468463898 0.9636361002922058 -0.11553031951189041 
vn -0.4499471187591553 0.8095206022262573 -0.37712597846984863 
vn -0.2848080098628998 0.9474235773086548 -0.1458524912595749 
vn -0.18762384355068207 0.9819470047950745 -0.024029340595006943 
vn -0.14296671748161316 0.9895321726799011 0.01966099627315998 
vn -0.14299128949642181 0.9897022247314453 0.006554040592163801 
vn -0.13546140491962433 0.9903755784034729 0.028397228568792343 
vn -0.13539931178092957 0.9899216890335083 0.04149730131030083 
vn -0.1299208104610443 0.990463137626648 0.04586252197623253 
vn -0.12986372411251068 0.9900279641151428 0.05459024757146835 
vn -0.129831463098526 0.9897819757461548 0.058952588587999344 
vn -0.12979671359062195 0.9895171523094177 0.0633138045668602 
vn -0.13178682327270508 0.9889653921127319 0.06767380982637405 
vn -0.13174651563167572 0.988662838935852 0.07203252613544464 
vn -0.1317036747932434 0.9883413910865784 0.0763898640871048 
vn -0.13165833055973053 0.9880011081695557 0.08074574917554855 
vn -0.13165833055973053 0.9880011081695557 0.08074574917554855 
vn -0.13165833055973053 0.9880011081695557 0.08074574917554855 
vn -0.1391337662935257 0.986976146697998 0.08074574917554855 
vn -0.1391337662935257 0.986976146697998 0.08074574917554855 
vn -0.14660121500492096 0.9858946204185486 0.08074574917554855 
vn -0.14660121500492096 0.9858946204185486 0.08074574917554855 
vn -0.14660121500492096 0.9858946204185486 0.08074574917554855 
vn -0.14859050512313843 0.9852303266525269 0.08510008454322815 
vn -0.1540602594614029 0.984756588935852 0.08074574917554855 
vn -0.1540602594614029 0.984756588935852 0.08074574917554855 
vn -0.16151048243045807 0.983562171459198 0.08074574917554855 
vn -0.16900964081287384 0.9826496243476868 0.0763898640871048 
vn -0.16900964081287384 0.9826496243476868 0.0763898640871048 
vn -0.16906461119651794 0.9829692244529724 0.07203252613544464 
vn -0.17650087177753448 0.9816612005233765 0.07203252613544464 
vn -0.17650087177753448 0.9816612005233765 0.07203252613544464 
vn -0.17650087177753448 0.9816612005233765 0.07203252613544464 
vn -0.1839270144701004 0.9802969694137573 0.07203252613544464 
vn -0.1914011836051941 0.9791761040687561 0.06767380982637405 
vn -0.19677995145320892 0.978401243686676 0.0633138045668602 
vn -0.20422658324241638 0.9771469235420227 0.058952588587999344 
vn -0.2116614580154419 0.9758172631263733 0.05459024757146835 
vn -0.21171000599861145 0.9760410785675049 0.05022686347365379 
vn -0.2190837264060974 0.9744124412536621 0.05022686347365379 
vn -0.2191297709941864 0.9746172428131104 0.04586252197623253 
vn -0.2191297709941864 0.9746172428131104 0.04586252197623253 
vn -0.2264925092458725 0.9729325771331787 0.04586252197623253 
vn -0.23384229838848114 0.9711922407150269 0.04586252197623253 
vn -0.24642877280712128 0.9682720899581909 0.04149730131030083 
vn -0.2537775933742523 0.9665496349334717 0.03713129088282585 
vn -0.2538163959980011 0.9666973352432251 0.03276457265019417 
vn -0.2538503110408783 0.9668265581130981 0.028397228568792343 
vn -0.2538793981075287 0.9669373631477356 0.024029340595006943 
vn -0.25390365719795227 0.9670296907424927 0.01966099627315998 
vn -0.26121920347213745 0.9651583433151245 0.0152922747656703 
vn -0.26121920347213745 0.9651583433151245 0.0152922747656703 
vn -0.26121920347213745 0.9651583433151245 0.0152922747656703 
vn -0.2685004770755768 0.9631581902503967 0.0152922747656703 
vn -0.2757822275161743 0.9611580967903137 0.010923261754214764 
vn -0.28304365277290344 0.9590846300125122 0.006554040592163801 
vn -0.283049076795578 0.9591029286384583 0.002184694167226553 
vn -0.28304365277290344 0.9590846300125122 -0.006554040592163801 
vn -0.2830166518688202 0.9589930772781372 -0.0152922747656703 
vn -0.2829950451850891 0.9589198231697083 -0.01966099627315998 
vn -0.2829950451850891 0.9589198231697083 -0.01966099627315998 
vn -0.2902507185935974 0.9568284153938293 -0.0152922747656703 
vn -0.2974852919578552 0.9546639323234558 -0.010923261754214764 
vn -0.3046862781047821 0.9523901343345642 -0.010923261754214764 
vn -0.3046862781047821 0.9523901343345642 -0.010923261754214764 
vn -0.31185203790664673 0.9500076174736023 -0.0152922747656703 
vn -0.3118281960487366 0.9499350786209106 -0.01966099627315998 
vn -0.31179845333099365 0.9498443603515625 -0.024029340595006943 
vn -0.31179845333099365 0.9498443603515625 -0.024029340595006943 
vn -0.3118281960487366 0.9499350786209106 -0.01966099627315998 
vn -0.31903570890426636 0.9476797580718994 -0.010923261754214764 
vn -0.32619577646255493 0.9452795386314392 -0.006554040592163801 
vn -0.4309644401073456 0.9023662805557251 -0.002184694167226553 
vn -0.333331435918808 0.9428071975708008 -0.002184694167226553 
vn -0.4309644401073456 0.9023662805557251 -0.002184694167226553 
vn -0.34044185280799866 0.940263032913208 -0.002184694167226553 
vn -0.32620200514793396 0.9452975392341614 -0.002184694167226553 
vn -0.31905397772789 0.947733998298645 0.002184694167226553 
vn -0.31186988949775696 0.9500620365142822 0.010923261754214764 
vn -0.31185203790664673 0.9500076174736023 0.0152922747656703 
vn -0.3118281960487366 0.9499350786209106 0.01966099627315998 
vn -0.31185203790664673 0.9500076174736023 0.0152922747656703 
vn -0.31186988949775696 0.9500620365142822 0.010923261754214764 
vn -0.31188181042671204 0.9500982761383057 0.006554040592163801 
vn -0.3046979308128357 0.9524264931678772 0.006554040592163801 
vn -0.2974966764450073 0.9547003507614136 0.006554040592163801 
vn -0.29026734828948975 0.9568832516670227 0.010923261754214764 
vn -0.29026734828948975 0.9568832516670227 0.010923261754214764 
vn -0.2830166518688202 0.9589930772781372 0.0152922747656703 
vn -0.2830328643321991 0.9590480327606201 0.010923261754214764 
vn -0.28304365277290344 0.9590846300125122 0.006554040592163801 
vn -0.283049076795578 0.9591029286384583 -0.002184694167226553 
vn -0.28304365277290344 0.9590846300125122 -0.006554040592163801 
vn -0.2830166518688202 0.9589930772781372 -0.0152922747656703 
vn -0.27576643228530884 0.9611030220985413 -0.0152922747656703 
vn -0.26847997307777405 0.9630845785140991 -0.01966099627315998 
vn -0.2611992359161377 0.9650846719741821 -0.01966099627315998 
vn -0.2611992359161377 0.9650846719741821 -0.01966099627315998 
vn -0.2611992359161377 0.9650846719741821 -0.01966099627315998 
vn -0.2611743211746216 0.9649925231933594 -0.024029340595006943 
vn -0.26114439964294434 0.964881956577301 -0.028397228568792343 
vn -0.2537775933742523 0.9665496349334717 -0.03713129088282585 
vn -0.2537339925765991 0.9663834571838379 -0.04149730131030083 
vn -0.24850136041641235 0.967545211315155 -0.04586252197623253 
vn -0.24112804234027863 0.9691927433013916 -0.05022686347365379 
vn -0.23379315435886383 0.9709881544113159 -0.05022686347365379 
vn -0.22644491493701935 0.9727281332015991 -0.05022686347365379 
vn -0.2190837264060974 0.9744124412536621 -0.05022686347365379 
vn -0.21903349459171295 0.974189043045044 -0.05459024757146835 
vn -0.2116614580154419 0.9758172631263733 -0.05459024757146835 
vn -0.2116088718175888 0.9755748510360718 -0.058952588587999344 
vn -0.20417194068431854 0.9768854379653931 -0.0633138045668602 
vn -0.19880808889865875 0.9776991605758667 -0.06767380982637405 
vn -0.19134262204170227 0.978876531124115 -0.07203252613544464 
vn -0.18386723101139069 0.9799782633781433 -0.0763898640871048 
vn -0.17845167219638824 0.9806299805641174 -0.08074574917554855 
vn -0.171014204621315 0.9819543361663818 -0.08074574917554855 
vn -0.171014204621315 0.9819543361663818 -0.08074574917554855 
vn -0.171014204621315 0.9819543361663818 -0.08074574917554855 
vn -0.171014204621315 0.9819543361663818 -0.08074574917554855 
vn -0.16350743174552917 0.9828648567199707 -0.08510008454322815 
vn -0.15605345368385315 0.9840758442878723 -0.08510008454322815 
vn -0.15605345368385315 0.9840758442878723 -0.08510008454322815 
vn -0.15605345368385315 0.9840758442878723 -0.08510008454322815 
vn -0.14864453673362732 0.9855886101722717 -0.08074574917554855 
vn -0.14864453673362732 0.9855886101722717 -0.08074574917554855 
vn -0.14864453673362732 0.9855886101722717 -0.08074574917554855 
vn -0.14864453673362732 0.9855886101722717 -0.08074574917554855 
vn -0.14117032289505005 0.9866868853569031 -0.08074574917554855 
vn -0.14117032289505005 0.9866868853569031 -0.08074574917554855 
vn -0.1336394101381302 0.9873694777488708 -0.08510008454322815 
vn -0.13368801772594452 0.9877285361289978 -0.08074574917554855 
vn -0.12619802355766296 0.9887133836746216 -0.08074574917554855 
vn -0.12619802355766296 0.9887133836746216 -0.08074574917554855 
vn -0.1317036747932434 0.9883413910865784 -0.0763898640871048 
vn -0.13174651563167572 0.988662838935852 -0.07203252613544464 
vn -0.13178682327270508 0.9889653921127319 -0.06767380982637405 
vn -0.12979671359062195 0.9895171523094177 -0.0633138045668602 
vn -0.1578412801027298 0.9869207739830017 -0.03276457265019417 
vn -0.26647406816482544 0.9592666029930115 0.09380380809307098 
vn -0.4425206184387207 0.8468980193138123 0.2948545813560486 
vn -0.4274846911430359 0.8560163378715515 0.29067665338516235 
vn -0.5941569805145264 0.6061580777168274 0.528724730014801 
vn -0.6769152283668518 0.254395455121994 0.6907016038894653 
vn -0.6810439229011536 0.10519369691610336 0.7246471047401428 
vn -0.6836666464805603 0.1273486167192459 0.7185974717140198 
vn -0.6774826049804688 0.31429675221443176 0.6650074124336243 
vn -0.5519197583198547 0.7102380394935608 0.43697428703308105 
vn -0.2649068832397461 0.9618963599205017 0.06767380982637405 
vn -0.08857598900794983 0.9871672987937927 -0.1328723281621933 
vn -0.04150768369436264 0.9819304943084717 -0.18463370203971863 
vn -0.037765104323625565 0.9804293513298035 -0.19321508705615997 
vn -0.07541158050298691 0.987057626247406 -0.1415284425020218 
vn -0.2556338608264923 0.964974582195282 0.058952588587999344 
vn -0.5608809590339661 0.7007278203964233 0.4409002661705017 
vn -0.6822376847267151 0.31778591871261597 0.6584556698799133 
vn -0.6924570798873901 0.13124845921993256 0.7094202041625977 
vn -0.6894199848175049 0.11262938380241394 0.715552031993866 
vn -0.6846005320549011 0.25095614790916443 0.6843559741973877 
vn -0.6071536540985107 0.5898172855377197 0.5324283838272095 
vn -0.6204965710639954 0.5791667699813843 0.528724730014801 
vn -0.4476085603237152 0.8456676006317139 0.29067665338516235 
vn -0.283005952835083 0.9540826082229614 0.0981530249118805 
vn -0.16531193256378174 0.9858323931694031 -0.028397228568792343 
vn -0.17275206744670868 0.9845559000968933 -0.028397228568792343 
vn -0.1801823377609253 0.9832232594490051 -0.028397228568792343 
vn -0.18015825748443604 0.9830917716026306 -0.03276457265019417 
vn -0.1801823377609253 0.9832232594490051 -0.028397228568792343 
vn -0.1801823377609253 0.9832232594490051 -0.028397228568792343 
vn -0.18760234117507935 0.9818344712257385 -0.028397228568792343 
vn -0.18760234117507935 0.9818344712257385 -0.028397228568792343 
vn -0.195033997297287 0.9805020689964294 -0.024029340595006943 
vn -0.2024330198764801 0.9790012836456299 -0.024029340595006943 
vn -0.2024330198764801 0.9790012836456299 -0.024029340595006943 
vn -0.19495578110218048 0.980108916759491 -0.03713129088282585 
vn -0.20240981876850128 0.9788891077041626 -0.028397228568792343 
vn -0.20238277316093445 0.9787582159042358 -0.03276457265019417 
vn -0.20235185325145721 0.9786087274551392 -0.03713129088282585 
vn -0.19696807861328125 0.9793366193771362 -0.04586252197623253 
vn -0.20231705904006958 0.9784404635429382 -0.04149730131030083 
vn -0.20436713099479675 0.9778193831443787 -0.04586252197623253 
vn -0.20432418584823608 0.9776138663291931 -0.05022686347365379 
vn -0.20432418584823608 0.9776138663291931 -0.05022686347365379 
vn -0.20436713099479675 0.9778193831443787 -0.04586252197623253 
vn -0.2097003161907196 0.9768847227096558 -0.04149730131030083 
vn -0.21707160770893097 0.9752732515335083 -0.04149730131030083 
vn -0.21710892021656036 0.9754409193992615 -0.03713129088282585 
vn -0.22446909546852112 0.9737735390663147 -0.03713129088282585 
vn -0.22446909546852112 0.9737735390663147 -0.03713129088282585 
vn -0.23181647062301636 0.9720506072044373 -0.03713129088282585 
vn -0.23918718099594116 0.9704205393791199 -0.03276457265019417 
vn -0.23921915888786316 0.9705502390861511 -0.028397228568792343 
vn -0.24654176831245422 0.968716025352478 -0.028397228568792343 
vn -0.24657002091407776 0.9688270092010498 -0.024029340595006943 
vn -0.2538793981075287 0.9669373631477356 -0.024029340595006943 
vn -0.2611992359161377 0.9650846719741821 -0.01966099627315998 
vn -0.2611992359161377 0.9650846719741821 -0.01966099627315998 
vn -0.26847997307777405 0.9630845785140991 -0.01966099627315998 
vn -0.27576643228530884 0.9611030220985413 -0.0152922747656703 
vn -0.27576643228530884 0.9611030220985413 -0.0152922747656703 
vn -0.2757822275161743 0.9611580967903137 -0.010923261754214764 
vn -0.2757927477359772 0.9611947536468506 -0.006554040592163801 
vn -0.28304365277290344 0.9590846300125122 -0.006554040592163801 
vn -0.283049076795578 0.9591029286384583 -0.002184694167226553 
vn -0.283049076795578 0.9591029286384583 -0.002184694167226553 
vn -0.283049076795578 0.9591029286384583 -0.002184694167226553 
vn -0.2902839779853821 0.9569380283355713 0.002184694167226553 
vn -0.2902839779853821 0.9569380283355713 0.002184694167226553 
vn -0.29027843475341797 0.95691978931427 0.006554040592163801 
vn -0.29026734828948975 0.9568832516670227 0.010923261754214764 
vn -0.29746827483177185 0.954609215259552 0.0152922747656703 
vn -0.2902507185935974 0.9568284153938293 0.0152922747656703 
vn -0.2830166518688202 0.9589930772781372 0.0152922747656703 
vn -0.2830166518688202 0.9589930772781372 0.0152922747656703 
vn -0.2902507185935974 0.9568284153938293 0.0152922747656703 
vn -0.29026734828948975 0.9568832516670227 0.010923261754214764 
vn -0.2974852919578552 0.9546639323234558 0.010923261754214764 
vn -0.2974852919578552 0.9546639323234558 0.010923261754214764 
vn -0.2974852919578552 0.9546639323234558 0.010923261754214764 
vn -0.29746827483177185 0.954609215259552 0.0152922747656703 
vn -0.2902507185935974 0.9568284153938293 0.0152922747656703 
vn -0.29026734828948975 0.9568832516670227 0.010923261754214764 
vn -0.29027843475341797 0.95691978931427 0.006554040592163801 
vn -0.297502338886261 0.9547185897827148 0.002184694167226553 
vn -0.297502338886261 0.9547185897827148 -0.002184694167226553 
vn -0.2974966764450073 0.9547003507614136 -0.006554040592163801 
vn -0.2974852919578552 0.9546639323234558 -0.010923261754214764 
vn -0.2902507185935974 0.9568284153938293 -0.0152922747656703 
vn -0.2902507185935974 0.9568284153938293 -0.0152922747656703 
vn -0.29744553565979004 0.9545363187789917 -0.01966099627315998 
vn -0.29744553565979004 0.9545363187789917 -0.01966099627315998 
vn -0.29746827483177185 0.954609215259552 -0.0152922747656703 
vn -0.29746827483177185 0.954609215259552 -0.0152922747656703 
vn -0.29746827483177185 0.954609215259552 -0.0152922747656703 
vn -0.2902507185935974 0.9568284153938293 -0.0152922747656703 
vn -0.29022857546806335 0.9567553400993347 -0.01966099627315998 
vn -0.2829950451850891 0.9589198231697083 -0.01966099627315998 
vn -0.2829950451850891 0.9589198231697083 -0.01966099627315998 
vn -0.29022857546806335 0.9567553400993347 -0.01966099627315998 
vn -0.2902507185935974 0.9568284153938293 -0.0152922747656703 
vn -0.29746827483177185 0.954609215259552 -0.0152922747656703 
vn -0.29026734828948975 0.9568832516670227 -0.010923261754214764 
vn -0.29027843475341797 0.95691978931427 -0.006554040592163801 
vn -0.2902839779853821 0.9569380283355713 -0.002184694167226553 
vn -0.283049076795578 0.9591029286384583 -0.002184694167226553 
vn -0.283049076795578 0.9591029286384583 -0.002184694167226553 
vn -0.283049076795578 0.9591029286384583 -0.002184694167226553 
vn -0.283049076795578 0.9591029286384583 0.002184694167226553 
vn -0.283049076795578 0.9591029286384583 0.002184694167226553 
vn -0.2757927477359772 0.9611947536468506 0.006554040592163801 
vn -0.2757822275161743 0.9611580967903137 0.010923261754214764 
vn -0.2757822275161743 0.9611580967903137 0.010923261754214764 
vn -0.2685004770755768 0.9631581902503967 0.0152922747656703 
vn -0.2685004770755768 0.9631581902503967 0.0152922747656703 
vn -0.26121920347213745 0.9651583433151245 0.0152922747656703 
vn -0.2539230287075043 0.9671035408973694 0.0152922747656703 
vn -0.2539230287075043 0.9671035408973694 0.0152922747656703 
vn -0.24659354984760284 0.9689195156097412 0.01966099627315998 
vn -0.24657002091407776 0.9688270092010498 0.024029340595006943 
vn -0.23924656212329865 0.970661461353302 0.024029340595006943 
vn -0.23924656212329865 0.970661461353302 0.024029340595006943 
vn -0.23190946877002716 0.9724405407905579 0.024029340595006943 
vn -0.23190946877002716 0.9724405407905579 0.024029340595006943 
vn -0.23190946877002716 0.9724405407905579 0.024029340595006943 
vn -0.22453342378139496 0.9740525484085083 0.028397228568792343 
vn -0.22453342378139496 0.9740525484085083 0.028397228568792343 
vn -0.21714210510253906 0.9755899906158447 0.03276457265019417 
vn -0.21714210510253906 0.9755899906158447 0.03276457265019417 
vn -0.2097684144973755 0.9772019982337952 0.03276457265019417 
vn -0.2097684144973755 0.9772019982337952 0.03276457265019417 
vn -0.20238277316093445 0.9787582159042358 0.03276457265019417 
vn -0.20238277316093445 0.9787582159042358 0.03276457265019417 
vn -0.20235185325145721 0.9786087274551392 0.03713129088282585 
vn -0.19492226839065552 0.9799404740333557 0.04149730131030083 
vn -0.19495578110218048 0.980108916759491 0.03713129088282585 
vn -0.19498558342456818 0.9802587032318115 0.03276457265019417 
vn -0.19501164555549622 0.9803897738456726 0.028397228568792343 
vn -0.18760234117507935 0.9818344712257385 0.028397228568792343 
vn -0.18015825748443604 0.9830917716026306 0.03276457265019417 
vn -0.18015825748443604 0.9830917716026306 0.03276457265019417 
vn -0.18015825748443604 0.9830917716026306 0.03276457265019417 
vn -0.18015825748443604 0.9830917716026306 0.03276457265019417 
vn -0.18015825748443604 0.9830917716026306 0.03276457265019417 
vn -0.17272897064685822 0.9844242930412292 0.03276457265019417 
vn -0.17275206744670868 0.9845559000968933 0.028397228568792343 
vn -0.16531193256378174 0.9858323931694031 0.028397228568792343 
vn -0.16531193256378174 0.9858323931694031 0.028397228568792343 
vn -0.1578412801027298 0.9869207739830017 0.03276457265019417 
vn -0.15038372576236725 0.988084614276886 0.03276457265019417 
vn -0.15036074817180634 0.9879336357116699 0.03713129088282585 
vn -0.14289574325084686 0.9890409708023071 0.03713129088282585 
vn -0.14291757345199585 0.9891921281814575 0.03276457265019417 
vn -0.20238277316093445 0.9787582159042358 -0.03276457265019417 
vn -0.01888195239007473 0.9783573150634766 -0.2060592919588089 
vn -0.2190837264060974 0.9744124412536621 -0.05022686347365379 
vn -0.2356632798910141 0.9694756865501404 -0.06767380982637405 
vn -0.24487662315368652 0.9661861062049866 -0.08074574917554855 
vn -0.25930023193359375 0.961645245552063 -0.08945280313491821 
vn -0.26849400997161865 0.9582676887512207 -0.0981530249118805 
vn -0.2828812897205353 0.9536623358726501 -0.10250037163496017 
vn -0.2901098430156708 0.9514883160591125 -0.10250037163496017 
vn -0.2973216772079468 0.9492594599723816 -0.10250037163496017 
vn -0.30451640486717224 0.9469759464263916 -0.10250037163496017 
vn -0.31370675563812256 0.9434893131256104 -0.10684575140476227 
vn -0.31370675563812256 0.9434893131256104 -0.10684575140476227 
vn -0.31169357895851135 0.9446378946304321 -0.10250037163496017 
vn -0.31169357895851135 0.9446378946304321 -0.10250037163496017 
vn -0.30980658531188965 0.9461610317230225 -0.09380380809307098 
vn -0.3099311888217926 0.9465415477752686 -0.08945280313491821 
vn -0.31016260385513306 0.9472482800483704 -0.08074574917554855 
vn -0.31538623571395874 0.9462255835533142 -0.07203252613544464 
vn -0.306325227022171 0.9500997066497803 -0.058952588587999344 
vn -0.3135001063346863 0.9477564692497253 -0.058952588587999344 
vn -0.306325227022171 0.9500997066497803 -0.058952588587999344 
vn -0.29003462195396423 0.9561160206794739 -0.04149730131030083 
vn -0.3064013421535492 0.9503358006477356 -0.05459024757146835 
vn -0.3064013421535492 0.9503358006477356 -0.05459024757146835 
vn -0.3135780096054077 0.9479919672012329 -0.05459024757146835 
vn -0.3135780096054077 0.9479919672012329 -0.05459024757146835 
vn -0.3135780096054077 0.9479919672012329 -0.05459024757146835 
vn -0.3208102881908417 0.9458107948303223 -0.05022686347365379 
vn -0.3208102881908417 0.9458107948303223 -0.05022686347365379 
vn -0.32087773084640503 0.9460095763206482 -0.04586252197623253 
vn -0.32087773084640503 0.9460095763206482 -0.04586252197623253 
vn -0.32802125811576843 0.9435564279556274 -0.04586252197623253 
vn -0.32802125811576843 0.9435564279556274 -0.04586252197623253 
vn -0.3279523253440857 0.9433581233024597 -0.05022686347365379 
vn -0.33507558703422546 0.9408515095710754 -0.05022686347365379 
vn -0.33514603972435 0.9410492777824402 -0.04586252197623253 
vn -0.3401494026184082 0.9394553303718567 -0.04149730131030083 
vn -0.34020790457725525 0.939616858959198 -0.03713129088282585 
vn -0.34020790457725525 0.939616858959198 -0.03713129088282585 
vn -0.34734711050987244 0.9371640682220459 -0.03276457265019417 
vn -0.34734711050987244 0.9371640682220459 -0.03276457265019417 
vn -0.34729403257369995 0.9370208978652954 -0.03713129088282585 
vn -0.34734711050987244 0.9371640682220459 -0.03276457265019417 
vn -0.34734711050987244 0.9371640682220459 -0.03276457265019417 
vn -0.34734711050987244 0.9371640682220459 -0.03276457265019417 
vn -0.3544144928455353 0.9345142245292664 -0.03276457265019417 
vn -0.3403053879737854 0.9398860931396484 -0.028397228568792343 
vn -0.3403443694114685 0.9399937987327576 -0.024029340595006943 
vn -0.3403443694114685 0.9399937987327576 -0.024029340595006943 
vn -0.3403768539428711 0.9400835037231445 -0.01966099627315998 
vn -0.33326780796051025 0.9426271915435791 -0.01966099627315998 
vn -0.33326780796051025 0.9426271915435791 -0.01966099627315998 
vn -0.33326780796051025 0.9426271915435791 -0.01966099627315998 
vn -0.33329325914382935 0.9426991939544678 -0.0152922747656703 
vn -0.3333250880241394 0.9427891969680786 -0.006554040592163801 
vn -0.31905397772789 0.947733998298645 -0.002184694167226553 
vn -0.3333250880241394 0.9427891969680786 0.006554040592163801 
vn -0.33331233263015747 0.9427531957626343 0.010923261754214764 
vn -0.33329325914382935 0.9426991939544678 0.0152922747656703 
vn -0.33329325914382935 0.9426991939544678 0.0152922747656703 
vn -0.34040287137031555 0.9401553273200989 0.0152922747656703 
vn -0.34040287137031555 0.9401553273200989 0.0152922747656703 
vn -0.3403768539428711 0.9400835037231445 0.01966099627315998 
vn -0.3403443694114685 0.9399937987327576 0.024029340595006943 
vn -0.3403443694114685 0.9399937987327576 0.024029340595006943 
vn -0.3403053879737854 0.9398860931396484 0.028397228568792343 
vn -0.3403053879737854 0.9398860931396484 0.028397228568792343 
vn -0.3403053879737854 0.9398860931396484 0.028397228568792343 
vn -0.3544618785381317 0.9346391558647156 0.028397228568792343 
vn -0.3544618785381317 0.9346391558647156 0.028397228568792343 
vn -0.34739354252815247 0.9372893571853638 0.028397228568792343 
vn -0.34739354252815247 0.9372893571853638 0.028397228568792343 
vn -0.3544618785381317 0.9346391558647156 0.028397228568792343 
vn -0.3544618785381317 0.9346391558647156 0.028397228568792343 
vn -0.3544618785381317 0.9346391558647156 0.028397228568792343 
vn -0.3544618785381317 0.9346391558647156 0.028397228568792343 
vn -0.3544618785381317 0.9346391558647156 0.028397228568792343 
vn -0.34739354252815247 0.9372893571853638 0.028397228568792343 
vn -0.34739354252815247 0.9372893571853638 0.028397228568792343 
vn -0.34739354252815247 0.9372893571853638 0.028397228568792343 
vn -0.34739354252815247 0.9372893571853638 0.028397228568792343 
vn -0.3403053879737854 0.9398860931396484 0.028397228568792343 
vn -0.3403053879737854 0.9398860931396484 0.028397228568792343 
vn -0.3403443694114685 0.9399937987327576 0.024029340595006943 
vn -0.33319780230522156 0.9424291849136353 0.028397228568792343 
vn -0.33319780230522156 0.9424291849136353 0.028397228568792343 
vn -0.32602766156196594 0.9447922706604004 0.03276457265019417 
vn -0.32602766156196594 0.9447922706604004 0.03276457265019417 
vn -0.31883472204208374 0.9470826983451843 0.03713129088282585 
vn -0.3188834488391876 0.947227418422699 0.03276457265019417 
vn -0.3117210566997528 0.949608564376831 0.03276457265019417 
vn -0.3117627203464508 0.9497355222702026 0.028397228568792343 
vn -0.30458158254623413 0.9520628452301025 0.028397228568792343 
vn -0.30458158254623413 0.9520628452301025 0.028397228568792343 
vn -0.30454087257385254 0.9519355893135071 0.03276457265019417 
vn -0.30454087257385254 0.9519355893135071 0.03276457265019417 
vn -0.2972978949546814 0.9540624618530273 0.03713129088282585 
vn -0.2972978949546814 0.9540624618530273 0.03713129088282585 
vn -0.2972978949546814 0.9540624618530273 0.03713129088282585 
vn -0.2972467839717865 0.9538984894752502 0.04149730131030083 
vn -0.30444198846817017 0.9516265392303467 0.04149730131030083 
vn -0.3064716160297394 0.9505537152290344 0.05022686347365379 
vn -0.299338698387146 0.953044056892395 0.04586252197623253 
vn -0.3226388692855835 0.9440997838973999 0.06767380982637405 
vn -0.3294549584388733 0.9407122731208801 0.08074574917554855 
vn -0.32232430577278137 0.9431793093681335 0.08074574917554855 
vn -0.3332625925540924 0.9377110600471497 0.0981530249118805 
vn -0.3349674940109253 0.9356461763381958 0.1111890971660614 
vn -0.3348005414009094 0.9351798295974731 0.11553031951189041 
vn -0.3348005414009094 0.9351798295974731 0.11553031951189041 
vn -0.3276858627796173 0.9376965165138245 0.11553031951189041 
vn -0.3276858627796173 0.9376965165138245 0.11553031951189041 
vn -0.3207121193408966 0.9406278133392334 0.1111890971660614 
vn -0.3115502595901489 0.9442036151885986 0.10684575140476227 
vn -0.30451640486717224 0.9469759464263916 0.10250037163496017 
vn -0.2901098430156708 0.9514883160591125 0.10250037163496017 
vn -0.4444068670272827 0.8501805067062378 0.28230419754981995 
vn -0.6291866898536682 0.5798814296722412 0.5175535082817078 
vn -0.7027093768119812 0.24417707324028015 0.6682642698287964 
vn -0.6952488422393799 0.24770037829875946 0.67473965883255 
vn -0.697627604007721 0.12003369629383087 0.7063339352607727 
vn -0.7018665671348572 0.1312015950679779 0.7001210451126099 
vn -0.6931907534599304 0.307528018951416 0.651853621006012 
vn -0.5800425410270691 0.6746412515640259 0.456519216299057 
vn -0.2557560205459595 0.9654356837272644 0.05022686347365379 
vn -0.06410246342420578 0.9852263927459717 -0.15880759060382843 
vn -0.0075502279214560986 0.9757252335548401 -0.21886809170246124 
vn -0.04527553543448448 0.984102189540863 -0.17173540592193604 
vn 0.003776900703087449 0.9737972617149353 -0.22738653421401978 
vn -0.24850136041641235 0.967545211315155 0.04586252197623253 
vn -0.6117498874664307 0.6170821189880371 0.4949462115764618 
vn -0.7003046870231628 0.28343886137008667 0.6551609039306641 
vn -0.707359790802002 0.13493609428405762 0.6938546895980835 
vn -0.7050347328186035 0.28693175315856934 0.6485338807106018 
vn -0.6294602751731873 0.5894461870193481 0.5062933564186096 
vn -0.2701241075992584 0.9607415199279785 0.0633138045668602 
vn -0.04154135659337044 0.9827271699905396 -0.18033768236637115 
vn 0.009444063529372215 0.9727559089660645 -0.23163928091526031 
vn -0.04154135659337044 0.9827271699905396 -0.18033768236637115 
vn 0.011330475099384785 0.9737386703491211 -0.22738653421401978 
vn -0.02266264520585537 0.9808946847915649 -0.19321508705615997 
vn 0.0075502279214560986 0.9757252335548401 -0.21886809170246124 
vn -0.04527553543448448 0.984102189540863 -0.17173540592193604 
vn -0.20986858010292053 0.9776685833930969 -0.010923261754214764 
vn -0.2774547338485718 0.9589282870292664 0.058952588587999344 
vn -0.5859651565551758 0.6898515224456787 0.42514660954475403 
vn -0.7097088694572449 0.2904004752635956 0.641857385635376 
vn -0.7141910195350647 0.13124896585941315 0.6875353455543518 
vn -0.7069674134254456 0.11998212337493896 0.6969945430755615 
vn -0.7155155539512634 0.123824842274189 0.6875353455543518 
vn -0.7222112417221069 0.12011334300041199 0.681163489818573 
vn -0.7205789089202881 0.2622692584991455 0.641857385635376 
vn -0.6074634194374084 0.6581225991249084 0.44481781125068665 
vn -0.5788964629173279 0.7120792865753174 0.3972681760787964 
vn -0.2024330198764801 0.9790012836456299 -0.024029340595006943 
vn -0.033991724252700806 0.9830172061920166 -0.18033768236637115 
vn 0.0018870825879275799 0.9766996502876282 -0.21460255980491638 
vn 0.0018888761987909675 0.9776279926300049 -0.2103329300880432 
vn -0.03773367404937744 0.9844201803207397 -0.17173540592193604 
vn -0.0018877115799114108 0.9794287085533142 -0.2017817199230194 
vn -0.2393013834953308 0.9708839058876038 0.010923261754214764 
vn -0.5972295999526978 0.6944752335548401 0.401274174451828 
vn -0.2393013834953308 0.9708839058876038 0.010923261754214764 
vn -0.03776205703616142 0.9851606488227844 -0.16742929816246033 
vn -1.0115697071221702e-13 0.9803028106689453 -0.1975002884864807 
vn -0.03021230548620224 0.9854210615158081 -0.16742929816246033 
vn 0.0075482395477592945 0.9802737832069397 -0.1975002884864807 
vn -0.23197147250175476 0.9727005362510681 0.006554040592163801 
vn -0.5932416915893555 0.7024351358413696 0.3932546079158783 
vn -0.7289049029350281 0.31517893075942993 0.607749879360199 
vn -0.7284992337226868 0.2482050210237503 0.6385006904602051 
vn -0.7258428335189819 0.11629722267389297 0.677958071231842 
vn -0.7222112417221069 0.12011334300041199 0.681163489818573 
vn -0.7130560278892517 0.24080541729927063 0.6584556698799133 
vn -0.6294602751731873 0.5894461870193481 0.5062933564186096 
vn -0.44784894585609436 0.8511195778846741 0.27391019463539124 
vn -0.45288822054862976 0.849794864654541 0.26970529556274414 
vn -0.45953190326690674 0.8462207317352295 0.26970529556274414 
vn -0.4677520990371704 0.8403458595275879 0.27391019463539124 
vn -0.4759124517440796 0.8343634009361267 0.2781098484992981 
vn -0.48401135206222534 0.8282737135887146 0.28230419754981995 
vn -0.49543777108192444 0.8229193687438965 0.2781098484992981 
vn -0.5003430247306824 0.8213586807250977 0.27391019463539124 
vn -0.5005114078521729 0.8266852498054504 0.25706008076667786 
vn -0.49785828590393066 0.8321178555488586 0.24437066912651062 
vn -0.49292123317718506 0.8386726975440979 0.23163928091526031 
vn -0.4900551736354828 0.8437669277191162 0.21886809170246124 
vn -0.47834086418151855 0.8536565899848938 0.2060592919588089 
vn -0.48663488030433655 0.8479071855545044 0.2103329300880432 
vn -0.4787764251232147 0.8544338941574097 0.2017817199230194 
vn -0.4690357744693756 0.862735390663147 0.18892620503902435 
vn -0.448758065700531 0.8778288960456848 0.16742929816246033 
vn -0.4554629623889923 0.8743688464164734 0.16742929816246033 
vn -0.45424994826316833 0.8773763179779053 0.15449213981628418 
vn -0.4504794478416443 0.8807924389839172 0.1458524912595749 
vn -0.44403180480003357 0.8847629427909851 0.1415284425020218 
vn -0.44238218665122986 0.886928915977478 0.1328723281621933 
vn -0.4426370859146118 0.887440025806427 0.12854042649269104 
vn -0.44069626927375793 0.8890217542648315 0.1242060661315918 
vn -0.44093310832977295 0.8894994854927063 0.11986933648586273 
vn -0.4389745593070984 0.8910410404205322 0.11553031951189041 
vn -0.4544139802455902 0.8826886415481567 0.11986933648586273 
vn -0.4459538161754608 0.8881228566169739 0.1111890971660614 
vn -0.4439811706542969 0.8896430134773254 0.10684575140476227 
vn -0.45092663168907166 0.8866559863090515 0.10250037163496017 
vn -0.45585036277770996 0.8850995898246765 0.09380380809307098 
vn -0.4560336768627167 0.8854555487632751 0.08945280313491821 
vn -0.4476127028465271 0.8909587264060974 0.0763898640871048 
vn -0.4541880488395691 0.8872391581535339 0.08074574917554855 
vn -0.4541880488395691 0.8872391581535339 0.08074574917554855 
vn -0.4610501825809479 0.8840799331665039 0.0763898640871048 
vn -0.4610501825809479 0.8840799331665039 0.0763898640871048 
vn -0.4742186665534973 0.8766965270042419 0.08074574917554855 
vn -0.46772947907447815 0.8805644512176514 0.0763898640871048 
vn -0.46788159012794495 0.8808507919311523 0.07203252613544464 
vn -0.46597370505332947 0.8825303912162781 0.0633138045668602 
vn -0.466098427772522 0.882766604423523 0.058952588587999344 
vn -0.45941057801246643 0.8862655162811279 0.058952588587999344 
vn -0.4528089463710785 0.8899348378181458 0.05459024757146835 
vn -0.439400851726532 0.8968858122825623 0.05022686347365379 
vn -0.44616958498954773 0.8935378789901733 0.05022686347365379 
vn -0.5786049365997314 0.811156153678894 0.08510008454322815 
vn -0.590607762336731 0.8019854426383972 0.08945280313491821 
vn -0.5964293479919434 0.79716557264328 0.09380380809307098 
vn -0.5980422496795654 0.794883131980896 0.10250037163496017 
vn -0.5996065139770508 0.792533278465271 0.1111890971660614 
vn -0.6071144342422485 0.7855211496353149 0.11986933648586273 
vn -0.6025871634483337 0.7876331806182861 0.12854042649269104 
vn -0.6137945055961609 0.7774522304534912 0.1372016966342926 
vn -0.6018816232681274 0.7867109775543213 0.1372016966342926 
vn -0.5976310968399048 0.7891810536384583 0.1415284425020218 
vn -0.5972520709037781 0.7886805534362793 0.1458524912595749 
vn -0.5929621458053589 0.7911028265953064 0.15017375349998474 
vn -0.5808141827583313 0.800064206123352 0.15017375349998474 
vn -0.5821561217308044 0.7974173426628113 0.15880759060382843 
vn -0.583448588848114 0.7947044372558594 0.16742929816246033 
vn -0.5940441489219666 0.7829571962356567 0.18463370203971863 
vn -0.6027413010597229 0.7731083631515503 0.1975002884864807 
vn -0.6053187847137451 0.7676908373832703 0.2103329300880432 
vn -0.6224099397659302 0.7476289868354797 0.23163928091526031 
vn -0.6107367277145386 0.7571947574615479 0.23163928091526031 
vn -0.6121963858604431 0.7547003626823425 0.23588760197162628 
vn -0.6150684952735901 0.7496490478515625 0.24437066912651062 
vn -0.6370410323143005 0.7236649394035339 0.26549527049064636 
vn -0.639605700969696 0.7182462811470032 0.27391019463539124 
vn -0.6225280165672302 0.7330975532531738 0.27391019463539124 
vn -0.6577678322792053 0.6857867240905762 0.31150925159454346 
vn -0.6702792644500732 0.6636064052581787 0.33219319581985474 
vn -0.6776730418205261 0.6430010199546814 0.3568037748336792 
vn -0.6733044981956482 0.64531010389328 0.36088213324546814 
vn -0.69508296251297 0.6018392443656921 0.3932546079158783 
vn -0.693244218826294 0.5986580848693848 0.401274174451828 
vn -0.6858233213424683 0.6044836640357971 0.405272513628006 
vn -0.6864053010940552 0.601125180721283 0.40926313400268555 
vn -0.6869031190872192 0.5922541618347168 0.42118772864341736 
vn -0.6853494644165039 0.5854677557945251 0.43303996324539185 
vn -0.6855465173721313 0.5763359665870667 0.44481781125068665 
vn -0.675869345664978 0.5786111354827881 0.456519216299057 
vn -0.6660208702087402 0.5807400941848755 0.46814218163490295 
vn -0.6606419086456299 0.5806226134300232 0.4758462607860565 
vn -0.6509711146354675 0.5883359313011169 0.4796847105026245 
vn -0.6431313753128052 0.5937981605529785 0.4835140109062195 
vn -0.6328005194664001 0.6047955751419067 0.4835140109062195 
vn -0.6299997568130493 0.6046534180641174 0.48733407258987427 
vn -0.6276066899299622 0.6009476780891418 0.4949462115764618 
vn -0.717897355556488 0.24435679614543915 0.651853621006012 
vn -0.7275940179824829 0.12382806092500687 0.67473965883255 
vn -0.7299721240997314 0.10893622785806656 0.67473965883255 
vn -0.737103283405304 0.12018290162086487 0.6650074124336243 
vn -0.7375825047492981 0.2942993938922882 0.607749879360199 
vn -0.5970312356948853 0.7036837935447693 0.3852050006389618 
vn -0.23197147250175476 0.9727005362510681 0.006554040592163801 
vn -0.028310805559158325 0.9861999750137329 -0.16312000155448914 
vn 0.0075482395477592945 0.9802737832069397 -0.1975002884864807 
vn -0.02264375053346157 0.9848828315734863 -0.17173540592193604 
vn 0.009439930319786072 0.9819459319114685 -0.18892620503902435 
vn -0.02266078069806099 0.9856235980987549 -0.16742929816246033 
vn -0.0037776012904942036 0.9835975170135498 -0.18033768236637115 
vn -0.03395378962159157 0.9867255687713623 -0.15880759060382843 
vn -0.0396159291267395 0.9878655672073364 -0.15017375349998474 
vn -0.015107926912605762 0.9857683181762695 -0.16742929816246033 
vn -0.04527502506971359 0.9888983368873596 -0.1415284425020218 
vn -0.018865788355469704 0.987129271030426 -0.15880759060382843 
vn -0.05850023403763771 0.9899773001670837 -0.12854042649269104 
vn -0.018878867849707603 0.9878136515617371 -0.15449213981628418 
vn -0.1746683269739151 0.9833454489707947 -0.05022686347365379 
vn -0.20238277316093445 0.9787582159042358 -0.03276457265019417 
vn -0.20240981876850128 0.9788891077041626 -0.028397228568792343 
vn -0.2098565548658371 0.9776126146316528 -0.0152922747656703 
vn -0.21725408732891083 0.9760931134223938 -0.006554040592163801 
vn -0.2919233441352844 0.9546231627464294 0.058952588587999344 
vn -0.5997008085250854 0.703611433506012 0.3811691105365753 
vn -0.7430185079574585 0.3087892532348633 0.5937783122062683 
vn -0.7464517951011658 0.11650718003511429 0.6551609039306641 
vn -0.7539159655570984 0.12379574775695801 0.6452018022537231 
vn -0.7499646544456482 0.3121756315231323 0.5831804275512695 
vn -0.6344203352928162 0.6557549238204956 0.40926313400268555 
vn -0.6127451062202454 0.6966764330863953 0.37307560443878174 
vn -0.7582165598869324 0.3053903877735138 0.5760593414306641 
vn -0.7618038058280945 0.12752467393875122 0.6351318359375 
vn -0.7516365051269531 0.12019317597150803 0.6485338807106018 
vn -0.7452507615089417 0.12395767122507095 0.6551609039306641 
vn -0.738162636756897 0.1312209665775299 0.661737859249115 
vn -0.7317852973937988 0.11647640913724899 0.6715083718299866 
vn -0.7231228947639465 0.25517135858535767 0.641857385635376 
vn -0.7252476215362549 0.2657506763935089 0.6351318359375 
vn -0.7230298519134521 0.29438382387161255 0.6249527335166931 
vn -0.733869194984436 0.2662142515182495 0.6249527335166931 
vn -0.7434368133544922 0.25543197989463806 0.6181069612503052 
vn -0.7511988282203674 0.2734140157699585 0.6007870435714722 
vn -0.7609506845474243 0.27696338295936584 0.5867242813110352 
vn -0.7689683437347412 0.27720633149147034 0.5760593414306641 
vn -0.7791938185691833 0.26308995485305786 0.5688942670822144 
vn -0.7820379734039307 0.28463855385780334 0.5544344186782837 
vn -0.7893003225326538 0.2560625374317169 0.5580654144287109 
vn -0.794133722782135 0.2489059567451477 0.5544344186782837 
vn -0.8013734817504883 0.24173873662948608 0.5471406579017639 
vn -0.8063257336616516 0.24176271259784698 0.5398051738739014 
vn -0.8173875212669373 0.21999460458755493 0.5324283838272095 
vn -0.8209971785545349 0.2489236742258072 0.5138099193572998 
vn -0.826860249042511 0.26707738637924194 0.4949462115764618 
vn -0.8322540521621704 0.27794918417930603 0.4796847105026245 
vn -0.8293033838272095 0.3276956081390381 0.45262736082077026 
vn -0.8348208069801331 0.32436302304267883 0.44481781125068665 
vn -0.8452727794647217 0.29605916142463684 0.44481781125068665 
vn -0.8280490636825562 0.3700482249259949 0.42118772864341736 
vn -0.8103083968162537 0.434455007314682 0.3932546079158783 
vn -0.8327891230583191 0.37711602449417114 0.405272513628006 
vn -0.8741275072097778 0.14264720678329468 0.4642767012119293 
vn -0.8722483515739441 0.11293000727891922 0.4758462607860565 
vn -0.8672787547111511 0.10165176540613174 0.48733407258987427 
vn -0.8633995056152344 0.09782380610704422 0.4949462115764618 
vn -0.8558976054191589 0.10538668930530548 0.5062933564186096 
vn -0.8496029376983643 0.10155370831489563 0.5175535082817078 
vn -0.840355634689331 0.10159921646118164 0.5324283838272095 
vn -0.8332504034042358 0.10161343216896057 0.5434780716896057 
vn -0.8407418131828308 0.1463310271501541 0.5212872624397278 
vn -0.848212718963623 0.14274995028972626 0.5100564956665039 
vn -0.8549313545227051 0.14266280829906464 0.4987381398677826 
vn -0.8610789775848389 0.13160449266433716 0.4911448359489441 
vn -0.8675371408462524 0.11659140884876251 0.4835140109062195 
vn -0.8731855154037476 0.10543892532587051 0.4758462607860565 
vn -0.8782169222831726 0.09786679595708847 0.46814218163490295 
vn -0.8810198903083801 0.12407321482896805 0.456519216299057 
vn -0.8821890950202942 0.14278151094913483 0.4487268626689911 
vn -0.8228909373283386 0.42500174045562744 0.37712597846984863 
vn -0.8196398615837097 0.4449208676815033 0.36088213324546814 
vn -0.8171144723892212 0.4652269780635834 0.34042292833328247 
vn -0.8173105120658875 0.4820409119129181 0.31565824151039124 
vn -0.8133511543273926 0.5015183687210083 0.2948545813560486 
vn -0.802834153175354 0.5273634791374207 0.2781098484992981 
vn -0.7949156165122986 0.5495719313621521 0.25706008076667786 
vn -0.7809237837791443 0.5748399496078491 0.24437066912651062 
vn -0.7744929790496826 0.586956262588501 0.23588760197162628 
vn -0.7760226130485535 0.5899170637130737 0.22312943637371063 
vn -0.7767913341522217 0.5905014276504517 0.21886809170246124 
vn -0.7781418561935425 0.5933252573013306 0.2060592919588089 
vn -0.7777265310287476 0.5967705249786377 0.1975002884864807 
vn -0.77948397397995 0.5999025106430054 0.18033768236637115 
vn -0.7776350378990173 0.6060124635696411 0.16742929816246033 
vn -0.7714502215385437 0.6183141469955444 0.15017375349998474 
vn -0.7610223889350891 0.6330992579460144 0.1415284425020218 
vn -0.7453289031982422 0.653322160243988 0.1328723281621933 
vn -0.7392392158508301 0.661889910697937 0.1242060661315918 
vn -0.7345775961875916 0.6678525805473328 0.11986933648586273 
vn -0.5766718983650208 0.8129758238792419 0.08074574917554855 
vn -0.466098427772522 0.882766604423523 0.058952588587999344 
vn -0.439400851726532 0.8968858122825623 0.05022686347365379 
vn -0.439400851726532 0.8968858122825623 0.05022686347365379 
vn -0.43269792199134827 0.9003716707229614 0.04586252197623253 
vn -0.43739062547683716 0.8983136415481567 0.04149730131030083 
vn -0.43066826462745667 0.9017461538314819 0.03713129088282585 
vn -0.4307340681552887 0.9018839597702026 0.03276457265019417 
vn -0.4239675998687744 0.9052320718765259 0.028397228568792343 
vn -0.42401617765426636 0.9053357839584351 0.024029340595006943 
vn -0.42401617765426636 0.9053357839584351 0.024029340595006943 
vn -0.42405664920806885 0.9054222106933594 0.01966099627315998 
vn -0.41723883152008057 0.9086682200431824 0.0152922747656703 
vn -0.4172627329826355 0.9087202548980713 0.010923261754214764 
vn -0.4035136103630066 0.9149710536003113 0.002184694167226553 
vn -0.4172627329826355 0.9087202548980713 -0.010923261754214764 
vn -0.4172069728374481 0.9085988402366638 -0.01966099627315998 
vn -0.42401617765426636 0.9053357839584351 -0.024029340595006943 
vn -0.4307916462421417 0.9020045399665833 -0.028397228568792343 
vn -0.423910915851593 0.9051110744476318 -0.03276457265019417 
vn -0.423910915851593 0.9051110744476318 -0.03276457265019417 
vn -0.41699984669685364 0.9081477522850037 -0.03713129088282585 
vn -0.43739062547683716 0.8983136415481567 -0.04149730131030083 
vn -0.5443016886711121 0.8371114730834961 -0.05459024757146835 
vn -0.5444265007972717 0.8373034596443176 -0.05022686347365379 
vn -0.5445409417152405 0.8374794125556946 -0.04586252197623253 
vn -0.5550916790962219 0.8307533860206604 -0.04149730131030083 
vn -0.5425745844841003 0.8391865491867065 -0.03713129088282585 
vn -0.5427300333976746 0.8394269943237305 -0.028397228568792343 
vn -0.5492110252380371 0.8355437517166138 -0.0152922747656703 
vn -0.5302026271820068 0.8478681445121765 0.002184694167226553 
vn -0.5237245559692383 0.8517504334449768 0.0152922747656703 
vn -0.5491166710853577 0.8354001641273499 0.024029340595006943 
vn -0.5426574945449829 0.8393148183822632 0.03276457265019417 
vn -0.5425745844841003 0.8391865491867065 0.03713129088282585 
vn -0.5424813032150269 0.8390423059463501 0.04149730131030083 
vn -0.5445409417152405 0.8374794125556946 0.04586252197623253 
vn -0.5381932854652405 0.8415727019309998 0.04586252197623253 
vn -0.5506154298782349 0.8329721093177795 0.05459024757146835 
vn -0.5503313541412354 0.832542359828949 0.0633138045668602 
vn -0.5586065053939819 0.8266674280166626 0.06767380982637405 
vn -0.5646755695343018 0.8221635222434998 0.07203252613544464 
vn -0.5706976056098938 0.8175994157791138 0.0763898640871048 
vn -0.5889139175415039 0.8041520118713379 0.08074574917554855 
vn -0.7278988361358643 0.6758816838264465 0.11553031951189041 
vn -0.7214816808700562 0.6841404438018799 0.10684575140476227 
vn -0.7165989279747009 0.6899127960205078 0.10250037163496017 
vn -0.7099659442901611 0.6979607343673706 0.09380380809307098 
vn -0.6980971693992615 0.7114354968070984 0.08074574917554855 
vn -0.6877065896987915 0.7224063873291016 0.07203252613544464 
vn -0.658200204372406 0.7501758933067322 0.0633138045668602 
vn -0.6752263307571411 0.7352509498596191 0.058952588587999344 
vn -0.6698142886161804 0.7405192255973816 0.05459024757146835 
vn -0.6644880771636963 0.745890200138092 0.04586252197623253 
vn -0.6625514626502991 0.7478659749031067 0.04149730131030083 
vn -0.6683973073959351 0.7430824637413025 0.03276457265019417 
vn -0.651616096496582 0.7582940459251404 0.01966099627315998 
vn -0.6574495434761047 0.7534953951835632 0.002184694167226553 
vn -0.6686781644821167 0.743394672870636 -0.0152922747656703 
vn -0.6683973073959351 0.7430824637413025 -0.03276457265019417 
vn -0.6644880771636963 0.745890200138092 -0.04586252197623253 
vn -0.6698142886161804 0.7405192255973816 -0.05459024757146835 
vn -0.6696478724479675 0.7403352856636047 -0.058952588587999344 
vn -0.6768978834152222 0.7329593896865845 -0.06767380982637405 
vn -0.6655198931694031 0.7428960800170898 -0.07203252613544464 
vn -0.8600365519523621 0.5038028359413147 0.08074574917554855 
vn -0.8757588267326355 0.4743887484073639 0.08945280313491821 
vn -0.9031227827072144 0.4169687032699585 0.10250037163496017 
vn -0.9062992930412292 0.4065394401550293 0.11553031951189041 
vn -0.9105157256126404 0.39298662543296814 0.12854042649269104 
vn -0.9160176515579224 0.3753417432308197 0.1415284425020218 
vn -0.919500470161438 0.36145684123039246 0.15449213981628418 
vn -0.9242778420448303 0.3471175730228424 0.15880759060382843 
vn -0.9267144203186035 0.33640432357788086 0.16742929816246033 
vn -0.9300745129585266 0.3224467933177948 0.1760382205247879 
vn -0.934471845626831 0.3044220507144928 0.18463370203971863 
vn -0.9362326860427856 0.2934897840023041 0.19321508705615997 
vn -0.9358749985694885 0.28266242146492004 0.2103329300880432 
vn -0.9329946637153625 0.2789556682109833 0.22738653421401978 
vn -0.9286438226699829 0.2791122794151306 0.24437066912651062 
vn -0.9271558523178101 0.2643752992153168 0.26549527049064636 
vn -0.9296839237213135 0.2315370887517929 0.2864931523799896 
vn -0.923812985420227 0.23906594514846802 0.2990269064903259 
vn -0.9154804348945618 0.26451706886291504 0.30319350957870483 
vn -0.9201779961585999 0.23158663511276245 0.31565824151039124 
vn -0.9191396832466125 0.22415700554847717 0.3239381015300751 
vn -0.9164302945137024 0.2169106900691986 0.3363112509250641 
vn -0.9111154675483704 0.21320924162864685 0.3527185618877411 
vn -0.9055162072181702 0.20944206416606903 0.3690181374549866 
vn -0.9035959243774414 0.187434121966362 0.3852050006389618 
vn -0.8959710597991943 0.17245148122310638 0.40926313400268555 
vn -0.8894056081771851 0.14640356600284576 0.43303996324539185 
vn -0.8874300122261047 0.1054142564535141 0.4487268626689911 
vn -0.8818691372871399 0.10166850686073303 0.46040233969688416 
vn -0.8711647391319275 0.23863667249679565 0.42909738421440125 
vn -0.8652660250663757 0.2311965376138687 0.44481781125068665 
vn -0.8746933937072754 0.25325727462768555 0.41324591636657715 
vn -0.8951988816261292 0.12039253860712051 0.42909738421440125 
vn -0.902622401714325 0.12041861563920975 0.41324591636657715 
vn -0.8799470663070679 0.2605209946632385 0.3972681760787964 
vn -0.7093988060951233 0.6494047045707703 0.27391019463539124 
vn -0.7064030766487122 0.6490755677223206 0.28230419754981995 
vn -0.7123331427574158 0.6349522471427917 0.2990269064903259 
vn -0.7225783467292786 0.6106919050216675 0.3239381015300751 
vn -0.8599337935447693 0.22032593190670013 0.46040233969688416 
vn -0.732955813407898 0.5865800976753235 0.34452807903289795 
vn -0.8497933149337769 0.25667285919189453 0.46040233969688416 
vn -0.7320477366447449 0.5803422927856445 0.3568037748336792 
vn -0.8397413492202759 0.2815698981285095 0.4642767012119293 
vn -0.8351277112960815 0.28879860043525696 0.46814218163490295 
vn -0.7591526508331299 0.5217130184173584 0.3892335295677185 
vn -0.8252323269844055 0.31017547845840454 0.4719987213611603 
vn -0.8175423741340637 0.3243374824523926 0.4758462607860565 
vn -0.8313525319099426 0.1463770717382431 0.5361219048500061 
vn -0.8235529065132141 0.10160525888204575 0.5580654144287109 
vn -0.8151473999023438 0.10905984044075012 0.5688942670822144 
vn -0.8090634346008301 0.1164989247918129 0.5760593414306641 
vn -0.8028363585472107 0.12391266226768494 0.5831804275512695 
vn -0.799066424369812 0.13132953643798828 0.5867242813110352 
vn -0.7918897271156311 0.14261123538017273 0.5937783122062683 
vn -0.7852210998535156 0.14994248747825623 0.6007870435714722 
vn -0.7778255939483643 0.1463039666414261 0.6112139225006104 
vn -0.7710070610046387 0.1387133002281189 0.6215357780456543 
vn -0.7605233192443848 0.13495102524757385 0.6351318359375 
vn -0.7735335230827332 0.1238512247800827 0.6215357780456543 
vn -0.7801370620727539 0.11649692058563232 0.6146662831306458 
vn -0.7887636423110962 0.11271462589502335 0.6042742133140564 
vn -0.7929611802101135 0.12024623900651932 0.5972883701324463 
vn -0.7970397472381592 0.12776699662208557 0.590256929397583 
vn -0.8029714822769165 0.13882054388523102 0.5796254277229309 
vn -0.8067598938941956 0.14629583060741425 0.5724822878837585 
vn -0.8139903545379639 0.16119152307510376 0.5580654144287109 
vn -0.8223137259483337 0.16861703991889954 0.5434780716896057 
vn -0.8065654039382935 0.33460086584091187 0.48733407258987427 
vn -0.7946169972419739 0.3515850901603699 0.4949462115764618 
vn -0.7851951122283936 0.3721516728401184 0.4949462115764618 
vn -0.7849569916725159 0.3516886532306671 0.5100564956665039 
vn -0.7892342805862427 0.30598893761634827 0.5324283838272095 
vn -0.7871328592300415 0.28470852971076965 0.5471406579017639 
vn -0.7864735126495361 0.24879814684391022 0.5652954578399658 
vn -0.7786728739738464 0.24864475429058075 0.5760593414306641 
vn -0.7636650204658508 0.2984624207019806 0.5724822878837585 
vn -0.6363294124603271 0.6683576703071594 0.3852050006389618 
vn -0.6169101595878601 0.7035704851150513 0.3527185618877411 
vn -0.6150745749473572 0.7150740623474121 0.33219319581985474 
vn -0.5821956992149353 0.757699728012085 0.2948545813560486 
vn -0.5767332315444946 0.7681365013122559 0.2781098484992981 
vn -0.6186388731002808 0.7212821841239929 0.31150925159454346 
vn -0.6186388731002808 0.7212821841239929 0.31150925159454346 
vn -0.6367871165275574 0.7034642696380615 0.31565824151039124 
vn -0.6673042178153992 0.6686373949050903 0.3280687630176544 
vn -0.6937638521194458 0.6324493288993835 0.34452807903289795 
vn -0.3277079463005066 0.9426552057266235 0.0633138045668602 
vn -0.32057124376296997 0.945106029510498 0.0633138045668602 
vn -0.26842358708381653 0.9628823399543762 0.028397228568792343 
vn -0.2611743211746216 0.9649925231933594 0.024029340595006943 
vn -0.25390365719795227 0.9670296907424927 0.01966099627315998 
vn -0.24663592875003815 0.9690860509872437 0.006554040592163801 
vn -0.23931509256362915 0.9709395170211792 -0.002184694167226553 
vn -0.0641121044754982 0.9901830554008484 -0.1242060661315918 
vn -0.06974943727254868 0.9908520579338074 -0.11553031951189041 
vn -0.06221943348646164 0.9913533329963684 -0.11553031951189041 
vn -0.04906744882464409 0.9915763735771179 -0.11986933648586273 
vn -0.04906744882464409 0.9915763735771179 -0.11986933648586273 
vn -0.041523415595293045 0.9919209480285645 -0.11986933648586273 
vn -0.2972978949546814 0.9540624618530273 0.03713129088282585 
vn -0.2902008593082428 0.9566640257835388 0.024029340595006943 
vn -0.2830166518688202 0.9589930772781372 0.0152922747656703 
vn -0.27576643228530884 0.9611030220985413 0.0152922747656703 
vn -0.2830166518688202 0.9589930772781372 0.0152922747656703 
vn -0.29022857546806335 0.9567553400993347 0.01966099627315998 
vn -0.7134144902229309 0.6467602849006653 0.26970529556274414 
vn -0.8780838847160339 0.28927281498908997 0.3811691105365753 
vn -0.893867015838623 0.24244116246700287 0.37712597846984863 
vn -0.9124789834022522 0.11284037679433823 0.3932546079158783 
vn -0.9187830090522766 0.1166779026389122 0.37712597846984863 
vn -0.9227079153060913 0.12417316436767578 0.3649536371231079 
vn -0.9274551272392273 0.12416348606348038 0.3527185618877411 
vn -0.9300321936607361 0.12782998383045197 0.34452807903289795 
vn -0.934019148349762 0.1204284280538559 0.3363112509250641 
vn -0.9373999238014221 0.12784944474697113 0.3239381015300751 
vn -0.9419093132019043 0.1354261040687561 0.30735430121421814 
vn -0.9459134340286255 0.13530908524990082 0.2948545813560486 
vn -0.9509665369987488 0.1353425830602646 0.2781098484992981 
vn -0.9557286500930786 0.1353345811367035 0.2612801790237427 
vn -0.9596402645111084 0.13918890058994293 0.24437066912651062 
vn -0.9638193249702454 0.1390959918498993 0.22738653421401978 
vn -0.9667356014251709 0.13916891813278198 0.21460255980491638 
vn -0.9705302119255066 0.13173937797546387 0.2017817199230194 
vn -0.973267674446106 0.12416919320821762 0.19321508705615997 
vn -0.9734286665916443 0.13545122742652893 0.18463370203971863 
vn -0.9757348299026489 0.12417668849229813 0.18033768236637115 
vn -0.9767969846725464 0.12796328961849213 0.17173540592193604 
vn -0.9799349308013916 0.12044760584831238 0.15880759060382843 
vn -0.9806243181228638 0.13544626533985138 0.1415284425020218 
vn -0.980787992477417 0.14673884212970734 0.12854042649269104 
vn -0.9812804460525513 0.15408241748809814 0.11553031951189041 
vn -0.980452299118042 0.16521891951560974 0.10684575140476227 
vn -0.9882959127426147 0.11298195272684097 0.10250037163496017 
vn -0.024528197944164276 0.988355278968811 -0.15017375349998474 
vn -0.01698196679353714 0.9885137677192688 -0.15017375349998474 
vn -0.9864243865013123 0.11670352518558502 0.11553031951189041 
vn -0.9829092621803284 0.13178306818008423 0.12854042649269104 
vn -0.9816285967826843 0.12796491384506226 0.1415284425020218 
vn -0.9775928258895874 0.14298424124717712 0.15449213981628418 
vn -0.978034257888794 0.12416286021471024 0.16742929816246033 
vn -0.9757348299026489 0.12417668849229813 0.18033768236637115 
vn -0.9740958213806152 0.1242748498916626 0.18892620503902435 
vn -0.9687014222145081 0.1503702700138092 0.1975002884864807 
vn -0.9651280641555786 0.16145393252372742 0.2060592919588089 
vn -0.9606375098228455 0.17641229927539825 0.21460255980491638 
vn -0.9590466618537903 0.1688929945230484 0.22738653421401978 
vn -0.9512706398963928 0.1985980123281479 0.23588760197162628 
vn -0.9473171234130859 0.19107677042484283 0.25706008076667786 
vn -0.9381967186927795 0.21690087020397186 0.26970529556274414 
vn -0.9365139007568359 0.20214702188968658 0.2864931523799896 
vn -0.9325464963912964 0.2023361772298813 0.2990269064903259 
vn -0.9298481941223145 0.2022760957479477 0.30735430121421814 
vn -0.9286575317382812 0.19482047855854034 0.31565824151039124 
vn -0.9265751838684082 0.17636938393115997 0.33219319581985474 
vn -0.9199005365371704 0.18730555474758148 0.34452807903289795 
vn -0.9136605858802795 0.19471876323223114 0.3568037748336792 
vn -0.9037861824035645 0.21678589284420013 0.3690181374549866 
vn -0.7430170774459839 0.6125231981277466 0.26970529556274414 
vn -0.7609418630599976 0.5920132994651794 0.26549527049064636 
vn -0.7835151553153992 0.5617973804473877 0.26549527049064636 
vn -0.8090173006057739 0.5244075059890747 0.26549527049064636 
vn -0.8243984580039978 0.5020955204963684 0.2612801790237427 
vn -0.8324875235557556 0.49298977851867676 0.25283506512641907 
vn -0.8311471939086914 0.4994770288467407 0.24437066912651062 
vn -0.8297106623649597 0.5059024095535278 0.23588760197162628 
vn -0.8321227431297302 0.505833089351654 0.22738653421401978 
vn -0.8399497270584106 0.4965694546699524 0.21886809170246124 
vn -0.8527330756187439 0.4799852669239044 0.2060592919588089 
vn -0.845167875289917 0.4966738522052765 0.1975002884864807 
vn -0.8942416906356812 0.3995196223258972 0.2017817199230194 
vn -0.8997973203659058 0.3890480697154999 0.1975002884864807 
vn -0.9116917252540588 0.3648630678653717 0.18892620503902435 
vn -0.9190157651901245 0.35055431723594666 0.18033768236637115 
vn -0.9159836769104004 0.3646111786365509 0.16742929816246033 
vn -0.9109707474708557 0.3824453353881836 0.15449213981628418 
vn -0.9096099138259888 0.3890203535556793 0.1458524912595749 
vn -0.912956178188324 0.3858185112476349 0.1328723281621933 
vn -0.9192562103271484 0.3720824420452118 0.12854042649269104 
vn -0.907163143157959 0.40334394574165344 0.11986933648586273 
vn -0.9350082278251648 0.3367440700531006 0.1111890971660614 
vn -0.9469759464263916 0.30451640486717224 0.10250037163496017 
vn -0.4927019774913788 0.8684841394424438 0.05459024757146835 
vn -0.4728770852088928 0.8794357180595398 0.05459024757146835 
vn -0.4596301019191742 0.8866890072822571 0.05022686347365379 
vn -0.439400851726532 0.8968858122825623 0.05022686347365379 
vn -0.42377328872680664 0.9048172235488892 0.04149730131030083 
vn -0.41692817211151123 0.9079916477203369 0.04149730131030083 
vn -0.41692817211151123 0.9079916477203369 0.04149730131030083 
vn -0.42578843235969543 0.9034276008605957 0.05022686347365379 
vn -0.43919095396995544 0.8964574337005615 0.058952588587999344 
vn -0.4546312987804413 0.8881050944328308 0.06767380982637405 
vn -0.4544922113418579 0.8878334164619446 0.07203252613544464 
vn -0.4409986734390259 0.8946124911308289 0.07203252613544464 
vn -0.42069846391677856 0.9046729207038879 0.06767380982637405 
vn -0.39797788858413696 0.9152076244354248 0.0633138045668602 
vn -0.384291410446167 0.9215964674949646 0.05459024757146835 
vn -0.3704744279384613 0.927709698677063 0.04586252197623253 
vn -0.3613443374633789 0.9315086007118225 0.04149730131030083 
vn -0.34729403257369995 0.9370208978652954 0.03713129088282585 
vn -0.33315327763557434 0.9423032402992249 0.03276457265019417 
vn -0.3259778320789337 0.9446479082107544 0.03713129088282585 
vn -0.31883472204208374 0.9470826983451843 0.03713129088282585 
vn -0.3116734027862549 0.9494634866714478 0.03713129088282585 
vn -0.30449435114860535 0.9517901539802551 0.03713129088282585 
vn -0.29734331369400024 0.954208254814148 0.03276457265019417 
vn -0.7284169793128967 0.6298156976699829 0.26970529556274414 
vn -0.29738306999206543 0.9543358683586121 0.028397228568792343 
vn -0.0509120374917984 0.9942880868911743 -0.09380380809307098 
vn -0.04337470605969429 0.9946454167366028 -0.09380380809307098 
vn -0.028292996808886528 0.9951885938644409 -0.09380380809307098 
vn -0.03586301580071449 0.9957267642021179 -0.08510008454322815 
vn -0.020757833495736122 0.9957747459411621 -0.08945280313491821 
vn -0.020757833495736122 0.9957747459411621 -0.08945280313491821 
vn -0.02076578140258789 0.9961559772491455 -0.08510008454322815 
vn -0.03395935520529747 0.9964995384216309 -0.0763898640871048 
vn -0.049073055386543274 0.9964998960494995 -0.06767380982637405 
vn -0.05469445884227753 0.9967613220214844 -0.058952588587999344 
vn -0.062259066849946976 0.9967954158782959 -0.05022686347365379 
vn -0.047178998589515686 0.9976228475570679 -0.05022686347365379 
vn -0.04718891531229019 0.9978325963020325 -0.04586252197623253 
vn -0.030177012085914612 0.9986827969551086 -0.04149730131030083 
vn -0.016993513330817223 0.9988031983375549 -0.04586252197623253 
vn -0.0018882581498473883 0.998945951461792 -0.04586252197623253 
vn -0.0018882581498473883 0.998945951461792 -0.04586252197623253 
vn -0.0150928208604455 0.9991964101791382 -0.03713129088282585 
vn -0.007546626031398773 0.9992818832397461 -0.03713129088282585 
vn -0.015095127746462822 0.9993491172790527 -0.03276457265019417 
vn -0.015098875388503075 0.9995972514152527 -0.024029340595006943 
vn -0.03019949607551098 0.9994269013404846 -0.0152922747656703 
vn -0.02265242673456669 0.9996837377548218 -0.010923261754214764 
vn -0.02265242673456669 0.9996837377548218 -0.010923261754214764 
vn 0.05282346159219742 0.9983147382736206 -0.024029340595006943 
vn 0.045277662575244904 0.9985707402229309 -0.028397228568792343 
vn 0.0452716089785099 0.9984372854232788 -0.03276457265019417 
vn 0.0452716089785099 0.9984372854232788 -0.03276457265019417 
vn 0.04525691270828247 0.9981130957603455 -0.04149730131030083 
vn 0.05096087232232094 0.9976470470428467 -0.04586252197623253 
vn 0.06601185351610184 0.9963244199752808 -0.05459024757146835 
vn 0.06599545478820801 0.9960768818855286 -0.058952588587999344 
vn 0.05844666808843613 0.9962807297706604 -0.0633138045668602 
vn 0.050912197679281235 0.9966942071914673 -0.0633138045668602 
vn 0.03398079425096512 0.9971286654472351 -0.06767380982637405 
vn 0.026431526988744736 0.9973573088645935 -0.06767380982637405 
vn 0.018874967470765114 0.9972236752510071 -0.07203252613544464 
vn 0.01132541336119175 0.9973379969596863 -0.07203252613544464 
vn 0.011321731843054295 0.9970137476921082 -0.0763898640871048 
vn 0.01699059084057808 0.996227502822876 -0.08510008454322815 
vn 0.024521419778466225 0.9952886700630188 -0.09380380809307098 
vn 0.030189042910933495 0.9942747354507446 -0.10250037163496017 
vn 0.03585686907172203 0.9931522011756897 -0.1111890971660614 
vn 0.03583899885416031 0.9926571846008301 -0.11553031951189041 
vn 0.02829626016318798 0.9929008483886719 -0.11553031951189041 
vn 0.013206318952143192 0.9932161569595337 -0.11553031951189041 
vn -0.0018866714090108871 0.9933021664619446 -0.11553031951189041 
vn -0.009433221071958542 0.9932591319084167 -0.11553031951189041 
vn -0.045274872332811356 0.9937021136283875 -0.10250037163496017 
vn -0.011327626183629036 0.9927250742912292 -0.11986933648586273 
vn -0.04719521105289459 0.9931548833847046 -0.10684575140476227 
vn -0.03960961848497391 0.99251389503479 -0.11553031951189041 
vn -0.03395872935652733 0.9916751980781555 -0.1242060661315918 
vn -0.041501112282276154 0.991388201713562 -0.1242060661315918 
vn -0.02075672708451748 0.9909157752990723 -0.1328723281621933 
vn 0.011319913901388645 0.9872446656227112 -0.15880759060382843 
vn 0.003775994060561061 0.9879868030548096 -0.15449213981628418 
vn -0.009434746578335762 0.9886146187782288 -0.15017375349998474 
vn -0.01698196679353714 0.9885137677192688 -0.15017375349998474 
vn 0.018865788355469704 0.987129271030426 -0.15880759060382843 
vn 0.01132776215672493 0.9879290461540222 -0.15449213981628418 
vn 0.007548397872596979 0.9899054169654846 -0.1415284425020218 
vn -0.005661308765411377 0.991117000579834 -0.1328723281621933 
vn -0.011321541853249073 0.9921918511390686 -0.1242060661315918 
vn -0.6457079648971558 0.12025142461061478 -0.7540562748908997 
vn -0.6333422660827637 0.36129555106163025 -0.6843559741973877 
vn -0.5032575130462646 0.740856945514679 -0.44481781125068665 
vn -0.34373313188552856 0.9161807298660278 -0.2060592919588089 
vn -0.3785026967525482 0.8915891051292419 -0.24860523641109467 
vn -0.39577609300613403 0.8765469193458557 -0.27391019463539124 
vn -0.4076582193374634 0.8670273423194885 -0.2864931523799896 
vn -0.42452940344810486 0.8560581803321838 -0.2948545813560486 
vn -0.4296706020832062 0.8549212217330933 -0.29067665338516235 
vn -0.4331672191619873 0.8559617400169373 -0.28230419754981995 
vn -0.434978187084198 0.8591001033782959 -0.26970529556274414 
vn -0.433317631483078 0.8612480163574219 -0.26549527049064636 
vn -0.438388466835022 0.8599699139595032 -0.2612801790237427 
vn -0.4451039433479309 0.8565133810043335 -0.2612801790237427 
vn -0.4534381628036499 0.8508267402648926 -0.26549527049064636 
vn -0.4617154002189636 0.8450313210487366 -0.26970529556274414 
vn -0.4667133688926697 0.8436177372932434 -0.26549527049064636 
vn -0.4716891944408417 0.8421650528907776 -0.2612801790237427 
vn -0.4733632802963257 0.8450577855110168 -0.24860523641109467 
vn -0.46884942054748535 0.8523634672164917 -0.23163928091526031 
vn -0.46370866894721985 0.8585284352302551 -0.21886809170246124 
vn -0.46065571904182434 0.8633283972740173 -0.2060592919588089 
vn -0.4655456244945526 0.861714243888855 -0.2017817199230194 
vn -0.4655456244945526 0.861714243888855 -0.2017817199230194 
vn -0.46417877078056335 0.8644107580184937 -0.19321508705615997 
vn -0.4623870551586151 0.8663169741630554 -0.18892620503902435 
vn -0.47082090377807617 0.8608109951019287 -0.19321508705615997 
vn -0.4690357744693756 0.862735390663147 -0.18892620503902435 
vn -0.47565677762031555 0.859102725982666 -0.18892620503902435 
vn -0.46432608366012573 0.8696945905685425 -0.16742929816246033 
vn -0.46247971057891846 0.8714954853057861 -0.16312000155448914 
vn -0.46062374114990234 0.8732731342315674 -0.15880759060382843 
vn -0.4609430730342865 0.873878538608551 -0.15449213981628418 
vn -0.45076534152030945 0.8813514113426208 -0.1415284425020218 
vn -0.4593677222728729 0.8761897087097168 -0.1458524912595749 
vn -0.45775407552719116 0.8784286379814148 -0.1372016966342926 
vn -0.46443891525268555 0.874912679195404 -0.1372016966342926 
vn -0.4561026692390442 0.8805950880050659 -0.12854042649269104 
vn -0.4544139802455902 0.8826886415481567 -0.11986933648586273 
vn -0.4591679871082306 0.8808050155639648 -0.11553031951189041 
vn -0.45939695835113525 0.8812442421913147 -0.1111890971660614 
vn -0.4643307626247406 0.8797105550765991 -0.10250037163496017 
vn -0.4645353853702545 0.8800982236862183 -0.0981530249118805 
vn -0.4494815766811371 0.8892267942428589 -0.08510008454322815 
vn -0.4560336768627167 0.8854555487632751 -0.08945280313491821 
vn -0.4562082588672638 0.8857945799827576 -0.08510008454322815 
vn -0.4629087448120117 0.8823114037513733 -0.08510008454322815 
vn -0.4629087448120117 0.8823114037513733 -0.08510008454322815 
vn -0.5989844799041748 0.7865528464317322 -0.15017375349998474 
vn -0.5946901440620422 0.7889713644981384 -0.15449213981628418 
vn -0.5825597047805786 0.797970175743103 -0.15449213981628418 
vn -0.5825597047805786 0.797970175743103 -0.15449213981628418 
vn -0.5838759541511536 0.7952865958213806 -0.16312000155448914 
vn -0.5851424932479858 0.7925372123718262 -0.17173540592193604 
vn -0.5880126357078552 0.7874969840049744 -0.18463370203971863 
vn -0.5983589291572571 0.775403618812561 -0.2017817199230194 
vn -0.602451741695404 0.7675601840019226 -0.21886809170246124 
vn -0.6069537997245789 0.7602304220199585 -0.23163928091526031 
vn -0.6294230818748474 0.7347795367240906 -0.25283506512641907 
vn -0.6164806485176086 0.7470924258232117 -0.24860523641109467 
vn -0.6192564368247986 0.7419174909591675 -0.25706008076667786 
vn -0.6089747548103333 0.7489207983016968 -0.2612801790237427 
vn -0.6397714018821716 0.7131719589233398 -0.2864931523799896 
vn -0.6555650234222412 0.6915982961654663 -0.30319350957870483 
vn -0.6693047285079956 0.6666348576545715 -0.3280687630176544 
vn -0.681163489818573 0.6437979340553284 -0.34862664341926575 
vn -0.7036837935447693 0.5970312356948853 -0.3852050006389618 
vn -0.6803897023200989 0.6283676028251648 -0.37712597846984863 
vn -0.6786796450614929 0.6253087520599365 -0.3852050006389618 
vn -0.6471086740493774 0.6671401262283325 -0.3690181374549866 
vn -0.6488638520240784 0.6608719229698181 -0.37712597846984863 
vn -0.636178195476532 0.6775713562965393 -0.3690181374549866 
vn -0.6250795722007751 0.687823474407196 -0.3690181374549866 
vn -0.6269801259040833 0.6816685199737549 -0.37712597846984863 
vn -0.6282460689544678 0.6736498475074768 -0.3892335295677185 
vn -0.6310046911239624 0.6590422987937927 -0.40926313400268555 
vn -0.6272112727165222 0.652576744556427 -0.42514660954475403 
vn -0.6170529127120972 0.6544457077980042 -0.43697428703308105 
vn -0.6150193214416504 0.6510670781135559 -0.44481781125068665 
vn -0.6067271828651428 0.6561450362205505 -0.4487268626689911 
vn -0.6018821597099304 0.6579257845878601 -0.45262736082077026 
vn -0.5990676879882812 0.6578055620193481 -0.456519216299057 
vn -0.5969317555427551 0.6543084979057312 -0.4642767012119293 
vn -0.6000989079475403 0.640143632888794 -0.4796847105026245 
vn -0.6029710173606873 0.6256629824638367 -0.4949462115764618 
vn -0.6021689772605896 0.6141945123672485 -0.5100564956665039 
vn -0.5912976264953613 0.6153265237808228 -0.5212872624397278 
vn -0.5828351378440857 0.6202149987220764 -0.5250110030174255 
vn -0.5717356204986572 0.630461573600769 -0.5250110030174255 
vn -0.5581680536270142 0.6514965295791626 -0.5138099193572998 
vn -0.5368108153343201 0.6887232065200806 -0.48733407258987427 
vn -0.6447113752365112 0.30688396096229553 -0.7001210451126099 
vn -0.6497393250465393 0.1164843738079071 -0.7511792182922363 
vn -0.6510298848152161 0.10904078185558319 -0.7511792182922363 
vn -0.6583178639411926 0.12396534532308578 -0.7424622178077698 
vn -0.6549690365791321 0.10526590794324875 -0.7482877969741821 
vn -0.6522297859191895 0.28294509649276733 -0.7032341957092285 
vn -0.6580981612205505 0.2690138816833496 -0.7032341957092285 
vn -0.6679772734642029 0.2690204083919525 -0.6938546895980835 
vn -0.6732827425003052 0.2799057066440582 -0.6843559741973877 
vn -0.6857811808586121 0.2728196680545807 -0.67473965883255 
vn -0.6937215924263 0.27661430835723877 -0.6650074124336243 
vn -0.7015422582626343 0.28036171197891235 -0.6551609039306641 
vn -0.7063964605331421 0.2910647690296173 -0.6452018022537231 
vn -0.7051177024841309 0.30842480063438416 -0.6385006904602051 
vn -0.7095381617546082 0.3189389109611511 -0.6283578276634216 
vn -0.7140114307403564 0.32230567932128906 -0.6215357780456543 
vn -0.722629189491272 0.32283830642700195 -0.6112139225006104 
vn -0.7297836542129517 0.3262985944747925 -0.6007870435714722 
vn -0.736465334892273 0.3367096781730652 -0.5867242813110352 
vn -0.7504584193229675 0.33026692271232605 -0.5724822878837585 
vn -0.7588045001029968 0.3235069811344147 -0.5652954578399658 
vn -0.7640779614448547 0.32364776730537415 -0.5580654144287109 
vn -0.772188663482666 0.3167838454246521 -0.5507928133010864 
vn -0.7775912880897522 0.30982068181037903 -0.5471406579017639 
vn -0.7830581068992615 0.29573145508766174 -0.5471406579017639 
vn -0.790779173374176 0.27441826462745667 -0.5471406579017639 
vn -0.8005898594856262 0.2601274251937866 -0.5398051738739014 
vn -0.8102309703826904 0.25293466448783875 -0.528724730014801 
vn -0.815160870552063 0.2600981891155243 -0.5175535082817078 
vn -0.8232946991920471 0.2639298439025879 -0.5025205612182617 
vn -0.8311752080917358 0.2676813304424286 -0.48733407258987427 
vn -0.8364434838294983 0.27853089570999146 -0.4719987213611603 
vn -0.8341748714447021 0.3036148250102997 -0.46040233969688416 
vn -0.8304839730262756 0.33531102538108826 -0.44481781125068665 
vn -0.8268999457359314 0.36347201466560364 -0.42909738421440125 
vn -0.8220540285110474 0.38749706745147705 -0.417220801115036 
vn -0.820030927658081 0.40807873010635376 -0.401274174451828 
vn -0.8173960447311401 0.4283466339111328 -0.3852050006389618 
vn -0.8140391707420349 0.45182859897613525 -0.3649536371231079 
vn -0.8149286508560181 0.46904534101486206 -0.34042292833328247 
vn -0.8111619353294373 0.49231719970703125 -0.31565824151039124 
vn -0.7988045811653137 0.524377703666687 -0.2948545813560486 
vn -0.7868598103523254 0.55301433801651 -0.27391019463539124 
vn -0.7746667861938477 0.5777642130851746 -0.25706008076667786 
vn -0.7463101744651794 0.6223970651626587 -0.23588760197162628 
vn -0.7606080770492554 0.6048408150672913 -0.23588760197162628 
vn -0.9124420881271362 0.25002703070640564 -0.3239381015300751 
vn -0.9315146803855896 0.12803374230861664 -0.34042292833328247 
vn -0.9114780426025391 0.24260149896144867 -0.33219319581985474 
vn -0.9112557768821716 0.23178674280643463 -0.34042292833328247 
vn -0.9083995819091797 0.22449909150600433 -0.3527185618877411 
vn -0.9028304815292358 0.220732182264328 -0.3690181374549866 
vn -0.8987239003181458 0.20955301821231842 -0.3852050006389618 
vn -0.8937146663665771 0.18378740549087524 -0.40926313400268555 
vn -0.887301504611969 0.16903100907802582 -0.42909738421440125 
vn -0.8802737593650818 0.15415020287036896 -0.4487268626689911 
vn -0.8746971487998962 0.13911178708076477 -0.4642767012119293 
vn -0.871698796749115 0.13175137341022491 -0.4719987213611603 
vn -0.868011474609375 0.1130058765411377 -0.4835140109062195 
vn -0.8620339632034302 0.10920467227697372 -0.4949462115764618 
vn -0.8585558533668518 0.1017594262957573 -0.5025205612182617 
vn -0.8522963523864746 0.09793005883693695 -0.5138099193572998 
vn -0.8445349335670471 0.10547146946191788 -0.5250110030174255 
vn -0.8375220894813538 0.1054990291595459 -0.5361219048500061 
vn -0.8279464840888977 0.10550794750452042 -0.5507928133010864 
vn -0.8205974698066711 0.10549337416887283 -0.5616858005523682 
vn -0.8105781674385071 0.10544497519731522 -0.5760593414306641 
vn -0.804460346698761 0.1128900945186615 -0.5831804275512695 
vn -0.7975997924804688 0.12422284483909607 -0.590256929397583 
vn -0.7925136685371399 0.13910207152366638 -0.5937783122062683 
vn -0.7844603657722473 0.15387293696403503 -0.6007870435714722 
vn -0.7802942991256714 0.16122490167617798 -0.6042742133140564 
vn -0.772453784942627 0.1724315583705902 -0.6112139225006104 
vn -0.764221727848053 0.17221620678901672 -0.6215357780456543 
vn -0.7561477422714233 0.15763284265995026 -0.6351318359375 
vn -0.7454813718795776 0.15382236242294312 -0.6485338807106018 
vn -0.7345836758613586 0.14996632933616638 -0.661737859249115 
vn -0.7293986082077026 0.1462893933057785 -0.6682642698287964 
vn -0.7255704998970032 0.13518066704273224 -0.67473965883255 
vn -0.7202304005622864 0.13147024810314178 -0.681163489818573 
vn -0.7148256301879883 0.12774758040905 -0.6875353455543518 
vn -0.7055912613868713 0.12782642245292664 -0.6969945430755615 
vn -0.6982242465019226 0.11651301383972168 -0.7063339352607727 
vn -0.6874678134918213 0.12398922443389893 -0.715552031993866 
vn -0.683033287525177 0.1127692461013794 -0.7216291427612305 
vn -0.6707466840744019 0.10910511016845703 -0.7336177229881287 
vn -0.6609468460083008 0.10908287763595581 -0.7424622178077698 
vn -0.6681543588638306 0.12399521470069885 -0.7336177229881287 
vn -0.6778715252876282 0.12400296330451965 -0.7246471047401428 
vn -0.6874678134918213 0.12398922443389893 -0.715552031993866 
vn -0.6931099891662598 0.12775583565235138 -0.7094202041625977 
vn -0.7011207938194275 0.13512995839118958 -0.7001210451126099 
vn -0.7068995833396912 0.1203809306025505 -0.6969945430755615 
vn -0.7148469686508179 0.10920212417840958 -0.6907016038894653 
vn -0.718463659286499 0.10538081079721451 -0.6875353455543518 
vn -0.7250412702560425 0.1016436442732811 -0.681163489818573 
vn -0.7304945588111877 0.10537609457969666 -0.67473965883255 
vn -0.7388139367103577 0.1091749295592308 -0.6650074124336243 
vn -0.7469974756240845 0.11295575648546219 -0.6551609039306641 
vn -0.7584723234176636 0.1128666028380394 -0.641857385635376 
vn -0.7674514055252075 0.1091291680932045 -0.6317508816719055 
vn -0.7752155065536499 0.11284588277339935 -0.6215357780456543 
vn -0.7795429825782776 0.12040781229734421 -0.6146662831306458 
vn -0.7837512493133545 0.1279611438512802 -0.607749879360199 
vn -0.7898783683776855 0.139063760638237 -0.5972883701324463 
vn -0.795133650302887 0.13913750648498535 -0.590256929397583 
vn -0.8022836446762085 0.14274229109287262 -0.5796254277229309 
vn -0.8099163770675659 0.14281010627746582 -0.5688942670822144 
vn -0.8174082040786743 0.14285233616828918 -0.5580654144287109 
vn -0.8258562684059143 0.15030965209007263 -0.5434780716896057 
vn -0.8353831171989441 0.1502835601568222 -0.528724730014801 
vn -0.843651533126831 0.14279508590698242 -0.5175535082817078 
vn -0.8510536551475525 0.1391930878162384 -0.5062933564186096 
vn -0.8578078746795654 0.12420131266117096 -0.4987381398677826 
vn -0.8632306456565857 0.1166604533791542 -0.4911448359489441 
vn -0.8689544200897217 0.1055101677775383 -0.4835140109062195 
vn -0.8740583658218384 0.09794006496667862 -0.4758462607860565 
vn -0.877775251865387 0.10175216943025589 -0.46814218163490295 
vn -0.88544100522995 0.1054641604423523 -0.45262736082077026 
vn -0.8942670822143555 0.1129722073674202 -0.43303996324539185 
vn -0.9035895466804504 0.11293258517980576 -0.41324591636657715 
vn -0.9111682176589966 0.10931827872991562 -0.3972681760787964 
vn -0.9149360656738281 0.1204536184668541 -0.3852050006389618 
vn -0.9189344048500061 0.12796162068843842 -0.37307560443878174 
vn -0.9237903952598572 0.1279662698507309 -0.36088213324546814 
vn -0.9269242882728577 0.12806612253189087 -0.3527185618877411 
s on 
f 1//1 2//2 3//3 
f 2//2 4//4 3//3 
f 3//3 4//4 5//5 
f 4//4 4//4 5//5 
f 5//5 4//4 6//6 
f 4//4 4//4 6//6 
f 6//6 4//4 7//7 
f 4//4 4//4 7//7 
f 7//7 4//4 8//8 
f 4//4 2//2 8//8 
f 8//8 2//2 2//2 
f 2//2 5//5 2//2 
f 2//2 5//5 5//5 
f 5//5 9//9 5//5 
f 5//5 9//9 3//3 
f 9//9 10//10 3//3 
f 3//3 10//10 1//1 
f 10//10 11//11 1//1 
f 1//1 11//11 1//1 
f 11//11 12//12 1//1 
f 1//1 12//12 2//2 
f 12//12 13//13 2//2 
f 2//2 13//13 2//2 
f 13//13 14//14 2//2 
f 2//2 14//14 8//8 
f 14//14 15//15 8//8 
f 8//8 15//15 8//8 
f 15//15 16//16 8//8 
f 8//8 16//16 7//7 
f 16//16 17//17 7//7 
f 7//7 17//17 7//7 
f 17//17 18//18 7//7 
f 7//7 18//18 6//6 
f 18//18 19//19 6//6 
f 6//6 19//19 6//6 
f 19//19 20//20 6//6 
f 6//6 20//20 5//5 
f 20//20 21//21 5//5 
f 5//5 21//21 9//9 
f 21//21 22//22 9//9 
f 9//9 22//22 10//10 
f 22//22 23//23 10//10 
f 10//10 23//23 24//24 
f 23//23 23//23 24//24 
f 24//24 23//23 25//25 
f 23//23 26//26 25//25 
f 25//25 26//26 27//27 
f 26//26 26//26 27//27 
f 27//27 26//26 28//28 
f 26//26 26//26 28//28 
f 28//28 26//26 29//29 
f 26//26 22//22 29//29 
f 29//29 22//22 30//30 
f 22//22 21//21 30//30 
f 30//30 21//21 31//31 
f 21//21 20//20 31//31 
f 31//31 20//20 32//32 
f 20//20 19//19 32//32 
f 32//32 19//19 33//33 
f 19//19 19//19 33//33 
f 33//33 19//19 34//34 
f 19//19 18//18 34//34 
f 34//34 18//18 35//35 
f 18//18 17//17 35//35 
f 35//35 17//17 36//36 
f 17//17 17//17 36//36 
f 36//36 17//17 37//37 
f 17//17 16//16 37//37 
f 37//37 16//16 38//38 
f 16//16 15//15 38//38 
f 38//38 15//15 39//39 
f 15//15 14//14 39//39 
f 39//39 14//14 14//14 
f 14//14 24//24 14//14 
f 14//14 24//24 24//24 
f 24//24 11//11 24//24 
f 24//24 11//11 10//10 
f 11//11 10//10 10//10 
f 10//10 10//10 26//26 
f 10//10 26//26 26//26 
f 26//26 26//26 22//22 
f 26//26 23//23 22//22 
f 22//22 23//23 23//23 
f 23//23 39//39 23//23 
f 23//23 39//39 39//39 
f 39//39 40//40 39//39 
f 39//39 40//40 38//38 
f 40//40 41//41 38//38 
f 38//38 41//41 37//37 
f 41//41 42//42 37//37 
f 37//37 42//42 36//36 
f 42//42 43//43 36//36 
f 36//36 43//43 36//36 
f 43//43 44//44 36//36 
f 36//36 44//44 35//35 
f 44//44 45//45 35//35 
f 35//35 45//45 34//34 
f 45//45 46//46 34//34 
f 34//34 46//46 33//33 
f 46//46 33//33 33//33 
f 33//33 33//33 46//46 
f 33//33 46//46 46//46 
f 46//46 46//46 47//47 
f 46//46 45//45 47//47 
f 47//47 45//45 48//48 
f 45//45 44//44 48//48 
f 48//48 44//44 49//49 
f 44//44 43//43 49//49 
f 49//49 43//43 43//43 
f 43//43 49//49 43//43 
f 43//43 49//49 49//49 
f 49//49 50//50 49//49 
f 49//49 50//50 48//48 
f 50//50 51//51 48//48 
f 48//48 51//51 47//47 
f 51//51 52//52 47//47 
f 47//47 52//52 47//47 
f 52//52 53//53 47//47 
f 47//47 53//53 46//46 
f 53//53 54//54 46//46 
f 46//46 54//54 33//33 
f 54//54 55//55 33//33 
f 33//33 55//55 32//32 
f 55//55 56//56 32//32 
f 32//32 56//56 31//31 
f 56//56 57//57 31//31 
f 31//31 57//57 30//30 
f 57//57 58//58 30//30 
f 30//30 58//58 29//29 
f 58//58 59//59 29//29 
f 29//29 59//59 28//28 
f 59//59 60//60 28//28 
f 28//28 60//60 28//28 
f 60//60 61//61 28//28 
f 28//28 61//61 27//27 
f 61//61 62//62 27//27 
f 27//27 62//62 27//27 
f 62//62 63//63 27//27 
f 27//27 63//63 25//25 
f 63//63 64//64 25//25 
f 25//25 64//64 25//25 
f 64//64 65//65 25//25 
f 25//25 65//65 24//24 
f 65//65 66//66 24//24 
f 24//24 66//66 11//11 
f 66//66 67//67 11//11 
f 11//11 67//67 12//12 
f 67//67 68//68 12//12 
f 12//12 68//68 69//69 
f 68//68 68//68 69//69 
f 69//69 68//68 70//70 
f 68//68 68//68 70//70 
f 70//70 68//68 71//71 
f 68//68 67//67 71//71 
f 71//71 67//67 72//72 
f 67//67 66//66 72//72 
f 72//72 66//66 73//73 
f 66//66 66//66 73//73 
f 73//73 66//66 74//74 
f 66//66 65//65 74//74 
f 74//74 65//65 75//75 
f 65//65 65//65 75//75 
f 75//75 65//65 76//76 
f 65//65 64//64 76//76 
f 76//76 64//64 77//77 
f 64//64 64//64 77//77 
f 77//77 64//64 78//78 
f 64//64 63//63 78//78 
f 78//78 63//63 79//79 
f 63//63 62//62 79//79 
f 79//79 62//62 80//80 
f 62//62 81//81 80//80 
f 80//80 81//81 82//82 
f 81//81 81//81 82//82 
f 82//82 81//81 83//83 
f 81//81 61//61 83//83 
f 83//83 61//61 84//84 
f 61//61 60//60 84//84 
f 84//84 60//60 85//85 
f 60//60 60//60 85//85 
f 85//85 60//60 86//86 
f 60//60 59//59 86//86 
f 86//86 59//59 87//87 
f 59//59 58//58 87//87 
f 87//87 58//58 88//88 
f 58//58 57//57 88//88 
f 88//88 57//57 89//89 
f 57//57 56//56 89//89 
f 89//89 56//56 90//90 
f 56//56 55//55 90//90 
f 90//90 55//55 91//91 
f 55//55 54//54 91//91 
f 91//91 54//54 92//92 
f 54//54 53//53 92//92 
f 92//92 53//53 93//93 
f 53//53 52//52 93//93 
f 93//93 52//52 94//94 
f 52//52 52//52 94//94 
f 94//94 52//52 95//95 
f 52//52 51//51 95//95 
f 95//95 51//51 96//96 
f 51//51 50//50 96//96 
f 96//96 50//50 97//97 
f 50//50 50//50 97//97 
f 97//97 50//50 98//98 
f 50//50 49//49 98//98 
f 98//98 49//49 99//99 
f 49//49 43//43 99//99 
f 99//99 43//43 100//100 
f 43//43 42//42 100//100 
f 100//100 42//42 101//101 
f 42//42 41//41 101//101 
f 101//101 41//41 102//102 
f 41//41 40//40 102//102 
f 102//102 40//40 103//103 
f 40//40 40//40 103//103 
f 103//103 40//40 104//104 
f 40//40 39//39 104//104 
f 104//104 39//39 105//105 
f 39//39 39//39 105//105 
f 105//105 39//39 106//106 
f 39//39 14//14 106//106 
f 106//106 14//14 107//107 
f 14//14 13//13 107//107 
f 107//107 13//13 108//108 
f 13//13 69//69 108//108 
f 108//108 69//69 109//109 
f 69//69 110//110 109//109 
f 109//109 110//110 109//109 
f 110//110 111//111 109//109 
f 109//109 111//111 109//109 
f 111//111 112//112 109//109 
f 109//109 112//112 108//108 
f 112//112 112//112 108//108 
f 108//108 112//112 113//113 
f 112//112 112//112 113//113 
f 113//113 112//112 114//114 
f 112//112 111//111 114//114 
f 114//114 111//111 115//115 
f 111//111 110//110 115//115 
f 115//115 110//110 116//116 
f 110//110 70//70 116//116 
f 116//116 70//70 117//117 
f 70//70 71//71 117//117 
f 117//117 71//71 118//118 
f 71//71 72//72 118//118 
f 118//118 72//72 119//119 
f 72//72 73//73 119//119 
f 119//119 73//73 120//120 
f 73//73 73//73 120//120 
f 120//120 73//73 121//121 
f 73//73 74//74 121//121 
f 121//121 74//74 122//122 
f 74//74 75//75 122//122 
f 122//122 75//75 123//123 
f 75//75 75//75 123//123 
f 123//123 75//75 124//124 
f 75//75 76//76 124//124 
f 124//124 76//76 125//125 
f 76//76 77//77 125//125 
f 125//125 77//77 126//126 
f 77//77 77//77 126//126 
f 126//126 77//77 127//127 
f 77//77 78//78 127//127 
f 127//127 78//78 128//128 
f 78//78 79//79 128//128 
f 128//128 79//79 129//129 
f 79//79 80//80 129//129 
f 129//129 80//80 130//130 
f 80//80 82//82 130//130 
f 130//130 82//82 82//82 
f 82//82 12//12 82//82 
f 82//82 12//12 12//12 
f 12//12 69//69 12//12 
f 12//12 69//69 13//13 
f 69//69 13//13 13//13 
f 13//13 13//13 81//81 
f 13//13 81//81 81//81 
f 81//81 81//81 61//61 
f 81//81 62//62 61//61 
f 61//61 62//62 62//62 
f 62//62 70//70 62//62 
f 62//62 70//70 70//70 
f 70//70 110//110 70//70 
f 70//70 110//110 69//69 
f 110//110 69//69 69//69 
f 69//69 69//69 130//130 
f 69//69 130//130 130//130 
f 130//130 130//130 129//129 
f 130//130 131//131 129//129 
f 129//129 131//131 129//129 
f 131//131 132//132 129//129 
f 129//129 132//132 128//128 
f 132//132 133//133 128//128 
f 128//128 133//133 127//127 
f 133//133 134//134 127//127 
f 127//127 134//134 126//126 
f 134//134 126//126 126//126 
f 126//126 126//126 135//135 
f 126//126 135//135 135//135 
f 135//135 135//135 136//136 
f 135//135 134//134 136//136 
f 136//136 134//134 136//136 
f 134//134 133//133 136//136 
f 136//136 133//133 137//137 
f 133//133 132//132 137//137 
f 137//137 132//132 138//138 
f 132//132 131//131 138//138 
f 138//138 131//131 139//139 
f 131//131 130//130 139//139 
f 139//139 130//130 140//140 
f 130//130 82//82 140//140 
f 140//140 82//82 141//141 
f 82//82 83//83 141//141 
f 141//141 83//83 83//83 
f 83//83 138//138 83//83 
f 83//83 138//138 138//138 
f 138//138 139//139 138//138 
f 138//138 139//139 142//142 
f 139//139 143//143 142//142 
f 142//142 143//143 144//144 
f 143//143 145//145 144//144 
f 144//144 145//145 146//146 
f 145//145 147//147 146//146 
f 146//146 147//147 148//148 
f 147//147 148//148 148//148 
f 148//148 148//148 139//139 
f 148//148 139//139 139//139 
f 139//139 139//139 143//143 
f 139//139 140//140 143//143 
f 143//143 140//140 149//149 
f 140//140 141//141 149//149 
f 149//149 141//141 149//149 
f 141//141 150//150 149//149 
f 149//149 150//150 147//147 
f 150//150 151//151 147//147 
f 147//147 151//151 148//148 
f 151//151 151//151 148//148 
f 148//148 151//151 152//152 
f 151//151 153//153 152//152 
f 152//152 153//153 154//154 
f 153//153 154//154 154//154 
f 154//154 154//154 143//143 
f 154//154 143//143 143//143 
f 143//143 143//143 145//145 
f 143//143 149//149 145//145 
f 145//145 149//149 147//147 
f 149//149 147//147 147//147 
f 147//147 147//147 153//153 
f 147//147 153//153 153//153 
f 153//153 153//153 155//155 
f 153//153 151//151 155//155 
f 155//155 151//151 155//155 
f 151//151 150//150 155//155 
f 155//155 150//150 156//156 
f 150//150 141//141 156//156 
f 156//156 141//141 156//156 
f 141//141 83//83 156//156 
f 156//156 83//83 157//157 
f 83//83 84//84 157//157 
f 157//157 84//84 84//84 
f 84//84 157//157 84//84 
f 84//84 157//157 157//157 
f 157//157 158//158 157//157 
f 157//157 158//158 156//156 
f 158//158 158//158 156//156 
f 156//156 158//158 155//155 
f 158//158 159//159 155//155 
f 155//155 159//159 153//153 
f 159//159 160//160 153//153 
f 153//153 160//160 154//154 
f 160//160 160//160 154//154 
f 154//154 160//160 161//161 
f 160//160 162//162 161//161 
f 161//161 162//162 163//163 
f 162//162 162//162 163//163 
f 163//163 162//162 164//164 
f 162//162 165//165 164//164 
f 164//164 165//165 166//166 
f 165//165 167//167 166//166 
f 166//166 167//167 168//168 
f 167//167 169//169 168//168 
f 168//168 169//169 168//168 
f 169//169 170//170 168//168 
f 168//168 170//170 171//171 
f 170//170 170//170 171//171 
f 171//171 170//170 172//172 
f 170//170 173//173 172//172 
f 172//172 173//173 174//174 
f 173//173 175//175 174//174 
f 174//174 175//175 176//176 
f 175//175 177//177 176//176 
f 176//176 177//177 178//178 
f 177//177 179//179 178//178 
f 178//178 179//179 180//180 
f 179//179 181//181 180//180 
f 180//180 181//181 182//182 
f 181//181 183//183 182//182 
f 182//182 183//183 184//184 
f 183//183 185//185 184//184 
f 184//184 185//185 186//186 
f 185//185 187//187 186//186 
f 186//186 187//187 188//188 
f 187//187 189//189 188//188 
f 188//188 189//189 190//190 
f 189//189 191//191 190//190 
f 190//190 191//191 192//192 
f 191//191 193//193 192//192 
f 192//192 193//193 194//194 
f 193//193 195//195 194//194 
f 194//194 195//195 196//196 
f 195//195 197//197 196//196 
f 196//196 197//197 198//198 
f 197//197 199//199 198//198 
f 198//198 199//199 200//200 
f 199//199 201//201 200//200 
f 200//200 201//201 202//202 
f 201//201 203//203 202//202 
f 202//202 203//203 204//204 
f 203//203 205//205 204//204 
f 204//204 205//205 206//206 
f 205//205 207//207 206//206 
f 206//206 207//207 208//208 
f 207//207 209//209 208//208 
f 208//208 209//209 210//210 
f 209//209 211//211 210//210 
f 210//210 211//211 212//212 
f 211//211 213//213 212//212 
f 212//212 213//213 214//214 
f 213//213 215//215 214//214 
f 214//214 215//215 216//216 
f 215//215 217//217 216//216 
f 216//216 217//217 218//218 
f 217//217 219//219 218//218 
f 218//218 219//219 220//220 
f 219//219 221//221 220//220 
f 220//220 221//221 222//222 
f 221//221 223//223 222//222 
f 222//222 223//223 224//224 
f 223//223 225//225 224//224 
f 224//224 225//225 226//226 
f 225//225 227//227 226//226 
f 226//226 227//227 228//228 
f 227//227 229//229 228//228 
f 228//228 229//229 230//230 
f 229//229 231//231 230//230 
f 230//230 231//231 232//232 
f 231//231 233//233 232//232 
f 232//232 233//233 234//234 
f 233//233 235//235 234//234 
f 234//234 235//235 236//236 
f 235//235 237//237 236//236 
f 236//236 237//237 238//238 
f 237//237 239//239 238//238 
f 238//238 239//239 240//240 
f 239//239 241//241 240//240 
f 240//240 241//241 242//242 
f 241//241 243//243 242//242 
f 242//242 243//243 244//244 
f 243//243 245//245 244//244 
f 244//244 245//245 246//246 
f 245//245 247//247 246//246 
f 246//246 247//247 248//248 
f 247//247 249//249 248//248 
f 248//248 249//249 250//250 
f 249//249 251//251 250//250 
f 250//250 251//251 252//252 
f 251//251 253//253 252//252 
f 252//252 253//253 254//254 
f 253//253 255//255 254//254 
f 254//254 255//255 256//256 
f 255//255 257//257 256//256 
f 256//256 257//257 258//258 
f 257//257 259//259 258//258 
f 258//258 259//259 260//260 
f 259//259 261//261 260//260 
f 260//260 261//261 262//262 
f 261//261 263//263 262//262 
f 262//262 263//263 264//264 
f 263//263 265//265 264//264 
f 264//264 265//265 266//266 
f 265//265 267//267 266//266 
f 266//266 267//267 268//268 
f 267//267 269//269 268//268 
f 268//268 269//269 270//270 
f 269//269 271//271 270//270 
f 270//270 271//271 272//272 
f 271//271 273//273 272//272 
f 272//272 273//273 274//274 
f 273//273 275//275 274//274 
f 274//274 275//275 276//276 
f 275//275 277//277 276//276 
f 276//276 277//277 278//278 
f 277//277 279//279 278//278 
f 278//278 279//279 280//280 
f 279//279 281//281 280//280 
f 280//280 281//281 282//282 
f 281//281 283//283 282//282 
f 282//282 283//283 284//284 
f 283//283 285//285 284//284 
f 284//284 285//285 286//286 
f 285//285 287//287 286//286 
f 286//286 287//287 288//288 
f 287//287 289//289 288//288 
f 288//288 289//289 290//290 
f 289//289 291//291 290//290 
f 290//290 291//291 292//292 
f 291//291 293//293 292//292 
f 292//292 293//293 294//294 
f 293//293 295//295 294//294 
f 294//294 295//295 296//296 
f 295//295 297//297 296//296 
f 296//296 297//297 298//298 
f 297//297 299//299 298//298 
f 298//298 299//299 300//300 
f 299//299 301//301 300//300 
f 300//300 301//301 300//300 
f 301//301 302//302 300//300 
f 300//300 302//302 303//303 
f 302//302 302//302 303//303 
f 303//303 302//302 304//304 
f 302//302 305//305 304//304 
f 304//304 305//305 306//306 
f 305//305 307//307 306//306 
f 306//306 307//307 308//308 
f 307//307 309//309 308//308 
f 308//308 309//309 310//310 
f 309//309 311//311 310//310 
f 310//310 311//311 312//312 
f 311//311 313//313 312//312 
f 312//312 313//313 314//314 
f 313//313 315//315 314//314 
f 314//314 315//315 316//316 
f 315//315 317//317 316//316 
f 316//316 317//317 316//316 
f 317//317 318//318 316//316 
f 316//316 318//318 319//319 
f 318//318 320//320 319//319 
f 319//319 320//320 321//321 
f 320//320 322//322 321//321 
f 321//321 322//322 323//323 
f 322//322 322//322 323//323 
f 323//323 322//322 324//324 
f 322//322 325//325 324//324 
f 324//324 325//325 326//326 
f 325//325 327//327 326//326 
f 326//326 327//327 328//328 
f 327//327 329//329 328//328 
f 328//328 329//329 330//330 
f 329//329 331//331 330//330 
f 330//330 331//331 332//332 
f 331//331 333//333 332//332 
f 332//332 333//333 332//332 
f 333//333 334//334 332//332 
f 332//332 334//334 335//335 
f 334//334 336//336 335//335 
f 335//335 336//336 337//337 
f 336//336 338//338 337//337 
f 337//337 338//338 339//339 
f 338//338 340//340 339//339 
f 339//339 340//340 341//341 
f 340//340 342//342 341//341 
f 341//341 342//342 343//343 
f 342//342 342//342 343//343 
f 343//343 342//342 344//344 
f 342//342 345//345 344//344 
f 344//344 345//345 346//346 
f 345//345 347//347 346//346 
f 346//346 347//347 348//348 
f 347//347 349//349 348//348 
f 348//348 349//349 350//350 
f 349//349 351//351 350//350 
f 350//350 351//351 350//350 
f 351//351 352//352 350//350 
f 350//350 352//352 353//353 
f 352//352 354//354 353//353 
f 353//353 354//354 355//355 
f 354//354 356//356 355//355 
f 355//355 356//356 357//357 
f 356//356 358//358 357//357 
f 357//357 358//358 359//359 
f 358//358 358//358 359//359 
f 359//359 358//358 360//360 
f 358//358 361//361 360//360 
f 360//360 361//361 362//362 
f 361//361 363//363 362//362 
f 362//362 363//363 364//364 
f 363//363 365//365 364//364 
f 364//364 365//365 366//366 
f 365//365 367//367 366//366 
f 366//366 367//367 368//368 
f 367//367 369//369 368//368 
f 368//368 369//369 370//370 
f 369//369 371//371 370//370 
f 370//370 371//371 372//372 
f 371//371 373//373 372//372 
f 372//372 373//373 372//372 
f 373//373 374//374 372//372 
f 372//372 374//374 375//375 
f 374//374 376//376 375//375 
f 375//375 376//376 377//377 
f 376//376 376//376 377//377 
f 377//377 376//376 378//378 
f 376//376 379//379 378//378 
f 378//378 379//379 380//380 
f 379//379 381//381 380//380 
f 380//380 381//381 382//382 
f 381//381 383//383 382//382 
f 382//382 383//383 384//384 
f 383//383 385//385 384//384 
f 384//384 385//385 386//386 
f 385//385 387//387 386//386 
f 386//386 387//387 388//388 
f 387//387 389//389 388//388 
f 388//388 389//389 390//390 
f 389//389 391//391 390//390 
f 390//390 391//391 392//392 
f 391//391 393//393 392//392 
f 392//392 393//393 394//394 
f 393//393 395//395 394//394 
f 394//394 395//395 394//394 
f 395//395 396//396 394//394 
f 394//394 396//396 397//397 
f 396//396 398//398 397//397 
f 397//397 398//398 399//399 
f 398//398 400//400 399//399 
f 399//399 400//400 401//401 
f 400//400 402//402 401//401 
f 401//401 402//402 403//403 
f 402//402 402//402 403//403 
f 403//403 402//402 404//404 
f 402//402 405//405 404//404 
f 404//404 405//405 406//406 
f 405//405 407//407 406//406 
f 406//406 407//407 408//408 
f 407//407 409//409 408//408 
f 408//408 409//409 410//410 
f 409//409 411//411 410//410 
f 410//410 411//411 412//412 
f 411//411 413//413 412//412 
f 412//412 413//413 414//414 
f 413//413 415//415 414//414 
f 414//414 415//415 416//416 
f 415//415 417//417 416//416 
f 416//416 417//417 418//418 
f 417//417 419//419 418//418 
f 418//418 419//419 420//420 
f 419//419 421//421 420//420 
f 420//420 421//421 422//422 
f 421//421 423//423 422//422 
f 422//422 423//423 424//424 
f 423//423 425//425 424//424 
f 424//424 425//425 426//426 
f 425//425 427//427 426//426 
f 426//426 427//427 428//428 
f 427//427 429//429 428//428 
f 428//428 429//429 430//430 
f 429//429 431//431 430//430 
f 430//430 431//431 432//432 
f 431//431 433//433 432//432 
f 432//432 433//433 434//434 
f 433//433 435//435 434//434 
f 434//434 435//435 436//436 
f 435//435 437//437 436//436 
f 436//436 437//437 438//438 
f 437//437 439//439 438//438 
f 438//438 439//439 438//438 
f 439//439 440//440 438//438 
f 438//438 440//440 441//441 
f 440//440 442//442 441//441 
f 441//441 442//442 443//443 
f 442//442 444//444 443//443 
f 443//443 444//444 445//445 
f 444//444 446//446 445//445 
f 445//445 446//446 447//447 
f 446//446 448//448 447//447 
f 447//447 448//448 449//449 
f 448//448 450//450 449//449 
f 449//449 450//450 451//451 
f 450//450 452//452 451//451 
f 451//451 452//452 453//453 
f 452//452 454//454 453//453 
f 453//453 454//454 455//455 
f 454//454 456//456 455//455 
f 455//455 456//456 457//457 
f 456//456 458//458 457//457 
f 457//457 458//458 459//459 
f 458//458 460//460 459//459 
f 459//459 460//460 461//461 
f 460//460 462//462 461//461 
f 461//461 462//462 463//463 
f 462//462 464//464 463//463 
f 463//463 464//464 465//465 
f 464//464 466//466 465//465 
f 465//465 466//466 467//467 
f 466//466 468//468 467//467 
f 467//467 468//468 469//469 
f 468//468 470//470 469//469 
f 469//469 470//470 471//471 
f 470//470 472//472 471//471 
f 471//471 472//472 473//473 
f 472//472 474//474 473//473 
f 473//473 474//474 475//475 
f 474//474 474//474 475//475 
f 475//475 474//474 476//476 
f 474//474 477//477 476//476 
f 476//476 477//477 478//478 
f 477//477 479//479 478//478 
f 478//478 479//479 480//480 
f 479//479 481//481 480//480 
f 480//480 481//481 482//482 
f 481//481 483//483 482//482 
f 482//482 483//483 484//484 
f 483//483 485//485 484//484 
f 484//484 485//485 484//484 
f 485//485 486//486 484//484 
f 484//484 486//486 487//487 
f 486//486 488//488 487//487 
f 487//487 488//488 489//489 
f 488//488 490//490 489//489 
f 489//489 490//490 491//491 
f 490//490 492//492 491//491 
f 491//491 492//492 493//493 
f 492//492 494//494 493//493 
f 493//493 494//494 495//495 
f 494//494 496//496 495//495 
f 495//495 496//496 497//497 
f 496//496 498//498 497//497 
f 497//497 498//498 499//499 
f 498//498 500//500 499//499 
f 499//499 500//500 501//501 
f 500//500 502//502 501//501 
f 501//501 502//502 503//503 
f 502//502 504//504 503//503 
f 503//503 504//504 505//505 
f 504//504 506//506 505//505 
f 505//505 506//506 507//507 
f 506//506 508//508 507//507 
f 507//507 508//508 509//509 
f 508//508 510//510 509//509 
f 509//509 510//510 511//511 
f 510//510 512//512 511//511 
f 511//511 512//512 513//513 
f 512//512 514//514 513//513 
f 513//513 514//514 515//515 
f 514//514 516//516 515//515 
f 515//515 516//516 517//517 
f 516//516 516//516 517//517 
f 517//517 516//516 518//518 
f 516//516 519//519 518//518 
f 518//518 519//519 520//520 
f 519//519 521//521 520//520 
f 520//520 521//521 522//522 
f 521//521 523//523 522//522 
f 522//522 523//523 524//524 
f 523//523 525//525 524//524 
f 524//524 525//525 526//526 
f 525//525 527//527 526//526 
f 526//526 527//527 526//526 
f 527//527 528//528 526//526 
f 526//526 528//528 529//529 
f 528//528 530//530 529//529 
f 529//529 530//530 531//531 
f 530//530 532//532 531//531 
f 531//531 532//532 533//533 
f 532//532 534//534 533//533 
f 533//533 534//534 535//535 
f 534//534 536//536 535//535 
f 535//535 536//536 537//537 
f 536//536 538//538 537//537 
f 537//537 538//538 539//539 
f 538//538 540//540 539//539 
f 539//539 540//540 541//541 
f 540//540 542//542 541//541 
f 541//541 542//542 543//543 
f 542//542 544//544 543//543 
f 543//543 544//544 545//545 
f 544//544 546//546 545//545 
f 545//545 546//546 547//547 
f 546//546 548//548 547//547 
f 547//547 548//548 549//549 
f 548//548 550//550 549//549 
f 549//549 550//550 551//551 
f 550//550 552//552 551//551 
f 551//551 552//552 553//553 
f 552//552 554//554 553//553 
f 553//553 554//554 555//555 
f 554//554 556//556 555//555 
f 555//555 556//556 557//557 
f 556//556 558//558 557//557 
f 557//557 558//558 559//559 
f 558//558 560//560 559//559 
f 559//559 560//560 561//561 
f 560//560 562//562 561//561 
f 561//561 562//562 563//563 
f 562//562 564//564 563//563 
f 563//563 564//564 565//565 
f 564//564 566//566 565//565 
f 565//565 566//566 567//567 
f 566//566 568//568 567//567 
f 567//567 568//568 569//569 
f 568//568 570//570 569//569 
f 569//569 570//570 571//571 
f 570//570 572//572 571//571 
f 571//571 572//572 573//573 
f 572//572 574//574 573//573 
f 573//573 574//574 575//575 
f 574//574 576//576 575//575 
f 575//575 576//576 577//577 
f 576//576 578//578 577//577 
f 577//577 578//578 579//579 
f 578//578 580//580 579//579 
f 579//579 580//580 581//581 
f 580//580 580//580 581//581 
f 581//581 580//580 582//582 
f 580//580 583//583 582//582 
f 582//582 583//583 582//582 
f 583//583 584//584 582//582 
f 582//582 584//584 585//585 
f 584//584 586//586 585//585 
f 585//585 586//586 587//587 
f 586//586 588//588 587//587 
f 587//587 588//588 589//589 
f 588//588 590//590 589//589 
f 589//589 590//590 591//591 
f 590//590 592//592 591//591 
f 591//591 592//592 593//593 
f 592//592 594//594 593//593 
f 593//593 594//594 595//595 
f 594//594 596//596 595//595 
f 595//595 596//596 597//597 
f 596//596 598//598 597//597 
f 597//597 598//598 599//599 
f 598//598 600//600 599//599 
f 599//599 600//600 601//601 
f 600//600 602//602 601//601 
f 601//601 602//602 603//603 
f 602//602 604//604 603//603 
f 603//603 604//604 605//605 
f 604//604 606//606 605//605 
f 605//605 606//606 607//607 
f 606//606 608//608 607//607 
f 607//607 608//608 609//609 
f 608//608 610//610 609//609 
f 609//609 610//610 611//611 
f 610//610 612//612 611//611 
f 611//611 612//612 613//613 
f 612//612 614//614 613//613 
f 613//613 614//614 615//615 
f 614//614 616//616 615//615 
f 615//615 616//616 617//617 
f 616//616 618//618 617//617 
f 617//617 618//618 619//619 
f 618//618 620//620 619//619 
f 619//619 620//620 621//621 
f 620//620 622//622 621//621 
f 621//621 622//622 623//623 
f 622//622 624//624 623//623 
f 623//623 624//624 625//625 
f 624//624 626//626 625//625 
f 625//625 626//626 627//627 
f 626//626 628//628 627//627 
f 627//627 628//628 629//629 
f 628//628 630//630 629//629 
f 629//629 630//630 631//631 
f 630//630 632//632 631//631 
f 631//631 632//632 633//633 
f 632//632 634//634 633//633 
f 633//633 634//634 635//635 
f 634//634 636//636 635//635 
f 635//635 636//636 637//637 
f 636//636 638//638 637//637 
f 637//637 638//638 639//639 
f 638//638 640//640 639//639 
f 639//639 640//640 641//641 
f 640//640 642//642 641//641 
f 641//641 642//642 643//643 
f 642//642 644//644 643//643 
f 643//643 644//644 645//645 
f 644//644 646//646 645//645 
f 645//645 646//646 647//647 
f 646//646 646//646 647//647 
f 647//647 646//646 648//648 
f 646//646 649//649 648//648 
f 648//648 649//649 648//648 
f 649//649 650//650 648//648 
f 648//648 650//650 651//651 
f 650//650 652//652 651//651 
f 651//651 652//652 653//653 
f 652//652 654//654 653//653 
f 653//653 654//654 655//655 
f 654//654 655//655 655//655 
f 655//655 655//655 654//654 
f 655//655 654//654 654//654 
f 654//654 654//654 656//656 
f 654//654 652//652 656//656 
f 656//656 652//652 656//656 
f 652//652 650//650 656//656 
f 656//656 650//650 657//657 
f 650//650 650//650 657//657 
f 657//657 650//650 658//658 
f 650//650 649//649 658//658 
f 658//658 649//649 658//658 
f 649//649 646//646 658//658 
f 658//658 646//646 659//659 
f 646//646 646//646 659//659 
f 659//659 646//646 660//660 
f 646//646 644//644 660//660 
f 660//660 644//644 661//661 
f 644//644 642//642 661//661 
f 661//661 642//642 662//662 
f 642//642 640//640 662//662 
f 662//662 640//640 663//663 
f 640//640 638//638 663//663 
f 663//663 638//638 664//664 
f 638//638 636//636 664//664 
f 664//664 636//636 665//665 
f 636//636 634//634 665//665 
f 665//665 634//634 666//666 
f 634//634 632//632 666//666 
f 666//666 632//632 666//666 
f 632//632 630//630 666//666 
f 666//666 630//630 667//667 
f 630//630 628//628 667//667 
f 667//667 628//628 668//668 
f 628//628 626//626 668//668 
f 668//668 626//626 669//669 
f 626//626 624//624 669//669 
f 669//669 624//624 670//670 
f 624//624 622//622 670//670 
f 670//670 622//622 671//671 
f 622//622 620//620 671//671 
f 671//671 620//620 672//672 
f 620//620 618//618 672//672 
f 672//672 618//618 673//673 
f 618//618 616//616 673//673 
f 673//673 616//616 674//674 
f 616//616 614//614 674//674 
f 674//674 614//614 675//675 
f 614//614 612//612 675//675 
f 675//675 612//612 676//676 
f 612//612 610//610 676//676 
f 676//676 610//610 677//677 
f 610//610 608//608 677//677 
f 677//677 608//608 678//678 
f 608//608 606//606 678//678 
f 678//678 606//606 679//679 
f 606//606 604//604 679//679 
f 679//679 604//604 680//680 
f 604//604 602//602 680//680 
f 680//680 602//602 681//681 
f 602//602 600//600 681//681 
f 681//681 600//600 682//682 
f 600//600 598//598 682//682 
f 682//682 598//598 683//683 
f 598//598 596//596 683//683 
f 683//683 596//596 684//684 
f 596//596 594//594 684//684 
f 684//684 594//594 685//685 
f 594//594 592//592 685//685 
f 685//685 592//592 686//686 
f 592//592 590//590 686//686 
f 686//686 590//590 687//687 
f 590//590 588//588 687//687 
f 687//687 588//588 688//688 
f 588//588 586//586 688//688 
f 688//688 586//586 689//689 
f 586//586 584//584 689//689 
f 689//689 584//584 690//690 
f 584//584 583//583 690//690 
f 690//690 583//583 691//691 
f 583//583 580//580 691//691 
f 691//691 580//580 692//692 
f 580//580 578//578 692//692 
f 692//692 578//578 693//693 
f 578//578 576//576 693//693 
f 693//693 576//576 694//694 
f 576//576 574//574 694//694 
f 694//694 574//574 695//695 
f 574//574 572//572 695//695 
f 695//695 572//572 696//696 
f 572//572 570//570 696//696 
f 696//696 570//570 697//697 
f 570//570 568//568 697//697 
f 697//697 568//568 698//698 
f 568//568 566//566 698//698 
f 698//698 566//566 699//699 
f 566//566 564//564 699//699 
f 699//699 564//564 700//700 
f 564//564 562//562 700//700 
f 700//700 562//562 701//701 
f 562//562 560//560 701//701 
f 701//701 560//560 702//702 
f 560//560 560//560 702//702 
f 702//702 560//560 703//703 
f 560//560 558//558 703//703 
f 703//703 558//558 704//704 
f 558//558 556//556 704//704 
f 704//704 556//556 705//705 
f 556//556 554//554 705//705 
f 705//705 554//554 706//706 
f 554//554 552//552 706//706 
f 706//706 552//552 707//707 
f 552//552 550//550 707//707 
f 707//707 550//550 708//708 
f 550//550 548//548 708//708 
f 708//708 548//548 708//708 
f 548//548 546//546 708//708 
f 708//708 546//546 709//709 
f 546//546 544//544 709//709 
f 709//709 544//544 710//710 
f 544//544 544//544 710//710 
f 710//710 544//544 711//711 
f 544//544 542//542 711//711 
f 711//711 542//542 712//712 
f 542//542 540//540 712//712 
f 712//712 540//540 713//713 
f 540//540 538//538 713//713 
f 713//713 538//538 714//714 
f 538//538 536//536 714//714 
f 714//714 536//536 715//715 
f 536//536 534//534 715//715 
f 715//715 534//534 716//716 
f 534//534 532//532 716//716 
f 716//716 532//532 717//717 
f 532//532 530//530 717//717 
f 717//717 530//530 718//718 
f 530//530 528//528 718//718 
f 718//718 528//528 719//719 
f 528//528 527//527 719//719 
f 719//719 527//527 720//720 
f 527//527 525//525 720//720 
f 720//720 525//525 721//721 
f 525//525 523//523 721//721 
f 721//721 523//523 722//722 
f 523//523 521//521 722//722 
f 722//722 521//521 723//723 
f 521//521 519//519 723//723 
f 723//723 519//519 724//724 
f 519//519 516//516 724//724 
f 724//724 516//516 725//725 
f 516//516 514//514 725//725 
f 725//725 514//514 726//726 
f 514//514 512//512 726//726 
f 726//726 512//512 727//727 
f 512//512 510//510 727//727 
f 727//727 510//510 728//728 
f 510//510 508//508 728//728 
f 728//728 508//508 729//729 
f 508//508 506//506 729//729 
f 729//729 506//506 729//729 
f 506//506 504//504 729//729 
f 729//729 504//504 730//730 
f 504//504 502//502 730//730 
f 730//730 502//502 731//731 
f 502//502 500//500 731//731 
f 731//731 500//500 732//732 
f 500//500 498//498 732//732 
f 732//732 498//498 733//733 
f 498//498 496//496 733//733 
f 733//733 496//496 734//734 
f 496//496 494//494 734//734 
f 734//734 494//494 735//735 
f 494//494 492//492 735//735 
f 735//735 492//492 736//736 
f 492//492 490//490 736//736 
f 736//736 490//490 737//737 
f 490//490 488//488 737//737 
f 737//737 488//488 738//738 
f 488//488 486//486 738//738 
f 738//738 486//486 739//739 
f 486//486 485//485 739//739 
f 739//739 485//485 740//740 
f 485//485 485//485 740//740 
f 740//740 485//485 741//741 
f 485//485 483//483 741//741 
f 741//741 483//483 742//742 
f 483//483 481//481 742//742 
f 742//742 481//481 743//743 
f 481//481 479//479 743//743 
f 743//743 479//479 744//744 
f 479//479 477//477 744//744 
f 744//744 477//477 745//745 
f 477//477 474//474 745//745 
f 745//745 474//474 746//746 
f 474//474 472//472 746//746 
f 746//746 472//472 746//746 
f 472//472 470//470 746//746 
f 746//746 470//470 747//747 
f 470//470 468//468 747//747 
f 747//747 468//468 748//748 
f 468//468 466//466 748//748 
f 748//748 466//466 749//749 
f 466//466 464//464 749//749 
f 749//749 464//464 750//750 
f 464//464 462//462 750//750 
f 750//750 462//462 751//751 
f 462//462 460//460 751//751 
f 751//751 460//460 752//752 
f 460//460 458//458 752//752 
f 752//752 458//458 753//753 
f 458//458 456//456 753//753 
f 753//753 456//456 754//754 
f 456//456 454//454 754//754 
f 754//754 454//454 755//755 
f 454//454 452//452 755//755 
f 755//755 452//452 756//756 
f 452//452 452//452 756//756 
f 756//756 452//452 757//757 
f 452//452 450//450 757//757 
f 757//757 450//450 758//758 
f 450//450 448//448 758//758 
f 758//758 448//448 759//759 
f 448//448 446//446 759//759 
f 759//759 446//446 760//760 
f 446//446 444//444 760//760 
f 760//760 444//444 761//761 
f 444//444 442//442 761//761 
f 761//761 442//442 762//762 
f 442//442 440//440 762//762 
f 762//762 440//440 763//763 
f 440//440 439//439 763//763 
f 763//763 439//439 764//764 
f 439//439 437//437 764//764 
f 764//764 437//437 765//765 
f 437//437 435//435 765//765 
f 765//765 435//435 766//766 
f 435//435 433//433 766//766 
f 766//766 433//433 766//766 
f 433//433 431//431 766//766 
f 766//766 431//431 767//767 
f 431//431 429//429 767//767 
f 767//767 429//429 768//768 
f 429//429 427//427 768//768 
f 768//768 427//427 769//769 
f 427//427 425//425 769//769 
f 769//769 425//425 770//770 
f 425//425 423//423 770//770 
f 770//770 423//423 771//771 
f 423//423 421//421 771//771 
f 771//771 421//421 772//772 
f 421//421 419//419 772//772 
f 772//772 419//419 773//773 
f 419//419 417//417 773//773 
f 773//773 417//417 774//774 
f 417//417 415//415 774//774 
f 774//774 415//415 775//775 
f 415//415 413//413 775//775 
f 775//775 413//413 776//776 
f 413//413 411//411 776//776 
f 776//776 411//411 777//777 
f 411//411 409//409 777//777 
f 777//777 409//409 778//778 
f 409//409 407//407 778//778 
f 778//778 407//407 779//779 
f 407//407 405//405 779//779 
f 779//779 405//405 780//780 
f 405//405 402//402 780//780 
f 780//780 402//402 781//781 
f 402//402 400//400 781//781 
f 781//781 400//400 782//782 
f 400//400 398//398 782//782 
f 782//782 398//398 783//783 
f 398//398 396//396 783//783 
f 783//783 396//396 784//784 
f 396//396 395//395 784//784 
f 784//784 395//395 785//785 
f 395//395 393//393 785//785 
f 785//785 393//393 786//786 
f 393//393 391//391 786//786 
f 786//786 391//391 787//787 
f 391//391 389//389 787//787 
f 787//787 389//389 788//788 
f 389//389 387//387 788//788 
f 788//788 387//387 789//789 
f 387//387 385//385 789//789 
f 789//789 385//385 790//790 
f 385//385 383//383 790//790 
f 790//790 383//383 791//791 
f 383//383 381//381 791//791 
f 791//791 381//381 792//792 
f 381//381 379//379 792//792 
f 792//792 379//379 793//793 
f 379//379 376//376 793//793 
f 793//793 376//376 794//794 
f 376//376 374//374 794//794 
f 794//794 374//374 795//795 
f 374//374 373//373 795//795 
f 795//795 373//373 796//796 
f 373//373 371//371 796//796 
f 796//796 371//371 797//797 
f 371//371 369//369 797//797 
f 797//797 369//369 798//798 
f 369//369 367//367 798//798 
f 798//798 367//367 799//799 
f 367//367 365//365 799//799 
f 799//799 365//365 800//800 
f 365//365 363//363 800//800 
f 800//800 363//363 801//801 
f 363//363 361//361 801//801 
f 801//801 361//361 802//802 
f 361//361 358//358 802//802 
f 802//802 358//358 803//803 
f 358//358 356//356 803//803 
f 803//803 356//356 804//804 
f 356//356 354//354 804//804 
f 804//804 354//354 805//805 
f 354//354 352//352 805//805 
f 805//805 352//352 806//806 
f 352//352 351//351 806//806 
f 806//806 351//351 807//807 
f 351//351 349//349 807//807 
f 807//807 349//349 808//808 
f 349//349 347//347 808//808 
f 808//808 347//347 809//809 
f 347//347 345//345 809//809 
f 809//809 345//345 810//810 
f 345//345 342//342 810//810 
f 810//810 342//342 811//811 
f 342//342 340//340 811//811 
f 811//811 340//340 812//812 
f 340//340 338//338 812//812 
f 812//812 338//338 813//813 
f 338//338 336//336 813//813 
f 813//813 336//336 814//814 
f 336//336 334//334 814//814 
f 814//814 334//334 815//815 
f 334//334 333//333 815//815 
f 815//815 333//333 816//816 
f 333//333 331//331 816//816 
f 816//816 331//331 817//817 
f 331//331 329//329 817//817 
f 817//817 329//329 818//818 
f 329//329 327//327 818//818 
f 818//818 327//327 819//819 
f 327//327 325//325 819//819 
f 819//819 325//325 820//820 
f 325//325 322//322 820//820 
f 820//820 322//322 821//821 
f 322//322 320//320 821//821 
f 821//821 320//320 822//822 
f 320//320 318//318 822//822 
f 822//822 318//318 823//823 
f 318//318 317//317 823//823 
f 823//823 317//317 824//824 
f 317//317 315//315 824//824 
f 824//824 315//315 825//825 
f 315//315 313//313 825//825 
f 825//825 313//313 826//826 
f 313//313 311//311 826//826 
f 826//826 311//311 827//827 
f 311//311 309//309 827//827 
f 827//827 309//309 828//828 
f 309//309 307//307 828//828 
f 828//828 307//307 829//829 
f 307//307 305//305 829//829 
f 829//829 305//305 830//830 
f 305//305 302//302 830//830 
f 830//830 302//302 831//831 
f 302//302 301//301 831//831 
f 831//831 301//301 832//832 
f 301//301 299//299 832//832 
f 832//832 299//299 833//833 
f 299//299 297//297 833//833 
f 833//833 297//297 834//834 
f 297//297 295//295 834//834 
f 834//834 295//295 835//835 
f 295//295 293//293 835//835 
f 835//835 293//293 836//836 
f 293//293 291//291 836//836 
f 836//836 291//291 837//837 
f 291//291 291//291 837//837 
f 837//837 291//291 838//838 
f 291//291 289//289 838//838 
f 838//838 289//289 839//839 
f 289//289 287//287 839//839 
f 839//839 287//287 840//840 
f 287//287 285//285 840//840 
f 840//840 285//285 841//841 
f 285//285 283//283 841//841 
f 841//841 283//283 842//842 
f 283//283 281//281 842//842 
f 842//842 281//281 842//842 
f 281//281 279//279 842//842 
f 842//842 279//279 843//843 
f 279//279 277//277 843//843 
f 843//843 277//277 844//844 
f 277//277 277//277 844//844 
f 844//844 277//277 845//845 
f 277//277 275//275 845//845 
f 845//845 275//275 846//846 
f 275//275 273//273 846//846 
f 846//846 273//273 847//847 
f 273//273 271//271 847//847 
f 847//847 271//271 848//848 
f 271//271 269//269 848//848 
f 848//848 269//269 849//849 
f 269//269 267//267 849//849 
f 849//849 267//267 850//850 
f 267//267 265//265 850//850 
f 850//850 265//265 851//851 
f 265//265 263//263 851//851 
f 851//851 263//263 852//852 
f 263//263 261//261 852//852 
f 852//852 261//261 853//853 
f 261//261 259//259 853//853 
f 853//853 259//259 854//854 
f 259//259 257//257 854//854 
f 854//854 257//257 855//855 
f 257//257 255//255 855//855 
f 855//855 255//255 856//856 
f 255//255 253//253 856//856 
f 856//856 253//253 857//857 
f 253//253 251//251 857//857 
f 857//857 251//251 858//858 
f 251//251 249//249 858//858 
f 858//858 249//249 859//859 
f 249//249 247//247 859//859 
f 859//859 247//247 860//860 
f 247//247 245//245 860//860 
f 860//860 245//245 861//861 
f 245//245 243//243 861//861 
f 861//861 243//243 862//862 
f 243//243 241//241 862//862 
f 862//862 241//241 863//863 
f 241//241 239//239 863//863 
f 863//863 239//239 864//864 
f 239//239 237//237 864//864 
f 864//864 237//237 865//865 
f 237//237 235//235 865//865 
f 865//865 235//235 866//866 
f 235//235 233//233 866//866 
f 866//866 233//233 867//867 
f 233//233 231//231 867//867 
f 867//867 231//231 868//868 
f 231//231 229//229 868//868 
f 868//868 229//229 869//869 
f 229//229 227//227 869//869 
f 869//869 227//227 870//870 
f 227//227 225//225 870//870 
f 870//870 225//225 871//871 
f 225//225 223//223 871//871 
f 871//871 223//223 872//872 
f 223//223 221//221 872//872 
f 872//872 221//221 873//873 
f 221//221 219//219 873//873 
f 873//873 219//219 874//874 
f 219//219 217//217 874//874 
f 874//874 217//217 875//875 
f 217//217 215//215 875//875 
f 875//875 215//215 876//876 
f 215//215 213//213 876//876 
f 876//876 213//213 877//877 
f 213//213 211//211 877//877 
f 877//877 211//211 878//878 
f 211//211 209//209 878//878 
f 878//878 209//209 879//879 
f 209//209 207//207 879//879 
f 879//879 207//207 880//880 
f 207//207 205//205 880//880 
f 880//880 205//205 880//880 
f 205//205 203//203 880//880 
f 880//880 203//203 881//881 
f 203//203 203//203 881//881 
f 881//881 203//203 882//882 
f 203//203 201//201 882//882 
f 882//882 201//201 883//883 
f 201//201 199//199 883//883 
f 883//883 199//199 884//884 
f 199//199 197//197 884//884 
f 884//884 197//197 885//885 
f 197//197 195//195 885//885 
f 885//885 195//195 886//886 
f 195//195 193//193 886//886 
f 886//886 193//193 887//887 
f 193//193 191//191 887//887 
f 887//887 191//191 888//888 
f 191//191 189//189 888//888 
f 888//888 189//189 889//889 
f 189//189 187//187 889//889 
f 889//889 187//187 890//890 
f 187//187 185//185 890//890 
f 890//890 185//185 891//891 
f 185//185 183//183 891//891 
f 891//891 183//183 892//892 
f 183//183 181//181 892//892 
f 892//892 181//181 893//893 
f 181//181 179//179 893//893 
f 893//893 179//179 894//894 
f 179//179 177//177 894//894 
f 894//894 177//177 895//895 
f 177//177 175//175 895//895 
f 895//895 175//175 896//896 
f 175//175 173//173 896//896 
f 896//896 173//173 897//897 
f 173//173 170//170 897//897 
f 897//897 170//170 898//898 
f 170//170 169//169 898//898 
f 898//898 169//169 899//899 
f 169//169 167//167 899//899 
f 899//899 167//167 900//900 
f 167//167 165//165 900//900 
f 900//900 165//165 901//901 
f 165//165 162//162 901//901 
f 901//901 162//162 902//902 
f 162//162 160//160 902//902 
f 902//902 160//160 902//902 
f 160//160 159//159 902//902 
f 902//902 159//159 903//903 
f 159//159 158//158 903//903 
f 903//903 158//158 158//158 
f 158//158 903//903 158//158 
f 158//158 903//903 903//903 
f 903//903 904//904 903//903 
f 903//903 904//904 902//902 
f 904//904 904//904 902//902 
f 902//902 904//904 901//901 
f 904//904 905//905 901//901 
f 901//901 905//905 900//900 
f 905//905 906//906 900//900 
f 900//900 906//906 899//899 
f 906//906 907//907 899//899 
f 899//899 907//907 898//898 
f 907//907 908//908 898//898 
f 898//898 908//908 897//897 
f 908//908 909//909 897//897 
f 897//897 909//909 896//896 
f 909//909 910//910 896//896 
f 896//896 910//910 895//895 
f 910//910 911//911 895//895 
f 895//895 911//911 894//894 
f 911//911 912//912 894//894 
f 894//894 912//912 893//893 
f 912//912 913//913 893//893 
f 893//893 913//913 892//892 
f 913//913 914//914 892//892 
f 892//892 914//914 891//891 
f 914//914 915//915 891//891 
f 891//891 915//915 890//890 
f 915//915 916//916 890//890 
f 890//890 916//916 889//889 
f 916//916 917//917 889//889 
f 889//889 917//917 888//888 
f 917//917 918//918 888//888 
f 888//888 918//918 887//887 
f 918//918 919//919 887//887 
f 887//887 919//919 886//886 
f 919//919 920//920 886//886 
f 886//886 920//920 885//885 
f 920//920 921//921 885//885 
f 885//885 921//921 884//884 
f 921//921 922//922 884//884 
f 884//884 922//922 883//883 
f 922//922 923//923 883//883 
f 883//883 923//923 882//882 
f 923//923 924//924 882//882 
f 882//882 924//924 881//881 
f 924//924 925//925 881//881 
f 881//881 925//925 880//880 
f 925//925 926//926 880//880 
f 880//880 926//926 879//879 
f 926//926 927//927 879//879 
f 879//879 927//927 878//878 
f 927//927 928//928 878//878 
f 878//878 928//928 877//877 
f 928//928 929//929 877//877 
f 877//877 929//929 876//876 
f 929//929 930//930 876//876 
f 876//876 930//930 875//875 
f 930//930 931//931 875//875 
f 875//875 931//931 874//874 
f 931//931 932//932 874//874 
f 874//874 932//932 873//873 
f 932//932 933//933 873//873 
f 873//873 933//933 872//872 
f 933//933 934//934 872//872 
f 872//872 934//934 871//871 
f 934//934 935//935 871//871 
f 871//871 935//935 870//870 
f 935//935 936//936 870//870 
f 870//870 936//936 869//869 
f 936//936 937//937 869//869 
f 869//869 937//937 868//868 
f 937//937 938//938 868//868 
f 868//868 938//938 867//867 
f 938//938 939//939 867//867 
f 867//867 939//939 866//866 
f 939//939 940//940 866//866 
f 866//866 940//940 865//865 
f 940//940 941//941 865//865 
f 865//865 941//941 864//864 
f 941//941 942//942 864//864 
f 864//864 942//942 863//863 
f 942//942 943//943 863//863 
f 863//863 943//943 862//862 
f 943//943 944//944 862//862 
f 862//862 944//944 861//861 
f 944//944 945//945 861//861 
f 861//861 945//945 860//860 
f 945//945 946//946 860//860 
f 860//860 946//946 859//859 
f 946//946 947//947 859//859 
f 859//859 947//947 858//858 
f 947//947 948//948 858//858 
f 858//858 948//948 857//857 
f 948//948 949//949 857//857 
f 857//857 949//949 856//856 
f 949//949 950//950 856//856 
f 856//856 950//950 855//855 
f 950//950 951//951 855//855 
f 855//855 951//951 854//854 
f 951//951 952//952 854//854 
f 854//854 952//952 853//853 
f 952//952 953//953 853//853 
f 853//853 953//953 852//852 
f 953//953 954//954 852//852 
f 852//852 954//954 851//851 
f 954//954 955//955 851//851 
f 851//851 955//955 850//850 
f 955//955 956//956 850//850 
f 850//850 956//956 849//849 
f 956//956 957//957 849//849 
f 849//849 957//957 848//848 
f 957//957 958//958 848//848 
f 848//848 958//958 847//847 
f 958//958 959//959 847//847 
f 847//847 959//959 846//846 
f 959//959 960//960 846//846 
f 846//846 960//960 845//845 
f 960//960 961//961 845//845 
f 845//845 961//961 844//844 
f 961//961 962//962 844//844 
f 844//844 962//962 843//843 
f 962//962 963//963 843//843 
f 843//843 963//963 842//842 
f 963//963 964//964 842//842 
f 842//842 964//964 841//841 
f 964//964 965//965 841//841 
f 841//841 965//965 840//840 
f 965//965 966//966 840//840 
f 840//840 966//966 839//839 
f 966//966 967//967 839//839 
f 839//839 967//967 838//838 
f 967//967 968//968 838//838 
f 838//838 968//968 837//837 
f 968//968 969//969 837//837 
f 837//837 969//969 837//837 
f 969//969 970//970 837//837 
f 837//837 970//970 836//836 
f 970//970 971//971 836//836 
f 836//836 971//971 835//835 
f 971//971 972//972 835//835 
f 835//835 972//972 834//834 
f 972//972 973//973 834//834 
f 834//834 973//973 833//833 
f 973//973 974//974 833//833 
f 833//833 974//974 832//832 
f 974//974 975//975 832//832 
f 832//832 975//975 831//831 
f 975//975 976//976 831//831 
f 831//831 976//976 830//830 
f 976//976 977//977 830//830 
f 830//830 977//977 829//829 
f 977//977 978//978 829//829 
f 829//829 978//978 828//828 
f 978//978 979//979 828//828 
f 828//828 979//979 827//827 
f 979//979 980//980 827//827 
f 827//827 980//980 826//826 
f 980//980 981//981 826//826 
f 826//826 981//981 825//825 
f 981//981 982//982 825//825 
f 825//825 982//982 824//824 
f 982//982 983//983 824//824 
f 824//824 983//983 823//823 
f 983//983 984//984 823//823 
f 823//823 984//984 822//822 
f 984//984 985//985 822//822 
f 822//822 985//985 821//821 
f 985//985 986//986 821//821 
f 821//821 986//986 820//820 
f 986//986 987//987 820//820 
f 820//820 987//987 819//819 
f 987//987 988//988 819//819 
f 819//819 988//988 818//818 
f 988//988 989//989 818//818 
f 818//818 989//989 817//817 
f 989//989 990//990 817//817 
f 817//817 990//990 816//816 
f 990//990 991//991 816//816 
f 816//816 991//991 815//815 
f 991//991 992//992 815//815 
f 815//815 992//992 814//814 
f 992//992 993//993 814//814 
f 814//814 993//993 813//813 
f 993//993 994//994 813//813 
f 813//813 994//994 812//812 
f 994//994 995//995 812//812 
f 812//812 995//995 811//811 
f 995//995 996//996 811//811 
f 811//811 996//996 810//810 
f 996//996 997//997 810//810 
f 810//810 997//997 809//809 
f 997//997 998//998 809//809 
f 809//809 998//998 808//808 
f 998//998 999//999 808//808 
f 808//808 999//999 807//807 
f 999//999 1000//1000 807//807 
f 807//807 1000//1000 806//806 
f 1000//1000 1001//1001 806//806 
f 806//806 1001//1001 805//805 
f 1001//1001 1002//1002 805//805 
f 805//805 1002//1002 804//804 
f 1002//1002 1003//1003 804//804 
f 804//804 1003//1003 803//803 
f 1003//1003 1004//1004 803//803 
f 803//803 1004//1004 802//802 
f 1004//1004 1005//1005 802//802 
f 802//802 1005//1005 801//801 
f 1005//1005 1006//1006 801//801 
f 801//801 1006//1006 800//800 
f 1006//1006 1007//1007 800//800 
f 800//800 1007//1007 799//799 
f 1007//1007 1008//1008 799//799 
f 799//799 1008//1008 798//798 
f 1008//1008 1009//1009 798//798 
f 798//798 1009//1009 797//797 
f 1009//1009 1010//1010 797//797 
f 797//797 1010//1010 796//796 
f 1010//1010 1011//1011 796//796 
f 796//796 1011//1011 795//795 
f 1011//1011 1012//1012 795//795 
f 795//795 1012//1012 794//794 
f 1012//1012 1013//1013 794//794 
f 794//794 1013//1013 793//793 
f 1013//1013 1014//1014 793//793 
f 793//793 1014//1014 792//792 
f 1014//1014 1015//1015 792//792 
f 792//792 1015//1015 791//791 
f 1015//1015 1016//1016 791//791 
f 791//791 1016//1016 790//790 
f 1016//1016 1017//1017 790//790 
f 790//790 1017//1017 789//789 
f 1017//1017 1018//1018 789//789 
f 789//789 1018//1018 788//788 
f 1018//1018 1019//1019 788//788 
f 788//788 1019//1019 787//787 
f 1019//1019 1020//1020 787//787 
f 787//787 1020//1020 786//786 
f 1020//1020 1021//1021 786//786 
f 786//786 1021//1021 785//785 
f 1021//1021 1022//1022 785//785 
f 785//785 1022//1022 784//784 
f 1022//1022 1023//1023 784//784 
f 784//784 1023//1023 783//783 
f 1023//1023 1024//1024 783//783 
f 783//783 1024//1024 782//782 
f 1024//1024 1025//1025 782//782 
f 782//782 1025//1025 781//781 
f 1025//1025 1026//1026 781//781 
f 781//781 1026//1026 780//780 
f 1026//1026 1027//1027 780//780 
f 780//780 1027//1027 779//779 
f 1027//1027 1028//1028 779//779 
f 779//779 1028//1028 778//778 
f 1028//1028 1029//1029 778//778 
f 778//778 1029//1029 777//777 
f 1029//1029 1030//1030 777//777 
f 777//777 1030//1030 776//776 
f 1030//1030 1031//1031 776//776 
f 776//776 1031//1031 775//775 
f 1031//1031 1032//1032 775//775 
f 775//775 1032//1032 774//774 
f 1032//1032 1033//1033 774//774 
f 774//774 1033//1033 773//773 
f 1033//1033 1034//1034 773//773 
f 773//773 1034//1034 772//772 
f 1034//1034 1035//1035 772//772 
f 772//772 1035//1035 771//771 
f 1035//1035 1036//1036 771//771 
f 771//771 1036//1036 770//770 
f 1036//1036 1037//1037 770//770 
f 770//770 1037//1037 769//769 
f 1037//1037 1038//1038 769//769 
f 769//769 1038//1038 768//768 
f 1038//1038 1039//1039 768//768 
f 768//768 1039//1039 767//767 
f 1039//1039 1040//1040 767//767 
f 767//767 1040//1040 766//766 
f 1040//1040 1040//1040 766//766 
f 766//766 1040//1040 765//765 
f 1040//1040 1041//1041 765//765 
f 765//765 1041//1041 764//764 
f 1041//1041 1042//1042 764//764 
f 764//764 1042//1042 763//763 
f 1042//1042 1043//1043 763//763 
f 763//763 1043//1043 762//762 
f 1043//1043 1044//1044 762//762 
f 762//762 1044//1044 761//761 
f 1044//1044 1045//1045 761//761 
f 761//761 1045//1045 760//760 
f 1045//1045 1046//1046 760//760 
f 760//760 1046//1046 759//759 
f 1046//1046 1047//1047 759//759 
f 759//759 1047//1047 758//758 
f 1047//1047 1048//1048 758//758 
f 758//758 1048//1048 757//757 
f 1048//1048 1049//1049 757//757 
f 757//757 1049//1049 756//756 
f 1049//1049 1050//1050 756//756 
f 756//756 1050//1050 755//755 
f 1050//1050 1051//1051 755//755 
f 755//755 1051//1051 755//755 
f 1051//1051 1052//1052 755//755 
f 755//755 1052//1052 754//754 
f 1052//1052 1053//1053 754//754 
f 754//754 1053//1053 753//753 
f 1053//1053 1054//1054 753//753 
f 753//753 1054//1054 752//752 
f 1054//1054 1055//1055 752//752 
f 752//752 1055//1055 751//751 
f 1055//1055 1055//1055 751//751 
f 751//751 1055//1055 750//750 
f 1055//1055 1056//1056 750//750 
f 750//750 1056//1056 750//750 
f 1056//1056 1057//1057 750//750 
f 750//750 1057//1057 749//749 
f 1057//1057 1058//1058 749//749 
f 749//749 1058//1058 748//748 
f 1058//1058 1059//1059 748//748 
f 748//748 1059//1059 747//747 
f 1059//1059 1059//1059 747//747 
f 747//747 1059//1059 746//746 
f 1059//1059 1060//1060 746//746 
f 746//746 1060//1060 745//745 
f 1060//1060 1061//1061 745//745 
f 745//745 1061//1061 744//744 
f 1061//1061 1062//1062 744//744 
f 744//744 1062//1062 743//743 
f 1062//1062 1063//1063 743//743 
f 743//743 1063//1063 742//742 
f 1063//1063 1064//1064 742//742 
f 742//742 1064//1064 741//741 
f 1064//1064 1065//1065 741//741 
f 741//741 1065//1065 740//740 
f 1065//1065 1066//1066 740//740 
f 740//740 1066//1066 740//740 
f 1066//1066 1067//1067 740//740 
f 740//740 1067//1067 739//739 
f 1067//1067 1068//1068 739//739 
f 739//739 1068//1068 738//738 
f 1068//1068 1069//1069 738//738 
f 738//738 1069//1069 737//737 
f 1069//1069 1070//1070 737//737 
f 737//737 1070//1070 736//736 
f 1070//1070 1071//1071 736//736 
f 736//736 1071//1071 735//735 
f 1071//1071 1072//1072 735//735 
f 735//735 1072//1072 734//734 
f 1072//1072 1073//1073 734//734 
f 734//734 1073//1073 733//733 
f 1073//1073 1074//1074 733//733 
f 733//733 1074//1074 732//732 
f 1074//1074 1075//1075 732//732 
f 732//732 1075//1075 731//731 
f 1075//1075 1076//1076 731//731 
f 731//731 1076//1076 730//730 
f 1076//1076 1076//1076 730//730 
f 730//730 1076//1076 729//729 
f 1076//1076 1077//1077 729//729 
f 729//729 1077//1077 728//728 
f 1077//1077 1078//1078 728//728 
f 728//728 1078//1078 727//727 
f 1078//1078 1079//1079 727//727 
f 727//727 1079//1079 726//726 
f 1079//1079 1080//1080 726//726 
f 726//726 1080//1080 725//725 
f 1080//1080 1081//1081 725//725 
f 725//725 1081//1081 724//724 
f 1081//1081 1082//1082 724//724 
f 724//724 1082//1082 723//723 
f 1082//1082 1083//1083 723//723 
f 723//723 1083//1083 722//722 
f 1083//1083 1084//1084 722//722 
f 722//722 1084//1084 721//721 
f 1084//1084 1085//1085 721//721 
f 721//721 1085//1085 720//720 
f 1085//1085 1086//1086 720//720 
f 720//720 1086//1086 719//719 
f 1086//1086 1087//1087 719//719 
f 719//719 1087//1087 718//718 
f 1087//1087 1088//1088 718//718 
f 718//718 1088//1088 717//717 
f 1088//1088 1089//1089 717//717 
f 717//717 1089//1089 716//716 
f 1089//1089 1090//1090 716//716 
f 716//716 1090//1090 715//715 
f 1090//1090 1091//1091 715//715 
f 715//715 1091//1091 714//714 
f 1091//1091 1092//1092 714//714 
f 714//714 1092//1092 713//713 
f 1092//1092 1093//1093 713//713 
f 713//713 1093//1093 712//712 
f 1093//1093 1094//1094 712//712 
f 712//712 1094//1094 711//711 
f 1094//1094 1095//1095 711//711 
f 711//711 1095//1095 710//710 
f 1095//1095 1096//1096 710//710 
f 710//710 1096//1096 709//709 
f 1096//1096 1097//1097 709//709 
f 709//709 1097//1097 708//708 
f 1097//1097 1098//1098 708//708 
f 708//708 1098//1098 707//707 
f 1098//1098 1099//1099 707//707 
f 707//707 1099//1099 706//706 
f 1099//1099 1100//1100 706//706 
f 706//706 1100//1100 705//705 
f 1100//1100 1101//1101 705//705 
f 705//705 1101//1101 704//704 
f 1101//1101 1102//1102 704//704 
f 704//704 1102//1102 703//703 
f 1102//1102 1103//1103 703//703 
f 703//703 1103//1103 702//702 
f 1103//1103 1104//1104 702//702 
f 702//702 1104//1104 701//701 
f 1104//1104 1105//1105 701//701 
f 701//701 1105//1105 700//700 
f 1105//1105 1106//1106 700//700 
f 700//700 1106//1106 699//699 
f 1106//1106 1107//1107 699//699 
f 699//699 1107//1107 698//698 
f 1107//1107 1108//1108 698//698 
f 698//698 1108//1108 697//697 
f 1108//1108 1109//1109 697//697 
f 697//697 1109//1109 696//696 
f 1109//1109 1110//1110 696//696 
f 696//696 1110//1110 695//695 
f 1110//1110 1111//1111 695//695 
f 695//695 1111//1111 695//695 
f 1111//1111 1112//1112 695//695 
f 695//695 1112//1112 694//694 
f 1112//1112 1113//1113 694//694 
f 694//694 1113//1113 693//693 
f 1113//1113 1114//1114 693//693 
f 693//693 1114//1114 692//692 
f 1114//1114 1115//1115 692//692 
f 692//692 1115//1115 691//691 
f 1115//1115 1116//1116 691//691 
f 691//691 1116//1116 690//690 
f 1116//1116 1117//1117 690//690 
f 690//690 1117//1117 689//689 
f 1117//1117 1118//1118 689//689 
f 689//689 1118//1118 688//688 
f 1118//1118 1119//1119 688//688 
f 688//688 1119//1119 687//687 
f 1119//1119 1120//1120 687//687 
f 687//687 1120//1120 686//686 
f 1120//1120 1121//1121 686//686 
f 686//686 1121//1121 685//685 
f 1121//1121 1122//1122 685//685 
f 685//685 1122//1122 684//684 
f 1122//1122 1123//1123 684//684 
f 684//684 1123//1123 683//683 
f 1123//1123 1124//1124 683//683 
f 683//683 1124//1124 682//682 
f 1124//1124 1125//1125 682//682 
f 682//682 1125//1125 681//681 
f 1125//1125 1126//1126 681//681 
f 681//681 1126//1126 680//680 
f 1126//1126 1127//1127 680//680 
f 680//680 1127//1127 679//679 
f 1127//1127 1128//1128 679//679 
f 679//679 1128//1128 678//678 
f 1128//1128 1129//1129 678//678 
f 678//678 1129//1129 677//677 
f 1129//1129 1130//1130 677//677 
f 677//677 1130//1130 676//676 
f 1130//1130 1131//1131 676//676 
f 676//676 1131//1131 675//675 
f 1131//1131 1132//1132 675//675 
f 675//675 1132//1132 674//674 
f 1132//1132 1133//1133 674//674 
f 674//674 1133//1133 673//673 
f 1133//1133 1134//1134 673//673 
f 673//673 1134//1134 672//672 
f 1134//1134 1135//1135 672//672 
f 672//672 1135//1135 671//671 
f 1135//1135 1136//1136 671//671 
f 671//671 1136//1136 670//670 
f 1136//1136 1137//1137 670//670 
f 670//670 1137//1137 669//669 
f 1137//1137 1138//1138 669//669 
f 669//669 1138//1138 668//668 
f 1138//1138 1139//1139 668//668 
f 668//668 1139//1139 667//667 
f 1139//1139 1140//1140 667//667 
f 667//667 1140//1140 666//666 
f 1140//1140 1141//1141 666//666 
f 666//666 1141//1141 665//665 
f 1141//1141 1142//1142 665//665 
f 665//665 1142//1142 664//664 
f 1142//1142 1143//1143 664//664 
f 664//664 1143//1143 663//663 
f 1143//1143 1144//1144 663//663 
f 663//663 1144//1144 662//662 
f 1144//1144 1145//1145 662//662 
f 662//662 1145//1145 661//661 
f 1145//1145 1146//1146 661//661 
f 661//661 1146//1146 660//660 
f 1146//1146 1146//1146 660//660 
f 660//660 1146//1146 659//659 
f 1146//1146 1147//1147 659//659 
f 659//659 1147//1147 659//659 
f 1147//1147 1148//1148 659//659 
f 659//659 1148//1148 658//658 
f 1148//1148 1149//1149 658//658 
f 658//658 1149//1149 657//657 
f 1149//1149 1150//1150 657//657 
f 657//657 1150//1150 656//656 
f 1150//1150 1151//1151 656//656 
f 656//656 1151//1151 654//654 
f 1151//1151 1152//1152 654//654 
f 654//654 1152//1152 655//655 
f 1152//1152 1152//1152 655//655 
f 655//655 1152//1152 1153//1153 
f 1152//1152 1154//1154 1153//1153 
f 1153//1153 1154//1154 1155//1155 
f 1154//1154 1155//1155 1155//1155 
f 1155//1155 1155//1155 1154//1154 
f 1155//1155 1154//1154 1154//1154 
f 1154//1154 1154//1154 1156//1156 
f 1154//1154 1152//1152 1156//1156 
f 1156//1156 1152//1152 1156//1156 
f 1152//1152 1151//1151 1156//1156 
f 1156//1156 1151//1151 1157//1157 
f 1151//1151 1150//1150 1157//1157 
f 1157//1157 1150//1150 1158//1158 
f 1150//1150 1150//1150 1158//1158 
f 1158//1158 1150//1150 1159//1159 
f 1150//1150 1149//1149 1159//1159 
f 1159//1159 1149//1149 1160//1160 
f 1149//1149 1149//1149 1160//1160 
f 1160//1160 1149//1149 1161//1161 
f 1149//1149 1148//1148 1161//1161 
f 1161//1161 1148//1148 1162//1162 
f 1148//1148 1147//1147 1162//1162 
f 1162//1162 1147//1147 1163//1163 
f 1147//1147 1146//1146 1163//1163 
f 1163//1163 1146//1146 1163//1163 
f 1146//1146 1145//1145 1163//1163 
f 1163//1163 1145//1145 1164//1164 
f 1145//1145 1144//1144 1164//1164 
f 1164//1164 1144//1144 1165//1165 
f 1144//1144 1143//1143 1165//1165 
f 1165//1165 1143//1143 1166//1166 
f 1143//1143 1142//1142 1166//1166 
f 1166//1166 1142//1142 1167//1167 
f 1142//1142 1141//1141 1167//1167 
f 1167//1167 1141//1141 1168//1168 
f 1141//1141 1140//1140 1168//1168 
f 1168//1168 1140//1140 1169//1169 
f 1140//1140 1139//1139 1169//1169 
f 1169//1169 1139//1139 1170//1170 
f 1139//1139 1138//1138 1170//1170 
f 1170//1170 1138//1138 1171//1171 
f 1138//1138 1137//1137 1171//1171 
f 1171//1171 1137//1137 1172//1172 
f 1137//1137 1136//1136 1172//1172 
f 1172//1172 1136//1136 1173//1173 
f 1136//1136 1135//1135 1173//1173 
f 1173//1173 1135//1135 1174//1174 
f 1135//1135 1134//1134 1174//1174 
f 1174//1174 1134//1134 1175//1175 
f 1134//1134 1133//1133 1175//1175 
f 1175//1175 1133//1133 1176//1176 
f 1133//1133 1132//1132 1176//1176 
f 1176//1176 1132//1132 1177//1177 
f 1132//1132 1131//1131 1177//1177 
f 1177//1177 1131//1131 1178//1178 
f 1131//1131 1130//1130 1178//1178 
f 1178//1178 1130//1130 1179//1179 
f 1130//1130 1129//1129 1179//1179 
f 1179//1179 1129//1129 1180//1180 
f 1129//1129 1128//1128 1180//1180 
f 1180//1180 1128//1128 1181//1181 
f 1128//1128 1127//1127 1181//1181 
f 1181//1181 1127//1127 1182//1182 
f 1127//1127 1126//1126 1182//1182 
f 1182//1182 1126//1126 1183//1183 
f 1126//1126 1125//1125 1183//1183 
f 1183//1183 1125//1125 1184//1184 
f 1125//1125 1124//1124 1184//1184 
f 1184//1184 1124//1124 1185//1185 
f 1124//1124 1123//1123 1185//1185 
f 1185//1185 1123//1123 1186//1186 
f 1123//1123 1122//1122 1186//1186 
f 1186//1186 1122//1122 1187//1187 
f 1122//1122 1121//1121 1187//1187 
f 1187//1187 1121//1121 1188//1188 
f 1121//1121 1120//1120 1188//1188 
f 1188//1188 1120//1120 1120//1120 
f 1120//1120 1188//1188 1120//1120 
f 1120//1120 1188//1188 1188//1188 
f 1188//1188 1189//1189 1188//1188 
f 1188//1188 1189//1189 1187//1187 
f 1189//1189 1189//1189 1187//1187 
f 1187//1187 1189//1189 1186//1186 
f 1189//1189 1190//1190 1186//1186 
f 1186//1186 1190//1190 1185//1185 
f 1190//1190 1191//1191 1185//1185 
f 1185//1185 1191//1191 1184//1184 
f 1191//1191 1192//1192 1184//1184 
f 1184//1184 1192//1192 1183//1183 
f 1192//1192 1193//1193 1183//1183 
f 1183//1183 1193//1193 1182//1182 
f 1193//1193 1194//1194 1182//1182 
f 1182//1182 1194//1194 1181//1181 
f 1194//1194 1195//1195 1181//1181 
f 1181//1181 1195//1195 1180//1180 
f 1195//1195 1196//1196 1180//1180 
f 1180//1180 1196//1196 1179//1179 
f 1196//1196 1197//1197 1179//1179 
f 1179//1179 1197//1197 1179//1179 
f 1197//1197 1198//1198 1179//1179 
f 1179//1179 1198//1198 1178//1178 
f 1198//1198 1199//1199 1178//1178 
f 1178//1178 1199//1199 1177//1177 
f 1199//1199 1200//1200 1177//1177 
f 1177//1177 1200//1200 1176//1176 
f 1200//1200 1201//1201 1176//1176 
f 1176//1176 1201//1201 1175//1175 
f 1201//1201 1202//1202 1175//1175 
f 1175//1175 1202//1202 1174//1174 
f 1202//1202 1203//1203 1174//1174 
f 1174//1174 1203//1203 1173//1173 
f 1203//1203 1204//1204 1173//1173 
f 1173//1173 1204//1204 1172//1172 
f 1204//1204 1205//1205 1172//1172 
f 1172//1172 1205//1205 1171//1171 
f 1205//1205 1206//1206 1171//1171 
f 1171//1171 1206//1206 1170//1170 
f 1206//1206 1207//1207 1170//1170 
f 1170//1170 1207//1207 1169//1169 
f 1207//1207 1208//1208 1169//1169 
f 1169//1169 1208//1208 1168//1168 
f 1208//1208 1209//1209 1168//1168 
f 1168//1168 1209//1209 1167//1167 
f 1209//1209 1210//1210 1167//1167 
f 1167//1167 1210//1210 1166//1166 
f 1210//1210 1211//1211 1166//1166 
f 1166//1166 1211//1211 1165//1165 
f 1211//1211 1212//1212 1165//1165 
f 1165//1165 1212//1212 1164//1164 
f 1212//1212 1212//1212 1164//1164 
f 1164//1164 1212//1212 1163//1163 
f 1212//1212 1213//1213 1163//1163 
f 1163//1163 1213//1213 1162//1162 
f 1213//1213 1214//1214 1162//1162 
f 1162//1162 1214//1214 1161//1161 
f 1214//1214 1215//1215 1161//1161 
f 1161//1161 1215//1215 1160//1160 
f 1215//1215 1216//1216 1160//1160 
f 1160//1160 1216//1216 1159//1159 
f 1216//1216 1217//1217 1159//1159 
f 1159//1159 1217//1217 1218//1218 
f 1217//1217 1217//1217 1218//1218 
f 1218//1218 1217//1217 1219//1219 
f 1217//1217 1217//1217 1219//1219 
f 1219//1219 1217//1217 1220//1220 
f 1217//1217 1216//1216 1220//1220 
f 1220//1220 1216//1216 1221//1221 
f 1216//1216 1215//1215 1221//1221 
f 1221//1221 1215//1215 1222//1222 
f 1215//1215 1214//1214 1222//1222 
f 1222//1222 1214//1214 1223//1223 
f 1214//1214 1213//1213 1223//1223 
f 1223//1223 1213//1213 1223//1223 
f 1213//1213 1212//1212 1223//1223 
f 1223//1223 1212//1212 1224//1224 
f 1212//1212 1211//1211 1224//1224 
f 1224//1224 1211//1211 1225//1225 
f 1211//1211 1210//1210 1225//1225 
f 1225//1225 1210//1210 1226//1226 
f 1210//1210 1209//1209 1226//1226 
f 1226//1226 1209//1209 1227//1227 
f 1209//1209 1208//1208 1227//1227 
f 1227//1227 1208//1208 1228//1228 
f 1208//1208 1207//1207 1228//1228 
f 1228//1228 1207//1207 1229//1229 
f 1207//1207 1206//1206 1229//1229 
f 1229//1229 1206//1206 1230//1230 
f 1206//1206 1205//1205 1230//1230 
f 1230//1230 1205//1205 1231//1231 
f 1205//1205 1204//1204 1231//1231 
f 1231//1231 1204//1204 1232//1232 
f 1204//1204 1203//1203 1232//1232 
f 1232//1232 1203//1203 1233//1233 
f 1203//1203 1203//1203 1233//1233 
f 1233//1233 1203//1203 1234//1234 
f 1203//1203 1202//1202 1234//1234 
f 1234//1234 1202//1202 1235//1235 
f 1202//1202 1201//1201 1235//1235 
f 1235//1235 1201//1201 1236//1236 
f 1201//1201 1200//1200 1236//1236 
f 1236//1236 1200//1200 1237//1237 
f 1200//1200 1199//1199 1237//1237 
f 1237//1237 1199//1199 1238//1238 
f 1199//1199 1198//1198 1238//1238 
f 1238//1238 1198//1198 1239//1239 
f 1198//1198 1197//1197 1239//1239 
f 1239//1239 1197//1197 1240//1240 
f 1197//1197 1196//1196 1240//1240 
f 1240//1240 1196//1196 1241//1241 
f 1196//1196 1195//1195 1241//1241 
f 1241//1241 1195//1195 1242//1242 
f 1195//1195 1194//1194 1242//1242 
f 1242//1242 1194//1194 1243//1243 
f 1194//1194 1193//1193 1243//1243 
f 1243//1243 1193//1193 1244//1244 
f 1193//1193 1192//1192 1244//1244 
f 1244//1244 1192//1192 1245//1245 
f 1192//1192 1191//1191 1245//1245 
f 1245//1245 1191//1191 1246//1246 
f 1191//1191 1190//1190 1246//1246 
f 1246//1246 1190//1190 1247//1247 
f 1190//1190 1189//1189 1247//1247 
f 1247//1247 1189//1189 1189//1189 
f 1189//1189 1218//1218 1189//1189 
f 1189//1189 1218//1218 1218//1218 
f 1218//1218 1158//1158 1218//1218 
f 1218//1218 1158//1158 1159//1159 
f 1158//1158 1159//1159 1159//1159 
f 1159//1159 1159//1159 1247//1247 
f 1159//1159 1247//1247 1247//1247 
f 1247//1247 1247//1247 1246//1246 
f 1247//1247 1248//1248 1246//1246 
f 1246//1246 1248//1248 1246//1246 
f 1248//1248 1249//1249 1246//1246 
f 1246//1246 1249//1249 1245//1245 
f 1249//1249 1250//1250 1245//1245 
f 1245//1245 1250//1250 1244//1244 
f 1250//1250 1251//1251 1244//1244 
f 1244//1244 1251//1251 1243//1243 
f 1251//1251 1252//1252 1243//1243 
f 1243//1243 1252//1252 1242//1242 
f 1252//1252 1253//1253 1242//1242 
f 1242//1242 1253//1253 1241//1241 
f 1253//1253 1254//1254 1241//1241 
f 1241//1241 1254//1254 1240//1240 
f 1254//1254 1255//1255 1240//1240 
f 1240//1240 1255//1255 1239//1239 
f 1255//1255 1256//1256 1239//1239 
f 1239//1239 1256//1256 1238//1238 
f 1256//1256 1257//1257 1238//1238 
f 1238//1238 1257//1257 1237//1237 
f 1257//1257 1258//1258 1237//1237 
f 1237//1237 1258//1258 1236//1236 
f 1258//1258 1259//1259 1236//1236 
f 1236//1236 1259//1259 1235//1235 
f 1259//1259 1260//1260 1235//1235 
f 1235//1235 1260//1260 1234//1234 
f 1260//1260 1261//1261 1234//1234 
f 1234//1234 1261//1261 1233//1233 
f 1261//1261 1262//1262 1233//1233 
f 1233//1233 1262//1262 1232//1232 
f 1262//1262 1263//1263 1232//1232 
f 1232//1232 1263//1263 1231//1231 
f 1263//1263 1231//1231 1231//1231 
f 1231//1231 1231//1231 1263//1263 
f 1231//1231 1263//1263 1263//1263 
f 1263//1263 1263//1263 1264//1264 
f 1263//1263 1262//1262 1264//1264 
f 1264//1264 1262//1262 1265//1265 
f 1262//1262 1261//1261 1265//1265 
f 1265//1265 1261//1261 1266//1266 
f 1261//1261 1260//1260 1266//1266 
f 1266//1266 1260//1260 1267//1267 
f 1260//1260 1259//1259 1267//1267 
f 1267//1267 1259//1259 1268//1268 
f 1259//1259 1258//1258 1268//1268 
f 1268//1268 1258//1258 1269//1269 
f 1258//1258 1257//1257 1269//1269 
f 1269//1269 1257//1257 1270//1270 
f 1257//1257 1256//1256 1270//1270 
f 1270//1270 1256//1256 1271//1271 
f 1256//1256 1255//1255 1271//1271 
f 1271//1271 1255//1255 1272//1272 
f 1255//1255 1255//1255 1272//1272 
f 1272//1272 1255//1255 1273//1273 
f 1255//1255 1254//1254 1273//1273 
f 1273//1273 1254//1254 1274//1274 
f 1254//1254 1253//1253 1274//1274 
f 1274//1274 1253//1253 1275//1275 
f 1253//1253 1252//1252 1275//1275 
f 1275//1275 1252//1252 1276//1276 
f 1252//1252 1251//1251 1276//1276 
f 1276//1276 1251//1251 1277//1277 
f 1251//1251 1250//1250 1277//1277 
f 1277//1277 1250//1250 1278//1278 
f 1250//1250 1249//1249 1278//1278 
f 1278//1278 1249//1249 1249//1249 
f 1249//1249 1278//1278 1249//1249 
f 1249//1249 1278//1278 1278//1278 
f 1278//1278 1279//1279 1278//1278 
f 1278//1278 1279//1279 1277//1277 
f 1279//1279 1279//1279 1277//1277 
f 1277//1277 1279//1279 1276//1276 
f 1279//1279 1280//1280 1276//1276 
f 1276//1276 1280//1280 1275//1275 
f 1280//1280 1281//1281 1275//1275 
f 1275//1275 1281//1281 1274//1274 
f 1281//1281 1282//1282 1274//1274 
f 1274//1274 1282//1282 1274//1274 
f 1282//1282 1283//1283 1274//1274 
f 1274//1274 1283//1283 1273//1273 
f 1283//1283 1284//1284 1273//1273 
f 1273//1273 1284//1284 1272//1272 
f 1284//1284 1285//1285 1272//1272 
f 1272//1272 1285//1285 1271//1271 
f 1285//1285 1286//1286 1271//1271 
f 1271//1271 1286//1286 1270//1270 
f 1286//1286 1287//1287 1270//1270 
f 1270//1270 1287//1287 1269//1269 
f 1287//1287 1288//1288 1269//1269 
f 1269//1269 1288//1288 1268//1268 
f 1288//1288 1289//1289 1268//1268 
f 1268//1268 1289//1289 1267//1267 
f 1289//1289 1290//1290 1267//1267 
f 1267//1267 1290//1290 1266//1266 
f 1290//1290 1291//1291 1266//1266 
f 1266//1266 1291//1291 1265//1265 
f 1291//1291 1265//1265 1265//1265 
f 1265//1265 1265//1265 1291//1291 
f 1265//1265 1291//1291 1291//1291 
f 1291//1291 1291//1291 1292//1292 
f 1291//1291 1290//1290 1292//1292 
f 1292//1292 1290//1290 1292//1292 
f 1290//1290 1289//1289 1292//1292 
f 1292//1292 1289//1289 1293//1293 
f 1289//1289 1288//1288 1293//1293 
f 1293//1293 1288//1288 1294//1294 
f 1288//1288 1287//1287 1294//1294 
f 1294//1294 1287//1287 1295//1295 
f 1287//1287 1286//1286 1295//1295 
f 1295//1295 1286//1286 1296//1296 
f 1286//1286 1285//1285 1296//1296 
f 1296//1296 1285//1285 1297//1297 
f 1285//1285 1284//1284 1297//1297 
f 1297//1297 1284//1284 1298//1298 
f 1284//1284 1283//1283 1298//1298 
f 1298//1298 1283//1283 1299//1299 
f 1283//1283 1282//1282 1299//1299 
f 1299//1299 1282//1282 1300//1300 
f 1282//1282 1281//1281 1300//1300 
f 1300//1300 1281//1281 1301//1301 
f 1281//1281 1280//1280 1301//1301 
f 1301//1301 1280//1280 1302//1302 
f 1280//1280 1279//1279 1302//1302 
f 1302//1302 1279//1279 1303//1303 
f 1279//1279 1279//1279 1303//1303 
f 1303//1303 1279//1279 1304//1304 
f 1279//1279 1278//1278 1304//1304 
f 1304//1304 1278//1278 1305//1305 
f 1278//1278 1249//1249 1305//1305 
f 1305//1305 1249//1249 1305//1305 
f 1249//1249 1248//1248 1305//1305 
f 1305//1305 1248//1248 1306//1306 
f 1248//1248 1247//1247 1306//1306 
f 1306//1306 1247//1247 1307//1307 
f 1247//1247 1189//1189 1307//1307 
f 1307//1307 1189//1189 1308//1308 
f 1189//1189 1188//1188 1308//1308 
f 1308//1308 1188//1188 1309//1309 
f 1188//1188 1120//1120 1309//1309 
f 1309//1309 1120//1120 1309//1309 
f 1120//1120 1119//1119 1309//1309 
f 1309//1309 1119//1119 1310//1310 
f 1119//1119 1118//1118 1310//1310 
f 1310//1310 1118//1118 1311//1311 
f 1118//1118 1118//1118 1311//1311 
f 1311//1311 1118//1118 1312//1312 
f 1118//1118 1117//1117 1312//1312 
f 1312//1312 1117//1117 1313//1313 
f 1117//1117 1116//1116 1313//1313 
f 1313//1313 1116//1116 1314//1314 
f 1116//1116 1115//1115 1314//1314 
f 1314//1314 1115//1115 1315//1315 
f 1115//1115 1114//1114 1315//1315 
f 1315//1315 1114//1114 1316//1316 
f 1114//1114 1113//1113 1316//1316 
f 1316//1316 1113//1113 1317//1317 
f 1113//1113 1112//1112 1317//1317 
f 1317//1317 1112//1112 1318//1318 
f 1112//1112 1111//1111 1318//1318 
f 1318//1318 1111//1111 1319//1319 
f 1111//1111 1110//1110 1319//1319 
f 1319//1319 1110//1110 1320//1320 
f 1110//1110 1109//1109 1320//1320 
f 1320//1320 1109//1109 1321//1321 
f 1109//1109 1108//1108 1321//1321 
f 1321//1321 1108//1108 1322//1322 
f 1108//1108 1107//1107 1322//1322 
f 1322//1322 1107//1107 1323//1323 
f 1107//1107 1106//1106 1323//1323 
f 1323//1323 1106//1106 1324//1324 
f 1106//1106 1105//1105 1324//1324 
f 1324//1324 1105//1105 1325//1325 
f 1105//1105 1104//1104 1325//1325 
f 1325//1325 1104//1104 1326//1326 
f 1104//1104 1103//1103 1326//1326 
f 1326//1326 1103//1103 1327//1327 
f 1103//1103 1102//1102 1327//1327 
f 1327//1327 1102//1102 1328//1328 
f 1102//1102 1101//1101 1328//1328 
f 1328//1328 1101//1101 1329//1329 
f 1101//1101 1100//1100 1329//1329 
f 1329//1329 1100//1100 1330//1330 
f 1100//1100 1099//1099 1330//1330 
f 1330//1330 1099//1099 1331//1331 
f 1099//1099 1098//1098 1331//1331 
f 1331//1331 1098//1098 1332//1332 
f 1098//1098 1097//1097 1332//1332 
f 1332//1332 1097//1097 1333//1333 
f 1097//1097 1096//1096 1333//1333 
f 1333//1333 1096//1096 1334//1334 
f 1096//1096 1095//1095 1334//1334 
f 1334//1334 1095//1095 1335//1335 
f 1095//1095 1094//1094 1335//1335 
f 1335//1335 1094//1094 1336//1336 
f 1094//1094 1093//1093 1336//1336 
f 1336//1336 1093//1093 1337//1337 
f 1093//1093 1092//1092 1337//1337 
f 1337//1337 1092//1092 1338//1338 
f 1092//1092 1091//1091 1338//1338 
f 1338//1338 1091//1091 1339//1339 
f 1091//1091 1090//1090 1339//1339 
f 1339//1339 1090//1090 1340//1340 
f 1090//1090 1089//1089 1340//1340 
f 1340//1340 1089//1089 1341//1341 
f 1089//1089 1088//1088 1341//1341 
f 1341//1341 1088//1088 1342//1342 
f 1088//1088 1087//1087 1342//1342 
f 1342//1342 1087//1087 1343//1343 
f 1087//1087 1086//1086 1343//1343 
f 1343//1343 1086//1086 1344//1344 
f 1086//1086 1085//1085 1344//1344 
f 1344//1344 1085//1085 1345//1345 
f 1085//1085 1084//1084 1345//1345 
f 1345//1345 1084//1084 1346//1346 
f 1084//1084 1083//1083 1346//1346 
f 1346//1346 1083//1083 1347//1347 
f 1083//1083 1082//1082 1347//1347 
f 1347//1347 1082//1082 1348//1348 
f 1082//1082 1081//1081 1348//1348 
f 1348//1348 1081//1081 1349//1349 
f 1081//1081 1080//1080 1349//1349 
f 1349//1349 1080//1080 1350//1350 
f 1080//1080 1079//1079 1350//1350 
f 1350//1350 1079//1079 1351//1351 
f 1079//1079 1078//1078 1351//1351 
f 1351//1351 1078//1078 1352//1352 
f 1078//1078 1077//1077 1352//1352 
f 1352//1352 1077//1077 1353//1353 
f 1077//1077 1076//1076 1353//1353 
f 1353//1353 1076//1076 1354//1354 
f 1076//1076 1075//1075 1354//1354 
f 1354//1354 1075//1075 1354//1354 
f 1075//1075 1074//1074 1354//1354 
f 1354//1354 1074//1074 1355//1355 
f 1074//1074 1073//1073 1355//1355 
f 1355//1355 1073//1073 1356//1356 
f 1073//1073 1072//1072 1356//1356 
f 1356//1356 1072//1072 1357//1357 
f 1072//1072 1071//1071 1357//1357 
f 1357//1357 1071//1071 1358//1358 
f 1071//1071 1070//1070 1358//1358 
f 1358//1358 1070//1070 1359//1359 
f 1070//1070 1069//1069 1359//1359 
f 1359//1359 1069//1069 1360//1360 
f 1069//1069 1068//1068 1360//1360 
f 1360//1360 1068//1068 1361//1361 
f 1068//1068 1067//1067 1361//1361 
f 1361//1361 1067//1067 1362//1362 
f 1067//1067 1067//1067 1362//1362 
f 1362//1362 1067//1067 1363//1363 
f 1067//1067 1066//1066 1363//1363 
f 1363//1363 1066//1066 1364//1364 
f 1066//1066 1065//1065 1364//1364 
f 1364//1364 1065//1065 1365//1365 
f 1065//1065 1064//1064 1365//1365 
f 1365//1365 1064//1064 1366//1366 
f 1064//1064 1063//1063 1366//1366 
f 1366//1366 1063//1063 1367//1367 
f 1063//1063 1062//1062 1367//1367 
f 1367//1367 1062//1062 1368//1368 
f 1062//1062 1061//1061 1368//1368 
f 1368//1368 1061//1061 1369//1369 
f 1061//1061 1060//1060 1369//1369 
f 1369//1369 1060//1060 1370//1370 
f 1060//1060 1059//1059 1370//1370 
f 1370//1370 1059//1059 1371//1371 
f 1059//1059 1058//1058 1371//1371 
f 1371//1371 1058//1058 1371//1371 
f 1058//1058 1057//1057 1371//1371 
f 1371//1371 1057//1057 1372//1372 
f 1057//1057 1057//1057 1372//1372 
f 1372//1372 1057//1057 1373//1373 
f 1057//1057 1056//1056 1373//1373 
f 1373//1373 1056//1056 1374//1374 
f 1056//1056 1055//1055 1374//1374 
f 1374//1374 1055//1055 1375//1375 
f 1055//1055 1054//1054 1375//1375 
f 1375//1375 1054//1054 1375//1375 
f 1054//1054 1053//1053 1375//1375 
f 1375//1375 1053//1053 1376//1376 
f 1053//1053 1377//1377 1376//1376 
f 1376//1376 1377//1377 1378//1378 
f 1377//1377 1377//1377 1378//1378 
f 1378//1378 1377//1377 1379//1379 
f 1377//1377 1052//1052 1379//1379 
f 1379//1379 1052//1052 1051//1051 
f 1052//1052 1051//1051 1051//1051 
f 1051//1051 1051//1051 1052//1052 
f 1051//1051 1052//1052 1052//1052 
f 1052//1052 1052//1052 1053//1053 
f 1052//1052 1377//1377 1053//1053 
f 1053//1053 1377//1377 1377//1377 
f 1377//1377 1378//1378 1377//1377 
f 1377//1377 1378//1378 1378//1378 
f 1378//1378 1380//1380 1378//1378 
f 1378//1378 1380//1380 1376//1376 
f 1380//1380 1380//1380 1376//1376 
f 1376//1376 1380//1380 1375//1375 
f 1380//1380 1380//1380 1375//1375 
f 1375//1375 1380//1380 1374//1374 
f 1380//1380 1381//1381 1374//1374 
f 1374//1374 1381//1381 1373//1373 
f 1381//1381 1381//1381 1373//1373 
f 1373//1373 1381//1381 1372//1372 
f 1381//1381 1382//1382 1372//1372 
f 1372//1372 1382//1382 1371//1371 
f 1382//1382 1371//1371 1371//1371 
f 1371//1371 1371//1371 1382//1382 
f 1371//1371 1382//1382 1382//1382 
f 1382//1382 1382//1382 1383//1383 
f 1382//1382 1381//1381 1383//1383 
f 1383//1383 1381//1381 1383//1383 
f 1381//1381 1380//1380 1383//1383 
f 1383//1383 1380//1380 1383//1383 
f 1380//1380 1378//1378 1383//1383 
f 1383//1383 1378//1378 1384//1384 
f 1378//1378 1379//1379 1384//1384 
f 1384//1384 1379//1379 1385//1385 
f 1379//1379 1051//1051 1385//1385 
f 1385//1385 1051//1051 1385//1385 
f 1051//1051 1050//1050 1385//1385 
f 1385//1385 1050//1050 1386//1386 
f 1050//1050 1049//1049 1386//1386 
f 1386//1386 1049//1049 1049//1049 
f 1049//1049 1386//1386 1049//1049 
f 1049//1049 1386//1386 1386//1386 
f 1386//1386 1387//1387 1386//1386 
f 1386//1386 1387//1387 1385//1385 
f 1387//1387 1387//1387 1385//1385 
f 1385//1385 1387//1387 1384//1384 
f 1387//1387 1388//1388 1384//1384 
f 1384//1384 1388//1388 1383//1383 
f 1388//1388 1388//1388 1383//1383 
f 1383//1383 1388//1388 1382//1382 
f 1388//1388 1389//1389 1382//1382 
f 1382//1382 1389//1389 1371//1371 
f 1389//1389 1389//1389 1371//1371 
f 1371//1371 1389//1389 1370//1370 
f 1389//1389 1390//1390 1370//1370 
f 1370//1370 1390//1390 1369//1369 
f 1390//1390 1369//1369 1369//1369 
f 1369//1369 1369//1369 1390//1390 
f 1369//1369 1390//1390 1390//1390 
f 1390//1390 1390//1390 1391//1391 
f 1390//1390 1389//1389 1391//1391 
f 1391//1391 1389//1389 1391//1391 
f 1389//1389 1388//1388 1391//1391 
f 1391//1391 1388//1388 1392//1392 
f 1388//1388 1387//1387 1392//1392 
f 1392//1392 1387//1387 1392//1392 
f 1387//1387 1386//1386 1392//1392 
f 1392//1392 1386//1386 1393//1393 
f 1386//1386 1049//1049 1393//1393 
f 1393//1393 1049//1049 1393//1393 
f 1049//1049 1048//1048 1393//1393 
f 1393//1393 1048//1048 1394//1394 
f 1048//1048 1047//1047 1394//1394 
f 1394//1394 1047//1047 1047//1047 
f 1047//1047 1394//1394 1047//1047 
f 1047//1047 1394//1394 1394//1394 
f 1394//1394 1395//1395 1394//1394 
f 1394//1394 1395//1395 1393//1393 
f 1395//1395 1395//1395 1393//1393 
f 1393//1393 1395//1395 1392//1392 
f 1395//1395 1395//1395 1392//1392 
f 1392//1392 1395//1395 1391//1391 
f 1395//1395 1396//1396 1391//1391 
f 1391//1391 1396//1396 1390//1390 
f 1396//1396 1390//1390 1390//1390 
f 1390//1390 1390//1390 1396//1396 
f 1390//1390 1396//1396 1396//1396 
f 1396//1396 1396//1396 1397//1397 
f 1396//1396 1395//1395 1397//1397 
f 1397//1397 1395//1395 1397//1397 
f 1395//1395 1394//1394 1397//1397 
f 1397//1397 1394//1394 1398//1398 
f 1394//1394 1047//1047 1398//1398 
f 1398//1398 1047//1047 1398//1398 
f 1047//1047 1046//1046 1398//1398 
f 1398//1398 1046//1046 1399//1399 
f 1046//1046 1045//1045 1399//1399 
f 1399//1399 1045//1045 1400//1400 
f 1045//1045 1044//1044 1400//1400 
f 1400//1400 1044//1044 1401//1401 
f 1044//1044 1043//1043 1401//1401 
f 1401//1401 1043//1043 1402//1402 
f 1043//1043 1042//1042 1402//1402 
f 1402//1402 1042//1042 1403//1403 
f 1042//1042 1041//1041 1403//1403 
f 1403//1403 1041//1041 1404//1404 
f 1041//1041 1040//1040 1404//1404 
f 1404//1404 1040//1040 1404//1404 
f 1040//1040 1039//1039 1404//1404 
f 1404//1404 1039//1039 1405//1405 
f 1039//1039 1038//1038 1405//1405 
f 1405//1405 1038//1038 1406//1406 
f 1038//1038 1037//1037 1406//1406 
f 1406//1406 1037//1037 1407//1407 
f 1037//1037 1036//1036 1407//1407 
f 1407//1407 1036//1036 1408//1408 
f 1036//1036 1035//1035 1408//1408 
f 1408//1408 1035//1035 1409//1409 
f 1035//1035 1034//1034 1409//1409 
f 1409//1409 1034//1034 1410//1410 
f 1034//1034 1033//1033 1410//1410 
f 1410//1410 1033//1033 1411//1411 
f 1033//1033 1032//1032 1411//1411 
f 1411//1411 1032//1032 1412//1412 
f 1032//1032 1031//1031 1412//1412 
f 1412//1412 1031//1031 1413//1413 
f 1031//1031 1030//1030 1413//1413 
f 1413//1413 1030//1030 1414//1414 
f 1030//1030 1029//1029 1414//1414 
f 1414//1414 1029//1029 1415//1415 
f 1029//1029 1028//1028 1415//1415 
f 1415//1415 1028//1028 1416//1416 
f 1028//1028 1027//1027 1416//1416 
f 1416//1416 1027//1027 1417//1417 
f 1027//1027 1026//1026 1417//1417 
f 1417//1417 1026//1026 1418//1418 
f 1026//1026 1025//1025 1418//1418 
f 1418//1418 1025//1025 1419//1419 
f 1025//1025 1024//1024 1419//1419 
f 1419//1419 1024//1024 1420//1420 
f 1024//1024 1023//1023 1420//1420 
f 1420//1420 1023//1023 1421//1421 
f 1023//1023 1022//1022 1421//1421 
f 1421//1421 1022//1022 1422//1422 
f 1022//1022 1021//1021 1422//1422 
f 1422//1422 1021//1021 1423//1423 
f 1021//1021 1020//1020 1423//1423 
f 1423//1423 1020//1020 1424//1424 
f 1020//1020 1019//1019 1424//1424 
f 1424//1424 1019//1019 1425//1425 
f 1019//1019 1018//1018 1425//1425 
f 1425//1425 1018//1018 1426//1426 
f 1018//1018 1017//1017 1426//1426 
f 1426//1426 1017//1017 1427//1427 
f 1017//1017 1016//1016 1427//1427 
f 1427//1427 1016//1016 1428//1428 
f 1016//1016 1015//1015 1428//1428 
f 1428//1428 1015//1015 1429//1429 
f 1015//1015 1014//1014 1429//1429 
f 1429//1429 1014//1014 1430//1430 
f 1014//1014 1013//1013 1430//1430 
f 1430//1430 1013//1013 1431//1431 
f 1013//1013 1012//1012 1431//1431 
f 1431//1431 1012//1012 1432//1432 
f 1012//1012 1011//1011 1432//1432 
f 1432//1432 1011//1011 1433//1433 
f 1011//1011 1010//1010 1433//1433 
f 1433//1433 1010//1010 1434//1434 
f 1010//1010 1009//1009 1434//1434 
f 1434//1434 1009//1009 1435//1435 
f 1009//1009 1009//1009 1435//1435 
f 1435//1435 1009//1009 1436//1436 
f 1009//1009 1008//1008 1436//1436 
f 1436//1436 1008//1008 1437//1437 
f 1008//1008 1007//1007 1437//1437 
f 1437//1437 1007//1007 1438//1438 
f 1007//1007 1006//1006 1438//1438 
f 1438//1438 1006//1006 1438//1438 
f 1006//1006 1005//1005 1438//1438 
f 1438//1438 1005//1005 1439//1439 
f 1005//1005 1004//1004 1439//1439 
f 1439//1439 1004//1004 1440//1440 
f 1004//1004 1003//1003 1440//1440 
f 1440//1440 1003//1003 1441//1441 
f 1003//1003 1002//1002 1441//1441 
f 1441//1441 1002//1002 1442//1442 
f 1002//1002 1001//1001 1442//1442 
f 1442//1442 1001//1001 1443//1443 
f 1001//1001 1000//1000 1443//1443 
f 1443//1443 1000//1000 1444//1444 
f 1000//1000 999//999 1444//1444 
f 1444//1444 999//999 1445//1445 
f 999//999 998//998 1445//1445 
f 1445//1445 998//998 1446//1446 
f 998//998 997//997 1446//1446 
f 1446//1446 997//997 1447//1447 
f 997//997 996//996 1447//1447 
f 1447//1447 996//996 1448//1448 
f 996//996 995//995 1448//1448 
f 1448//1448 995//995 1449//1449 
f 995//995 994//994 1449//1449 
f 1449//1449 994//994 1450//1450 
f 994//994 993//993 1450//1450 
f 1450//1450 993//993 1451//1451 
f 993//993 992//992 1451//1451 
f 1451//1451 992//992 1452//1452 
f 992//992 991//991 1452//1452 
f 1452//1452 991//991 1453//1453 
f 991//991 990//990 1453//1453 
f 1453//1453 990//990 1454//1454 
f 990//990 989//989 1454//1454 
f 1454//1454 989//989 1455//1455 
f 989//989 988//988 1455//1455 
f 1455//1455 988//988 1456//1456 
f 988//988 987//987 1456//1456 
f 1456//1456 987//987 1457//1457 
f 987//987 986//986 1457//1457 
f 1457//1457 986//986 1458//1458 
f 986//986 985//985 1458//1458 
f 1458//1458 985//985 1459//1459 
f 985//985 984//984 1459//1459 
f 1459//1459 984//984 1460//1460 
f 984//984 983//983 1460//1460 
f 1460//1460 983//983 1461//1461 
f 983//983 982//982 1461//1461 
f 1461//1461 982//982 1462//1462 
f 982//982 981//981 1462//1462 
f 1462//1462 981//981 1463//1463 
f 981//981 980//980 1463//1463 
f 1463//1463 980//980 1464//1464 
f 980//980 979//979 1464//1464 
f 1464//1464 979//979 1465//1465 
f 979//979 978//978 1465//1465 
f 1465//1465 978//978 1466//1466 
f 978//978 977//977 1466//1466 
f 1466//1466 977//977 1467//1467 
f 977//977 976//976 1467//1467 
f 1467//1467 976//976 1468//1468 
f 976//976 975//975 1468//1468 
f 1468//1468 975//975 1469//1469 
f 975//975 974//974 1469//1469 
f 1469//1469 974//974 1470//1470 
f 974//974 973//973 1470//1470 
f 1470//1470 973//973 1471//1471 
f 973//973 972//972 1471//1471 
f 1471//1471 972//972 1472//1472 
f 972//972 971//971 1472//1472 
f 1472//1472 971//971 1473//1473 
f 971//971 970//970 1473//1473 
f 1473//1473 970//970 1474//1474 
f 970//970 969//969 1474//1474 
f 1474//1474 969//969 1475//1475 
f 969//969 968//968 1475//1475 
f 1475//1475 968//968 1476//1476 
f 968//968 967//967 1476//1476 
f 1476//1476 967//967 1477//1477 
f 967//967 967//967 1477//1477 
f 1477//1477 967//967 1478//1478 
f 967//967 966//966 1478//1478 
f 1478//1478 966//966 1479//1479 
f 966//966 965//965 1479//1479 
f 1479//1479 965//965 1480//1480 
f 965//965 964//964 1480//1480 
f 1480//1480 964//964 1481//1481 
f 964//964 963//963 1481//1481 
f 1481//1481 963//963 1482//1482 
f 963//963 962//962 1482//1482 
f 1482//1482 962//962 1483//1483 
f 962//962 961//961 1483//1483 
f 1483//1483 961//961 1484//1484 
f 961//961 960//960 1484//1484 
f 1484//1484 960//960 1485//1485 
f 960//960 959//959 1485//1485 
f 1485//1485 959//959 1486//1486 
f 959//959 958//958 1486//1486 
f 1486//1486 958//958 1487//1487 
f 958//958 957//957 1487//1487 
f 1487//1487 957//957 1488//1488 
f 957//957 956//956 1488//1488 
f 1488//1488 956//956 1489//1489 
f 956//956 955//955 1489//1489 
f 1489//1489 955//955 1490//1490 
f 955//955 954//954 1490//1490 
f 1490//1490 954//954 1491//1491 
f 954//954 953//953 1491//1491 
f 1491//1491 953//953 1492//1492 
f 953//953 952//952 1492//1492 
f 1492//1492 952//952 1493//1493 
f 952//952 951//951 1493//1493 
f 1493//1493 951//951 1494//1494 
f 951//951 950//950 1494//1494 
f 1494//1494 950//950 1495//1495 
f 950//950 949//949 1495//1495 
f 1495//1495 949//949 1496//1496 
f 949//949 948//948 1496//1496 
f 1496//1496 948//948 1497//1497 
f 948//948 947//947 1497//1497 
f 1497//1497 947//947 1498//1498 
f 947//947 946//946 1498//1498 
f 1498//1498 946//946 1499//1499 
f 946//946 945//945 1499//1499 
f 1499//1499 945//945 1500//1500 
f 945//945 944//944 1500//1500 
f 1500//1500 944//944 1501//1501 
f 944//944 943//943 1501//1501 
f 1501//1501 943//943 1502//1502 
f 943//943 942//942 1502//1502 
f 1502//1502 942//942 1503//1503 
f 942//942 941//941 1503//1503 
f 1503//1503 941//941 1504//1504 
f 941//941 940//940 1504//1504 
f 1504//1504 940//940 1505//1505 
f 940//940 939//939 1505//1505 
f 1505//1505 939//939 1506//1506 
f 939//939 938//938 1506//1506 
f 1506//1506 938//938 1507//1507 
f 938//938 937//937 1507//1507 
f 1507//1507 937//937 1508//1508 
f 937//937 936//936 1508//1508 
f 1508//1508 936//936 1509//1509 
f 936//936 935//935 1509//1509 
f 1509//1509 935//935 1510//1510 
f 935//935 934//934 1510//1510 
f 1510//1510 934//934 1511//1511 
f 934//934 933//933 1511//1511 
f 1511//1511 933//933 1512//1512 
f 933//933 932//932 1512//1512 
f 1512//1512 932//932 1513//1513 
f 932//932 931//931 1513//1513 
f 1513//1513 931//931 1514//1514 
f 931//931 930//930 1514//1514 
f 1514//1514 930//930 1515//1515 
f 930//930 929//929 1515//1515 
f 1515//1515 929//929 1516//1516 
f 929//929 928//928 1516//1516 
f 1516//1516 928//928 1517//1517 
f 928//928 927//927 1517//1517 
f 1517//1517 927//927 1518//1518 
f 927//927 926//926 1518//1518 
f 1518//1518 926//926 1519//1519 
f 926//926 925//925 1519//1519 
f 1519//1519 925//925 1520//1520 
f 925//925 924//924 1520//1520 
f 1520//1520 924//924 1521//1521 
f 924//924 923//923 1521//1521 
f 1521//1521 923//923 1522//1522 
f 923//923 922//922 1522//1522 
f 1522//1522 922//922 1523//1523 
f 922//922 921//921 1523//1523 
f 1523//1523 921//921 1524//1524 
f 921//921 920//920 1524//1524 
f 1524//1524 920//920 1525//1525 
f 920//920 919//919 1525//1525 
f 1525//1525 919//919 1526//1526 
f 919//919 918//918 1526//1526 
f 1526//1526 918//918 1527//1527 
f 918//918 917//917 1527//1527 
f 1527//1527 917//917 1528//1528 
f 917//917 916//916 1528//1528 
f 1528//1528 916//916 1529//1529 
f 916//916 915//915 1529//1529 
f 1529//1529 915//915 1530//1530 
f 915//915 914//914 1530//1530 
f 1530//1530 914//914 1531//1531 
f 914//914 913//913 1531//1531 
f 1531//1531 913//913 1532//1532 
f 913//913 912//912 1532//1532 
f 1532//1532 912//912 1533//1533 
f 912//912 911//911 1533//1533 
f 1533//1533 911//911 1534//1534 
f 911//911 910//910 1534//1534 
f 1534//1534 910//910 1535//1535 
f 910//910 909//909 1535//1535 
f 1535//1535 909//909 1536//1536 
f 909//909 908//908 1536//1536 
f 1536//1536 908//908 1537//1537 
f 908//908 907//907 1537//1537 
f 1537//1537 907//907 1538//1538 
f 907//907 906//906 1538//1538 
f 1538//1538 906//906 1539//1539 
f 906//906 905//905 1539//1539 
f 1539//1539 905//905 1540//1540 
f 905//905 904//904 1540//1540 
f 1540//1540 904//904 1541//1541 
f 904//904 903//903 1541//1541 
f 1541//1541 903//903 1542//1542 
f 903//903 158//158 1542//1542 
f 1542//1542 158//158 1542//1542 
f 158//158 157//157 1542//1542 
f 1542//1542 157//157 1543//1543 
f 157//157 84//84 1543//1543 
f 1543//1543 84//84 1543//1543 
f 84//84 85//85 1543//1543 
f 1543//1543 85//85 1543//1543 
f 85//85 1544//1544 1543//1543 
f 1543//1543 1544//1544 1543//1543 
f 1544//1544 1545//1545 1543//1543 
f 1543//1543 1545//1545 1542//1542 
f 1545//1545 1545//1545 1542//1542 
f 1542//1542 1545//1545 1541//1541 
f 1545//1545 1546//1546 1541//1541 
f 1541//1541 1546//1546 1540//1540 
f 1546//1546 1547//1547 1540//1540 
f 1540//1540 1547//1547 1539//1539 
f 1547//1547 1548//1548 1539//1539 
f 1539//1539 1548//1548 1538//1538 
f 1548//1548 1549//1549 1538//1538 
f 1538//1538 1549//1549 1537//1537 
f 1549//1549 1550//1550 1537//1537 
f 1537//1537 1550//1550 1536//1536 
f 1550//1550 1551//1551 1536//1536 
f 1536//1536 1551//1551 1535//1535 
f 1551//1551 1552//1552 1535//1535 
f 1535//1535 1552//1552 1534//1534 
f 1552//1552 1553//1553 1534//1534 
f 1534//1534 1553//1553 1533//1533 
f 1553//1553 1554//1554 1533//1533 
f 1533//1533 1554//1554 1532//1532 
f 1554//1554 1555//1555 1532//1532 
f 1532//1532 1555//1555 1531//1531 
f 1555//1555 1556//1556 1531//1531 
f 1531//1531 1556//1556 1530//1530 
f 1556//1556 1557//1557 1530//1530 
f 1530//1530 1557//1557 1529//1529 
f 1557//1557 1558//1558 1529//1529 
f 1529//1529 1558//1558 1528//1528 
f 1558//1558 1559//1559 1528//1528 
f 1528//1528 1559//1559 1527//1527 
f 1559//1559 1560//1560 1527//1527 
f 1527//1527 1560//1560 1526//1526 
f 1560//1560 1561//1561 1526//1526 
f 1526//1526 1561//1561 1525//1525 
f 1561//1561 1562//1562 1525//1525 
f 1525//1525 1562//1562 1525//1525 
f 1562//1562 1563//1563 1525//1525 
f 1525//1525 1563//1563 1524//1524 
f 1563//1563 1564//1564 1524//1524 
f 1524//1524 1564//1564 1523//1523 
f 1564//1564 1565//1565 1523//1523 
f 1523//1523 1565//1565 1522//1522 
f 1565//1565 1566//1566 1522//1522 
f 1522//1522 1566//1566 1521//1521 
f 1566//1566 1567//1567 1521//1521 
f 1521//1521 1567//1567 1520//1520 
f 1567//1567 1567//1567 1520//1520 
f 1520//1520 1567//1567 1519//1519 
f 1567//1567 1568//1568 1519//1519 
f 1519//1519 1568//1568 1518//1518 
f 1568//1568 1569//1569 1518//1518 
f 1518//1518 1569//1569 1517//1517 
f 1569//1569 1570//1570 1517//1517 
f 1517//1517 1570//1570 1516//1516 
f 1570//1570 1571//1571 1516//1516 
f 1516//1516 1571//1571 1515//1515 
f 1571//1571 1572//1572 1515//1515 
f 1515//1515 1572//1572 1514//1514 
f 1572//1572 1573//1573 1514//1514 
f 1514//1514 1573//1573 1513//1513 
f 1573//1573 1574//1574 1513//1513 
f 1513//1513 1574//1574 1512//1512 
f 1574//1574 1575//1575 1512//1512 
f 1512//1512 1575//1575 1512//1512 
f 1575//1575 1576//1576 1512//1512 
f 1512//1512 1576//1576 1511//1511 
f 1576//1576 1577//1577 1511//1511 
f 1511//1511 1577//1577 1510//1510 
f 1577//1577 1577//1577 1510//1510 
f 1510//1510 1577//1577 1509//1509 
f 1577//1577 1578//1578 1509//1509 
f 1509//1509 1578//1578 1508//1508 
f 1578//1578 1579//1579 1508//1508 
f 1508//1508 1579//1579 1507//1507 
f 1579//1579 1580//1580 1507//1507 
f 1507//1507 1580//1580 1506//1506 
f 1580//1580 1581//1581 1506//1506 
f 1506//1506 1581//1581 1505//1505 
f 1581//1581 1582//1582 1505//1505 
f 1505//1505 1582//1582 1504//1504 
f 1582//1582 1583//1583 1504//1504 
f 1504//1504 1583//1583 1503//1503 
f 1583//1583 1584//1584 1503//1503 
f 1503//1503 1584//1584 1502//1502 
f 1584//1584 1585//1585 1502//1502 
f 1502//1502 1585//1585 1501//1501 
f 1585//1585 1586//1586 1501//1501 
f 1501//1501 1586//1586 1500//1500 
f 1586//1586 1587//1587 1500//1500 
f 1500//1500 1587//1587 1499//1499 
f 1587//1587 1588//1588 1499//1499 
f 1499//1499 1588//1588 1498//1498 
f 1588//1588 1589//1589 1498//1498 
f 1498//1498 1589//1589 1497//1497 
f 1589//1589 1590//1590 1497//1497 
f 1497//1497 1590//1590 1496//1496 
f 1590//1590 1591//1591 1496//1496 
f 1496//1496 1591//1591 1495//1495 
f 1591//1591 1592//1592 1495//1495 
f 1495//1495 1592//1592 1494//1494 
f 1592//1592 1593//1593 1494//1494 
f 1494//1494 1593//1593 1493//1493 
f 1593//1593 1594//1594 1493//1493 
f 1493//1493 1594//1594 1492//1492 
f 1594//1594 1595//1595 1492//1492 
f 1492//1492 1595//1595 1491//1491 
f 1595//1595 1596//1596 1491//1491 
f 1491//1491 1596//1596 1490//1490 
f 1596//1596 1597//1597 1490//1490 
f 1490//1490 1597//1597 1489//1489 
f 1597//1597 1598//1598 1489//1489 
f 1489//1489 1598//1598 1488//1488 
f 1598//1598 1599//1599 1488//1488 
f 1488//1488 1599//1599 1487//1487 
f 1599//1599 1600//1600 1487//1487 
f 1487//1487 1600//1600 1486//1486 
f 1600//1600 1601//1601 1486//1486 
f 1486//1486 1601//1601 1485//1485 
f 1601//1601 1602//1602 1485//1485 
f 1485//1485 1602//1602 1484//1484 
f 1602//1602 1603//1603 1484//1484 
f 1484//1484 1603//1603 1483//1483 
f 1603//1603 1604//1604 1483//1483 
f 1483//1483 1604//1604 1482//1482 
f 1604//1604 1605//1605 1482//1482 
f 1482//1482 1605//1605 1481//1481 
f 1605//1605 1606//1606 1481//1481 
f 1481//1481 1606//1606 1480//1480 
f 1606//1606 1607//1607 1480//1480 
f 1480//1480 1607//1607 1479//1479 
f 1607//1607 1608//1608 1479//1479 
f 1479//1479 1608//1608 1478//1478 
f 1608//1608 1609//1609 1478//1478 
f 1478//1478 1609//1609 1477//1477 
f 1609//1609 1610//1610 1477//1477 
f 1477//1477 1610//1610 1477//1477 
f 1610//1610 1611//1611 1477//1477 
f 1477//1477 1611//1611 1476//1476 
f 1611//1611 1612//1612 1476//1476 
f 1476//1476 1612//1612 1475//1475 
f 1612//1612 1613//1613 1475//1475 
f 1475//1475 1613//1613 1474//1474 
f 1613//1613 1614//1614 1474//1474 
f 1474//1474 1614//1614 1473//1473 
f 1614//1614 1614//1614 1473//1473 
f 1473//1473 1614//1614 1472//1472 
f 1614//1614 1615//1615 1472//1472 
f 1472//1472 1615//1615 1471//1471 
f 1615//1615 1616//1616 1471//1471 
f 1471//1471 1616//1616 1471//1471 
f 1616//1616 1617//1617 1471//1471 
f 1471//1471 1617//1617 1470//1470 
f 1617//1617 1618//1618 1470//1470 
f 1470//1470 1618//1618 1469//1469 
f 1618//1618 1619//1619 1469//1469 
f 1469//1469 1619//1619 1468//1468 
f 1619//1619 1620//1620 1468//1468 
f 1468//1468 1620//1620 1467//1467 
f 1620//1620 1621//1621 1467//1467 
f 1467//1467 1621//1621 1466//1466 
f 1621//1621 1622//1622 1466//1466 
f 1466//1466 1622//1622 1465//1465 
f 1622//1622 1623//1623 1465//1465 
f 1465//1465 1623//1623 1464//1464 
f 1623//1623 1624//1624 1464//1464 
f 1464//1464 1624//1624 1463//1463 
f 1624//1624 1625//1625 1463//1463 
f 1463//1463 1625//1625 1462//1462 
f 1625//1625 1626//1626 1462//1462 
f 1462//1462 1626//1626 1461//1461 
f 1626//1626 1627//1627 1461//1461 
f 1461//1461 1627//1627 1460//1460 
f 1627//1627 1628//1628 1460//1460 
f 1460//1460 1628//1628 1459//1459 
f 1628//1628 1629//1629 1459//1459 
f 1459//1459 1629//1629 1458//1458 
f 1629//1629 1630//1630 1458//1458 
f 1458//1458 1630//1630 1457//1457 
f 1630//1630 1631//1631 1457//1457 
f 1457//1457 1631//1631 1456//1456 
f 1631//1631 1632//1632 1456//1456 
f 1456//1456 1632//1632 1455//1455 
f 1632//1632 1633//1633 1455//1455 
f 1455//1455 1633//1633 1454//1454 
f 1633//1633 1634//1634 1454//1454 
f 1454//1454 1634//1634 1453//1453 
f 1634//1634 1635//1635 1453//1453 
f 1453//1453 1635//1635 1452//1452 
f 1635//1635 1636//1636 1452//1452 
f 1452//1452 1636//1636 1451//1451 
f 1636//1636 1637//1637 1451//1451 
f 1451//1451 1637//1637 1450//1450 
f 1637//1637 1638//1638 1450//1450 
f 1450//1450 1638//1638 1449//1449 
f 1638//1638 1639//1639 1449//1449 
f 1449//1449 1639//1639 1448//1448 
f 1639//1639 1640//1640 1448//1448 
f 1448//1448 1640//1640 1447//1447 
f 1640//1640 1641//1641 1447//1447 
f 1447//1447 1641//1641 1446//1446 
f 1641//1641 1642//1642 1446//1446 
f 1446//1446 1642//1642 1445//1445 
f 1642//1642 1643//1643 1445//1445 
f 1445//1445 1643//1643 1444//1444 
f 1643//1643 1644//1644 1444//1444 
f 1444//1444 1644//1644 1443//1443 
f 1644//1644 1645//1645 1443//1443 
f 1443//1443 1645//1645 1442//1442 
f 1645//1645 1646//1646 1442//1442 
f 1442//1442 1646//1646 1441//1441 
f 1646//1646 1647//1647 1441//1441 
f 1441//1441 1647//1647 1440//1440 
f 1647//1647 1648//1648 1440//1440 
f 1440//1440 1648//1648 1439//1439 
f 1648//1648 1649//1649 1439//1439 
f 1439//1439 1649//1649 1438//1438 
f 1649//1649 1650//1650 1438//1438 
f 1438//1438 1650//1650 1437//1437 
f 1650//1650 1651//1651 1437//1437 
f 1437//1437 1651//1651 1436//1436 
f 1651//1651 1652//1652 1436//1436 
f 1436//1436 1652//1652 1435//1435 
f 1652//1652 1653//1653 1435//1435 
f 1435//1435 1653//1653 1434//1434 
f 1653//1653 1654//1654 1434//1434 
f 1434//1434 1654//1654 1433//1433 
f 1654//1654 1655//1655 1433//1433 
f 1433//1433 1655//1655 1432//1432 
f 1655//1655 1656//1656 1432//1432 
f 1432//1432 1656//1656 1431//1431 
f 1656//1656 1657//1657 1431//1431 
f 1431//1431 1657//1657 1430//1430 
f 1657//1657 1658//1658 1430//1430 
f 1430//1430 1658//1658 1429//1429 
f 1658//1658 1659//1659 1429//1429 
f 1429//1429 1659//1659 1428//1428 
f 1659//1659 1660//1660 1428//1428 
f 1428//1428 1660//1660 1427//1427 
f 1660//1660 1660//1660 1427//1427 
f 1427//1427 1660//1660 1426//1426 
f 1660//1660 1661//1661 1426//1426 
f 1426//1426 1661//1661 1425//1425 
f 1661//1661 1662//1662 1425//1425 
f 1425//1425 1662//1662 1424//1424 
f 1662//1662 1663//1663 1424//1424 
f 1424//1424 1663//1663 1423//1423 
f 1663//1663 1664//1664 1423//1423 
f 1423//1423 1664//1664 1423//1423 
f 1664//1664 1665//1665 1423//1423 
f 1423//1423 1665//1665 1422//1422 
f 1665//1665 1666//1666 1422//1422 
f 1422//1422 1666//1666 1421//1421 
f 1666//1666 1667//1667 1421//1421 
f 1421//1421 1667//1667 1420//1420 
f 1667//1667 1668//1668 1420//1420 
f 1420//1420 1668//1668 1419//1419 
f 1668//1668 1669//1669 1419//1419 
f 1419//1419 1669//1669 1418//1418 
f 1669//1669 1670//1670 1418//1418 
f 1418//1418 1670//1670 1417//1417 
f 1670//1670 1671//1671 1417//1417 
f 1417//1417 1671//1671 1416//1416 
f 1671//1671 1672//1672 1416//1416 
f 1416//1416 1672//1672 1415//1415 
f 1672//1672 1673//1673 1415//1415 
f 1415//1415 1673//1673 1414//1414 
f 1673//1673 1674//1674 1414//1414 
f 1414//1414 1674//1674 1413//1413 
f 1674//1674 1674//1674 1413//1413 
f 1413//1413 1674//1674 1412//1412 
f 1674//1674 1675//1675 1412//1412 
f 1412//1412 1675//1675 1412//1412 
f 1675//1675 1676//1676 1412//1412 
f 1412//1412 1676//1676 1411//1411 
f 1676//1676 1677//1677 1411//1411 
f 1411//1411 1677//1677 1410//1410 
f 1677//1677 1678//1678 1410//1410 
f 1410//1410 1678//1678 1409//1409 
f 1678//1678 1679//1679 1409//1409 
f 1409//1409 1679//1679 1408//1408 
f 1679//1679 1680//1680 1408//1408 
f 1408//1408 1680//1680 1407//1407 
f 1680//1680 1681//1681 1407//1407 
f 1407//1407 1681//1681 1406//1406 
f 1681//1681 1682//1682 1406//1406 
f 1406//1406 1682//1682 1405//1405 
f 1682//1682 1683//1683 1405//1405 
f 1405//1405 1683//1683 1404//1404 
f 1683//1683 1684//1684 1404//1404 
f 1404//1404 1684//1684 1403//1403 
f 1684//1684 1684//1684 1403//1403 
f 1403//1403 1684//1684 1402//1402 
f 1684//1684 1685//1685 1402//1402 
f 1402//1402 1685//1685 1401//1401 
f 1685//1685 1686//1686 1401//1401 
f 1401//1401 1686//1686 1400//1400 
f 1686//1686 1687//1687 1400//1400 
f 1400//1400 1687//1687 1399//1399 
f 1687//1687 1688//1688 1399//1399 
f 1399//1399 1688//1688 1398//1398 
f 1688//1688 1688//1688 1398//1398 
f 1398//1398 1688//1688 1397//1397 
f 1688//1688 1689//1689 1397//1397 
f 1397//1397 1689//1689 1396//1396 
f 1689//1689 1690//1690 1396//1396 
f 1396//1396 1690//1690 1390//1390 
f 1690//1690 1690//1690 1390//1390 
f 1390//1390 1690//1690 1369//1369 
f 1690//1690 1690//1690 1369//1369 
f 1369//1369 1690//1690 1368//1368 
f 1690//1690 1691//1691 1368//1368 
f 1368//1368 1691//1691 1367//1367 
f 1691//1691 1692//1692 1367//1367 
f 1367//1367 1692//1692 1366//1366 
f 1692//1692 1693//1693 1366//1366 
f 1366//1366 1693//1693 1365//1365 
f 1693//1693 1694//1694 1365//1365 
f 1365//1365 1694//1694 1364//1364 
f 1694//1694 1694//1694 1364//1364 
f 1364//1364 1694//1694 1363//1363 
f 1694//1694 1695//1695 1363//1363 
f 1363//1363 1695//1695 1362//1362 
f 1695//1695 1696//1696 1362//1362 
f 1362//1362 1696//1696 1361//1361 
f 1696//1696 1696//1696 1361//1361 
f 1361//1361 1696//1696 1360//1360 
f 1696//1696 1697//1697 1360//1360 
f 1360//1360 1697//1697 1359//1359 
f 1697//1697 1359//1359 1359//1359 
f 1359//1359 1359//1359 1689//1689 
f 1359//1359 1689//1689 1689//1689 
f 1689//1689 1689//1689 1690//1690 
f 1689//1689 1691//1691 1690//1690 
f 1690//1690 1691//1691 1691//1691 
f 1691//1691 1614//1614 1691//1691 
f 1691//1691 1614//1614 1614//1614 
f 1614//1614 1698//1698 1614//1614 
f 1614//1614 1698//1698 1615//1615 
f 1698//1698 1616//1616 1615//1615 
f 1615//1615 1616//1616 1616//1616 
f 1616//1616 1697//1697 1616//1616 
f 1616//1616 1697//1697 1697//1697 
f 1697//1697 1696//1696 1697//1697 
f 1697//1697 1696//1696 1699//1699 
f 1696//1696 1695//1695 1699//1699 
f 1699//1699 1695//1695 1700//1700 
f 1695//1695 1694//1694 1700//1700 
f 1700//1700 1694//1694 1701//1701 
f 1694//1694 1693//1693 1701//1701 
f 1701//1701 1693//1693 1702//1702 
f 1693//1693 1692//1692 1702//1702 
f 1702//1702 1692//1692 1703//1703 
f 1692//1692 1691//1691 1703//1703 
f 1703//1703 1691//1691 1703//1703 
f 1691//1691 1689//1689 1703//1703 
f 1703//1703 1689//1689 1703//1703 
f 1689//1689 1688//1688 1703//1703 
f 1703//1703 1688//1688 1704//1704 
f 1688//1688 1687//1687 1704//1704 
f 1704//1704 1687//1687 1705//1705 
f 1687//1687 1687//1687 1705//1705 
f 1705//1705 1687//1687 1706//1706 
f 1687//1687 1686//1686 1706//1706 
f 1706//1706 1686//1686 1707//1707 
f 1686//1686 1685//1685 1707//1707 
f 1707//1707 1685//1685 1708//1708 
f 1685//1685 1684//1684 1708//1708 
f 1708//1708 1684//1684 1709//1709 
f 1684//1684 1683//1683 1709//1709 
f 1709//1709 1683//1683 1710//1710 
f 1683//1683 1682//1682 1710//1710 
f 1710//1710 1682//1682 1711//1711 
f 1682//1682 1681//1681 1711//1711 
f 1711//1711 1681//1681 1712//1712 
f 1681//1681 1680//1680 1712//1712 
f 1712//1712 1680//1680 1713//1713 
f 1680//1680 1679//1679 1713//1713 
f 1713//1713 1679//1679 1714//1714 
f 1679//1679 1678//1678 1714//1714 
f 1714//1714 1678//1678 1715//1715 
f 1678//1678 1677//1677 1715//1715 
f 1715//1715 1677//1677 1716//1716 
f 1677//1677 1677//1677 1716//1716 
f 1716//1716 1677//1677 1717//1717 
f 1677//1677 1676//1676 1717//1717 
f 1717//1717 1676//1676 1718//1718 
f 1676//1676 1675//1675 1718//1718 
f 1718//1718 1675//1675 1719//1719 
f 1675//1675 1674//1674 1719//1719 
f 1719//1719 1674//1674 1720//1720 
f 1674//1674 1673//1673 1720//1720 
f 1720//1720 1673//1673 1721//1721 
f 1673//1673 1672//1672 1721//1721 
f 1721//1721 1672//1672 1722//1722 
f 1672//1672 1671//1671 1722//1722 
f 1722//1722 1671//1671 1723//1723 
f 1671//1671 1670//1670 1723//1723 
f 1723//1723 1670//1670 1724//1724 
f 1670//1670 1669//1669 1724//1724 
f 1724//1724 1669//1669 1725//1725 
f 1669//1669 1668//1668 1725//1725 
f 1725//1725 1668//1668 1726//1726 
f 1668//1668 1667//1667 1726//1726 
f 1726//1726 1667//1667 1727//1727 
f 1667//1667 1666//1666 1727//1727 
f 1727//1727 1666//1666 1728//1728 
f 1666//1666 1665//1665 1728//1728 
f 1728//1728 1665//1665 1729//1729 
f 1665//1665 1664//1664 1729//1729 
f 1729//1729 1664//1664 1730//1730 
f 1664//1664 1663//1663 1730//1730 
f 1730//1730 1663//1663 1731//1731 
f 1663//1663 1662//1662 1731//1731 
f 1731//1731 1662//1662 1732//1732 
f 1662//1662 1661//1661 1732//1732 
f 1732//1732 1661//1661 1733//1733 
f 1661//1661 1660//1660 1733//1733 
f 1733//1733 1660//1660 1734//1734 
f 1660//1660 1659//1659 1734//1734 
f 1734//1734 1659//1659 1734//1734 
f 1659//1659 1658//1658 1734//1734 
f 1734//1734 1658//1658 1735//1735 
f 1658//1658 1657//1657 1735//1735 
f 1735//1735 1657//1657 1736//1736 
f 1657//1657 1656//1656 1736//1736 
f 1736//1736 1656//1656 1737//1737 
f 1656//1656 1655//1655 1737//1737 
f 1737//1737 1655//1655 1738//1738 
f 1655//1655 1654//1654 1738//1738 
f 1738//1738 1654//1654 1739//1739 
f 1654//1654 1653//1653 1739//1739 
f 1739//1739 1653//1653 1740//1740 
f 1653//1653 1652//1652 1740//1740 
f 1740//1740 1652//1652 1741//1741 
f 1652//1652 1652//1652 1741//1741 
f 1741//1741 1652//1652 1742//1742 
f 1652//1652 1651//1651 1742//1742 
f 1742//1742 1651//1651 1743//1743 
f 1651//1651 1650//1650 1743//1743 
f 1743//1743 1650//1650 1744//1744 
f 1650//1650 1649//1649 1744//1744 
f 1744//1744 1649//1649 1744//1744 
f 1649//1649 1648//1648 1744//1744 
f 1744//1744 1648//1648 1745//1745 
f 1648//1648 1647//1647 1745//1745 
f 1745//1745 1647//1647 1746//1746 
f 1647//1647 1646//1646 1746//1746 
f 1746//1746 1646//1646 1747//1747 
f 1646//1646 1645//1645 1747//1747 
f 1747//1747 1645//1645 1748//1748 
f 1645//1645 1644//1644 1748//1748 
f 1748//1748 1644//1644 1749//1749 
f 1644//1644 1643//1643 1749//1749 
f 1749//1749 1643//1643 1750//1750 
f 1643//1643 1642//1642 1750//1750 
f 1750//1750 1642//1642 1751//1751 
f 1642//1642 1641//1641 1751//1751 
f 1751//1751 1641//1641 1752//1752 
f 1641//1641 1640//1640 1752//1752 
f 1752//1752 1640//1640 1753//1753 
f 1640//1640 1639//1639 1753//1753 
f 1753//1753 1639//1639 1754//1754 
f 1639//1639 1638//1638 1754//1754 
f 1754//1754 1638//1638 1755//1755 
f 1638//1638 1637//1637 1755//1755 
f 1755//1755 1637//1637 1756//1756 
f 1637//1637 1636//1636 1756//1756 
f 1756//1756 1636//1636 1757//1757 
f 1636//1636 1635//1635 1757//1757 
f 1757//1757 1635//1635 1758//1758 
f 1635//1635 1634//1634 1758//1758 
f 1758//1758 1634//1634 1759//1759 
f 1634//1634 1633//1633 1759//1759 
f 1759//1759 1633//1633 1760//1760 
f 1633//1633 1632//1632 1760//1760 
f 1760//1760 1632//1632 1761//1761 
f 1632//1632 1631//1631 1761//1761 
f 1761//1761 1631//1631 1762//1762 
f 1631//1631 1630//1630 1762//1762 
f 1762//1762 1630//1630 1763//1763 
f 1630//1630 1629//1629 1763//1763 
f 1763//1763 1629//1629 1764//1764 
f 1629//1629 1628//1628 1764//1764 
f 1764//1764 1628//1628 1765//1765 
f 1628//1628 1627//1627 1765//1765 
f 1765//1765 1627//1627 1766//1766 
f 1627//1627 1626//1626 1766//1766 
f 1766//1766 1626//1626 1767//1767 
f 1626//1626 1625//1625 1767//1767 
f 1767//1767 1625//1625 1768//1768 
f 1625//1625 1624//1624 1768//1768 
f 1768//1768 1624//1624 1769//1769 
f 1624//1624 1623//1623 1769//1769 
f 1769//1769 1623//1623 1770//1770 
f 1623//1623 1622//1622 1770//1770 
f 1770//1770 1622//1622 1771//1771 
f 1622//1622 1621//1621 1771//1771 
f 1771//1771 1621//1621 1772//1772 
f 1621//1621 1620//1620 1772//1772 
f 1772//1772 1620//1620 1773//1773 
f 1620//1620 1619//1619 1773//1773 
f 1773//1773 1619//1619 1774//1774 
f 1619//1619 1618//1618 1774//1774 
f 1774//1774 1618//1618 1775//1775 
f 1618//1618 1617//1617 1775//1775 
f 1775//1775 1617//1617 1776//1776 
f 1617//1617 1616//1616 1776//1776 
f 1776//1776 1616//1616 1777//1777 
f 1616//1616 1698//1698 1777//1777 
f 1777//1777 1698//1698 1698//1698 
f 1698//1698 1702//1702 1698//1698 
f 1698//1698 1702//1702 1702//1702 
f 1702//1702 1778//1778 1702//1702 
f 1702//1702 1778//1778 1701//1701 
f 1778//1778 1700//1700 1701//1701 
f 1701//1701 1700//1700 1700//1700 
f 1700//1700 1778//1778 1700//1700 
f 1700//1700 1778//1778 1778//1778 
f 1778//1778 1702//1702 1778//1778 
f 1778//1778 1702//1702 1779//1779 
f 1702//1702 1703//1703 1779//1779 
f 1779//1779 1703//1703 1704//1704 
f 1703//1703 1704//1704 1704//1704 
f 1704//1704 1704//1704 1614//1614 
f 1704//1704 1614//1614 1614//1614 
f 1614//1614 1614//1614 1698//1698 
f 1614//1614 1780//1780 1698//1698 
f 1698//1698 1780//1780 1698//1698 
f 1780//1780 1781//1781 1698//1698 
f 1698//1698 1781//1781 1777//1777 
f 1781//1781 1782//1782 1777//1777 
f 1777//1777 1782//1782 1776//1776 
f 1782//1782 1776//1776 1776//1776 
f 1776//1776 1776//1776 1614//1614 
f 1776//1776 1614//1614 1614//1614 
f 1614//1614 1614//1614 1780//1780 
f 1614//1614 1613//1613 1780//1780 
f 1780//1780 1613//1613 1783//1783 
f 1613//1613 1612//1612 1783//1783 
f 1783//1783 1612//1612 1784//1784 
f 1612//1612 1611//1611 1784//1784 
f 1784//1784 1611//1611 1785//1785 
f 1611//1611 1610//1610 1785//1785 
f 1785//1785 1610//1610 1786//1786 
f 1610//1610 1609//1609 1786//1786 
f 1786//1786 1609//1609 1787//1787 
f 1609//1609 1609//1609 1787//1787 
f 1787//1787 1609//1609 1788//1788 
f 1609//1609 1608//1608 1788//1788 
f 1788//1788 1608//1608 1789//1789 
f 1608//1608 1607//1607 1789//1789 
f 1789//1789 1607//1607 1790//1790 
f 1607//1607 1606//1606 1790//1790 
f 1790//1790 1606//1606 1790//1790 
f 1606//1606 1605//1605 1790//1790 
f 1790//1790 1605//1605 1791//1791 
f 1605//1605 1604//1604 1791//1791 
f 1791//1791 1604//1604 1792//1792 
f 1604//1604 1603//1603 1792//1792 
f 1792//1792 1603//1603 1793//1793 
f 1603//1603 1603//1603 1793//1793 
f 1793//1793 1603//1603 1794//1794 
f 1603//1603 1602//1602 1794//1794 
f 1794//1794 1602//1602 1795//1795 
f 1602//1602 1601//1601 1795//1795 
f 1795//1795 1601//1601 1796//1796 
f 1601//1601 1600//1600 1796//1796 
f 1796//1796 1600//1600 1797//1797 
f 1600//1600 1599//1599 1797//1797 
f 1797//1797 1599//1599 1798//1798 
f 1599//1599 1598//1598 1798//1798 
f 1798//1798 1598//1598 1799//1799 
f 1598//1598 1597//1597 1799//1799 
f 1799//1799 1597//1597 1800//1800 
f 1597//1597 1596//1596 1800//1800 
f 1800//1800 1596//1596 1801//1801 
f 1596//1596 1595//1595 1801//1801 
f 1801//1801 1595//1595 1802//1802 
f 1595//1595 1594//1594 1802//1802 
f 1802//1802 1594//1594 1803//1803 
f 1594//1594 1593//1593 1803//1803 
f 1803//1803 1593//1593 1804//1804 
f 1593//1593 1592//1592 1804//1804 
f 1804//1804 1592//1592 1805//1805 
f 1592//1592 1591//1591 1805//1805 
f 1805//1805 1591//1591 1806//1806 
f 1591//1591 1590//1590 1806//1806 
f 1806//1806 1590//1590 1807//1807 
f 1590//1590 1589//1589 1807//1807 
f 1807//1807 1589//1589 1808//1808 
f 1589//1589 1588//1588 1808//1808 
f 1808//1808 1588//1588 1809//1809 
f 1588//1588 1587//1587 1809//1809 
f 1809//1809 1587//1587 1810//1810 
f 1587//1587 1586//1586 1810//1810 
f 1810//1810 1586//1586 1811//1811 
f 1586//1586 1585//1585 1811//1811 
f 1811//1811 1585//1585 1812//1812 
f 1585//1585 1584//1584 1812//1812 
f 1812//1812 1584//1584 1813//1813 
f 1584//1584 1583//1583 1813//1813 
f 1813//1813 1583//1583 1814//1814 
f 1583//1583 1582//1582 1814//1814 
f 1814//1814 1582//1582 1815//1815 
f 1582//1582 1581//1581 1815//1815 
f 1815//1815 1581//1581 1816//1816 
f 1581//1581 1580//1580 1816//1816 
f 1816//1816 1580//1580 1817//1817 
f 1580//1580 1579//1579 1817//1817 
f 1817//1817 1579//1579 1818//1818 
f 1579//1579 1578//1578 1818//1818 
f 1818//1818 1578//1578 1818//1818 
f 1578//1578 1577//1577 1818//1818 
f 1818//1818 1577//1577 1819//1819 
f 1577//1577 1576//1576 1819//1819 
f 1819//1819 1576//1576 1820//1820 
f 1576//1576 1575//1575 1820//1820 
f 1820//1820 1575//1575 1821//1821 
f 1575//1575 1574//1574 1821//1821 
f 1821//1821 1574//1574 1822//1822 
f 1574//1574 1574//1574 1822//1822 
f 1822//1822 1574//1574 1823//1823 
f 1574//1574 1573//1573 1823//1823 
f 1823//1823 1573//1573 1824//1824 
f 1573//1573 1572//1572 1824//1824 
f 1824//1824 1572//1572 1825//1825 
f 1572//1572 1571//1571 1825//1825 
f 1825//1825 1571//1571 1826//1826 
f 1571//1571 1570//1570 1826//1826 
f 1826//1826 1570//1570 1827//1827 
f 1570//1570 1569//1569 1827//1827 
f 1827//1827 1569//1569 1828//1828 
f 1569//1569 1568//1568 1828//1828 
f 1828//1828 1568//1568 1829//1829 
f 1568//1568 1567//1567 1829//1829 
f 1829//1829 1567//1567 1829//1829 
f 1567//1567 1566//1566 1829//1829 
f 1829//1829 1566//1566 1830//1830 
f 1566//1566 1565//1565 1830//1830 
f 1830//1830 1565//1565 1831//1831 
f 1565//1565 1564//1564 1831//1831 
f 1831//1831 1564//1564 1832//1832 
f 1564//1564 1563//1563 1832//1832 
f 1832//1832 1563//1563 1833//1833 
f 1563//1563 1562//1562 1833//1833 
f 1833//1833 1562//1562 1834//1834 
f 1562//1562 1561//1561 1834//1834 
f 1834//1834 1561//1561 1835//1835 
f 1561//1561 1560//1560 1835//1835 
f 1835//1835 1560//1560 1836//1836 
f 1560//1560 1559//1559 1836//1836 
f 1836//1836 1559//1559 1837//1837 
f 1559//1559 1559//1559 1837//1837 
f 1837//1837 1559//1559 1838//1838 
f 1559//1559 1558//1558 1838//1838 
f 1838//1838 1558//1558 1839//1839 
f 1558//1558 1557//1557 1839//1839 
f 1839//1839 1557//1557 1840//1840 
f 1557//1557 1556//1556 1840//1840 
f 1840//1840 1556//1556 1840//1840 
f 1556//1556 1555//1555 1840//1840 
f 1840//1840 1555//1555 1841//1841 
f 1555//1555 1554//1554 1841//1841 
f 1841//1841 1554//1554 1842//1842 
f 1554//1554 1553//1553 1842//1842 
f 1842//1842 1553//1553 1843//1843 
f 1553//1553 1552//1552 1843//1843 
f 1843//1843 1552//1552 1844//1844 
f 1552//1552 1551//1551 1844//1844 
f 1844//1844 1551//1551 1845//1845 
f 1551//1551 1550//1550 1845//1845 
f 1845//1845 1550//1550 1846//1846 
f 1550//1550 1549//1549 1846//1846 
f 1846//1846 1549//1549 1847//1847 
f 1549//1549 1548//1548 1847//1847 
f 1847//1847 1548//1548 1848//1848 
f 1548//1548 1547//1547 1848//1848 
f 1848//1848 1547//1547 1849//1849 
f 1547//1547 1547//1547 1849//1849 
f 1849//1849 1547//1547 1850//1850 
f 1547//1547 1546//1546 1850//1850 
f 1850//1850 1546//1546 1851//1851 
f 1546//1546 1545//1545 1851//1851 
f 1851//1851 1545//1545 1851//1851 
f 1545//1545 1544//1544 1851//1851 
f 1851//1851 1544//1544 1851//1851 
f 1544//1544 1852//1852 1851//1851 
f 1851//1851 1852//1852 1851//1851 
f 1852//1852 1853//1853 1851//1851 
f 1851//1851 1853//1853 1850//1850 
f 1853//1853 1854//1854 1850//1850 
f 1850//1850 1854//1854 1849//1849 
f 1854//1854 1855//1855 1849//1849 
f 1849//1849 1855//1855 1848//1848 
f 1855//1855 1856//1856 1848//1848 
f 1848//1848 1856//1856 1847//1847 
f 1856//1856 1857//1857 1847//1847 
f 1847//1847 1857//1857 1846//1846 
f 1857//1857 1858//1858 1846//1846 
f 1846//1846 1858//1858 1845//1845 
f 1858//1858 1859//1859 1845//1845 
f 1845//1845 1859//1859 1844//1844 
f 1859//1859 1860//1860 1844//1844 
f 1844//1844 1860//1860 1843//1843 
f 1860//1860 1861//1861 1843//1843 
f 1843//1843 1861//1861 1842//1842 
f 1861//1861 1862//1862 1842//1842 
f 1842//1842 1862//1862 1841//1841 
f 1862//1862 1863//1863 1841//1841 
f 1841//1841 1863//1863 1840//1840 
f 1863//1863 1864//1864 1840//1840 
f 1840//1840 1864//1864 1839//1839 
f 1864//1864 1865//1865 1839//1839 
f 1839//1839 1865//1865 1838//1838 
f 1865//1865 1866//1866 1838//1838 
f 1838//1838 1866//1866 1837//1837 
f 1866//1866 1867//1867 1837//1837 
f 1837//1837 1867//1867 1836//1836 
f 1867//1867 1868//1868 1836//1836 
f 1836//1836 1868//1868 1835//1835 
f 1868//1868 1869//1869 1835//1835 
f 1835//1835 1869//1869 1834//1834 
f 1869//1869 1870//1870 1834//1834 
f 1834//1834 1870//1870 1833//1833 
f 1870//1870 1871//1871 1833//1833 
f 1833//1833 1871//1871 1832//1832 
f 1871//1871 1872//1872 1832//1832 
f 1832//1832 1872//1872 1831//1831 
f 1872//1872 1873//1873 1831//1831 
f 1831//1831 1873//1873 1830//1830 
f 1873//1873 1874//1874 1830//1830 
f 1830//1830 1874//1874 1829//1829 
f 1874//1874 1875//1875 1829//1829 
f 1829//1829 1875//1875 1828//1828 
f 1875//1875 1875//1875 1828//1828 
f 1828//1828 1875//1875 1827//1827 
f 1875//1875 1876//1876 1827//1827 
f 1827//1827 1876//1876 1826//1826 
f 1876//1876 1877//1877 1826//1826 
f 1826//1826 1877//1877 1825//1825 
f 1877//1877 1878//1878 1825//1825 
f 1825//1825 1878//1878 1824//1824 
f 1878//1878 1879//1879 1824//1824 
f 1824//1824 1879//1879 1823//1823 
f 1879//1879 1880//1880 1823//1823 
f 1823//1823 1880//1880 1822//1822 
f 1880//1880 1881//1881 1822//1822 
f 1822//1822 1881//1881 1821//1821 
f 1881//1881 1882//1882 1821//1821 
f 1821//1821 1882//1882 1820//1820 
f 1882//1882 1883//1883 1820//1820 
f 1820//1820 1883//1883 1819//1819 
f 1883//1883 1884//1884 1819//1819 
f 1819//1819 1884//1884 1818//1818 
f 1884//1884 1885//1885 1818//1818 
f 1818//1818 1885//1885 1817//1817 
f 1885//1885 1886//1886 1817//1817 
f 1817//1817 1886//1886 1816//1816 
f 1886//1886 1887//1887 1816//1816 
f 1816//1816 1887//1887 1815//1815 
f 1887//1887 1888//1888 1815//1815 
f 1815//1815 1888//1888 1814//1814 
f 1888//1888 1889//1889 1814//1814 
f 1814//1814 1889//1889 1813//1813 
f 1889//1889 1890//1890 1813//1813 
f 1813//1813 1890//1890 1813//1813 
f 1890//1890 1891//1891 1813//1813 
f 1813//1813 1891//1891 1812//1812 
f 1891//1891 1892//1892 1812//1812 
f 1812//1812 1892//1892 1811//1811 
f 1892//1892 1893//1893 1811//1811 
f 1811//1811 1893//1893 1810//1810 
f 1893//1893 1894//1894 1810//1810 
f 1810//1810 1894//1894 1809//1809 
f 1894//1894 1895//1895 1809//1809 
f 1809//1809 1895//1895 1808//1808 
f 1895//1895 1896//1896 1808//1808 
f 1808//1808 1896//1896 1807//1807 
f 1896//1896 1897//1897 1807//1807 
f 1807//1807 1897//1897 1806//1806 
f 1897//1897 1898//1898 1806//1806 
f 1806//1806 1898//1898 1805//1805 
f 1898//1898 1899//1899 1805//1805 
f 1805//1805 1899//1899 1804//1804 
f 1899//1899 1900//1900 1804//1804 
f 1804//1804 1900//1900 1803//1803 
f 1900//1900 1901//1901 1803//1803 
f 1803//1803 1901//1901 1802//1802 
f 1901//1901 1902//1902 1802//1802 
f 1802//1802 1902//1902 1801//1801 
f 1902//1902 1902//1902 1801//1801 
f 1801//1801 1902//1902 1800//1800 
f 1902//1902 1903//1903 1800//1800 
f 1800//1800 1903//1903 1799//1799 
f 1903//1903 1904//1904 1799//1799 
f 1799//1799 1904//1904 1798//1798 
f 1904//1904 1905//1905 1798//1798 
f 1798//1798 1905//1905 1797//1797 
f 1905//1905 1906//1906 1797//1797 
f 1797//1797 1906//1906 1796//1796 
f 1906//1906 1907//1907 1796//1796 
f 1796//1796 1907//1907 1795//1795 
f 1907//1907 1908//1908 1795//1795 
f 1795//1795 1908//1908 1794//1794 
f 1908//1908 1909//1909 1794//1794 
f 1794//1794 1909//1909 1793//1793 
f 1909//1909 1910//1910 1793//1793 
f 1793//1793 1910//1910 1792//1792 
f 1910//1910 1911//1911 1792//1792 
f 1792//1792 1911//1911 1791//1791 
f 1911//1911 1912//1912 1791//1791 
f 1791//1791 1912//1912 1790//1790 
f 1912//1912 1913//1913 1790//1790 
f 1790//1790 1913//1913 1789//1789 
f 1913//1913 1914//1914 1789//1789 
f 1789//1789 1914//1914 1788//1788 
f 1914//1914 1915//1915 1788//1788 
f 1788//1788 1915//1915 1788//1788 
f 1915//1915 1916//1916 1788//1788 
f 1788//1788 1916//1916 1787//1787 
f 1916//1916 1917//1917 1787//1787 
f 1787//1787 1917//1917 1786//1786 
f 1917//1917 1918//1918 1786//1786 
f 1786//1786 1918//1918 1785//1785 
f 1918//1918 1919//1919 1785//1785 
f 1785//1785 1919//1919 1784//1784 
f 1919//1919 1920//1920 1784//1784 
f 1784//1784 1920//1920 1783//1783 
f 1920//1920 1921//1921 1783//1783 
f 1783//1783 1921//1921 1780//1780 
f 1921//1921 1921//1921 1780//1780 
f 1780//1780 1921//1921 1781//1781 
f 1921//1921 1922//1922 1781//1781 
f 1781//1781 1922//1922 1781//1781 
f 1922//1922 1923//1923 1781//1781 
f 1781//1781 1923//1923 1782//1782 
f 1923//1923 1924//1924 1782//1782 
f 1782//1782 1924//1924 1776//1776 
f 1924//1924 1925//1925 1776//1776 
f 1776//1776 1925//1925 1775//1775 
f 1925//1925 1926//1926 1775//1775 
f 1775//1775 1926//1926 1774//1774 
f 1926//1926 1927//1927 1774//1774 
f 1774//1774 1927//1927 1773//1773 
f 1927//1927 1928//1928 1773//1773 
f 1773//1773 1928//1928 1772//1772 
f 1928//1928 1928//1928 1772//1772 
f 1772//1772 1928//1928 1771//1771 
f 1928//1928 1929//1929 1771//1771 
f 1771//1771 1929//1929 1770//1770 
f 1929//1929 1930//1930 1770//1770 
f 1770//1770 1930//1930 1769//1769 
f 1930//1930 1931//1931 1769//1769 
f 1769//1769 1931//1931 1768//1768 
f 1931//1931 1932//1932 1768//1768 
f 1768//1768 1932//1932 1768//1768 
f 1932//1932 1933//1933 1768//1768 
f 1768//1768 1933//1933 1767//1767 
f 1933//1933 1934//1934 1767//1767 
f 1767//1767 1934//1934 1766//1766 
f 1934//1934 1935//1935 1766//1766 
f 1766//1766 1935//1935 1765//1765 
f 1935//1935 1936//1936 1765//1765 
f 1765//1765 1936//1936 1764//1764 
f 1936//1936 1937//1937 1764//1764 
f 1764//1764 1937//1937 1763//1763 
f 1937//1937 1938//1938 1763//1763 
f 1763//1763 1938//1938 1762//1762 
f 1938//1938 1939//1939 1762//1762 
f 1762//1762 1939//1939 1761//1761 
f 1939//1939 1939//1939 1761//1761 
f 1761//1761 1939//1939 1760//1760 
f 1939//1939 1940//1940 1760//1760 
f 1760//1760 1940//1940 1759//1759 
f 1940//1940 1941//1941 1759//1759 
f 1759//1759 1941//1941 1758//1758 
f 1941//1941 1942//1942 1758//1758 
f 1758//1758 1942//1942 1758//1758 
f 1942//1942 1943//1943 1758//1758 
f 1758//1758 1943//1943 1757//1757 
f 1943//1943 1944//1944 1757//1757 
f 1757//1757 1944//1944 1756//1756 
f 1944//1944 1945//1945 1756//1756 
f 1756//1756 1945//1945 1755//1755 
f 1945//1945 1946//1946 1755//1755 
f 1755//1755 1946//1946 1754//1754 
f 1946//1946 1947//1947 1754//1754 
f 1754//1754 1947//1947 1753//1753 
f 1947//1947 1948//1948 1753//1753 
f 1753//1753 1948//1948 1752//1752 
f 1948//1948 1949//1949 1752//1752 
f 1752//1752 1949//1949 1751//1751 
f 1949//1949 1950//1950 1751//1751 
f 1751//1751 1950//1950 1750//1750 
f 1950//1950 1951//1951 1750//1750 
f 1750//1750 1951//1951 1749//1749 
f 1951//1951 1952//1952 1749//1749 
f 1749//1749 1952//1952 1748//1748 
f 1952//1952 1953//1953 1748//1748 
f 1748//1748 1953//1953 1747//1747 
f 1953//1953 1954//1954 1747//1747 
f 1747//1747 1954//1954 1746//1746 
f 1954//1954 1955//1955 1746//1746 
f 1746//1746 1955//1955 1745//1745 
f 1955//1955 1956//1956 1745//1745 
f 1745//1745 1956//1956 1744//1744 
f 1956//1956 1957//1957 1744//1744 
f 1744//1744 1957//1957 1743//1743 
f 1957//1957 1958//1958 1743//1743 
f 1743//1743 1958//1958 1742//1742 
f 1958//1958 1959//1959 1742//1742 
f 1742//1742 1959//1959 1741//1741 
f 1959//1959 1960//1960 1741//1741 
f 1741//1741 1960//1960 1740//1740 
f 1960//1960 1961//1961 1740//1740 
f 1740//1740 1961//1961 1739//1739 
f 1961//1961 1962//1962 1739//1739 
f 1739//1739 1962//1962 1738//1738 
f 1962//1962 1963//1963 1738//1738 
f 1738//1738 1963//1963 1737//1737 
f 1963//1963 1964//1964 1737//1737 
f 1737//1737 1964//1964 1736//1736 
f 1964//1964 1965//1965 1736//1736 
f 1736//1736 1965//1965 1735//1735 
f 1965//1965 1966//1966 1735//1735 
f 1735//1735 1966//1966 1734//1734 
f 1966//1966 1966//1966 1734//1734 
f 1734//1734 1966//1966 1733//1733 
f 1966//1966 1967//1967 1733//1733 
f 1733//1733 1967//1967 1732//1732 
f 1967//1967 1968//1968 1732//1732 
f 1732//1732 1968//1968 1731//1731 
f 1968//1968 1969//1969 1731//1731 
f 1731//1731 1969//1969 1730//1730 
f 1969//1969 1970//1970 1730//1730 
f 1730//1730 1970//1970 1729//1729 
f 1970//1970 1971//1971 1729//1729 
f 1729//1729 1971//1971 1728//1728 
f 1971//1971 1972//1972 1728//1728 
f 1728//1728 1972//1972 1727//1727 
f 1972//1972 1973//1973 1727//1727 
f 1727//1727 1973//1973 1726//1726 
f 1973//1973 1974//1974 1726//1726 
f 1726//1726 1974//1974 1725//1725 
f 1974//1974 1975//1975 1725//1725 
f 1725//1725 1975//1975 1724//1724 
f 1975//1975 1976//1976 1724//1724 
f 1724//1724 1976//1976 1723//1723 
f 1976//1976 1977//1977 1723//1723 
f 1723//1723 1977//1977 1722//1722 
f 1977//1977 1978//1978 1722//1722 
f 1722//1722 1978//1978 1721//1721 
f 1978//1978 1979//1979 1721//1721 
f 1721//1721 1979//1979 1720//1720 
f 1979//1979 1980//1980 1720//1720 
f 1720//1720 1980//1980 1719//1719 
f 1980//1980 1981//1981 1719//1719 
f 1719//1719 1981//1981 1718//1718 
f 1981//1981 1982//1982 1718//1718 
f 1718//1718 1982//1982 1717//1717 
f 1982//1982 1983//1983 1717//1717 
f 1717//1717 1983//1983 1716//1716 
f 1983//1983 1984//1984 1716//1716 
f 1716//1716 1984//1984 1716//1716 
f 1984//1984 1985//1985 1716//1716 
f 1716//1716 1985//1985 1715//1715 
f 1985//1985 1986//1986 1715//1715 
f 1715//1715 1986//1986 1714//1714 
f 1986//1986 1987//1987 1714//1714 
f 1714//1714 1987//1987 1713//1713 
f 1987//1987 1988//1988 1713//1713 
f 1713//1713 1988//1988 1712//1712 
f 1988//1988 1989//1989 1712//1712 
f 1712//1712 1989//1989 1711//1711 
f 1989//1989 1990//1990 1711//1711 
f 1711//1711 1990//1990 1710//1710 
f 1990//1990 1991//1991 1710//1710 
f 1710//1710 1991//1991 1709//1709 
f 1991//1991 1992//1992 1709//1709 
f 1709//1709 1992//1992 1708//1708 
f 1992//1992 1993//1993 1708//1708 
f 1708//1708 1993//1993 1707//1707 
f 1993//1993 1994//1994 1707//1707 
f 1707//1707 1994//1994 1706//1706 
f 1994//1994 1995//1995 1706//1706 
f 1706//1706 1995//1995 1705//1705 
f 1995//1995 1996//1996 1705//1705 
f 1705//1705 1996//1996 1704//1704 
f 1996//1996 1996//1996 1704//1704 
f 1704//1704 1996//1996 1779//1779 
f 1996//1996 1997//1997 1779//1779 
f 1779//1779 1997//1997 1778//1778 
f 1997//1997 1998//1998 1778//1778 
f 1778//1778 1998//1998 1700//1700 
f 1998//1998 1999//1999 1700//1700 
f 1700//1700 1999//1999 1699//1699 
f 1999//1999 1999//1999 1699//1699 
f 1699//1699 1999//1999 1697//1697 
f 1999//1999 1999//1999 1697//1697 
f 1697//1697 1999//1999 1359//1359 
f 1999//1999 1999//1999 1359//1359 
f 1359//1359 1999//1999 1358//1358 
f 1999//1999 2000//2000 1358//1358 
f 1358//1358 2000//2000 1357//1357 
f 2000//2000 2001//2001 1357//1357 
f 1357//1357 2001//2001 1356//1356 
f 2001//2001 1356//1356 1356//1356 
f 1356//1356 1356//1356 1999//1999 
f 1356//1356 1999//1999 1999//1999 
f 1999//1999 1999//1999 2000//2000 
f 1999//1999 1998//1998 2000//2000 
f 2000//2000 1998//1998 2002//2002 
f 1998//1998 1998//1998 2002//2002 
f 2002//2002 1998//1998 2003//2003 
f 1998//1998 1997//1997 2003//2003 
f 2003//2003 1997//1997 2004//2004 
f 1997//1997 1996//1996 2004//2004 
f 2004//2004 1996//1996 2005//2005 
f 1996//1996 1995//1995 2005//2005 
f 2005//2005 1995//1995 2006//2006 
f 1995//1995 1994//1994 2006//2006 
f 2006//2006 1994//1994 2007//2007 
f 1994//1994 1993//1993 2007//2007 
f 2007//2007 1993//1993 2008//2008 
f 1993//1993 1992//1992 2008//2008 
f 2008//2008 1992//1992 2009//2009 
f 1992//1992 1991//1991 2009//2009 
f 2009//2009 1991//1991 2010//2010 
f 1991//1991 1990//1990 2010//2010 
f 2010//2010 1990//1990 2011//2011 
f 1990//1990 1989//1989 2011//2011 
f 2011//2011 1989//1989 2012//2012 
f 1989//1989 1988//1988 2012//2012 
f 2012//2012 1988//1988 2013//2013 
f 1988//1988 1987//1987 2013//2013 
f 2013//2013 1987//1987 2014//2014 
f 1987//1987 1986//1986 2014//2014 
f 2014//2014 1986//1986 2015//2015 
f 1986//1986 1985//1985 2015//2015 
f 2015//2015 1985//1985 2016//2016 
f 1985//1985 1984//1984 2016//2016 
f 2016//2016 1984//1984 2017//2017 
f 1984//1984 1983//1983 2017//2017 
f 2017//2017 1983//1983 2018//2018 
f 1983//1983 1983//1983 2018//2018 
f 2018//2018 1983//1983 2019//2019 
f 1983//1983 1982//1982 2019//2019 
f 2019//2019 1982//1982 2020//2020 
f 1982//1982 1981//1981 2020//2020 
f 2020//2020 1981//1981 2021//2021 
f 1981//1981 1980//1980 2021//2021 
f 2021//2021 1980//1980 2022//2022 
f 1980//1980 1979//1979 2022//2022 
f 2022//2022 1979//1979 2023//2023 
f 1979//1979 1978//1978 2023//2023 
f 2023//2023 1978//1978 2024//2024 
f 1978//1978 1977//1977 2024//2024 
f 2024//2024 1977//1977 2025//2025 
f 1977//1977 1976//1976 2025//2025 
f 2025//2025 1976//1976 2026//2026 
f 1976//1976 1975//1975 2026//2026 
f 2026//2026 1975//1975 2027//2027 
f 1975//1975 1974//1974 2027//2027 
f 2027//2027 1974//1974 2028//2028 
f 1974//1974 1973//1973 2028//2028 
f 2028//2028 1973//1973 2029//2029 
f 1973//1973 1972//1972 2029//2029 
f 2029//2029 1972//1972 2030//2030 
f 1972//1972 1971//1971 2030//2030 
f 2030//2030 1971//1971 2031//2031 
f 1971//1971 1970//1970 2031//2031 
f 2031//2031 1970//1970 2031//2031 
f 1970//1970 1969//1969 2031//2031 
f 2031//2031 1969//1969 2032//2032 
f 1969//1969 1968//1968 2032//2032 
f 2032//2032 1968//1968 2033//2033 
f 1968//1968 1967//1967 2033//2033 
f 2033//2033 1967//1967 2034//2034 
f 1967//1967 1966//1966 2034//2034 
f 2034//2034 1966//1966 2035//2035 
f 1966//1966 1965//1965 2035//2035 
f 2035//2035 1965//1965 2036//2036 
f 1965//1965 1964//1964 2036//2036 
f 2036//2036 1964//1964 2037//2037 
f 1964//1964 1963//1963 2037//2037 
f 2037//2037 1963//1963 2038//2038 
f 1963//1963 1962//1962 2038//2038 
f 2038//2038 1962//1962 2039//2039 
f 1962//1962 1961//1961 2039//2039 
f 2039//2039 1961//1961 2040//2040 
f 1961//1961 1960//1960 2040//2040 
f 2040//2040 1960//1960 2041//2041 
f 1960//1960 1959//1959 2041//2041 
f 2041//2041 1959//1959 2042//2042 
f 1959//1959 1958//1958 2042//2042 
f 2042//2042 1958//1958 2043//2043 
f 1958//1958 1957//1957 2043//2043 
f 2043//2043 1957//1957 2044//2044 
f 1957//1957 1956//1956 2044//2044 
f 2044//2044 1956//1956 2045//2045 
f 1956//1956 1955//1955 2045//2045 
f 2045//2045 1955//1955 2046//2046 
f 1955//1955 1954//1954 2046//2046 
f 2046//2046 1954//1954 2047//2047 
f 1954//1954 1953//1953 2047//2047 
f 2047//2047 1953//1953 2048//2048 
f 1953//1953 1952//1952 2048//2048 
f 2048//2048 1952//1952 2049//2049 
f 1952//1952 1951//1951 2049//2049 
f 2049//2049 1951//1951 2050//2050 
f 1951//1951 1950//1950 2050//2050 
f 2050//2050 1950//1950 2051//2051 
f 1950//1950 1949//1949 2051//2051 
f 2051//2051 1949//1949 2052//2052 
f 1949//1949 1948//1948 2052//2052 
f 2052//2052 1948//1948 2053//2053 
f 1948//1948 1947//1947 2053//2053 
f 2053//2053 1947//1947 2054//2054 
f 1947//1947 1946//1946 2054//2054 
f 2054//2054 1946//1946 2055//2055 
f 1946//1946 1945//1945 2055//2055 
f 2055//2055 1945//1945 2056//2056 
f 1945//1945 1944//1944 2056//2056 
f 2056//2056 1944//1944 2057//2057 
f 1944//1944 1943//1943 2057//2057 
f 2057//2057 1943//1943 2058//2058 
f 1943//1943 1942//1942 2058//2058 
f 2058//2058 1942//1942 2059//2059 
f 1942//1942 1941//1941 2059//2059 
f 2059//2059 1941//1941 2060//2060 
f 1941//1941 1940//1940 2060//2060 
f 2060//2060 1940//1940 2061//2061 
f 1940//1940 1939//1939 2061//2061 
f 2061//2061 1939//1939 2062//2062 
f 1939//1939 1938//1938 2062//2062 
f 2062//2062 1938//1938 2063//2063 
f 1938//1938 1937//1937 2063//2063 
f 2063//2063 1937//1937 2064//2064 
f 1937//1937 1936//1936 2064//2064 
f 2064//2064 1936//1936 2065//2065 
f 1936//1936 1935//1935 2065//2065 
f 2065//2065 1935//1935 2066//2066 
f 1935//1935 1934//1934 2066//2066 
f 2066//2066 1934//1934 2067//2067 
f 1934//1934 1933//1933 2067//2067 
f 2067//2067 1933//1933 2068//2068 
f 1933//1933 1932//1932 2068//2068 
f 2068//2068 1932//1932 2069//2069 
f 1932//1932 1932//1932 2069//2069 
f 2069//2069 1932//1932 2070//2070 
f 1932//1932 1931//1931 2070//2070 
f 2070//2070 1931//1931 2071//2071 
f 1931//1931 1930//1930 2071//2071 
f 2071//2071 1930//1930 2072//2072 
f 1930//1930 1929//1929 2072//2072 
f 2072//2072 1929//1929 2073//2073 
f 1929//1929 1928//1928 2073//2073 
f 2073//2073 1928//1928 2074//2074 
f 1928//1928 1927//1927 2074//2074 
f 2074//2074 1927//1927 2075//2075 
f 1927//1927 1926//1926 2075//2075 
f 2075//2075 1926//1926 2076//2076 
f 1926//1926 1925//1925 2076//2076 
f 2076//2076 1925//1925 2077//2077 
f 1925//1925 1924//1924 2077//2077 
f 2077//2077 1924//1924 2077//2077 
f 1924//1924 1923//1923 2077//2077 
f 2077//2077 1923//1923 2077//2077 
f 1923//1923 2078//2078 2077//2077 
f 2077//2077 2078//2078 2077//2077 
f 2078//2078 2079//2079 2077//2077 
f 2077//2077 2079//2079 2076//2076 
f 2079//2079 2080//2080 2076//2076 
f 2076//2076 2080//2080 2075//2075 
f 2080//2080 2081//2081 2075//2075 
f 2075//2075 2081//2081 2074//2074 
f 2081//2081 2082//2082 2074//2074 
f 2074//2074 2082//2082 2073//2073 
f 2082//2082 2083//2083 2073//2073 
f 2073//2073 2083//2083 2072//2072 
f 2083//2083 2084//2084 2072//2072 
f 2072//2072 2084//2084 2071//2071 
f 2084//2084 2085//2085 2071//2071 
f 2071//2071 2085//2085 2070//2070 
f 2085//2085 2086//2086 2070//2070 
f 2070//2070 2086//2086 2069//2069 
f 2086//2086 2087//2087 2069//2069 
f 2069//2069 2087//2087 2068//2068 
f 2087//2087 2088//2088 2068//2068 
f 2068//2068 2088//2088 2067//2067 
f 2088//2088 2089//2089 2067//2067 
f 2067//2067 2089//2089 2066//2066 
f 2089//2089 2090//2090 2066//2066 
f 2066//2066 2090//2090 2065//2065 
f 2090//2090 2091//2091 2065//2065 
f 2065//2065 2091//2091 2064//2064 
f 2091//2091 2092//2092 2064//2064 
f 2064//2064 2092//2092 2063//2063 
f 2092//2092 2093//2093 2063//2063 
f 2063//2063 2093//2093 2062//2062 
f 2093//2093 2094//2094 2062//2062 
f 2062//2062 2094//2094 2061//2061 
f 2094//2094 2095//2095 2061//2061 
f 2061//2061 2095//2095 2060//2060 
f 2095//2095 2096//2096 2060//2060 
f 2060//2060 2096//2096 2059//2059 
f 2096//2096 2097//2097 2059//2059 
f 2059//2059 2097//2097 2058//2058 
f 2097//2097 2098//2098 2058//2058 
f 2058//2058 2098//2098 2057//2057 
f 2098//2098 2099//2099 2057//2057 
f 2057//2057 2099//2099 2056//2056 
f 2099//2099 2100//2100 2056//2056 
f 2056//2056 2100//2100 2055//2055 
f 2100//2100 2101//2101 2055//2055 
f 2055//2055 2101//2101 2054//2054 
f 2101//2101 2102//2102 2054//2054 
f 2054//2054 2102//2102 2053//2053 
f 2102//2102 2103//2103 2053//2053 
f 2053//2053 2103//2103 2052//2052 
f 2103//2103 2104//2104 2052//2052 
f 2052//2052 2104//2104 2051//2051 
f 2104//2104 2105//2105 2051//2051 
f 2051//2051 2105//2105 2050//2050 
f 2105//2105 2106//2106 2050//2050 
f 2050//2050 2106//2106 2049//2049 
f 2106//2106 2107//2107 2049//2049 
f 2049//2049 2107//2107 2048//2048 
f 2107//2107 2108//2108 2048//2048 
f 2048//2048 2108//2108 2047//2047 
f 2108//2108 2109//2109 2047//2047 
f 2047//2047 2109//2109 2046//2046 
f 2109//2109 2110//2110 2046//2046 
f 2046//2046 2110//2110 2045//2045 
f 2110//2110 2111//2111 2045//2045 
f 2045//2045 2111//2111 2044//2044 
f 2111//2111 2112//2112 2044//2044 
f 2044//2044 2112//2112 2043//2043 
f 2112//2112 2113//2113 2043//2043 
f 2043//2043 2113//2113 2042//2042 
f 2113//2113 2114//2114 2042//2042 
f 2042//2042 2114//2114 2041//2041 
f 2114//2114 2115//2115 2041//2041 
f 2041//2041 2115//2115 2040//2040 
f 2115//2115 2116//2116 2040//2040 
f 2040//2040 2116//2116 2039//2039 
f 2116//2116 2117//2117 2039//2039 
f 2039//2039 2117//2117 2038//2038 
f 2117//2117 2118//2118 2038//2038 
f 2038//2038 2118//2118 2037//2037 
f 2118//2118 2119//2119 2037//2037 
f 2037//2037 2119//2119 2036//2036 
f 2119//2119 2120//2120 2036//2036 
f 2036//2036 2120//2120 2035//2035 
f 2120//2120 2120//2120 2035//2035 
f 2035//2035 2120//2120 2034//2034 
f 2120//2120 2121//2121 2034//2034 
f 2034//2034 2121//2121 2033//2033 
f 2121//2121 2122//2122 2033//2033 
f 2033//2033 2122//2122 2032//2032 
f 2122//2122 2123//2123 2032//2032 
f 2032//2032 2123//2123 2031//2031 
f 2123//2123 2124//2124 2031//2031 
f 2031//2031 2124//2124 2030//2030 
f 2124//2124 2125//2125 2030//2030 
f 2030//2030 2125//2125 2029//2029 
f 2125//2125 2126//2126 2029//2029 
f 2029//2029 2126//2126 2028//2028 
f 2126//2126 2127//2127 2028//2028 
f 2028//2028 2127//2127 2027//2027 
f 2127//2127 2128//2128 2027//2027 
f 2027//2027 2128//2128 2026//2026 
f 2128//2128 2129//2129 2026//2026 
f 2026//2026 2129//2129 2025//2025 
f 2129//2129 2130//2130 2025//2025 
f 2025//2025 2130//2130 2024//2024 
f 2130//2130 2131//2131 2024//2024 
f 2024//2024 2131//2131 2023//2023 
f 2131//2131 2132//2132 2023//2023 
f 2023//2023 2132//2132 2022//2022 
f 2132//2132 2133//2133 2022//2022 
f 2022//2022 2133//2133 2021//2021 
f 2133//2133 2134//2134 2021//2021 
f 2021//2021 2134//2134 2020//2020 
f 2134//2134 2135//2135 2020//2020 
f 2020//2020 2135//2135 2019//2019 
f 2135//2135 2136//2136 2019//2019 
f 2019//2019 2136//2136 2018//2018 
f 2136//2136 2137//2137 2018//2018 
f 2018//2018 2137//2137 2018//2018 
f 2137//2137 2138//2138 2018//2018 
f 2018//2018 2138//2138 2017//2017 
f 2138//2138 2139//2139 2017//2017 
f 2017//2017 2139//2139 2016//2016 
f 2139//2139 2140//2140 2016//2016 
f 2016//2016 2140//2140 2015//2015 
f 2140//2140 2141//2141 2015//2015 
f 2015//2015 2141//2141 2014//2014 
f 2141//2141 2142//2142 2014//2014 
f 2014//2014 2142//2142 2013//2013 
f 2142//2142 2143//2143 2013//2013 
f 2013//2013 2143//2143 2012//2012 
f 2143//2143 2144//2144 2012//2012 
f 2012//2012 2144//2144 2011//2011 
f 2144//2144 2145//2145 2011//2011 
f 2011//2011 2145//2145 2010//2010 
f 2145//2145 2146//2146 2010//2010 
f 2010//2010 2146//2146 2009//2009 
f 2146//2146 2147//2147 2009//2009 
f 2009//2009 2147//2147 2008//2008 
f 2147//2147 2148//2148 2008//2008 
f 2008//2008 2148//2148 2007//2007 
f 2148//2148 2149//2149 2007//2007 
f 2007//2007 2149//2149 2006//2006 
f 2149//2149 2150//2150 2006//2006 
f 2006//2006 2150//2150 2005//2005 
f 2150//2150 2151//2151 2005//2005 
f 2005//2005 2151//2151 2004//2004 
f 2151//2151 2152//2152 2004//2004 
f 2004//2004 2152//2152 2003//2003 
f 2152//2152 2153//2153 2003//2003 
f 2003//2003 2153//2153 2002//2002 
f 2153//2153 2154//2154 2002//2002 
f 2002//2002 2154//2154 2002//2002 
f 2154//2154 2155//2155 2002//2002 
f 2002//2002 2155//2155 2001//2001 
f 2155//2155 2155//2155 2001//2001 
f 2001//2001 2155//2155 1356//1356 
f 2155//2155 2155//2155 1356//1356 
f 1356//1356 2155//2155 1355//1355 
f 2155//2155 2155//2155 1355//1355 
f 1355//1355 2155//2155 1354//1354 
f 2155//2155 2156//2156 1354//1354 
f 1354//1354 2156//2156 1353//1353 
f 2156//2156 2156//2156 1353//1353 
f 1353//1353 2156//2156 2157//2157 
f 2156//2156 2156//2156 2157//2157 
f 2157//2157 2156//2156 2158//2158 
f 2156//2156 2154//2154 2158//2158 
f 2158//2158 2154//2154 2159//2159 
f 2154//2154 2153//2153 2159//2159 
f 2159//2159 2153//2153 2160//2160 
f 2153//2153 2152//2152 2160//2160 
f 2160//2160 2152//2152 2161//2161 
f 2152//2152 2151//2151 2161//2161 
f 2161//2161 2151//2151 2162//2162 
f 2151//2151 2150//2150 2162//2162 
f 2162//2162 2150//2150 2163//2163 
f 2150//2150 2149//2149 2163//2163 
f 2163//2163 2149//2149 2164//2164 
f 2149//2149 2148//2148 2164//2164 
f 2164//2164 2148//2148 2165//2165 
f 2148//2148 2147//2147 2165//2165 
f 2165//2165 2147//2147 2166//2166 
f 2147//2147 2146//2146 2166//2166 
f 2166//2166 2146//2146 2146//2146 
f 2146//2146 2002//2002 2146//2146 
f 2146//2146 2002//2002 2002//2002 
f 2002//2002 2001//2001 2002//2002 
f 2002//2002 2001//2001 2000//2000 
f 2001//2001 2000//2000 2000//2000 
f 2000//2000 2000//2000 2154//2154 
f 2000//2000 2154//2154 2154//2154 
f 2154//2154 2154//2154 2155//2155 
f 2154//2154 2156//2156 2155//2155 
f 2155//2155 2156//2156 2156//2156 
f 2156//2156 2166//2166 2156//2156 
f 2156//2156 2166//2166 2166//2166 
f 2166//2166 2167//2167 2166//2166 
f 2166//2166 2167//2167 2165//2165 
f 2167//2167 2164//2164 2165//2165 
f 2165//2165 2164//2164 2164//2164 
f 2164//2164 2146//2146 2164//2164 
f 2164//2164 2146//2146 2146//2146 
f 2146//2146 2168//2168 2146//2146 
f 2146//2146 2168//2168 2166//2166 
f 2168//2168 2169//2169 2166//2166 
f 2166//2166 2169//2169 2167//2167 
f 2169//2169 2167//2167 2167//2167 
f 2167//2167 2167//2167 2146//2146 
f 2167//2167 2146//2146 2146//2146 
f 2146//2146 2146//2146 2168//2168 
f 2146//2146 2145//2145 2168//2168 
f 2168//2168 2145//2145 2168//2168 
f 2145//2145 2144//2144 2168//2168 
f 2168//2168 2144//2144 2170//2170 
f 2144//2144 2143//2143 2170//2170 
f 2170//2170 2143//2143 2171//2171 
f 2143//2143 2142//2142 2171//2171 
f 2171//2171 2142//2142 2171//2171 
f 2142//2142 2141//2141 2171//2171 
f 2171//2171 2141//2141 2172//2172 
f 2141//2141 2141//2141 2172//2172 
f 2172//2172 2141//2141 2173//2173 
f 2141//2141 2140//2140 2173//2173 
f 2173//2173 2140//2140 2174//2174 
f 2140//2140 2139//2139 2174//2174 
f 2174//2174 2139//2139 2175//2175 
f 2139//2139 2138//2138 2175//2175 
f 2175//2175 2138//2138 2176//2176 
f 2138//2138 2137//2137 2176//2176 
f 2176//2176 2137//2137 2177//2177 
f 2137//2137 2136//2136 2177//2177 
f 2177//2177 2136//2136 2178//2178 
f 2136//2136 2135//2135 2178//2178 
f 2178//2178 2135//2135 2179//2179 
f 2135//2135 2134//2134 2179//2179 
f 2179//2179 2134//2134 2180//2180 
f 2134//2134 2133//2133 2180//2180 
f 2180//2180 2133//2133 2181//2181 
f 2133//2133 2132//2132 2181//2181 
f 2181//2181 2132//2132 2182//2182 
f 2132//2132 2131//2131 2182//2182 
f 2182//2182 2131//2131 2183//2183 
f 2131//2131 2130//2130 2183//2183 
f 2183//2183 2130//2130 2184//2184 
f 2130//2130 2129//2129 2184//2184 
f 2184//2184 2129//2129 2185//2185 
f 2129//2129 2128//2128 2185//2185 
f 2185//2185 2128//2128 2186//2186 
f 2128//2128 2127//2127 2186//2186 
f 2186//2186 2127//2127 2187//2187 
f 2127//2127 2126//2126 2187//2187 
f 2187//2187 2126//2126 2188//2188 
f 2126//2126 2125//2125 2188//2188 
f 2188//2188 2125//2125 2189//2189 
f 2125//2125 2124//2124 2189//2189 
f 2189//2189 2124//2124 2190//2190 
f 2124//2124 2123//2123 2190//2190 
f 2190//2190 2123//2123 2191//2191 
f 2123//2123 2122//2122 2191//2191 
f 2191//2191 2122//2122 2192//2192 
f 2122//2122 2121//2121 2192//2192 
f 2192//2192 2121//2121 2193//2193 
f 2121//2121 2120//2120 2193//2193 
f 2193//2193 2120//2120 2194//2194 
f 2120//2120 2119//2119 2194//2194 
f 2194//2194 2119//2119 2194//2194 
f 2119//2119 2118//2118 2194//2194 
f 2194//2194 2118//2118 2195//2195 
f 2118//2118 2117//2117 2195//2195 
f 2195//2195 2117//2117 2196//2196 
f 2117//2117 2116//2116 2196//2196 
f 2196//2196 2116//2116 2197//2197 
f 2116//2116 2115//2115 2197//2197 
f 2197//2197 2115//2115 2198//2198 
f 2115//2115 2114//2114 2198//2198 
f 2198//2198 2114//2114 2199//2199 
f 2114//2114 2113//2113 2199//2199 
f 2199//2199 2113//2113 2200//2200 
f 2113//2113 2112//2112 2200//2200 
f 2200//2200 2112//2112 2201//2201 
f 2112//2112 2111//2111 2201//2201 
f 2201//2201 2111//2111 2202//2202 
f 2111//2111 2110//2110 2202//2202 
f 2202//2202 2110//2110 2203//2203 
f 2110//2110 2109//2109 2203//2203 
f 2203//2203 2109//2109 2204//2204 
f 2109//2109 2108//2108 2204//2204 
f 2204//2204 2108//2108 2205//2205 
f 2108//2108 2107//2107 2205//2205 
f 2205//2205 2107//2107 2206//2206 
f 2107//2107 2106//2106 2206//2206 
f 2206//2206 2106//2106 2207//2207 
f 2106//2106 2105//2105 2207//2207 
f 2207//2207 2105//2105 2208//2208 
f 2105//2105 2104//2104 2208//2208 
f 2208//2208 2104//2104 2209//2209 
f 2104//2104 2103//2103 2209//2209 
f 2209//2209 2103//2103 2210//2210 
f 2103//2103 2102//2102 2210//2210 
f 2210//2210 2102//2102 2211//2211 
f 2102//2102 2101//2101 2211//2211 
f 2211//2211 2101//2101 2212//2212 
f 2101//2101 2100//2100 2212//2212 
f 2212//2212 2100//2100 2213//2213 
f 2100//2100 2099//2099 2213//2213 
f 2213//2213 2099//2099 2214//2214 
f 2099//2099 2098//2098 2214//2214 
f 2214//2214 2098//2098 2215//2215 
f 2098//2098 2097//2097 2215//2215 
f 2215//2215 2097//2097 2216//2216 
f 2097//2097 2096//2096 2216//2216 
f 2216//2216 2096//2096 2217//2217 
f 2096//2096 2095//2095 2217//2217 
f 2217//2217 2095//2095 2218//2218 
f 2095//2095 2094//2094 2218//2218 
f 2218//2218 2094//2094 2219//2219 
f 2094//2094 2093//2093 2219//2219 
f 2219//2219 2093//2093 2220//2220 
f 2093//2093 2092//2092 2220//2220 
f 2220//2220 2092//2092 2221//2221 
f 2092//2092 2091//2091 2221//2221 
f 2221//2221 2091//2091 2222//2222 
f 2091//2091 2090//2090 2222//2222 
f 2222//2222 2090//2090 2223//2223 
f 2090//2090 2089//2089 2223//2223 
f 2223//2223 2089//2089 2224//2224 
f 2089//2089 2088//2088 2224//2224 
f 2224//2224 2088//2088 2225//2225 
f 2088//2088 2087//2087 2225//2225 
f 2225//2225 2087//2087 2226//2226 
f 2087//2087 2086//2086 2226//2226 
f 2226//2226 2086//2086 2227//2227 
f 2086//2086 2085//2085 2227//2227 
f 2227//2227 2085//2085 2228//2228 
f 2085//2085 2084//2084 2228//2228 
f 2228//2228 2084//2084 2229//2229 
f 2084//2084 2083//2083 2229//2229 
f 2229//2229 2083//2083 2230//2230 
f 2083//2083 2082//2082 2230//2230 
f 2230//2230 2082//2082 2231//2231 
f 2082//2082 2081//2081 2231//2231 
f 2231//2231 2081//2081 2232//2232 
f 2081//2081 2080//2080 2232//2232 
f 2232//2232 2080//2080 2233//2233 
f 2080//2080 2079//2079 2233//2233 
f 2233//2233 2079//2079 2234//2234 
f 2079//2079 2078//2078 2234//2234 
f 2234//2234 2078//2078 2235//2235 
f 2078//2078 2078//2078 2235//2235 
f 2235//2235 2078//2078 2236//2236 
f 2078//2078 1923//1923 2236//2236 
f 2236//2236 1923//1923 2236//2236 
f 1923//1923 1922//1922 2236//2236 
f 2236//2236 1922//1922 2237//2237 
f 1922//1922 1922//1922 2237//2237 
f 2237//2237 1922//1922 2238//2238 
f 1922//1922 1921//1921 2238//2238 
f 2238//2238 1921//1921 2239//2239 
f 1921//1921 1920//1920 2239//2239 
f 2239//2239 1920//1920 2240//2240 
f 1920//1920 1919//1919 2240//2240 
f 2240//2240 1919//1919 2241//2241 
f 1919//1919 1918//1918 2241//2241 
f 2241//2241 1918//1918 2242//2242 
f 1918//1918 1917//1917 2242//2242 
f 2242//2242 1917//1917 2243//2243 
f 1917//1917 1916//1916 2243//2243 
f 2243//2243 1916//1916 2244//2244 
f 1916//1916 1915//1915 2244//2244 
f 2244//2244 1915//1915 2244//2244 
f 1915//1915 1914//1914 2244//2244 
f 2244//2244 1914//1914 2245//2245 
f 1914//1914 1913//1913 2245//2245 
f 2245//2245 1913//1913 2246//2246 
f 1913//1913 1912//1912 2246//2246 
f 2246//2246 1912//1912 2247//2247 
f 1912//1912 1911//1911 2247//2247 
f 2247//2247 1911//1911 2248//2248 
f 1911//1911 1910//1910 2248//2248 
f 2248//2248 1910//1910 2249//2249 
f 1910//1910 1910//1910 2249//2249 
f 2249//2249 1910//1910 2250//2250 
f 1910//1910 1909//1909 2250//2250 
f 2250//2250 1909//1909 2251//2251 
f 1909//1909 1908//1908 2251//2251 
f 2251//2251 1908//1908 2252//2252 
f 1908//1908 1907//1907 2252//2252 
f 2252//2252 1907//1907 2253//2253 
f 1907//1907 1906//1906 2253//2253 
f 2253//2253 1906//1906 2254//2254 
f 1906//1906 1905//1905 2254//2254 
f 2254//2254 1905//1905 2255//2255 
f 1905//1905 1904//1904 2255//2255 
f 2255//2255 1904//1904 2256//2256 
f 1904//1904 1903//1903 2256//2256 
f 2256//2256 1903//1903 2257//2257 
f 1903//1903 1902//1902 2257//2257 
f 2257//2257 1902//1902 2258//2258 
f 1902//1902 1901//1901 2258//2258 
f 2258//2258 1901//1901 2259//2259 
f 1901//1901 1900//1900 2259//2259 
f 2259//2259 1900//1900 2260//2260 
f 1900//1900 1899//1899 2260//2260 
f 2260//2260 1899//1899 2261//2261 
f 1899//1899 1898//1898 2261//2261 
f 2261//2261 1898//1898 2262//2262 
f 1898//1898 1897//1897 2262//2262 
f 2262//2262 1897//1897 2263//2263 
f 1897//1897 1896//1896 2263//2263 
f 2263//2263 1896//1896 2264//2264 
f 1896//1896 1895//1895 2264//2264 
f 2264//2264 1895//1895 2265//2265 
f 1895//1895 1894//1894 2265//2265 
f 2265//2265 1894//1894 2266//2266 
f 1894//1894 1893//1893 2266//2266 
f 2266//2266 1893//1893 2267//2267 
f 1893//1893 1892//1892 2267//2267 
f 2267//2267 1892//1892 2268//2268 
f 1892//1892 1891//1891 2268//2268 
f 2268//2268 1891//1891 2269//2269 
f 1891//1891 1890//1890 2269//2269 
f 2269//2269 1890//1890 2270//2270 
f 1890//1890 1889//1889 2270//2270 
f 2270//2270 1889//1889 2271//2271 
f 1889//1889 1888//1888 2271//2271 
f 2271//2271 1888//1888 2272//2272 
f 1888//1888 1887//1887 2272//2272 
f 2272//2272 1887//1887 2273//2273 
f 1887//1887 1886//1886 2273//2273 
f 2273//2273 1886//1886 2274//2274 
f 1886//1886 1885//1885 2274//2274 
f 2274//2274 1885//1885 2275//2275 
f 1885//1885 1884//1884 2275//2275 
f 2275//2275 1884//1884 2276//2276 
f 1884//1884 1883//1883 2276//2276 
f 2276//2276 1883//1883 2277//2277 
f 1883//1883 1882//1882 2277//2277 
f 2277//2277 1882//1882 2278//2278 
f 1882//1882 1881//1881 2278//2278 
f 2278//2278 1881//1881 2279//2279 
f 1881//1881 1880//1880 2279//2279 
f 2279//2279 1880//1880 2280//2280 
f 1880//1880 1879//1879 2280//2280 
f 2280//2280 1879//1879 2281//2281 
f 1879//1879 1878//1878 2281//2281 
f 2281//2281 1878//1878 2282//2282 
f 1878//1878 1877//1877 2282//2282 
f 2282//2282 1877//1877 2283//2283 
f 1877//1877 1876//1876 2283//2283 
f 2283//2283 1876//1876 2284//2284 
f 1876//1876 1875//1875 2284//2284 
f 2284//2284 1875//1875 2285//2285 
f 1875//1875 1874//1874 2285//2285 
f 2285//2285 1874//1874 2286//2286 
f 1874//1874 1873//1873 2286//2286 
f 2286//2286 1873//1873 2287//2287 
f 1873//1873 1872//1872 2287//2287 
f 2287//2287 1872//1872 2288//2288 
f 1872//1872 1871//1871 2288//2288 
f 2288//2288 1871//1871 2289//2289 
f 1871//1871 1870//1870 2289//2289 
f 2289//2289 1870//1870 2289//2289 
f 1870//1870 1869//1869 2289//2289 
f 2289//2289 1869//1869 2290//2290 
f 1869//1869 1868//1868 2290//2290 
f 2290//2290 1868//1868 2291//2291 
f 1868//1868 1867//1867 2291//2291 
f 2291//2291 1867//1867 2292//2292 
f 1867//1867 1866//1866 2292//2292 
f 2292//2292 1866//1866 2293//2293 
f 1866//1866 1865//1865 2293//2293 
f 2293//2293 1865//1865 2294//2294 
f 1865//1865 1864//1864 2294//2294 
f 2294//2294 1864//1864 2295//2295 
f 1864//1864 1863//1863 2295//2295 
f 2295//2295 1863//1863 2296//2296 
f 1863//1863 1862//1862 2296//2296 
f 2296//2296 1862//1862 2297//2297 
f 1862//1862 1861//1861 2297//2297 
f 2297//2297 1861//1861 2298//2298 
f 1861//1861 1860//1860 2298//2298 
f 2298//2298 1860//1860 2299//2299 
f 1860//1860 1859//1859 2299//2299 
f 2299//2299 1859//1859 2300//2300 
f 1859//1859 1858//1858 2300//2300 
f 2300//2300 1858//1858 2301//2301 
f 1858//1858 1857//1857 2301//2301 
f 2301//2301 1857//1857 2302//2302 
f 1857//1857 1856//1856 2302//2302 
f 2302//2302 1856//1856 2303//2303 
f 1856//1856 1855//1855 2303//2303 
f 2303//2303 1855//1855 2304//2304 
f 1855//1855 1854//1854 2304//2304 
f 2304//2304 1854//1854 2305//2305 
f 1854//1854 1853//1853 2305//2305 
f 2305//2305 1853//1853 2306//2306 
f 1853//1853 1852//1852 2306//2306 
f 2306//2306 1852//1852 2307//2307 
f 1852//1852 1852//1852 2307//2307 
f 2307//2307 1852//1852 2308//2308 
f 1852//1852 1544//1544 2308//2308 
f 2308//2308 1544//1544 2309//2309 
f 1544//1544 85//85 2309//2309 
f 2309//2309 85//85 2309//2309 
f 85//85 86//86 2309//2309 
f 2309//2309 86//86 2310//2310 
f 86//86 87//87 2310//2310 
f 2310//2310 87//87 2311//2311 
f 87//87 88//88 2311//2311 
f 2311//2311 88//88 2312//2312 
f 88//88 89//89 2312//2312 
f 2312//2312 89//89 2313//2313 
f 89//89 90//90 2313//2313 
f 2313//2313 90//90 90//90 
f 90//90 2168//2168 90//90 
f 90//90 2168//2168 2168//2168 
f 2168//2168 2170//2170 2168//2168 
f 2168//2168 2170//2170 2169//2169 
f 2170//2170 2169//2169 2169//2169 
f 2169//2169 2169//2169 2313//2313 
f 2169//2169 2313//2313 2313//2313 
f 2313//2313 2313//2313 2312//2312 
f 2313//2313 2314//2314 2312//2312 
f 2312//2312 2314//2314 2312//2312 
f 2314//2314 2315//2315 2312//2312 
f 2312//2312 2315//2315 2311//2311 
f 2315//2315 2316//2316 2311//2311 
f 2311//2311 2316//2316 2310//2310 
f 2316//2316 2317//2317 2310//2310 
f 2310//2310 2317//2317 2309//2309 
f 2317//2317 2309//2309 2309//2309 
f 2309//2309 2309//2309 2317//2317 
f 2309//2309 2317//2317 2317//2317 
f 2317//2317 2317//2317 2318//2318 
f 2317//2317 2316//2316 2318//2318 
f 2318//2318 2316//2316 2318//2318 
f 2316//2316 2315//2315 2318//2318 
f 2318//2318 2315//2315 2319//2319 
f 2315//2315 2314//2314 2319//2319 
f 2319//2319 2314//2314 2314//2314 
f 2314//2314 2319//2319 2314//2314 
f 2314//2314 2319//2319 2319//2319 
f 2319//2319 2320//2320 2319//2319 
f 2319//2319 2320//2320 2318//2318 
f 2320//2320 2320//2320 2318//2318 
f 2318//2318 2320//2320 2317//2317 
f 2320//2320 2321//2321 2317//2317 
f 2317//2317 2321//2321 2309//2309 
f 2321//2321 2321//2321 2309//2309 
f 2309//2309 2321//2321 2308//2308 
f 2321//2321 2321//2321 2308//2308 
f 2308//2308 2321//2321 2307//2307 
f 2321//2321 2321//2321 2307//2307 
f 2307//2307 2321//2321 2322//2322 
f 2321//2321 2320//2320 2322//2322 
f 2322//2322 2320//2320 2323//2323 
f 2320//2320 2319//2319 2323//2323 
f 2323//2323 2319//2319 2324//2324 
f 2319//2319 2314//2314 2324//2324 
f 2324//2324 2314//2314 2325//2325 
f 2314//2314 2313//2313 2325//2325 
f 2325//2325 2313//2313 2325//2325 
f 2313//2313 90//90 2325//2325 
f 2325//2325 90//90 2326//2326 
f 90//90 91//91 2326//2326 
f 2326//2326 91//91 2327//2327 
f 91//91 92//92 2327//2327 
f 2327//2327 92//92 2328//2328 
f 92//92 93//93 2328//2328 
f 2328//2328 93//93 2329//2329 
f 93//93 94//94 2329//2329 
f 2329//2329 94//94 2330//2330 
f 94//94 94//94 2330//2330 
f 2330//2330 94//94 2331//2331 
f 94//94 95//95 2331//2331 
f 2331//2331 95//95 2332//2332 
f 95//95 96//96 2332//2332 
f 2332//2332 96//96 2333//2333 
f 96//96 97//97 2333//2333 
f 2333//2333 97//97 97//97 
f 97//97 2333//2333 97//97 
f 97//97 2333//2333 2333//2333 
f 2333//2333 2334//2334 2333//2333 
f 2333//2333 2334//2334 2332//2332 
f 2334//2334 2335//2335 2332//2332 
f 2332//2332 2335//2335 2331//2331 
f 2335//2335 2336//2336 2331//2331 
f 2331//2331 2336//2336 2330//2330 
f 2336//2336 2337//2337 2330//2330 
f 2330//2330 2337//2337 2330//2330 
f 2337//2337 2338//2338 2330//2330 
f 2330//2330 2338//2338 2329//2329 
f 2338//2338 2339//2339 2329//2329 
f 2329//2329 2339//2339 2328//2328 
f 2339//2339 2340//2340 2328//2328 
f 2328//2328 2340//2340 2327//2327 
f 2340//2340 2341//2341 2327//2327 
f 2327//2327 2341//2341 2326//2326 
f 2341//2341 2342//2342 2326//2326 
f 2326//2326 2342//2342 2325//2325 
f 2342//2342 2342//2342 2325//2325 
f 2325//2325 2342//2342 2324//2324 
f 2342//2342 2343//2343 2324//2324 
f 2324//2324 2343//2343 2323//2323 
f 2343//2343 2344//2344 2323//2323 
f 2323//2323 2344//2344 2322//2322 
f 2344//2344 2345//2345 2322//2322 
f 2322//2322 2345//2345 2307//2307 
f 2345//2345 2345//2345 2307//2307 
f 2307//2307 2345//2345 2306//2306 
f 2345//2345 2346//2346 2306//2306 
f 2306//2306 2346//2346 2305//2305 
f 2346//2346 2347//2347 2305//2305 
f 2305//2305 2347//2347 2304//2304 
f 2347//2347 2348//2348 2304//2304 
f 2304//2304 2348//2348 2303//2303 
f 2348//2348 2349//2349 2303//2303 
f 2303//2303 2349//2349 2302//2302 
f 2349//2349 2350//2350 2302//2302 
f 2302//2302 2350//2350 2301//2301 
f 2350//2350 2351//2351 2301//2301 
f 2301//2301 2351//2351 2300//2300 
f 2351//2351 2352//2352 2300//2300 
f 2300//2300 2352//2352 2299//2299 
f 2352//2352 2353//2353 2299//2299 
f 2299//2299 2353//2353 2298//2298 
f 2353//2353 2354//2354 2298//2298 
f 2298//2298 2354//2354 2297//2297 
f 2354//2354 2355//2355 2297//2297 
f 2297//2297 2355//2355 2296//2296 
f 2355//2355 2356//2356 2296//2296 
f 2296//2296 2356//2356 2295//2295 
f 2356//2356 2357//2357 2295//2295 
f 2295//2295 2357//2357 2294//2294 
f 2357//2357 2358//2358 2294//2294 
f 2294//2294 2358//2358 2293//2293 
f 2358//2358 2359//2359 2293//2293 
f 2293//2293 2359//2359 2292//2292 
f 2359//2359 2360//2360 2292//2292 
f 2292//2292 2360//2360 2291//2291 
f 2360//2360 2361//2361 2291//2291 
f 2291//2291 2361//2361 2290//2290 
f 2361//2361 2361//2361 2290//2290 
f 2290//2290 2361//2361 2289//2289 
f 2361//2361 2362//2362 2289//2289 
f 2289//2289 2362//2362 2288//2288 
f 2362//2362 2363//2363 2288//2288 
f 2288//2288 2363//2363 2287//2287 
f 2363//2363 2364//2364 2287//2287 
f 2287//2287 2364//2364 2286//2286 
f 2364//2364 2365//2365 2286//2286 
f 2286//2286 2365//2365 2285//2285 
f 2365//2365 2366//2366 2285//2285 
f 2285//2285 2366//2366 2284//2284 
f 2366//2366 2367//2367 2284//2284 
f 2284//2284 2367//2367 2283//2283 
f 2367//2367 2368//2368 2283//2283 
f 2283//2283 2368//2368 2282//2282 
f 2368//2368 2369//2369 2282//2282 
f 2282//2282 2369//2369 2281//2281 
f 2369//2369 2370//2370 2281//2281 
f 2281//2281 2370//2370 2280//2280 
f 2370//2370 2371//2371 2280//2280 
f 2280//2280 2371//2371 2279//2279 
f 2371//2371 2372//2372 2279//2279 
f 2279//2279 2372//2372 2278//2278 
f 2372//2372 2373//2373 2278//2278 
f 2278//2278 2373//2373 2277//2277 
f 2373//2373 2374//2374 2277//2277 
f 2277//2277 2374//2374 2276//2276 
f 2374//2374 2375//2375 2276//2276 
f 2276//2276 2375//2375 2275//2275 
f 2375//2375 2376//2376 2275//2275 
f 2275//2275 2376//2376 2274//2274 
f 2376//2376 2377//2377 2274//2274 
f 2274//2274 2377//2377 2273//2273 
f 2377//2377 2378//2378 2273//2273 
f 2273//2273 2378//2378 2272//2272 
f 2378//2378 2379//2379 2272//2272 
f 2272//2272 2379//2379 2271//2271 
f 2379//2379 2380//2380 2271//2271 
f 2271//2271 2380//2380 2270//2270 
f 2380//2380 2381//2381 2270//2270 
f 2270//2270 2381//2381 2269//2269 
f 2381//2381 2382//2382 2269//2269 
f 2269//2269 2382//2382 2268//2268 
f 2382//2382 2383//2383 2268//2268 
f 2268//2268 2383//2383 2267//2267 
f 2383//2383 2384//2384 2267//2267 
f 2267//2267 2384//2384 2266//2266 
f 2384//2384 2385//2385 2266//2266 
f 2266//2266 2385//2385 2265//2265 
f 2385//2385 2386//2386 2265//2265 
f 2265//2265 2386//2386 2264//2264 
f 2386//2386 2387//2387 2264//2264 
f 2264//2264 2387//2387 2263//2263 
f 2387//2387 2388//2388 2263//2263 
f 2263//2263 2388//2388 2262//2262 
f 2388//2388 2389//2389 2262//2262 
f 2262//2262 2389//2389 2261//2261 
f 2389//2389 2390//2390 2261//2261 
f 2261//2261 2390//2390 2260//2260 
f 2390//2390 2391//2391 2260//2260 
f 2260//2260 2391//2391 2259//2259 
f 2391//2391 2392//2392 2259//2259 
f 2259//2259 2392//2392 2258//2258 
f 2392//2392 2393//2393 2258//2258 
f 2258//2258 2393//2393 2257//2257 
f 2393//2393 2394//2394 2257//2257 
f 2257//2257 2394//2394 2256//2256 
f 2394//2394 2395//2395 2256//2256 
f 2256//2256 2395//2395 2255//2255 
f 2395//2395 2396//2396 2255//2255 
f 2255//2255 2396//2396 2254//2254 
f 2396//2396 2397//2397 2254//2254 
f 2254//2254 2397//2397 2253//2253 
f 2397//2397 2398//2398 2253//2253 
f 2253//2253 2398//2398 2252//2252 
f 2398//2398 2399//2399 2252//2252 
f 2252//2252 2399//2399 2251//2251 
f 2399//2399 2400//2400 2251//2251 
f 2251//2251 2400//2400 2250//2250 
f 2400//2400 2401//2401 2250//2250 
f 2250//2250 2401//2401 2249//2249 
f 2401//2401 2402//2402 2249//2249 
f 2249//2249 2402//2402 2248//2248 
f 2402//2402 2403//2403 2248//2248 
f 2248//2248 2403//2403 2247//2247 
f 2403//2403 2404//2404 2247//2247 
f 2247//2247 2404//2404 2246//2246 
f 2404//2404 2405//2405 2246//2246 
f 2246//2246 2405//2405 2245//2245 
f 2405//2405 2406//2406 2245//2245 
f 2245//2245 2406//2406 2244//2244 
f 2406//2406 2407//2407 2244//2244 
f 2244//2244 2407//2407 2243//2243 
f 2407//2407 2408//2408 2243//2243 
f 2243//2243 2408//2408 2242//2242 
f 2408//2408 2409//2409 2242//2242 
f 2242//2242 2409//2409 2241//2241 
f 2409//2409 2410//2410 2241//2241 
f 2241//2241 2410//2410 2240//2240 
f 2410//2410 2411//2411 2240//2240 
f 2240//2240 2411//2411 2240//2240 
f 2411//2411 2412//2412 2240//2240 
f 2240//2240 2412//2412 2239//2239 
f 2412//2412 2413//2413 2239//2239 
f 2239//2239 2413//2413 2238//2238 
f 2413//2413 2413//2413 2238//2238 
f 2238//2238 2413//2413 2237//2237 
f 2413//2413 2414//2414 2237//2237 
f 2237//2237 2414//2414 2237//2237 
f 2414//2414 2415//2415 2237//2237 
f 2237//2237 2415//2415 2236//2236 
f 2415//2415 2415//2415 2236//2236 
f 2236//2236 2415//2415 2235//2235 
f 2415//2415 2416//2416 2235//2235 
f 2235//2235 2416//2416 2235//2235 
f 2416//2416 2417//2417 2235//2235 
f 2235//2235 2417//2417 2234//2234 
f 2417//2417 2418//2418 2234//2234 
f 2234//2234 2418//2418 2233//2233 
f 2418//2418 2419//2419 2233//2233 
f 2233//2233 2419//2419 2232//2232 
f 2419//2419 2420//2420 2232//2232 
f 2232//2232 2420//2420 2231//2231 
f 2420//2420 2421//2421 2231//2231 
f 2231//2231 2421//2421 2230//2230 
f 2421//2421 2422//2422 2230//2230 
f 2230//2230 2422//2422 2229//2229 
f 2422//2422 2423//2423 2229//2229 
f 2229//2229 2423//2423 2228//2228 
f 2423//2423 2424//2424 2228//2228 
f 2228//2228 2424//2424 2227//2227 
f 2424//2424 2425//2425 2227//2227 
f 2227//2227 2425//2425 2226//2226 
f 2425//2425 2426//2426 2226//2226 
f 2226//2226 2426//2426 2225//2225 
f 2426//2426 2427//2427 2225//2225 
f 2225//2225 2427//2427 2224//2224 
f 2427//2427 2428//2428 2224//2224 
f 2224//2224 2428//2428 2223//2223 
f 2428//2428 2429//2429 2223//2223 
f 2223//2223 2429//2429 2222//2222 
f 2429//2429 2430//2430 2222//2222 
f 2222//2222 2430//2430 2221//2221 
f 2430//2430 2431//2431 2221//2221 
f 2221//2221 2431//2431 2220//2220 
f 2431//2431 2432//2432 2220//2220 
f 2220//2220 2432//2432 2219//2219 
f 2432//2432 2433//2433 2219//2219 
f 2219//2219 2433//2433 2218//2218 
f 2433//2433 2434//2434 2218//2218 
f 2218//2218 2434//2434 2217//2217 
f 2434//2434 2435//2435 2217//2217 
f 2217//2217 2435//2435 2216//2216 
f 2435//2435 2436//2436 2216//2216 
f 2216//2216 2436//2436 2215//2215 
f 2436//2436 2437//2437 2215//2215 
f 2215//2215 2437//2437 2214//2214 
f 2437//2437 2438//2438 2214//2214 
f 2214//2214 2438//2438 2213//2213 
f 2438//2438 2439//2439 2213//2213 
f 2213//2213 2439//2439 2212//2212 
f 2439//2439 2440//2440 2212//2212 
f 2212//2212 2440//2440 2211//2211 
f 2440//2440 2441//2441 2211//2211 
f 2211//2211 2441//2441 2210//2210 
f 2441//2441 2442//2442 2210//2210 
f 2210//2210 2442//2442 2209//2209 
f 2442//2442 2443//2443 2209//2209 
f 2209//2209 2443//2443 2208//2208 
f 2443//2443 2444//2444 2208//2208 
f 2208//2208 2444//2444 2207//2207 
f 2444//2444 2445//2445 2207//2207 
f 2207//2207 2445//2445 2206//2206 
f 2445//2445 2446//2446 2206//2206 
f 2206//2206 2446//2446 2205//2205 
f 2446//2446 2447//2447 2205//2205 
f 2205//2205 2447//2447 2204//2204 
f 2447//2447 2448//2448 2204//2204 
f 2204//2204 2448//2448 2203//2203 
f 2448//2448 2449//2449 2203//2203 
f 2203//2203 2449//2449 2202//2202 
f 2449//2449 2450//2450 2202//2202 
f 2202//2202 2450//2450 2201//2201 
f 2450//2450 2451//2451 2201//2201 
f 2201//2201 2451//2451 2200//2200 
f 2451//2451 2452//2452 2200//2200 
f 2200//2200 2452//2452 2199//2199 
f 2452//2452 2452//2452 2199//2199 
f 2199//2199 2452//2452 2198//2198 
f 2452//2452 2453//2453 2198//2198 
f 2198//2198 2453//2453 2197//2197 
f 2453//2453 2454//2454 2197//2197 
f 2197//2197 2454//2454 2196//2196 
f 2454//2454 2455//2455 2196//2196 
f 2196//2196 2455//2455 2195//2195 
f 2455//2455 2456//2456 2195//2195 
f 2195//2195 2456//2456 2194//2194 
f 2456//2456 2457//2457 2194//2194 
f 2194//2194 2457//2457 2193//2193 
f 2457//2457 2458//2458 2193//2193 
f 2193//2193 2458//2458 2192//2192 
f 2458//2458 2459//2459 2192//2192 
f 2192//2192 2459//2459 2191//2191 
f 2459//2459 2460//2460 2191//2191 
f 2191//2191 2460//2460 2190//2190 
f 2460//2460 2461//2461 2190//2190 
f 2190//2190 2461//2461 2189//2189 
f 2461//2461 2462//2462 2189//2189 
f 2189//2189 2462//2462 2188//2188 
f 2462//2462 2463//2463 2188//2188 
f 2188//2188 2463//2463 2187//2187 
f 2463//2463 2464//2464 2187//2187 
f 2187//2187 2464//2464 2186//2186 
f 2464//2464 2465//2465 2186//2186 
f 2186//2186 2465//2465 2185//2185 
f 2465//2465 2466//2466 2185//2185 
f 2185//2185 2466//2466 2184//2184 
f 2466//2466 2467//2467 2184//2184 
f 2184//2184 2467//2467 2183//2183 
f 2467//2467 2468//2468 2183//2183 
f 2183//2183 2468//2468 2182//2182 
f 2468//2468 2469//2469 2182//2182 
f 2182//2182 2469//2469 2181//2181 
f 2469//2469 2470//2470 2181//2181 
f 2181//2181 2470//2470 2180//2180 
f 2470//2470 2471//2471 2180//2180 
f 2180//2180 2471//2471 2179//2179 
f 2471//2471 2472//2472 2179//2179 
f 2179//2179 2472//2472 2178//2178 
f 2472//2472 2473//2473 2178//2178 
f 2178//2178 2473//2473 2177//2177 
f 2473//2473 2474//2474 2177//2177 
f 2177//2177 2474//2474 2176//2176 
f 2474//2474 2475//2475 2176//2176 
f 2176//2176 2475//2475 2175//2175 
f 2475//2475 2476//2476 2175//2175 
f 2175//2175 2476//2476 2174//2174 
f 2476//2476 2477//2477 2174//2174 
f 2174//2174 2477//2477 2173//2173 
f 2477//2477 2478//2478 2173//2173 
f 2173//2173 2478//2478 2172//2172 
f 2478//2478 2479//2479 2172//2172 
f 2172//2172 2479//2479 2171//2171 
f 2479//2479 2480//2480 2171//2171 
f 2171//2171 2480//2480 2170//2170 
f 2480//2480 2480//2480 2170//2170 
f 2170//2170 2480//2480 2169//2169 
f 2480//2480 2481//2481 2169//2169 
f 2169//2169 2481//2481 2167//2167 
f 2481//2481 2482//2482 2167//2167 
f 2167//2167 2482//2482 2164//2164 
f 2482//2482 2483//2483 2164//2164 
f 2164//2164 2483//2483 2163//2163 
f 2483//2483 2484//2484 2163//2163 
f 2163//2163 2484//2484 2162//2162 
f 2484//2484 2485//2485 2162//2162 
f 2162//2162 2485//2485 2161//2161 
f 2485//2485 2486//2486 2161//2161 
f 2161//2161 2486//2486 2160//2160 
f 2486//2486 2487//2487 2160//2160 
f 2160//2160 2487//2487 2159//2159 
f 2487//2487 2488//2488 2159//2159 
f 2159//2159 2488//2488 2158//2158 
f 2488//2488 2489//2489 2158//2158 
f 2158//2158 2489//2489 2157//2157 
f 2489//2489 2490//2490 2157//2157 
f 2157//2157 2490//2490 1353//1353 
f 2490//2490 2490//2490 1353//1353 
f 1353//1353 2490//2490 1352//1352 
f 2490//2490 2491//2491 1352//1352 
f 1352//1352 2491//2491 1351//1351 
f 2491//2491 1351//1351 1351//1351 
f 1351//1351 1351//1351 2491//2491 
f 1351//1351 2491//2491 2491//2491 
f 2491//2491 2491//2491 2492//2492 
f 2491//2491 2490//2490 2492//2492 
f 2492//2492 2490//2490 2492//2492 
f 2490//2490 2489//2489 2492//2492 
f 2492//2492 2489//2489 2493//2493 
f 2489//2489 2488//2488 2493//2493 
f 2493//2493 2488//2488 2494//2494 
f 2488//2488 2487//2487 2494//2494 
f 2494//2494 2487//2487 2495//2495 
f 2487//2487 2486//2486 2495//2495 
f 2495//2495 2486//2486 2496//2496 
f 2486//2486 2485//2485 2496//2496 
f 2496//2496 2485//2485 2497//2497 
f 2485//2485 2484//2484 2497//2497 
f 2497//2497 2484//2484 2498//2498 
f 2484//2484 2483//2483 2498//2498 
f 2498//2498 2483//2483 2499//2499 
f 2483//2483 2482//2482 2499//2499 
f 2499//2499 2482//2482 2500//2500 
f 2482//2482 2481//2481 2500//2500 
f 2500//2500 2481//2481 2501//2501 
f 2481//2481 2480//2480 2501//2501 
f 2501//2501 2480//2480 2501//2501 
f 2480//2480 2479//2479 2501//2501 
f 2501//2501 2479//2479 2502//2502 
f 2479//2479 2478//2478 2502//2502 
f 2502//2502 2478//2478 2503//2503 
f 2478//2478 2477//2477 2503//2503 
f 2503//2503 2477//2477 2504//2504 
f 2477//2477 2476//2476 2504//2504 
f 2504//2504 2476//2476 2505//2505 
f 2476//2476 2475//2475 2505//2505 
f 2505//2505 2475//2475 2506//2506 
f 2475//2475 2474//2474 2506//2506 
f 2506//2506 2474//2474 2507//2507 
f 2474//2474 2473//2473 2507//2507 
f 2507//2507 2473//2473 2508//2508 
f 2473//2473 2472//2472 2508//2508 
f 2508//2508 2472//2472 2509//2509 
f 2472//2472 2471//2471 2509//2509 
f 2509//2509 2471//2471 2510//2510 
f 2471//2471 2470//2470 2510//2510 
f 2510//2510 2470//2470 2511//2511 
f 2470//2470 2469//2469 2511//2511 
f 2511//2511 2469//2469 2512//2512 
f 2469//2469 2468//2468 2512//2512 
f 2512//2512 2468//2468 2513//2513 
f 2468//2468 2467//2467 2513//2513 
f 2513//2513 2467//2467 2514//2514 
f 2467//2467 2466//2466 2514//2514 
f 2514//2514 2466//2466 2515//2515 
f 2466//2466 2465//2465 2515//2515 
f 2515//2515 2465//2465 2516//2516 
f 2465//2465 2464//2464 2516//2516 
f 2516//2516 2464//2464 2517//2517 
f 2464//2464 2463//2463 2517//2517 
f 2517//2517 2463//2463 2518//2518 
f 2463//2463 2462//2462 2518//2518 
f 2518//2518 2462//2462 2519//2519 
f 2462//2462 2461//2461 2519//2519 
f 2519//2519 2461//2461 2520//2520 
f 2461//2461 2460//2460 2520//2520 
f 2520//2520 2460//2460 2521//2521 
f 2460//2460 2459//2459 2521//2521 
f 2521//2521 2459//2459 2522//2522 
f 2459//2459 2458//2458 2522//2522 
f 2522//2522 2458//2458 2523//2523 
f 2458//2458 2457//2457 2523//2523 
f 2523//2523 2457//2457 2524//2524 
f 2457//2457 2456//2456 2524//2524 
f 2524//2524 2456//2456 2525//2525 
f 2456//2456 2455//2455 2525//2525 
f 2525//2525 2455//2455 2526//2526 
f 2455//2455 2454//2454 2526//2526 
f 2526//2526 2454//2454 2527//2527 
f 2454//2454 2453//2453 2527//2527 
f 2527//2527 2453//2453 2528//2528 
f 2453//2453 2452//2452 2528//2528 
f 2528//2528 2452//2452 2529//2529 
f 2452//2452 2451//2451 2529//2529 
f 2529//2529 2451//2451 2530//2530 
f 2451//2451 2450//2450 2530//2530 
f 2530//2530 2450//2450 2531//2531 
f 2450//2450 2449//2449 2531//2531 
f 2531//2531 2449//2449 2532//2532 
f 2449//2449 2448//2448 2532//2532 
f 2532//2532 2448//2448 2533//2533 
f 2448//2448 2447//2447 2533//2533 
f 2533//2533 2447//2447 2534//2534 
f 2447//2447 2446//2446 2534//2534 
f 2534//2534 2446//2446 2535//2535 
f 2446//2446 2445//2445 2535//2535 
f 2535//2535 2445//2445 2536//2536 
f 2445//2445 2444//2444 2536//2536 
f 2536//2536 2444//2444 2537//2537 
f 2444//2444 2443//2443 2537//2537 
f 2537//2537 2443//2443 2538//2538 
f 2443//2443 2442//2442 2538//2538 
f 2538//2538 2442//2442 2539//2539 
f 2442//2442 2441//2441 2539//2539 
f 2539//2539 2441//2441 2540//2540 
f 2441//2441 2440//2440 2540//2540 
f 2540//2540 2440//2440 2541//2541 
f 2440//2440 2439//2439 2541//2541 
f 2541//2541 2439//2439 2542//2542 
f 2439//2439 2438//2438 2542//2542 
f 2542//2542 2438//2438 2543//2543 
f 2438//2438 2437//2437 2543//2543 
f 2543//2543 2437//2437 2544//2544 
f 2437//2437 2436//2436 2544//2544 
f 2544//2544 2436//2436 2545//2545 
f 2436//2436 2435//2435 2545//2545 
f 2545//2545 2435//2435 2546//2546 
f 2435//2435 2434//2434 2546//2546 
f 2546//2546 2434//2434 2547//2547 
f 2434//2434 2433//2433 2547//2547 
f 2547//2547 2433//2433 2548//2548 
f 2433//2433 2432//2432 2548//2548 
f 2548//2548 2432//2432 2549//2549 
f 2432//2432 2431//2431 2549//2549 
f 2549//2549 2431//2431 2550//2550 
f 2431//2431 2430//2430 2550//2550 
f 2550//2550 2430//2430 2551//2551 
f 2430//2430 2429//2429 2551//2551 
f 2551//2551 2429//2429 2552//2552 
f 2429//2429 2428//2428 2552//2552 
f 2552//2552 2428//2428 2553//2553 
f 2428//2428 2427//2427 2553//2553 
f 2553//2553 2427//2427 2554//2554 
f 2427//2427 2426//2426 2554//2554 
f 2554//2554 2426//2426 2555//2555 
f 2426//2426 2425//2425 2555//2555 
f 2555//2555 2425//2425 2556//2556 
f 2425//2425 2424//2424 2556//2556 
f 2556//2556 2424//2424 2557//2557 
f 2424//2424 2423//2423 2557//2557 
f 2557//2557 2423//2423 2558//2558 
f 2423//2423 2422//2422 2558//2558 
f 2558//2558 2422//2422 2559//2559 
f 2422//2422 2421//2421 2559//2559 
f 2559//2559 2421//2421 2560//2560 
f 2421//2421 2420//2420 2560//2560 
f 2560//2560 2420//2420 2561//2561 
f 2420//2420 2419//2419 2561//2561 
f 2561//2561 2419//2419 2562//2562 
f 2419//2419 2418//2418 2562//2562 
f 2562//2562 2418//2418 2563//2563 
f 2418//2418 2417//2417 2563//2563 
f 2563//2563 2417//2417 2564//2564 
f 2417//2417 2416//2416 2564//2564 
f 2564//2564 2416//2416 2565//2565 
f 2416//2416 2416//2416 2565//2565 
f 2565//2565 2416//2416 2566//2566 
f 2416//2416 2415//2415 2566//2566 
f 2566//2566 2415//2415 2566//2566 
f 2415//2415 2414//2414 2566//2566 
f 2566//2566 2414//2414 2567//2567 
f 2414//2414 2568//2568 2567//2567 
f 2567//2567 2568//2568 2569//2569 
f 2568//2568 2568//2568 2569//2569 
f 2569//2569 2568//2568 2570//2570 
f 2568//2568 2568//2568 2570//2570 
f 2570//2570 2568//2568 2412//2412 
f 2568//2568 2568//2568 2412//2412 
f 2412//2412 2568//2568 2413//2413 
f 2568//2568 2414//2414 2413//2413 
f 2413//2413 2414//2414 2414//2414 
f 2414//2414 2569//2569 2414//2414 
f 2414//2414 2569//2569 2569//2569 
f 2569//2569 2571//2571 2569//2569 
f 2569//2569 2571//2571 2567//2567 
f 2571//2571 2571//2571 2567//2567 
f 2567//2567 2571//2571 2566//2566 
f 2571//2571 2571//2571 2566//2566 
f 2566//2566 2571//2571 2565//2565 
f 2571//2571 2572//2572 2565//2565 
f 2565//2565 2572//2572 2565//2565 
f 2572//2572 2573//2573 2565//2565 
f 2565//2565 2573//2573 2564//2564 
f 2573//2573 2574//2574 2564//2564 
f 2564//2564 2574//2574 2563//2563 
f 2574//2574 2575//2575 2563//2563 
f 2563//2563 2575//2575 2562//2562 
f 2575//2575 2576//2576 2562//2562 
f 2562//2562 2576//2576 2561//2561 
f 2576//2576 2577//2577 2561//2561 
f 2561//2561 2577//2577 2560//2560 
f 2577//2577 2578//2578 2560//2560 
f 2560//2560 2578//2578 2559//2559 
f 2578//2578 2579//2579 2559//2559 
f 2559//2559 2579//2579 2558//2558 
f 2579//2579 2580//2580 2558//2558 
f 2558//2558 2580//2580 2557//2557 
f 2580//2580 2581//2581 2557//2557 
f 2557//2557 2581//2581 2556//2556 
f 2581//2581 2582//2582 2556//2556 
f 2556//2556 2582//2582 2555//2555 
f 2582//2582 2583//2583 2555//2555 
f 2555//2555 2583//2583 2554//2554 
f 2583//2583 2584//2584 2554//2554 
f 2554//2554 2584//2584 2553//2553 
f 2584//2584 2585//2585 2553//2553 
f 2553//2553 2585//2585 2552//2552 
f 2585//2585 2586//2586 2552//2552 
f 2552//2552 2586//2586 2551//2551 
f 2586//2586 2587//2587 2551//2551 
f 2551//2551 2587//2587 2550//2550 
f 2587//2587 2588//2588 2550//2550 
f 2550//2550 2588//2588 2549//2549 
f 2588//2588 2589//2589 2549//2549 
f 2549//2549 2589//2589 2548//2548 
f 2589//2589 2590//2590 2548//2548 
f 2548//2548 2590//2590 2547//2547 
f 2590//2590 2591//2591 2547//2547 
f 2547//2547 2591//2591 2546//2546 
f 2591//2591 2592//2592 2546//2546 
f 2546//2546 2592//2592 2545//2545 
f 2592//2592 2593//2593 2545//2545 
f 2545//2545 2593//2593 2544//2544 
f 2593//2593 2594//2594 2544//2544 
f 2544//2544 2594//2594 2543//2543 
f 2594//2594 2595//2595 2543//2543 
f 2543//2543 2595//2595 2542//2542 
f 2595//2595 2596//2596 2542//2542 
f 2542//2542 2596//2596 2541//2541 
f 2596//2596 2597//2597 2541//2541 
f 2541//2541 2597//2597 2540//2540 
f 2597//2597 2598//2598 2540//2540 
f 2540//2540 2598//2598 2539//2539 
f 2598//2598 2599//2599 2539//2539 
f 2539//2539 2599//2599 2538//2538 
f 2599//2599 2600//2600 2538//2538 
f 2538//2538 2600//2600 2537//2537 
f 2600//2600 2601//2601 2537//2537 
f 2537//2537 2601//2601 2536//2536 
f 2601//2601 2602//2602 2536//2536 
f 2536//2536 2602//2602 2535//2535 
f 2602//2602 2603//2603 2535//2535 
f 2535//2535 2603//2603 2534//2534 
f 2603//2603 2604//2604 2534//2534 
f 2534//2534 2604//2604 2533//2533 
f 2604//2604 2605//2605 2533//2533 
f 2533//2533 2605//2605 2532//2532 
f 2605//2605 2606//2606 2532//2532 
f 2532//2532 2606//2606 2531//2531 
f 2606//2606 2607//2607 2531//2531 
f 2531//2531 2607//2607 2530//2530 
f 2607//2607 2608//2608 2530//2530 
f 2530//2530 2608//2608 2529//2529 
f 2608//2608 2609//2609 2529//2529 
f 2529//2529 2609//2609 2528//2528 
f 2609//2609 2610//2610 2528//2528 
f 2528//2528 2610//2610 2527//2527 
f 2610//2610 2611//2611 2527//2527 
f 2527//2527 2611//2611 2526//2526 
f 2611//2611 2612//2612 2526//2526 
f 2526//2526 2612//2612 2525//2525 
f 2612//2612 2613//2613 2525//2525 
f 2525//2525 2613//2613 2524//2524 
f 2613//2613 2614//2614 2524//2524 
f 2524//2524 2614//2614 2523//2523 
f 2614//2614 2615//2615 2523//2523 
f 2523//2523 2615//2615 2522//2522 
f 2615//2615 2616//2616 2522//2522 
f 2522//2522 2616//2616 2521//2521 
f 2616//2616 2617//2617 2521//2521 
f 2521//2521 2617//2617 2520//2520 
f 2617//2617 2618//2618 2520//2520 
f 2520//2520 2618//2618 2519//2519 
f 2618//2618 2619//2619 2519//2519 
f 2519//2519 2619//2619 2518//2518 
f 2619//2619 2620//2620 2518//2518 
f 2518//2518 2620//2620 2517//2517 
f 2620//2620 2621//2621 2517//2517 
f 2517//2517 2621//2621 2516//2516 
f 2621//2621 2622//2622 2516//2516 
f 2516//2516 2622//2622 2515//2515 
f 2622//2622 2623//2623 2515//2515 
f 2515//2515 2623//2623 2514//2514 
f 2623//2623 2624//2624 2514//2514 
f 2514//2514 2624//2624 2513//2513 
f 2624//2624 2625//2625 2513//2513 
f 2513//2513 2625//2625 2512//2512 
f 2625//2625 2626//2626 2512//2512 
f 2512//2512 2626//2626 2511//2511 
f 2626//2626 2627//2627 2511//2511 
f 2511//2511 2627//2627 2510//2510 
f 2627//2627 2628//2628 2510//2510 
f 2510//2510 2628//2628 2509//2509 
f 2628//2628 2629//2629 2509//2509 
f 2509//2509 2629//2629 2508//2508 
f 2629//2629 2630//2630 2508//2508 
f 2508//2508 2630//2630 2507//2507 
f 2630//2630 2631//2631 2507//2507 
f 2507//2507 2631//2631 2506//2506 
f 2631//2631 2632//2632 2506//2506 
f 2506//2506 2632//2632 2505//2505 
f 2632//2632 2633//2633 2505//2505 
f 2505//2505 2633//2633 2504//2504 
f 2633//2633 2634//2634 2504//2504 
f 2504//2504 2634//2634 2503//2503 
f 2634//2634 2635//2635 2503//2503 
f 2503//2503 2635//2635 2502//2502 
f 2635//2635 2636//2636 2502//2502 
f 2502//2502 2636//2636 2501//2501 
f 2636//2636 2637//2637 2501//2501 
f 2501//2501 2637//2637 2500//2500 
f 2637//2637 2638//2638 2500//2500 
f 2500//2500 2638//2638 2499//2499 
f 2638//2638 2499//2499 2499//2499 
f 2499//2499 2499//2499 2638//2638 
f 2499//2499 2638//2638 2638//2638 
f 2638//2638 2638//2638 2639//2639 
f 2638//2638 2637//2637 2639//2639 
f 2639//2639 2637//2637 2639//2639 
f 2637//2637 2636//2636 2639//2639 
f 2639//2639 2636//2636 2640//2640 
f 2636//2636 2635//2635 2640//2640 
f 2640//2640 2635//2635 2641//2641 
f 2635//2635 2634//2634 2641//2641 
f 2641//2641 2634//2634 2642//2642 
f 2634//2634 2633//2633 2642//2642 
f 2642//2642 2633//2633 2643//2643 
f 2633//2633 2633//2633 2643//2643 
f 2643//2643 2633//2633 2644//2644 
f 2633//2633 2632//2632 2644//2644 
f 2644//2644 2632//2632 2645//2645 
f 2632//2632 2631//2631 2645//2645 
f 2645//2645 2631//2631 2646//2646 
f 2631//2631 2630//2630 2646//2646 
f 2646//2646 2630//2630 2647//2647 
f 2630//2630 2629//2629 2647//2647 
f 2647//2647 2629//2629 2648//2648 
f 2629//2629 2628//2628 2648//2648 
f 2648//2648 2628//2628 2649//2649 
f 2628//2628 2627//2627 2649//2649 
f 2649//2649 2627//2627 2650//2650 
f 2627//2627 2626//2626 2650//2650 
f 2650//2650 2626//2626 2651//2651 
f 2626//2626 2625//2625 2651//2651 
f 2651//2651 2625//2625 2652//2652 
f 2625//2625 2624//2624 2652//2652 
f 2652//2652 2624//2624 2653//2653 
f 2624//2624 2623//2623 2653//2653 
f 2653//2653 2623//2623 2654//2654 
f 2623//2623 2622//2622 2654//2654 
f 2654//2654 2622//2622 2655//2655 
f 2622//2622 2621//2621 2655//2655 
f 2655//2655 2621//2621 2656//2656 
f 2621//2621 2620//2620 2656//2656 
f 2656//2656 2620//2620 2657//2657 
f 2620//2620 2619//2619 2657//2657 
f 2657//2657 2619//2619 2658//2658 
f 2619//2619 2618//2618 2658//2658 
f 2658//2658 2618//2618 2659//2659 
f 2618//2618 2617//2617 2659//2659 
f 2659//2659 2617//2617 2660//2660 
f 2617//2617 2616//2616 2660//2660 
f 2660//2660 2616//2616 2661//2661 
f 2616//2616 2615//2615 2661//2661 
f 2661//2661 2615//2615 2662//2662 
f 2615//2615 2614//2614 2662//2662 
f 2662//2662 2614//2614 2663//2663 
f 2614//2614 2613//2613 2663//2663 
f 2663//2663 2613//2613 2664//2664 
f 2613//2613 2612//2612 2664//2664 
f 2664//2664 2612//2612 2665//2665 
f 2612//2612 2611//2611 2665//2665 
f 2665//2665 2611//2611 2666//2666 
f 2611//2611 2610//2610 2666//2666 
f 2666//2666 2610//2610 2667//2667 
f 2610//2610 2609//2609 2667//2667 
f 2667//2667 2609//2609 2668//2668 
f 2609//2609 2608//2608 2668//2668 
f 2668//2668 2608//2608 2669//2669 
f 2608//2608 2607//2607 2669//2669 
f 2669//2669 2607//2607 2670//2670 
f 2607//2607 2606//2606 2670//2670 
f 2670//2670 2606//2606 2671//2671 
f 2606//2606 2605//2605 2671//2671 
f 2671//2671 2605//2605 2672//2672 
f 2605//2605 2604//2604 2672//2672 
f 2672//2672 2604//2604 2673//2673 
f 2604//2604 2603//2603 2673//2673 
f 2673//2673 2603//2603 2674//2674 
f 2603//2603 2602//2602 2674//2674 
f 2674//2674 2602//2602 2675//2675 
f 2602//2602 2601//2601 2675//2675 
f 2675//2675 2601//2601 2676//2676 
f 2601//2601 2600//2600 2676//2676 
f 2676//2676 2600//2600 2677//2677 
f 2600//2600 2599//2599 2677//2677 
f 2677//2677 2599//2599 2678//2678 
f 2599//2599 2598//2598 2678//2678 
f 2678//2678 2598//2598 2679//2679 
f 2598//2598 2597//2597 2679//2679 
f 2679//2679 2597//2597 2680//2680 
f 2597//2597 2596//2596 2680//2680 
f 2680//2680 2596//2596 2681//2681 
f 2596//2596 2595//2595 2681//2681 
f 2681//2681 2595//2595 2682//2682 
f 2595//2595 2594//2594 2682//2682 
f 2682//2682 2594//2594 2683//2683 
f 2594//2594 2593//2593 2683//2683 
f 2683//2683 2593//2593 2684//2684 
f 2593//2593 2592//2592 2684//2684 
f 2684//2684 2592//2592 2685//2685 
f 2592//2592 2591//2591 2685//2685 
f 2685//2685 2591//2591 2686//2686 
f 2591//2591 2590//2590 2686//2686 
f 2686//2686 2590//2590 2687//2687 
f 2590//2590 2589//2589 2687//2687 
f 2687//2687 2589//2589 2688//2688 
f 2589//2589 2588//2588 2688//2688 
f 2688//2688 2588//2588 2689//2689 
f 2588//2588 2587//2587 2689//2689 
f 2689//2689 2587//2587 2690//2690 
f 2587//2587 2586//2586 2690//2690 
f 2690//2690 2586//2586 2691//2691 
f 2586//2586 2585//2585 2691//2691 
f 2691//2691 2585//2585 2692//2692 
f 2585//2585 2584//2584 2692//2692 
f 2692//2692 2584//2584 2693//2693 
f 2584//2584 2583//2583 2693//2693 
f 2693//2693 2583//2583 2694//2694 
f 2583//2583 2582//2582 2694//2694 
f 2694//2694 2582//2582 2695//2695 
f 2582//2582 2581//2581 2695//2695 
f 2695//2695 2581//2581 2696//2696 
f 2581//2581 2580//2580 2696//2696 
f 2696//2696 2580//2580 2697//2697 
f 2580//2580 2579//2579 2697//2697 
f 2697//2697 2579//2579 2698//2698 
f 2579//2579 2578//2578 2698//2698 
f 2698//2698 2578//2578 2699//2699 
f 2578//2578 2577//2577 2699//2699 
f 2699//2699 2577//2577 2700//2700 
f 2577//2577 2576//2576 2700//2700 
f 2700//2700 2576//2576 2701//2701 
f 2576//2576 2575//2575 2701//2701 
f 2701//2701 2575//2575 2702//2702 
f 2575//2575 2574//2574 2702//2702 
f 2702//2702 2574//2574 2703//2703 
f 2574//2574 2573//2573 2703//2703 
f 2703//2703 2573//2573 2704//2704 
f 2573//2573 2572//2572 2704//2704 
f 2704//2704 2572//2572 2705//2705 
f 2572//2572 2572//2572 2705//2705 
f 2705//2705 2572//2572 2706//2706 
f 2572//2572 2571//2571 2706//2706 
f 2706//2706 2571//2571 2707//2707 
f 2571//2571 2569//2569 2707//2707 
f 2707//2707 2569//2569 2708//2708 
f 2569//2569 2570//2570 2708//2708 
f 2708//2708 2570//2570 2709//2709 
f 2570//2570 2412//2412 2709//2709 
f 2709//2709 2412//2412 2709//2709 
f 2412//2412 2411//2411 2709//2709 
f 2709//2709 2411//2411 2710//2710 
f 2411//2411 2410//2410 2710//2710 
f 2710//2710 2410//2410 2711//2711 
f 2410//2410 2409//2409 2711//2711 
f 2711//2711 2409//2409 2712//2712 
f 2409//2409 2408//2408 2712//2712 
f 2712//2712 2408//2408 2713//2713 
f 2408//2408 2407//2407 2713//2713 
f 2713//2713 2407//2407 2714//2714 
f 2407//2407 2406//2406 2714//2714 
f 2714//2714 2406//2406 2715//2715 
f 2406//2406 2405//2405 2715//2715 
f 2715//2715 2405//2405 2716//2716 
f 2405//2405 2404//2404 2716//2716 
f 2716//2716 2404//2404 2717//2717 
f 2404//2404 2403//2403 2717//2717 
f 2717//2717 2403//2403 2718//2718 
f 2403//2403 2402//2402 2718//2718 
f 2718//2718 2402//2402 2719//2719 
f 2402//2402 2401//2401 2719//2719 
f 2719//2719 2401//2401 2720//2720 
f 2401//2401 2400//2400 2720//2720 
f 2720//2720 2400//2400 2721//2721 
f 2400//2400 2399//2399 2721//2721 
f 2721//2721 2399//2399 2722//2722 
f 2399//2399 2398//2398 2722//2722 
f 2722//2722 2398//2398 2723//2723 
f 2398//2398 2397//2397 2723//2723 
f 2723//2723 2397//2397 2724//2724 
f 2397//2397 2396//2396 2724//2724 
f 2724//2724 2396//2396 2725//2725 
f 2396//2396 2395//2395 2725//2725 
f 2725//2725 2395//2395 2726//2726 
f 2395//2395 2394//2394 2726//2726 
f 2726//2726 2394//2394 2727//2727 
f 2394//2394 2393//2393 2727//2727 
f 2727//2727 2393//2393 2728//2728 
f 2393//2393 2392//2392 2728//2728 
f 2728//2728 2392//2392 2729//2729 
f 2392//2392 2391//2391 2729//2729 
f 2729//2729 2391//2391 2730//2730 
f 2391//2391 2390//2390 2730//2730 
f 2730//2730 2390//2390 2731//2731 
f 2390//2390 2389//2389 2731//2731 
f 2731//2731 2389//2389 2732//2732 
f 2389//2389 2388//2388 2732//2732 
f 2732//2732 2388//2388 2733//2733 
f 2388//2388 2387//2387 2733//2733 
f 2733//2733 2387//2387 2734//2734 
f 2387//2387 2386//2386 2734//2734 
f 2734//2734 2386//2386 2735//2735 
f 2386//2386 2385//2385 2735//2735 
f 2735//2735 2385//2385 2736//2736 
f 2385//2385 2384//2384 2736//2736 
f 2736//2736 2384//2384 2737//2737 
f 2384//2384 2383//2383 2737//2737 
f 2737//2737 2383//2383 2738//2738 
f 2383//2383 2382//2382 2738//2738 
f 2738//2738 2382//2382 2739//2739 
f 2382//2382 2381//2381 2739//2739 
f 2739//2739 2381//2381 2740//2740 
f 2381//2381 2380//2380 2740//2740 
f 2740//2740 2380//2380 2741//2741 
f 2380//2380 2379//2379 2741//2741 
f 2741//2741 2379//2379 2742//2742 
f 2379//2379 2378//2378 2742//2742 
f 2742//2742 2378//2378 2743//2743 
f 2378//2378 2377//2377 2743//2743 
f 2743//2743 2377//2377 2744//2744 
f 2377//2377 2376//2376 2744//2744 
f 2744//2744 2376//2376 2745//2745 
f 2376//2376 2375//2375 2745//2745 
f 2745//2745 2375//2375 2746//2746 
f 2375//2375 2374//2374 2746//2746 
f 2746//2746 2374//2374 2747//2747 
f 2374//2374 2373//2373 2747//2747 
f 2747//2747 2373//2373 2748//2748 
f 2373//2373 2372//2372 2748//2748 
f 2748//2748 2372//2372 2749//2749 
f 2372//2372 2371//2371 2749//2749 
f 2749//2749 2371//2371 2750//2750 
f 2371//2371 2370//2370 2750//2750 
f 2750//2750 2370//2370 2751//2751 
f 2370//2370 2369//2369 2751//2751 
f 2751//2751 2369//2369 2752//2752 
f 2369//2369 2368//2368 2752//2752 
f 2752//2752 2368//2368 2753//2753 
f 2368//2368 2367//2367 2753//2753 
f 2753//2753 2367//2367 2754//2754 
f 2367//2367 2366//2366 2754//2754 
f 2754//2754 2366//2366 2755//2755 
f 2366//2366 2365//2365 2755//2755 
f 2755//2755 2365//2365 2756//2756 
f 2365//2365 2364//2364 2756//2756 
f 2756//2756 2364//2364 2756//2756 
f 2364//2364 2363//2363 2756//2756 
f 2756//2756 2363//2363 2757//2757 
f 2363//2363 2362//2362 2757//2757 
f 2757//2757 2362//2362 2758//2758 
f 2362//2362 2361//2361 2758//2758 
f 2758//2758 2361//2361 2759//2759 
f 2361//2361 2360//2360 2759//2759 
f 2759//2759 2360//2360 2760//2760 
f 2360//2360 2359//2359 2760//2760 
f 2760//2760 2359//2359 2761//2761 
f 2359//2359 2358//2358 2761//2761 
f 2761//2761 2358//2358 2762//2762 
f 2358//2358 2357//2357 2762//2762 
f 2762//2762 2357//2357 2763//2763 
f 2357//2357 2356//2356 2763//2763 
f 2763//2763 2356//2356 2764//2764 
f 2356//2356 2355//2355 2764//2764 
f 2764//2764 2355//2355 2765//2765 
f 2355//2355 2354//2354 2765//2765 
f 2765//2765 2354//2354 2766//2766 
f 2354//2354 2353//2353 2766//2766 
f 2766//2766 2353//2353 2767//2767 
f 2353//2353 2352//2352 2767//2767 
f 2767//2767 2352//2352 2768//2768 
f 2352//2352 2351//2351 2768//2768 
f 2768//2768 2351//2351 2769//2769 
f 2351//2351 2350//2350 2769//2769 
f 2769//2769 2350//2350 2770//2770 
f 2350//2350 2349//2349 2770//2770 
f 2770//2770 2349//2349 2771//2771 
f 2349//2349 2348//2348 2771//2771 
f 2771//2771 2348//2348 2772//2772 
f 2348//2348 2347//2347 2772//2772 
f 2772//2772 2347//2347 2773//2773 
f 2347//2347 2346//2346 2773//2773 
f 2773//2773 2346//2346 2774//2774 
f 2346//2346 2345//2345 2774//2774 
f 2774//2774 2345//2345 2774//2774 
f 2345//2345 2344//2344 2774//2774 
f 2774//2774 2344//2344 2775//2775 
f 2344//2344 2343//2343 2775//2775 
f 2775//2775 2343//2343 2776//2776 
f 2343//2343 2342//2342 2776//2776 
f 2776//2776 2342//2342 2777//2777 
f 2342//2342 2341//2341 2777//2777 
f 2777//2777 2341//2341 2777//2777 
f 2341//2341 2340//2340 2777//2777 
f 2777//2777 2340//2340 2778//2778 
f 2340//2340 2339//2339 2778//2778 
f 2778//2778 2339//2339 2339//2339 
f 2339//2339 2778//2778 2339//2339 
f 2339//2339 2778//2778 2778//2778 
f 2778//2778 2779//2779 2778//2778 
f 2778//2778 2779//2779 2777//2777 
f 2779//2779 2779//2779 2777//2777 
f 2777//2777 2779//2779 2776//2776 
f 2779//2779 2780//2780 2776//2776 
f 2776//2776 2780//2780 2775//2775 
f 2780//2780 2781//2781 2775//2775 
f 2775//2775 2781//2781 2774//2774 
f 2781//2781 2781//2781 2774//2774 
f 2774//2774 2781//2781 2773//2773 
f 2781//2781 2782//2782 2773//2773 
f 2773//2773 2782//2782 2772//2772 
f 2782//2782 2783//2783 2772//2772 
f 2772//2772 2783//2783 2771//2771 
f 2783//2783 2784//2784 2771//2771 
f 2771//2771 2784//2784 2770//2770 
f 2784//2784 2785//2785 2770//2770 
f 2770//2770 2785//2785 2769//2769 
f 2785//2785 2786//2786 2769//2769 
f 2769//2769 2786//2786 2768//2768 
f 2786//2786 2787//2787 2768//2768 
f 2768//2768 2787//2787 2767//2767 
f 2787//2787 2788//2788 2767//2767 
f 2767//2767 2788//2788 2766//2766 
f 2788//2788 2789//2789 2766//2766 
f 2766//2766 2789//2789 2765//2765 
f 2789//2789 2790//2790 2765//2765 
f 2765//2765 2790//2790 2764//2764 
f 2790//2790 2791//2791 2764//2764 
f 2764//2764 2791//2791 2763//2763 
f 2791//2791 2792//2792 2763//2763 
f 2763//2763 2792//2792 2762//2762 
f 2792//2792 2793//2793 2762//2762 
f 2762//2762 2793//2793 2761//2761 
f 2793//2793 2794//2794 2761//2761 
f 2761//2761 2794//2794 2760//2760 
f 2794//2794 2795//2795 2760//2760 
f 2760//2760 2795//2795 2759//2759 
f 2795//2795 2796//2796 2759//2759 
f 2759//2759 2796//2796 2758//2758 
f 2796//2796 2797//2797 2758//2758 
f 2758//2758 2797//2797 2757//2757 
f 2797//2797 2798//2798 2757//2757 
f 2757//2757 2798//2798 2756//2756 
f 2798//2798 2799//2799 2756//2756 
f 2756//2756 2799//2799 2755//2755 
f 2799//2799 2800//2800 2755//2755 
f 2755//2755 2800//2800 2754//2754 
f 2800//2800 2801//2801 2754//2754 
f 2754//2754 2801//2801 2753//2753 
f 2801//2801 2802//2802 2753//2753 
f 2753//2753 2802//2802 2752//2752 
f 2802//2802 2803//2803 2752//2752 
f 2752//2752 2803//2803 2751//2751 
f 2803//2803 2803//2803 2751//2751 
f 2751//2751 2803//2803 2750//2750 
f 2803//2803 2804//2804 2750//2750 
f 2750//2750 2804//2804 2749//2749 
f 2804//2804 2805//2805 2749//2749 
f 2749//2749 2805//2805 2748//2748 
f 2805//2805 2806//2806 2748//2748 
f 2748//2748 2806//2806 2747//2747 
f 2806//2806 2807//2807 2747//2747 
f 2747//2747 2807//2807 2746//2746 
f 2807//2807 2808//2808 2746//2746 
f 2746//2746 2808//2808 2745//2745 
f 2808//2808 2809//2809 2745//2745 
f 2745//2745 2809//2809 2744//2744 
f 2809//2809 2810//2810 2744//2744 
f 2744//2744 2810//2810 2743//2743 
f 2810//2810 2811//2811 2743//2743 
f 2743//2743 2811//2811 2742//2742 
f 2811//2811 2812//2812 2742//2742 
f 2742//2742 2812//2812 2741//2741 
f 2812//2812 2813//2813 2741//2741 
f 2741//2741 2813//2813 2740//2740 
f 2813//2813 2814//2814 2740//2740 
f 2740//2740 2814//2814 2739//2739 
f 2814//2814 2815//2815 2739//2739 
f 2739//2739 2815//2815 2738//2738 
f 2815//2815 2816//2816 2738//2738 
f 2738//2738 2816//2816 2737//2737 
f 2816//2816 2817//2817 2737//2737 
f 2737//2737 2817//2817 2736//2736 
f 2817//2817 2818//2818 2736//2736 
f 2736//2736 2818//2818 2735//2735 
f 2818//2818 2819//2819 2735//2735 
f 2735//2735 2819//2819 2734//2734 
f 2819//2819 2820//2820 2734//2734 
f 2734//2734 2820//2820 2733//2733 
f 2820//2820 2821//2821 2733//2733 
f 2733//2733 2821//2821 2732//2732 
f 2821//2821 2822//2822 2732//2732 
f 2732//2732 2822//2822 2731//2731 
f 2822//2822 2823//2823 2731//2731 
f 2731//2731 2823//2823 2730//2730 
f 2823//2823 2824//2824 2730//2730 
f 2730//2730 2824//2824 2729//2729 
f 2824//2824 2825//2825 2729//2729 
f 2729//2729 2825//2825 2728//2728 
f 2825//2825 2826//2826 2728//2728 
f 2728//2728 2826//2826 2727//2727 
f 2826//2826 2827//2827 2727//2727 
f 2727//2727 2827//2827 2726//2726 
f 2827//2827 2828//2828 2726//2726 
f 2726//2726 2828//2828 2725//2725 
f 2828//2828 2829//2829 2725//2725 
f 2725//2725 2829//2829 2724//2724 
f 2829//2829 2830//2830 2724//2724 
f 2724//2724 2830//2830 2723//2723 
f 2830//2830 2831//2831 2723//2723 
f 2723//2723 2831//2831 2722//2722 
f 2831//2831 2832//2832 2722//2722 
f 2722//2722 2832//2832 2721//2721 
f 2832//2832 2833//2833 2721//2721 
f 2721//2721 2833//2833 2720//2720 
f 2833//2833 2834//2834 2720//2720 
f 2720//2720 2834//2834 2719//2719 
f 2834//2834 2835//2835 2719//2719 
f 2719//2719 2835//2835 2718//2718 
f 2835//2835 2836//2836 2718//2718 
f 2718//2718 2836//2836 2717//2717 
f 2836//2836 2837//2837 2717//2717 
f 2717//2717 2837//2837 2716//2716 
f 2837//2837 2838//2838 2716//2716 
f 2716//2716 2838//2838 2715//2715 
f 2838//2838 2839//2839 2715//2715 
f 2715//2715 2839//2839 2714//2714 
f 2839//2839 2840//2840 2714//2714 
f 2714//2714 2840//2840 2713//2713 
f 2840//2840 2841//2841 2713//2713 
f 2713//2713 2841//2841 2712//2712 
f 2841//2841 2842//2842 2712//2712 
f 2712//2712 2842//2842 2711//2711 
f 2842//2842 2843//2843 2711//2711 
f 2711//2711 2843//2843 2710//2710 
f 2843//2843 2844//2844 2710//2710 
f 2710//2710 2844//2844 2709//2709 
f 2844//2844 2845//2845 2709//2709 
f 2709//2709 2845//2845 2708//2708 
f 2845//2845 2846//2846 2708//2708 
f 2708//2708 2846//2846 2707//2707 
f 2846//2846 2846//2846 2707//2707 
f 2707//2707 2846//2846 2706//2706 
f 2846//2846 2847//2847 2706//2706 
f 2706//2706 2847//2847 2705//2705 
f 2847//2847 2705//2705 2705//2705 
f 2705//2705 2705//2705 2847//2847 
f 2705//2705 2847//2847 2847//2847 
f 2847//2847 2847//2847 2848//2848 
f 2847//2847 2846//2846 2848//2848 
f 2848//2848 2846//2846 2848//2848 
f 2846//2846 2845//2845 2848//2848 
f 2848//2848 2845//2845 2848//2848 
f 2845//2845 2844//2844 2848//2848 
f 2848//2848 2844//2844 2849//2849 
f 2844//2844 2843//2843 2849//2849 
f 2849//2849 2843//2843 2850//2850 
f 2843//2843 2842//2842 2850//2850 
f 2850//2850 2842//2842 2851//2851 
f 2842//2842 2841//2841 2851//2851 
f 2851//2851 2841//2841 2852//2852 
f 2841//2841 2840//2840 2852//2852 
f 2852//2852 2840//2840 2853//2853 
f 2840//2840 2839//2839 2853//2853 
f 2853//2853 2839//2839 2854//2854 
f 2839//2839 2838//2838 2854//2854 
f 2854//2854 2838//2838 2855//2855 
f 2838//2838 2837//2837 2855//2855 
f 2855//2855 2837//2837 2856//2856 
f 2837//2837 2836//2836 2856//2856 
f 2856//2856 2836//2836 2857//2857 
f 2836//2836 2836//2836 2857//2857 
f 2857//2857 2836//2836 2858//2858 
f 2836//2836 2835//2835 2858//2858 
f 2858//2858 2835//2835 2859//2859 
f 2835//2835 2834//2834 2859//2859 
f 2859//2859 2834//2834 2859//2859 
f 2834//2834 2833//2833 2859//2859 
f 2859//2859 2833//2833 2860//2860 
f 2833//2833 2832//2832 2860//2860 
f 2860//2860 2832//2832 2861//2861 
f 2832//2832 2831//2831 2861//2861 
f 2861//2861 2831//2831 2862//2862 
f 2831//2831 2830//2830 2862//2862 
f 2862//2862 2830//2830 2863//2863 
f 2830//2830 2829//2829 2863//2863 
f 2863//2863 2829//2829 2864//2864 
f 2829//2829 2828//2828 2864//2864 
f 2864//2864 2828//2828 2865//2865 
f 2828//2828 2827//2827 2865//2865 
f 2865//2865 2827//2827 2866//2866 
f 2827//2827 2826//2826 2866//2866 
f 2866//2866 2826//2826 2867//2867 
f 2826//2826 2825//2825 2867//2867 
f 2867//2867 2825//2825 2868//2868 
f 2825//2825 2824//2824 2868//2868 
f 2868//2868 2824//2824 2869//2869 
f 2824//2824 2823//2823 2869//2869 
f 2869//2869 2823//2823 2870//2870 
f 2823//2823 2822//2822 2870//2870 
f 2870//2870 2822//2822 2871//2871 
f 2822//2822 2821//2821 2871//2871 
f 2871//2871 2821//2821 2872//2872 
f 2821//2821 2820//2820 2872//2872 
f 2872//2872 2820//2820 2873//2873 
f 2820//2820 2819//2819 2873//2873 
f 2873//2873 2819//2819 2874//2874 
f 2819//2819 2818//2818 2874//2874 
f 2874//2874 2818//2818 2875//2875 
f 2818//2818 2817//2817 2875//2875 
f 2875//2875 2817//2817 2876//2876 
f 2817//2817 2816//2816 2876//2876 
f 2876//2876 2816//2816 2877//2877 
f 2816//2816 2815//2815 2877//2877 
f 2877//2877 2815//2815 2878//2878 
f 2815//2815 2814//2814 2878//2878 
f 2878//2878 2814//2814 2879//2879 
f 2814//2814 2813//2813 2879//2879 
f 2879//2879 2813//2813 2880//2880 
f 2813//2813 2812//2812 2880//2880 
f 2880//2880 2812//2812 2881//2881 
f 2812//2812 2811//2811 2881//2881 
f 2881//2881 2811//2811 2882//2882 
f 2811//2811 2810//2810 2882//2882 
f 2882//2882 2810//2810 2883//2883 
f 2810//2810 2809//2809 2883//2883 
f 2883//2883 2809//2809 2884//2884 
f 2809//2809 2808//2808 2884//2884 
f 2884//2884 2808//2808 2885//2885 
f 2808//2808 2807//2807 2885//2885 
f 2885//2885 2807//2807 2886//2886 
f 2807//2807 2806//2806 2886//2886 
f 2886//2886 2806//2806 2887//2887 
f 2806//2806 2805//2805 2887//2887 
f 2887//2887 2805//2805 2888//2888 
f 2805//2805 2804//2804 2888//2888 
f 2888//2888 2804//2804 2889//2889 
f 2804//2804 2803//2803 2889//2889 
f 2889//2889 2803//2803 2890//2890 
f 2803//2803 2802//2802 2890//2890 
f 2890//2890 2802//2802 2891//2891 
f 2802//2802 2801//2801 2891//2891 
f 2891//2891 2801//2801 2892//2892 
f 2801//2801 2800//2800 2892//2892 
f 2892//2892 2800//2800 2893//2893 
f 2800//2800 2799//2799 2893//2893 
f 2893//2893 2799//2799 2894//2894 
f 2799//2799 2798//2798 2894//2894 
f 2894//2894 2798//2798 2895//2895 
f 2798//2798 2797//2797 2895//2895 
f 2895//2895 2797//2797 2896//2896 
f 2797//2797 2796//2796 2896//2896 
f 2896//2896 2796//2796 2897//2897 
f 2796//2796 2795//2795 2897//2897 
f 2897//2897 2795//2795 2898//2898 
f 2795//2795 2794//2794 2898//2898 
f 2898//2898 2794//2794 2899//2899 
f 2794//2794 2793//2793 2899//2899 
f 2899//2899 2793//2793 2900//2900 
f 2793//2793 2792//2792 2900//2900 
f 2900//2900 2792//2792 2901//2901 
f 2792//2792 2791//2791 2901//2901 
f 2901//2901 2791//2791 2902//2902 
f 2791//2791 2790//2790 2902//2902 
f 2902//2902 2790//2790 2903//2903 
f 2790//2790 2789//2789 2903//2903 
f 2903//2903 2789//2789 2904//2904 
f 2789//2789 2788//2788 2904//2904 
f 2904//2904 2788//2788 2905//2905 
f 2788//2788 2787//2787 2905//2905 
f 2905//2905 2787//2787 2906//2906 
f 2787//2787 2786//2786 2906//2906 
f 2906//2906 2786//2786 2907//2907 
f 2786//2786 2785//2785 2907//2907 
f 2907//2907 2785//2785 2908//2908 
f 2785//2785 2784//2784 2908//2908 
f 2908//2908 2784//2784 2909//2909 
f 2784//2784 2783//2783 2909//2909 
f 2909//2909 2783//2783 2910//2910 
f 2783//2783 2782//2782 2910//2910 
f 2910//2910 2782//2782 2911//2911 
f 2782//2782 2781//2781 2911//2911 
f 2911//2911 2781//2781 2911//2911 
f 2781//2781 2780//2780 2911//2911 
f 2911//2911 2780//2780 2912//2912 
f 2780//2780 2779//2779 2912//2912 
f 2912//2912 2779//2779 2779//2779 
f 2779//2779 2912//2912 2779//2779 
f 2779//2779 2912//2912 2912//2912 
f 2912//2912 2913//2913 2912//2912 
f 2912//2912 2913//2913 2911//2911 
f 2913//2913 2913//2913 2911//2911 
f 2911//2911 2913//2913 2910//2910 
f 2913//2913 2914//2914 2910//2910 
f 2910//2910 2914//2914 2909//2909 
f 2914//2914 2915//2915 2909//2909 
f 2909//2909 2915//2915 2908//2908 
f 2915//2915 2916//2916 2908//2908 
f 2908//2908 2916//2916 2907//2907 
f 2916//2916 2917//2917 2907//2907 
f 2907//2907 2917//2917 2906//2906 
f 2917//2917 2918//2918 2906//2906 
f 2906//2906 2918//2918 2905//2905 
f 2918//2918 2919//2919 2905//2905 
f 2905//2905 2919//2919 2904//2904 
f 2919//2919 2920//2920 2904//2904 
f 2904//2904 2920//2920 2903//2903 
f 2920//2920 2921//2921 2903//2903 
f 2903//2903 2921//2921 2902//2902 
f 2921//2921 2922//2922 2902//2902 
f 2902//2902 2922//2922 2901//2901 
f 2922//2922 2923//2923 2901//2901 
f 2901//2901 2923//2923 2900//2900 
f 2923//2923 2924//2924 2900//2900 
f 2900//2900 2924//2924 2899//2899 
f 2924//2924 2925//2925 2899//2899 
f 2899//2899 2925//2925 2898//2898 
f 2925//2925 2926//2926 2898//2898 
f 2898//2898 2926//2926 2897//2897 
f 2926//2926 2927//2927 2897//2897 
f 2897//2897 2927//2927 2896//2896 
f 2927//2927 2928//2928 2896//2896 
f 2896//2896 2928//2928 2895//2895 
f 2928//2928 2929//2929 2895//2895 
f 2895//2895 2929//2929 2894//2894 
f 2929//2929 2930//2930 2894//2894 
f 2894//2894 2930//2930 2893//2893 
f 2930//2930 2931//2931 2893//2893 
f 2893//2893 2931//2931 2892//2892 
f 2931//2931 2932//2932 2892//2892 
f 2892//2892 2932//2932 2891//2891 
f 2932//2932 2933//2933 2891//2891 
f 2891//2891 2933//2933 2890//2890 
f 2933//2933 2934//2934 2890//2890 
f 2890//2890 2934//2934 2889//2889 
f 2934//2934 2935//2935 2889//2889 
f 2889//2889 2935//2935 2888//2888 
f 2935//2935 2936//2936 2888//2888 
f 2888//2888 2936//2936 2887//2887 
f 2936//2936 2937//2937 2887//2887 
f 2887//2887 2937//2937 2886//2886 
f 2937//2937 2938//2938 2886//2886 
f 2886//2886 2938//2938 2885//2885 
f 2938//2938 2939//2939 2885//2885 
f 2885//2885 2939//2939 2884//2884 
f 2939//2939 2940//2940 2884//2884 
f 2884//2884 2940//2940 2883//2883 
f 2940//2940 2941//2941 2883//2883 
f 2883//2883 2941//2941 2882//2882 
f 2941//2941 2942//2942 2882//2882 
f 2882//2882 2942//2942 2881//2881 
f 2942//2942 2943//2943 2881//2881 
f 2881//2881 2943//2943 2880//2880 
f 2943//2943 2944//2944 2880//2880 
f 2880//2880 2944//2944 2879//2879 
f 2944//2944 2945//2945 2879//2879 
f 2879//2879 2945//2945 2878//2878 
f 2945//2945 2946//2946 2878//2878 
f 2878//2878 2946//2946 2877//2877 
f 2946//2946 2947//2947 2877//2877 
f 2877//2877 2947//2947 2876//2876 
f 2947//2947 2948//2948 2876//2876 
f 2876//2876 2948//2948 2875//2875 
f 2948//2948 2949//2949 2875//2875 
f 2875//2875 2949//2949 2874//2874 
f 2949//2949 2950//2950 2874//2874 
f 2874//2874 2950//2950 2873//2873 
f 2950//2950 2951//2951 2873//2873 
f 2873//2873 2951//2951 2872//2872 
f 2951//2951 2952//2952 2872//2872 
f 2872//2872 2952//2952 2871//2871 
f 2952//2952 2953//2953 2871//2871 
f 2871//2871 2953//2953 2870//2870 
f 2953//2953 2954//2954 2870//2870 
f 2870//2870 2954//2954 2869//2869 
f 2954//2954 2955//2955 2869//2869 
f 2869//2869 2955//2955 2868//2868 
f 2955//2955 2956//2956 2868//2868 
f 2868//2868 2956//2956 2867//2867 
f 2956//2956 2957//2957 2867//2867 
f 2867//2867 2957//2957 2866//2866 
f 2957//2957 2958//2958 2866//2866 
f 2866//2866 2958//2958 2865//2865 
f 2958//2958 2959//2959 2865//2865 
f 2865//2865 2959//2959 2864//2864 
f 2959//2959 2960//2960 2864//2864 
f 2864//2864 2960//2960 2863//2863 
f 2960//2960 2961//2961 2863//2863 
f 2863//2863 2961//2961 2862//2862 
f 2961//2961 2962//2962 2862//2862 
f 2862//2862 2962//2962 2861//2861 
f 2962//2962 2963//2963 2861//2861 
f 2861//2861 2963//2963 2860//2860 
f 2963//2963 2964//2964 2860//2860 
f 2860//2860 2964//2964 2859//2859 
f 2964//2964 2965//2965 2859//2859 
f 2859//2859 2965//2965 2858//2858 
f 2965//2965 2966//2966 2858//2858 
f 2858//2858 2966//2966 2857//2857 
f 2966//2966 2967//2967 2857//2857 
f 2857//2857 2967//2967 2856//2856 
f 2967//2967 2968//2968 2856//2856 
f 2856//2856 2968//2968 2855//2855 
f 2968//2968 2969//2969 2855//2855 
f 2855//2855 2969//2969 2854//2854 
f 2969//2969 2970//2970 2854//2854 
f 2854//2854 2970//2970 2853//2853 
f 2970//2970 2971//2971 2853//2853 
f 2853//2853 2971//2971 2852//2852 
f 2971//2971 2972//2972 2852//2852 
f 2852//2852 2972//2972 2851//2851 
f 2972//2972 2973//2973 2851//2851 
f 2851//2851 2973//2973 2850//2850 
f 2973//2973 2974//2974 2850//2850 
f 2850//2850 2974//2974 2849//2849 
f 2974//2974 2975//2975 2849//2849 
f 2849//2849 2975//2975 2848//2848 
f 2975//2975 2975//2975 2848//2848 
f 2848//2848 2975//2975 2847//2847 
f 2975//2975 2976//2976 2847//2847 
f 2847//2847 2976//2976 2705//2705 
f 2976//2976 2705//2705 2705//2705 
f 2705//2705 2705//2705 2976//2976 
f 2705//2705 2976//2976 2976//2976 
f 2976//2976 2976//2976 2977//2977 
f 2976//2976 2975//2975 2977//2977 
f 2977//2977 2975//2975 2977//2977 
f 2975//2975 2974//2974 2977//2977 
f 2977//2977 2974//2974 2978//2978 
f 2974//2974 2973//2973 2978//2978 
f 2978//2978 2973//2973 2979//2979 
f 2973//2973 2972//2972 2979//2979 
f 2979//2979 2972//2972 2980//2980 
f 2972//2972 2971//2971 2980//2980 
f 2980//2980 2971//2971 2981//2981 
f 2971//2971 2970//2970 2981//2981 
f 2981//2981 2970//2970 2982//2982 
f 2970//2970 2969//2969 2982//2982 
f 2982//2982 2969//2969 2983//2983 
f 2969//2969 2968//2968 2983//2983 
f 2983//2983 2968//2968 2984//2984 
f 2968//2968 2967//2967 2984//2984 
f 2984//2984 2967//2967 2985//2985 
f 2967//2967 2966//2966 2985//2985 
f 2985//2985 2966//2966 2986//2986 
f 2966//2966 2965//2965 2986//2986 
f 2986//2986 2965//2965 2987//2987 
f 2965//2965 2964//2964 2987//2987 
f 2987//2987 2964//2964 2988//2988 
f 2964//2964 2963//2963 2988//2988 
f 2988//2988 2963//2963 2989//2989 
f 2963//2963 2962//2962 2989//2989 
f 2989//2989 2962//2962 2990//2990 
f 2962//2962 2961//2961 2990//2990 
f 2990//2990 2961//2961 2991//2991 
f 2961//2961 2960//2960 2991//2991 
f 2991//2991 2960//2960 2992//2992 
f 2960//2960 2959//2959 2992//2992 
f 2992//2992 2959//2959 2993//2993 
f 2959//2959 2958//2958 2993//2993 
f 2993//2993 2958//2958 2994//2994 
f 2958//2958 2957//2957 2994//2994 
f 2994//2994 2957//2957 2995//2995 
f 2957//2957 2956//2956 2995//2995 
f 2995//2995 2956//2956 2996//2996 
f 2956//2956 2955//2955 2996//2996 
f 2996//2996 2955//2955 2997//2997 
f 2955//2955 2954//2954 2997//2997 
f 2997//2997 2954//2954 2998//2998 
f 2954//2954 2953//2953 2998//2998 
f 2998//2998 2953//2953 2999//2999 
f 2953//2953 2952//2952 2999//2999 
f 2999//2999 2952//2952 3000//3000 
f 2952//2952 2951//2951 3000//3000 
f 3000//3000 2951//2951 3001//3001 
f 2951//2951 2950//2950 3001//3001 
f 3001//3001 2950//2950 3002//3002 
f 2950//2950 2949//2949 3002//3002 
f 3002//3002 2949//2949 3003//3003 
f 2949//2949 2948//2948 3003//3003 
f 3003//3003 2948//2948 3004//3004 
f 2948//2948 2947//2947 3004//3004 
f 3004//3004 2947//2947 3005//3005 
f 2947//2947 2946//2946 3005//3005 
f 3005//3005 2946//2946 3006//3006 
f 2946//2946 2945//2945 3006//3006 
f 3006//3006 2945//2945 3007//3007 
f 2945//2945 2944//2944 3007//3007 
f 3007//3007 2944//2944 3008//3008 
f 2944//2944 2943//2943 3008//3008 
f 3008//3008 2943//2943 3009//3009 
f 2943//2943 2942//2942 3009//3009 
f 3009//3009 2942//2942 3010//3010 
f 2942//2942 2941//2941 3010//3010 
f 3010//3010 2941//2941 3011//3011 
f 2941//2941 2940//2940 3011//3011 
f 3011//3011 2940//2940 3012//3012 
f 2940//2940 2939//2939 3012//3012 
f 3012//3012 2939//2939 3013//3013 
f 2939//2939 2938//2938 3013//3013 
f 3013//3013 2938//2938 3014//3014 
f 2938//2938 2937//2937 3014//3014 
f 3014//3014 2937//2937 3015//3015 
f 2937//2937 2936//2936 3015//3015 
f 3015//3015 2936//2936 3016//3016 
f 2936//2936 2935//2935 3016//3016 
f 3016//3016 2935//2935 3017//3017 
f 2935//2935 2934//2934 3017//3017 
f 3017//3017 2934//2934 3018//3018 
f 2934//2934 2933//2933 3018//3018 
f 3018//3018 2933//2933 3019//3019 
f 2933//2933 2932//2932 3019//3019 
f 3019//3019 2932//2932 3020//3020 
f 2932//2932 2931//2931 3020//3020 
f 3020//3020 2931//2931 3021//3021 
f 2931//2931 2930//2930 3021//3021 
f 3021//3021 2930//2930 3022//3022 
f 2930//2930 2929//2929 3022//3022 
f 3022//3022 2929//2929 3023//3023 
f 2929//2929 2928//2928 3023//3023 
f 3023//3023 2928//2928 3024//3024 
f 2928//2928 2927//2927 3024//3024 
f 3024//3024 2927//2927 3025//3025 
f 2927//2927 2926//2926 3025//3025 
f 3025//3025 2926//2926 3026//3026 
f 2926//2926 2925//2925 3026//3026 
f 3026//3026 2925//2925 3027//3027 
f 2925//2925 2924//2924 3027//3027 
f 3027//3027 2924//2924 3028//3028 
f 2924//2924 2923//2923 3028//3028 
f 3028//3028 2923//2923 3029//3029 
f 2923//2923 2922//2922 3029//3029 
f 3029//3029 2922//2922 3030//3030 
f 2922//2922 2921//2921 3030//3030 
f 3030//3030 2921//2921 3031//3031 
f 2921//2921 2920//2920 3031//3031 
f 3031//3031 2920//2920 3032//3032 
f 2920//2920 2919//2919 3032//3032 
f 3032//3032 2919//2919 3033//3033 
f 2919//2919 2918//2918 3033//3033 
f 3033//3033 2918//2918 3034//3034 
f 2918//2918 2917//2917 3034//3034 
f 3034//3034 2917//2917 3035//3035 
f 2917//2917 2916//2916 3035//3035 
f 3035//3035 2916//2916 3036//3036 
f 2916//2916 2915//2915 3036//3036 
f 3036//3036 2915//2915 3037//3037 
f 2915//2915 2914//2914 3037//3037 
f 3037//3037 2914//2914 3038//3038 
f 2914//2914 2913//2913 3038//3038 
f 3038//3038 2913//2913 3039//3039 
f 2913//2913 2912//2912 3039//3039 
f 3039//3039 2912//2912 3040//3040 
f 2912//2912 2912//2912 3040//3040 
f 3040//3040 2912//2912 3041//3041 
f 2912//2912 2779//2779 3041//3041 
f 3041//3041 2779//2779 3041//3041 
f 2779//2779 2778//2778 3041//3041 
f 3041//3041 2778//2778 3042//3042 
f 2778//2778 2339//2339 3042//3042 
f 3042//3042 2339//2339 3042//3042 
f 2339//2339 2338//2338 3042//3042 
f 3042//3042 2338//2338 3043//3043 
f 2338//2338 2337//2337 3043//3043 
f 3043//3043 2337//2337 2337//2337 
f 2337//2337 3043//3043 2337//2337 
f 2337//2337 3043//3043 3043//3043 
f 3043//3043 3044//3044 3043//3043 
f 3043//3043 3044//3044 3042//3042 
f 3044//3044 3044//3044 3042//3042 
f 3042//3042 3044//3044 3041//3041 
f 3044//3044 3044//3044 3041//3041 
f 3041//3041 3044//3044 3040//3040 
f 3044//3044 3045//3045 3040//3040 
f 3040//3040 3045//3045 3039//3039 
f 3045//3045 3046//3046 3039//3039 
f 3039//3039 3046//3046 3038//3038 
f 3046//3046 3047//3047 3038//3038 
f 3038//3038 3047//3047 3037//3037 
f 3047//3047 3048//3048 3037//3037 
f 3037//3037 3048//3048 3036//3036 
f 3048//3048 3049//3049 3036//3036 
f 3036//3036 3049//3049 3035//3035 
f 3049//3049 3050//3050 3035//3035 
f 3035//3035 3050//3050 3034//3034 
f 3050//3050 3051//3051 3034//3034 
f 3034//3034 3051//3051 3033//3033 
f 3051//3051 3052//3052 3033//3033 
f 3033//3033 3052//3052 3032//3032 
f 3052//3052 3053//3053 3032//3032 
f 3032//3032 3053//3053 3031//3031 
f 3053//3053 3054//3054 3031//3031 
f 3031//3031 3054//3054 3031//3031 
f 3054//3054 3055//3055 3031//3031 
f 3031//3031 3055//3055 3030//3030 
f 3055//3055 3056//3056 3030//3030 
f 3030//3030 3056//3056 3029//3029 
f 3056//3056 3057//3057 3029//3029 
f 3029//3029 3057//3057 3028//3028 
f 3057//3057 3058//3058 3028//3028 
f 3028//3028 3058//3058 3027//3027 
f 3058//3058 3059//3059 3027//3027 
f 3027//3027 3059//3059 3026//3026 
f 3059//3059 3060//3060 3026//3026 
f 3026//3026 3060//3060 3025//3025 
f 3060//3060 3061//3061 3025//3025 
f 3025//3025 3061//3061 3024//3024 
f 3061//3061 3062//3062 3024//3024 
f 3024//3024 3062//3062 3023//3023 
f 3062//3062 3063//3063 3023//3023 
f 3023//3023 3063//3063 3022//3022 
f 3063//3063 3064//3064 3022//3022 
f 3022//3022 3064//3064 3021//3021 
f 3064//3064 3065//3065 3021//3021 
f 3021//3021 3065//3065 3020//3020 
f 3065//3065 3066//3066 3020//3020 
f 3020//3020 3066//3066 3019//3019 
f 3066//3066 3067//3067 3019//3019 
f 3019//3019 3067//3067 3018//3018 
f 3067//3067 3068//3068 3018//3018 
f 3018//3018 3068//3068 3017//3017 
f 3068//3068 3069//3069 3017//3017 
f 3017//3017 3069//3069 3016//3016 
f 3069//3069 3070//3070 3016//3016 
f 3016//3016 3070//3070 3015//3015 
f 3070//3070 3071//3071 3015//3015 
f 3015//3015 3071//3071 3014//3014 
f 3071//3071 3072//3072 3014//3014 
f 3014//3014 3072//3072 3013//3013 
f 3072//3072 3073//3073 3013//3013 
f 3013//3013 3073//3073 3012//3012 
f 3073//3073 3074//3074 3012//3012 
f 3012//3012 3074//3074 3011//3011 
f 3074//3074 3075//3075 3011//3011 
f 3011//3011 3075//3075 3010//3010 
f 3075//3075 3076//3076 3010//3010 
f 3010//3010 3076//3076 3009//3009 
f 3076//3076 3077//3077 3009//3009 
f 3009//3009 3077//3077 3008//3008 
f 3077//3077 3078//3078 3008//3008 
f 3008//3008 3078//3078 3007//3007 
f 3078//3078 3079//3079 3007//3007 
f 3007//3007 3079//3079 3006//3006 
f 3079//3079 3080//3080 3006//3006 
f 3006//3006 3080//3080 3005//3005 
f 3080//3080 3081//3081 3005//3005 
f 3005//3005 3081//3081 3004//3004 
f 3081//3081 3082//3082 3004//3004 
f 3004//3004 3082//3082 3003//3003 
f 3082//3082 3083//3083 3003//3003 
f 3003//3003 3083//3083 3002//3002 
f 3083//3083 3084//3084 3002//3002 
f 3002//3002 3084//3084 3001//3001 
f 3084//3084 3085//3085 3001//3001 
f 3001//3001 3085//3085 3000//3000 
f 3085//3085 3086//3086 3000//3000 
f 3000//3000 3086//3086 2999//2999 
f 3086//3086 3087//3087 2999//2999 
f 2999//2999 3087//3087 2998//2998 
f 3087//3087 3088//3088 2998//2998 
f 2998//2998 3088//3088 2997//2997 
f 3088//3088 3089//3089 2997//2997 
f 2997//2997 3089//3089 2996//2996 
f 3089//3089 3090//3090 2996//2996 
f 2996//2996 3090//3090 2995//2995 
f 3090//3090 3091//3091 2995//2995 
f 2995//2995 3091//3091 2994//2994 
f 3091//3091 3092//3092 2994//2994 
f 2994//2994 3092//3092 2993//2993 
f 3092//3092 3093//3093 2993//2993 
f 2993//2993 3093//3093 2992//2992 
f 3093//3093 3094//3094 2992//2992 
f 2992//2992 3094//3094 2991//2991 
f 3094//3094 3095//3095 2991//2991 
f 2991//2991 3095//3095 2990//2990 
f 3095//3095 3096//3096 2990//2990 
f 2990//2990 3096//3096 2989//2989 
f 3096//3096 3097//3097 2989//2989 
f 2989//2989 3097//3097 2988//2988 
f 3097//3097 3098//3098 2988//2988 
f 2988//2988 3098//3098 2987//2987 
f 3098//3098 3099//3099 2987//2987 
f 2987//2987 3099//3099 2986//2986 
f 3099//3099 3100//3100 2986//2986 
f 2986//2986 3100//3100 2985//2985 
f 3100//3100 3101//3101 2985//2985 
f 2985//2985 3101//3101 2984//2984 
f 3101//3101 3102//3102 2984//2984 
f 2984//2984 3102//3102 2983//2983 
f 3102//3102 3103//3103 2983//2983 
f 2983//2983 3103//3103 2982//2982 
f 3103//3103 3104//3104 2982//2982 
f 2982//2982 3104//3104 2981//2981 
f 3104//3104 3105//3105 2981//2981 
f 2981//2981 3105//3105 2980//2980 
f 3105//3105 3105//3105 2980//2980 
f 2980//2980 3105//3105 2979//2979 
f 3105//3105 3106//3106 2979//2979 
f 2979//2979 3106//3106 2978//2978 
f 3106//3106 3107//3107 2978//2978 
f 2978//2978 3107//3107 2978//2978 
f 3107//3107 3108//3108 2978//2978 
f 2978//2978 3108//3108 2977//2977 
f 3108//3108 3109//3109 2977//2977 
f 2977//2977 3109//3109 2976//2976 
f 3109//3109 3110//3110 2976//2976 
f 2976//2976 3110//3110 2705//2705 
f 3110//3110 3111//3111 2705//2705 
f 2705//2705 3111//3111 2704//2704 
f 3111//3111 3112//3112 2704//2704 
f 2704//2704 3112//3112 2703//2703 
f 3112//3112 3113//3113 2703//2703 
f 2703//2703 3113//3113 2702//2702 
f 3113//3113 3114//3114 2702//2702 
f 2702//2702 3114//3114 2701//2701 
f 3114//3114 3115//3115 2701//2701 
f 2701//2701 3115//3115 2700//2700 
f 3115//3115 3116//3116 2700//2700 
f 2700//2700 3116//3116 2699//2699 
f 3116//3116 3116//3116 2699//2699 
f 2699//2699 3116//3116 2698//2698 
f 3116//3116 3117//3117 2698//2698 
f 2698//2698 3117//3117 2697//2697 
f 3117//3117 3118//3118 2697//2697 
f 2697//2697 3118//3118 2696//2696 
f 3118//3118 3119//3119 2696//2696 
f 2696//2696 3119//3119 2695//2695 
f 3119//3119 3120//3120 2695//2695 
f 2695//2695 3120//3120 2694//2694 
f 3120//3120 3121//3121 2694//2694 
f 2694//2694 3121//3121 2693//2693 
f 3121//3121 3122//3122 2693//2693 
f 2693//2693 3122//3122 2692//2692 
f 3122//3122 3123//3123 2692//2692 
f 2692//2692 3123//3123 2691//2691 
f 3123//3123 3124//3124 2691//2691 
f 2691//2691 3124//3124 2690//2690 
f 3124//3124 3125//3125 2690//2690 
f 2690//2690 3125//3125 2689//2689 
f 3125//3125 3126//3126 2689//2689 
f 2689//2689 3126//3126 2688//2688 
f 3126//3126 3127//3127 2688//2688 
f 2688//2688 3127//3127 2687//2687 
f 3127//3127 3128//3128 2687//2687 
f 2687//2687 3128//3128 2686//2686 
f 3128//3128 3129//3129 2686//2686 
f 2686//2686 3129//3129 2685//2685 
f 3129//3129 3130//3130 2685//2685 
f 2685//2685 3130//3130 2684//2684 
f 3130//3130 3131//3131 2684//2684 
f 2684//2684 3131//3131 2683//2683 
f 3131//3131 3132//3132 2683//2683 
f 2683//2683 3132//3132 2682//2682 
f 3132//3132 3133//3133 2682//2682 
f 2682//2682 3133//3133 2681//2681 
f 3133//3133 3134//3134 2681//2681 
f 2681//2681 3134//3134 2680//2680 
f 3134//3134 3135//3135 2680//2680 
f 2680//2680 3135//3135 2679//2679 
f 3135//3135 3136//3136 2679//2679 
f 2679//2679 3136//3136 2678//2678 
f 3136//3136 3137//3137 2678//2678 
f 2678//2678 3137//3137 2677//2677 
f 3137//3137 3138//3138 2677//2677 
f 2677//2677 3138//3138 2676//2676 
f 3138//3138 3139//3139 2676//2676 
f 2676//2676 3139//3139 2675//2675 
f 3139//3139 3140//3140 2675//2675 
f 2675//2675 3140//3140 2674//2674 
f 3140//3140 3141//3141 2674//2674 
f 2674//2674 3141//3141 2673//2673 
f 3141//3141 3142//3142 2673//2673 
f 2673//2673 3142//3142 2672//2672 
f 3142//3142 3143//3143 2672//2672 
f 2672//2672 3143//3143 2671//2671 
f 3143//3143 3144//3144 2671//2671 
f 2671//2671 3144//3144 2670//2670 
f 3144//3144 3145//3145 2670//2670 
f 2670//2670 3145//3145 2669//2669 
f 3145//3145 3146//3146 2669//2669 
f 2669//2669 3146//3146 2668//2668 
f 3146//3146 3147//3147 2668//2668 
f 2668//2668 3147//3147 2667//2667 
f 3147//3147 3148//3148 2667//2667 
f 2667//2667 3148//3148 2666//2666 
f 3148//3148 3149//3149 2666//2666 
f 2666//2666 3149//3149 2665//2665 
f 3149//3149 3150//3150 2665//2665 
f 2665//2665 3150//3150 2664//2664 
f 3150//3150 3151//3151 2664//2664 
f 2664//2664 3151//3151 2663//2663 
f 3151//3151 3152//3152 2663//2663 
f 2663//2663 3152//3152 2662//2662 
f 3152//3152 3153//3153 2662//2662 
f 2662//2662 3153//3153 2661//2661 
f 3153//3153 3154//3154 2661//2661 
f 2661//2661 3154//3154 2660//2660 
f 3154//3154 3155//3155 2660//2660 
f 2660//2660 3155//3155 2659//2659 
f 3155//3155 3156//3156 2659//2659 
f 2659//2659 3156//3156 2658//2658 
f 3156//3156 3157//3157 2658//2658 
f 2658//2658 3157//3157 2657//2657 
f 3157//3157 3158//3158 2657//2657 
f 2657//2657 3158//3158 2656//2656 
f 3158//3158 3159//3159 2656//2656 
f 2656//2656 3159//3159 2655//2655 
f 3159//3159 3160//3160 2655//2655 
f 2655//2655 3160//3160 2654//2654 
f 3160//3160 3161//3161 2654//2654 
f 2654//2654 3161//3161 2654//2654 
f 3161//3161 3162//3162 2654//2654 
f 2654//2654 3162//3162 2653//2653 
f 3162//3162 3163//3163 2653//2653 
f 2653//2653 3163//3163 2652//2652 
f 3163//3163 3164//3164 2652//2652 
f 2652//2652 3164//3164 2651//2651 
f 3164//3164 3165//3165 2651//2651 
f 2651//2651 3165//3165 2650//2650 
f 3165//3165 3166//3166 2650//2650 
f 2650//2650 3166//3166 2649//2649 
f 3166//3166 3167//3167 2649//2649 
f 2649//2649 3167//3167 2648//2648 
f 3167//3167 3168//3168 2648//2648 
f 2648//2648 3168//3168 2647//2647 
f 3168//3168 3169//3169 2647//2647 
f 2647//2647 3169//3169 2646//2646 
f 3169//3169 3170//3170 2646//2646 
f 2646//2646 3170//3170 2645//2645 
f 3170//3170 3171//3171 2645//2645 
f 2645//2645 3171//3171 2644//2644 
f 3171//3171 3172//3172 2644//2644 
f 2644//2644 3172//3172 2643//2643 
f 3172//3172 3173//3173 2643//2643 
f 2643//2643 3173//3173 2642//2642 
f 3173//3173 3174//3174 2642//2642 
f 2642//2642 3174//3174 2641//2641 
f 3174//3174 3175//3175 2641//2641 
f 2641//2641 3175//3175 2640//2640 
f 3175//3175 3176//3176 2640//2640 
f 2640//2640 3176//3176 2639//2639 
f 3176//3176 3177//3177 2639//2639 
f 2639//2639 3177//3177 2638//2638 
f 3177//3177 3178//3178 2638//2638 
f 2638//2638 3178//3178 2499//2499 
f 3178//3178 3178//3178 2499//2499 
f 2499//2499 3178//3178 2498//2498 
f 3178//3178 3179//3179 2498//2498 
f 2498//2498 3179//3179 2497//2497 
f 3179//3179 2497//2497 2497//2497 
f 2497//2497 2497//2497 3179//3179 
f 2497//2497 3179//3179 3179//3179 
f 3179//3179 3179//3179 3180//3180 
f 3179//3179 3178//3178 3180//3180 
f 3180//3180 3178//3178 3180//3180 
f 3178//3178 3177//3177 3180//3180 
f 3180//3180 3177//3177 3181//3181 
f 3177//3177 3176//3176 3181//3181 
f 3181//3181 3176//3176 3182//3182 
f 3176//3176 3175//3175 3182//3182 
f 3182//3182 3175//3175 3183//3183 
f 3175//3175 3174//3174 3183//3183 
f 3183//3183 3174//3174 3184//3184 
f 3174//3174 3173//3173 3184//3184 
f 3184//3184 3173//3173 3185//3185 
f 3173//3173 3172//3172 3185//3185 
f 3185//3185 3172//3172 3186//3186 
f 3172//3172 3171//3171 3186//3186 
f 3186//3186 3171//3171 3187//3187 
f 3171//3171 3170//3170 3187//3187 
f 3187//3187 3170//3170 3188//3188 
f 3170//3170 3169//3169 3188//3188 
f 3188//3188 3169//3169 3189//3189 
f 3169//3169 3168//3168 3189//3189 
f 3189//3189 3168//3168 3190//3190 
f 3168//3168 3167//3167 3190//3190 
f 3190//3190 3167//3167 3191//3191 
f 3167//3167 3166//3166 3191//3191 
f 3191//3191 3166//3166 3192//3192 
f 3166//3166 3165//3165 3192//3192 
f 3192//3192 3165//3165 3193//3193 
f 3165//3165 3164//3164 3193//3193 
f 3193//3193 3164//3164 3194//3194 
f 3164//3164 3163//3163 3194//3194 
f 3194//3194 3163//3163 3195//3195 
f 3163//3163 3162//3162 3195//3195 
f 3195//3195 3162//3162 3196//3196 
f 3162//3162 3161//3161 3196//3196 
f 3196//3196 3161//3161 3197//3197 
f 3161//3161 3160//3160 3197//3197 
f 3197//3197 3160//3160 3198//3198 
f 3160//3160 3159//3159 3198//3198 
f 3198//3198 3159//3159 3199//3199 
f 3159//3159 3158//3158 3199//3199 
f 3199//3199 3158//3158 3200//3200 
f 3158//3158 3158//3158 3200//3200 
f 3200//3200 3158//3158 3201//3201 
f 3158//3158 3157//3157 3201//3201 
f 3201//3201 3157//3157 3202//3202 
f 3157//3157 3156//3156 3202//3202 
f 3202//3202 3156//3156 3203//3203 
f 3156//3156 3155//3155 3203//3203 
f 3203//3203 3155//3155 3203//3203 
f 3155//3155 3154//3154 3203//3203 
f 3203//3203 3154//3154 3204//3204 
f 3154//3154 3153//3153 3204//3204 
f 3204//3204 3153//3153 3205//3205 
f 3153//3153 3152//3152 3205//3205 
f 3205//3205 3152//3152 3206//3206 
f 3152//3152 3151//3151 3206//3206 
f 3206//3206 3151//3151 3207//3207 
f 3151//3151 3150//3150 3207//3207 
f 3207//3207 3150//3150 3208//3208 
f 3150//3150 3149//3149 3208//3208 
f 3208//3208 3149//3149 3209//3209 
f 3149//3149 3148//3148 3209//3209 
f 3209//3209 3148//3148 3210//3210 
f 3148//3148 3147//3147 3210//3210 
f 3210//3210 3147//3147 3211//3211 
f 3147//3147 3147//3147 3211//3211 
f 3211//3211 3147//3147 3212//3212 
f 3147//3147 3146//3146 3212//3212 
f 3212//3212 3146//3146 3213//3213 
f 3146//3146 3145//3145 3213//3213 
f 3213//3213 3145//3145 3214//3214 
f 3145//3145 3144//3144 3214//3214 
f 3214//3214 3144//3144 3215//3215 
f 3144//3144 3143//3143 3215//3215 
f 3215//3215 3143//3143 3216//3216 
f 3143//3143 3142//3142 3216//3216 
f 3216//3216 3142//3142 3217//3217 
f 3142//3142 3141//3141 3217//3217 
f 3217//3217 3141//3141 3218//3218 
f 3141//3141 3140//3140 3218//3218 
f 3218//3218 3140//3140 3219//3219 
f 3140//3140 3139//3139 3219//3219 
f 3219//3219 3139//3139 3220//3220 
f 3139//3139 3138//3138 3220//3220 
f 3220//3220 3138//3138 3221//3221 
f 3138//3138 3137//3137 3221//3221 
f 3221//3221 3137//3137 3222//3222 
f 3137//3137 3136//3136 3222//3222 
f 3222//3222 3136//3136 3223//3223 
f 3136//3136 3135//3135 3223//3223 
f 3223//3223 3135//3135 3224//3224 
f 3135//3135 3134//3134 3224//3224 
f 3224//3224 3134//3134 3225//3225 
f 3134//3134 3133//3133 3225//3225 
f 3225//3225 3133//3133 3226//3226 
f 3133//3133 3132//3132 3226//3226 
f 3226//3226 3132//3132 3227//3227 
f 3132//3132 3131//3131 3227//3227 
f 3227//3227 3131//3131 3227//3227 
f 3131//3131 3130//3130 3227//3227 
f 3227//3227 3130//3130 3228//3228 
f 3130//3130 3129//3129 3228//3228 
f 3228//3228 3129//3129 3229//3229 
f 3129//3129 3128//3128 3229//3229 
f 3229//3229 3128//3128 3230//3230 
f 3128//3128 3127//3127 3230//3230 
f 3230//3230 3127//3127 3231//3231 
f 3127//3127 3126//3126 3231//3231 
f 3231//3231 3126//3126 3232//3232 
f 3126//3126 3125//3125 3232//3232 
f 3232//3232 3125//3125 3233//3233 
f 3125//3125 3125//3125 3233//3233 
f 3233//3233 3125//3125 3234//3234 
f 3125//3125 3124//3124 3234//3234 
f 3234//3234 3124//3124 3235//3235 
f 3124//3124 3123//3123 3235//3235 
f 3235//3235 3123//3123 3236//3236 
f 3123//3123 3122//3122 3236//3236 
f 3236//3236 3122//3122 3237//3237 
f 3122//3122 3121//3121 3237//3237 
f 3237//3237 3121//3121 3237//3237 
f 3121//3121 3120//3120 3237//3237 
f 3237//3237 3120//3120 3238//3238 
f 3120//3120 3119//3119 3238//3238 
f 3238//3238 3119//3119 3239//3239 
f 3119//3119 3118//3118 3239//3239 
f 3239//3239 3118//3118 3240//3240 
f 3118//3118 3117//3117 3240//3240 
f 3240//3240 3117//3117 3241//3241 
f 3117//3117 3116//3116 3241//3241 
f 3241//3241 3116//3116 3242//3242 
f 3116//3116 3115//3115 3242//3242 
f 3242//3242 3115//3115 3243//3243 
f 3115//3115 3114//3114 3243//3243 
f 3243//3243 3114//3114 3244//3244 
f 3114//3114 3113//3113 3244//3244 
f 3244//3244 3113//3113 3245//3245 
f 3113//3113 3112//3112 3245//3245 
f 3245//3245 3112//3112 3246//3246 
f 3112//3112 3111//3111 3246//3246 
f 3246//3246 3111//3111 3247//3247 
f 3111//3111 3110//3110 3247//3247 
f 3247//3247 3110//3110 3248//3248 
f 3110//3110 3109//3109 3248//3248 
f 3248//3248 3109//3109 3249//3249 
f 3109//3109 3108//3108 3249//3249 
f 3249//3249 3108//3108 3250//3250 
f 3108//3108 3108//3108 3250//3250 
f 3250//3250 3108//3108 3251//3251 
f 3108//3108 3107//3107 3251//3251 
f 3251//3251 3107//3107 3252//3252 
f 3107//3107 3106//3106 3252//3252 
f 3252//3252 3106//3106 3253//3253 
f 3106//3106 3105//3105 3253//3253 
f 3253//3253 3105//3105 3254//3254 
f 3105//3105 3104//3104 3254//3254 
f 3254//3254 3104//3104 3254//3254 
f 3104//3104 3103//3103 3254//3254 
f 3254//3254 3103//3103 3255//3255 
f 3103//3103 3102//3102 3255//3255 
f 3255//3255 3102//3102 3256//3256 
f 3102//3102 3101//3101 3256//3256 
f 3256//3256 3101//3101 3257//3257 
f 3101//3101 3100//3100 3257//3257 
f 3257//3257 3100//3100 3258//3258 
f 3100//3100 3099//3099 3258//3258 
f 3258//3258 3099//3099 3259//3259 
f 3099//3099 3098//3098 3259//3259 
f 3259//3259 3098//3098 3260//3260 
f 3098//3098 3097//3097 3260//3260 
f 3260//3260 3097//3097 3261//3261 
f 3097//3097 3096//3096 3261//3261 
f 3261//3261 3096//3096 3262//3262 
f 3096//3096 3095//3095 3262//3262 
f 3262//3262 3095//3095 3263//3263 
f 3095//3095 3094//3094 3263//3263 
f 3263//3263 3094//3094 3264//3264 
f 3094//3094 3093//3093 3264//3264 
f 3264//3264 3093//3093 3265//3265 
f 3093//3093 3093//3093 3265//3265 
f 3265//3265 3093//3093 3266//3266 
f 3093//3093 3092//3092 3266//3266 
f 3266//3266 3092//3092 3267//3267 
f 3092//3092 3091//3091 3267//3267 
f 3267//3267 3091//3091 3268//3268 
f 3091//3091 3090//3090 3268//3268 
f 3268//3268 3090//3090 3269//3269 
f 3090//3090 3089//3089 3269//3269 
f 3269//3269 3089//3089 3269//3269 
f 3089//3089 3088//3088 3269//3269 
f 3269//3269 3088//3088 3270//3270 
f 3088//3088 3087//3087 3270//3270 
f 3270//3270 3087//3087 3271//3271 
f 3087//3087 3086//3086 3271//3271 
f 3271//3271 3086//3086 3272//3272 
f 3086//3086 3085//3085 3272//3272 
f 3272//3272 3085//3085 3273//3273 
f 3085//3085 3084//3084 3273//3273 
f 3273//3273 3084//3084 3274//3274 
f 3084//3084 3083//3083 3274//3274 
f 3274//3274 3083//3083 3275//3275 
f 3083//3083 3082//3082 3275//3275 
f 3275//3275 3082//3082 3276//3276 
f 3082//3082 3081//3081 3276//3276 
f 3276//3276 3081//3081 3277//3277 
f 3081//3081 3080//3080 3277//3277 
f 3277//3277 3080//3080 3278//3278 
f 3080//3080 3079//3079 3278//3278 
f 3278//3278 3079//3079 3279//3279 
f 3079//3079 3078//3078 3279//3279 
f 3279//3279 3078//3078 3280//3280 
f 3078//3078 3077//3077 3280//3280 
f 3280//3280 3077//3077 3281//3281 
f 3077//3077 3076//3076 3281//3281 
f 3281//3281 3076//3076 3282//3282 
f 3076//3076 3075//3075 3282//3282 
f 3282//3282 3075//3075 3283//3283 
f 3075//3075 3074//3074 3283//3283 
f 3283//3283 3074//3074 3284//3284 
f 3074//3074 3073//3073 3284//3284 
f 3284//3284 3073//3073 3285//3285 
f 3073//3073 3072//3072 3285//3285 
f 3285//3285 3072//3072 3286//3286 
f 3072//3072 3071//3071 3286//3286 
f 3286//3286 3071//3071 3287//3287 
f 3071//3071 3070//3070 3287//3287 
f 3287//3287 3070//3070 3288//3288 
f 3070//3070 3069//3069 3288//3288 
f 3288//3288 3069//3069 3289//3289 
f 3069//3069 3068//3068 3289//3289 
f 3289//3289 3068//3068 3290//3290 
f 3068//3068 3067//3067 3290//3290 
f 3290//3290 3067//3067 3291//3291 
f 3067//3067 3066//3066 3291//3291 
f 3291//3291 3066//3066 3292//3292 
f 3066//3066 3065//3065 3292//3292 
f 3292//3292 3065//3065 3293//3293 
f 3065//3065 3064//3064 3293//3293 
f 3293//3293 3064//3064 3294//3294 
f 3064//3064 3063//3063 3294//3294 
f 3294//3294 3063//3063 3295//3295 
f 3063//3063 3062//3062 3295//3295 
f 3295//3295 3062//3062 3296//3296 
f 3062//3062 3061//3061 3296//3296 
f 3296//3296 3061//3061 3297//3297 
f 3061//3061 3060//3060 3297//3297 
f 3297//3297 3060//3060 3298//3298 
f 3060//3060 3059//3059 3298//3298 
f 3298//3298 3059//3059 3299//3299 
f 3059//3059 3059//3059 3299//3299 
f 3299//3299 3059//3059 3300//3300 
f 3059//3059 3058//3058 3300//3300 
f 3300//3300 3058//3058 3301//3301 
f 3058//3058 3057//3057 3301//3301 
f 3301//3301 3057//3057 3302//3302 
f 3057//3057 3056//3056 3302//3302 
f 3302//3302 3056//3056 3303//3303 
f 3056//3056 3055//3055 3303//3303 
f 3303//3303 3055//3055 3304//3304 
f 3055//3055 3054//3054 3304//3304 
f 3304//3304 3054//3054 3305//3305 
f 3054//3054 3053//3053 3305//3305 
f 3305//3305 3053//3053 3306//3306 
f 3053//3053 3052//3052 3306//3306 
f 3306//3306 3052//3052 3307//3307 
f 3052//3052 3051//3051 3307//3307 
f 3307//3307 3051//3051 3308//3308 
f 3051//3051 3050//3050 3308//3308 
f 3308//3308 3050//3050 3309//3309 
f 3050//3050 3049//3049 3309//3309 
f 3309//3309 3049//3049 3310//3310 
f 3049//3049 3048//3048 3310//3310 
f 3310//3310 3048//3048 3311//3311 
f 3048//3048 3047//3047 3311//3311 
f 3311//3311 3047//3047 3312//3312 
f 3047//3047 3046//3046 3312//3312 
f 3312//3312 3046//3046 3313//3313 
f 3046//3046 3045//3045 3313//3313 
f 3313//3313 3045//3045 3314//3314 
f 3045//3045 3044//3044 3314//3314 
f 3314//3314 3044//3044 3314//3314 
f 3044//3044 3043//3043 3314//3314 
f 3314//3314 3043//3043 3315//3315 
f 3043//3043 2337//2337 3315//3315 
f 3315//3315 2337//2337 3316//3316 
f 2337//2337 2336//2336 3316//3316 
f 3316//3316 2336//2336 3317//3317 
f 2336//2336 2335//2335 3317//3317 
f 3317//3317 2335//2335 3318//3318 
f 2335//2335 3319//3319 3318//3318 
f 3318//3318 3319//3319 3320//3320 
f 3319//3319 2334//2334 3320//3320 
f 3320//3320 2334//2334 3321//3321 
f 2334//2334 2333//2333 3321//3321 
f 3321//3321 2333//2333 3322//3322 
f 2333//2333 97//97 3322//3322 
f 3322//3322 97//97 3323//3323 
f 97//97 98//98 3323//3323 
f 3323//3323 98//98 3324//3324 
f 98//98 99//99 3324//3324 
f 3324//3324 99//99 3325//3325 
f 99//99 100//100 3325//3325 
f 3325//3325 100//100 3326//3326 
f 100//100 101//101 3326//3326 
f 3326//3326 101//101 3327//3327 
f 101//101 3328//3328 3327//3327 
f 3327//3327 3328//3328 3329//3329 
f 3328//3328 3328//3328 3329//3329 
f 3329//3329 3328//3328 3330//3330 
f 3328//3328 102//102 3330//3330 
f 3330//3330 102//102 3331//3331 
f 102//102 103//103 3331//3331 
f 3331//3331 103//103 103//103 
f 103//103 102//102 103//103 
f 103//103 102//102 102//102 
f 102//102 3328//3328 102//102 
f 102//102 3328//3328 101//101 
f 3328//3328 101//101 101//101 
f 101//101 101//101 2334//2334 
f 101//101 2334//2334 2334//2334 
f 2334//2334 2334//2334 2335//2335 
f 2334//2334 3319//3319 2335//2335 
f 2335//2335 3319//3319 3319//3319 
f 3319//3319 3331//3331 3319//3319 
f 3319//3319 3331//3331 3331//3331 
f 3331//3331 3332//3332 3331//3331 
f 3331//3331 3332//3332 3330//3330 
f 3332//3332 3333//3333 3330//3330 
f 3330//3330 3333//3333 3329//3329 
f 3333//3333 3334//3334 3329//3329 
f 3329//3329 3334//3334 3329//3329 
f 3334//3334 3335//3335 3329//3329 
f 3329//3329 3335//3335 3327//3327 
f 3335//3335 3336//3336 3327//3327 
f 3327//3327 3336//3336 3326//3326 
f 3336//3336 3337//3337 3326//3326 
f 3326//3326 3337//3337 3325//3325 
f 3337//3337 3338//3338 3325//3325 
f 3325//3325 3338//3338 3324//3324 
f 3338//3338 3339//3339 3324//3324 
f 3324//3324 3339//3339 3323//3323 
f 3339//3339 3340//3340 3323//3323 
f 3323//3323 3340//3340 3322//3322 
f 3340//3340 3341//3341 3322//3322 
f 3322//3322 3341//3341 3321//3321 
f 3341//3341 3342//3342 3321//3321 
f 3321//3321 3342//3342 3320//3320 
f 3342//3342 3343//3343 3320//3320 
f 3320//3320 3343//3343 3318//3318 
f 3343//3343 3344//3344 3318//3318 
f 3318//3318 3344//3344 3317//3317 
f 3344//3344 3345//3345 3317//3317 
f 3317//3317 3345//3345 3316//3316 
f 3345//3345 3346//3346 3316//3316 
f 3316//3316 3346//3346 3316//3316 
f 3346//3346 3347//3347 3316//3316 
f 3316//3316 3347//3347 3315//3315 
f 3347//3347 3348//3348 3315//3315 
f 3315//3315 3348//3348 3314//3314 
f 3348//3348 3348//3348 3314//3314 
f 3314//3314 3348//3348 3313//3313 
f 3348//3348 3349//3349 3313//3313 
f 3313//3313 3349//3349 3312//3312 
f 3349//3349 3350//3350 3312//3312 
f 3312//3312 3350//3350 3311//3311 
f 3350//3350 3351//3351 3311//3311 
f 3311//3311 3351//3351 3310//3310 
f 3351//3351 3352//3352 3310//3310 
f 3310//3310 3352//3352 3309//3309 
f 3352//3352 3353//3353 3309//3309 
f 3309//3309 3353//3353 3308//3308 
f 3353//3353 3354//3354 3308//3308 
f 3308//3308 3354//3354 3307//3307 
f 3354//3354 3355//3355 3307//3307 
f 3307//3307 3355//3355 3306//3306 
f 3355//3355 3356//3356 3306//3306 
f 3306//3306 3356//3356 3305//3305 
f 3356//3356 3357//3357 3305//3305 
f 3305//3305 3357//3357 3304//3304 
f 3357//3357 3358//3358 3304//3304 
f 3304//3304 3358//3358 3303//3303 
f 3358//3358 3359//3359 3303//3303 
f 3303//3303 3359//3359 3302//3302 
f 3359//3359 3360//3360 3302//3302 
f 3302//3302 3360//3360 3301//3301 
f 3360//3360 3361//3361 3301//3301 
f 3301//3301 3361//3361 3300//3300 
f 3361//3361 3362//3362 3300//3300 
f 3300//3300 3362//3362 3299//3299 
f 3362//3362 3363//3363 3299//3299 
f 3299//3299 3363//3363 3298//3298 
f 3363//3363 3364//3364 3298//3298 
f 3298//3298 3364//3364 3298//3298 
f 3364//3364 3365//3365 3298//3298 
f 3298//3298 3365//3365 3297//3297 
f 3365//3365 3366//3366 3297//3297 
f 3297//3297 3366//3366 3296//3296 
f 3366//3366 3367//3367 3296//3296 
f 3296//3296 3367//3367 3295//3295 
f 3367//3367 3368//3368 3295//3295 
f 3295//3295 3368//3368 3294//3294 
f 3368//3368 3369//3369 3294//3294 
f 3294//3294 3369//3369 3293//3293 
f 3369//3369 3370//3370 3293//3293 
f 3293//3293 3370//3370 3292//3292 
f 3370//3370 3371//3371 3292//3292 
f 3292//3292 3371//3371 3291//3291 
f 3371//3371 3372//3372 3291//3291 
f 3291//3291 3372//3372 3290//3290 
f 3372//3372 3373//3373 3290//3290 
f 3290//3290 3373//3373 3289//3289 
f 3373//3373 3374//3374 3289//3289 
f 3289//3289 3374//3374 3288//3288 
f 3374//3374 3375//3375 3288//3288 
f 3288//3288 3375//3375 3287//3287 
f 3375//3375 3376//3376 3287//3287 
f 3287//3287 3376//3376 3286//3286 
f 3376//3376 3377//3377 3286//3286 
f 3286//3286 3377//3377 3285//3285 
f 3377//3377 3378//3378 3285//3285 
f 3285//3285 3378//3378 3284//3284 
f 3378//3378 3379//3379 3284//3284 
f 3284//3284 3379//3379 3283//3283 
f 3379//3379 3380//3380 3283//3283 
f 3283//3283 3380//3380 3282//3282 
f 3380//3380 3381//3381 3282//3282 
f 3282//3282 3381//3381 3281//3281 
f 3381//3381 3382//3382 3281//3281 
f 3281//3281 3382//3382 3280//3280 
f 3382//3382 3383//3383 3280//3280 
f 3280//3280 3383//3383 3279//3279 
f 3383//3383 3384//3384 3279//3279 
f 3279//3279 3384//3384 3278//3278 
f 3384//3384 3385//3385 3278//3278 
f 3278//3278 3385//3385 3277//3277 
f 3385//3385 3386//3386 3277//3277 
f 3277//3277 3386//3386 3276//3276 
f 3386//3386 3387//3387 3276//3276 
f 3276//3276 3387//3387 3275//3275 
f 3387//3387 3388//3388 3275//3275 
f 3275//3275 3388//3388 3274//3274 
f 3388//3388 3389//3389 3274//3274 
f 3274//3274 3389//3389 3273//3273 
f 3389//3389 3390//3390 3273//3273 
f 3273//3273 3390//3390 3272//3272 
f 3390//3390 3391//3391 3272//3272 
f 3272//3272 3391//3391 3271//3271 
f 3391//3391 3392//3392 3271//3271 
f 3271//3271 3392//3392 3270//3270 
f 3392//3392 3393//3393 3270//3270 
f 3270//3270 3393//3393 3269//3269 
f 3393//3393 3393//3393 3269//3269 
f 3269//3269 3393//3393 3268//3268 
f 3393//3393 3394//3394 3268//3268 
f 3268//3268 3394//3394 3267//3267 
f 3394//3394 3395//3395 3267//3267 
f 3267//3267 3395//3395 3266//3266 
f 3395//3395 3396//3396 3266//3266 
f 3266//3266 3396//3396 3265//3265 
f 3396//3396 3397//3397 3265//3265 
f 3265//3265 3397//3397 3265//3265 
f 3397//3397 3398//3398 3265//3265 
f 3265//3265 3398//3398 3264//3264 
f 3398//3398 3399//3399 3264//3264 
f 3264//3264 3399//3399 3263//3263 
f 3399//3399 3400//3400 3263//3263 
f 3263//3263 3400//3400 3262//3262 
f 3400//3400 3401//3401 3262//3262 
f 3262//3262 3401//3401 3261//3261 
f 3401//3401 3402//3402 3261//3261 
f 3261//3261 3402//3402 3260//3260 
f 3402//3402 3403//3403 3260//3260 
f 3260//3260 3403//3403 3259//3259 
f 3403//3403 3404//3404 3259//3259 
f 3259//3259 3404//3404 3258//3258 
f 3404//3404 3405//3405 3258//3258 
f 3258//3258 3405//3405 3257//3257 
f 3405//3405 3406//3406 3257//3257 
f 3257//3257 3406//3406 3256//3256 
f 3406//3406 3407//3407 3256//3256 
f 3256//3256 3407//3407 3255//3255 
f 3407//3407 3408//3408 3255//3255 
f 3255//3255 3408//3408 3254//3254 
f 3408//3408 3408//3408 3254//3254 
f 3254//3254 3408//3408 3253//3253 
f 3408//3408 3409//3409 3253//3253 
f 3253//3253 3409//3409 3252//3252 
f 3409//3409 3410//3410 3252//3252 
f 3252//3252 3410//3410 3251//3251 
f 3410//3410 3411//3411 3251//3251 
f 3251//3251 3411//3411 3250//3250 
f 3411//3411 3412//3412 3250//3250 
f 3250//3250 3412//3412 3250//3250 
f 3412//3412 3413//3413 3250//3250 
f 3250//3250 3413//3413 3249//3249 
f 3413//3413 3414//3414 3249//3249 
f 3249//3249 3414//3414 3248//3248 
f 3414//3414 3415//3415 3248//3248 
f 3248//3248 3415//3415 3247//3247 
f 3415//3415 3416//3416 3247//3247 
f 3247//3247 3416//3416 3246//3246 
f 3416//3416 3417//3417 3246//3246 
f 3246//3246 3417//3417 3245//3245 
f 3417//3417 3418//3418 3245//3245 
f 3245//3245 3418//3418 3244//3244 
f 3418//3418 3419//3419 3244//3244 
f 3244//3244 3419//3419 3243//3243 
f 3419//3419 3420//3420 3243//3243 
f 3243//3243 3420//3420 3242//3242 
f 3420//3420 3421//3421 3242//3242 
f 3242//3242 3421//3421 3241//3241 
f 3421//3421 3422//3422 3241//3241 
f 3241//3241 3422//3422 3240//3240 
f 3422//3422 3423//3423 3240//3240 
f 3240//3240 3423//3423 3239//3239 
f 3423//3423 3424//3424 3239//3239 
f 3239//3239 3424//3424 3238//3238 
f 3424//3424 3425//3425 3238//3238 
f 3238//3238 3425//3425 3237//3237 
f 3425//3425 3425//3425 3237//3237 
f 3237//3237 3425//3425 3236//3236 
f 3425//3425 3426//3426 3236//3236 
f 3236//3236 3426//3426 3235//3235 
f 3426//3426 3427//3427 3235//3235 
f 3235//3235 3427//3427 3234//3234 
f 3427//3427 3428//3428 3234//3234 
f 3234//3234 3428//3428 3233//3233 
f 3428//3428 3429//3429 3233//3233 
f 3233//3233 3429//3429 3233//3233 
f 3429//3429 3430//3430 3233//3233 
f 3233//3233 3430//3430 3232//3232 
f 3430//3430 3431//3431 3232//3232 
f 3232//3232 3431//3431 3231//3231 
f 3431//3431 3432//3432 3231//3231 
f 3231//3231 3432//3432 3230//3230 
f 3432//3432 3433//3433 3230//3230 
f 3230//3230 3433//3433 3229//3229 
f 3433//3433 3434//3434 3229//3229 
f 3229//3229 3434//3434 3228//3228 
f 3434//3434 3435//3435 3228//3228 
f 3228//3228 3435//3435 3227//3227 
f 3435//3435 3435//3435 3227//3227 
f 3227//3227 3435//3435 3226//3226 
f 3435//3435 3436//3436 3226//3226 
f 3226//3226 3436//3436 3225//3225 
f 3436//3436 3437//3437 3225//3225 
f 3225//3225 3437//3437 3224//3224 
f 3437//3437 3438//3438 3224//3224 
f 3224//3224 3438//3438 3223//3223 
f 3438//3438 3439//3439 3223//3223 
f 3223//3223 3439//3439 3222//3222 
f 3439//3439 3440//3440 3222//3222 
f 3222//3222 3440//3440 3221//3221 
f 3440//3440 3441//3441 3221//3221 
f 3221//3221 3441//3441 3220//3220 
f 3441//3441 3442//3442 3220//3220 
f 3220//3220 3442//3442 3219//3219 
f 3442//3442 3443//3443 3219//3219 
f 3219//3219 3443//3443 3218//3218 
f 3443//3443 3444//3444 3218//3218 
f 3218//3218 3444//3444 3217//3217 
f 3444//3444 3445//3445 3217//3217 
f 3217//3217 3445//3445 3216//3216 
f 3445//3445 3446//3446 3216//3216 
f 3216//3216 3446//3446 3215//3215 
f 3446//3446 3447//3447 3215//3215 
f 3215//3215 3447//3447 3214//3214 
f 3447//3447 3448//3448 3214//3214 
f 3214//3214 3448//3448 3213//3213 
f 3448//3448 3449//3449 3213//3213 
f 3213//3213 3449//3449 3212//3212 
f 3449//3449 3450//3450 3212//3212 
f 3212//3212 3450//3450 3211//3211 
f 3450//3450 3451//3451 3211//3211 
f 3211//3211 3451//3451 3210//3210 
f 3451//3451 3452//3452 3210//3210 
f 3210//3210 3452//3452 3210//3210 
f 3452//3452 3453//3453 3210//3210 
f 3210//3210 3453//3453 3209//3209 
f 3453//3453 3454//3454 3209//3209 
f 3209//3209 3454//3454 3208//3208 
f 3454//3454 3455//3455 3208//3208 
f 3208//3208 3455//3455 3207//3207 
f 3455//3455 3455//3455 3207//3207 
f 3207//3207 3455//3455 3206//3206 
f 3455//3455 3456//3456 3206//3206 
f 3206//3206 3456//3456 3205//3205 
f 3456//3456 3457//3457 3205//3205 
f 3205//3205 3457//3457 3204//3204 
f 3457//3457 3458//3458 3204//3204 
f 3204//3204 3458//3458 3203//3203 
f 3458//3458 3459//3459 3203//3203 
f 3203//3203 3459//3459 3202//3202 
f 3459//3459 3460//3460 3202//3202 
f 3202//3202 3460//3460 3201//3201 
f 3460//3460 3461//3461 3201//3201 
f 3201//3201 3461//3461 3200//3200 
f 3461//3461 3462//3462 3200//3200 
f 3200//3200 3462//3462 3199//3199 
f 3462//3462 3463//3463 3199//3199 
f 3199//3199 3463//3463 3198//3198 
f 3463//3463 3464//3464 3198//3198 
f 3198//3198 3464//3464 3197//3197 
f 3464//3464 3465//3465 3197//3197 
f 3197//3197 3465//3465 3197//3197 
f 3465//3465 3466//3466 3197//3197 
f 3197//3197 3466//3466 3196//3196 
f 3466//3466 3467//3467 3196//3196 
f 3196//3196 3467//3467 3195//3195 
f 3467//3467 3468//3468 3195//3195 
f 3195//3195 3468//3468 3194//3194 
f 3468//3468 3469//3469 3194//3194 
f 3194//3194 3469//3469 3193//3193 
f 3469//3469 3470//3470 3193//3193 
f 3193//3193 3470//3470 3192//3192 
f 3470//3470 3471//3471 3192//3192 
f 3192//3192 3471//3471 3191//3191 
f 3471//3471 3472//3472 3191//3191 
f 3191//3191 3472//3472 3190//3190 
f 3472//3472 3473//3473 3190//3190 
f 3190//3190 3473//3473 3189//3189 
f 3473//3473 3474//3474 3189//3189 
f 3189//3189 3474//3474 3188//3188 
f 3474//3474 3475//3475 3188//3188 
f 3188//3188 3475//3475 3187//3187 
f 3475//3475 3476//3476 3187//3187 
f 3187//3187 3476//3476 3186//3186 
f 3476//3476 3477//3477 3186//3186 
f 3186//3186 3477//3477 3185//3185 
f 3477//3477 3478//3478 3185//3185 
f 3185//3185 3478//3478 3184//3184 
f 3478//3478 3479//3479 3184//3184 
f 3184//3184 3479//3479 3183//3183 
f 3479//3479 3480//3480 3183//3183 
f 3183//3183 3480//3480 3182//3182 
f 3480//3480 3481//3481 3182//3182 
f 3182//3182 3481//3481 3181//3181 
f 3481//3481 3482//3482 3181//3181 
f 3181//3181 3482//3482 3180//3180 
f 3482//3482 3483//3483 3180//3180 
f 3180//3180 3483//3483 3179//3179 
f 3483//3483 3484//3484 3179//3179 
f 3179//3179 3484//3484 2497//2497 
f 3484//3484 3484//3484 2497//2497 
f 2497//2497 3484//3484 2496//2496 
f 3484//3484 3485//3485 2496//2496 
f 2496//2496 3485//3485 2495//2495 
f 3485//3485 2495//2495 2495//2495 
f 2495//2495 2495//2495 3344//3344 
f 2495//2495 3344//3344 3344//3344 
f 3344//3344 3344//3344 3345//3345 
f 3344//3344 3486//3486 3345//3345 
f 3345//3345 3486//3486 3346//3346 
f 3486//3486 3346//3346 3346//3346 
f 3346//3346 3346//3346 3485//3485 
f 3346//3346 3485//3485 3485//3485 
f 3485//3485 3485//3485 3487//3487 
f 3485//3485 3484//3484 3487//3487 
f 3487//3487 3484//3484 3487//3487 
f 3484//3484 3483//3483 3487//3487 
f 3487//3487 3483//3483 3488//3488 
f 3483//3483 3482//3482 3488//3488 
f 3488//3488 3482//3482 3489//3489 
f 3482//3482 3481//3481 3489//3489 
f 3489//3489 3481//3481 3490//3490 
f 3481//3481 3480//3480 3490//3490 
f 3490//3490 3480//3480 3491//3491 
f 3480//3480 3479//3479 3491//3491 
f 3491//3491 3479//3479 3492//3492 
f 3479//3479 3478//3478 3492//3492 
f 3492//3492 3478//3478 3493//3493 
f 3478//3478 3477//3477 3493//3493 
f 3493//3493 3477//3477 3494//3494 
f 3477//3477 3476//3476 3494//3494 
f 3494//3494 3476//3476 3495//3495 
f 3476//3476 3475//3475 3495//3495 
f 3495//3495 3475//3475 3496//3496 
f 3475//3475 3474//3474 3496//3496 
f 3496//3496 3474//3474 3497//3497 
f 3474//3474 3474//3474 3497//3497 
f 3497//3497 3474//3474 3498//3498 
f 3474//3474 3473//3473 3498//3498 
f 3498//3498 3473//3473 3499//3499 
f 3473//3473 3472//3472 3499//3499 
f 3499//3499 3472//3472 3500//3500 
f 3472//3472 3471//3471 3500//3500 
f 3500//3500 3471//3471 3501//3501 
f 3471//3471 3470//3470 3501//3501 
f 3501//3501 3470//3470 3502//3502 
f 3470//3470 3469//3469 3502//3502 
f 3502//3502 3469//3469 3503//3503 
f 3469//3469 3468//3468 3503//3503 
f 3503//3503 3468//3468 3504//3504 
f 3468//3468 3467//3467 3504//3504 
f 3504//3504 3467//3467 3505//3505 
f 3467//3467 3466//3466 3505//3505 
f 3505//3505 3466//3466 3506//3506 
f 3466//3466 3465//3465 3506//3506 
f 3506//3506 3465//3465 3507//3507 
f 3465//3465 3464//3464 3507//3507 
f 3507//3507 3464//3464 3508//3508 
f 3464//3464 3463//3463 3508//3508 
f 3508//3508 3463//3463 3509//3509 
f 3463//3463 3462//3462 3509//3509 
f 3509//3509 3462//3462 3510//3510 
f 3462//3462 3461//3461 3510//3510 
f 3510//3510 3461//3461 3511//3511 
f 3461//3461 3460//3460 3511//3511 
f 3511//3511 3460//3460 3512//3512 
f 3460//3460 3459//3459 3512//3512 
f 3512//3512 3459//3459 3513//3513 
f 3459//3459 3458//3458 3513//3513 
f 3513//3513 3458//3458 3514//3514 
f 3458//3458 3457//3457 3514//3514 
f 3514//3514 3457//3457 3515//3515 
f 3457//3457 3456//3456 3515//3515 
f 3515//3515 3456//3456 3516//3516 
f 3456//3456 3455//3455 3516//3516 
f 3516//3516 3455//3455 3516//3516 
f 3455//3455 3454//3454 3516//3516 
f 3516//3516 3454//3454 3517//3517 
f 3454//3454 3453//3453 3517//3517 
f 3517//3517 3453//3453 3518//3518 
f 3453//3453 3453//3453 3518//3518 
f 3518//3518 3453//3453 3519//3519 
f 3453//3453 3452//3452 3519//3519 
f 3519//3519 3452//3452 3520//3520 
f 3452//3452 3451//3451 3520//3520 
f 3520//3520 3451//3451 3521//3521 
f 3451//3451 3450//3450 3521//3521 
f 3521//3521 3450//3450 3522//3522 
f 3450//3450 3449//3449 3522//3522 
f 3522//3522 3449//3449 3523//3523 
f 3449//3449 3448//3448 3523//3523 
f 3523//3523 3448//3448 3524//3524 
f 3448//3448 3447//3447 3524//3524 
f 3524//3524 3447//3447 3525//3525 
f 3447//3447 3446//3446 3525//3525 
f 3525//3525 3446//3446 3526//3526 
f 3446//3446 3445//3445 3526//3526 
f 3526//3526 3445//3445 3527//3527 
f 3445//3445 3444//3444 3527//3527 
f 3527//3527 3444//3444 3528//3528 
f 3444//3444 3443//3443 3528//3528 
f 3528//3528 3443//3443 3529//3529 
f 3443//3443 3442//3442 3529//3529 
f 3529//3529 3442//3442 3530//3530 
f 3442//3442 3441//3441 3530//3530 
f 3530//3530 3441//3441 3531//3531 
f 3441//3441 3440//3440 3531//3531 
f 3531//3531 3440//3440 3532//3532 
f 3440//3440 3439//3439 3532//3532 
f 3532//3532 3439//3439 3533//3533 
f 3439//3439 3438//3438 3533//3533 
f 3533//3533 3438//3438 3534//3534 
f 3438//3438 3437//3437 3534//3534 
f 3534//3534 3437//3437 3535//3535 
f 3437//3437 3436//3436 3535//3535 
f 3535//3535 3436//3436 3536//3536 
f 3436//3436 3435//3435 3536//3536 
f 3536//3536 3435//3435 3537//3537 
f 3435//3435 3434//3434 3537//3537 
f 3537//3537 3434//3434 3537//3537 
f 3434//3434 3433//3433 3537//3537 
f 3537//3537 3433//3433 3538//3538 
f 3433//3433 3432//3432 3538//3538 
f 3538//3538 3432//3432 3539//3539 
f 3432//3432 3431//3431 3539//3539 
f 3539//3539 3431//3431 3540//3540 
f 3431//3431 3430//3430 3540//3540 
f 3540//3540 3430//3430 3541//3541 
f 3430//3430 3429//3429 3541//3541 
f 3541//3541 3429//3429 3542//3542 
f 3429//3429 3429//3429 3542//3542 
f 3542//3542 3429//3429 3543//3543 
f 3429//3429 3428//3428 3543//3543 
f 3543//3543 3428//3428 3544//3544 
f 3428//3428 3427//3427 3544//3544 
f 3544//3544 3427//3427 3545//3545 
f 3427//3427 3426//3426 3545//3545 
f 3545//3545 3426//3426 3546//3546 
f 3426//3426 3425//3425 3546//3546 
f 3546//3546 3425//3425 3547//3547 
f 3425//3425 3424//3424 3547//3547 
f 3547//3547 3424//3424 3548//3548 
f 3424//3424 3423//3423 3548//3548 
f 3548//3548 3423//3423 3549//3549 
f 3423//3423 3422//3422 3549//3549 
f 3549//3549 3422//3422 3550//3550 
f 3422//3422 3421//3421 3550//3550 
f 3550//3550 3421//3421 3551//3551 
f 3421//3421 3420//3420 3551//3551 
f 3551//3551 3420//3420 3551//3551 
f 3420//3420 3419//3419 3551//3551 
f 3551//3551 3419//3419 3552//3552 
f 3419//3419 3418//3418 3552//3552 
f 3552//3552 3418//3418 3553//3553 
f 3418//3418 3417//3417 3553//3553 
f 3553//3553 3417//3417 3554//3554 
f 3417//3417 3416//3416 3554//3554 
f 3554//3554 3416//3416 3555//3555 
f 3416//3416 3415//3415 3555//3555 
f 3555//3555 3415//3415 3556//3556 
f 3415//3415 3414//3414 3556//3556 
f 3556//3556 3414//3414 3557//3557 
f 3414//3414 3413//3413 3557//3557 
f 3557//3557 3413//3413 3558//3558 
f 3413//3413 3412//3412 3558//3558 
f 3558//3558 3412//3412 3559//3559 
f 3412//3412 3412//3412 3559//3559 
f 3559//3559 3412//3412 3560//3560 
f 3412//3412 3411//3411 3560//3560 
f 3560//3560 3411//3411 3561//3561 
f 3411//3411 3410//3410 3561//3561 
f 3561//3561 3410//3410 3562//3562 
f 3410//3410 3409//3409 3562//3562 
f 3562//3562 3409//3409 3563//3563 
f 3409//3409 3408//3408 3563//3563 
f 3563//3563 3408//3408 3563//3563 
f 3408//3408 3407//3407 3563//3563 
f 3563//3563 3407//3407 3564//3564 
f 3407//3407 3406//3406 3564//3564 
f 3564//3564 3406//3406 3565//3565 
f 3406//3406 3405//3405 3565//3565 
f 3565//3565 3405//3405 3566//3566 
f 3405//3405 3404//3404 3566//3566 
f 3566//3566 3404//3404 3567//3567 
f 3404//3404 3403//3403 3567//3567 
f 3567//3567 3403//3403 3568//3568 
f 3403//3403 3402//3402 3568//3568 
f 3568//3568 3402//3402 3569//3569 
f 3402//3402 3401//3401 3569//3569 
f 3569//3569 3401//3401 3570//3570 
f 3401//3401 3400//3400 3570//3570 
f 3570//3570 3400//3400 3571//3571 
f 3400//3400 3399//3399 3571//3571 
f 3571//3571 3399//3399 3572//3572 
f 3399//3399 3398//3398 3572//3572 
f 3572//3572 3398//3398 3573//3573 
f 3398//3398 3397//3397 3573//3573 
f 3573//3573 3397//3397 3574//3574 
f 3397//3397 3397//3397 3574//3574 
f 3574//3574 3397//3397 3575//3575 
f 3397//3397 3396//3396 3575//3575 
f 3575//3575 3396//3396 3576//3576 
f 3396//3396 3395//3395 3576//3576 
f 3576//3576 3395//3395 3577//3577 
f 3395//3395 3394//3394 3577//3577 
f 3577//3577 3394//3394 3578//3578 
f 3394//3394 3393//3393 3578//3578 
f 3578//3578 3393//3393 3578//3578 
f 3393//3393 3392//3392 3578//3578 
f 3578//3578 3392//3392 3579//3579 
f 3392//3392 3391//3391 3579//3579 
f 3579//3579 3391//3391 3580//3580 
f 3391//3391 3390//3390 3580//3580 
f 3580//3580 3390//3390 3581//3581 
f 3390//3390 3389//3389 3581//3581 
f 3581//3581 3389//3389 3582//3582 
f 3389//3389 3388//3388 3582//3582 
f 3582//3582 3388//3388 3583//3583 
f 3388//3388 3387//3387 3583//3583 
f 3583//3583 3387//3387 3584//3584 
f 3387//3387 3386//3386 3584//3584 
f 3584//3584 3386//3386 3585//3585 
f 3386//3386 3385//3385 3585//3585 
f 3585//3585 3385//3385 3586//3586 
f 3385//3385 3384//3384 3586//3586 
f 3586//3586 3384//3384 3587//3587 
f 3384//3384 3383//3383 3587//3587 
f 3587//3587 3383//3383 3588//3588 
f 3383//3383 3382//3382 3588//3588 
f 3588//3588 3382//3382 3589//3589 
f 3382//3382 3381//3381 3589//3589 
f 3589//3589 3381//3381 3590//3590 
f 3381//3381 3380//3380 3590//3590 
f 3590//3590 3380//3380 3591//3591 
f 3380//3380 3379//3379 3591//3591 
f 3591//3591 3379//3379 3592//3592 
f 3379//3379 3378//3378 3592//3592 
f 3592//3592 3378//3378 3593//3593 
f 3378//3378 3377//3377 3593//3593 
f 3593//3593 3377//3377 3594//3594 
f 3377//3377 3376//3376 3594//3594 
f 3594//3594 3376//3376 3595//3595 
f 3376//3376 3375//3375 3595//3595 
f 3595//3595 3375//3375 3596//3596 
f 3375//3375 3374//3374 3596//3596 
f 3596//3596 3374//3374 3597//3597 
f 3374//3374 3373//3373 3597//3597 
f 3597//3597 3373//3373 3598//3598 
f 3373//3373 3372//3372 3598//3598 
f 3598//3598 3372//3372 3599//3599 
f 3372//3372 3371//3371 3599//3599 
f 3599//3599 3371//3371 3600//3600 
f 3371//3371 3370//3370 3600//3600 
f 3600//3600 3370//3370 3601//3601 
f 3370//3370 3369//3369 3601//3601 
f 3601//3601 3369//3369 3602//3602 
f 3369//3369 3368//3368 3602//3602 
f 3602//3602 3368//3368 3603//3603 
f 3368//3368 3367//3367 3603//3603 
f 3603//3603 3367//3367 3604//3604 
f 3367//3367 3366//3366 3604//3604 
f 3604//3604 3366//3366 3605//3605 
f 3366//3366 3365//3365 3605//3605 
f 3605//3605 3365//3365 3365//3365 
f 3365//3365 3605//3605 3365//3365 
f 3365//3365 3605//3605 3605//3605 
f 3605//3605 3606//3606 3605//3605 
f 3605//3605 3606//3606 3604//3604 
f 3606//3606 3607//3607 3604//3604 
f 3604//3604 3607//3607 3603//3603 
f 3607//3607 3608//3608 3603//3603 
f 3603//3603 3608//3608 3602//3602 
f 3608//3608 3609//3609 3602//3602 
f 3602//3602 3609//3609 3601//3601 
f 3609//3609 3610//3610 3601//3601 
f 3601//3601 3610//3610 3600//3600 
f 3610//3610 3611//3611 3600//3600 
f 3600//3600 3611//3611 3599//3599 
f 3611//3611 3612//3612 3599//3599 
f 3599//3599 3612//3612 3598//3598 
f 3612//3612 3613//3613 3598//3598 
f 3598//3598 3613//3613 3597//3597 
f 3613//3613 3614//3614 3597//3597 
f 3597//3597 3614//3614 3596//3596 
f 3614//3614 3615//3615 3596//3596 
f 3596//3596 3615//3615 3595//3595 
f 3615//3615 3616//3616 3595//3595 
f 3595//3595 3616//3616 3594//3594 
f 3616//3616 3617//3617 3594//3594 
f 3594//3594 3617//3617 3594//3594 
f 3617//3617 3618//3618 3594//3594 
f 3594//3594 3618//3618 3593//3593 
f 3618//3618 3619//3619 3593//3593 
f 3593//3593 3619//3619 3592//3592 
f 3619//3619 3620//3620 3592//3592 
f 3592//3592 3620//3620 3591//3591 
f 3620//3620 3621//3621 3591//3591 
f 3591//3591 3621//3621 3590//3590 
f 3621//3621 3622//3622 3590//3590 
f 3590//3590 3622//3622 3589//3589 
f 3622//3622 3623//3623 3589//3589 
f 3589//3589 3623//3623 3588//3588 
f 3623//3623 3624//3624 3588//3588 
f 3588//3588 3624//3624 3587//3587 
f 3624//3624 3625//3625 3587//3587 
f 3587//3587 3625//3625 3586//3586 
f 3625//3625 3626//3626 3586//3586 
f 3586//3586 3626//3626 3585//3585 
f 3626//3626 3627//3627 3585//3585 
f 3585//3585 3627//3627 3584//3584 
f 3627//3627 3628//3628 3584//3584 
f 3584//3584 3628//3628 3583//3583 
f 3628//3628 3629//3629 3583//3583 
f 3583//3583 3629//3629 3582//3582 
f 3629//3629 3630//3630 3582//3582 
f 3582//3582 3630//3630 3581//3581 
f 3630//3630 3631//3631 3581//3581 
f 3581//3581 3631//3631 3580//3580 
f 3631//3631 3632//3632 3580//3580 
f 3580//3580 3632//3632 3579//3579 
f 3632//3632 3633//3633 3579//3579 
f 3579//3579 3633//3633 3578//3578 
f 3633//3633 3634//3634 3578//3578 
f 3578//3578 3634//3634 3577//3577 
f 3634//3634 3634//3634 3577//3577 
f 3577//3577 3634//3634 3576//3576 
f 3634//3634 3635//3635 3576//3576 
f 3576//3576 3635//3635 3575//3575 
f 3635//3635 3636//3636 3575//3575 
f 3575//3575 3636//3636 3574//3574 
f 3636//3636 3637//3637 3574//3574 
f 3574//3574 3637//3637 3574//3574 
f 3637//3637 3638//3638 3574//3574 
f 3574//3574 3638//3638 3573//3573 
f 3638//3638 3639//3639 3573//3573 
f 3573//3573 3639//3639 3572//3572 
f 3639//3639 3640//3640 3572//3572 
f 3572//3572 3640//3640 3571//3571 
f 3640//3640 3641//3641 3571//3571 
f 3571//3571 3641//3641 3570//3570 
f 3641//3641 3642//3642 3570//3570 
f 3570//3570 3642//3642 3569//3569 
f 3642//3642 3643//3643 3569//3569 
f 3569//3569 3643//3643 3568//3568 
f 3643//3643 3644//3644 3568//3568 
f 3568//3568 3644//3644 3567//3567 
f 3644//3644 3645//3645 3567//3567 
f 3567//3567 3645//3645 3566//3566 
f 3645//3645 3646//3646 3566//3566 
f 3566//3566 3646//3646 3565//3565 
f 3646//3646 3647//3647 3565//3565 
f 3565//3565 3647//3647 3564//3564 
f 3647//3647 3647//3647 3564//3564 
f 3564//3564 3647//3647 3563//3563 
f 3647//3647 3648//3648 3563//3563 
f 3563//3563 3648//3648 3562//3562 
f 3648//3648 3649//3649 3562//3562 
f 3562//3562 3649//3649 3561//3561 
f 3649//3649 3650//3650 3561//3561 
f 3561//3561 3650//3650 3560//3560 
f 3650//3650 3651//3651 3560//3560 
f 3560//3560 3651//3651 3559//3559 
f 3651//3651 3652//3652 3559//3559 
f 3559//3559 3652//3652 3558//3558 
f 3652//3652 3653//3653 3558//3558 
f 3558//3558 3653//3653 3557//3557 
f 3653//3653 3654//3654 3557//3557 
f 3557//3557 3654//3654 3556//3556 
f 3654//3654 3556//3556 3556//3556 
f 3556//3556 3556//3556 3654//3654 
f 3556//3556 3654//3654 3654//3654 
f 3654//3654 3654//3654 3655//3655 
f 3654//3654 3653//3653 3655//3655 
f 3655//3655 3653//3653 3655//3655 
f 3653//3653 3652//3652 3655//3655 
f 3655//3655 3652//3652 3656//3656 
f 3652//3652 3652//3652 3656//3656 
f 3656//3656 3652//3652 3657//3657 
f 3652//3652 3651//3651 3657//3657 
f 3657//3657 3651//3651 3658//3658 
f 3651//3651 3650//3650 3658//3658 
f 3658//3658 3650//3650 3659//3659 
f 3650//3650 3649//3649 3659//3659 
f 3659//3659 3649//3649 3660//3660 
f 3649//3649 3648//3648 3660//3660 
f 3660//3660 3648//3648 3661//3661 
f 3648//3648 3647//3647 3661//3661 
f 3661//3661 3647//3647 3662//3662 
f 3647//3647 3646//3646 3662//3662 
f 3662//3662 3646//3646 3662//3662 
f 3646//3646 3645//3645 3662//3662 
f 3662//3662 3645//3645 3663//3663 
f 3645//3645 3644//3644 3663//3663 
f 3663//3663 3644//3644 3664//3664 
f 3644//3644 3643//3643 3664//3664 
f 3664//3664 3643//3643 3665//3665 
f 3643//3643 3642//3642 3665//3665 
f 3665//3665 3642//3642 3666//3666 
f 3642//3642 3641//3641 3666//3666 
f 3666//3666 3641//3641 3667//3667 
f 3641//3641 3640//3640 3667//3667 
f 3667//3667 3640//3640 3668//3668 
f 3640//3640 3639//3639 3668//3668 
f 3668//3668 3639//3639 3669//3669 
f 3639//3639 3638//3638 3669//3669 
f 3669//3669 3638//3638 3670//3670 
f 3638//3638 3637//3637 3670//3670 
f 3670//3670 3637//3637 3671//3671 
f 3637//3637 3636//3636 3671//3671 
f 3671//3671 3636//3636 3672//3672 
f 3636//3636 3636//3636 3672//3672 
f 3672//3672 3636//3636 3673//3673 
f 3636//3636 3635//3635 3673//3673 
f 3673//3673 3635//3635 3674//3674 
f 3635//3635 3634//3634 3674//3674 
f 3674//3674 3634//3634 3674//3674 
f 3634//3634 3633//3633 3674//3674 
f 3674//3674 3633//3633 3675//3675 
f 3633//3633 3632//3632 3675//3675 
f 3675//3675 3632//3632 3676//3676 
f 3632//3632 3631//3631 3676//3676 
f 3676//3676 3631//3631 3677//3677 
f 3631//3631 3630//3630 3677//3677 
f 3677//3677 3630//3630 3678//3678 
f 3630//3630 3629//3629 3678//3678 
f 3678//3678 3629//3629 3679//3679 
f 3629//3629 3628//3628 3679//3679 
f 3679//3679 3628//3628 3680//3680 
f 3628//3628 3627//3627 3680//3680 
f 3680//3680 3627//3627 3681//3681 
f 3627//3627 3626//3626 3681//3681 
f 3681//3681 3626//3626 3682//3682 
f 3626//3626 3626//3626 3682//3682 
f 3682//3682 3626//3626 3683//3683 
f 3626//3626 3625//3625 3683//3683 
f 3683//3683 3625//3625 3684//3684 
f 3625//3625 3624//3624 3684//3684 
f 3684//3684 3624//3624 3685//3685 
f 3624//3624 3623//3623 3685//3685 
f 3685//3685 3623//3623 3686//3686 
f 3623//3623 3622//3622 3686//3686 
f 3686//3686 3622//3622 3687//3687 
f 3622//3622 3621//3621 3687//3687 
f 3687//3687 3621//3621 3688//3688 
f 3621//3621 3620//3620 3688//3688 
f 3688//3688 3620//3620 3689//3689 
f 3620//3620 3619//3619 3689//3689 
f 3689//3689 3619//3619 3690//3690 
f 3619//3619 3618//3618 3690//3690 
f 3690//3690 3618//3618 3691//3691 
f 3618//3618 3617//3617 3691//3691 
f 3691//3691 3617//3617 3692//3692 
f 3617//3617 3616//3616 3692//3692 
f 3692//3692 3616//3616 3693//3693 
f 3616//3616 3615//3615 3693//3693 
f 3693//3693 3615//3615 3694//3694 
f 3615//3615 3614//3614 3694//3694 
f 3694//3694 3614//3614 3695//3695 
f 3614//3614 3613//3613 3695//3695 
f 3695//3695 3613//3613 3696//3696 
f 3613//3613 3612//3612 3696//3696 
f 3696//3696 3612//3612 3697//3697 
f 3612//3612 3611//3611 3697//3697 
f 3697//3697 3611//3611 3698//3698 
f 3611//3611 3610//3610 3698//3698 
f 3698//3698 3610//3610 3699//3699 
f 3610//3610 3609//3609 3699//3699 
f 3699//3699 3609//3609 3700//3700 
f 3609//3609 3608//3608 3700//3700 
f 3700//3700 3608//3608 3701//3701 
f 3608//3608 3607//3607 3701//3701 
f 3701//3701 3607//3607 3702//3702 
f 3607//3607 3606//3606 3702//3702 
f 3702//3702 3606//3606 3703//3703 
f 3606//3606 3605//3605 3703//3703 
f 3703//3703 3605//3605 3704//3704 
f 3605//3605 3365//3365 3704//3704 
f 3704//3704 3365//3365 3705//3705 
f 3365//3365 3364//3364 3705//3705 
f 3705//3705 3364//3364 3706//3706 
f 3364//3364 3363//3363 3706//3706 
f 3706//3706 3363//3363 3707//3707 
f 3363//3363 3362//3362 3707//3707 
f 3707//3707 3362//3362 3708//3708 
f 3362//3362 3361//3361 3708//3708 
f 3708//3708 3361//3361 3709//3709 
f 3361//3361 3360//3360 3709//3709 
f 3709//3709 3360//3360 3710//3710 
f 3360//3360 3359//3359 3710//3710 
f 3710//3710 3359//3359 3711//3711 
f 3359//3359 3358//3358 3711//3711 
f 3711//3711 3358//3358 3711//3711 
f 3358//3358 3357//3357 3711//3711 
f 3711//3711 3357//3357 3712//3712 
f 3357//3357 3356//3356 3712//3712 
f 3712//3712 3356//3356 3713//3713 
f 3356//3356 3355//3355 3713//3713 
f 3713//3713 3355//3355 3714//3714 
f 3355//3355 3354//3354 3714//3714 
f 3714//3714 3354//3354 3715//3715 
f 3354//3354 3353//3353 3715//3715 
f 3715//3715 3353//3353 3716//3716 
f 3353//3353 3352//3352 3716//3716 
f 3716//3716 3352//3352 3717//3717 
f 3352//3352 3351//3351 3717//3717 
f 3717//3717 3351//3351 3718//3718 
f 3351//3351 3350//3350 3718//3718 
f 3718//3718 3350//3350 3719//3719 
f 3350//3350 3349//3349 3719//3719 
f 3719//3719 3349//3349 3720//3720 
f 3349//3349 3348//3348 3720//3720 
f 3720//3720 3348//3348 3721//3721 
f 3348//3348 3347//3347 3721//3721 
f 3721//3721 3347//3347 3722//3722 
f 3347//3347 3346//3346 3722//3722 
f 3722//3722 3346//3346 3723//3723 
f 3346//3346 3486//3486 3723//3723 
f 3723//3723 3486//3486 3724//3724 
f 3486//3486 3486//3486 3724//3724 
f 3724//3724 3486//3486 3725//3725 
f 3486//3486 3344//3344 3725//3725 
f 3725//3725 3344//3344 3725//3725 
f 3344//3344 3343//3343 3725//3725 
f 3725//3725 3343//3343 3726//3726 
f 3343//3343 3342//3342 3726//3726 
f 3726//3726 3342//3342 3727//3727 
f 3342//3342 3341//3341 3727//3727 
f 3727//3727 3341//3341 3728//3728 
f 3341//3341 3340//3340 3728//3728 
f 3728//3728 3340//3340 3729//3729 
f 3340//3340 3339//3339 3729//3729 
f 3729//3729 3339//3339 3730//3730 
f 3339//3339 3338//3338 3730//3730 
f 3730//3730 3338//3338 3731//3731 
f 3338//3338 3337//3337 3731//3731 
f 3731//3731 3337//3337 3732//3732 
f 3337//3337 3336//3336 3732//3732 
f 3732//3732 3336//3336 3733//3733 
f 3336//3336 3335//3335 3733//3733 
f 3733//3733 3335//3335 3734//3734 
f 3335//3335 3334//3334 3734//3734 
f 3734//3734 3334//3334 3735//3735 
f 3334//3334 3736//3736 3735//3735 
f 3735//3735 3736//3736 3737//3737 
f 3736//3736 3736//3736 3737//3737 
f 3737//3737 3736//3736 3738//3738 
f 3736//3736 3736//3736 3738//3738 
f 3738//3738 3736//3736 3739//3739 
f 3736//3736 3333//3333 3739//3739 
f 3739//3739 3333//3333 3332//3332 
f 3333//3333 3332//3332 3332//3332 
f 3332//3332 3332//3332 3704//3704 
f 3332//3332 3704//3704 3704//3704 
f 3704//3704 3704//3704 3703//3703 
f 3704//3704 3705//3705 3703//3703 
f 3703//3703 3705//3705 3705//3705 
f 3705//3705 3333//3333 3705//3705 
f 3705//3705 3333//3333 3333//3333 
f 3333//3333 3736//3736 3333//3333 
f 3333//3333 3736//3736 3334//3334 
f 3736//3736 3334//3334 3334//3334 
f 3334//3334 3334//3334 3737//3737 
f 3334//3334 3737//3737 3737//3737 
f 3737//3737 3737//3737 3735//3735 
f 3737//3737 3740//3740 3735//3735 
f 3735//3735 3740//3740 3735//3735 
f 3740//3740 3741//3741 3735//3735 
f 3735//3735 3741//3741 3734//3734 
f 3741//3741 3742//3742 3734//3734 
f 3734//3734 3742//3742 3733//3733 
f 3742//3742 3743//3743 3733//3733 
f 3733//3733 3743//3743 3732//3732 
f 3743//3743 3744//3744 3732//3732 
f 3732//3732 3744//3744 3731//3731 
f 3744//3744 3745//3745 3731//3731 
f 3731//3731 3745//3745 3730//3730 
f 3745//3745 3746//3746 3730//3730 
f 3730//3730 3746//3746 3729//3729 
f 3746//3746 3747//3747 3729//3729 
f 3729//3729 3747//3747 3728//3728 
f 3747//3747 3748//3748 3728//3728 
f 3728//3728 3748//3748 3727//3727 
f 3748//3748 3749//3749 3727//3727 
f 3727//3727 3749//3749 3726//3726 
f 3749//3749 3750//3750 3726//3726 
f 3726//3726 3750//3750 3725//3725 
f 3750//3750 3750//3750 3725//3725 
f 3725//3725 3750//3750 3724//3724 
f 3750//3750 3751//3751 3724//3724 
f 3724//3724 3751//3751 3724//3724 
f 3751//3751 3752//3752 3724//3724 
f 3724//3724 3752//3752 3723//3723 
f 3752//3752 3753//3753 3723//3723 
f 3723//3723 3753//3753 3722//3722 
f 3753//3753 3754//3754 3722//3722 
f 3722//3722 3754//3754 3721//3721 
f 3754//3754 3754//3754 3721//3721 
f 3721//3721 3754//3754 3720//3720 
f 3754//3754 3755//3755 3720//3720 
f 3720//3720 3755//3755 3719//3719 
f 3755//3755 3756//3756 3719//3719 
f 3719//3719 3756//3756 3718//3718 
f 3756//3756 3757//3757 3718//3718 
f 3718//3718 3757//3757 3717//3717 
f 3757//3757 3758//3758 3717//3717 
f 3717//3717 3758//3758 3716//3716 
f 3758//3758 3759//3759 3716//3716 
f 3716//3716 3759//3759 3715//3715 
f 3759//3759 3760//3760 3715//3715 
f 3715//3715 3760//3760 3714//3714 
f 3760//3760 3761//3761 3714//3714 
f 3714//3714 3761//3761 3713//3713 
f 3761//3761 3762//3762 3713//3713 
f 3713//3713 3762//3762 3712//3712 
f 3762//3762 3763//3763 3712//3712 
f 3712//3712 3763//3763 3711//3711 
f 3763//3763 3764//3764 3711//3711 
f 3711//3711 3764//3764 3710//3710 
f 3764//3764 3765//3765 3710//3710 
f 3710//3710 3765//3765 3709//3709 
f 3765//3765 3766//3766 3709//3709 
f 3709//3709 3766//3766 3708//3708 
f 3766//3766 3767//3767 3708//3708 
f 3708//3708 3767//3767 3707//3707 
f 3767//3767 3768//3768 3707//3707 
f 3707//3707 3768//3768 3706//3706 
f 3768//3768 3769//3769 3706//3706 
f 3706//3706 3769//3769 3705//3705 
f 3769//3769 3769//3769 3705//3705 
f 3705//3705 3769//3769 3703//3703 
f 3769//3769 3770//3770 3703//3703 
f 3703//3703 3770//3770 3702//3702 
f 3770//3770 3702//3702 3702//3702 
f 3702//3702 3702//3702 3770//3770 
f 3702//3702 3770//3770 3770//3770 
f 3770//3770 3770//3770 3771//3771 
f 3770//3770 3769//3769 3771//3771 
f 3771//3771 3769//3769 3771//3771 
f 3769//3769 3768//3768 3771//3771 
f 3771//3771 3768//3768 3772//3772 
f 3768//3768 3767//3767 3772//3772 
f 3772//3772 3767//3767 3773//3773 
f 3767//3767 3766//3766 3773//3773 
f 3773//3773 3766//3766 3774//3774 
f 3766//3766 3765//3765 3774//3774 
f 3774//3774 3765//3765 3775//3775 
f 3765//3765 3764//3764 3775//3775 
f 3775//3775 3764//3764 3776//3776 
f 3764//3764 3763//3763 3776//3776 
f 3776//3776 3763//3763 3777//3777 
f 3763//3763 3762//3762 3777//3777 
f 3777//3777 3762//3762 3778//3778 
f 3762//3762 3761//3761 3778//3778 
f 3778//3778 3761//3761 3779//3779 
f 3761//3761 3760//3760 3779//3779 
f 3779//3779 3760//3760 3780//3780 
f 3760//3760 3759//3759 3780//3780 
f 3780//3780 3759//3759 3781//3781 
f 3759//3759 3758//3758 3781//3781 
f 3781//3781 3758//3758 3782//3782 
f 3758//3758 3757//3757 3782//3782 
f 3782//3782 3757//3757 3783//3783 
f 3757//3757 3756//3756 3783//3783 
f 3783//3783 3756//3756 3784//3784 
f 3756//3756 3755//3755 3784//3784 
f 3784//3784 3755//3755 3785//3785 
f 3755//3755 3754//3754 3785//3785 
f 3785//3785 3754//3754 3785//3785 
f 3754//3754 3753//3753 3785//3785 
f 3785//3785 3753//3753 3786//3786 
f 3753//3753 3752//3752 3786//3786 
f 3786//3786 3752//3752 3787//3787 
f 3752//3752 3751//3751 3787//3787 
f 3787//3787 3751//3751 3788//3788 
f 3751//3751 3751//3751 3788//3788 
f 3788//3788 3751//3751 3789//3789 
f 3751//3751 3750//3750 3789//3789 
f 3789//3789 3750//3750 3789//3789 
f 3750//3750 3749//3749 3789//3789 
f 3789//3789 3749//3749 3790//3790 
f 3749//3749 3748//3748 3790//3790 
f 3790//3790 3748//3748 3791//3791 
f 3748//3748 3747//3747 3791//3791 
f 3791//3791 3747//3747 3792//3792 
f 3747//3747 3746//3746 3792//3792 
f 3792//3792 3746//3746 3793//3793 
f 3746//3746 3745//3745 3793//3793 
f 3793//3793 3745//3745 3794//3794 
f 3745//3745 3744//3744 3794//3794 
f 3794//3794 3744//3744 3795//3795 
f 3744//3744 3743//3743 3795//3795 
f 3795//3795 3743//3743 3796//3796 
f 3743//3743 3742//3742 3796//3796 
f 3796//3796 3742//3742 3797//3797 
f 3742//3742 3741//3741 3797//3797 
f 3797//3797 3741//3741 3798//3798 
f 3741//3741 3740//3740 3798//3798 
f 3798//3798 3740//3740 3799//3799 
f 3740//3740 3740//3740 3799//3799 
f 3799//3799 3740//3740 3800//3800 
f 3740//3740 3740//3740 3800//3800 
f 3800//3800 3740//3740 3801//3801 
f 3740//3740 3737//3737 3801//3801 
f 3801//3801 3737//3737 3802//3802 
f 3737//3737 3738//3738 3802//3802 
f 3802//3802 3738//3738 3803//3803 
f 3738//3738 3804//3804 3803//3803 
f 3803//3803 3804//3804 3805//3805 
f 3804//3804 3806//3806 3805//3805 
f 3805//3805 3806//3806 3807//3807 
f 3806//3806 3807//3807 3807//3807 
f 3807//3807 3807//3807 3738//3738 
f 3807//3807 3738//3738 3738//3738 
f 3738//3738 3738//3738 3804//3804 
f 3738//3738 3739//3739 3804//3804 
f 3804//3804 3739//3739 3806//3806 
f 3739//3739 3739//3739 3806//3806 
f 3806//3806 3739//3739 3808//3808 
f 3739//3739 3332//3332 3808//3808 
f 3808//3808 3332//3332 3809//3809 
f 3332//3332 3331//3331 3809//3809 
f 3809//3809 3331//3331 3809//3809 
f 3331//3331 103//103 3809//3809 
f 3809//3809 103//103 3810//3810 
f 103//103 104//104 3810//3810 
f 3810//3810 104//104 3811//3811 
f 104//104 105//105 3811//3811 
f 3811//3811 105//105 3812//3812 
f 105//105 106//106 3812//3812 
f 3812//3812 106//106 3813//3813 
f 106//106 107//107 3813//3813 
f 3813//3813 107//107 107//107 
f 107//107 3813//3813 107//107 
f 107//107 3813//3813 3813//3813 
f 3813//3813 3814//3814 3813//3813 
f 3813//3813 3814//3814 3812//3812 
f 3814//3814 3814//3814 3812//3812 
f 3812//3812 3814//3814 3811//3811 
f 3814//3814 3815//3815 3811//3811 
f 3811//3811 3815//3815 3810//3810 
f 3815//3815 3816//3816 3810//3810 
f 3810//3810 3816//3816 3809//3809 
f 3816//3816 3817//3817 3809//3809 
f 3809//3809 3817//3817 3808//3808 
f 3817//3817 3818//3818 3808//3808 
f 3808//3808 3818//3818 3806//3806 
f 3818//3818 3818//3818 3806//3806 
f 3806//3806 3818//3818 3807//3807 
f 3818//3818 3818//3818 3807//3807 
f 3807//3807 3818//3818 3819//3819 
f 3818//3818 3818//3818 3819//3819 
f 3819//3819 3818//3818 3820//3820 
f 3818//3818 3817//3817 3820//3820 
f 3820//3820 3817//3817 3820//3820 
f 3817//3817 3816//3816 3820//3820 
f 3820//3820 3816//3816 3821//3821 
f 3816//3816 3815//3815 3821//3821 
f 3821//3821 3815//3815 3822//3822 
f 3815//3815 3814//3814 3822//3822 
f 3822//3822 3814//3814 3823//3823 
f 3814//3814 3814//3814 3823//3823 
f 3823//3823 3814//3814 3824//3824 
f 3814//3814 3813//3813 3824//3824 
f 3824//3824 3813//3813 3825//3825 
f 3813//3813 107//107 3825//3825 
f 3825//3825 107//107 3826//3826 
f 107//107 108//108 3826//3826 
f 3826//3826 108//108 3826//3826 
f 108//108 113//113 3826//3826 
f 3826//3826 113//113 3827//3827 
f 113//113 113//113 3827//3827 
f 3827//3827 113//113 3828//3828 
f 113//113 114//114 3828//3828 
f 3828//3828 114//114 3829//3829 
f 114//114 115//115 3829//3829 
f 3829//3829 115//115 3830//3830 
f 115//115 116//116 3830//3830 
f 3830//3830 116//116 3831//3831 
f 116//116 117//117 3831//3831 
f 3831//3831 117//117 3832//3832 
f 117//117 118//118 3832//3832 
f 3832//3832 118//118 3833//3833 
f 118//118 119//119 3833//3833 
f 3833//3833 119//119 3834//3834 
f 119//119 120//120 3834//3834 
f 3834//3834 120//120 3835//3835 
f 120//120 120//120 3835//3835 
f 3835//3835 120//120 3836//3836 
f 120//120 121//121 3836//3836 
f 3836//3836 121//121 3837//3837 
f 121//121 122//122 3837//3837 
f 3837//3837 122//122 3838//3838 
f 122//122 123//123 3838//3838 
f 3838//3838 123//123 3839//3839 
f 123//123 123//123 3839//3839 
f 3839//3839 123//123 3840//3840 
f 123//123 124//124 3840//3840 
f 3840//3840 124//124 3841//3841 
f 124//124 125//125 3841//3841 
f 3841//3841 125//125 3842//3842 
f 125//125 126//126 3842//3842 
f 3842//3842 126//126 3843//3843 
f 126//126 134//134 3843//3843 
f 3843//3843 134//134 3844//3844 
f 134//134 135//135 3844//3844 
f 3844//3844 135//135 135//135 
f 135//135 3844//3844 135//135 
f 135//135 3844//3844 3844//3844 
f 3844//3844 3845//3845 3844//3844 
f 3844//3844 3845//3845 3843//3843 
f 3845//3845 3846//3846 3843//3843 
f 3843//3843 3846//3846 3842//3842 
f 3846//3846 3847//3847 3842//3842 
f 3842//3842 3847//3847 3841//3841 
f 3847//3847 3848//3848 3841//3841 
f 3841//3841 3848//3848 3840//3840 
f 3848//3848 3849//3849 3840//3840 
f 3840//3840 3849//3849 3839//3839 
f 3849//3849 3850//3850 3839//3839 
f 3839//3839 3850//3850 3839//3839 
f 3850//3850 3851//3851 3839//3839 
f 3839//3839 3851//3851 3838//3838 
f 3851//3851 3852//3852 3838//3838 
f 3838//3838 3852//3852 3837//3837 
f 3852//3852 3853//3853 3837//3837 
f 3837//3837 3853//3853 3836//3836 
f 3853//3853 3854//3854 3836//3836 
f 3836//3836 3854//3854 3835//3835 
f 3854//3854 3835//3835 3835//3835 
f 3835//3835 3835//3835 3846//3846 
f 3835//3835 3846//3846 3846//3846 
f 3846//3846 3846//3846 3855//3855 
f 3846//3846 3845//3845 3855//3855 
f 3855//3855 3845//3845 3845//3845 
f 3845//3845 3854//3854 3845//3845 
f 3845//3845 3854//3854 3854//3854 
f 3854//3854 3853//3853 3854//3854 
f 3854//3854 3853//3853 3856//3856 
f 3853//3853 3853//3853 3856//3856 
f 3856//3856 3853//3853 3857//3857 
f 3853//3853 3852//3852 3857//3857 
f 3857//3857 3852//3852 3858//3858 
f 3852//3852 3851//3851 3858//3858 
f 3858//3858 3851//3851 3859//3859 
f 3851//3851 3850//3850 3859//3859 
f 3859//3859 3850//3850 3860//3860 
f 3850//3850 3850//3850 3860//3860 
f 3860//3860 3850//3850 3861//3861 
f 3850//3850 3849//3849 3861//3861 
f 3861//3861 3849//3849 3862//3862 
f 3849//3849 3848//3848 3862//3862 
f 3862//3862 3848//3848 3863//3863 
f 3848//3848 3847//3847 3863//3863 
f 3863//3863 3847//3847 3864//3864 
f 3847//3847 3846//3846 3864//3864 
f 3864//3864 3846//3846 3864//3864 
f 3846//3846 3855//3855 3864//3864 
f 3864//3864 3855//3855 3864//3864 
f 3855//3855 3865//3865 3864//3864 
f 3864//3864 3865//3865 3866//3866 
f 3865//3865 3867//3867 3866//3866 
f 3866//3866 3867//3867 3868//3868 
f 3867//3867 3869//3869 3868//3868 
f 3868//3868 3869//3869 3870//3870 
f 3869//3869 3871//3871 3870//3870 
f 3870//3870 3871//3871 3871//3871 
f 3871//3871 3864//3864 3871//3871 
f 3871//3871 3864//3864 3864//3864 
f 3864//3864 3866//3866 3864//3864 
f 3864//3864 3866//3866 3863//3863 
f 3866//3866 3872//3872 3863//3863 
f 3863//3863 3872//3872 3862//3862 
f 3872//3872 3873//3873 3862//3862 
f 3862//3862 3873//3873 3861//3861 
f 3873//3873 3874//3874 3861//3861 
f 3861//3861 3874//3874 3860//3860 
f 3874//3874 3860//3860 3860//3860 
f 3860//3860 3860//3860 3866//3866 
f 3860//3860 3866//3866 3866//3866 
f 3866//3866 3866//3866 3872//3872 
f 3866//3866 3868//3868 3872//3872 
f 3872//3872 3868//3868 3875//3875 
f 3868//3868 3870//3870 3875//3875 
f 3875//3875 3870//3870 3876//3876 
f 3870//3870 3870//3870 3876//3876 
f 3876//3876 3870//3870 3877//3877 
f 3870//3870 3871//3871 3877//3877 
f 3877//3877 3871//3871 3877//3877 
f 3871//3871 3878//3878 3877//3877 
f 3877//3877 3878//3878 3877//3877 
f 3878//3878 3879//3879 3877//3877 
f 3877//3877 3879//3879 3877//3877 
f 3879//3879 3880//3880 3877//3877 
f 3877//3877 3880//3880 3876//3876 
f 3880//3880 3881//3881 3876//3876 
f 3876//3876 3881//3881 3882//3882 
f 3881//3881 3883//3883 3882//3882 
f 3882//3882 3883//3883 3874//3874 
f 3883//3883 3884//3884 3874//3874 
f 3874//3874 3884//3884 3860//3860 
f 3884//3884 3860//3860 3860//3860 
f 3860//3860 3860//3860 3872//3872 
f 3860//3860 3872//3872 3872//3872 
f 3872//3872 3872//3872 3873//3873 
f 3872//3872 3875//3875 3873//3873 
f 3873//3873 3875//3875 3882//3882 
f 3875//3875 3876//3876 3882//3882 
f 3882//3882 3876//3876 3876//3876 
f 3876//3876 3874//3874 3876//3876 
f 3876//3876 3874//3874 3874//3874 
f 3874//3874 3873//3873 3874//3874 
f 3874//3874 3873//3873 3882//3882 
f 3873//3873 3882//3882 3882//3882 
f 3882//3882 3882//3882 3884//3884 
f 3882//3882 3884//3884 3884//3884 
f 3884//3884 3884//3884 3885//3885 
f 3884//3884 3883//3883 3885//3885 
f 3885//3885 3883//3883 3885//3885 
f 3883//3883 3881//3881 3885//3885 
f 3885//3885 3881//3881 3886//3886 
f 3881//3881 3880//3880 3886//3886 
f 3886//3886 3880//3880 3887//3887 
f 3880//3880 3879//3879 3887//3887 
f 3887//3887 3879//3879 3888//3888 
f 3879//3879 3878//3878 3888//3888 
f 3888//3888 3878//3878 3888//3888 
f 3878//3878 3889//3889 3888//3888 
f 3888//3888 3889//3889 3888//3888 
f 3889//3889 3890//3890 3888//3888 
f 3888//3888 3890//3890 3891//3891 
f 3890//3890 3892//3892 3891//3891 
f 3891//3891 3892//3892 3893//3893 
f 3892//3892 3894//3894 3893//3893 
f 3893//3893 3894//3894 3895//3895 
f 3894//3894 3894//3894 3895//3895 
f 3895//3895 3894//3894 3896//3896 
f 3894//3894 3897//3897 3896//3896 
f 3896//3896 3897//3897 3898//3898 
f 3897//3897 3899//3899 3898//3898 
f 3898//3898 3899//3899 3900//3900 
f 3899//3899 3901//3901 3900//3900 
f 3900//3900 3901//3901 3902//3902 
f 3901//3901 3903//3903 3902//3902 
f 3902//3902 3903//3903 3904//3904 
f 3903//3903 3905//3905 3904//3904 
f 3904//3904 3905//3905 3906//3906 
f 3905//3905 3907//3907 3906//3906 
f 3906//3906 3907//3907 3908//3908 
f 3907//3907 3909//3909 3908//3908 
f 3908//3908 3909//3909 3910//3910 
f 3909//3909 3911//3911 3910//3910 
f 3910//3910 3911//3911 3912//3912 
f 3911//3911 3913//3913 3912//3912 
f 3912//3912 3913//3913 3914//3914 
f 3913//3913 3915//3915 3914//3914 
f 3914//3914 3915//3915 3914//3914 
f 3915//3915 3916//3916 3914//3914 
f 3914//3914 3916//3916 3917//3917 
f 3916//3916 3916//3916 3917//3917 
f 3917//3917 3916//3916 3918//3918 
f 3916//3916 3919//3919 3918//3918 
f 3918//3918 3919//3919 3823//3823 
f 3919//3919 3920//3920 3823//3823 
f 3823//3823 3920//3920 3822//3822 
f 3920//3920 3921//3921 3822//3822 
f 3822//3822 3921//3921 3821//3821 
f 3921//3921 3922//3922 3821//3821 
f 3821//3821 3922//3922 3820//3820 
f 3922//3922 3819//3819 3820//3820 
f 3820//3820 3819//3819 3819//3819 
f 3819//3819 3823//3823 3819//3819 
f 3819//3819 3823//3823 3823//3823 
f 3823//3823 3824//3824 3823//3823 
f 3823//3823 3824//3824 3918//3918 
f 3824//3824 3923//3923 3918//3918 
f 3918//3918 3923//3923 3924//3924 
f 3923//3923 3826//3826 3924//3924 
f 3924//3924 3826//3826 3924//3924 
f 3826//3826 3827//3827 3924//3924 
f 3924//3924 3827//3827 3914//3914 
f 3827//3827 3827//3827 3914//3914 
f 3914//3914 3827//3827 3912//3912 
f 3827//3827 3828//3828 3912//3912 
f 3912//3912 3828//3828 3910//3910 
f 3828//3828 3829//3829 3910//3910 
f 3910//3910 3829//3829 3908//3908 
f 3829//3829 3830//3830 3908//3908 
f 3908//3908 3830//3830 3906//3906 
f 3830//3830 3831//3831 3906//3906 
f 3906//3906 3831//3831 3904//3904 
f 3831//3831 3832//3832 3904//3904 
f 3904//3904 3832//3832 3902//3902 
f 3832//3832 3833//3833 3902//3902 
f 3902//3902 3833//3833 3900//3900 
f 3833//3833 3834//3834 3900//3900 
f 3900//3900 3834//3834 3898//3898 
f 3834//3834 3835//3835 3898//3898 
f 3898//3898 3835//3835 3896//3896 
f 3835//3835 3854//3854 3896//3896 
f 3896//3896 3854//3854 3895//3895 
f 3854//3854 3856//3856 3895//3895 
f 3895//3895 3856//3856 3893//3893 
f 3856//3856 3925//3925 3893//3893 
f 3893//3893 3925//3925 3891//3891 
f 3925//3925 3891//3891 3891//3891 
f 3891//3891 3891//3891 3824//3824 
f 3891//3891 3824//3824 3824//3824 
f 3824//3824 3824//3824 3923//3923 
f 3824//3824 3825//3825 3923//3923 
f 3923//3923 3825//3825 3826//3826 
f 3825//3825 3826//3826 3826//3826 
f 3826//3826 3826//3826 3918//3918 
f 3826//3826 3918//3918 3918//3918 
f 3918//3918 3918//3918 3917//3917 
f 3918//3918 3924//3924 3917//3917 
f 3917//3917 3924//3924 3914//3914 
f 3924//3924 3914//3914 3914//3914 
f 3914//3914 3914//3914 3856//3856 
f 3914//3914 3856//3856 3856//3856 
f 3856//3856 3856//3856 3925//3925 
f 3856//3856 3857//3857 3925//3925 
f 3925//3925 3857//3857 3926//3926 
f 3857//3857 3858//3858 3926//3926 
f 3926//3926 3858//3858 3858//3858 
f 3858//3858 3926//3926 3858//3858 
f 3858//3858 3926//3926 3926//3926 
f 3926//3926 3927//3927 3926//3926 
f 3926//3926 3927//3927 3925//3925 
f 3927//3927 3927//3927 3925//3925 
f 3925//3925 3927//3927 3891//3891 
f 3927//3927 3928//3928 3891//3891 
f 3891//3891 3928//3928 3888//3888 
f 3928//3928 3928//3928 3888//3888 
f 3888//3888 3928//3928 3887//3887 
f 3928//3928 3929//3929 3887//3887 
f 3887//3887 3929//3929 3886//3886 
f 3929//3929 3930//3930 3886//3886 
f 3886//3886 3930//3930 3885//3885 
f 3930//3930 3930//3930 3885//3885 
f 3885//3885 3930//3930 3884//3884 
f 3930//3930 3931//3931 3884//3884 
f 3884//3884 3931//3931 3860//3860 
f 3931//3931 3931//3931 3860//3860 
f 3860//3860 3931//3931 3859//3859 
f 3931//3931 3932//3932 3859//3859 
f 3859//3859 3932//3932 3858//3858 
f 3932//3932 3932//3932 3858//3858 
f 3858//3858 3932//3932 3926//3926 
f 3932//3932 3933//3933 3926//3926 
f 3926//3926 3933//3933 3927//3927 
f 3933//3933 3933//3933 3927//3927 
f 3927//3927 3933//3933 3928//3928 
f 3933//3933 3934//3934 3928//3928 
f 3928//3928 3934//3934 3929//3929 
f 3934//3934 3935//3935 3929//3929 
f 3929//3929 3935//3935 3930//3930 
f 3935//3935 3935//3935 3930//3930 
f 3930//3930 3935//3935 3931//3931 
f 3935//3935 3935//3935 3931//3931 
f 3931//3931 3935//3935 3932//3932 
f 3935//3935 3935//3935 3932//3932 
f 3932//3932 3935//3935 3933//3933 
f 3935//3935 3934//3934 3933//3933 
f 3933//3933 3934//3934 3934//3934 
f 3934//3934 2495//2495 3934//3934 
f 3934//3934 2495//2495 2495//2495 
f 2495//2495 3936//3936 2495//2495 
f 2495//2495 3936//3936 2494//2494 
f 3936//3936 3937//3937 2494//2494 
f 2494//2494 3937//3937 2493//2493 
f 3937//3937 3938//3938 2493//2493 
f 2493//2493 3938//3938 2492//2492 
f 3938//3938 2492//2492 2492//2492 
f 2492//2492 2492//2492 2495//2495 
f 2492//2492 2495//2495 2495//2495 
f 2495//2495 2495//2495 3936//3936 
f 2495//2495 3485//3485 3936//3936 
f 3936//3936 3485//3485 3939//3939 
f 3485//3485 3487//3487 3939//3939 
f 3939//3939 3487//3487 3940//3940 
f 3487//3487 3488//3488 3940//3940 
f 3940//3940 3488//3488 3941//3941 
f 3488//3488 3489//3489 3941//3941 
f 3941//3941 3489//3489 3942//3942 
f 3489//3489 3490//3490 3942//3942 
f 3942//3942 3490//3490 3943//3943 
f 3490//3490 3491//3491 3943//3943 
f 3943//3943 3491//3491 3944//3944 
f 3491//3491 3491//3491 3944//3944 
f 3944//3944 3491//3491 3945//3945 
f 3491//3491 3492//3492 3945//3945 
f 3945//3945 3492//3492 3946//3946 
f 3492//3492 3493//3493 3946//3946 
f 3946//3946 3493//3493 3947//3947 
f 3493//3493 3494//3494 3947//3947 
f 3947//3947 3494//3494 3948//3948 
f 3494//3494 3495//3495 3948//3948 
f 3948//3948 3495//3495 3949//3949 
f 3495//3495 3496//3496 3949//3949 
f 3949//3949 3496//3496 3950//3950 
f 3496//3496 3497//3497 3950//3950 
f 3950//3950 3497//3497 3951//3951 
f 3497//3497 3498//3498 3951//3951 
f 3951//3951 3498//3498 3952//3952 
f 3498//3498 3499//3499 3952//3952 
f 3952//3952 3499//3499 3953//3953 
f 3499//3499 3500//3500 3953//3953 
f 3953//3953 3500//3500 3954//3954 
f 3500//3500 3501//3501 3954//3954 
f 3954//3954 3501//3501 3955//3955 
f 3501//3501 3502//3502 3955//3955 
f 3955//3955 3502//3502 3956//3956 
f 3502//3502 3503//3503 3956//3956 
f 3956//3956 3503//3503 3957//3957 
f 3503//3503 3504//3504 3957//3957 
f 3957//3957 3504//3504 3958//3958 
f 3504//3504 3505//3505 3958//3958 
f 3958//3958 3505//3505 3959//3959 
f 3505//3505 3506//3506 3959//3959 
f 3959//3959 3506//3506 3960//3960 
f 3506//3506 3507//3507 3960//3960 
f 3960//3960 3507//3507 3960//3960 
f 3507//3507 3508//3508 3960//3960 
f 3960//3960 3508//3508 3961//3961 
f 3508//3508 3509//3509 3961//3961 
f 3961//3961 3509//3509 3962//3962 
f 3509//3509 3510//3510 3962//3962 
f 3962//3962 3510//3510 3963//3963 
f 3510//3510 3511//3511 3963//3963 
f 3963//3963 3511//3511 3964//3964 
f 3511//3511 3512//3512 3964//3964 
f 3964//3964 3512//3512 3965//3965 
f 3512//3512 3513//3513 3965//3965 
f 3965//3965 3513//3513 3966//3966 
f 3513//3513 3514//3514 3966//3966 
f 3966//3966 3514//3514 3967//3967 
f 3514//3514 3515//3515 3967//3967 
f 3967//3967 3515//3515 3968//3968 
f 3515//3515 3516//3516 3968//3968 
f 3968//3968 3516//3516 3969//3969 
f 3516//3516 3517//3517 3969//3969 
f 3969//3969 3517//3517 3970//3970 
f 3517//3517 3518//3518 3970//3970 
f 3970//3970 3518//3518 3971//3971 
f 3518//3518 3519//3519 3971//3971 
f 3971//3971 3519//3519 3972//3972 
f 3519//3519 3520//3520 3972//3972 
f 3972//3972 3520//3520 3973//3973 
f 3520//3520 3521//3521 3973//3973 
f 3973//3973 3521//3521 3974//3974 
f 3521//3521 3521//3521 3974//3974 
f 3974//3974 3521//3521 3975//3975 
f 3521//3521 3522//3522 3975//3975 
f 3975//3975 3522//3522 3976//3976 
f 3522//3522 3523//3523 3976//3976 
f 3976//3976 3523//3523 3977//3977 
f 3523//3523 3524//3524 3977//3977 
f 3977//3977 3524//3524 3978//3978 
f 3524//3524 3525//3525 3978//3978 
f 3978//3978 3525//3525 3979//3979 
f 3525//3525 3526//3526 3979//3979 
f 3979//3979 3526//3526 3980//3980 
f 3526//3526 3527//3527 3980//3980 
f 3980//3980 3527//3527 3981//3981 
f 3527//3527 3528//3528 3981//3981 
f 3981//3981 3528//3528 3982//3982 
f 3528//3528 3529//3529 3982//3982 
f 3982//3982 3529//3529 3983//3983 
f 3529//3529 3530//3530 3983//3983 
f 3983//3983 3530//3530 3984//3984 
f 3530//3530 3531//3531 3984//3984 
f 3984//3984 3531//3531 3985//3985 
f 3531//3531 3532//3532 3985//3985 
f 3985//3985 3532//3532 3986//3986 
f 3532//3532 3533//3533 3986//3986 
f 3986//3986 3533//3533 3987//3987 
f 3533//3533 3534//3534 3987//3987 
f 3987//3987 3534//3534 3988//3988 
f 3534//3534 3535//3535 3988//3988 
f 3988//3988 3535//3535 3989//3989 
f 3535//3535 3536//3536 3989//3989 
f 3989//3989 3536//3536 3990//3990 
f 3536//3536 3537//3537 3990//3990 
f 3990//3990 3537//3537 3991//3991 
f 3537//3537 3538//3538 3991//3991 
f 3991//3991 3538//3538 3992//3992 
f 3538//3538 3539//3539 3992//3992 
f 3992//3992 3539//3539 3993//3993 
f 3539//3539 3540//3540 3993//3993 
f 3993//3993 3540//3540 3994//3994 
f 3540//3540 3541//3541 3994//3994 
f 3994//3994 3541//3541 3995//3995 
f 3541//3541 3542//3542 3995//3995 
f 3995//3995 3542//3542 3996//3996 
f 3542//3542 3543//3543 3996//3996 
f 3996//3996 3543//3543 3997//3997 
f 3543//3543 3544//3544 3997//3997 
f 3997//3997 3544//3544 3998//3998 
f 3544//3544 3545//3545 3998//3998 
f 3998//3998 3545//3545 3999//3999 
f 3545//3545 3546//3546 3999//3999 
f 3999//3999 3546//3546 4000//4000 
f 3546//3546 3547//3547 4000//4000 
f 4000//4000 3547//3547 4001//4001 
f 3547//3547 3548//3548 4001//4001 
f 4001//4001 3548//3548 4002//4002 
f 3548//3548 3549//3549 4002//4002 
f 4002//4002 3549//3549 4003//4003 
f 3549//3549 3550//3550 4003//4003 
f 4003//4003 3550//3550 4004//4004 
f 3550//3550 3551//3551 4004//4004 
f 4004//4004 3551//3551 4005//4005 
f 3551//3551 3552//3552 4005//4005 
f 4005//4005 3552//3552 4006//4006 
f 3552//3552 3553//3553 4006//4006 
f 4006//4006 3553//3553 4006//4006 
f 3553//3553 3554//3554 4006//4006 
f 4006//4006 3554//3554 4007//4007 
f 3554//3554 3555//3555 4007//4007 
f 4007//4007 3555//3555 4008//4008 
f 3555//3555 3556//3556 4008//4008 
f 4008//4008 3556//3556 4009//4009 
f 3556//3556 3654//3654 4009//4009 
f 4009//4009 3654//3654 3654//3654 
f 3654//3654 4005//4005 3654//3654 
f 3654//3654 4005//4005 4005//4005 
f 4005//4005 4006//4006 4005//4005 
f 4005//4005 4006//4006 4010//4010 
f 4006//4006 4006//4006 4010//4010 
f 4010//4010 4006//4006 4011//4011 
f 4006//4006 4007//4007 4011//4011 
f 4011//4011 4007//4007 4012//4012 
f 4007//4007 4008//4008 4012//4012 
f 4012//4012 4008//4008 4013//4013 
f 4008//4008 4009//4009 4013//4013 
f 4013//4013 4009//4009 4009//4009 
f 4009//4009 4005//4005 4009//4009 
f 4009//4009 4005//4005 4005//4005 
f 4005//4005 4010//4010 4005//4005 
f 4005//4005 4010//4010 4004//4004 
f 4010//4010 4014//4014 4004//4004 
f 4004//4004 4014//4014 4003//4003 
f 4014//4014 4015//4015 4003//4003 
f 4003//4003 4015//4015 4002//4002 
f 4015//4015 4016//4016 4002//4002 
f 4002//4002 4016//4016 4001//4001 
f 4016//4016 4017//4017 4001//4001 
f 4001//4001 4017//4017 4000//4000 
f 4017//4017 4018//4018 4000//4000 
f 4000//4000 4018//4018 3999//3999 
f 4018//4018 4019//4019 3999//3999 
f 3999//3999 4019//4019 3998//3998 
f 4019//4019 4020//4020 3998//3998 
f 3998//3998 4020//4020 3997//3997 
f 4020//4020 4021//4021 3997//3997 
f 3997//3997 4021//4021 3996//3996 
f 4021//4021 4022//4022 3996//3996 
f 3996//3996 4022//4022 3995//3995 
f 4022//4022 4023//4023 3995//3995 
f 3995//3995 4023//4023 3994//3994 
f 4023//4023 4024//4024 3994//3994 
f 3994//3994 4024//4024 3993//3993 
f 4024//4024 4025//4025 3993//3993 
f 3993//3993 4025//4025 3992//3992 
f 4025//4025 4026//4026 3992//3992 
f 3992//3992 4026//4026 3991//3991 
f 4026//4026 4027//4027 3991//3991 
f 3991//3991 4027//4027 3990//3990 
f 4027//4027 4028//4028 3990//3990 
f 3990//3990 4028//4028 3989//3989 
f 4028//4028 4029//4029 3989//3989 
f 3989//3989 4029//4029 3988//3988 
f 4029//4029 4030//4030 3988//3988 
f 3988//3988 4030//4030 3987//3987 
f 4030//4030 4031//4031 3987//3987 
f 3987//3987 4031//4031 3986//3986 
f 4031//4031 4032//4032 3986//3986 
f 3986//3986 4032//4032 3985//3985 
f 4032//4032 4033//4033 3985//3985 
f 3985//3985 4033//4033 3984//3984 
f 4033//4033 4034//4034 3984//3984 
f 3984//3984 4034//4034 3983//3983 
f 4034//4034 4035//4035 3983//3983 
f 3983//3983 4035//4035 3982//3982 
f 4035//4035 4036//4036 3982//3982 
f 3982//3982 4036//4036 3981//3981 
f 4036//4036 4037//4037 3981//3981 
f 3981//3981 4037//4037 3981//3981 
f 4037//4037 4038//4038 3981//3981 
f 3981//3981 4038//4038 3980//3980 
f 4038//4038 4039//4039 3980//3980 
f 3980//3980 4039//4039 3979//3979 
f 4039//4039 4040//4040 3979//3979 
f 3979//3979 4040//4040 3978//3978 
f 4040//4040 4041//4041 3978//3978 
f 3978//3978 4041//4041 3977//3977 
f 4041//4041 4042//4042 3977//3977 
f 3977//3977 4042//4042 3976//3976 
f 4042//4042 4043//4043 3976//3976 
f 3976//3976 4043//4043 3975//3975 
f 4043//4043 4044//4044 3975//3975 
f 3975//3975 4044//4044 3974//3974 
f 4044//4044 4045//4045 3974//3974 
f 3974//3974 4045//4045 3973//3973 
f 4045//4045 4046//4046 3973//3973 
f 3973//3973 4046//4046 3972//3972 
f 4046//4046 4047//4047 3972//3972 
f 3972//3972 4047//4047 3971//3971 
f 4047//4047 4048//4048 3971//3971 
f 3971//3971 4048//4048 3970//3970 
f 4048//4048 4049//4049 3970//3970 
f 3970//3970 4049//4049 3969//3969 
f 4049//4049 4050//4050 3969//3969 
f 3969//3969 4050//4050 3968//3968 
f 4050//4050 4051//4051 3968//3968 
f 3968//3968 4051//4051 3967//3967 
f 4051//4051 4052//4052 3967//3967 
f 3967//3967 4052//4052 3966//3966 
f 4052//4052 4053//4053 3966//3966 
f 3966//3966 4053//4053 3965//3965 
f 4053//4053 4054//4054 3965//3965 
f 3965//3965 4054//4054 3964//3964 
f 4054//4054 4055//4055 3964//3964 
f 3964//3964 4055//4055 3963//3963 
f 4055//4055 4056//4056 3963//3963 
f 3963//3963 4056//4056 3962//3962 
f 4056//4056 4056//4056 3962//3962 
f 3962//3962 4056//4056 3961//3961 
f 4056//4056 4057//4057 3961//3961 
f 3961//3961 4057//4057 3960//3960 
f 4057//4057 4058//4058 3960//3960 
f 3960//3960 4058//4058 3959//3959 
f 4058//4058 4059//4059 3959//3959 
f 3959//3959 4059//4059 3958//3958 
f 4059//4059 4060//4060 3958//3958 
f 3958//3958 4060//4060 3957//3957 
f 4060//4060 4061//4061 3957//3957 
f 3957//3957 4061//4061 3956//3956 
f 4061//4061 4062//4062 3956//3956 
f 3956//3956 4062//4062 3955//3955 
f 4062//4062 4063//4063 3955//3955 
f 3955//3955 4063//4063 3954//3954 
f 4063//4063 4064//4064 3954//3954 
f 3954//3954 4064//4064 3953//3953 
f 4064//4064 4065//4065 3953//3953 
f 3953//3953 4065//4065 3952//3952 
f 4065//4065 4066//4066 3952//3952 
f 3952//3952 4066//4066 3951//3951 
f 4066//4066 4067//4067 3951//3951 
f 3951//3951 4067//4067 3950//3950 
f 4067//4067 4068//4068 3950//3950 
f 3950//3950 4068//4068 3949//3949 
f 4068//4068 4069//4069 3949//3949 
f 3949//3949 4069//4069 3948//3948 
f 4069//4069 4070//4070 3948//3948 
f 3948//3948 4070//4070 3947//3947 
f 4070//4070 4071//4071 3947//3947 
f 3947//3947 4071//4071 3946//3946 
f 4071//4071 4072//4072 3946//3946 
f 3946//3946 4072//4072 3945//3945 
f 4072//4072 4073//4073 3945//3945 
f 3945//3945 4073//4073 3944//3944 
f 4073//4073 4074//4074 3944//3944 
f 3944//3944 4074//4074 3943//3943 
f 4074//4074 4075//4075 3943//3943 
f 3943//3943 4075//4075 3942//3942 
f 4075//4075 4076//4076 3942//3942 
f 3942//3942 4076//4076 3942//3942 
f 4076//4076 4077//4077 3942//3942 
f 3942//3942 4077//4077 3941//3941 
f 4077//4077 4078//4078 3941//3941 
f 3941//3941 4078//4078 3940//3940 
f 4078//4078 4079//4079 3940//3940 
f 3940//3940 4079//4079 3939//3939 
f 4079//4079 4080//4080 3939//3939 
f 3939//3939 4080//4080 3936//3936 
f 4080//4080 4080//4080 3936//3936 
f 3936//3936 4080//4080 3937//3937 
f 4080//4080 4081//4081 3937//3937 
f 3937//3937 4081//4081 3938//3938 
f 4081//4081 3938//3938 3938//3938 
f 3938//3938 3938//3938 4081//4081 
f 3938//3938 4081//4081 4081//4081 
f 4081//4081 4081//4081 4082//4082 
f 4081//4081 4080//4080 4082//4082 
f 4082//4082 4080//4080 4082//4082 
f 4080//4080 4079//4079 4082//4082 
f 4082//4082 4079//4079 4083//4083 
f 4079//4079 4078//4078 4083//4083 
f 4083//4083 4078//4078 4084//4084 
f 4078//4078 4077//4077 4084//4084 
f 4084//4084 4077//4077 4085//4085 
f 4077//4077 4076//4076 4085//4085 
f 4085//4085 4076//4076 4085//4085 
f 4076//4076 4075//4075 4085//4085 
f 4085//4085 4075//4075 4086//4086 
f 4075//4075 4074//4074 4086//4086 
f 4086//4086 4074//4074 4087//4087 
f 4074//4074 4073//4073 4087//4087 
f 4087//4087 4073//4073 4088//4088 
f 4073//4073 4072//4072 4088//4088 
f 4088//4088 4072//4072 4089//4089 
f 4072//4072 4071//4071 4089//4089 
f 4089//4089 4071//4071 4090//4090 
f 4071//4071 4070//4070 4090//4090 
f 4090//4090 4070//4070 4091//4091 
f 4070//4070 4069//4069 4091//4091 
f 4091//4091 4069//4069 4092//4092 
f 4069//4069 4068//4068 4092//4092 
f 4092//4092 4068//4068 4093//4093 
f 4068//4068 4067//4067 4093//4093 
f 4093//4093 4067//4067 4094//4094 
f 4067//4067 4066//4066 4094//4094 
f 4094//4094 4066//4066 4095//4095 
f 4066//4066 4065//4065 4095//4095 
f 4095//4095 4065//4065 4096//4096 
f 4065//4065 4064//4064 4096//4096 
f 4096//4096 4064//4064 4097//4097 
f 4064//4064 4063//4063 4097//4097 
f 4097//4097 4063//4063 4098//4098 
f 4063//4063 4062//4062 4098//4098 
f 4098//4098 4062//4062 4099//4099 
f 4062//4062 4061//4061 4099//4099 
f 4099//4099 4061//4061 4100//4100 
f 4061//4061 4060//4060 4100//4100 
f 4100//4100 4060//4060 4101//4101 
f 4060//4060 4059//4059 4101//4101 
f 4101//4101 4059//4059 4102//4102 
f 4059//4059 4058//4058 4102//4102 
f 4102//4102 4058//4058 4103//4103 
f 4058//4058 4057//4057 4103//4103 
f 4103//4103 4057//4057 4103//4103 
f 4057//4057 4056//4056 4103//4103 
f 4103//4103 4056//4056 4104//4104 
f 4056//4056 4055//4055 4104//4104 
f 4104//4104 4055//4055 4105//4105 
f 4055//4055 4054//4054 4105//4105 
f 4105//4105 4054//4054 4106//4106 
f 4054//4054 4053//4053 4106//4106 
f 4106//4106 4053//4053 4107//4107 
f 4053//4053 4052//4052 4107//4107 
f 4107//4107 4052//4052 4108//4108 
f 4052//4052 4051//4051 4108//4108 
f 4108//4108 4051//4051 4109//4109 
f 4051//4051 4050//4050 4109//4109 
f 4109//4109 4050//4050 4110//4110 
f 4050//4050 4049//4049 4110//4110 
f 4110//4110 4049//4049 4111//4111 
f 4049//4049 4048//4048 4111//4111 
f 4111//4111 4048//4048 4112//4112 
f 4048//4048 4047//4047 4112//4112 
f 4112//4112 4047//4047 4113//4113 
f 4047//4047 4046//4046 4113//4113 
f 4113//4113 4046//4046 4114//4114 
f 4046//4046 4045//4045 4114//4114 
f 4114//4114 4045//4045 4115//4115 
f 4045//4045 4044//4044 4115//4115 
f 4115//4115 4044//4044 4116//4116 
f 4044//4044 4043//4043 4116//4116 
f 4116//4116 4043//4043 4117//4117 
f 4043//4043 4042//4042 4117//4117 
f 4117//4117 4042//4042 4118//4118 
f 4042//4042 4041//4041 4118//4118 
f 4118//4118 4041//4041 4119//4119 
f 4041//4041 4040//4040 4119//4119 
f 4119//4119 4040//4040 4120//4120 
f 4040//4040 4039//4039 4120//4120 
f 4120//4120 4039//4039 4121//4121 
f 4039//4039 4038//4038 4121//4121 
f 4121//4121 4038//4038 4122//4122 
f 4038//4038 4037//4037 4122//4122 
f 4122//4122 4037//4037 4123//4123 
f 4037//4037 4036//4036 4123//4123 
f 4123//4123 4036//4036 4124//4124 
f 4036//4036 4035//4035 4124//4124 
f 4124//4124 4035//4035 4125//4125 
f 4035//4035 4034//4034 4125//4125 
f 4125//4125 4034//4034 4126//4126 
f 4034//4034 4033//4033 4126//4126 
f 4126//4126 4033//4033 4127//4127 
f 4033//4033 4032//4032 4127//4127 
f 4127//4127 4032//4032 4128//4128 
f 4032//4032 4032//4032 4128//4128 
f 4128//4128 4032//4032 4129//4129 
f 4032//4032 4031//4031 4129//4129 
f 4129//4129 4031//4031 4130//4130 
f 4031//4031 4030//4030 4130//4130 
f 4130//4130 4030//4030 4131//4131 
f 4030//4030 4029//4029 4131//4131 
f 4131//4131 4029//4029 4132//4132 
f 4029//4029 4028//4028 4132//4132 
f 4132//4132 4028//4028 4133//4133 
f 4028//4028 4027//4027 4133//4133 
f 4133//4133 4027//4027 4134//4134 
f 4027//4027 4026//4026 4134//4134 
f 4134//4134 4026//4026 4135//4135 
f 4026//4026 4025//4025 4135//4135 
f 4135//4135 4025//4025 4136//4136 
f 4025//4025 4024//4024 4136//4136 
f 4136//4136 4024//4024 4137//4137 
f 4024//4024 4023//4023 4137//4137 
f 4137//4137 4023//4023 4138//4138 
f 4023//4023 4022//4022 4138//4138 
f 4138//4138 4022//4022 4139//4139 
f 4022//4022 4021//4021 4139//4139 
f 4139//4139 4021//4021 4140//4140 
f 4021//4021 4020//4020 4140//4140 
f 4140//4140 4020//4020 4141//4141 
f 4020//4020 4019//4019 4141//4141 
f 4141//4141 4019//4019 4142//4142 
f 4019//4019 4018//4018 4142//4142 
f 4142//4142 4018//4018 4143//4143 
f 4018//4018 4017//4017 4143//4143 
f 4143//4143 4017//4017 4144//4144 
f 4017//4017 4016//4016 4144//4144 
f 4144//4144 4016//4016 4145//4145 
f 4016//4016 4015//4015 4145//4145 
f 4145//4145 4015//4015 4146//4146 
f 4015//4015 4014//4014 4146//4146 
f 4146//4146 4014//4014 4147//4147 
f 4014//4014 4010//4010 4147//4147 
f 4147//4147 4010//4010 4148//4148 
f 4010//4010 4011//4011 4148//4148 
f 4148//4148 4011//4011 4149//4149 
f 4011//4011 4012//4012 4149//4149 
f 4149//4149 4012//4012 4150//4150 
f 4012//4012 4013//4013 4150//4150 
f 4150//4150 4013//4013 4151//4151 
f 4013//4013 4152//4152 4151//4151 
f 4151//4151 4152//4152 4153//4153 
f 4152//4152 4154//4154 4153//4153 
f 4153//4153 4154//4154 3655//3655 
f 4154//4154 4154//4154 3655//3655 
f 3655//3655 4154//4154 3654//3654 
f 4154//4154 4152//4152 3654//3654 
f 3654//3654 4152//4152 4009//4009 
f 4152//4152 4013//4013 4009//4009 
f 4009//4009 4013//4013 4013//4013 
f 4013//4013 4153//4153 4013//4013 
f 4013//4013 4153//4153 4153//4153 
f 4153//4153 3655//3655 4153//4153 
f 4153//4153 3655//3655 4155//4155 
f 3655//3655 3656//3656 4155//4155 
f 4155//4155 3656//3656 4156//4156 
f 3656//3656 3657//3657 4156//4156 
f 4156//4156 3657//3657 4157//4157 
f 3657//3657 3658//3658 4157//4157 
f 4157//4157 3658//3658 4158//4158 
f 3658//3658 3659//3659 4158//4158 
f 4158//4158 3659//3659 4159//4159 
f 3659//3659 3660//3660 4159//4159 
f 4159//4159 3660//3660 4160//4160 
f 3660//3660 3661//3661 4160//4160 
f 4160//4160 3661//3661 4161//4161 
f 3661//3661 3662//3662 4161//4161 
f 4161//4161 3662//3662 4162//4162 
f 3662//3662 3663//3663 4162//4162 
f 4162//4162 3663//3663 4163//4163 
f 3663//3663 3664//3664 4163//4163 
f 4163//4163 3664//3664 4164//4164 
f 3664//3664 3665//3665 4164//4164 
f 4164//4164 3665//3665 4165//4165 
f 3665//3665 3666//3666 4165//4165 
f 4165//4165 3666//3666 4166//4166 
f 3666//3666 3667//3667 4166//4166 
f 4166//4166 3667//3667 4167//4167 
f 3667//3667 3668//3668 4167//4167 
f 4167//4167 3668//3668 4168//4168 
f 3668//3668 3669//3669 4168//4168 
f 4168//4168 3669//3669 4169//4169 
f 3669//3669 3670//3670 4169//4169 
f 4169//4169 3670//3670 4170//4170 
f 3670//3670 3671//3671 4170//4170 
f 4170//4170 3671//3671 4171//4171 
f 3671//3671 3672//3672 4171//4171 
f 4171//4171 3672//3672 4172//4172 
f 3672//3672 3672//3672 4172//4172 
f 4172//4172 3672//3672 4173//4173 
f 3672//3672 3673//3673 4173//4173 
f 4173//4173 3673//3673 4174//4174 
f 3673//3673 3674//3674 4174//4174 
f 4174//4174 3674//3674 4175//4175 
f 3674//3674 3675//3675 4175//4175 
f 4175//4175 3675//3675 4176//4176 
f 3675//3675 3676//3676 4176//4176 
f 4176//4176 3676//3676 4177//4177 
f 3676//3676 3677//3677 4177//4177 
f 4177//4177 3677//3677 4178//4178 
f 3677//3677 3678//3678 4178//4178 
f 4178//4178 3678//3678 4179//4179 
f 3678//3678 3679//3679 4179//4179 
f 4179//4179 3679//3679 4180//4180 
f 3679//3679 3680//3680 4180//4180 
f 4180//4180 3680//3680 4181//4181 
f 3680//3680 3681//3681 4181//4181 
f 4181//4181 3681//3681 4182//4182 
f 3681//3681 3682//3682 4182//4182 
f 4182//4182 3682//3682 4183//4183 
f 3682//3682 3683//3683 4183//4183 
f 4183//4183 3683//3683 4184//4184 
f 3683//3683 3684//3684 4184//4184 
f 4184//4184 3684//3684 4185//4185 
f 3684//3684 3685//3685 4185//4185 
f 4185//4185 3685//3685 4186//4186 
f 3685//3685 3686//3686 4186//4186 
f 4186//4186 3686//3686 4187//4187 
f 3686//3686 3687//3687 4187//4187 
f 4187//4187 3687//3687 4188//4188 
f 3687//3687 3688//3688 4188//4188 
f 4188//4188 3688//3688 4189//4189 
f 3688//3688 3689//3689 4189//4189 
f 4189//4189 3689//3689 4190//4190 
f 3689//3689 3690//3690 4190//4190 
f 4190//4190 3690//3690 4191//4191 
f 3690//3690 3691//3691 4191//4191 
f 4191//4191 3691//3691 4192//4192 
f 3691//3691 3692//3692 4192//4192 
f 4192//4192 3692//3692 4193//4193 
f 3692//3692 3693//3693 4193//4193 
f 4193//4193 3693//3693 4194//4194 
f 3693//3693 3694//3694 4194//4194 
f 4194//4194 3694//3694 4195//4195 
f 3694//3694 3695//3695 4195//4195 
f 4195//4195 3695//3695 4196//4196 
f 3695//3695 3696//3696 4196//4196 
f 4196//4196 3696//3696 4197//4197 
f 3696//3696 3697//3697 4197//4197 
f 4197//4197 3697//3697 4198//4198 
f 3697//3697 3698//3698 4198//4198 
f 4198//4198 3698//3698 4199//4199 
f 3698//3698 3699//3699 4199//4199 
f 4199//4199 3699//3699 4200//4200 
f 3699//3699 3700//3700 4200//4200 
f 4200//4200 3700//3700 4200//4200 
f 3700//3700 3701//3701 4200//4200 
f 4200//4200 3701//3701 4201//4201 
f 3701//3701 3702//3702 4201//4201 
f 4201//4201 3702//3702 4202//4202 
f 3702//3702 3770//3770 4202//4202 
f 4202//4202 3770//3770 4203//4203 
f 3770//3770 3771//3771 4203//4203 
f 4203//4203 3771//3771 4204//4204 
f 3771//3771 3772//3772 4204//4204 
f 4204//4204 3772//3772 4205//4205 
f 3772//3772 3773//3773 4205//4205 
f 4205//4205 3773//3773 4206//4206 
f 3773//3773 3774//3774 4206//4206 
f 4206//4206 3774//3774 4207//4207 
f 3774//3774 3775//3775 4207//4207 
f 4207//4207 3775//3775 4208//4208 
f 3775//3775 3776//3776 4208//4208 
f 4208//4208 3776//3776 4209//4209 
f 3776//3776 3777//3777 4209//4209 
f 4209//4209 3777//3777 4210//4210 
f 3777//3777 3778//3778 4210//4210 
f 4210//4210 3778//3778 4211//4211 
f 3778//3778 3779//3779 4211//4211 
f 4211//4211 3779//3779 4212//4212 
f 3779//3779 3780//3780 4212//4212 
f 4212//4212 3780//3780 4213//4213 
f 3780//3780 3781//3781 4213//4213 
f 4213//4213 3781//3781 4214//4214 
f 3781//3781 3782//3782 4214//4214 
f 4214//4214 3782//3782 4215//4215 
f 3782//3782 3783//3783 4215//4215 
f 4215//4215 3783//3783 4216//4216 
f 3783//3783 3784//3784 4216//4216 
f 4216//4216 3784//3784 4217//4217 
f 3784//3784 3785//3785 4217//4217 
f 4217//4217 3785//3785 4217//4217 
f 3785//3785 3786//3786 4217//4217 
f 4217//4217 3786//3786 4218//4218 
f 3786//3786 3787//3787 4218//4218 
f 4218//4218 3787//3787 4219//4219 
f 3787//3787 3788//3788 4219//4219 
f 4219//4219 3788//3788 4220//4220 
f 3788//3788 3788//3788 4220//4220 
f 4220//4220 3788//3788 4221//4221 
f 3788//3788 3789//3789 4221//4221 
f 4221//4221 3789//3789 4221//4221 
f 3789//3789 3790//3790 4221//4221 
f 4221//4221 3790//3790 4222//4222 
f 3790//3790 3791//3791 4222//4222 
f 4222//4222 3791//3791 4223//4223 
f 3791//3791 3792//3792 4223//4223 
f 4223//4223 3792//3792 4224//4224 
f 3792//3792 3793//3793 4224//4224 
f 4224//4224 3793//3793 4225//4225 
f 3793//3793 3794//3794 4225//4225 
f 4225//4225 3794//3794 4226//4226 
f 3794//3794 3795//3795 4226//4226 
f 4226//4226 3795//3795 4227//4227 
f 3795//3795 3796//3796 4227//4227 
f 4227//4227 3796//3796 4228//4228 
f 3796//3796 3797//3797 4228//4228 
f 4228//4228 3797//3797 4229//4229 
f 3797//3797 3798//3798 4229//4229 
f 4229//4229 3798//3798 4230//4230 
f 3798//3798 3799//3799 4230//4230 
f 4230//4230 3799//3799 3799//3799 
f 3799//3799 4230//4230 3799//3799 
f 3799//3799 4230//4230 4230//4230 
f 4230//4230 4231//4231 4230//4230 
f 4230//4230 4231//4231 4229//4229 
f 4231//4231 4232//4232 4229//4229 
f 4229//4229 4232//4232 4228//4228 
f 4232//4232 4233//4233 4228//4228 
f 4228//4228 4233//4233 4227//4227 
f 4233//4233 4234//4234 4227//4227 
f 4227//4227 4234//4234 4226//4226 
f 4234//4234 4235//4235 4226//4226 
f 4226//4226 4235//4235 4225//4225 
f 4235//4235 4236//4236 4225//4225 
f 4225//4225 4236//4236 4224//4224 
f 4236//4236 4237//4237 4224//4224 
f 4224//4224 4237//4237 4223//4223 
f 4237//4237 4238//4238 4223//4223 
f 4223//4223 4238//4238 4222//4222 
f 4238//4238 4239//4239 4222//4222 
f 4222//4222 4239//4239 4221//4221 
f 4239//4239 4239//4239 4221//4221 
f 4221//4221 4239//4239 4220//4220 
f 4239//4239 4240//4240 4220//4220 
f 4220//4220 4240//4240 4220//4220 
f 4240//4240 4241//4241 4220//4220 
f 4220//4220 4241//4241 4219//4219 
f 4241//4241 4242//4242 4219//4219 
f 4219//4219 4242//4242 4218//4218 
f 4242//4242 4243//4243 4218//4218 
f 4218//4218 4243//4243 4217//4217 
f 4243//4243 4243//4243 4217//4217 
f 4217//4217 4243//4243 4216//4216 
f 4243//4243 4244//4244 4216//4216 
f 4216//4216 4244//4244 4215//4215 
f 4244//4244 4245//4245 4215//4215 
f 4215//4215 4245//4245 4214//4214 
f 4245//4245 4246//4246 4214//4214 
f 4214//4214 4246//4246 4213//4213 
f 4246//4246 4247//4247 4213//4213 
f 4213//4213 4247//4247 4212//4212 
f 4247//4247 4248//4248 4212//4212 
f 4212//4212 4248//4248 4211//4211 
f 4248//4248 4249//4249 4211//4211 
f 4211//4211 4249//4249 4210//4210 
f 4249//4249 4250//4250 4210//4210 
f 4210//4210 4250//4250 4209//4209 
f 4250//4250 4251//4251 4209//4209 
f 4209//4209 4251//4251 4208//4208 
f 4251//4251 4252//4252 4208//4208 
f 4208//4208 4252//4252 4207//4207 
f 4252//4252 4253//4253 4207//4207 
f 4207//4207 4253//4253 4206//4206 
f 4253//4253 4254//4254 4206//4206 
f 4206//4206 4254//4254 4205//4205 
f 4254//4254 4255//4255 4205//4205 
f 4205//4205 4255//4255 4204//4204 
f 4255//4255 4256//4256 4204//4204 
f 4204//4204 4256//4256 4203//4203 
f 4256//4256 4257//4257 4203//4203 
f 4203//4203 4257//4257 4202//4202 
f 4257//4257 4258//4258 4202//4202 
f 4202//4202 4258//4258 4201//4201 
f 4258//4258 4258//4258 4201//4201 
f 4201//4201 4258//4258 4200//4200 
f 4258//4258 4259//4259 4200//4200 
f 4200//4200 4259//4259 4199//4199 
f 4259//4259 4260//4260 4199//4199 
f 4199//4199 4260//4260 4198//4198 
f 4260//4260 4261//4261 4198//4198 
f 4198//4198 4261//4261 4197//4197 
f 4261//4261 4262//4262 4197//4197 
f 4197//4197 4262//4262 4196//4196 
f 4262//4262 4263//4263 4196//4196 
f 4196//4196 4263//4263 4195//4195 
f 4263//4263 4264//4264 4195//4195 
f 4195//4195 4264//4264 4194//4194 
f 4264//4264 4265//4265 4194//4194 
f 4194//4194 4265//4265 4193//4193 
f 4265//4265 4266//4266 4193//4193 
f 4193//4193 4266//4266 4192//4192 
f 4266//4266 4267//4267 4192//4192 
f 4192//4192 4267//4267 4191//4191 
f 4267//4267 4268//4268 4191//4191 
f 4191//4191 4268//4268 4190//4190 
f 4268//4268 4269//4269 4190//4190 
f 4190//4190 4269//4269 4189//4189 
f 4269//4269 4270//4270 4189//4189 
f 4189//4189 4270//4270 4188//4188 
f 4270//4270 4271//4271 4188//4188 
f 4188//4188 4271//4271 4187//4187 
f 4271//4271 4272//4272 4187//4187 
f 4187//4187 4272//4272 4186//4186 
f 4272//4272 4273//4273 4186//4186 
f 4186//4186 4273//4273 4185//4185 
f 4273//4273 4274//4274 4185//4185 
f 4185//4185 4274//4274 4184//4184 
f 4274//4274 4275//4275 4184//4184 
f 4184//4184 4275//4275 4183//4183 
f 4275//4275 4276//4276 4183//4183 
f 4183//4183 4276//4276 4182//4182 
f 4276//4276 4277//4277 4182//4182 
f 4182//4182 4277//4277 4181//4181 
f 4277//4277 4278//4278 4181//4181 
f 4181//4181 4278//4278 4180//4180 
f 4278//4278 4279//4279 4180//4180 
f 4180//4180 4279//4279 4179//4179 
f 4279//4279 4280//4280 4179//4179 
f 4179//4179 4280//4280 4178//4178 
f 4280//4280 4281//4281 4178//4178 
f 4178//4178 4281//4281 4177//4177 
f 4281//4281 4282//4282 4177//4177 
f 4177//4177 4282//4282 4176//4176 
f 4282//4282 4283//4283 4176//4176 
f 4176//4176 4283//4283 4175//4175 
f 4283//4283 4284//4284 4175//4175 
f 4175//4175 4284//4284 4174//4174 
f 4284//4284 4285//4285 4174//4174 
f 4174//4174 4285//4285 4173//4173 
f 4285//4285 4286//4286 4173//4173 
f 4173//4173 4286//4286 4172//4172 
f 4286//4286 4287//4287 4172//4172 
f 4172//4172 4287//4287 4171//4171 
f 4287//4287 4288//4288 4171//4171 
f 4171//4171 4288//4288 4170//4170 
f 4288//4288 4289//4289 4170//4170 
f 4170//4170 4289//4289 4169//4169 
f 4289//4289 4290//4290 4169//4169 
f 4169//4169 4290//4290 4169//4169 
f 4290//4290 4291//4291 4169//4169 
f 4169//4169 4291//4291 4168//4168 
f 4291//4291 4292//4292 4168//4168 
f 4168//4168 4292//4292 4167//4167 
f 4292//4292 4293//4293 4167//4167 
f 4167//4167 4293//4293 4166//4166 
f 4293//4293 4294//4294 4166//4166 
f 4166//4166 4294//4294 4165//4165 
f 4294//4294 4295//4295 4165//4165 
f 4165//4165 4295//4295 4164//4164 
f 4295//4295 4296//4296 4164//4164 
f 4164//4164 4296//4296 4163//4163 
f 4296//4296 4297//4297 4163//4163 
f 4163//4163 4297//4297 4162//4162 
f 4297//4297 4298//4298 4162//4162 
f 4162//4162 4298//4298 4161//4161 
f 4298//4298 4299//4299 4161//4161 
f 4161//4161 4299//4299 4160//4160 
f 4299//4299 4300//4300 4160//4160 
f 4160//4160 4300//4300 4159//4159 
f 4300//4300 4301//4301 4159//4159 
f 4159//4159 4301//4301 4158//4158 
f 4301//4301 4302//4302 4158//4158 
f 4158//4158 4302//4302 4157//4157 
f 4302//4302 4303//4303 4157//4157 
f 4157//4157 4303//4303 4156//4156 
f 4303//4303 4304//4304 4156//4156 
f 4156//4156 4304//4304 4155//4155 
f 4304//4304 4304//4304 4155//4155 
f 4155//4155 4304//4304 4153//4153 
f 4304//4304 4305//4305 4153//4153 
f 4153//4153 4305//4305 4151//4151 
f 4305//4305 4306//4306 4151//4151 
f 4151//4151 4306//4306 4150//4150 
f 4306//4306 4307//4307 4150//4150 
f 4150//4150 4307//4307 4149//4149 
f 4307//4307 4308//4308 4149//4149 
f 4149//4149 4308//4308 4148//4148 
f 4308//4308 4309//4309 4148//4148 
f 4148//4148 4309//4309 4147//4147 
f 4309//4309 4310//4310 4147//4147 
f 4147//4147 4310//4310 4146//4146 
f 4310//4310 4311//4311 4146//4146 
f 4146//4146 4311//4311 4145//4145 
f 4311//4311 4312//4312 4145//4145 
f 4145//4145 4312//4312 4144//4144 
f 4312//4312 4313//4313 4144//4144 
f 4144//4144 4313//4313 4143//4143 
f 4313//4313 4314//4314 4143//4143 
f 4143//4143 4314//4314 4142//4142 
f 4314//4314 4315//4315 4142//4142 
f 4142//4142 4315//4315 4141//4141 
f 4315//4315 4316//4316 4141//4141 
f 4141//4141 4316//4316 4140//4140 
f 4316//4316 4317//4317 4140//4140 
f 4140//4140 4317//4317 4139//4139 
f 4317//4317 4318//4318 4139//4139 
f 4139//4139 4318//4318 4138//4138 
f 4318//4318 4319//4319 4138//4138 
f 4138//4138 4319//4319 4137//4137 
f 4319//4319 4320//4320 4137//4137 
f 4137//4137 4320//4320 4137//4137 
f 4320//4320 4321//4321 4137//4137 
f 4137//4137 4321//4321 4136//4136 
f 4321//4321 4322//4322 4136//4136 
f 4136//4136 4322//4322 4135//4135 
f 4322//4322 4323//4323 4135//4135 
f 4135//4135 4323//4323 4134//4134 
f 4323//4323 4324//4324 4134//4134 
f 4134//4134 4324//4324 4133//4133 
f 4324//4324 4325//4325 4133//4133 
f 4133//4133 4325//4325 4132//4132 
f 4325//4325 4326//4326 4132//4132 
f 4132//4132 4326//4326 4131//4131 
f 4326//4326 4327//4327 4131//4131 
f 4131//4131 4327//4327 4130//4130 
f 4327//4327 4328//4328 4130//4130 
f 4130//4130 4328//4328 4129//4129 
f 4328//4328 4329//4329 4129//4129 
f 4129//4129 4329//4329 4128//4128 
f 4329//4329 4330//4330 4128//4128 
f 4128//4128 4330//4330 4127//4127 
f 4330//4330 4331//4331 4127//4127 
f 4127//4127 4331//4331 4126//4126 
f 4331//4331 4332//4332 4126//4126 
f 4126//4126 4332//4332 4125//4125 
f 4332//4332 4333//4333 4125//4125 
f 4125//4125 4333//4333 4124//4124 
f 4333//4333 4334//4334 4124//4124 
f 4124//4124 4334//4334 4123//4123 
f 4334//4334 4335//4335 4123//4123 
f 4123//4123 4335//4335 4122//4122 
f 4335//4335 4336//4336 4122//4122 
f 4122//4122 4336//4336 4121//4121 
f 4336//4336 4337//4337 4121//4121 
f 4121//4121 4337//4337 4120//4120 
f 4337//4337 4338//4338 4120//4120 
f 4120//4120 4338//4338 4119//4119 
f 4338//4338 4339//4339 4119//4119 
f 4119//4119 4339//4339 4118//4118 
f 4339//4339 4340//4340 4118//4118 
f 4118//4118 4340//4340 4117//4117 
f 4340//4340 4341//4341 4117//4117 
f 4117//4117 4341//4341 4116//4116 
f 4341//4341 4342//4342 4116//4116 
f 4116//4116 4342//4342 4115//4115 
f 4342//4342 4343//4343 4115//4115 
f 4115//4115 4343//4343 4114//4114 
f 4343//4343 4344//4344 4114//4114 
f 4114//4114 4344//4344 4113//4113 
f 4344//4344 4345//4345 4113//4113 
f 4113//4113 4345//4345 4112//4112 
f 4345//4345 4346//4346 4112//4112 
f 4112//4112 4346//4346 4111//4111 
f 4346//4346 4347//4347 4111//4111 
f 4111//4111 4347//4347 4110//4110 
f 4347//4347 4348//4348 4110//4110 
f 4110//4110 4348//4348 4109//4109 
f 4348//4348 4349//4349 4109//4109 
f 4109//4109 4349//4349 4108//4108 
f 4349//4349 4350//4350 4108//4108 
f 4108//4108 4350//4350 4107//4107 
f 4350//4350 4351//4351 4107//4107 
f 4107//4107 4351//4351 4106//4106 
f 4351//4351 4352//4352 4106//4106 
f 4106//4106 4352//4352 4105//4105 
f 4352//4352 4353//4353 4105//4105 
f 4105//4105 4353//4353 4104//4104 
f 4353//4353 4354//4354 4104//4104 
f 4104//4104 4354//4354 4103//4103 
f 4354//4354 4354//4354 4103//4103 
f 4103//4103 4354//4354 4102//4102 
f 4354//4354 4355//4355 4102//4102 
f 4102//4102 4355//4355 4101//4101 
f 4355//4355 4356//4356 4101//4101 
f 4101//4101 4356//4356 4100//4100 
f 4356//4356 4357//4357 4100//4100 
f 4100//4100 4357//4357 4099//4099 
f 4357//4357 4358//4358 4099//4099 
f 4099//4099 4358//4358 4098//4098 
f 4358//4358 4359//4359 4098//4098 
f 4098//4098 4359//4359 4097//4097 
f 4359//4359 4360//4360 4097//4097 
f 4097//4097 4360//4360 4096//4096 
f 4360//4360 4361//4361 4096//4096 
f 4096//4096 4361//4361 4095//4095 
f 4361//4361 4362//4362 4095//4095 
f 4095//4095 4362//4362 4094//4094 
f 4362//4362 4363//4363 4094//4094 
f 4094//4094 4363//4363 4093//4093 
f 4363//4363 4364//4364 4093//4093 
f 4093//4093 4364//4364 4092//4092 
f 4364//4364 4365//4365 4092//4092 
f 4092//4092 4365//4365 4091//4091 
f 4365//4365 4366//4366 4091//4091 
f 4091//4091 4366//4366 4090//4090 
f 4366//4366 4367//4367 4090//4090 
f 4090//4090 4367//4367 4089//4089 
f 4367//4367 4368//4368 4089//4089 
f 4089//4089 4368//4368 4088//4088 
f 4368//4368 4369//4369 4088//4088 
f 4088//4088 4369//4369 4087//4087 
f 4369//4369 4370//4370 4087//4087 
f 4087//4087 4370//4370 4086//4086 
f 4370//4370 4371//4371 4086//4086 
f 4086//4086 4371//4371 4085//4085 
f 4371//4371 4371//4371 4085//4085 
f 4085//4085 4371//4371 4084//4084 
f 4371//4371 4372//4372 4084//4084 
f 4084//4084 4372//4372 4083//4083 
f 4372//4372 4083//4083 4083//4083 
f 4083//4083 4083//4083 4232//4232 
f 4083//4083 4232//4232 4232//4232 
f 4232//4232 4232//4232 4373//4373 
f 4232//4232 4231//4231 4373//4373 
f 4373//4373 4231//4231 4231//4231 
f 4231//4231 4372//4372 4231//4231 
f 4231//4231 4372//4372 4372//4372 
f 4372//4372 4371//4371 4372//4372 
f 4372//4372 4371//4371 4374//4374 
f 4371//4371 4370//4370 4374//4374 
f 4374//4374 4370//4370 4375//4375 
f 4370//4370 4369//4369 4375//4375 
f 4375//4375 4369//4369 4376//4376 
f 4369//4369 4368//4368 4376//4376 
f 4376//4376 4368//4368 4377//4377 
f 4368//4368 4367//4367 4377//4377 
f 4377//4377 4367//4367 4378//4378 
f 4367//4367 4366//4366 4378//4378 
f 4378//4378 4366//4366 4379//4379 
f 4366//4366 4365//4365 4379//4379 
f 4379//4379 4365//4365 4380//4380 
f 4365//4365 4364//4364 4380//4380 
f 4380//4380 4364//4364 4381//4381 
f 4364//4364 4363//4363 4381//4381 
f 4381//4381 4363//4363 4382//4382 
f 4363//4363 4362//4362 4382//4382 
f 4382//4382 4362//4362 4383//4383 
f 4362//4362 4361//4361 4383//4383 
f 4383//4383 4361//4361 4384//4384 
f 4361//4361 4360//4360 4384//4384 
f 4384//4384 4360//4360 4385//4385 
f 4360//4360 4359//4359 4385//4385 
f 4385//4385 4359//4359 4386//4386 
f 4359//4359 4358//4358 4386//4386 
f 4386//4386 4358//4358 4387//4387 
f 4358//4358 4357//4357 4387//4387 
f 4387//4387 4357//4357 4388//4388 
f 4357//4357 4356//4356 4388//4388 
f 4388//4388 4356//4356 4389//4389 
f 4356//4356 4355//4355 4389//4389 
f 4389//4389 4355//4355 4390//4390 
f 4355//4355 4354//4354 4390//4390 
f 4390//4390 4354//4354 4391//4391 
f 4354//4354 4353//4353 4391//4391 
f 4391//4391 4353//4353 4391//4391 
f 4353//4353 4352//4352 4391//4391 
f 4391//4391 4352//4352 4392//4392 
f 4352//4352 4351//4351 4392//4392 
f 4392//4392 4351//4351 4393//4393 
f 4351//4351 4350//4350 4393//4393 
f 4393//4393 4350//4350 4394//4394 
f 4350//4350 4349//4349 4394//4394 
f 4394//4394 4349//4349 4395//4395 
f 4349//4349 4348//4348 4395//4395 
f 4395//4395 4348//4348 4396//4396 
f 4348//4348 4347//4347 4396//4396 
f 4396//4396 4347//4347 4397//4397 
f 4347//4347 4346//4346 4397//4397 
f 4397//4397 4346//4346 4398//4398 
f 4346//4346 4345//4345 4398//4398 
f 4398//4398 4345//4345 4399//4399 
f 4345//4345 4344//4344 4399//4399 
f 4399//4399 4344//4344 4400//4400 
f 4344//4344 4343//4343 4400//4400 
f 4400//4400 4343//4343 4401//4401 
f 4343//4343 4342//4342 4401//4401 
f 4401//4401 4342//4342 4402//4402 
f 4342//4342 4341//4341 4402//4402 
f 4402//4402 4341//4341 4403//4403 
f 4341//4341 4340//4340 4403//4403 
f 4403//4403 4340//4340 4404//4404 
f 4340//4340 4339//4339 4404//4404 
f 4404//4404 4339//4339 4405//4405 
f 4339//4339 4338//4338 4405//4405 
f 4405//4405 4338//4338 4406//4406 
f 4338//4338 4337//4337 4406//4406 
f 4406//4406 4337//4337 4407//4407 
f 4337//4337 4336//4336 4407//4407 
f 4407//4407 4336//4336 4408//4408 
f 4336//4336 4335//4335 4408//4408 
f 4408//4408 4335//4335 4409//4409 
f 4335//4335 4334//4334 4409//4409 
f 4409//4409 4334//4334 4410//4410 
f 4334//4334 4333//4333 4410//4410 
f 4410//4410 4333//4333 4411//4411 
f 4333//4333 4332//4332 4411//4411 
f 4411//4411 4332//4332 4412//4412 
f 4332//4332 4331//4331 4412//4412 
f 4412//4412 4331//4331 4413//4413 
f 4331//4331 4330//4330 4413//4413 
f 4413//4413 4330//4330 4414//4414 
f 4330//4330 4329//4329 4414//4414 
f 4414//4414 4329//4329 4415//4415 
f 4329//4329 4328//4328 4415//4415 
f 4415//4415 4328//4328 4416//4416 
f 4328//4328 4327//4327 4416//4416 
f 4416//4416 4327//4327 4417//4417 
f 4327//4327 4326//4326 4417//4417 
f 4417//4417 4326//4326 4418//4418 
f 4326//4326 4325//4325 4418//4418 
f 4418//4418 4325//4325 1303//1303 
f 4325//4325 4324//4324 1303//1303 
f 1303//1303 4324//4324 1302//1302 
f 4324//4324 4323//4323 1302//1302 
f 1302//1302 4323//4323 1301//1301 
f 4323//4323 4322//4322 1301//1301 
f 1301//1301 4322//4322 1300//1300 
f 4322//4322 4321//4321 1300//1300 
f 1300//1300 4321//4321 1299//1299 
f 4321//4321 4320//4320 1299//1299 
f 1299//1299 4320//4320 1298//1298 
f 4320//4320 4319//4319 1298//1298 
f 1298//1298 4319//4319 1297//1297 
f 4319//4319 4318//4318 1297//1297 
f 1297//1297 4318//4318 1296//1296 
f 4318//4318 4318//4318 1296//1296 
f 1296//1296 4318//4318 1295//1295 
f 4318//4318 4317//4317 1295//1295 
f 1295//1295 4317//4317 1294//1294 
f 4317//4317 4316//4316 1294//1294 
f 1294//1294 4316//4316 1293//1293 
f 4316//4316 4315//4315 1293//1293 
f 1293//1293 4315//4315 1292//1292 
f 4315//4315 4314//4314 1292//1292 
f 1292//1292 4314//4314 4419//4419 
f 4314//4314 4313//4313 4419//4419 
f 4419//4419 4313//4313 4420//4420 
f 4313//4313 4312//4312 4420//4420 
f 4420//4420 4312//4312 4421//4421 
f 4312//4312 4311//4311 4421//4421 
f 4421//4421 4311//4311 4422//4422 
f 4311//4311 4310//4310 4422//4422 
f 4422//4422 4310//4310 4423//4423 
f 4310//4310 4309//4309 4423//4423 
f 4423//4423 4309//4309 4424//4424 
f 4309//4309 4308//4308 4424//4424 
f 4424//4424 4308//4308 4425//4425 
f 4308//4308 4307//4307 4425//4425 
f 4425//4425 4307//4307 4426//4426 
f 4307//4307 4306//4306 4426//4426 
f 4426//4426 4306//4306 4427//4427 
f 4306//4306 4305//4305 4427//4427 
f 4427//4427 4305//4305 4428//4428 
f 4305//4305 4304//4304 4428//4428 
f 4428//4428 4304//4304 4428//4428 
f 4304//4304 4303//4303 4428//4428 
f 4428//4428 4303//4303 4429//4429 
f 4303//4303 4302//4302 4429//4429 
f 4429//4429 4302//4302 4430//4430 
f 4302//4302 4301//4301 4430//4430 
f 4430//4430 4301//4301 4431//4431 
f 4301//4301 4300//4300 4431//4431 
f 4431//4431 4300//4300 4432//4432 
f 4300//4300 4299//4299 4432//4432 
f 4432//4432 4299//4299 4433//4433 
f 4299//4299 4298//4298 4433//4433 
f 4433//4433 4298//4298 4434//4434 
f 4298//4298 4297//4297 4434//4434 
f 4434//4434 4297//4297 4435//4435 
f 4297//4297 4296//4296 4435//4435 
f 4435//4435 4296//4296 4436//4436 
f 4296//4296 4295//4295 4436//4436 
f 4436//4436 4295//4295 4437//4437 
f 4295//4295 4294//4294 4437//4437 
f 4437//4437 4294//4294 4438//4438 
f 4294//4294 4293//4293 4438//4438 
f 4438//4438 4293//4293 4439//4439 
f 4293//4293 4292//4292 4439//4439 
f 4439//4439 4292//4292 4440//4440 
f 4292//4292 4291//4291 4440//4440 
f 4440//4440 4291//4291 4441//4441 
f 4291//4291 4290//4290 4441//4441 
f 4441//4441 4290//4290 4442//4442 
f 4290//4290 4290//4290 4442//4442 
f 4442//4442 4290//4290 4443//4443 
f 4290//4290 4289//4289 4443//4443 
f 4443//4443 4289//4289 4444//4444 
f 4289//4289 4288//4288 4444//4444 
f 4444//4444 4288//4288 4445//4445 
f 4288//4288 4287//4287 4445//4445 
f 4445//4445 4287//4287 4446//4446 
f 4287//4287 4286//4286 4446//4446 
f 4446//4446 4286//4286 4447//4447 
f 4286//4286 4285//4285 4447//4447 
f 4447//4447 4285//4285 4448//4448 
f 4285//4285 4284//4284 4448//4448 
f 4448//4448 4284//4284 4449//4449 
f 4284//4284 4283//4283 4449//4449 
f 4449//4449 4283//4283 4450//4450 
f 4283//4283 4282//4282 4450//4450 
f 4450//4450 4282//4282 4451//4451 
f 4282//4282 4281//4281 4451//4451 
f 4451//4451 4281//4281 4452//4452 
f 4281//4281 4280//4280 4452//4452 
f 4452//4452 4280//4280 4453//4453 
f 4280//4280 4279//4279 4453//4453 
f 4453//4453 4279//4279 4454//4454 
f 4279//4279 4278//4278 4454//4454 
f 4454//4454 4278//4278 4455//4455 
f 4278//4278 4277//4277 4455//4455 
f 4455//4455 4277//4277 4456//4456 
f 4277//4277 4276//4276 4456//4456 
f 4456//4456 4276//4276 4457//4457 
f 4276//4276 4275//4275 4457//4457 
f 4457//4457 4275//4275 4458//4458 
f 4275//4275 4274//4274 4458//4458 
f 4458//4458 4274//4274 4459//4459 
f 4274//4274 4273//4273 4459//4459 
f 4459//4459 4273//4273 4460//4460 
f 4273//4273 4272//4272 4460//4460 
f 4460//4460 4272//4272 4461//4461 
f 4272//4272 4271//4271 4461//4461 
f 4461//4461 4271//4271 4462//4462 
f 4271//4271 4270//4270 4462//4462 
f 4462//4462 4270//4270 4463//4463 
f 4270//4270 4269//4269 4463//4463 
f 4463//4463 4269//4269 4464//4464 
f 4269//4269 4268//4268 4464//4464 
f 4464//4464 4268//4268 4465//4465 
f 4268//4268 4267//4267 4465//4465 
f 4465//4465 4267//4267 4466//4466 
f 4267//4267 4266//4266 4466//4466 
f 4466//4466 4266//4266 4467//4467 
f 4266//4266 4265//4265 4467//4467 
f 4467//4467 4265//4265 4468//4468 
f 4265//4265 4264//4264 4468//4468 
f 4468//4468 4264//4264 4469//4469 
f 4264//4264 4263//4263 4469//4469 
f 4469//4469 4263//4263 4470//4470 
f 4263//4263 4262//4262 4470//4470 
f 4470//4470 4262//4262 4471//4471 
f 4262//4262 4261//4261 4471//4471 
f 4471//4471 4261//4261 4472//4472 
f 4261//4261 4260//4260 4472//4472 
f 4472//4472 4260//4260 4473//4473 
f 4260//4260 4259//4259 4473//4473 
f 4473//4473 4259//4259 4474//4474 
f 4259//4259 4258//4258 4474//4474 
f 4474//4474 4258//4258 4475//4475 
f 4258//4258 4257//4257 4475//4475 
f 4475//4475 4257//4257 4476//4476 
f 4257//4257 4256//4256 4476//4476 
f 4476//4476 4256//4256 4477//4477 
f 4256//4256 4255//4255 4477//4477 
f 4477//4477 4255//4255 4478//4478 
f 4255//4255 4254//4254 4478//4478 
f 4478//4478 4254//4254 4478//4478 
f 4254//4254 4253//4253 4478//4478 
f 4478//4478 4253//4253 4479//4479 
f 4253//4253 4252//4252 4479//4479 
f 4479//4479 4252//4252 4480//4480 
f 4252//4252 4251//4251 4480//4480 
f 4480//4480 4251//4251 4481//4481 
f 4251//4251 4250//4250 4481//4481 
f 4481//4481 4250//4250 4482//4482 
f 4250//4250 4249//4249 4482//4482 
f 4482//4482 4249//4249 4483//4483 
f 4249//4249 4248//4248 4483//4483 
f 4483//4483 4248//4248 4484//4484 
f 4248//4248 4247//4247 4484//4484 
f 4484//4484 4247//4247 4485//4485 
f 4247//4247 4246//4246 4485//4485 
f 4485//4485 4246//4246 4486//4486 
f 4246//4246 4245//4245 4486//4486 
f 4486//4486 4245//4245 4487//4487 
f 4245//4245 4244//4244 4487//4487 
f 4487//4487 4244//4244 4488//4488 
f 4244//4244 4243//4243 4488//4488 
f 4488//4488 4243//4243 4488//4488 
f 4243//4243 4242//4242 4488//4488 
f 4488//4488 4242//4242 4489//4489 
f 4242//4242 4241//4241 4489//4489 
f 4489//4489 4241//4241 4490//4490 
f 4241//4241 4240//4240 4490//4490 
f 4490//4490 4240//4240 4491//4491 
f 4240//4240 4240//4240 4491//4491 
f 4491//4491 4240//4240 4492//4492 
f 4240//4240 4239//4239 4492//4492 
f 4492//4492 4239//4239 4492//4492 
f 4239//4239 4238//4238 4492//4492 
f 4492//4492 4238//4238 4493//4493 
f 4238//4238 4237//4237 4493//4493 
f 4493//4493 4237//4237 4494//4494 
f 4237//4237 4236//4236 4494//4494 
f 4494//4494 4236//4236 4495//4495 
f 4236//4236 4235//4235 4495//4495 
f 4495//4495 4235//4235 4496//4496 
f 4235//4235 4234//4234 4496//4496 
f 4496//4496 4234//4234 4497//4497 
f 4234//4234 4233//4233 4497//4497 
f 4497//4497 4233//4233 4498//4498 
f 4233//4233 4232//4232 4498//4498 
f 4498//4498 4232//4232 4498//4498 
f 4232//4232 4373//4373 4498//4498 
f 4498//4498 4373//4373 4498//4498 
f 4373//4373 4499//4499 4498//4498 
f 4498//4498 4499//4499 4500//4500 
f 4499//4499 4501//4501 4500//4500 
f 4500//4500 4501//4501 4501//4501 
f 4501//4501 1292//1292 4501//4501 
f 4501//4501 1292//1292 1292//1292 
f 1292//1292 4419//4419 1292//1292 
f 1292//1292 4419//4419 1291//1291 
f 4419//4419 1291//1291 1291//1291 
f 1291//1291 1291//1291 4498//4498 
f 1291//1291 4498//4498 4498//4498 
f 4498//4498 4498//4498 4497//4497 
f 4498//4498 4500//4500 4497//4497 
f 4497//4497 4500//4500 4497//4497 
f 4500//4500 4502//4502 4497//4497 
f 4497//4497 4502//4502 4496//4496 
f 4502//4502 4503//4503 4496//4496 
f 4496//4496 4503//4503 4495//4495 
f 4503//4503 4504//4504 4495//4495 
f 4495//4495 4504//4504 4494//4494 
f 4504//4504 4505//4505 4494//4494 
f 4494//4494 4505//4505 4493//4493 
f 4505//4505 4493//4493 4493//4493 
f 4493//4493 4493//4493 4505//4505 
f 4493//4493 4505//4505 4505//4505 
f 4505//4505 4505//4505 4506//4506 
f 4505//4505 4504//4504 4506//4506 
f 4506//4506 4504//4504 4506//4506 
f 4504//4504 4503//4503 4506//4506 
f 4506//4506 4503//4503 4507//4507 
f 4503//4503 4503//4503 4507//4507 
f 4507//4507 4503//4503 4508//4508 
f 4503//4503 4502//4502 4508//4508 
f 4508//4508 4502//4502 4509//4509 
f 4502//4502 4500//4500 4509//4509 
f 4509//4509 4500//4500 4509//4509 
f 4500//4500 4501//4501 4509//4509 
f 4509//4509 4501//4501 4509//4509 
f 4501//4501 4510//4510 4509//4509 
f 4509//4509 4510//4510 4511//4511 
f 4510//4510 4512//4512 4511//4511 
f 4511//4511 4512//4512 4513//4513 
f 4512//4512 4514//4514 4513//4513 
f 4513//4513 4514//4514 4513//4513 
f 4514//4514 4515//4515 4513//4513 
f 4513//4513 4515//4515 4513//4513 
f 4515//4515 4516//4516 4513//4513 
f 4513//4513 4516//4516 4511//4511 
f 4516//4516 4517//4517 4511//4511 
f 4511//4511 4517//4517 4508//4508 
f 4517//4517 4518//4518 4508//4508 
f 4508//4508 4518//4518 4507//4507 
f 4518//4518 4519//4519 4507//4507 
f 4507//4507 4519//4519 4506//4506 
f 4519//4519 4520//4520 4506//4506 
f 4506//4506 4520//4520 4505//4505 
f 4520//4520 4521//4521 4505//4505 
f 4505//4505 4521//4521 4493//4493 
f 4521//4521 4521//4521 4493//4493 
f 4493//4493 4521//4521 4492//4492 
f 4521//4521 4521//4521 4492//4492 
f 4492//4492 4521//4521 4491//4491 
f 4521//4521 4521//4521 4491//4491 
f 4491//4491 4521//4521 4522//4522 
f 4521//4521 4520//4520 4522//4522 
f 4522//4522 4520//4520 4523//4523 
f 4520//4520 4519//4519 4523//4523 
f 4523//4523 4519//4519 4524//4524 
f 4519//4519 4525//4525 4524//4524 
f 4524//4524 4525//4525 4526//4526 
f 4525//4525 4516//4516 4526//4526 
f 4526//4526 4516//4516 4527//4527 
f 4516//4516 4515//4515 4527//4527 
f 4527//4527 4515//4515 4528//4528 
f 4515//4515 4514//4514 4528//4528 
f 4528//4528 4514//4514 4528//4528 
f 4514//4514 4529//4529 4528//4528 
f 4528//4528 4529//4529 4528//4528 
f 4529//4529 4530//4530 4528//4528 
f 4528//4528 4530//4530 4531//4531 
f 4530//4530 4532//4532 4531//4531 
f 4531//4531 4532//4532 4532//4532 
f 4532//4532 4508//4508 4532//4532 
f 4532//4532 4508//4508 4508//4508 
f 4508//4508 4509//4509 4508//4508 
f 4508//4508 4509//4509 4511//4511 
f 4509//4509 4511//4511 4511//4511 
f 4511//4511 4511//4511 4516//4516 
f 4511//4511 4516//4516 4516//4516 
f 4516//4516 4516//4516 4517//4517 
f 4516//4516 4525//4525 4517//4517 
f 4517//4517 4525//4525 4518//4518 
f 4525//4525 4519//4519 4518//4518 
f 4518//4518 4519//4519 4519//4519 
f 4519//4519 4531//4531 4519//4519 
f 4519//4519 4531//4531 4531//4531 
f 4531//4531 4533//4533 4531//4531 
f 4531//4531 4533//4533 4528//4528 
f 4533//4533 4533//4533 4528//4528 
f 4528//4528 4533//4533 4527//4527 
f 4533//4533 4533//4533 4527//4527 
f 4527//4527 4533//4533 4526//4526 
f 4533//4533 4533//4533 4526//4526 
f 4526//4526 4533//4533 4534//4534 
f 4533//4533 4533//4533 4534//4534 
f 4534//4534 4533//4533 4535//4535 
f 4533//4533 4531//4531 4535//4535 
f 4535//4535 4531//4531 4536//4536 
f 4531//4531 4532//4532 4536//4536 
f 4536//4536 4532//4532 4536//4536 
f 4532//4532 4537//4537 4536//4536 
f 4536//4536 4537//4537 4538//4538 
f 4537//4537 4539//4539 4538//4538 
f 4538//4538 4539//4539 4539//4539 
f 4539//4539 4538//4538 4539//4539 
f 4539//4539 4538//4538 4538//4538 
f 4538//4538 4540//4540 4538//4538 
f 4538//4538 4540//4540 4536//4536 
f 4540//4540 4540//4540 4536//4536 
f 4536//4536 4540//4540 4535//4535 
f 4540//4540 4541//4541 4535//4535 
f 4535//4535 4541//4541 4534//4534 
f 4541//4541 4542//4542 4534//4534 
f 4534//4534 4542//4542 4534//4534 
f 4542//4542 4543//4543 4534//4534 
f 4534//4534 4543//4543 4526//4526 
f 4543//4543 4543//4543 4526//4526 
f 4526//4526 4543//4543 4524//4524 
f 4543//4543 4544//4544 4524//4524 
f 4524//4524 4544//4544 4523//4523 
f 4544//4544 4545//4545 4523//4523 
f 4523//4523 4545//4545 4522//4522 
f 4545//4545 4546//4546 4522//4522 
f 4522//4522 4546//4546 4491//4491 
f 4546//4546 4546//4546 4491//4491 
f 4491//4491 4546//4546 4490//4490 
f 4546//4546 4547//4547 4490//4490 
f 4490//4490 4547//4547 4489//4489 
f 4547//4547 4548//4548 4489//4489 
f 4489//4489 4548//4548 4488//4488 
f 4548//4548 4548//4548 4488//4488 
f 4488//4488 4548//4548 4487//4487 
f 4548//4548 4549//4549 4487//4487 
f 4487//4487 4549//4549 4486//4486 
f 4549//4549 4550//4550 4486//4486 
f 4486//4486 4550//4550 4485//4485 
f 4550//4550 4551//4551 4485//4485 
f 4485//4485 4551//4551 4484//4484 
f 4551//4551 4552//4552 4484//4484 
f 4484//4484 4552//4552 4483//4483 
f 4552//4552 4553//4553 4483//4483 
f 4483//4483 4553//4553 4482//4482 
f 4553//4553 4554//4554 4482//4482 
f 4482//4482 4554//4554 4481//4481 
f 4554//4554 4555//4555 4481//4481 
f 4481//4481 4555//4555 4480//4480 
f 4555//4555 4556//4556 4480//4480 
f 4480//4480 4556//4556 4479//4479 
f 4556//4556 4557//4557 4479//4479 
f 4479//4479 4557//4557 4478//4478 
f 4557//4557 4558//4558 4478//4478 
f 4478//4478 4558//4558 4477//4477 
f 4558//4558 4559//4559 4477//4477 
f 4477//4477 4559//4559 4476//4476 
f 4559//4559 4560//4560 4476//4476 
f 4476//4476 4560//4560 4475//4475 
f 4560//4560 4560//4560 4475//4475 
f 4475//4475 4560//4560 4474//4474 
f 4560//4560 4561//4561 4474//4474 
f 4474//4474 4561//4561 4473//4473 
f 4561//4561 4562//4562 4473//4473 
f 4473//4473 4562//4562 4472//4472 
f 4562//4562 4563//4563 4472//4472 
f 4472//4472 4563//4563 4471//4471 
f 4563//4563 4564//4564 4471//4471 
f 4471//4471 4564//4564 4470//4470 
f 4564//4564 4565//4565 4470//4470 
f 4470//4470 4565//4565 4469//4469 
f 4565//4565 4566//4566 4469//4469 
f 4469//4469 4566//4566 4468//4468 
f 4566//4566 4567//4567 4468//4468 
f 4468//4468 4567//4567 4467//4467 
f 4567//4567 4568//4568 4467//4467 
f 4467//4467 4568//4568 4466//4466 
f 4568//4568 4569//4569 4466//4466 
f 4466//4466 4569//4569 4465//4465 
f 4569//4569 4570//4570 4465//4465 
f 4465//4465 4570//4570 4464//4464 
f 4570//4570 4571//4571 4464//4464 
f 4464//4464 4571//4571 4463//4463 
f 4571//4571 4572//4572 4463//4463 
f 4463//4463 4572//4572 4462//4462 
f 4572//4572 4573//4573 4462//4462 
f 4462//4462 4573//4573 4461//4461 
f 4573//4573 4574//4574 4461//4461 
f 4461//4461 4574//4574 4460//4460 
f 4574//4574 4575//4575 4460//4460 
f 4460//4460 4575//4575 4459//4459 
f 4575//4575 4576//4576 4459//4459 
f 4459//4459 4576//4576 4458//4458 
f 4576//4576 4577//4577 4458//4458 
f 4458//4458 4577//4577 4457//4457 
f 4577//4577 4578//4578 4457//4457 
f 4457//4457 4578//4578 4456//4456 
f 4578//4578 4579//4579 4456//4456 
f 4456//4456 4579//4579 4455//4455 
f 4579//4579 4580//4580 4455//4455 
f 4455//4455 4580//4580 4454//4454 
f 4580//4580 4581//4581 4454//4454 
f 4454//4454 4581//4581 4453//4453 
f 4581//4581 4582//4582 4453//4453 
f 4453//4453 4582//4582 4452//4452 
f 4582//4582 4583//4583 4452//4452 
f 4452//4452 4583//4583 4451//4451 
f 4583//4583 4584//4584 4451//4451 
f 4451//4451 4584//4584 4450//4450 
f 4584//4584 4585//4585 4450//4450 
f 4450//4450 4585//4585 4449//4449 
f 4585//4585 4586//4586 4449//4449 
f 4449//4449 4586//4586 4448//4448 
f 4586//4586 4587//4587 4448//4448 
f 4448//4448 4587//4587 4447//4447 
f 4587//4587 4588//4588 4447//4447 
f 4447//4447 4588//4588 4446//4446 
f 4588//4588 4589//4589 4446//4446 
f 4446//4446 4589//4589 4445//4445 
f 4589//4589 4590//4590 4445//4445 
f 4445//4445 4590//4590 4444//4444 
f 4590//4590 4591//4591 4444//4444 
f 4444//4444 4591//4591 4443//4443 
f 4591//4591 4592//4592 4443//4443 
f 4443//4443 4592//4592 4442//4442 
f 4592//4592 4593//4593 4442//4442 
f 4442//4442 4593//4593 4441//4441 
f 4593//4593 4441//4441 4441//4441 
f 4441//4441 4441//4441 4593//4593 
f 4441//4441 4593//4593 4593//4593 
f 4593//4593 4593//4593 4594//4594 
f 4593//4593 4592//4592 4594//4594 
f 4594//4594 4592//4592 4594//4594 
f 4592//4592 4591//4591 4594//4594 
f 4594//4594 4591//4591 4595//4595 
f 4591//4591 4590//4590 4595//4595 
f 4595//4595 4590//4590 4596//4596 
f 4590//4590 4589//4589 4596//4596 
f 4596//4596 4589//4589 4597//4597 
f 4589//4589 4588//4588 4597//4597 
f 4597//4597 4588//4588 4598//4598 
f 4588//4588 4587//4587 4598//4598 
f 4598//4598 4587//4587 4599//4599 
f 4587//4587 4586//4586 4599//4599 
f 4599//4599 4586//4586 4600//4600 
f 4586//4586 4585//4585 4600//4600 
f 4600//4600 4585//4585 4601//4601 
f 4585//4585 4585//4585 4601//4601 
f 4601//4601 4585//4585 4602//4602 
f 4585//4585 4584//4584 4602//4602 
f 4602//4602 4584//4584 4603//4603 
f 4584//4584 4583//4583 4603//4603 
f 4603//4603 4583//4583 4604//4604 
f 4583//4583 4582//4582 4604//4604 
f 4604//4604 4582//4582 4605//4605 
f 4582//4582 4581//4581 4605//4605 
f 4605//4605 4581//4581 4606//4606 
f 4581//4581 4580//4580 4606//4606 
f 4606//4606 4580//4580 4606//4606 
f 4580//4580 4579//4579 4606//4606 
f 4606//4606 4579//4579 4607//4607 
f 4579//4579 4578//4578 4607//4607 
f 4607//4607 4578//4578 4608//4608 
f 4578//4578 4577//4577 4608//4608 
f 4608//4608 4577//4577 4609//4609 
f 4577//4577 4576//4576 4609//4609 
f 4609//4609 4576//4576 4610//4610 
f 4576//4576 4575//4575 4610//4610 
f 4610//4610 4575//4575 4611//4611 
f 4575//4575 4574//4574 4611//4611 
f 4611//4611 4574//4574 4612//4612 
f 4574//4574 4574//4574 4612//4612 
f 4612//4612 4574//4574 4613//4613 
f 4574//4574 4573//4573 4613//4613 
f 4613//4613 4573//4573 4614//4614 
f 4573//4573 4572//4572 4614//4614 
f 4614//4614 4572//4572 4615//4615 
f 4572//4572 4571//4571 4615//4615 
f 4615//4615 4571//4571 4616//4616 
f 4571//4571 4570//4570 4616//4616 
f 4616//4616 4570//4570 4617//4617 
f 4570//4570 4569//4569 4617//4617 
f 4617//4617 4569//4569 4618//4618 
f 4569//4569 4568//4568 4618//4618 
f 4618//4618 4568//4568 4619//4619 
f 4568//4568 4567//4567 4619//4619 
f 4619//4619 4567//4567 4620//4620 
f 4567//4567 4566//4566 4620//4620 
f 4620//4620 4566//4566 4621//4621 
f 4566//4566 4565//4565 4621//4621 
f 4621//4621 4565//4565 4622//4622 
f 4565//4565 4564//4564 4622//4622 
f 4622//4622 4564//4564 4622//4622 
f 4564//4564 4563//4563 4622//4622 
f 4622//4622 4563//4563 4623//4623 
f 4563//4563 4562//4562 4623//4623 
f 4623//4623 4562//4562 4624//4624 
f 4562//4562 4561//4561 4624//4624 
f 4624//4624 4561//4561 4625//4625 
f 4561//4561 4560//4560 4625//4625 
f 4625//4625 4560//4560 4626//4626 
f 4560//4560 4559//4559 4626//4626 
f 4626//4626 4559//4559 4627//4627 
f 4559//4559 4558//4558 4627//4627 
f 4627//4627 4558//4558 4628//4628 
f 4558//4558 4557//4557 4628//4628 
f 4628//4628 4557//4557 4629//4629 
f 4557//4557 4556//4556 4629//4629 
f 4629//4629 4556//4556 4630//4630 
f 4556//4556 4555//4555 4630//4630 
f 4630//4630 4555//4555 4631//4631 
f 4555//4555 4554//4554 4631//4631 
f 4631//4631 4554//4554 4632//4632 
f 4554//4554 4553//4553 4632//4632 
f 4632//4632 4553//4553 4633//4633 
f 4553//4553 4552//4552 4633//4633 
f 4633//4633 4552//4552 4634//4634 
f 4552//4552 4551//4551 4634//4634 
f 4634//4634 4551//4551 4635//4635 
f 4551//4551 4550//4550 4635//4635 
f 4635//4635 4550//4550 4636//4636 
f 4550//4550 4549//4549 4636//4636 
f 4636//4636 4549//4549 4637//4637 
f 4549//4549 4548//4548 4637//4637 
f 4637//4637 4548//4548 4637//4637 
f 4548//4548 4547//4547 4637//4637 
f 4637//4637 4547//4547 4638//4638 
f 4547//4547 4546//4546 4638//4638 
f 4638//4638 4546//4546 4638//4638 
f 4546//4546 4545//4545 4638//4638 
f 4638//4638 4545//4545 4639//4639 
f 4545//4545 4544//4544 4639//4639 
f 4639//4639 4544//4544 4640//4640 
f 4544//4544 4543//4543 4640//4640 
f 4640//4640 4543//4543 4641//4641 
f 4543//4543 4542//4542 4641//4641 
f 4641//4641 4542//4542 4642//4642 
f 4542//4542 4541//4541 4642//4642 
f 4642//4642 4541//4541 4643//4643 
f 4541//4541 4540//4540 4643//4643 
f 4643//4643 4540//4540 4644//4644 
f 4540//4540 4538//4538 4644//4644 
f 4644//4644 4538//4538 4645//4645 
f 4538//4538 4539//4539 4645//4645 
f 4645//4645 4539//4539 4645//4645 
f 4539//4539 4646//4646 4645//4645 
f 4645//4645 4646//4646 4647//4647 
f 4646//4646 4648//4648 4647//4647 
f 4647//4647 4648//4648 4649//4649 
f 4648//4648 4650//4650 4649//4649 
f 4649//4649 4650//4650 4651//4651 
f 4650//4650 4650//4650 4651//4651 
f 4651//4651 4650//4650 4652//4652 
f 4650//4650 4653//4653 4652//4652 
f 4652//4652 4653//4653 4654//4654 
f 4653//4653 4655//4655 4654//4654 
f 4654//4654 4655//4655 4656//4656 
f 4655//4655 4657//4657 4656//4656 
f 4656//4656 4657//4657 4657//4657 
f 4657//4657 4656//4656 4657//4657 
f 4657//4657 4656//4656 4656//4656 
f 4656//4656 4658//4658 4656//4656 
f 4656//4656 4658//4658 4654//4654 
f 4658//4658 4658//4658 4654//4654 
f 4654//4654 4658//4658 4652//4652 
f 4658//4658 4659//4659 4652//4652 
f 4652//4652 4659//4659 4651//4651 
f 4659//4659 4660//4660 4651//4651 
f 4651//4651 4660//4660 4649//4649 
f 4660//4660 4661//4661 4649//4649 
f 4649//4649 4661//4661 4647//4647 
f 4661//4661 4662//4662 4647//4647 
f 4647//4647 4662//4662 4645//4645 
f 4662//4662 4663//4663 4645//4645 
f 4645//4645 4663//4663 4644//4644 
f 4663//4663 4664//4664 4644//4644 
f 4644//4644 4664//4664 4643//4643 
f 4664//4664 4665//4665 4643//4643 
f 4643//4643 4665//4665 4642//4642 
f 4665//4665 4666//4666 4642//4642 
f 4642//4642 4666//4666 4641//4641 
f 4666//4666 4641//4641 4641//4641 
f 4641//4641 4641//4641 4666//4666 
f 4641//4641 4666//4666 4666//4666 
f 4666//4666 4666//4666 4667//4667 
f 4666//4666 4665//4665 4667//4667 
f 4667//4667 4665//4665 4668//4668 
f 4665//4665 4664//4664 4668//4668 
f 4668//4668 4664//4664 4669//4669 
f 4664//4664 4663//4663 4669//4669 
f 4669//4669 4663//4663 4670//4670 
f 4663//4663 4662//4662 4670//4670 
f 4670//4670 4662//4662 4662//4662 
f 4662//4662 4670//4670 4662//4662 
f 4662//4662 4670//4670 4670//4670 
f 4670//4670 4671//4671 4670//4670 
f 4670//4670 4671//4671 4669//4669 
f 4671//4671 4671//4671 4669//4669 
f 4669//4669 4671//4671 4668//4668 
f 4671//4671 4672//4672 4668//4668 
f 4668//4668 4672//4672 4667//4667 
f 4672//4672 4673//4673 4667//4667 
f 4667//4667 4673//4673 4667//4667 
f 4673//4673 4674//4674 4667//4667 
f 4667//4667 4674//4674 4666//4666 
f 4674//4674 4675//4675 4666//4666 
f 4666//4666 4675//4675 4641//4641 
f 4675//4675 4676//4676 4641//4641 
f 4641//4641 4676//4676 4640//4640 
f 4676//4676 4676//4676 4640//4640 
f 4640//4640 4676//4676 4639//4639 
f 4676//4676 4677//4677 4639//4639 
f 4639//4639 4677//4677 4638//4638 
f 4677//4677 4677//4677 4638//4638 
f 4638//4638 4677//4677 4637//4637 
f 4677//4677 4677//4677 4637//4637 
f 4637//4637 4677//4677 4636//4636 
f 4677//4677 4678//4678 4636//4636 
f 4636//4636 4678//4678 4635//4635 
f 4678//4678 4679//4679 4635//4635 
f 4635//4635 4679//4679 4634//4634 
f 4679//4679 4679//4679 4634//4634 
f 4634//4634 4679//4679 4680//4680 
f 4679//4679 4675//4675 4680//4680 
f 4680//4680 4675//4675 4680//4680 
f 4675//4675 4674//4674 4680//4680 
f 4680//4680 4674//4674 4681//4681 
f 4674//4674 4673//4673 4681//4681 
f 4681//4681 4673//4673 4673//4673 
f 4673//4673 4677//4677 4673//4673 
f 4673//4673 4677//4677 4677//4677 
f 4677//4677 4676//4676 4677//4677 
f 4677//4677 4676//4676 4678//4678 
f 4676//4676 4675//4675 4678//4678 
f 4678//4678 4675//4675 4679//4679 
f 4675//4675 4679//4679 4679//4679 
f 4679//4679 4679//4679 4634//4634 
f 4679//4679 4634//4634 4634//4634 
f 4634//4634 4634//4634 4633//4633 
f 4634//4634 4680//4680 4633//4633 
f 4633//4633 4680//4680 4633//4633 
f 4680//4680 4681//4681 4633//4633 
f 4633//4633 4681//4681 4632//4632 
f 4681//4681 4682//4682 4632//4632 
f 4632//4632 4682//4682 4631//4631 
f 4682//4682 4683//4683 4631//4631 
f 4631//4631 4683//4683 4630//4630 
f 4683//4683 4684//4684 4630//4630 
f 4630//4630 4684//4684 4629//4629 
f 4684//4684 4685//4685 4629//4629 
f 4629//4629 4685//4685 4628//4628 
f 4685//4685 4686//4686 4628//4628 
f 4628//4628 4686//4686 4627//4627 
f 4686//4686 4687//4687 4627//4627 
f 4627//4627 4687//4687 4626//4626 
f 4687//4687 4688//4688 4626//4626 
f 4626//4626 4688//4688 4625//4625 
f 4688//4688 4689//4689 4625//4625 
f 4625//4625 4689//4689 4624//4624 
f 4689//4689 4690//4690 4624//4624 
f 4624//4624 4690//4690 4623//4623 
f 4690//4690 4691//4691 4623//4623 
f 4623//4623 4691//4691 4622//4622 
f 4691//4691 4692//4692 4622//4622 
f 4622//4622 4692//4692 4621//4621 
f 4692//4692 4693//4693 4621//4621 
f 4621//4621 4693//4693 4620//4620 
f 4693//4693 4694//4694 4620//4620 
f 4620//4620 4694//4694 4619//4619 
f 4694//4694 4695//4695 4619//4619 
f 4619//4619 4695//4695 4618//4618 
f 4695//4695 4695//4695 4618//4618 
f 4618//4618 4695//4695 4617//4617 
f 4695//4695 4696//4696 4617//4617 
f 4617//4617 4696//4696 4616//4616 
f 4696//4696 4697//4697 4616//4616 
f 4616//4616 4697//4697 4616//4616 
f 4697//4697 4698//4698 4616//4616 
f 4616//4616 4698//4698 4615//4615 
f 4698//4698 4699//4699 4615//4615 
f 4615//4615 4699//4699 4614//4614 
f 4699//4699 4700//4700 4614//4614 
f 4614//4614 4700//4700 4613//4613 
f 4700//4700 4613//4613 4613//4613 
f 4613//4613 4613//4613 4700//4700 
f 4613//4613 4700//4700 4700//4700 
f 4700//4700 4700//4700 4701//4701 
f 4700//4700 4699//4699 4701//4701 
f 4701//4701 4699//4699 4701//4701 
f 4699//4699 4698//4698 4701//4701 
f 4701//4701 4698//4698 4702//4702 
f 4698//4698 4697//4697 4702//4702 
f 4702//4702 4697//4697 4703//4703 
f 4697//4697 4696//4696 4703//4703 
f 4703//4703 4696//4696 4704//4704 
f 4696//4696 4695//4695 4704//4704 
f 4704//4704 4695//4695 4705//4705 
f 4695//4695 4694//4694 4705//4705 
f 4705//4705 4694//4694 4706//4706 
f 4694//4694 4693//4693 4706//4706 
f 4706//4706 4693//4693 4707//4707 
f 4693//4693 4692//4692 4707//4707 
f 4707//4707 4692//4692 4708//4708 
f 4692//4692 4691//4691 4708//4708 
f 4708//4708 4691//4691 4691//4691 
f 4691//4691 4708//4708 4691//4691 
f 4691//4691 4708//4708 4708//4708 
f 4708//4708 4709//4709 4708//4708 
f 4708//4708 4709//4709 4707//4707 
f 4709//4709 4710//4710 4707//4707 
f 4707//4707 4710//4710 4706//4706 
f 4710//4710 4711//4711 4706//4706 
f 4706//4706 4711//4711 4705//4705 
f 4711//4711 4712//4712 4705//4705 
f 4705//4705 4712//4712 4704//4704 
f 4712//4712 4713//4713 4704//4704 
f 4704//4704 4713//4713 4703//4703 
f 4713//4713 4714//4714 4703//4703 
f 4703//4703 4714//4714 4702//4702 
f 4714//4714 4715//4715 4702//4702 
f 4702//4702 4715//4715 4701//4701 
f 4715//4715 4716//4716 4701//4701 
f 4701//4701 4716//4716 4700//4700 
f 4716//4716 4717//4717 4700//4700 
f 4700//4700 4717//4717 4700//4700 
f 4717//4717 4718//4718 4700//4700 
f 4700//4700 4718//4718 4613//4613 
f 4718//4718 4718//4718 4613//4613 
f 4613//4613 4718//4718 4612//4612 
f 4718//4718 4719//4719 4612//4612 
f 4612//4612 4719//4719 4611//4611 
f 4719//4719 4720//4720 4611//4611 
f 4611//4611 4720//4720 4610//4610 
f 4720//4720 4721//4721 4610//4610 
f 4610//4610 4721//4721 4609//4609 
f 4721//4721 4722//4722 4609//4609 
f 4609//4609 4722//4722 4608//4608 
f 4722//4722 4723//4723 4608//4608 
f 4608//4608 4723//4723 4607//4607 
f 4723//4723 4724//4724 4607//4607 
f 4607//4607 4724//4724 4606//4606 
f 4724//4724 4725//4725 4606//4606 
f 4606//4606 4725//4725 4605//4605 
f 4725//4725 4726//4726 4605//4605 
f 4605//4605 4726//4726 4604//4604 
f 4726//4726 4727//4727 4604//4604 
f 4604//4604 4727//4727 4603//4603 
f 4727//4727 4728//4728 4603//4603 
f 4603//4603 4728//4728 4602//4602 
f 4728//4728 4729//4729 4602//4602 
f 4602//4602 4729//4729 4601//4601 
f 4729//4729 4730//4730 4601//4601 
f 4601//4601 4730//4730 4600//4600 
f 4730//4730 4731//4731 4600//4600 
f 4600//4600 4731//4731 4599//4599 
f 4731//4731 4732//4732 4599//4599 
f 4599//4599 4732//4732 4598//4598 
f 4732//4732 4733//4733 4598//4598 
f 4598//4598 4733//4733 4597//4597 
f 4733//4733 4734//4734 4597//4597 
f 4597//4597 4734//4734 4596//4596 
f 4734//4734 4735//4735 4596//4596 
f 4596//4596 4735//4735 4595//4595 
f 4735//4735 4736//4736 4595//4595 
f 4595//4595 4736//4736 4594//4594 
f 4736//4736 4737//4737 4594//4594 
f 4594//4594 4737//4737 4594//4594 
f 4737//4737 4738//4738 4594//4594 
f 4594//4594 4738//4738 4593//4593 
f 4738//4738 4739//4739 4593//4593 
f 4593//4593 4739//4739 4441//4441 
f 4739//4739 4740//4740 4441//4441 
f 4441//4441 4740//4740 4440//4440 
f 4740//4740 4741//4741 4440//4440 
f 4440//4440 4741//4741 4439//4439 
f 4741//4741 4742//4742 4439//4439 
f 4439//4439 4742//4742 4438//4438 
f 4742//4742 4743//4743 4438//4438 
f 4438//4438 4743//4743 4437//4437 
f 4743//4743 4744//4744 4437//4437 
f 4437//4437 4744//4744 4436//4436 
f 4744//4744 4745//4745 4436//4436 
f 4436//4436 4745//4745 4435//4435 
f 4745//4745 4746//4746 4435//4435 
f 4435//4435 4746//4746 4434//4434 
f 4746//4746 4747//4747 4434//4434 
f 4434//4434 4747//4747 4433//4433 
f 4747//4747 4748//4748 4433//4433 
f 4433//4433 4748//4748 4432//4432 
f 4748//4748 4749//4749 4432//4432 
f 4432//4432 4749//4749 4431//4431 
f 4749//4749 4750//4750 4431//4431 
f 4431//4431 4750//4750 4430//4430 
f 4750//4750 4751//4751 4430//4430 
f 4430//4430 4751//4751 4429//4429 
f 4751//4751 4752//4752 4429//4429 
f 4429//4429 4752//4752 4428//4428 
f 4752//4752 4752//4752 4428//4428 
f 4428//4428 4752//4752 4427//4427 
f 4752//4752 4753//4753 4427//4427 
f 4427//4427 4753//4753 4426//4426 
f 4753//4753 4754//4754 4426//4426 
f 4426//4426 4754//4754 4425//4425 
f 4754//4754 4755//4755 4425//4425 
f 4425//4425 4755//4755 4424//4424 
f 4755//4755 4756//4756 4424//4424 
f 4424//4424 4756//4756 4423//4423 
f 4756//4756 4757//4757 4423//4423 
f 4423//4423 4757//4757 4422//4422 
f 4757//4757 4758//4758 4422//4422 
f 4422//4422 4758//4758 4421//4421 
f 4758//4758 4759//4759 4421//4421 
f 4421//4421 4759//4759 4420//4420 
f 4759//4759 4760//4760 4420//4420 
f 4420//4420 4760//4760 4419//4419 
f 4760//4760 4760//4760 4419//4419 
f 4419//4419 4760//4760 1291//1291 
f 4760//4760 4760//4760 1291//1291 
f 1291//1291 4760//4760 1265//1265 
f 4760//4760 4760//4760 1265//1265 
f 1265//1265 4760//4760 1264//1264 
f 4760//4760 4760//4760 1264//1264 
f 1264//1264 4760//4760 4761//4761 
f 4760//4760 4759//4759 4761//4761 
f 4761//4761 4759//4759 4761//4761 
f 4759//4759 4758//4758 4761//4761 
f 4761//4761 4758//4758 4762//4762 
f 4758//4758 4757//4757 4762//4762 
f 4762//4762 4757//4757 4763//4763 
f 4757//4757 4756//4756 4763//4763 
f 4763//4763 4756//4756 4764//4764 
f 4756//4756 4756//4756 4764//4764 
f 4764//4764 4756//4756 4765//4765 
f 4756//4756 4755//4755 4765//4765 
f 4765//4765 4755//4755 4766//4766 
f 4755//4755 4754//4754 4766//4766 
f 4766//4766 4754//4754 4767//4767 
f 4754//4754 4753//4753 4767//4767 
f 4767//4767 4753//4753 4768//4768 
f 4753//4753 4752//4752 4768//4768 
f 4768//4768 4752//4752 4768//4768 
f 4752//4752 4751//4751 4768//4768 
f 4768//4768 4751//4751 4769//4769 
f 4751//4751 4750//4750 4769//4769 
f 4769//4769 4750//4750 4770//4770 
f 4750//4750 4749//4749 4770//4770 
f 4770//4770 4749//4749 4771//4771 
f 4749//4749 4748//4748 4771//4771 
f 4771//4771 4748//4748 4772//4772 
f 4748//4748 4747//4747 4772//4772 
f 4772//4772 4747//4747 4773//4773 
f 4747//4747 4746//4746 4773//4773 
f 4773//4773 4746//4746 4774//4774 
f 4746//4746 4745//4745 4774//4774 
f 4774//4774 4745//4745 4775//4775 
f 4745//4745 4744//4744 4775//4775 
f 4775//4775 4744//4744 4776//4776 
f 4744//4744 4743//4743 4776//4776 
f 4776//4776 4743//4743 4777//4777 
f 4743//4743 4742//4742 4777//4777 
f 4777//4777 4742//4742 4778//4778 
f 4742//4742 4741//4741 4778//4778 
f 4778//4778 4741//4741 4779//4779 
f 4741//4741 4740//4740 4779//4779 
f 4779//4779 4740//4740 4780//4780 
f 4740//4740 4739//4739 4780//4780 
f 4780//4780 4739//4739 4781//4781 
f 4739//4739 4738//4738 4781//4781 
f 4781//4781 4738//4738 4782//4782 
f 4738//4738 4737//4737 4782//4782 
f 4782//4782 4737//4737 4737//4737 
f 4737//4737 4782//4782 4737//4737 
f 4737//4737 4782//4782 4782//4782 
f 4782//4782 4783//4783 4782//4782 
f 4782//4782 4783//4783 4781//4781 
f 4783//4783 4783//4783 4781//4781 
f 4781//4781 4783//4783 4780//4780 
f 4783//4783 4784//4784 4780//4780 
f 4780//4780 4784//4784 4779//4779 
f 4784//4784 4785//4785 4779//4779 
f 4779//4779 4785//4785 4778//4778 
f 4785//4785 4786//4786 4778//4778 
f 4778//4778 4786//4786 4777//4777 
f 4786//4786 4787//4787 4777//4777 
f 4777//4777 4787//4787 4776//4776 
f 4787//4787 4788//4788 4776//4776 
f 4776//4776 4788//4788 4775//4775 
f 4788//4788 4788//4788 4775//4775 
f 4775//4775 4788//4788 4774//4774 
f 4788//4788 4789//4789 4774//4774 
f 4774//4774 4789//4789 4773//4773 
f 4789//4789 4790//4790 4773//4773 
f 4773//4773 4790//4790 4772//4772 
f 4790//4790 4791//4791 4772//4772 
f 4772//4772 4791//4791 4771//4771 
f 4791//4791 4792//4792 4771//4771 
f 4771//4771 4792//4792 4770//4770 
f 4792//4792 4793//4793 4770//4770 
f 4770//4770 4793//4793 4770//4770 
f 4793//4793 4794//4794 4770//4770 
f 4770//4770 4794//4794 4769//4769 
f 4794//4794 4794//4794 4769//4769 
f 4769//4769 4794//4794 4768//4768 
f 4794//4794 4795//4795 4768//4768 
f 4768//4768 4795//4795 4767//4767 
f 4795//4795 4796//4796 4767//4767 
f 4767//4767 4796//4796 4767//4767 
f 4796//4796 4797//4797 4767//4767 
f 4767//4767 4797//4797 4766//4766 
f 4797//4797 4798//4798 4766//4766 
f 4766//4766 4798//4798 4765//4765 
f 4798//4798 4799//4799 4765//4765 
f 4765//4765 4799//4799 4764//4764 
f 4799//4799 4800//4800 4764//4764 
f 4764//4764 4800//4800 4763//4763 
f 4800//4800 4801//4801 4763//4763 
f 4763//4763 4801//4801 4762//4762 
f 4801//4801 4802//4802 4762//4762 
f 4762//4762 4802//4802 4761//4761 
f 4802//4802 1263//1263 4761//4761 
f 4761//4761 1263//1263 1264//1264 
f 1263//1263 1264//1264 1264//1264 
f 1264//1264 1264//1264 1263//1263 
f 1264//1264 1263//1263 1263//1263 
f 1263//1263 1263//1263 1231//1231 
f 1263//1263 4802//4802 1231//1231 
f 1231//1231 4802//4802 1231//1231 
f 4802//4802 4801//4801 1231//1231 
f 1231//1231 4801//4801 1230//1230 
f 4801//4801 4800//4800 1230//1230 
f 1230//1230 4800//4800 1229//1229 
f 4800//4800 4799//4799 1229//1229 
f 1229//1229 4799//4799 1228//1228 
f 4799//4799 4798//4798 1228//1228 
f 1228//1228 4798//4798 1227//1227 
f 4798//4798 4797//4797 1227//1227 
f 1227//1227 4797//4797 1226//1226 
f 4797//4797 4797//4797 1226//1226 
f 1226//1226 4797//4797 1225//1225 
f 4797//4797 4796//4796 1225//1225 
f 1225//1225 4796//4796 1224//1224 
f 4796//4796 4795//4795 1224//1224 
f 1224//1224 4795//4795 1223//1223 
f 4795//4795 4794//4794 1223//1223 
f 1223//1223 4794//4794 1222//1222 
f 4794//4794 4793//4793 1222//1222 
f 1222//1222 4793//4793 1221//1221 
f 4793//4793 4792//4792 1221//1221 
f 1221//1221 4792//4792 1220//1220 
f 4792//4792 4791//4791 1220//1220 
f 1220//1220 4791//4791 1219//1219 
f 4791//4791 4790//4790 1219//1219 
f 1219//1219 4790//4790 4803//4803 
f 4790//4790 4789//4789 4803//4803 
f 4803//4803 4789//4789 4804//4804 
f 4789//4789 4788//4788 4804//4804 
f 4804//4804 4788//4788 4804//4804 
f 4788//4788 4787//4787 4804//4804 
f 4804//4804 4787//4787 4805//4805 
f 4787//4787 4786//4786 4805//4805 
f 4805//4805 4786//4786 4806//4806 
f 4786//4786 4785//4785 4806//4806 
f 4806//4806 4785//4785 4807//4807 
f 4785//4785 4784//4784 4807//4807 
f 4807//4807 4784//4784 4808//4808 
f 4784//4784 4783//4783 4808//4808 
f 4808//4808 4783//4783 4809//4809 
f 4783//4783 4782//4782 4809//4809 
f 4809//4809 4782//4782 4810//4810 
f 4782//4782 4737//4737 4810//4810 
f 4810//4810 4737//4737 4811//4811 
f 4737//4737 4736//4736 4811//4811 
f 4811//4811 4736//4736 4812//4812 
f 4736//4736 4735//4735 4812//4812 
f 4812//4812 4735//4735 4813//4813 
f 4735//4735 4734//4734 4813//4813 
f 4813//4813 4734//4734 4814//4814 
f 4734//4734 4733//4733 4814//4814 
f 4814//4814 4733//4733 4815//4815 
f 4733//4733 4732//4732 4815//4815 
f 4815//4815 4732//4732 4816//4816 
f 4732//4732 4731//4731 4816//4816 
f 4816//4816 4731//4731 4817//4817 
f 4731//4731 4730//4730 4817//4817 
f 4817//4817 4730//4730 4818//4818 
f 4730//4730 4729//4729 4818//4818 
f 4818//4818 4729//4729 4819//4819 
f 4729//4729 4728//4728 4819//4819 
f 4819//4819 4728//4728 4820//4820 
f 4728//4728 4727//4727 4820//4820 
f 4820//4820 4727//4727 4821//4821 
f 4727//4727 4726//4726 4821//4821 
f 4821//4821 4726//4726 4822//4822 
f 4726//4726 4725//4725 4822//4822 
f 4822//4822 4725//4725 4823//4823 
f 4725//4725 4724//4724 4823//4823 
f 4823//4823 4724//4724 4824//4824 
f 4724//4724 4723//4723 4824//4824 
f 4824//4824 4723//4723 4825//4825 
f 4723//4723 4722//4722 4825//4825 
f 4825//4825 4722//4722 4826//4826 
f 4722//4722 4721//4721 4826//4826 
f 4826//4826 4721//4721 4827//4827 
f 4721//4721 4720//4720 4827//4827 
f 4827//4827 4720//4720 4828//4828 
f 4720//4720 4719//4719 4828//4828 
f 4828//4828 4719//4719 4829//4829 
f 4719//4719 4718//4718 4829//4829 
f 4829//4829 4718//4718 4829//4829 
f 4718//4718 4717//4717 4829//4829 
f 4829//4829 4717//4717 4830//4830 
f 4717//4717 4831//4831 4830//4830 
f 4830//4830 4831//4831 4832//4832 
f 4831//4831 4831//4831 4832//4832 
f 4832//4832 4831//4831 4833//4833 
f 4831//4831 4831//4831 4833//4833 
f 4833//4833 4831//4831 4715//4715 
f 4831//4831 4831//4831 4715//4715 
f 4715//4715 4831//4831 4716//4716 
f 4831//4831 4717//4717 4716//4716 
f 4716//4716 4717//4717 4717//4717 
f 4717//4717 1219//1219 4717//4717 
f 4717//4717 1219//1219 1219//1219 
f 1219//1219 4803//4803 1219//1219 
f 1219//1219 4803//4803 1218//1218 
f 4803//4803 4804//4804 1218//1218 
f 1218//1218 4804//4804 4804//4804 
f 4804//4804 4832//4832 4804//4804 
f 4804//4804 4832//4832 4832//4832 
f 4832//4832 4834//4834 4832//4832 
f 4832//4832 4834//4834 4830//4830 
f 4834//4834 4835//4835 4830//4830 
f 4830//4830 4835//4835 4829//4829 
f 4835//4835 4836//4836 4829//4829 
f 4829//4829 4836//4836 4828//4828 
f 4836//4836 4828//4828 4828//4828 
f 4828//4828 4828//4828 4836//4836 
f 4828//4828 4836//4836 4836//4836 
f 4836//4836 4836//4836 4837//4837 
f 4836//4836 4835//4835 4837//4837 
f 4837//4837 4835//4835 4837//4837 
f 4835//4835 4834//4834 4837//4837 
f 4837//4837 4834//4834 4838//4838 
f 4834//4834 4834//4834 4838//4838 
f 4838//4838 4834//4834 4839//4839 
f 4834//4834 4832//4832 4839//4839 
f 4839//4839 4832//4832 4840//4840 
f 4832//4832 4833//4833 4840//4840 
f 4840//4840 4833//4833 4841//4841 
f 4833//4833 4842//4842 4841//4841 
f 4841//4841 4842//4842 4843//4843 
f 4842//4842 4844//4844 4843//4843 
f 4843//4843 4844//4844 4845//4845 
f 4844//4844 4844//4844 4845//4845 
f 4845//4845 4844//4844 4846//4846 
f 4844//4844 4712//4712 4846//4846 
f 4846//4846 4712//4712 4846//4846 
f 4712//4712 4711//4711 4846//4846 
f 4846//4846 4711//4711 4847//4847 
f 4711//4711 4710//4710 4847//4847 
f 4847//4847 4710//4710 4710//4710 
f 4710//4710 4833//4833 4710//4710 
f 4710//4710 4833//4833 4833//4833 
f 4833//4833 4715//4715 4833//4833 
f 4833//4833 4715//4715 4842//4842 
f 4715//4715 4714//4714 4842//4842 
f 4842//4842 4714//4714 4842//4842 
f 4714//4714 4713//4713 4842//4842 
f 4842//4842 4713//4713 4844//4844 
f 4713//4713 4712//4712 4844//4844 
f 4844//4844 4712//4712 4712//4712 
f 4712//4712 4847//4847 4712//4712 
f 4712//4712 4847//4847 4847//4847 
f 4847//4847 4848//4848 4847//4847 
f 4847//4847 4848//4848 4846//4846 
f 4848//4848 4845//4845 4846//4846 
f 4846//4846 4845//4845 4845//4845 
f 4845//4845 4848//4848 4845//4845 
f 4845//4845 4848//4848 4848//4848 
f 4848//4848 4847//4847 4848//4848 
f 4848//4848 4847//4847 4849//4849 
f 4847//4847 4710//4710 4849//4849 
f 4849//4849 4710//4710 4849//4849 
f 4710//4710 4709//4709 4849//4849 
f 4849//4849 4709//4709 4850//4850 
f 4709//4709 4709//4709 4850//4850 
f 4850//4850 4709//4709 4851//4851 
f 4709//4709 4708//4708 4851//4851 
f 4851//4851 4708//4708 4852//4852 
f 4708//4708 4691//4691 4852//4852 
f 4852//4852 4691//4691 4853//4853 
f 4691//4691 4690//4690 4853//4853 
f 4853//4853 4690//4690 4854//4854 
f 4690//4690 4689//4689 4854//4854 
f 4854//4854 4689//4689 4855//4855 
f 4689//4689 4688//4688 4855//4855 
f 4855//4855 4688//4688 4856//4856 
f 4688//4688 4687//4687 4856//4856 
f 4856//4856 4687//4687 4857//4857 
f 4687//4687 4686//4686 4857//4857 
f 4857//4857 4686//4686 4857//4857 
f 4686//4686 4685//4685 4857//4857 
f 4857//4857 4685//4685 4858//4858 
f 4685//4685 4684//4684 4858//4858 
f 4858//4858 4684//4684 4859//4859 
f 4684//4684 4683//4683 4859//4859 
f 4859//4859 4683//4683 4860//4860 
f 4683//4683 4682//4682 4860//4860 
f 4860//4860 4682//4682 4861//4861 
f 4682//4682 4681//4681 4861//4861 
f 4861//4861 4681//4681 4861//4861 
f 4681//4681 4673//4673 4861//4861 
f 4861//4861 4673//4673 4861//4861 
f 4673//4673 4672//4672 4861//4861 
f 4861//4861 4672//4672 4862//4862 
f 4672//4672 4671//4671 4862//4862 
f 4862//4862 4671//4671 4671//4671 
f 4671//4671 4861//4861 4671//4671 
f 4671//4671 4861//4861 4861//4861 
f 4861//4861 4862//4862 4861//4861 
f 4861//4861 4862//4862 4860//4860 
f 4862//4862 4863//4863 4860//4860 
f 4860//4860 4863//4863 4859//4859 
f 4863//4863 4864//4864 4859//4859 
f 4859//4859 4864//4864 4858//4858 
f 4864//4864 4865//4865 4858//4858 
f 4858//4858 4865//4865 4857//4857 
f 4865//4865 4866//4866 4857//4857 
f 4857//4857 4866//4866 4856//4856 
f 4866//4866 4866//4866 4856//4856 
f 4856//4856 4866//4866 4855//4855 
f 4866//4866 4867//4867 4855//4855 
f 4855//4855 4867//4867 4854//4854 
f 4867//4867 4868//4868 4854//4854 
f 4854//4854 4868//4868 4853//4853 
f 4868//4868 4869//4869 4853//4853 
f 4853//4853 4869//4869 4852//4852 
f 4869//4869 4870//4870 4852//4852 
f 4852//4852 4870//4870 4851//4851 
f 4870//4870 4871//4871 4851//4851 
f 4851//4851 4871//4871 4850//4850 
f 4871//4871 4850//4850 4850//4850 
f 4850//4850 4850//4850 4871//4871 
f 4850//4850 4871//4871 4871//4871 
f 4871//4871 4871//4871 4872//4872 
f 4871//4871 4870//4870 4872//4872 
f 4872//4872 4870//4870 4872//4872 
f 4870//4870 4869//4869 4872//4872 
f 4872//4872 4869//4869 4873//4873 
f 4869//4869 4869//4869 4873//4873 
f 4873//4873 4869//4869 4874//4874 
f 4869//4869 4868//4868 4874//4874 
f 4874//4874 4868//4868 4875//4875 
f 4868//4868 4867//4867 4875//4875 
f 4875//4875 4867//4867 4876//4876 
f 4867//4867 4866//4866 4876//4876 
f 4876//4876 4866//4866 4877//4877 
f 4866//4866 4865//4865 4877//4877 
f 4877//4877 4865//4865 4877//4877 
f 4865//4865 4864//4864 4877//4877 
f 4877//4877 4864//4864 4878//4878 
f 4864//4864 4863//4863 4878//4878 
f 4878//4878 4863//4863 4879//4879 
f 4863//4863 4862//4862 4879//4879 
f 4879//4879 4862//4862 4879//4879 
f 4862//4862 4671//4671 4879//4879 
f 4879//4879 4671//4671 4879//4879 
f 4671//4671 4670//4670 4879//4879 
f 4879//4879 4670//4670 4879//4879 
f 4670//4670 4880//4880 4879//4879 
f 4879//4879 4880//4880 4878//4878 
f 4880//4880 4880//4880 4878//4878 
f 4878//4878 4880//4880 4877//4877 
f 4880//4880 4881//4881 4877//4877 
f 4877//4877 4881//4881 4876//4876 
f 4881//4881 4882//4882 4876//4876 
f 4876//4876 4882//4882 4875//4875 
f 4882//4882 4883//4883 4875//4875 
f 4875//4875 4883//4883 4874//4874 
f 4883//4883 4884//4884 4874//4874 
f 4874//4874 4884//4884 4874//4874 
f 4884//4884 4885//4885 4874//4874 
f 4874//4874 4885//4885 4873//4873 
f 4885//4885 4886//4886 4873//4873 
f 4873//4873 4886//4886 4872//4872 
f 4886//4886 4887//4887 4872//4872 
f 4872//4872 4887//4887 4871//4871 
f 4887//4887 4888//4888 4871//4871 
f 4871//4871 4888//4888 4850//4850 
f 4888//4888 4889//4889 4850//4850 
f 4850//4850 4889//4889 4849//4849 
f 4889//4889 4889//4889 4849//4849 
f 4849//4849 4889//4889 4848//4848 
f 4889//4889 4890//4890 4848//4848 
f 4848//4848 4890//4890 4845//4845 
f 4890//4890 4845//4845 4845//4845 
f 4845//4845 4845//4845 4890//4890 
f 4845//4845 4890//4890 4890//4890 
f 4890//4890 4890//4890 4891//4891 
f 4890//4890 4889//4889 4891//4891 
f 4891//4891 4889//4889 4891//4891 
f 4889//4889 4888//4888 4891//4891 
f 4891//4891 4888//4888 4892//4892 
f 4888//4888 4887//4887 4892//4892 
f 4892//4892 4887//4887 4893//4893 
f 4887//4887 4886//4886 4893//4893 
f 4893//4893 4886//4886 4894//4894 
f 4886//4886 4885//4885 4894//4894 
f 4894//4894 4885//4885 4895//4895 
f 4885//4885 4884//4884 4895//4895 
f 4895//4895 4884//4884 4896//4896 
f 4884//4884 4883//4883 4896//4896 
f 4896//4896 4883//4883 4658//4658 
f 4883//4883 4883//4883 4658//4658 
f 4658//4658 4883//4883 4659//4659 
f 4883//4883 4882//4882 4659//4659 
f 4659//4659 4882//4882 4660//4660 
f 4882//4882 4881//4881 4660//4660 
f 4660//4660 4881//4881 4661//4661 
f 4881//4881 4880//4880 4661//4661 
f 4661//4661 4880//4880 4662//4662 
f 4880//4880 4670//4670 4662//4662 
f 4662//4662 4670//4670 4670//4670 
f 4670//4670 4658//4658 4670//4670 
f 4670//4670 4658//4658 4658//4658 
f 4658//4658 4656//4656 4658//4658 
f 4658//4658 4656//4656 4896//4896 
f 4656//4656 4897//4897 4896//4896 
f 4896//4896 4897//4897 4895//4895 
f 4897//4897 4898//4898 4895//4895 
f 4895//4895 4898//4898 4894//4894 
f 4898//4898 4899//4899 4894//4894 
f 4894//4894 4899//4899 4893//4893 
f 4899//4899 4900//4900 4893//4893 
f 4893//4893 4900//4900 4892//4892 
f 4900//4900 4901//4901 4892//4892 
f 4892//4892 4901//4901 4891//4891 
f 4901//4901 4901//4901 4891//4891 
f 4891//4891 4901//4901 4890//4890 
f 4901//4901 4902//4902 4890//4890 
f 4890//4890 4902//4902 4890//4890 
f 4902//4902 4903//4903 4890//4890 
f 4890//4890 4903//4903 4845//4845 
f 4903//4903 4903//4903 4845//4845 
f 4845//4845 4903//4903 4843//4843 
f 4903//4903 4904//4904 4843//4843 
f 4843//4843 4904//4904 4841//4841 
f 4904//4904 4905//4905 4841//4841 
f 4841//4841 4905//4905 4840//4840 
f 4905//4905 4906//4906 4840//4840 
f 4840//4840 4906//4906 4839//4839 
f 4906//4906 4907//4907 4839//4839 
f 4839//4839 4907//4907 4838//4838 
f 4907//4907 4908//4908 4838//4838 
f 4838//4838 4908//4908 4838//4838 
f 4908//4908 4909//4909 4838//4838 
f 4838//4838 4909//4909 4837//4837 
f 4909//4909 4910//4910 4837//4837 
f 4837//4837 4910//4910 4836//4836 
f 4910//4910 4911//4911 4836//4836 
f 4836//4836 4911//4911 4836//4836 
f 4911//4911 4912//4912 4836//4836 
f 4836//4836 4912//4912 4828//4828 
f 4912//4912 4912//4912 4828//4828 
f 4828//4828 4912//4912 4827//4827 
f 4912//4912 4913//4913 4827//4827 
f 4827//4827 4913//4913 4826//4826 
f 4913//4913 4914//4914 4826//4826 
f 4826//4826 4914//4914 4825//4825 
f 4914//4914 4915//4915 4825//4825 
f 4825//4825 4915//4915 4824//4824 
f 4915//4915 4916//4916 4824//4824 
f 4824//4824 4916//4916 4823//4823 
f 4916//4916 4917//4917 4823//4823 
f 4823//4823 4917//4917 4822//4822 
f 4917//4917 4918//4918 4822//4822 
f 4822//4822 4918//4918 4821//4821 
f 4918//4918 4918//4918 4821//4821 
f 4821//4821 4918//4918 4820//4820 
f 4918//4918 4919//4919 4820//4820 
f 4820//4820 4919//4919 4819//4819 
f 4919//4919 4920//4920 4819//4819 
f 4819//4819 4920//4920 4819//4819 
f 4920//4920 4921//4921 4819//4819 
f 4819//4819 4921//4921 4818//4818 
f 4921//4921 4922//4922 4818//4818 
f 4818//4818 4922//4922 4817//4817 
f 4922//4922 4923//4923 4817//4817 
f 4817//4817 4923//4923 4816//4816 
f 4923//4923 4924//4924 4816//4816 
f 4816//4816 4924//4924 4815//4815 
f 4924//4924 4925//4925 4815//4815 
f 4815//4815 4925//4925 4814//4814 
f 4925//4925 4926//4926 4814//4814 
f 4814//4814 4926//4926 4813//4813 
f 4926//4926 4927//4927 4813//4813 
f 4813//4813 4927//4927 4812//4812 
f 4927//4927 4928//4928 4812//4812 
f 4812//4812 4928//4928 4811//4811 
f 4928//4928 4929//4929 4811//4811 
f 4811//4811 4929//4929 4810//4810 
f 4929//4929 4930//4930 4810//4810 
f 4810//4810 4930//4930 4809//4809 
f 4930//4930 4931//4931 4809//4809 
f 4809//4809 4931//4931 4808//4808 
f 4931//4931 4932//4932 4808//4808 
f 4808//4808 4932//4932 4807//4807 
f 4932//4932 4933//4933 4807//4807 
f 4807//4807 4933//4933 4806//4806 
f 4933//4933 4934//4934 4806//4806 
f 4806//4806 4934//4934 4805//4805 
f 4934//4934 4935//4935 4805//4805 
f 4805//4805 4935//4935 4804//4804 
f 4935//4935 4935//4935 4804//4804 
f 4804//4804 4935//4935 1218//1218 
f 4935//4935 4935//4935 1218//1218 
f 1218//1218 4935//4935 1158//1158 
f 4935//4935 4936//4936 1158//1158 
f 1158//1158 4936//4936 1157//1157 
f 4936//4936 1157//1157 1157//1157 
f 1157//1157 1157//1157 4656//4656 
f 1157//1157 4656//4656 4656//4656 
f 4656//4656 4656//4656 4897//4897 
f 4656//4656 4657//4657 4897//4897 
f 4897//4897 4657//4657 4897//4897 
f 4657//4657 4937//4937 4897//4897 
f 4897//4897 4937//4937 4897//4897 
f 4937//4937 4938//4938 4897//4897 
f 4897//4897 4938//4938 4898//4898 
f 4938//4938 4898//4898 4898//4898 
f 4898//4898 4898//4898 4935//4935 
f 4898//4898 4935//4935 4935//4935 
f 4935//4935 4935//4935 4936//4936 
f 4935//4935 4934//4934 4936//4936 
f 4936//4936 4934//4934 4939//4939 
f 4934//4934 4933//4933 4939//4939 
f 4939//4939 4933//4933 4940//4940 
f 4933//4933 4932//4932 4940//4940 
f 4940//4940 4932//4932 4941//4941 
f 4932//4932 4931//4931 4941//4941 
f 4941//4941 4931//4931 4942//4942 
f 4931//4931 4931//4931 4942//4942 
f 4942//4942 4931//4931 4943//4943 
f 4931//4931 4930//4930 4943//4943 
f 4943//4943 4930//4930 4944//4944 
f 4930//4930 4929//4929 4944//4944 
f 4944//4944 4929//4929 4945//4945 
f 4929//4929 4928//4928 4945//4945 
f 4945//4945 4928//4928 4945//4945 
f 4928//4928 4927//4927 4945//4945 
f 4945//4945 4927//4927 4946//4946 
f 4927//4927 4926//4926 4946//4946 
f 4946//4946 4926//4926 4947//4947 
f 4926//4926 4925//4925 4947//4947 
f 4947//4947 4925//4925 4948//4948 
f 4925//4925 4924//4924 4948//4948 
f 4948//4948 4924//4924 4949//4949 
f 4924//4924 4923//4923 4949//4949 
f 4949//4949 4923//4923 4950//4950 
f 4923//4923 4922//4922 4950//4950 
f 4950//4950 4922//4922 4951//4951 
f 4922//4922 4921//4921 4951//4951 
f 4951//4951 4921//4921 4952//4952 
f 4921//4921 4921//4921 4952//4952 
f 4952//4952 4921//4921 4953//4953 
f 4921//4921 4920//4920 4953//4953 
f 4953//4953 4920//4920 4954//4954 
f 4920//4920 4919//4919 4954//4954 
f 4954//4954 4919//4919 4955//4955 
f 4919//4919 4918//4918 4955//4955 
f 4955//4955 4918//4918 4956//4956 
f 4918//4918 4917//4917 4956//4956 
f 4956//4956 4917//4917 4957//4957 
f 4917//4917 4916//4916 4957//4957 
f 4957//4957 4916//4916 4957//4957 
f 4916//4916 4915//4915 4957//4957 
f 4957//4957 4915//4915 4958//4958 
f 4915//4915 4914//4914 4958//4958 
f 4958//4958 4914//4914 4959//4959 
f 4914//4914 4913//4913 4959//4959 
f 4959//4959 4913//4913 4960//4960 
f 4913//4913 4912//4912 4960//4960 
f 4960//4960 4912//4912 4960//4960 
f 4912//4912 4911//4911 4960//4960 
f 4960//4960 4911//4911 4960//4960 
f 4911//4911 4961//4961 4960//4960 
f 4960//4960 4961//4961 4960//4960 
f 4961//4961 4962//4962 4960//4960 
f 4960//4960 4962//4962 4959//4959 
f 4962//4962 4963//4963 4959//4959 
f 4959//4959 4963//4963 4958//4958 
f 4963//4963 4964//4964 4958//4958 
f 4958//4958 4964//4964 4957//4957 
f 4964//4964 4965//4965 4957//4957 
f 4957//4957 4965//4965 4956//4956 
f 4965//4965 4966//4966 4956//4956 
f 4956//4956 4966//4966 4955//4955 
f 4966//4966 4967//4967 4955//4955 
f 4955//4955 4967//4967 4954//4954 
f 4967//4967 4968//4968 4954//4954 
f 4954//4954 4968//4968 4953//4953 
f 4968//4968 4969//4969 4953//4953 
f 4953//4953 4969//4969 4952//4952 
f 4969//4969 4970//4970 4952//4952 
f 4952//4952 4970//4970 4951//4951 
f 4970//4970 4971//4971 4951//4951 
f 4951//4951 4971//4971 4950//4950 
f 4971//4971 4972//4972 4950//4950 
f 4950//4950 4972//4972 4950//4950 
f 4972//4972 4973//4973 4950//4950 
f 4950//4950 4973//4973 4949//4949 
f 4973//4973 4973//4973 4949//4949 
f 4949//4949 4973//4973 4948//4948 
f 4973//4973 4974//4974 4948//4948 
f 4948//4948 4974//4974 4947//4947 
f 4974//4974 4975//4975 4947//4947 
f 4947//4947 4975//4975 4946//4946 
f 4975//4975 4976//4976 4946//4946 
f 4946//4946 4976//4976 4945//4945 
f 4976//4976 4977//4977 4945//4945 
f 4945//4945 4977//4977 4944//4944 
f 4977//4977 4978//4978 4944//4944 
f 4944//4944 4978//4978 4943//4943 
f 4978//4978 4979//4979 4943//4943 
f 4943//4943 4979//4979 4942//4942 
f 4979//4979 4980//4980 4942//4942 
f 4942//4942 4980//4980 4941//4941 
f 4980//4980 4981//4981 4941//4941 
f 4941//4941 4981//4981 4940//4940 
f 4981//4981 4982//4982 4940//4940 
f 4940//4940 4982//4982 4940//4940 
f 4982//4982 4983//4983 4940//4940 
f 4940//4940 4983//4983 4939//4939 
f 4983//4983 4984//4984 4939//4939 
f 4939//4939 4984//4984 4936//4936 
f 4984//4984 4984//4984 4936//4936 
f 4936//4936 4984//4984 1157//1157 
f 4984//4984 4984//4984 1157//1157 
f 1157//1157 4984//4984 1156//1156 
f 4984//4984 4985//4985 1156//1156 
f 1156//1156 4985//4985 1154//1154 
f 4985//4985 1154//1154 1154//1154 
f 1154//1154 1154//1154 4984//4984 
f 1154//1154 4984//4984 4984//4984 
f 4984//4984 4984//4984 4985//4985 
f 4984//4984 4983//4983 4985//4985 
f 4985//4985 4983//4983 4986//4986 
f 4983//4983 4982//4982 4986//4986 
f 4986//4986 4982//4982 4987//4987 
f 4982//4982 4981//4981 4987//4987 
f 4987//4987 4981//4981 4988//4988 
f 4981//4981 4980//4980 4988//4988 
f 4988//4988 4980//4980 4989//4989 
f 4980//4980 4979//4979 4989//4989 
f 4989//4989 4979//4979 4990//4990 
f 4979//4979 4978//4978 4990//4990 
f 4990//4990 4978//4978 4991//4991 
f 4978//4978 4977//4977 4991//4991 
f 4991//4991 4977//4977 4992//4992 
f 4977//4977 4976//4976 4992//4992 
f 4992//4992 4976//4976 4993//4993 
f 4976//4976 4975//4975 4993//4993 
f 4993//4993 4975//4975 4994//4994 
f 4975//4975 4974//4974 4994//4994 
f 4994//4994 4974//4974 4995//4995 
f 4974//4974 4973//4973 4995//4995 
f 4995//4995 4973//4973 4996//4996 
f 4973//4973 4972//4972 4996//4996 
f 4996//4996 4972//4972 4997//4997 
f 4972//4972 4971//4971 4997//4997 
f 4997//4997 4971//4971 4998//4998 
f 4971//4971 4970//4970 4998//4998 
f 4998//4998 4970//4970 4999//4999 
f 4970//4970 4969//4969 4999//4999 
f 4999//4999 4969//4969 5000//5000 
f 4969//4969 4968//4968 5000//5000 
f 5000//5000 4968//4968 5001//5001 
f 4968//4968 4967//4967 5001//5001 
f 5001//5001 4967//4967 5002//5002 
f 4967//4967 4966//4966 5002//5002 
f 5002//5002 4966//4966 5003//5003 
f 4966//4966 4965//4965 5003//5003 
f 5003//5003 4965//4965 5004//5004 
f 4965//4965 4964//4964 5004//5004 
f 5004//5004 4964//4964 5005//5005 
f 4964//4964 4963//4963 5005//5005 
f 5005//5005 4963//4963 5006//5006 
f 4963//4963 4962//4962 5006//5006 
f 5006//5006 4962//4962 5007//5007 
f 4962//4962 4961//4961 5007//5007 
f 5007//5007 4961//4961 5008//5008 
f 4961//4961 5009//5009 5008//5008 
f 5008//5008 5009//5009 5010//5010 
f 5009//5009 4909//4909 5010//5010 
f 5010//5010 4909//4909 4908//4908 
f 4909//4909 4908//4908 4908//4908 
f 4908//4908 4908//4908 4961//4961 
f 4908//4908 4961//4961 4961//4961 
f 4961//4961 4961//4961 5009//5009 
f 4961//4961 4911//4911 5009//5009 
f 5009//5009 4911//4911 5009//5009 
f 4911//4911 4910//4910 5009//5009 
f 5009//5009 4910//4910 4909//4909 
f 4910//4910 4909//4909 4909//4909 
f 4909//4909 4909//4909 5010//5010 
f 4909//4909 5010//5010 5010//5010 
f 5010//5010 5010//5010 5008//5008 
f 5010//5010 5011//5011 5008//5008 
f 5008//5008 5011//5011 5008//5008 
f 5011//5011 5012//5012 5008//5008 
f 5008//5008 5012//5012 5007//5007 
f 5012//5012 5013//5013 5007//5007 
f 5007//5007 5013//5013 5006//5006 
f 5013//5013 5014//5014 5006//5006 
f 5006//5006 5014//5014 5005//5005 
f 5014//5014 5015//5015 5005//5005 
f 5005//5005 5015//5015 5004//5004 
f 5015//5015 5016//5016 5004//5004 
f 5004//5004 5016//5016 5003//5003 
f 5016//5016 5017//5017 5003//5003 
f 5003//5003 5017//5017 5002//5002 
f 5017//5017 5018//5018 5002//5002 
f 5002//5002 5018//5018 5001//5001 
f 5018//5018 5019//5019 5001//5001 
f 5001//5001 5019//5019 5000//5000 
f 5019//5019 5020//5020 5000//5000 
f 5000//5000 5020//5020 4999//4999 
f 5020//5020 5021//5021 4999//4999 
f 4999//4999 5021//5021 4998//4998 
f 5021//5021 5022//5022 4998//4998 
f 4998//4998 5022//5022 4997//4997 
f 5022//5022 5023//5023 4997//4997 
f 4997//4997 5023//5023 4996//4996 
f 5023//5023 5024//5024 4996//4996 
f 4996//4996 5024//5024 4995//4995 
f 5024//5024 5025//5025 4995//4995 
f 4995//4995 5025//5025 4994//4994 
f 5025//5025 5026//5026 4994//4994 
f 4994//4994 5026//5026 4993//4993 
f 5026//5026 5027//5027 4993//4993 
f 4993//4993 5027//5027 4992//4992 
f 5027//5027 5028//5028 4992//4992 
f 4992//4992 5028//5028 4991//4991 
f 5028//5028 5029//5029 4991//4991 
f 4991//4991 5029//5029 4990//4990 
f 5029//5029 5030//5030 4990//4990 
f 4990//4990 5030//5030 4989//4989 
f 5030//5030 5031//5031 4989//4989 
f 4989//4989 5031//5031 4988//4988 
f 5031//5031 5032//5032 4988//4988 
f 4988//4988 5032//5032 4987//4987 
f 5032//5032 5033//5033 4987//4987 
f 4987//4987 5033//5033 4986//4986 
f 5033//5033 5034//5034 4986//4986 
f 4986//4986 5034//5034 4985//4985 
f 5034//5034 5034//5034 4985//4985 
f 4985//4985 5034//5034 1154//1154 
f 5034//5034 5034//5034 1154//1154 
f 1154//1154 5034//5034 1155//1155 
f 5034//5034 5034//5034 1155//1155 
f 1155//1155 5034//5034 5035//5035 
f 5034//5034 5033//5033 5035//5035 
f 5035//5035 5033//5033 5036//5036 
f 5033//5033 5032//5032 5036//5036 
f 5036//5036 5032//5032 5037//5037 
f 5032//5032 5031//5031 5037//5037 
f 5037//5037 5031//5031 5038//5038 
f 5031//5031 5031//5031 5038//5038 
f 5038//5038 5031//5031 5039//5039 
f 5031//5031 5030//5030 5039//5039 
f 5039//5039 5030//5030 5040//5040 
f 5030//5030 5029//5029 5040//5040 
f 5040//5040 5029//5029 5041//5041 
f 5029//5029 5028//5028 5041//5041 
f 5041//5041 5028//5028 5041//5041 
f 5028//5028 5027//5027 5041//5041 
f 5041//5041 5027//5027 5042//5042 
f 5027//5027 5026//5026 5042//5042 
f 5042//5042 5026//5026 5043//5043 
f 5026//5026 5025//5025 5043//5043 
f 5043//5043 5025//5025 5044//5044 
f 5025//5025 5024//5024 5044//5044 
f 5044//5044 5024//5024 5045//5045 
f 5024//5024 5023//5023 5045//5045 
f 5045//5045 5023//5023 5046//5046 
f 5023//5023 5022//5022 5046//5046 
f 5046//5046 5022//5022 5047//5047 
f 5022//5022 5022//5022 5047//5047 
f 5047//5047 5022//5022 5048//5048 
f 5022//5022 5021//5021 5048//5048 
f 5048//5048 5021//5021 5049//5049 
f 5021//5021 5020//5020 5049//5049 
f 5049//5049 5020//5020 5050//5050 
f 5020//5020 5019//5019 5050//5050 
f 5050//5050 5019//5019 5051//5051 
f 5019//5019 5018//5018 5051//5051 
f 5051//5051 5018//5018 5052//5052 
f 5018//5018 5017//5017 5052//5052 
f 5052//5052 5017//5017 5053//5053 
f 5017//5017 5016//5016 5053//5053 
f 5053//5053 5016//5016 5054//5054 
f 5016//5016 5015//5015 5054//5054 
f 5054//5054 5015//5015 5055//5055 
f 5015//5015 5014//5014 5055//5055 
f 5055//5055 5014//5014 5055//5055 
f 5014//5014 5013//5013 5055//5055 
f 5055//5055 5013//5013 5056//5056 
f 5013//5013 5012//5012 5056//5056 
f 5056//5056 5012//5012 5057//5057 
f 5012//5012 5011//5011 5057//5057 
f 5057//5057 5011//5011 5058//5058 
f 5011//5011 5059//5059 5058//5058 
f 5058//5058 5059//5059 5060//5060 
f 5059//5059 5060//5060 5060//5060 
f 5060//5060 5060//5060 5011//5011 
f 5060//5060 5011//5011 5011//5011 
f 5011//5011 5011//5011 5059//5059 
f 5011//5011 5010//5010 5059//5059 
f 5059//5059 5010//5010 5059//5059 
f 5010//5010 4908//4908 5059//5059 
f 5059//5059 4908//4908 5061//5061 
f 4908//4908 4907//4907 5061//5061 
f 5061//5061 4907//4907 5062//5062 
f 4907//4907 4906//4906 5062//5062 
f 5062//5062 4906//4906 5063//5063 
f 4906//4906 4905//4905 5063//5063 
f 5063//5063 4905//4905 5064//5064 
f 4905//4905 4904//4904 5064//5064 
f 5064//5064 4904//4904 5065//5065 
f 4904//4904 4903//4903 5065//5065 
f 5065//5065 4903//4903 5065//5065 
f 4903//4903 4902//4902 5065//5065 
f 5065//5065 4902//4902 5066//5066 
f 4902//4902 4901//4901 5066//5066 
f 5066//5066 4901//4901 5067//5067 
f 4901//4901 4900//4900 5067//5067 
f 5067//5067 4900//4900 5068//5068 
f 4900//4900 4899//4899 5068//5068 
f 5068//5068 4899//4899 5069//5069 
f 4899//4899 4898//4898 5069//5069 
f 5069//5069 4898//4898 4938//4938 
f 4898//4898 4938//4938 4938//4938 
f 4938//4938 4938//4938 5066//5066 
f 4938//4938 5066//5066 5066//5066 
f 5066//5066 5066//5066 5065//5065 
f 5066//5066 5070//5070 5065//5065 
f 5065//5065 5070//5070 5065//5065 
f 5070//5070 5071//5071 5065//5065 
f 5065//5065 5071//5071 5064//5064 
f 5071//5071 5071//5071 5064//5064 
f 5064//5064 5071//5071 5063//5063 
f 5071//5071 5072//5072 5063//5063 
f 5063//5063 5072//5072 5062//5062 
f 5072//5072 5073//5073 5062//5062 
f 5062//5062 5073//5073 5061//5061 
f 5073//5073 5074//5074 5061//5061 
f 5061//5061 5074//5074 5059//5059 
f 5074//5074 5060//5060 5059//5059 
f 5059//5059 5060//5060 5060//5060 
f 5060//5060 2491//2491 5060//5060 
f 5060//5060 2491//2491 2491//2491 
f 2491//2491 2492//2492 2491//2491 
f 2491//2491 2492//2492 5075//5075 
f 2492//2492 3938//3938 5075//5075 
f 5075//5075 3938//3938 5076//5076 
f 3938//3938 4081//4081 5076//5076 
f 5076//5076 4081//4081 5077//5077 
f 4081//4081 4082//4082 5077//5077 
f 5077//5077 4082//4082 5078//5078 
f 4082//4082 4083//4083 5078//5078 
f 5078//5078 4083//4083 5078//5078 
f 4083//4083 4372//4372 5078//5078 
f 5078//5078 4372//4372 5079//5079 
f 4372//4372 4374//4374 5079//5079 
f 5079//5079 4374//4374 5080//5080 
f 4374//4374 4375//4375 5080//5080 
f 5080//5080 4375//4375 5081//5081 
f 4375//4375 4376//4376 5081//5081 
f 5081//5081 4376//4376 5082//5082 
f 4376//4376 4377//4377 5082//5082 
f 5082//5082 4377//4377 5083//5083 
f 4377//4377 4378//4378 5083//5083 
f 5083//5083 4378//4378 5084//5084 
f 4378//4378 4379//4379 5084//5084 
f 5084//5084 4379//4379 5085//5085 
f 4379//4379 4380//4380 5085//5085 
f 5085//5085 4380//4380 5086//5086 
f 4380//4380 4381//4381 5086//5086 
f 5086//5086 4381//4381 5087//5087 
f 4381//4381 4382//4382 5087//5087 
f 5087//5087 4382//4382 5088//5088 
f 4382//4382 4383//4383 5088//5088 
f 5088//5088 4383//4383 5089//5089 
f 4383//4383 4384//4384 5089//5089 
f 5089//5089 4384//4384 5090//5090 
f 4384//4384 4385//4385 5090//5090 
f 5090//5090 4385//4385 5091//5091 
f 4385//4385 4386//4386 5091//5091 
f 5091//5091 4386//4386 5092//5092 
f 4386//4386 4387//4387 5092//5092 
f 5092//5092 4387//4387 5093//5093 
f 4387//4387 4388//4388 5093//5093 
f 5093//5093 4388//4388 5094//5094 
f 4388//4388 4389//4389 5094//5094 
f 5094//5094 4389//4389 5095//5095 
f 4389//4389 4390//4390 5095//5095 
f 5095//5095 4390//4390 5096//5096 
f 4390//4390 4391//4391 5096//5096 
f 5096//5096 4391//4391 5097//5097 
f 4391//4391 4392//4392 5097//5097 
f 5097//5097 4392//4392 5098//5098 
f 4392//4392 4393//4393 5098//5098 
f 5098//5098 4393//4393 5099//5099 
f 4393//4393 4394//4394 5099//5099 
f 5099//5099 4394//4394 5099//5099 
f 4394//4394 4395//4395 5099//5099 
f 5099//5099 4395//4395 5100//5100 
f 4395//4395 4396//4396 5100//5100 
f 5100//5100 4396//4396 5101//5101 
f 4396//4396 4397//4397 5101//5101 
f 5101//5101 4397//4397 5102//5102 
f 4397//4397 4398//4398 5102//5102 
f 5102//5102 4398//4398 5103//5103 
f 4398//4398 4399//4399 5103//5103 
f 5103//5103 4399//4399 5104//5104 
f 4399//4399 4400//4400 5104//5104 
f 5104//5104 4400//4400 5105//5105 
f 4400//4400 4401//4401 5105//5105 
f 5105//5105 4401//4401 5106//5106 
f 4401//4401 4402//4402 5106//5106 
f 5106//5106 4402//4402 5107//5107 
f 4402//4402 4403//4403 5107//5107 
f 5107//5107 4403//4403 5108//5108 
f 4403//4403 4404//4404 5108//5108 
f 5108//5108 4404//4404 5109//5109 
f 4404//4404 4405//4405 5109//5109 
f 5109//5109 4405//4405 5110//5110 
f 4405//4405 4406//4406 5110//5110 
f 5110//5110 4406//4406 5111//5111 
f 4406//4406 4407//4407 5111//5111 
f 5111//5111 4407//4407 5112//5112 
f 4407//4407 4408//4408 5112//5112 
f 5112//5112 4408//4408 5113//5113 
f 4408//4408 4409//4409 5113//5113 
f 5113//5113 4409//4409 5114//5114 
f 4409//4409 4410//4410 5114//5114 
f 5114//5114 4410//4410 5115//5115 
f 4410//4410 4411//4411 5115//5115 
f 5115//5115 4411//4411 5116//5116 
f 4411//4411 4412//4412 5116//5116 
f 5116//5116 4412//4412 5117//5117 
f 4412//4412 4413//4413 5117//5117 
f 5117//5117 4413//4413 5118//5118 
f 4413//4413 4414//4414 5118//5118 
f 5118//5118 4414//4414 5119//5119 
f 4414//4414 4415//4415 5119//5119 
f 5119//5119 4415//4415 5120//5120 
f 4415//4415 4416//4416 5120//5120 
f 5120//5120 4416//4416 5121//5121 
f 4416//4416 4417//4417 5121//5121 
f 5121//5121 4417//4417 5122//5122 
f 4417//4417 4418//4418 5122//5122 
f 5122//5122 4418//4418 1304//1304 
f 4418//4418 1303//1303 1304//1304 
f 1304//1304 1303//1303 1303//1303 
f 1303//1303 1304//1304 1303//1303 
f 1303//1303 1304//1304 1304//1304 
f 1304//1304 1305//1305 1304//1304 
f 1304//1304 1305//1305 5122//5122 
f 1305//1305 5123//5123 5122//5122 
f 5122//5122 5123//5123 5121//5121 
f 5123//5123 5124//5124 5121//5121 
f 5121//5121 5124//5124 5120//5120 
f 5124//5124 5125//5125 5120//5120 
f 5120//5120 5125//5125 5119//5119 
f 5125//5125 5126//5126 5119//5119 
f 5119//5119 5126//5126 5118//5118 
f 5126//5126 5126//5126 5118//5118 
f 5118//5118 5126//5126 5117//5117 
f 5126//5126 5127//5127 5117//5117 
f 5117//5117 5127//5127 5116//5116 
f 5127//5127 5128//5128 5116//5116 
f 5116//5116 5128//5128 5115//5115 
f 5128//5128 5129//5129 5115//5115 
f 5115//5115 5129//5129 5114//5114 
f 5129//5129 5130//5130 5114//5114 
f 5114//5114 5130//5130 5113//5113 
f 5130//5130 5131//5131 5113//5113 
f 5113//5113 5131//5131 5112//5112 
f 5131//5131 5132//5132 5112//5112 
f 5112//5112 5132//5132 5111//5111 
f 5132//5132 5133//5133 5111//5111 
f 5111//5111 5133//5133 5111//5111 
f 5133//5133 5134//5134 5111//5111 
f 5111//5111 5134//5134 5110//5110 
f 5134//5134 5135//5135 5110//5110 
f 5110//5110 5135//5135 5109//5109 
f 5135//5135 5136//5136 5109//5109 
f 5109//5109 5136//5136 5108//5108 
f 5136//5136 5136//5136 5108//5108 
f 5108//5108 5136//5136 5107//5107 
f 5136//5136 5137//5137 5107//5107 
f 5107//5107 5137//5137 5106//5106 
f 5137//5137 5138//5138 5106//5106 
f 5106//5106 5138//5138 5105//5105 
f 5138//5138 5139//5139 5105//5105 
f 5105//5105 5139//5139 5104//5104 
f 5139//5139 5140//5140 5104//5104 
f 5104//5104 5140//5140 5103//5103 
f 5140//5140 5141//5141 5103//5103 
f 5103//5103 5141//5141 5103//5103 
f 5141//5141 5142//5142 5103//5103 
f 5103//5103 5142//5142 5102//5102 
f 5142//5142 5143//5143 5102//5102 
f 5102//5102 5143//5143 5101//5101 
f 5143//5143 5144//5144 5101//5101 
f 5101//5101 5144//5144 5100//5100 
f 5144//5144 5144//5144 5100//5100 
f 5100//5100 5144//5144 5099//5099 
f 5144//5144 5145//5145 5099//5099 
f 5099//5099 5145//5145 5098//5098 
f 5145//5145 5146//5146 5098//5098 
f 5098//5098 5146//5146 5097//5097 
f 5146//5146 5147//5147 5097//5097 
f 5097//5097 5147//5147 5096//5096 
f 5147//5147 5148//5148 5096//5096 
f 5096//5096 5148//5148 5095//5095 
f 5148//5148 5149//5149 5095//5095 
f 5095//5095 5149//5149 5094//5094 
f 5149//5149 5150//5150 5094//5094 
f 5094//5094 5150//5150 5093//5093 
f 5150//5150 5151//5151 5093//5093 
f 5093//5093 5151//5151 5092//5092 
f 5151//5151 5152//5152 5092//5092 
f 5092//5092 5152//5152 5091//5091 
f 5152//5152 5153//5153 5091//5091 
f 5091//5091 5153//5153 5090//5090 
f 5153//5153 5154//5154 5090//5090 
f 5090//5090 5154//5154 5089//5089 
f 5154//5154 5155//5155 5089//5089 
f 5089//5089 5155//5155 5088//5088 
f 5155//5155 5156//5156 5088//5088 
f 5088//5088 5156//5156 5087//5087 
f 5156//5156 5157//5157 5087//5087 
f 5087//5087 5157//5157 5086//5086 
f 5157//5157 5158//5158 5086//5086 
f 5086//5086 5158//5158 5085//5085 
f 5158//5158 5159//5159 5085//5085 
f 5085//5085 5159//5159 5084//5084 
f 5159//5159 5160//5160 5084//5084 
f 5084//5084 5160//5160 5083//5083 
f 5160//5160 5161//5161 5083//5083 
f 5083//5083 5161//5161 5082//5082 
f 5161//5161 5162//5162 5082//5082 
f 5082//5082 5162//5162 5081//5081 
f 5162//5162 5163//5163 5081//5081 
f 5081//5081 5163//5163 5080//5080 
f 5163//5163 5164//5164 5080//5080 
f 5080//5080 5164//5164 5079//5079 
f 5164//5164 5165//5165 5079//5079 
f 5079//5079 5165//5165 5078//5078 
f 5165//5165 5165//5165 5078//5078 
f 5078//5078 5165//5165 5077//5077 
f 5165//5165 5166//5166 5077//5077 
f 5077//5077 5166//5166 5076//5076 
f 5166//5166 5167//5167 5076//5076 
f 5076//5076 5167//5167 5075//5075 
f 5167//5167 5168//5168 5075//5075 
f 5075//5075 5168//5168 2491//2491 
f 5168//5168 5168//5168 2491//2491 
f 2491//2491 5168//5168 1351//1351 
f 5168//5168 5168//5168 1351//1351 
f 1351//1351 5168//5168 1350//1350 
f 5168//5168 5168//5168 1350//1350 
f 1350//1350 5168//5168 1349//1349 
f 5168//5168 5169//5169 1349//1349 
f 1349//1349 5169//5169 1348//1348 
f 5169//5169 1348//1348 1348//1348 
f 1348//1348 1348//1348 5123//5123 
f 1348//1348 5123//5123 5123//5123 
f 5123//5123 5123//5123 1306//1306 
f 5123//5123 1305//1305 1306//1306 
f 1306//1306 1305//1305 1305//1305 
f 1305//1305 5169//5169 1305//1305 
f 1305//1305 5169//5169 5169//5169 
f 5169//5169 5168//5168 5169//5169 
f 5169//5169 5168//5168 5170//5170 
f 5168//5168 5167//5167 5170//5170 
f 5170//5170 5167//5167 5170//5170 
f 5167//5167 5166//5166 5170//5170 
f 5170//5170 5166//5166 5171//5171 
f 5166//5166 5165//5165 5171//5171 
f 5171//5171 5165//5165 5171//5171 
f 5165//5165 5164//5164 5171//5171 
f 5171//5171 5164//5164 5172//5172 
f 5164//5164 5163//5163 5172//5172 
f 5172//5172 5163//5163 5173//5173 
f 5163//5163 5162//5162 5173//5173 
f 5173//5173 5162//5162 5174//5174 
f 5162//5162 5161//5161 5174//5174 
f 5174//5174 5161//5161 5175//5175 
f 5161//5161 5160//5160 5175//5175 
f 5175//5175 5160//5160 5176//5176 
f 5160//5160 5159//5159 5176//5176 
f 5176//5176 5159//5159 5177//5177 
f 5159//5159 5158//5158 5177//5177 
f 5177//5177 5158//5158 5178//5178 
f 5158//5158 5157//5157 5178//5178 
f 5178//5178 5157//5157 5179//5179 
f 5157//5157 5156//5156 5179//5179 
f 5179//5179 5156//5156 5180//5180 
f 5156//5156 5155//5155 5180//5180 
f 5180//5180 5155//5155 5181//5181 
f 5155//5155 5154//5154 5181//5181 
f 5181//5181 5154//5154 5182//5182 
f 5154//5154 5153//5153 5182//5182 
f 5182//5182 5153//5153 5183//5183 
f 5153//5153 5152//5152 5183//5183 
f 5183//5183 5152//5152 5184//5184 
f 5152//5152 5151//5151 5184//5184 
f 5184//5184 5151//5151 5185//5185 
f 5151//5151 5150//5150 5185//5185 
f 5185//5185 5150//5150 5186//5186 
f 5150//5150 5149//5149 5186//5186 
f 5186//5186 5149//5149 5187//5187 
f 5149//5149 5148//5148 5187//5187 
f 5187//5187 5148//5148 5188//5188 
f 5148//5148 5147//5147 5188//5188 
f 5188//5188 5147//5147 5189//5189 
f 5147//5147 5146//5146 5189//5189 
f 5189//5189 5146//5146 5190//5190 
f 5146//5146 5145//5145 5190//5190 
f 5190//5190 5145//5145 5191//5191 
f 5145//5145 5144//5144 5191//5191 
f 5191//5191 5144//5144 5192//5192 
f 5144//5144 5143//5143 5192//5192 
f 5192//5192 5143//5143 5193//5193 
f 5143//5143 5142//5142 5193//5193 
f 5193//5193 5142//5142 5194//5194 
f 5142//5142 5141//5141 5194//5194 
f 5194//5194 5141//5141 5195//5195 
f 5141//5141 5140//5140 5195//5195 
f 5195//5195 5140//5140 5196//5196 
f 5140//5140 5139//5139 5196//5196 
f 5196//5196 5139//5139 5197//5197 
f 5139//5139 5138//5138 5197//5197 
f 5197//5197 5138//5138 5198//5198 
f 5138//5138 5137//5137 5198//5198 
f 5198//5198 5137//5137 5199//5199 
f 5137//5137 5136//5136 5199//5199 
f 5199//5199 5136//5136 5200//5200 
f 5136//5136 5135//5135 5200//5200 
f 5200//5200 5135//5135 5201//5201 
f 5135//5135 5134//5134 5201//5201 
f 5201//5201 5134//5134 5202//5202 
f 5134//5134 5133//5133 5202//5202 
f 5202//5202 5133//5133 5203//5203 
f 5133//5133 5132//5132 5203//5203 
f 5203//5203 5132//5132 5204//5204 
f 5132//5132 5131//5131 5204//5204 
f 5204//5204 5131//5131 5205//5205 
f 5131//5131 5130//5130 5205//5205 
f 5205//5205 5130//5130 5206//5206 
f 5130//5130 5129//5129 5206//5206 
f 5206//5206 5129//5129 5207//5207 
f 5129//5129 5128//5128 5207//5207 
f 5207//5207 5128//5128 5208//5208 
f 5128//5128 5127//5127 5208//5208 
f 5208//5208 5127//5127 5209//5209 
f 5127//5127 5126//5126 5209//5209 
f 5209//5209 5126//5126 5210//5210 
f 5126//5126 5125//5125 5210//5210 
f 5210//5210 5125//5125 5210//5210 
f 5125//5125 5124//5124 5210//5210 
f 5210//5210 5124//5124 5211//5211 
f 5124//5124 5123//5123 5211//5211 
f 5211//5211 5123//5123 5211//5211 
f 5123//5123 1306//1306 5211//5211 
f 5211//5211 1306//1306 5211//5211 
f 1306//1306 1307//1307 5211//5211 
f 5211//5211 1307//1307 5212//5212 
f 1307//1307 1308//1308 5212//5212 
f 5212//5212 1308//1308 5213//5213 
f 1308//1308 1309//1309 5213//5213 
f 5213//5213 1309//1309 1309//1309 
f 1309//1309 5211//5211 1309//1309 
f 1309//1309 5211//5211 5211//5211 
f 5211//5211 5212//5212 5211//5211 
f 5211//5211 5212//5212 5210//5210 
f 5212//5212 5214//5214 5210//5210 
f 5210//5210 5214//5214 5209//5209 
f 5214//5214 5215//5215 5209//5209 
f 5209//5209 5215//5215 5208//5208 
f 5215//5215 5216//5216 5208//5208 
f 5208//5208 5216//5216 5207//5207 
f 5216//5216 5217//5217 5207//5207 
f 5207//5207 5217//5217 5206//5206 
f 5217//5217 5218//5218 5206//5206 
f 5206//5206 5218//5218 5205//5205 
f 5218//5218 5219//5219 5205//5205 
f 5205//5205 5219//5219 5204//5204 
f 5219//5219 5220//5220 5204//5204 
f 5204//5204 5220//5220 5203//5203 
f 5220//5220 5221//5221 5203//5203 
f 5203//5203 5221//5221 5202//5202 
f 5221//5221 5222//5222 5202//5202 
f 5202//5202 5222//5222 5201//5201 
f 5222//5222 5223//5223 5201//5201 
f 5201//5201 5223//5223 5200//5200 
f 5223//5223 5224//5224 5200//5200 
f 5200//5200 5224//5224 5199//5199 
f 5224//5224 5225//5225 5199//5199 
f 5199//5199 5225//5225 5198//5198 
f 5225//5225 5226//5226 5198//5198 
f 5198//5198 5226//5226 5197//5197 
f 5226//5226 5227//5227 5197//5197 
f 5197//5197 5227//5227 5196//5196 
f 5227//5227 5228//5228 5196//5196 
f 5196//5196 5228//5228 5195//5195 
f 5228//5228 5229//5229 5195//5195 
f 5195//5195 5229//5229 5194//5194 
f 5229//5229 5230//5230 5194//5194 
f 5194//5194 5230//5230 5193//5193 
f 5230//5230 5231//5231 5193//5193 
f 5193//5193 5231//5231 5192//5192 
f 5231//5231 5232//5232 5192//5192 
f 5192//5192 5232//5232 5191//5191 
f 5232//5232 5233//5233 5191//5191 
f 5191//5191 5233//5233 5190//5190 
f 5233//5233 5234//5234 5190//5190 
f 5190//5190 5234//5234 5189//5189 
f 5234//5234 5235//5235 5189//5189 
f 5189//5189 5235//5235 5188//5188 
f 5235//5235 5236//5236 5188//5188 
f 5188//5188 5236//5236 5187//5187 
f 5236//5236 5237//5237 5187//5187 
f 5187//5187 5237//5237 5186//5186 
f 5237//5237 5238//5238 5186//5186 
f 5186//5186 5238//5238 5185//5185 
f 5238//5238 5239//5239 5185//5185 
f 5185//5185 5239//5239 5184//5184 
f 5239//5239 5240//5240 5184//5184 
f 5184//5184 5240//5240 5183//5183 
f 5240//5240 5241//5241 5183//5183 
f 5183//5183 5241//5241 5182//5182 
f 5241//5241 5242//5242 5182//5182 
f 5182//5182 5242//5242 5181//5181 
f 5242//5242 5243//5243 5181//5181 
f 5181//5181 5243//5243 5180//5180 
f 5243//5243 5244//5244 5180//5180 
f 5180//5180 5244//5244 5179//5179 
f 5244//5244 5245//5245 5179//5179 
f 5179//5179 5245//5245 5178//5178 
f 5245//5245 5246//5246 5178//5178 
f 5178//5178 5246//5246 5177//5177 
f 5246//5246 5247//5247 5177//5177 
f 5177//5177 5247//5247 5176//5176 
f 5247//5247 5248//5248 5176//5176 
f 5176//5176 5248//5248 5175//5175 
f 5248//5248 5249//5249 5175//5175 
f 5175//5175 5249//5249 5174//5174 
f 5249//5249 5250//5250 5174//5174 
f 5174//5174 5250//5250 5173//5173 
f 5250//5250 5251//5251 5173//5173 
f 5173//5173 5251//5251 5172//5172 
f 5251//5251 5252//5252 5172//5172 
f 5172//5172 5252//5252 5171//5171 
f 5252//5252 5252//5252 5171//5171 
f 5171//5171 5252//5252 5170//5170 
f 5252//5252 5252//5252 5170//5170 
f 5170//5170 5252//5252 5169//5169 
f 5252//5252 5253//5253 5169//5169 
f 5169//5169 5253//5253 1348//1348 
f 5253//5253 5253//5253 1348//1348 
f 1348//1348 5253//5253 1347//1347 
f 5253//5253 5253//5253 1347//1347 
f 1347//1347 5253//5253 5254//5254 
f 5253//5253 5251//5251 5254//5254 
f 5254//5254 5251//5251 5254//5254 
f 5251//5251 5250//5250 5254//5254 
f 5254//5254 5250//5250 5255//5255 
f 5250//5250 5249//5249 5255//5255 
f 5255//5255 5249//5249 5256//5256 
f 5249//5249 5248//5248 5256//5256 
f 5256//5256 5248//5248 5257//5257 
f 5248//5248 5248//5248 5257//5257 
f 5257//5257 5248//5248 5258//5258 
f 5248//5248 5247//5247 5258//5258 
f 5258//5258 5247//5247 5259//5259 
f 5247//5247 5246//5246 5259//5259 
f 5259//5259 5246//5246 5260//5260 
f 5246//5246 5245//5245 5260//5260 
f 5260//5260 5245//5245 5261//5261 
f 5245//5245 5244//5244 5261//5261 
f 5261//5261 5244//5244 5262//5262 
f 5244//5244 5243//5243 5262//5262 
f 5262//5262 5243//5243 5263//5263 
f 5243//5243 5242//5242 5263//5263 
f 5263//5263 5242//5242 5264//5264 
f 5242//5242 5241//5241 5264//5264 
f 5264//5264 5241//5241 5265//5265 
f 5241//5241 5240//5240 5265//5265 
f 5265//5265 5240//5240 5266//5266 
f 5240//5240 5239//5239 5266//5266 
f 5266//5266 5239//5239 5267//5267 
f 5239//5239 5238//5238 5267//5267 
f 5267//5267 5238//5238 5268//5268 
f 5238//5238 5237//5237 5268//5268 
f 5268//5268 5237//5237 5269//5269 
f 5237//5237 5236//5236 5269//5269 
f 5269//5269 5236//5236 5270//5270 
f 5236//5236 5235//5235 5270//5270 
f 5270//5270 5235//5235 5271//5271 
f 5235//5235 5234//5234 5271//5271 
f 5271//5271 5234//5234 5272//5272 
f 5234//5234 5233//5233 5272//5272 
f 5272//5272 5233//5233 5273//5273 
f 5233//5233 5232//5232 5273//5273 
f 5273//5273 5232//5232 5274//5274 
f 5232//5232 5231//5231 5274//5274 
f 5274//5274 5231//5231 5275//5275 
f 5231//5231 5230//5230 5275//5275 
f 5275//5275 5230//5230 5276//5276 
f 5230//5230 5229//5229 5276//5276 
f 5276//5276 5229//5229 5277//5277 
f 5229//5229 5228//5228 5277//5277 
f 5277//5277 5228//5228 5278//5278 
f 5228//5228 5227//5227 5278//5278 
f 5278//5278 5227//5227 5279//5279 
f 5227//5227 5226//5226 5279//5279 
f 5279//5279 5226//5226 5280//5280 
f 5226//5226 5225//5225 5280//5280 
f 5280//5280 5225//5225 5281//5281 
f 5225//5225 5224//5224 5281//5281 
f 5281//5281 5224//5224 5282//5282 
f 5224//5224 5223//5223 5282//5282 
f 5282//5282 5223//5223 5283//5283 
f 5223//5223 5222//5222 5283//5283 
f 5283//5283 5222//5222 5284//5284 
f 5222//5222 5221//5221 5284//5284 
f 5284//5284 5221//5221 5285//5285 
f 5221//5221 5220//5220 5285//5285 
f 5285//5285 5220//5220 5286//5286 
f 5220//5220 5219//5219 5286//5286 
f 5286//5286 5219//5219 5287//5287 
f 5219//5219 5218//5218 5287//5287 
f 5287//5287 5218//5218 5288//5288 
f 5218//5218 5217//5217 5288//5288 
f 5288//5288 5217//5217 5289//5289 
f 5217//5217 5216//5216 5289//5289 
f 5289//5289 5216//5216 5290//5290 
f 5216//5216 5215//5215 5290//5290 
f 5290//5290 5215//5215 5291//5291 
f 5215//5215 5214//5214 5291//5291 
f 5291//5291 5214//5214 5213//5213 
f 5214//5214 5212//5212 5213//5213 
f 5213//5213 5212//5212 5212//5212 
f 5212//5212 5252//5252 5212//5212 
f 5212//5212 5252//5252 5252//5252 
f 5252//5252 5251//5251 5252//5252 
f 5252//5252 5251//5251 5253//5253 
f 5251//5251 5253//5253 5253//5253 
f 5253//5253 5253//5253 5213//5213 
f 5253//5253 5213//5213 5213//5213 
f 5213//5213 5213//5213 5291//5291 
f 5213//5213 1309//1309 5291//5291 
f 5291//5291 1309//1309 5291//5291 
f 1309//1309 1310//1310 5291//5291 
f 5291//5291 1310//1310 5290//5290 
f 1310//1310 1311//1311 5290//5290 
f 5290//5290 1311//1311 5289//5289 
f 1311//1311 1312//1312 5289//5289 
f 5289//5289 1312//1312 5288//5288 
f 1312//1312 1313//1313 5288//5288 
f 5288//5288 1313//1313 5287//5287 
f 1313//1313 1314//1314 5287//5287 
f 5287//5287 1314//1314 5286//5286 
f 1314//1314 1315//1315 5286//5286 
f 5286//5286 1315//1315 5285//5285 
f 1315//1315 1316//1316 5285//5285 
f 5285//5285 1316//1316 5284//5284 
f 1316//1316 1317//1317 5284//5284 
f 5284//5284 1317//1317 5283//5283 
f 1317//1317 1318//1318 5283//5283 
f 5283//5283 1318//1318 5282//5282 
f 1318//1318 1319//1319 5282//5282 
f 5282//5282 1319//1319 5281//5281 
f 1319//1319 1320//1320 5281//5281 
f 5281//5281 1320//1320 5280//5280 
f 1320//1320 1321//1321 5280//5280 
f 5280//5280 1321//1321 5279//5279 
f 1321//1321 1322//1322 5279//5279 
f 5279//5279 1322//1322 5278//5278 
f 1322//1322 1323//1323 5278//5278 
f 5278//5278 1323//1323 5277//5277 
f 1323//1323 1324//1324 5277//5277 
f 5277//5277 1324//1324 5276//5276 
f 1324//1324 1325//1325 5276//5276 
f 5276//5276 1325//1325 5275//5275 
f 1325//1325 1326//1326 5275//5275 
f 5275//5275 1326//1326 5274//5274 
f 1326//1326 1327//1327 5274//5274 
f 5274//5274 1327//1327 5273//5273 
f 1327//1327 1328//1328 5273//5273 
f 5273//5273 1328//1328 5272//5272 
f 1328//1328 1329//1329 5272//5272 
f 5272//5272 1329//1329 5271//5271 
f 1329//1329 1330//1330 5271//5271 
f 5271//5271 1330//1330 5270//5270 
f 1330//1330 1331//1331 5270//5270 
f 5270//5270 1331//1331 5269//5269 
f 1331//1331 1332//1332 5269//5269 
f 5269//5269 1332//1332 5268//5268 
f 1332//1332 1333//1333 5268//5268 
f 5268//5268 1333//1333 5267//5267 
f 1333//1333 1334//1334 5267//5267 
f 5267//5267 1334//1334 5266//5266 
f 1334//1334 1335//1335 5266//5266 
f 5266//5266 1335//1335 5265//5265 
f 1335//1335 1336//1336 5265//5265 
f 5265//5265 1336//1336 5264//5264 
f 1336//1336 1337//1337 5264//5264 
f 5264//5264 1337//1337 5263//5263 
f 1337//1337 1338//1338 5263//5263 
f 5263//5263 1338//1338 5262//5262 
f 1338//1338 1339//1339 5262//5262 
f 5262//5262 1339//1339 5261//5261 
f 1339//1339 1340//1340 5261//5261 
f 5261//5261 1340//1340 5260//5260 
f 1340//1340 1341//1341 5260//5260 
f 5260//5260 1341//1341 5259//5259 
f 1341//1341 1342//1342 5259//5259 
f 5259//5259 1342//1342 5258//5258 
f 1342//1342 1343//1343 5258//5258 
f 5258//5258 1343//1343 5257//5257 
f 1343//1343 1344//1344 5257//5257 
f 5257//5257 1344//1344 5256//5256 
f 1344//1344 1345//1345 5256//5256 
f 5256//5256 1345//1345 5255//5255 
f 1345//1345 1346//1346 5255//5255 
f 5255//5255 1346//1346 5254//5254 
f 1346//1346 1347//1347 5254//5254 

