mtllib model_27.mtl
o model_27
v -49569956 10525028 -24477904 
v -49560344 10558956 -24496612 
v -49581972 10512690 -24506340 
v -49573260 10546618 -24525796 
v -49593988 10498811 -24533278 
v -49586176 10531968 -24554980 
v -49606304 10484160 -24560218 
v -49599096 10515775 -24582666 
v -49579568 10562040 -24573686 
v -49565748 10576691 -24543754 
v -49552232 10590571 -24512326 
v -49547124 10570522 -24465932 
v -49557640 10535823 -24449470 
v -49581672 10486473 -24457702 
v -49593088 10474907 -24483892 
v -49604500 10462569 -24509334 
v -49605104 10431726 -24458450 
v -49594588 10442521 -24434504 
v -49569956 10496497 -24430762 
v -49545324 10544305 -24421034 
v -49534208 10579775 -24435252 
v -49538412 10602137 -24480898 
v -49545024 10619101 -24527292 
v -49559140 10605221 -24559470 
v -49573260 10589028 -24590898 
v -49593088 10545076 -24602870 
v -49612312 10498811 -24609604 
v -49618920 10467967 -24585660 
v -49615616 10448690 -24534028 
v -49615616 10420931 -24481646 
v -49618020 10382376 -24430014 
v -49609008 10390858 -24407566 
v -49584076 10451774 -24409810 
v -49558540 10504979 -24403824 
v -49533004 10552016 -24391102 
v -49521292 10588257 -24404572 
v -49524596 10612161 -24448722 
v -49530604 10631438 -24494368 
v -49538112 10647631 -24541510 
v -49552832 10632981 -24575184 
v -49567852 10616017 -24608108 
v -49587680 10572064 -24621578 
v -49582872 10597510 -24639536 
v -49602100 10552787 -24651510 
v -49597892 10578233 -24670216 
v -49613212 10556643 -24700148 
v -49616816 10532739 -24679944 
v -49628232 10534281 -24729332 
v -49606604 10526570 -24631306 
v -49620724 10507293 -24658992 
v -49631236 10510377 -24707632 
v -49642952 10509606 -24757018 
v -49645656 10487244 -24733822 
v -49657972 10484160 -24782460 
v -49634540 10486473 -24685182 
v -49625528 10480305 -24635794 
v -49631236 10450232 -24610352 
v -49639048 10460256 -24661236 
v -49648660 10464112 -24710624 
v -49660076 10462569 -24759264 
v -49673896 10436352 -24782460 
v -49672692 10456401 -24807154 
v -49688012 10408593 -24804910 
v -49687112 10427870 -24830352 
v -49701532 10380063 -24825862 
v -49701532 10397798 -24852052 
v -49715048 10349990 -24845318 
v -49715348 10366954 -24872256 
v -49729168 10334568 -24891712 
v -49728268 10319147 -24864024 
v -49742684 10302183 -24908922 
v -49714748 10332255 -24817630 
v -49701832 10360785 -24798924 
v -49688916 10388545 -24778720 
v -49675696 10414762 -24757018 
v -49662480 10440208 -24734570 
v -49652264 10438666 -24684434 
v -49644156 10430955 -24633550 
v -49651064 10399340 -24602870 
v -49639048 10416304 -24581170 
v -49627332 10433268 -24557972 
v -49626132 10407822 -24504096 
v -49627332 10373123 -24450966 
v -49631236 10325315 -24397838 
v -49623128 10330713 -24376886 
v -49599096 10400111 -24385864 
v -49573560 10459485 -24385116 
v -49547124 10511919 -24376136 
v -49520988 10558185 -24361172 
v -49508672 10594426 -24372396 
v -49511376 10620643 -24415796 
v -49516484 10642234 -24460694 
v -49523392 10659969 -24507088 
v -49508672 10670764 -24471918 
v -49502664 10650716 -24426272 
v -49498160 10627583 -24382124 
v -49494256 10680017 -24436000 
v -49488848 10657655 -24391102 
v -49480136 10686957 -24400082 
v -49466316 10693126 -24362668 
v -49475628 10663053 -24355934 
v -49452800 10696981 -24326002 
v -49462712 10666909 -24320014 
v -49439580 10698523 -24288586 
v -49450096 10668451 -24284096 
v -49426964 10698523 -24251172 
v -49485544 10632209 -24348450 
v -49473228 10636065 -24314028 
v -49496656 10599053 -24340218 
v -49509876 10562811 -24331240 
v -49485244 10602908 -24308042 
v -49461512 10637607 -24279608 
v -49438080 10668451 -24248178 
v -49426064 10666137 -24212260 
v -49414648 10696210 -24213758 
v -49414348 10662282 -24176342 
v -49402632 10692355 -24176342 
v -49403232 10656884 -24140424 
v -49391216 10686186 -24138928 
v -49392720 10649173 -24104506 
v -49380100 10678475 -24101514 
v -49369588 10668451 -24064098 
v -49382504 10639920 -24068588 
v -49359676 10657655 -24027432 
v -49373192 10629125 -24033418 
v -49350060 10644547 -23991514 
v -49364180 10616788 -23998996 
v -49341352 10629125 -23955596 
v -49355768 10602137 -23964576 
v -49347960 10585944 -23930902 
v -49333240 10612161 -23921174 
v -49340748 10568209 -23897978 
v -49325728 10593655 -23886752 
v -49333840 10548932 -23866548 
v -49318820 10573607 -23853080 
v -49327832 10528112 -23835120 
v -49312512 10552016 -23820902 
v -49307104 10528883 -23789474 
v -49322724 10505751 -23804440 
v -49302296 10504208 -23758794 
v -49317920 10481847 -23775256 
v -49298092 10477991 -23728862 
v -49314316 10457172 -23746822 
v -49294488 10451003 -23700428 
v -49310708 10430184 -23719134 
v -49308308 10402424 -23693692 
v -49291784 10421702 -23673488 
v -49306204 10373894 -23669000 
v -49289680 10391629 -23648046 
v -49305000 10343821 -23645802 
v -49288780 10360014 -23624102 
v -49304400 10312207 -23623354 
v -49288180 10327629 -23600904 
v -49288480 10294472 -23579204 
v -49304700 10280592 -23603150 
v -49289380 10260544 -23559000 
v -49305904 10247435 -23583694 
v -49291184 10225073 -23541040 
v -49307704 10214278 -23565734 
v -49293588 10189603 -23523830 
v -49310108 10179579 -23550020 
v -49313112 10144109 -23535802 
v -49296892 10153362 -23508864 
v -49316716 10108639 -23523082 
v -49300796 10115578 -23496144 
v -49321224 10072397 -23511858 
v -49305604 10078566 -23484918 
v -49326332 10036156 -23502130 
v -49310708 10040012 -23475192 
v -49316716 10001457 -23466960 
v -49332036 9999144 -23494646 
v -49323628 9962902 -23460226 
v -49338648 9962131 -23488660 
v -49330836 9924348 -23455736 
v -49345556 9925119 -23484170 
v -49338948 9885793 -23453490 
v -49353368 9888107 -23481926 
v -49361476 9850323 -23481178 
v -49347360 9847239 -23452742 
v -49370188 9813311 -23482674 
v -49356672 9808684 -23454238 
v -49379500 9777070 -23485668 
v -49366584 9770130 -23457232 
v -49389416 9740057 -23490156 
v -49376796 9732346 -23462470 
v -49387612 9694563 -23468456 
v -49399928 9704587 -23496892 
v -49399028 9657550 -23477436 
v -49411044 9668346 -23504374 
v -49410744 9621309 -23487164 
v -49422460 9633647 -23514102 
v -49423060 9585839 -23499136 
v -49434176 9599719 -23526074 
v -49446492 9565791 -23538796 
v -49435676 9551140 -23512606 
v -49458808 9533405 -23554510 
v -49448892 9516441 -23528320 
v -49471724 9501019 -23570972 
v -49462112 9484055 -23545530 
v -49484940 9470175 -23588932 
v -49475928 9451669 -23564986 
v -49490048 9420825 -23585190 
v -49498460 9440874 -23608388 
v -49504168 9390753 -23606890 
v -49512280 9412343 -23629340 
v -49518888 9362223 -23630088 
v -49526396 9384584 -23651788 
v -49533608 9334463 -23654782 
v -49540516 9358367 -23674986 
v -49554636 9333692 -23700428 
v -49548328 9309017 -23680972 
v -49568752 9309788 -23726618 
v -49563348 9284342 -23707910 
v -49583172 9288198 -23754304 
v -49578368 9261981 -23737094 
v -49597892 9267378 -23782740 
v -49593388 9240390 -23767026 
v -49608708 9221113 -23797706 
v -49612312 9248872 -23812672 
v -49623728 9202607 -23829134 
v -49627032 9231137 -23843352 
v -49638748 9185643 -23862060 
v -49641452 9215715 -23874780 
v -49653468 9170992 -23895732 
v -49655868 9201065 -23906956 
v -49669688 9188727 -23939882 
v -49668188 9158655 -23930154 
v -49683808 9178703 -23973554 
v -49682908 9147859 -23965324 
v -49697624 9169450 -24007976 
v -49697024 9138606 -24001242 
v -49710844 9162510 -24043146 
v -49711144 9131666 -24037160 
v -49725264 9125498 -24074574 
v -49724360 9157112 -24078316 
v -49738780 9121642 -24111240 
v -49737580 9154028 -24114234 
v -49752000 9120100 -24148656 
v -49750196 9152486 -24150152 
v -49764616 9120100 -24186070 
v -49762812 9152486 -24186070 
v -49774528 9154028 -24221988 
v -49777232 9122413 -24223486 
v -49785944 9157883 -24257906 
v -49789248 9126269 -24260900 
v -49796760 9164052 -24293824 
v -49800664 9132437 -24298314 
v -49807272 9171763 -24329742 
v -49811476 9140148 -24335730 
v -49821992 9150173 -24373144 
v -49817484 9181016 -24365660 
v -49832204 9160968 -24409810 
v -49827100 9191811 -24400830 
v -49841516 9174076 -24445728 
v -49836412 9204149 -24435252 
v -49850228 9189498 -24481646 
v -49844824 9218800 -24469674 
v -49852632 9234993 -24503346 
v -49858340 9206462 -24516068 
v -49859540 9252728 -24536272 
v -49865852 9224968 -24550490 
v -49866152 9272005 -24568448 
v -49872760 9245017 -24584162 
v -49871860 9292824 -24599876 
v -49878768 9266607 -24616340 
v -49884476 9289740 -24648516 
v -49877264 9315186 -24629808 
v -49889280 9314415 -24679196 
v -49882372 9339090 -24658992 
v -49893788 9340632 -24708380 
v -49886276 9363765 -24687428 
v -49897092 9367620 -24736814 
v -49889884 9389982 -24715114 
v -49892284 9417741 -24740556 
v -49899796 9396922 -24763754 
v -49894088 9447043 -24765250 
v -49901596 9426994 -24789196 
v -49894988 9477115 -24789196 
v -49902800 9458609 -24813888 
v -49895288 9507959 -24810896 
v -49903100 9490995 -24836338 
v -49902800 9524152 -24858038 
v -49894988 9540345 -24831848 
v -49901900 9558080 -24878242 
v -49894388 9572730 -24850556 
v -49900396 9593550 -24896202 
v -49892888 9606658 -24868514 
v -49897992 9629020 -24913412 
v -49890484 9641358 -24884228 
v -49887180 9676057 -24898446 
v -49894688 9665261 -24928378 
v -49883572 9711527 -24911168 
v -49890784 9703045 -24941098 
v -49879068 9747768 -24922392 
v -49886276 9740057 -24952324 
v -49873960 9784780 -24932120 
v -49880872 9778612 -24962052 
v -49874864 9817166 -24970282 
v -49867952 9821793 -24939602 
v -49868252 9855721 -24977018 
v -49861644 9858805 -24945588 
v -49860744 9894275 -24981506 
v -49855036 9895818 -24950078 
v -49852932 9932830 -24983752 
v -49847524 9932830 -24952324 
v -49839116 9969842 -24953072 
v -49844220 9971384 -24984500 
v -49830104 10006855 -24951576 
v -49834908 10009939 -24983004 
v -49820488 10043867 -24948582 
v -49825296 10048494 -24980010 
v -49810276 10080108 -24944092 
v -49814784 10086277 -24974772 
v -49803968 10124060 -24968786 
v -49800064 10116350 -24937358 
v -49792852 10161073 -24959806 
v -49789248 10151820 -24929874 
v -49780836 10197314 -24950078 
v -49778132 10187290 -24920146 
v -49768520 10232784 -24938106 
v -49766416 10221218 -24908174 
v -49754100 10255146 -24894704 
v -49755904 10267483 -24924636 
v -49741184 10287532 -24880488 
v -49727364 10302954 -24834842 
v -49739984 10272881 -24850556 
v -49752300 10241266 -24864772 
v -49764016 10208880 -24877494 
v -49775428 10176495 -24887970 
v -49785944 10142567 -24897698 
v -49796156 10108639 -24905930 
v -49806072 10073940 -24911916 
v -49815684 10039240 -24916406 
v -49802164 10067771 -24876746 
v -49792552 10100157 -24870760 
v -49782940 10133314 -24863276 
v -49773028 10164928 -24854296 
v -49762212 10196543 -24843820 
v -49750796 10226616 -24831848 
v -49739080 10256688 -24818378 
v -49727064 10285990 -24803412 
v -49715048 10313749 -24786950 
v -49702732 10340737 -24768992 
v -49690716 10366954 -24749536 
v -49678100 10392400 -24729332 
v -49665484 10416304 -24707632 
v -49657072 10410906 -24655998 
v -49662780 10380063 -24623822 
v -49674496 10360014 -24644026 
v -49669388 10390087 -24677700 
v -49681404 10366954 -24698652 
v -49692820 10343821 -24718108 
v -49704536 10318375 -24736066 
v -49715952 10292929 -24753278 
v -49727664 10266712 -24768244 
v -49739080 10238953 -24782460 
v -49750196 10211194 -24795182 
v -49760708 10181892 -24806406 
v -49770624 10152591 -24816134 
v -49780236 10122518 -24825114 
v -49789548 10091675 -24831848 
v -49798260 10060831 -24837834 
v -49811176 10034614 -24881236 
v -49824996 10003770 -24918650 
v -49833708 9968300 -24920146 
v -49820188 10000686 -24883480 
v -49806972 10029216 -24841576 
v -49815384 9997602 -24843820 
v -49828300 9967529 -24884228 
v -49841820 9932830 -24919398 
v -49849028 9897360 -24917154 
v -49855336 9861890 -24913412 
v -49861344 9826419 -24907426 
v -49866752 9790949 -24899942 
v -49871860 9756250 -24890964 
v -49859844 9797889 -24865522 
v -49854736 9831817 -24872256 
v -49849028 9865745 -24878242 
v -49843020 9899673 -24881236 
v -49836112 9933601 -24883480 
v -49823192 9965987 -24844570 
v -49830404 9933601 -24844570 
v -49837012 9901986 -24842324 
v -49842720 9869600 -24838582 
v -49847828 9837215 -24834092 
v -49852932 9805600 -24827358 
v -49864648 9764732 -24857290 
v -49876364 9721551 -24880488 
v -49879968 9687623 -24867766 
v -49868856 9731575 -24846814 
v -49857440 9774756 -24819128 
v -49861344 9743142 -24809400 
v -49872760 9699189 -24834842 
v -49882972 9653695 -24854296 
v -49885376 9620538 -24839330 
v -49886576 9588152 -24822120 
v -49887180 9556538 -24804162 
v -49887480 9526465 -24783958 
v -49887180 9496392 -24763004 
v -49879368 9545742 -24755522 
v -49879368 9575044 -24774230 
v -49878768 9605116 -24791440 
v -49877564 9635960 -24807154 
v -49875464 9667575 -24822120 
v -49864948 9712298 -24798174 
v -49867952 9682225 -24785454 
v -49869756 9652924 -24771984 
v -49870956 9623622 -24757018 
v -49871256 9595092 -24740556 
v -49871556 9567333 -24722598 
v -49879368 9517212 -24735318 
v -49886276 9467862 -24740556 
v -49884776 9440103 -24716610 
v -49878468 9490224 -24713618 
v -49871256 9541116 -24703890 
v -49870656 9514899 -24683686 
v -49876964 9464007 -24691168 
v -49882372 9413115 -24691918 
v -49879068 9388440 -24665726 
v -49875164 9363765 -24638788 
v -49870356 9341403 -24611102 
v -49864948 9319813 -24581918 
v -49859540 9299764 -24551986 
v -49858040 9349114 -24562462 
v -49863148 9369933 -24590150 
v -49867652 9391524 -24617088 
v -49871556 9414657 -24642530 
v -49874864 9438561 -24667224 
v -49869156 9490224 -24661986 
v -49867052 9466320 -24639536 
v -49864048 9443958 -24616340 
v -49860444 9421597 -24592394 
v -49855936 9401548 -24566952 
v -49851132 9382271 -24540762 
v -49852932 9330608 -24534028 
v -49853232 9281258 -24520558 
v -49846624 9264294 -24489130 
v -49847224 9312873 -24504844 
v -49846324 9363765 -24513824 
v -49840916 9347572 -24486136 
v -49840916 9296680 -24474164 
v -49839416 9248872 -24456952 
v -49831004 9234993 -24424028 
v -49822292 9223426 -24391102 
v -49812980 9212631 -24357430 
v -49803068 9204149 -24323756 
v -49793152 9196438 -24289334 
v -49799160 9238848 -24316274 
v -49808472 9247330 -24349198 
v -49817484 9257354 -24380626 
v -49825896 9268921 -24412804 
v -49833708 9282029 -24443484 
v -49834908 9332150 -24457702 
v -49828300 9318270 -24428518 
v -49821092 9305933 -24399334 
v -49812980 9295138 -24369402 
v -49804268 9285885 -24338722 
v -49795556 9277403 -24308790 
v -49789548 9231908 -24284096 
v -49782640 9191040 -24254914 
v -49772124 9187185 -24219744 
v -49779936 9226511 -24251172 
v -49786544 9271234 -24277362 
v -49777232 9266607 -24246682 
v -49769720 9223426 -24218246 
v -49760708 9185643 -24185322 
v -49748692 9185643 -24150900 
v -49736376 9187185 -24116478 
v -49723760 9190269 -24082806 
v -49710844 9195667 -24049132 
v -49697928 9201836 -24015460 
v -49711144 9230366 -24055118 
v -49723460 9225739 -24087296 
v -49735776 9222655 -24119472 
v -49747492 9221113 -24152398 
v -49758908 9221884 -24184574 
v -49767620 9263523 -24215254 
v -49757704 9261210 -24183826 
v -49746892 9261210 -24153146 
v -49735476 9262752 -24122466 
v -49724060 9265836 -24091786 
v -49712344 9269692 -24061106 
v -49699128 9237306 -24022942 
v -49685008 9210318 -23982534 
v -49671792 9221113 -23950358 
v -49686812 9245017 -23991514 
v -49700932 9275860 -24031174 
v -49689516 9283571 -24001990 
v -49674196 9255041 -23960834 
v -49658272 9232679 -23918182 
v -49644456 9245788 -23887500 
v -49630636 9261210 -23857570 
v -49616516 9277403 -23828386 
v -49602400 9295909 -23799950 
v -49588580 9315186 -23772264 
v -49608108 9326752 -23817910 
v -49621324 9309017 -23844848 
v -49634840 9293595 -23872536 
v -49648360 9278945 -23900970 
v -49661276 9266607 -23930902 
v -49677500 9292824 -23972806 
v -49665484 9303620 -23943624 
v -49653168 9315957 -23915936 
v -49640248 9329066 -23888998 
v -49627632 9344487 -23862808 
v -49615016 9360680 -23837366 
v -49594888 9345259 -23791720 
v -49575064 9336777 -23746074 
v -49561244 9359138 -23720632 
v -49581972 9365307 -23766278 
v -49602700 9378415 -23812672 
v -49590384 9396922 -23788726 
v -49569356 9386897 -23742332 
v -49547724 9383042 -23696686 
v -49534208 9407717 -23673488 
v -49520988 9433934 -23652536 
v -49507472 9461693 -23632332 
v -49494256 9490224 -23613626 
v -49481936 9519525 -23596414 
v -49505068 9511814 -23640564 
v -49517684 9484055 -23658524 
v -49530304 9458609 -23677230 
v -49543220 9433163 -23697434 
v -49556136 9409259 -23719134 
v -49578368 9417741 -23766278 
v -49566352 9439332 -23744576 
v -49554036 9461693 -23723624 
v -49541716 9484826 -23704918 
v -49529700 9509501 -23686958 
v -49517684 9534947 -23669748 
v -49493352 9539574 -23624102 
v -49469620 9550369 -23580700 
v -49457904 9581212 -23566482 
v -49481636 9568875 -23609136 
v -49506572 9561935 -23654034 
v -49495756 9589694 -23639816 
v -49470524 9598948 -23595666 
v -49446192 9613598 -23553762 
v -49434776 9646755 -23542538 
v -49423660 9679912 -23533558 
v -49413144 9713840 -23525326 
v -49403232 9748539 -23519340 
v -49393620 9783238 -23514850 
v -49418252 9757792 -23550768 
v -49427864 9724635 -23556756 
v -49438080 9692250 -23563490 
v -49448592 9660635 -23572470 
v -49459708 9629020 -23582946 
v -49485244 9617454 -23627094 
v -49475028 9646755 -23615870 
v -49464516 9676057 -23606142 
v -49454600 9706129 -23597162 
v -49444688 9736973 -23590428 
v -49435676 9767816 -23585190 
v -49409240 9790949 -23546278 
v -49384908 9818708 -23511858 
v -49376496 9854179 -23511110 
v -49400828 9824106 -23544034 
v -49427264 9799431 -23580700 
v -49419456 9831046 -23578456 
v -49393320 9858034 -23542538 
v -49368988 9889649 -23511110 
v -49361176 9925119 -23514102 
v -49354268 9961360 -23517844 
v -49347960 9996830 -23523830 
v -49342252 10031530 -23531314 
v -49337744 10067000 -23540292 
v -49360576 10026903 -23561994 
v -49365684 9993746 -23554510 
v -49371992 9959818 -23549272 
v -49378600 9925890 -23545530 
v -49385808 9891962 -23543286 
v -49412244 9862661 -23577708 
v -49405336 9895046 -23577708 
v -49398428 9926661 -23579952 
v -49392116 9959047 -23583694 
v -49386108 9990662 -23588932 
v -49381004 10022276 -23595666 
v -49356068 10060831 -23570224 
v -49333540 10101699 -23550768 
v -49330236 10135627 -23562742 
v -49352164 10093988 -23580700 
v -49376796 10053891 -23603898 
v -49373192 10085506 -23612878 
v -49348860 10126374 -23591924 
v -49327232 10169555 -23576210 
v -49324828 10201941 -23591924 
v -49323024 10234326 -23609136 
v -49321824 10265941 -23627094 
v -49321524 10296785 -23647298 
v -49322124 10326086 -23668250 
v -49340448 10279821 -23671992 
v -49340748 10250519 -23653284 
v -49341952 10220447 -23636074 
v -49343752 10189603 -23619612 
v -49346156 10157988 -23605394 
v -49370488 10115578 -23624102 
v -49367784 10146422 -23636074 
v -49365384 10175724 -23650292 
v -49363580 10205025 -23665258 
v -49362680 10233555 -23681720 
v -49362076 10260544 -23699680 
v -49341048 10307580 -23692196 
v -49323328 10355388 -23690700 
v -49325428 10383147 -23713896 
v -49342552 10335339 -23713148 
v -49362680 10287532 -23719134 
v -49364180 10313749 -23738590 
v -49344656 10361557 -23735598 
v -49328132 10409364 -23738590 
v -49331136 10434810 -23764780 
v -49334740 10458714 -23792468 
v -49338948 10481076 -23820154 
v -49344052 10502666 -23849338 
v -49349760 10522715 -23879270 
v -49361776 10475678 -23865052 
v -49357272 10455630 -23837366 
v -49353368 10434039 -23810426 
v -49350060 10410906 -23784236 
v -49347056 10387003 -23759542 
v -49366284 10338424 -23760292 
v -49368688 10362328 -23782740 
v -49371088 10384689 -23805936 
v -49374396 10406280 -23830630 
v -49378000 10427099 -23856072 
v -49382504 10446377 -23882262 
v -49367484 10494955 -23893488 
v -49356372 10541221 -23909950 
v -49363580 10558185 -23941378 
v -49373792 10512690 -23922670 
v -49387612 10464112 -23909202 
v -49393920 10481076 -23936140 
v -49380704 10528883 -23952602 
v -49371088 10573607 -23973554 
v -49378900 10587486 -24006480 
v -49387612 10599824 -24040152 
v -49396324 10609848 -24073826 
v -49405936 10619101 -24107500 
v -49416148 10626041 -24141920 
v -49420956 10586715 -24111240 
v -49411644 10578233 -24078316 
v -49403232 10568209 -24046140 
v -49395724 10556643 -24014710 
v -49387912 10543534 -23983282 
v -49400228 10496497 -23964576 
v -49407136 10510377 -23993758 
v -49414348 10522715 -24022942 
v -49421556 10533510 -24053622 
v -49429668 10542763 -24083554 
v -49438080 10550474 -24114234 
v -49430568 10593655 -24143418 
v -49426964 10631438 -24176342 
v -49438380 10635294 -24210764 
v -49441084 10598281 -24176342 
v -49447692 10557414 -24144914 
v -49449796 10637607 -24245186 
v -49451896 10602137 -24209268 
v -49457304 10562040 -24176342 
v -49473828 10604450 -24275118 
v -49499060 10565896 -24299810 
v -49515584 10525028 -24291580 
v -49525496 10521943 -24320014 
v -49536008 10517317 -24348450 
v -49563048 10465654 -24359674 
v -49589480 10408593 -24364164 
v -49614416 10340737 -24358926 
v -49629736 10272110 -24328994 
v -49637844 10259772 -24343212 
v -49644156 10258230 -24361920 
v -49639048 10318375 -24417294 
v -49636944 10360785 -24471170 
v -49636644 10393171 -24526544 
v -49647760 10378521 -24547496 
v -49658572 10362328 -24567700 
v -49669388 10344593 -24587156 
v -49679904 10326086 -24605114 
v -49685608 10339195 -24663482 
v -49696424 10316833 -24681440 
v -49690416 10306809 -24623074 
v -49685308 10286761 -24560966 
v -49675696 10303725 -24545252 
v -49666084 10320689 -24528788 
v -49656472 10333797 -24510082 
v -49646856 10346906 -24489878 
v -49647760 10306038 -24433008 
v -49656472 10292158 -24448722 
v -49664884 10282905 -24467428 
v -49672992 10272881 -24485388 
v -49681404 10256688 -24498108 
v -49689816 10239724 -24510830 
v -49694620 10269797 -24578176 
v -49700328 10286761 -24640284 
v -49707240 10293701 -24698652 
v -49718052 10269797 -24714366 
v -49728868 10245122 -24728584 
v -49739380 10219676 -24741304 
v -49749596 10193459 -24753278 
v -49759808 10166470 -24763754 
v -49769120 10138711 -24773482 
v -49758308 10147964 -24715862 
v -49749296 10173410 -24706134 
v -49739984 10197314 -24695658 
v -49730068 10220447 -24682938 
v -49720156 10243580 -24669468 
v -49710244 10265170 -24655250 
v -49712644 10232784 -24606612 
v -49703936 10252833 -24593890 
v -49721656 10211965 -24618584 
v -49730668 10191916 -24632054 
v -49739380 10171868 -24644026 
v -49747792 10149506 -24653006 
v -49755904 10126374 -24660488 
v -49767020 10122518 -24724842 
v -49777832 10110181 -24781712 
v -49786544 10081650 -24788446 
v -49775428 10097072 -24732324 
v -49763712 10104012 -24669468 
v -49751096 10100928 -24596884 
v -49744488 10121747 -24591646 
v -49737280 10141796 -24586408 
v -49729468 10158760 -24573686 
v -49721656 10174952 -24560966 
v -49713848 10194230 -24551986 
v -49719256 10131771 -24494368 
v -49726164 10119434 -24508586 
v -49732772 10107868 -24522054 
v -49738180 10089361 -24523550 
v -49727968 10080879 -24471918 
v -49721656 10075482 -24441238 
v -49729168 10056976 -24450218 
v -49743588 10070084 -24524300 
v -49758608 10081650 -24606612 
v -49771524 10081650 -24676952 
v -49783240 10070855 -24738312 
v -49794956 10053120 -24793686 
v -49803068 10023819 -24796678 
v -49810576 9993746 -24798924 
v -49818088 9964445 -24799672 
v -49824696 9934372 -24799672 
v -49831004 9904300 -24797426 
v -49818088 9935143 -24748040 
v -49812080 9962131 -24748788 
v -49805468 9989891 -24748788 
v -49798260 10016879 -24746542 
v -49790752 10043867 -24742802 
v -49778432 10056976 -24681440 
v -49765516 10063144 -24614842 
v -49750196 10055433 -24535524 
v -49732772 10034614 -24441238 
v -49717752 10027674 -24375388 
v -49714148 10080879 -24418790 
v -49712644 10150278 -24489878 
v -49706036 10212736 -24542258 
v -49698228 10226616 -24527292 
v -49692820 10184977 -24453212 
v -49685608 10201941 -24444980 
v -49678700 10217362 -24436748 
v -49672092 10223531 -24420286 
v -49665484 10228158 -24402328 
v -49657372 10242808 -24391102 
v -49649860 10256688 -24379878 
v -49673592 10154133 -24349198 
v -49665784 10176495 -24344708 
v -49679000 10157988 -24371648 
v -49681704 10174181 -24399334 
v -49687712 10144880 -24388110 
v -49686812 10090132 -24327498 
v -49681704 10068542 -24288586 
v -49670588 10111723 -24295322 
v -49657672 10207338 -24350694 
v -49657072 10186519 -24326002 
v -49652864 10178037 -24304300 
v -49668488 10083964 -24260152 
v -49693720 9922035 -24185322 
v -49694620 10048494 -24313280 
v -49694320 10121747 -24387362 
v -49699728 10176495 -24469674 
v -49706336 10167242 -24484640 
v -49709040 10104012 -24423280 
v -49707540 10022276 -24332736 
v -49718956 9992975 -24346954 
v -49740584 10025361 -24461442 
v -49756504 10041554 -24546000 
v -49760408 10023048 -24543754 
v -49771224 10041554 -24617088 
v -49785044 10033072 -24684434 
v -49791952 10009168 -24688924 
v -49798560 9984493 -24691918 
v -49804268 9959818 -24691168 
v -49809676 9935143 -24689672 
v -49823796 9907384 -24746542 
v -49836112 9874227 -24794434 
v -49841216 9844926 -24789944 
v -49828900 9879625 -24744298 
v -49814784 9910468 -24688924 
v -49797960 9934372 -24622326 
v -49793756 9956734 -24625318 
v -49789248 9978324 -24628312 
v -49783240 9999144 -24623074 
v -49776632 10019963 -24617836 
v -49764616 10002999 -24541510 
v -49770624 9986035 -24549742 
v -49776332 9969842 -24557224 
v -49779336 9952107 -24551238 
v -49781736 9932830 -24545252 
v -49803068 9912782 -24623822 
v -49819888 9885793 -24687428 
v -49833408 9852636 -24739808 
v -49845724 9814853 -24783208 
v -49849928 9785552 -24775726 
v -49853836 9756250 -24766746 
v -49857140 9727720 -24756270 
v -49859844 9699960 -24745046 
v -49861644 9672201 -24731576 
v -49850228 9719238 -24697904 
v -49848128 9745455 -24709128 
v -49845124 9771672 -24718856 
v -49841516 9797889 -24727086 
v -49837612 9824877 -24733822 
v -49823492 9861118 -24682190 
v -49807572 9891191 -24624570 
v -49787144 9914324 -24549742 
v -49761612 9930517 -24456952 
v -49761912 9948252 -24473416 
v -49742384 9949794 -24395592 
v -49756504 9970613 -24471918 
v -49748692 9983722 -24453960 
v -49746892 10004541 -24467428 
v -49748092 10023819 -24492122 
v -49730972 9989891 -24389606 
v -49765216 9962902 -24501850 
v -49729168 9961360 -24355184 
v -49737580 9927432 -24357430 
v -49769420 9913553 -24471918 
v -49791952 9896589 -24554230 
v -49793452 9879625 -24545252 
v -49810576 9870372 -24617836 
v -49827100 9836444 -24676202 
v -49830704 9811769 -24670964 
v -49834308 9787865 -24664978 
v -49836712 9764732 -24655250 
v -49838512 9741599 -24644774 
v -49852032 9693792 -24686678 
v -49862544 9644442 -24718108 
v -49863148 9618225 -24702394 
v -49853232 9668346 -24673958 
v -49840316 9717696 -24635046 
v -49822892 9766274 -24583414 
v -49821992 9785552 -24594638 
v -49820488 9805600 -24604366 
v -49816884 9827190 -24608108 
v -49812980 9848781 -24610352 
v -49794656 9862661 -24535524 
v -49798860 9843383 -24537020 
v -49802768 9824877 -24537020 
v -49802768 9809455 -24525796 
v -49802464 9794034 -24513074 
v -49824996 9744684 -24576680 
v -49841516 9695334 -24624570 
v -49853532 9644442 -24659740 
v -49863148 9592779 -24685930 
v -49863148 9567333 -24668720 
v -49862244 9543429 -24649264 
v -49861044 9520296 -24629060 
v -49858940 9497935 -24608108 
v -49856236 9476344 -24586408 
v -49849928 9534176 -24572938 
v -49851432 9554224 -24592394 
v -49852932 9575044 -24611102 
v -49853532 9597405 -24627564 
v -49853532 9620538 -24644026 
v -49841820 9673743 -24610352 
v -49826800 9724635 -24569196 
v -49805468 9774756 -24510082 
v -49777532 9825648 -24433008 
v -49780836 9836444 -24453960 
v -49757404 9867287 -24384368 
v -49778432 9857263 -24460694 
v -49771824 9877311 -24450218 
v -49773328 9891962 -24468926 
v -49778432 9900444 -24498858 
v -49751096 9908155 -24394096 
v -49787748 9839528 -24484640 
v -49743588 9893504 -24352192 
v -49747192 9861118 -24341716 
v -49783240 9804058 -24439742 
v -49808172 9756250 -24507088 
v -49806672 9743913 -24492870 
v -49826496 9706900 -24554980 
v -49841516 9652924 -24596136 
v -49841820 9631333 -24581918 
v -49841516 9611285 -24567700 
v -49840016 9592779 -24550490 
v -49837912 9575044 -24531782 
v -49847224 9514128 -24552734 
v -49852932 9456296 -24563958 
v -49848728 9437018 -24540762 
v -49844220 9495621 -24532530 
v -49835812 9556538 -24514572 
v -49822592 9621309 -24485388 
v -49824996 9635960 -24502598 
v -49826800 9650611 -24519062 
v -49826496 9669888 -24530286 
v -49825896 9689936 -24540762 
v -49804868 9730804 -24477904 
v -49806672 9712298 -24471918 
v -49808172 9694563 -24465184 
v -49805468 9684539 -24449470 
v -49802464 9674514 -24432260 
v -49821392 9604345 -24471170 
v -49833708 9538802 -24496612 
v -49840316 9477886 -24510082 
v -49844220 9419283 -24516068 
v -49839716 9402319 -24490626 
v -49834608 9386897 -24465184 
v -49828900 9373018 -24438246 
v -49822892 9359909 -24411306 
v -49815984 9348343 -24383620 
v -49816584 9406946 -24391852 
v -49822292 9418512 -24416544 
v -49827400 9431621 -24441238 
v -49831904 9446271 -24464436 
v -49836412 9461693 -24487632 
v -49829804 9524152 -24476408 
v -49819888 9587381 -24456952 
v -49802464 9657550 -24422532 
v -49777232 9735431 -24371648 
v -49783240 9736973 -24394844 
v -49760408 9793262 -24343960 
v -49784140 9754708 -24409062 
v -49779336 9777841 -24406068 
v -49784140 9784009 -24429266 
v -49792252 9780925 -24459198 
v -49760408 9827962 -24367158 
v -49792252 9728491 -24423280 
v -49748692 9830275 -24325252 
v -49747192 9804058 -24302804 
v -49780536 9711527 -24370150 
v -49802164 9641358 -24412804 
v -49798260 9634418 -24395592 
v -49816284 9575815 -24438246 
v -49825896 9510272 -24455456 
v -49822292 9494850 -24435252 
v -49818388 9481742 -24414300 
v -49813580 9470946 -24391852 
v -49808172 9460922 -24369402 
v -49810276 9396151 -24366410 
v -49808472 9338319 -24355934 
v -49800364 9329066 -24327498 
v -49803368 9386126 -24340968 
v -49802768 9450127 -24346954 
v -49796760 9522610 -24343960 
v -49801564 9529549 -24364912 
v -49806672 9537260 -24385116 
v -49809376 9550369 -24402328 
v -49812080 9565020 -24418790 
v -49793756 9628249 -24376886 
v -49792552 9612827 -24364912 
v -49791052 9598948 -24352192 
v -49786244 9595863 -24334232 
v -49780836 9592779 -24315526 
v -49792252 9511043 -24324504 
v -49796760 9440874 -24323756 
v -49795856 9378415 -24314776 
v -49792252 9321355 -24299062 
v -49783840 9315957 -24270628 
v -49775128 9311331 -24241444 
v -49766116 9308246 -24212260 
v -49756804 9306704 -24183078 
v -49746592 9306704 -24153894 
v -49755604 9358367 -24181580 
v -49764316 9359138 -24208520 
v -49772724 9361451 -24235458 
v -49780536 9366078 -24261648 
v -49788348 9372247 -24288586 
v -49789848 9434705 -24300560 
v -49787748 9501019 -24305798 
v -49778132 9580441 -24300560 
v -49761012 9672972 -24283348 
v -49768520 9666032 -24305050 
v -49750496 9738515 -24279608 
v -49772424 9677599 -24323756 
v -49770924 9699960 -24330492 
v -49777832 9697647 -24352940 
v -49787144 9682996 -24379130 
v -49757104 9763190 -24314028 
v -49777832 9646755 -24327498 
v -49743288 9781696 -24276614 
v -49736980 9764732 -24247430 
v -49760708 9652153 -24272872 
v -49775128 9568875 -24285594 
v -49769120 9569646 -24267634 
v -49781436 9497935 -24284846 
v -49782940 9429307 -24276614 
v -49776032 9423139 -24252668 
v -49769120 9418512 -24228724 
v -49761312 9416970 -24204778 
v -49753200 9416970 -24180832 
v -49746592 9357596 -24155390 
v -49736076 9307475 -24125458 
v -49725564 9310559 -24097024 
v -49736980 9358367 -24128452 
v -49745088 9415428 -24156886 
v -49748996 9484055 -24180084 
v -49756504 9482513 -24201784 
v -49763412 9481742 -24222736 
v -49768820 9487910 -24242940 
v -49774828 9495621 -24263144 
v -49762812 9570417 -24248926 
v -49758608 9561164 -24231716 
v -49754700 9551911 -24216002 
v -49748392 9556538 -24198044 
v -49741484 9561164 -24180084 
v -49742084 9480971 -24159132 
v -49736980 9415428 -24132942 
v -49727064 9361451 -24102262 
v -49714448 9314415 -24068588 
v -49703936 9320584 -24040152 
v -49693120 9327523 -24012466 
v -49682004 9336005 -23985528 
v -49670892 9346030 -23958588 
v -49659176 9357596 -23932398 
v -49676596 9394608 -23975800 
v -49687112 9384584 -24000494 
v -49697024 9376873 -24025188 
v -49707240 9370705 -24050630 
v -49717152 9365307 -24076820 
v -49727968 9419283 -24109744 
v -49734876 9479428 -24138180 
v -49736076 9554995 -24162124 
v -49731272 9649068 -24180832 
v -49739080 9634418 -24198044 
v -49730068 9712298 -24201784 
v -49745688 9637502 -24218996 
v -49747492 9656008 -24233212 
v -49755304 9645213 -24252668 
v -49764016 9621309 -24270628 
v -49741484 9721551 -24242192 
v -49746592 9607430 -24210764 
v -49728268 9753937 -24215254 
v -49718052 9749310 -24182328 
v -49727664 9633647 -24164370 
v -49730972 9550369 -24144914 
v -49724060 9558080 -24128452 
v -49727064 9484055 -24117976 
v -49718652 9423910 -24085798 
v -49709944 9426994 -24062602 
v -49700932 9431621 -24039404 
v -49691920 9440103 -24017704 
v -49682304 9449356 -23996004 
v -49666084 9404633 -23951854 
v -49647460 9369933 -23907704 
v -49635444 9383813 -23883012 
v -49655268 9415428 -23927908 
v -49672992 9457838 -23973554 
v -49687412 9512585 -24019200 
v -49695524 9502561 -24037908 
v -49703632 9493308 -24055868 
v -49711444 9491766 -24076820 
v -49719256 9490224 -24097772 
v -49717152 9566562 -24112738 
v -49710544 9564248 -24094030 
v -49704236 9561935 -24076072 
v -49697624 9572730 -24061854 
v -49690716 9585068 -24047636 
v -49679000 9517983 -23998996 
v -49663080 9467091 -23951854 
v -49644156 9428536 -23906208 
v -49623728 9399235 -23859066 
v -49612312 9415428 -23835868 
v -49600896 9433163 -23813420 
v -49589480 9452440 -23792468 
v -49578368 9472489 -23772264 
v -49566652 9493308 -23753556 
v -49591584 9510272 -23804440 
v -49602100 9491766 -23823148 
v -49612312 9474031 -23841856 
v -49622824 9457838 -23862808 
v -49633640 9443187 -23883760 
v -49653468 9479428 -23932398 
v -49670288 9524152 -23979542 
v -49683508 9585839 -24028928 
v -49692520 9666804 -24080560 
v -49699428 9646755 -24090288 
v -49701532 9718467 -24122466 
v -49707540 9640586 -24109744 
v -49712644 9652924 -24129948 
v -49720156 9635189 -24142670 
v -49726464 9605116 -24150152 
v -49716552 9711527 -24162124 
v -49703936 9615912 -24091786 
v -49706336 9751624 -24150152 
v -49693720 9760877 -24118724 
v -49685912 9659093 -24059608 
v -49676296 9588152 -24011718 
v -49669988 9602032 -23999746 
v -49662180 9537260 -23963826 
v -49643852 9493308 -23913692 
v -49634240 9506417 -23893488 
v -49624628 9519525 -23874780 
v -49615316 9536489 -23857570 
v -49606004 9553453 -23841856 
v -49581072 9529549 -23786482 
v -49555236 9515670 -23735598 
v -49543820 9538031 -23718386 
v -49570556 9549598 -23770018 
v -49596392 9570417 -23825392 
v -49621024 9603574 -23886004 
v -49628832 9586610 -23897978 
v -49636644 9570417 -23911446 
v -49645356 9560393 -23929406 
v -49653768 9551140 -23948112 
v -49663380 9616683 -23988520 
v -49655568 9621309 -23970562 
v -49648060 9626707 -23954100 
v -49642052 9642900 -23945868 
v -49636044 9659864 -23936888 
v -49612012 9616683 -23869542 
v -49586776 9588152 -23809678 
v -49560044 9571188 -23755052 
v -49533004 9561935 -23702672 
v -49522192 9587381 -23688454 
v -49512280 9612827 -23674986 
v -49502364 9639044 -23663012 
v -49492752 9666032 -23652536 
v -49483140 9693792 -23642808 
v -49513180 9688394 -23694442 
v -49521892 9663719 -23703420 
v -49530904 9639044 -23714646 
v -49540216 9615912 -23726618 
v -49550128 9592779 -23740836 
v -49577764 9607430 -23796210 
v -49603300 9630562 -23854576 
v -49627932 9668346 -23921174 
v -49651364 9723864 -23996752 
v -49655568 9700732 -23997500 
v -49669388 9754708 -24053622 
v -49663980 9686852 -24013962 
v -49672092 9690707 -24035664 
v -49677500 9668346 -24040902 
v -49679904 9638273 -24037160 
v -49685608 9733117 -24085798 
v -49655868 9670659 -23987772 
v -49680804 9775527 -24090288 
v -49667584 9796347 -24065594 
v -49642052 9724635 -23975052 
v -49620124 9676828 -23906208 
v -49615016 9694563 -23900970 
v -49596092 9648297 -23844848 
v -49569056 9628249 -23784236 
v -49560044 9648297 -23771516 
v -49551032 9668346 -23759542 
v -49543220 9690707 -23750564 
v -49535408 9713840 -23743080 
v -49504168 9713840 -23685462 
v -49473828 9721551 -23635326 
v -49464816 9750081 -23628592 
v -49495456 9739286 -23677978 
v -49527300 9736202 -23734100 
v -49559440 9742370 -23799950 
v -49565748 9721551 -23804440 
v -49572060 9700732 -23810426 
v -49580468 9684539 -23823148 
v -49588880 9667575 -23835868 
v -49609608 9713069 -23895732 
v -49601496 9724635 -23882262 
v -49593688 9736973 -23869542 
v -49589480 9754708 -23867298 
v -49585276 9773985 -23865800 
v -49551932 9760877 -23790222 
v -49519188 9759334 -23726618 
v -49487344 9765503 -23671992 
v -49456104 9779383 -23623354 
v -49448292 9808684 -23619612 
v -49441084 9837986 -23617366 
v -49434176 9868058 -23616618 
v -49427864 9898131 -23616618 
v -49421256 9928203 -23618864 
v -49453400 9901986 -23661516 
v -49459108 9874227 -23660768 
v -49465416 9846468 -23661516 
v -49472024 9819480 -23663762 
v -49479536 9792491 -23667502 
v -49512280 9783238 -23722128 
v -49544120 9780154 -23781992 
v -49577464 9788636 -23855324 
v -49612912 9810226 -23943624 
v -49613812 9788636 -23935392 
v -49638748 9817166 -24005732 
v -49621324 9769359 -23944372 
v -49631236 9763961 -23966072 
v -49633940 9740828 -23962330 
v -49632140 9713840 -23947364 
v -49653768 9783238 -24026684 
v -49609608 9764732 -23915936 
v -49654968 9821793 -24046140 
v -49643552 9851094 -24031922 
v -49602700 9820251 -23923420 
v -49570256 9803287 -23844848 
v -49567252 9821793 -23846344 
v -49539012 9801744 -23779746 
v -49505668 9807142 -23719134 
v -49498460 9831046 -23714646 
v -49492152 9855721 -23711652 
v -49486744 9880396 -23711652 
v -49481636 9905071 -23713896 
v -49447392 9928974 -23663012 
v -49415548 9958276 -23622604 
v -49410140 9987577 -23627094 
v -49441984 9956734 -23666006 
v -49475928 9929746 -23713896 
v -49512880 9908926 -23774508 
v -49516484 9886564 -23770768 
v -49520388 9864974 -23768522 
v -49526996 9844154 -23773760 
v -49533908 9823335 -23778998 
v -49563948 9841070 -23849338 
v -49557040 9858034 -23841106 
v -49550128 9874998 -23834372 
v -49548328 9892733 -23838862 
v -49546824 9911239 -23844848 
v -49507172 9930517 -23773012 
v -49470824 9954420 -23715394 
v -49437180 9983722 -23670496 
v -49405336 10016879 -23633082 
v -49401432 10046951 -23640564 
v -49398124 10075482 -23649544 
v -49395424 10104783 -23660020 
v -49393020 10132542 -23671244 
v -49390916 10160302 -23684714 
v -49421256 10117121 -23711652 
v -49423360 10091675 -23701176 
v -49425764 10064686 -23691448 
v -49429068 10038469 -23683216 
v -49432972 10011481 -23676482 
v -49466916 9979095 -23720632 
v -49501764 9952107 -23772264 
v -49540516 9929746 -23840358 
v -49583772 9914324 -23927160 
v -49581372 9896589 -23912194 
v -49614116 9895818 -23985528 
v -49586776 9874998 -23913692 
v -49596992 9861118 -23930154 
v -49596092 9841070 -23918182 
v -49589780 9821022 -23894984 
v -49625228 9854950 -23991514 
v -49572660 9881938 -23886004 
v -49633040 9883480 -24023690 
v -49624928 9917408 -24022194 
v -49573560 9931288 -23913692 
v -49534508 9947481 -23837366 
v -49534208 9964445 -23845596 
v -49499360 9972927 -23778998 
v -49463612 10003770 -23727366 
v -49459708 10028445 -23732604 
v -49456404 10052349 -23738590 
v -49454600 10075482 -23748318 
v -49453100 10098614 -23758794 
v -49419456 10142567 -23723624 
v -49389112 10187290 -23698930 
v -49387912 10214278 -23713896 
v -49417652 10168013 -23736346 
v -49450696 10122518 -23768522 
v -49487944 10077024 -23813420 
v -49488548 10056976 -23802196 
v -49489148 10037698 -23792468 
v -49493052 10016108 -23788726 
v -49497260 9993746 -23785734 
v -49533908 9982180 -23854576 
v -49528800 10001457 -23853828 
v -49523992 10019963 -23853828 
v -49524896 10035385 -23865052 
v -49526396 10050807 -23877774 
v -49485244 10098614 -23820154 
v -49449196 10144880 -23778998 
v -49416752 10191916 -23750564 
v -49387612 10239724 -23731108 
v -49388212 10264399 -23748318 
v -49389416 10289074 -23767026 
v -49391216 10312207 -23787230 
v -49393620 10334568 -23808182 
v -49396024 10356159 -23829882 
v -49421856 10302954 -23837366 
v -49419756 10282134 -23817910 
v -49417952 10261315 -23799202 
v -49417052 10238953 -23781992 
v -49416752 10215820 -23766278 
v -49448892 10166470 -23792468 
v -49482840 10118663 -23827638 
v -49522192 10070084 -23880018 
v -49568452 10019192 -23951854 
v -49562444 10009168 -23931650 
v -49599096 9977553 -23996752 
v -49564848 9987577 -23924916 
v -49574160 9967529 -23934644 
v -49569956 9953649 -23916684 
v -49559140 9944396 -23888250 
v -49605104 9936685 -23987024 
v -49550128 10006084 -23902466 
v -49618920 9951336 -24026684 
v -49615016 9983722 -24037160 
v -49560044 10041554 -23945868 
v -49518588 10088590 -23883760 
v -49520988 10100928 -23897978 
v -49483740 10136398 -23841106 
v -49449196 10187290 -23807434 
v -49448892 10208880 -23821652 
v -49449496 10228929 -23835868 
v -49451296 10247435 -23853080 
v -49453700 10265170 -23871038 
v -49423960 10322231 -23856820 
v -49399028 10376207 -23852332 
v -49402332 10394713 -23876276 
v -49426664 10341508 -23877774 
v -49455204 10283676 -23888250 
v -49488548 10221218 -23911446 
v -49485544 10207338 -23894236 
v -49482840 10192688 -23877774 
v -49483740 10173410 -23866548 
v -49484940 10153362 -23856072 
v -49523692 10114036 -23912194 
v -49520988 10132542 -23918930 
v -49518588 10150278 -23925664 
v -49522192 10160302 -23941378 
v -49526696 10170326 -23958588 
v -49488848 10238953 -23925664 
v -49457304 10301411 -23906956 
v -49429968 10358472 -23899474 
v -49406536 10413220 -23900970 
v -49411644 10429413 -23925664 
v -49417052 10445605 -23951854 
v -49423060 10459485 -23978044 
v -49429668 10472594 -24004984 
v -49436276 10484160 -24032670 
v -49455204 10429413 -24018452 
v -49448892 10417846 -23993758 
v -49443188 10404738 -23969066 
v -49438380 10390087 -23945868 
v -49433872 10374665 -23922670 
v -49460608 10316062 -23927160 
v -49489748 10255917 -23939882 
v -49525496 10187290 -23968316 
v -49568452 10110181 -24013214 
v -49560044 10107868 -23990766 
v -49596092 10051578 -24037160 
v -49559140 10090904 -23976548 
v -49566352 10067771 -23978792 
v -49558840 10060831 -23956344 
v -49545624 10063915 -23927908 
v -49596092 10016879 -24013962 
v -49545624 10117121 -23963826 
v -49613812 10013794 -24054370 
v -49615316 10040783 -24076072 
v -49562744 10133314 -24015460 
v -49524296 10203483 -23978044 
v -49529400 10210423 -23995256 
v -49493952 10266712 -23958588 
v -49464516 10329942 -23948112 
v -49468120 10345364 -23968316 
v -49472024 10359243 -23989268 
v -49477732 10369267 -24010970 
v -49483440 10379292 -24034166 
v -49461212 10440208 -24043894 
v -49443188 10494184 -24061106 
v -49450396 10503437 -24089540 
v -49467520 10450232 -24069336 
v -49488548 10390087 -24056616 
v -49514380 10320689 -24052874 
v -49508672 10313749 -24031922 
v -49502964 10306038 -24011718 
v -49500564 10292158 -23994508 
v -49498160 10277508 -23978044 
v -49534808 10216591 -24013214 
v -49535108 10232013 -24025936 
v -49535408 10245893 -24038656 
v -49541416 10248977 -24056616 
v -49547724 10252062 -24075322 
v -49518288 10331484 -24071582 
v -49493952 10399340 -24079064 
v -49474428 10457943 -24095526 
v -49458508 10510377 -24117976 
v -49467220 10516546 -24146410 
v -49476532 10521172 -24175594 
v -49485844 10524257 -24204030 
v -49467520 10565125 -24207022 
v -49462712 10603679 -24242192 
v -49488548 10567438 -24269130 
v -49505668 10525799 -24262396 
v -49524596 10478762 -24254914 
v -49533908 10477991 -24281104 
v -49543220 10474907 -24308042 
v -49553132 10471051 -24333484 
v -49580468 10413220 -24340968 
v -49606004 10349219 -24340968 
v -49622224 10282134 -24315526 
v -49633940 10228929 -24295322 
v -49643552 10198856 -24295322 
v -49654668 10127145 -24258654 
v -49655868 10092446 -24229472 
v -49639948 10133314 -24219744 
v -49622824 10210423 -24242940 
v -49632740 10191916 -24254914 
v -49635744 10204254 -24275866 
v -49616816 10280592 -24296818 
v -49598492 10351532 -24320014 
v -49611412 10278279 -24278110 
v -49603300 10286761 -24261648 
v -49595788 10294472 -24246682 
v -49611112 10239724 -24236954 
v -49615316 10211965 -24221240 
v -49644156 10095530 -24196546 
v -49560044 10198085 -24060356 
v -49570556 10168013 -24061854 
v -49574760 10178808 -24080560 
v -49614416 10195772 -24204030 
v -49591584 10289074 -24228724 
v -49574460 10363870 -24258654 
v -49582572 10359243 -24278858 
v -49591284 10353075 -24299062 
v -49571456 10416304 -24317022 
v -49562444 10420931 -24293824 
v -49553732 10424786 -24270628 
v -49545924 10424786 -24246682 
v -49568152 10361557 -24237702 
v -49561844 10358472 -24216002 
v -49538112 10423244 -24221988 
v -49515884 10478762 -24227974 
v -49495756 10525799 -24233212 
v -49478032 10567438 -24237702 
v -49506572 10477220 -24201036 
v -49587080 10282905 -24210016 
v -49497860 10474907 -24174846 
v -49489748 10470280 -24147908 
v -49481636 10464112 -24121718 
v -49500564 10405509 -24103010 
v -49522192 10341508 -24091036 
v -49549828 10264399 -24090288 
v -49584676 10171868 -24101514 
v -49605704 10106325 -24101514 
v -49574760 10144880 -24054370 
v -49565148 10147964 -24032670 
v -49550728 10161844 -24007976 
v -49599396 10082422 -24067092 
v -49619220 10063144 -24102262 
v -49625528 10080108 -24132194 
v -49582272 10193459 -24112738 
v -49551632 10275965 -24105254 
v -49558240 10275194 -24123214 
v -49528500 10345364 -24111990 
v -49507772 10410906 -24126956 
v -49514380 10417075 -24150900 
v -49521292 10421702 -24174098 
v -49529400 10423244 -24198044 
v -49553732 10360785 -24195050 
v -49546224 10361557 -24174846 
v -49540816 10355388 -24153894 
v -49535708 10347677 -24132942 
v -49565448 10274423 -24141920 
v -49568752 10283676 -24158384 
v -49571756 10292158 -24175594 
v -49579268 10288303 -24192804 
v -49604200 10210423 -24187566 
v -49626432 10132542 -24179336 
v -49633940 10090904 -24163622 
v -49614716 10123289 -24139676 
v -49587680 10200398 -24132942 
v -49597892 10188832 -24151648 
v -49597292 10208109 -24166614 
v -49590984 10237411 -24176342 
v -49573860 10223531 -24116478 
v -49702732 10061602 -24354436 
v -49705736 10131771 -24440490 
v -49700932 10120976 -24410558 
v -49729168 10334568 -24891712 
v -49701532 10397798 -24852052 
v -49685308 10252062 -24708380 
v -49687112 10427870 -24830352 
v -49742684 10302183 -24908922 
v -49687412 10154133 -24648516 
v -49755904 10267483 -24924636 
v -49725264 10151820 -24757018 
v -49768520 10232784 -24938106 
v -49780836 10197314 -24950078 
v -49718352 10066229 -24680692 
v -49792852 10161073 -24959806 
v -49759808 10041554 -24784706 
v -49803968 10124060 -24968786 
v -49825296 10048494 -24980010 
v -49814784 10086277 -24974772 
v -49834908 10009939 -24983004 
v -49744788 9972156 -24694910 
v -49844220 9971384 -24984500 
v -49788048 9926661 -24791440 
v -49852932 9932830 -24983752 
v -49860744 9894275 -24981506 
v -49765516 9875769 -24690420 
v -49868252 9855721 -24977018 
v -49809076 9811769 -24775726 
v -49874864 9817166 -24970282 
v -49886276 9740057 -24952324 
v -49880872 9778612 -24962052 
v -49890784 9703045 -24941098 
v -49779636 9780925 -24668720 
v -49894688 9665261 -24928378 
v -49821992 9699960 -24738312 
v -49897992 9629020 -24913412 
v -49900396 9593550 -24896202 
v -49786544 9690707 -24629060 
v -49901900 9558080 -24878242 
v -49825896 9595863 -24681440 
v -49902800 9524152 -24858038 
v -49902800 9458609 -24813888 
v -49901596 9426994 -24789196 
v -49786244 9608972 -24573686 
v -49899796 9396922 -24763754 
v -49821092 9504103 -24606612 
v -49897092 9367620 -24736814 
v -49893788 9340632 -24708380 
v -49778432 9538802 -24505592 
v -49889280 9314415 -24679196 
v -49807572 9428536 -24516816 
v -49884476 9289740 -24648516 
v -49872760 9245017 -24584162 
v -49878768 9266607 -24616340 
v -49865852 9224968 -24550490 
v -49764016 9483284 -24425524 
v -49858340 9206462 -24516068 
v -49786244 9370705 -24415048 
v -49850228 9189498 -24481646 
v -49841516 9174076 -24445728 
v -49742988 9443187 -24337226 
v -49832204 9160968 -24409810 
v -49757404 9333692 -24306546 
v -49821992 9150173 -24373144 
v -49800664 9132437 -24298314 
v -49811476 9140148 -24335730 
v -49789248 9126269 -24260900 
v -49716252 9421597 -24245186 
v -49777232 9122413 -24223486 
v -49722260 9319041 -24194302 
v -49764616 9120100 -24186070 
v -49752000 9120100 -24148656 
v -49684708 9419283 -24151648 
v -49738780 9121642 -24111240 
v -49682304 9326752 -24082806 
v -49725264 9125498 -24074574 
v -49697024 9138606 -24001242 
v -49682908 9147859 -23965324 
v -49649860 9434705 -24061106 
v -49668188 9158655 -23930154 
v -49639048 9356825 -23977296 
v -49653468 9170992 -23895732 
v -49638748 9185643 -23862060 
v -49613212 9469404 -23976548 
v -49623728 9202607 -23829134 
v -49593988 9408488 -23880018 
v -49608708 9221113 -23797706 
v -49578368 9261981 -23737094 
v -49563348 9284342 -23707910 
v -49575664 9520296 -23900970 
v -49548328 9309017 -23680972 
v -49549228 9479428 -23796210 
v -49533608 9334463 -23654782 
v -49518888 9362223 -23630088 
v -49538712 9586610 -23837366 
v -49504168 9390753 -23606890 
v -49506272 9566562 -23728862 
v -49490048 9420825 -23585190 
v -49462112 9484055 -23545530 
v -49448892 9516441 -23528320 
v -49504168 9664490 -23788726 
v -49435676 9551140 -23512606 
v -49466316 9666804 -23680224 
v -49423060 9585839 -23499136 
v -49410744 9621309 -23487164 
v -49473228 9752395 -23756550 
v -49399028 9657550 -23477436 
v -49431772 9777070 -23652536 
v -49387612 9694563 -23468456 
v -49366584 9770130 -23457232 
v -49356672 9808684 -23454238 
v -49446792 9846468 -23742332 
v -49347360 9847239 -23452742 
v -49403232 9891962 -23645802 
v -49338948 9885793 -23453490 
v -49330836 9924348 -23455736 
v -49426064 9942854 -23746822 
v -49323628 9962902 -23460226 
v -49382504 10007626 -23661516 
v -49316716 10001457 -23466960 
v -49305604 10078566 -23484918 
v -49300796 10115578 -23496144 
v -49412244 10037698 -23768522 
v -49296892 10153362 -23508864 
v -49369888 10118663 -23698930 
v -49293588 10189603 -23523830 
v -49291184 10225073 -23541040 
v -49405036 10127916 -23808182 
v -49289380 10260544 -23559000 
v -49365384 10222760 -23755802 
v -49288480 10294472 -23579204 
v -49288780 10360014 -23624102 
v -49289680 10391629 -23648046 
v -49405336 10209652 -23863556 
v -49291784 10421702 -23673488 
v -49370488 10314520 -23830630 
v -49294488 10451003 -23700428 
v -49298092 10477991 -23728862 
v -49412844 10279821 -23932398 
v -49302296 10504208 -23758794 
v -49383708 10390087 -23921174 
v -49307104 10528883 -23789474 
v -49318820 10573607 -23853080 
v -49325728 10593655 -23886752 
v -49427564 10335339 -24011718 
v -49333240 10612161 -23921174 
v -49405336 10447919 -24022194 
v -49341352 10629125 -23955596 
v -49350060 10644547 -23991514 
v -49448592 10375436 -24100016 
v -49359676 10657655 -24027432 
v -49434476 10484931 -24130696 
v -49369588 10668451 -24064098 
v -49391216 10686186 -24138928 
v -49402632 10692355 -24176342 
v -49475328 10397027 -24192056 
v -49414648 10696210 -24213758 
v -49469320 10499582 -24242940 
v -49426964 10698523 -24251172 
v -49439580 10698523 -24288586 
v -49506572 10399340 -24285594 
v -49452800 10696981 -24326002 
v -49509276 10491871 -24354436 
v -49466316 10693126 -24362668 
v -49494256 10680017 -24436000 
v -49508672 10670764 -24471918 
v -49541416 10383918 -24376136 
v -49523392 10659969 -24507088 
v -49552532 10461798 -24459946 
v -49538112 10647631 -24541510 
v -49552832 10632981 -24575184 
v -49578368 10349219 -24461442 
v -49567852 10616017 -24608108 
v -49597292 10410135 -24557224 
v -49582872 10597510 -24639536 
v -49613212 10556643 -24700148 
v -49628232 10534281 -24729332 
v -49615916 10298327 -24536272 
v -49642952 10509606 -24757018 
v -49642352 10339195 -24641034 
v -49657972 10484160 -24782460 
v -49672692 10456401 -24807154 
v -49652564 10232013 -24599876 
v -49595188 9908926 -24218996 
vn -0.8947299122810364 0.3818397521972656 0.23163928091526031 
vn -0.8982847929000854 0.3679964244365692 0.2401314377784729 
vn -0.9007555246353149 0.3751482665538788 0.21886809170246124 
vn -0.9033727049827576 0.36091694235801697 0.23163928091526031 
vn -0.9028508067131042 0.37499403953552246 0.2103329300880432 
vn -0.9055561423301697 0.36080652475357056 0.22312943637371063 
vn -0.9053105115890503 0.3714194893836975 0.2060592919588089 
vn -0.9088899493217468 0.35758182406425476 0.21460255980491638 
vn -0.908605694770813 0.3503299653530121 0.22738653421401978 
vn -0.9063985347747803 0.35042649507522583 0.23588760197162628 
vn -0.8987959027290344 0.3610559403896332 0.24860523641109467 
vn -0.8903920650482178 0.3785187005996704 0.25283506512641907 
vn -0.8871023058891296 0.3889021873474121 0.24860523641109467 
vn -0.8917410969734192 0.38876864314079285 0.23163928091526031 
vn -0.897403359413147 0.3855035603046417 0.21460255980491638 
vn -0.8994762897491455 0.3853336274623871 0.2060592919588089 
vn -0.899864137172699 0.3747769892215729 0.22312943637371063 
vn -0.8950764536857605 0.3784114420413971 0.23588760197162628 
vn -0.8867673277854919 0.3923349678516388 0.24437066912651062 
vn -0.8833567500114441 0.39191964268684387 0.25706008076667786 
vn -0.8868875503540039 0.3780777156352997 0.26549527049064636 
vn -0.8953525424003601 0.3606611490249634 0.2612801790237427 
vn -0.9017738699913025 0.35054001212120056 0.25283506512641907 
vn -0.906624436378479 0.3469424247741699 0.2401314377784729 
vn -0.9092949032783508 0.33988189697265625 0.2401314377784729 
vn -0.911292552947998 0.3432801365852356 0.22738653421401978 
vn -0.9112915992736816 0.35398831963539124 0.2103329300880432 
vn -0.9089739322662354 0.3647609055042267 0.2017817199230194 
vn -0.9056817293167114 0.37514564394950867 0.1975002884864807 
vn -0.9032545685768127 0.3715870678424835 0.21460255980491638 
vn -0.9038991332054138 0.35398197174072266 0.2401314377784729 
vn -0.901583194732666 0.35403844714164734 0.24860523641109467 
vn -0.8901070356369019 0.381974995136261 0.24860523641109467 
vn -0.8802708387374878 0.39880239963531494 0.25706008076667786 
vn -0.8777690529823303 0.3987903594970703 0.26549527049064636 
vn -0.8870962262153625 0.3745921850204468 0.26970529556274414 
vn -0.8928565382957458 0.360647052526474 0.26970529556274414 
vn -0.8981437087059021 0.35365310311317444 0.2612801790237427 
vn 0.9266501665115356 -0.1503991186618805 -0.34452807903289795 
vn 0.925769031047821 -0.19497649371623993 -0.3239381015300751 
vn 0.9241828918457031 -0.20236127078533173 -0.3239381015300751 
vn -0.9141346216201782 0.33271780610084534 0.23163928091526031 
vn 0.925769031047821 -0.19497649371623993 -0.3239381015300751 
vn -0.916502058506012 0.32911908626556396 0.22738653421401978 
vn -0.9166880249977112 0.32561689615249634 0.23163928091526031 
vn 0.9243237376213074 -0.19492703676223755 -0.3280687630176544 
vn -0.916502058506012 0.32911908626556396 0.22738653421401978 
vn 0.9243237376213074 -0.19492703676223755 -0.3280687630176544 
vn -0.9136870503425598 0.33968988060951233 0.22312943637371063 
vn -0.9145921468734741 0.3400263786315918 0.21886809170246124 
vn -0.919744610786438 0.32583215832710266 0.21886809170246124 
vn 0.9228607416152954 -0.19487373530864716 -0.33219319581985474 
vn -0.9220256805419922 0.32220232486724854 0.21460255980491638 
vn 0.9162556529045105 -0.16517996788024902 -0.3649536371231079 
vn -0.9169355630874634 0.3364148437976837 0.21460255980491638 
vn -0.9112915992736816 0.35398831963539124 0.2103329300880432 
vn -0.9085434675216675 0.3681608736515045 0.1975002884864807 
vn -0.9136579036712646 0.3503837287425995 0.2060592919588089 
vn -0.9189516305923462 0.3362550735473633 0.2060592919588089 
vn -0.9264821410179138 0.31491324305534363 0.2060592919588089 
vn -0.9294845461845398 0.31153184175491333 0.1975002884864807 
vn 0.9228607416152954 -0.19487373530864716 -0.33219319581985474 
vn -0.9318557977676392 0.3043656349182129 0.1975002884864807 
vn 0.9227359890937805 -0.20230966806411743 -0.3280687630176544 
vn -0.934171736240387 0.2971814274787903 0.1975002884864807 
vn 0.9227359890937805 -0.20230966806411743 -0.3280687630176544 
vn -0.9364323019981384 0.28997957706451416 0.1975002884864807 
vn -0.9364323019981384 0.28997957706451416 0.1975002884864807 
vn 0.9227359890937805 -0.20230966806411743 -0.3280687630176544 
vn -0.9384620785713196 0.2862810492515564 0.19321508705615997 
vn 0.91978919506073 -0.2021944224834442 -0.3363112509250641 
vn -0.9367825388908386 0.2972353398799896 0.18463370203971863 
vn -0.934471845626831 0.3044220507144928 0.18463370203971863 
vn -0.934471845626831 0.3044220507144928 0.18463370203971863 
vn -0.9300035238265991 0.3152782618999481 0.18892620503902435 
vn -0.9245769381523132 0.3258083462715149 0.1975002884864807 
vn -0.9168047904968262 0.3470771908760071 0.1975002884864807 
vn -0.9113513231277466 0.3611542582511902 0.1975002884864807 
vn -0.9088588356971741 0.37186363339424133 0.18892620503902435 
vn -0.9080861210823059 0.3715474605560303 0.19321508705615997 
vn -0.9056817293167114 0.37514564394950867 0.1975002884864807 
vn -0.9081470370292664 0.3644290864467621 0.2060592919588089 
vn -0.9061450958251953 0.35389867424964905 0.23163928091526031 
vn -0.9060913920402527 0.33603349328041077 0.25706008076667786 
vn -0.9086865782737732 0.3289510905742645 0.25706008076667786 
vn -0.8961921334266663 0.36457377672195435 0.25283506512641907 
vn -0.8833567500114441 0.39191964268684387 0.25706008076667786 
vn -0.8774634599685669 0.40223193168640137 0.2612801790237427 
vn -0.8808625340461731 0.39191001653671265 0.26549527049064636 
vn -0.8843395113945007 0.37804344296455383 0.27391019463539124 
vn -0.8929901719093323 0.3571299612522125 0.27391019463539124 
vn -0.895654559135437 0.3536410629749298 0.26970529556274414 
vn 0.925769031047821 -0.19497649371623993 -0.3239381015300751 
vn 0.925769031047821 -0.19497649371623993 -0.3239381015300751 
vn -0.8930961489677429 0.3536017835140228 0.2781098484992981 
vn -0.8902914524078369 0.3606051504611969 0.2781098484992981 
vn 0.9271966218948364 -0.1950220912694931 -0.3198012113571167 
vn -0.8931743502616882 0.3500627279281616 0.28230419754981995 
vn -0.8931743502616882 0.3500627279281616 0.28230419754981995 
vn 0.9271966218948364 -0.1950220912694931 -0.3198012113571167 
vn -0.8931743502616882 0.3500627279281616 0.28230419754981995 
vn 0.9271966218948364 -0.1950220912694931 -0.3198012113571167 
vn -0.8877289891242981 0.35699349641799927 0.29067665338516235 
vn 0.9286064505577087 -0.19506385922431946 -0.31565824151039124 
vn -0.8849551677703857 0.3604374825954437 0.2948545813560486 
vn 0.9352144598960876 -0.14296147227287292 -0.3239381015300751 
vn -0.8902914524078369 0.3606051504611969 0.2781098484992981 
vn -0.8875584602355957 0.36406636238098145 0.28230419754981995 
vn -0.8843395113945007 0.37804344296455383 0.27391019463539124 
vn -0.8777690529823303 0.3987903594970703 0.26549527049064636 
vn -0.8815485239028931 0.3814801275730133 0.2781098484992981 
vn -0.8820825219154358 0.3674115240573883 0.2948545813560486 
vn -0.8834304213523865 0.35367217659950256 0.30735430121421814 
vn -0.8805628418922424 0.3535095155239105 0.31565824151039124 
vn 0.9286064505577087 -0.19506385922431946 -0.31565824151039124 
vn -0.877627432346344 0.35331887006759644 0.3239381015300751 
vn 0.9286064505577087 -0.19506385922431946 -0.31565824151039124 
vn -0.8775373697280884 0.3497128188610077 0.3280687630176544 
vn 0.9286064505577087 -0.19506385922431946 -0.31565824151039124 
vn -0.8757289052009583 0.3464009165763855 0.3363112509250641 
vn -0.8757289052009583 0.3464009165763855 0.3363112509250641 
vn 0.9286064505577087 -0.19506385922431946 -0.31565824151039124 
vn -0.8755699396133423 0.3427674174308777 0.34042292833328247 
vn 0.9286064505577087 -0.19506385922431946 -0.31565824151039124 
vn -0.8726295232772827 0.34614747762680054 0.34452807903289795 
vn 0.930049479007721 -0.19485865533351898 -0.31150925159454346 
vn -0.8678913712501526 0.34979164600372314 0.3527185618877411 
vn 0.9436296820640564 -0.15041202306747437 -0.2948545813560486 
vn -0.8656458258628845 0.3427334129810333 0.3649536371231079 
vn -0.8623139262199402 0.3423875570297241 0.37307560443878174 
vn 0.9314236640930176 -0.1948930323123932 -0.30735430121421814 
vn -0.8632187247276306 0.3356030583381653 0.37712597846984863 
vn 0.9314236640930176 -0.1948930323123932 -0.30735430121421814 
vn -0.8628745675086975 0.3318999111652374 0.3811691105365753 
vn 0.930049479007721 -0.19485865533351898 -0.31150925159454346 
vn -0.8636830449104309 0.32506728172302246 0.3852050006389618 
vn -0.8606092929840088 0.32840362191200256 0.3892335295677185 
vn 0.9314236640930176 -0.1948930323123932 -0.30735430121421814 
vn -0.8606092929840088 0.32840362191200256 0.3892335295677185 
vn 0.9298481941223145 -0.2022760957479477 -0.30735430121421814 
vn -0.8582724928855896 0.3248789310455322 0.3972681760787964 
vn 0.9327799677848816 -0.19492359459400177 -0.30319350957870483 
vn -0.8558642268180847 0.3213263750076294 0.405272513628006 
vn 0.9474340677261353 -0.1653537154197693 -0.27391019463539124 
vn -0.8559888601303101 0.3106619417667389 0.41324591636657715 
vn -0.8554217219352722 0.3068884611129761 0.417220801115036 
vn 0.9314236640930176 -0.1948930323123932 -0.30735430121421814 
vn -0.8584099411964417 0.2928024232387543 0.42118772864341736 
vn 0.9327799677848816 -0.19492359459400177 -0.30319350957870483 
vn -0.8577440977096558 0.28900763392448425 0.42514660954475403 
vn 0.9312062859535217 -0.20230810344219208 -0.30319350957870483 
vn -0.8577440977096558 0.28900763392448425 0.42514660954475403 
vn -0.8608168959617615 0.2856486141681671 0.42118772864341736 
vn 0.9312062859535217 -0.20230810344219208 -0.30319350957870483 
vn -0.8581119775772095 0.2819916307926178 0.42909738421440125 
vn 0.9282142519950867 -0.20964643359184265 -0.30735430121421814 
vn -0.8573747277259827 0.2781814634799957 0.43303996324539185 
vn 0.9325464963912964 -0.2023361772298813 -0.2990269064903259 
vn -0.8555877208709717 0.27125000953674316 0.4409002661705017 
vn 0.9480101466178894 -0.18760840594768524 -0.25706008076667786 
vn -0.8547654747962952 0.26741930842399597 0.44481781125068665 
vn -0.8570814728736877 0.253091961145401 0.4487268626689911 
vn 0.9325464963912964 -0.2023361772298813 -0.2990269064903259 
vn -0.8591882586479187 0.24584485590457916 0.4487268626689911 
vn 0.9309161901473999 -0.2097093164920807 -0.2990269064903259 
vn -0.8612338304519653 0.23858021199703217 0.4487268626689911 
vn 0.9295741319656372 -0.20967991650104523 -0.30319350957870483 
vn -0.8632179498672485 0.2312985509634018 0.4487268626689911 
vn -0.8632179498672485 0.2312985509634018 0.4487268626689911 
vn 0.9295741319656372 -0.20967991650104523 -0.30319350957870483 
vn -0.8622038960456848 0.22744877636432648 0.45262736082077026 
vn 0.9295741319656372 -0.20967991650104523 -0.30319350957870483 
vn -0.8620235919952393 0.22023960947990417 0.456519216299057 
vn 0.9309161901473999 -0.2097093164920807 -0.2990269064903259 
vn -0.8638600707054138 0.21292239427566528 0.456519216299057 
vn 0.9444960355758667 -0.2097657322883606 -0.25283506512641907 
vn -0.8635558485984802 0.2056719809770584 0.46040233969688416 
vn -0.866928219795227 0.19095857441425323 0.46040233969688416 
vn 0.9309161901473999 -0.2097093164920807 -0.2990269064903259 
vn -0.8705836534500122 0.18350571393966675 0.456519216299057 
vn 0.9292275309562683 -0.21706931293010712 -0.2990269064903259 
vn -0.8726298213005066 0.18342743813991547 0.45262736082077026 
vn 0.9278836250305176 -0.21703855693340302 -0.30319350957870483 
vn -0.8741497993469238 0.17604155838489532 0.45262736082077026 
vn -0.875375509262085 0.17989423871040344 0.4487268626689911 
vn 0.9278836250305176 -0.21703855693340302 -0.30319350957870483 
vn -0.8741497993469238 0.17604155838489532 0.45262736082077026 
vn 0.9278836250305176 -0.21703855693340302 -0.30319350957870483 
vn -0.8770020008087158 0.1612325757741928 0.45262736082077026 
vn 0.9292275309562683 -0.21706931293010712 -0.2990269064903259 
vn -0.878334105014801 0.1538105309009552 0.45262736082077026 
vn 0.9363341331481934 -0.23916217684745789 -0.25706008076667786 
vn -0.8809518814086914 0.15022654831409454 0.4487268626689911 
vn -0.8853482604026794 0.13526110351085663 0.44481781125068665 
vn 0.9292275309562683 -0.21706931293010712 -0.2990269064903259 
vn -0.8878500461578369 0.1316404938697815 0.4409002661705017 
vn 0.9292275309562683 -0.21706931293010712 -0.2990269064903259 
vn -0.8908714056015015 0.12410319596529007 0.43697428703308105 
vn 0.9278836250305176 -0.21703855693340302 -0.30319350957870483 
vn -0.8927997350692749 0.12403635680675507 0.43303996324539185 
vn -0.8941617608070374 0.1278679072856903 0.42909738421440125 
vn 0.9278836250305176 -0.21703855693340302 -0.30319350957870483 
vn -0.8951988816261292 0.12039253860712051 0.42909738421440125 
vn 0.926521897315979 -0.21700356900691986 -0.30735430121421814 
vn -0.8938062191009521 0.11656256020069122 0.43303996324539185 
vn 0.9261348247528076 -0.22438357770442963 -0.30319350957870483 
vn -0.8989719152450562 0.10535600036382675 0.42514660954475403 
vn 0.9280939698219299 -0.261062890291214 -0.26549527049064636 
vn -0.9012555480003357 0.10168274492025375 0.42118772864341736 
vn -0.9061182141304016 0.09042997658252716 0.41324591636657715 
vn 0.9261348247528076 -0.22438357770442963 -0.30319350957870483 
vn -0.9100781083106995 0.08667214959859848 0.405272513628006 
vn 0.9261348247528076 -0.22438357770442963 -0.30319350957870483 
vn -0.9118537902832031 0.0866122618317604 0.401274174451828 
vn 0.9247711896896362 -0.2243470549583435 -0.30735430121421814 
vn -0.9132372140884399 0.09042000025510788 0.3972681760787964 
vn -0.9132372140884399 0.09042000025510788 0.3972681760787964 
vn 0.9247711896896362 -0.2243470549583435 -0.30735430121421814 
vn -0.9156895279884338 0.0828462466597557 0.3932546079158783 
vn 0.9233897924423218 -0.2243061512708664 -0.31150925159454346 
vn -0.9177336692810059 0.07913404703140259 0.3892335295677185 
vn 0.9247711896896362 -0.2243470549583435 -0.30735430121421814 
vn -0.9214290976524353 0.07535576820373535 0.3811691105365753 
vn 0.916303277015686 -0.2754911780357361 -0.29067665338516235 
vn -0.9255873560905457 0.06405138969421387 0.37307560443878174 
vn -0.9288159012794495 0.06410840153694153 0.3649536371231079 
vn 0.9215789437294006 -0.23163379728794098 -0.31150925159454346 
vn -0.931712806224823 0.06784074008464813 0.3568037748336792 
vn 0.9215789437294006 -0.23163379728794098 -0.31150925159454346 
vn -0.9335312247276306 0.06410197168588638 0.3527185618877411 
vn 0.9233897924423218 -0.2243061512708664 -0.31150925159454346 
vn -0.9363225698471069 0.06782644242048264 0.34452807903289795 
vn -0.9347996115684509 0.06789036095142365 0.34862664341926575 
vn 0.9219228625297546 -0.224539652466774 -0.31565824151039124 
vn -0.9380860328674316 0.06408463418483734 0.34042292833328247 
vn 0.9219228625297546 -0.224539652466774 -0.31565824151039124 
vn -0.9398159384727478 0.06033818796277046 0.3363112509250641 
vn 0.9201055765151978 -0.23187416791915894 -0.31565824151039124 
vn -0.9429608583450317 0.056530073285102844 0.3280687630176544 
vn 0.9065490961074829 -0.2754921019077301 -0.3198012113571167 
vn -0.9457952380180359 0.05655592307448387 0.3198012113571167 
vn -0.9485573172569275 0.05657733231782913 0.31150925159454346 
vn 0.9186868071556091 -0.23182274401187897 -0.3198012113571167 
vn -0.9507687091827393 0.06412949413061142 0.30319350957870483 
vn 0.9186868071556091 -0.23182274401187897 -0.3198012113571167 
vn -0.953131914138794 0.06782562285661697 0.2948545813560486 
vn 0.9205060005187988 -0.224490225315094 -0.3198012113571167 
vn -0.9541391730308533 0.07159289717674255 0.29067665338516235 
vn -0.9541391730308533 0.07159289717674255 0.29067665338516235 
vn 0.9205060005187988 -0.224490225315094 -0.3198012113571167 
vn -0.9556777477264404 0.06783577054738998 0.2864931523799896 
vn 0.9205060005187988 -0.224490225315094 -0.3198012113571167 
vn -0.9566491842269897 0.07160088419914246 0.28230419754981995 
vn 0.9186868071556091 -0.23182274401187897 -0.3198012113571167 
vn -0.9590861201286316 0.07160338014364243 0.27391019463539124 
vn 0.9012113213539124 -0.26819851994514465 -0.34042292833328247 
vn -0.9628764390945435 0.0678350031375885 0.2612801790237427 
vn -0.964262068271637 0.07920310646295547 0.25283506512641907 
vn 0.9190714955329895 -0.22443635761737823 -0.3239381015300751 
vn -0.9650459289550781 0.08295676112174988 0.24860523641109467 
vn 0.917250394821167 -0.2317667454481125 -0.3239381015300751 
vn -0.9657975435256958 0.08670677244663239 0.24437066912651062 
vn 0.9190714955329895 -0.22443635761737823 -0.3239381015300751 
vn -0.9665170311927795 0.0904528796672821 0.2401314377784729 
vn -0.9665170311927795 0.0904528796672821 0.2401314377784729 
vn 0.9190714955329895 -0.22443635761737823 -0.3239381015300751 
vn -0.9672043919563293 0.09419482946395874 0.23588760197162628 
vn 0.9190714955329895 -0.22443635761737823 -0.3239381015300751 
vn -0.9678597450256348 0.0979323610663414 0.23163928091526031 
vn 0.9176194071769714 -0.2243780791759491 -0.3280687630176544 
vn -0.9698610901832581 0.09789151698350906 0.22312943637371063 
vn 0.8958781957626343 -0.2533990442752838 -0.3649536371231079 
vn -0.9713903665542603 0.1017177477478981 0.21460255980491638 
vn -0.9724318385124207 0.10916005074977875 0.2060592919588089 
vn 0.9161497354507446 -0.224315345287323 -0.33219319581985474 
vn -0.9715169668197632 0.12425331026315689 0.2017817199230194 
vn 0.9161497354507446 -0.224315345287323 -0.33219319581985474 
vn -0.9705302119255066 0.13173937797546387 0.2017817199230194 
vn 0.9176194071769714 -0.2243780791759491 -0.3280687630176544 
vn -0.9705302119255066 0.13173937797546387 0.2017817199230194 
vn -0.9705302119255066 0.13173937797546387 0.2017817199230194 
vn 0.919383704662323 -0.21703565120697021 -0.3280687630176544 
vn -0.970902144908905 0.1354350596666336 0.1975002884864807 
vn 0.919383704662323 -0.21703565120697021 -0.3280687630176544 
vn -0.9712427258491516 0.1391238570213318 0.19321508705615997 
vn 0.9179157614707947 -0.21697531640529633 -0.33219319581985474 
vn -0.9723595380783081 0.1429242193698883 0.18463370203971863 
vn 0.8965117931365967 -0.23891668021678925 -0.37307560443878174 
vn -0.9714654088020325 0.15405601263046265 0.18033768236637115 
vn -0.9702549576759338 0.16150426864624023 0.18033768236637115 
vn 0.9179157614707947 -0.21697531640529633 -0.33219319581985474 
vn -0.9689874053001404 0.16894301772117615 0.18033768236637115 
vn 0.9164302945137024 -0.2169106900691986 -0.3363112509250641 
vn -0.9676628112792969 0.17637182772159576 0.18033768236637115 
vn 0.9179157614707947 -0.21697531640529633 -0.33219319581985474 
vn -0.9647424817085266 0.18756966292858124 0.18463370203971863 
vn -0.9662812352180481 0.18379026651382446 0.18033768236637115 
vn 0.9179157614707947 -0.21697531640529633 -0.33219319581985474 
vn -0.9648428559303284 0.19119787216186523 0.18033768236637115 
vn 0.919383704662323 -0.21703565120697021 -0.3280687630176544 
vn -0.9641101360321045 0.19875143468379974 0.1760382205247879 
vn 0.9181392192840576 -0.20955929160118103 -0.3363112509250641 
vn -0.9656784534454346 0.1985762119293213 0.16742929816246033 
vn 0.9020999670028687 -0.20230114459991455 -0.3811691105365753 
vn -0.963231086730957 0.21348948776721954 0.16312000155448914 
vn -0.9608651995658875 0.2206932008266449 0.16742929816246033 
vn 0.9181392192840576 -0.20955929160118103 -0.3363112509250641 
vn -0.9574812054634094 0.23181167244911194 0.17173540592193604 
vn 0.9181392192840576 -0.20955929160118103 -0.3363112509250641 
vn -0.955778956413269 0.23557835817337036 0.1760382205247879 
vn 0.919623076915741 -0.209621399641037 -0.33219319581985474 
vn -0.9539435505867004 0.24290387332439423 0.1760382205247879 
vn -0.9531890153884888 0.24271175265312195 0.18033768236637115 
vn 0.919623076915741 -0.209621399641037 -0.33219319581985474 
vn -0.9539435505867004 0.24290387332439423 0.1760382205247879 
vn 0.9210892915725708 -0.20967935025691986 -0.3280687630176544 
vn -0.9520519971847534 0.250215083360672 0.1760382205247879 
vn 0.9212713837623596 -0.2022540420293808 -0.33219319581985474 
vn -0.9501043558120728 0.25751158595085144 0.1760382205247879 
vn 0.9070068597793579 -0.18738888204097748 -0.37712597846984863 
vn -0.9460415244102478 0.2720586657524109 0.1760382205247879 
vn -0.9431799650192261 0.27908751368522644 0.18033768236637115 
vn 0.9212713837623596 -0.2022540420293808 -0.33219319581985474 
vn -0.9392606019973755 0.28652462363243103 0.18892620503902435 
vn -0.9387869238853455 0.2935258150100708 0.18033768236637115 
vn -0.9387869238853455 0.2935258150100708 0.18033768236637115 
vn -0.9414818286895752 0.2900325357913971 0.17173540592193604 
vn -0.947669506072998 0.2718270719051361 0.16742929816246033 
vn -0.950417697429657 0.2647603750228882 0.16312000155448914 
vn -0.954358696937561 0.2501826584339142 0.16312000155448914 
vn -0.954358696937561 0.2501826584339142 0.16312000155448914 
vn -0.9562453627586365 0.24287162721157074 0.16312000155448914 
vn -0.9562453627586365 0.24287162721157074 0.16312000155448914 
vn -0.9565009474754333 0.25010746717453003 0.15017375349998474 
vn -0.9581503868103027 0.24632273614406586 0.1458524912595749 
vn -0.9562442898750305 0.2536216080188751 0.1458524912595749 
vn -0.9525707364082336 0.2646825611591339 0.15017375349998474 
vn -0.9466081261634827 0.28295791149139404 0.15449213981628418 
vn -0.9415192604064941 0.2971895933151245 0.15880759060382843 
vn -0.9395932555198669 0.3009258508682251 0.16312000155448914 
vn -0.9365767240524292 0.3078822195529938 0.16742929816246033 
vn -0.9365767240524292 0.3078822195529938 0.16742929816246033 
vn -0.9365767240524292 0.3078822195529938 0.16742929816246033 
vn -0.9321516752243042 0.3187479078769684 0.17173540592193604 
vn -0.9300745129585266 0.3224467933177948 0.1760382205247879 
vn -0.9246790409088135 0.33298516273498535 0.18463370203971863 
vn -0.916761040687561 0.3542026877403259 0.18463370203971863 
vn -0.9162994027137756 0.35759443044662476 0.18033768236637115 
vn -0.9219458699226379 0.3471638858318329 0.17173540592193604 
vn -0.9219458699226379 0.3471638858318329 0.17173540592193604 
vn -0.9273931980133057 0.3366507291793823 0.16312000155448914 
vn -0.9326401352882385 0.32605913281440735 0.15449213981628418 
vn -0.9351052045822144 0.3189207911491394 0.15449213981628418 
vn -0.9351052045822144 0.3189207911491394 0.15449213981628418 
vn -0.9370725154876709 0.3151871860027313 0.15017375349998474 
vn -0.9390038251876831 0.31144633889198303 0.1458524912595749 
vn -0.9442430138587952 0.2972789704799652 0.1415284425020218 
vn -0.9482662677764893 0.2862984538078308 0.1372016966342926 
vn -0.9530843496322632 0.2719837725162506 0.1328723281621933 
vn -0.9576680064201355 0.25758376717567444 0.12854042649269104 
vn -0.9596019387245178 0.25028279423713684 0.12854042649269104 
vn -0.9611579179763794 0.24647170305252075 0.1242060661315918 
vn -0.9581503868103027 0.24632273614406586 0.1458524912595749 
vn -0.9597209692001343 0.23176681995391846 0.15880759060382843 
vn -0.9614644646644592 0.22442422807216644 0.15880759060382843 
vn -0.96000075340271 0.2390095442533493 0.1458524912595749 
vn -0.9611579179763794 0.24647170305252075 0.1242060661315918 
vn -0.9614802598953247 0.24296727776527405 0.12854042649269104 
vn -0.9635339975357056 0.22434186935424805 0.1458524912595749 
vn -0.9631518125534058 0.21706852316856384 0.15880759060382843 
vn -0.9663575887680054 0.20231950283050537 0.15880759060382843 
vn -0.9678783416748047 0.19132007658481598 0.16312000155448914 
vn -0.9686046838760376 0.18377268314361572 0.16742929816246033 
vn -0.9686046838760376 0.18377268314361572 0.16742929816246033 
vn -0.9699827432632446 0.1763545572757721 0.16742929816246033 
vn -0.9727907180786133 0.17642588913440704 0.15017375349998474 
vn -0.9714154601097107 0.18384744226932526 0.15017375349998474 
vn -0.9713850021362305 0.18745191395282745 0.1458524912595749 
vn -0.9699274301528931 0.19485342502593994 0.1458524912595749 
vn -0.9658291935920715 0.21712596714496613 0.1415284425020218 
vn -0.9665317535400391 0.22447553277015686 0.1242060661315918 
vn -0.96821129322052 0.21711693704128265 0.1242060661315918 
vn -0.9730611443519592 0.1913880556821823 0.12854042649269104 
vn -0.9744905233383179 0.18397176265716553 0.12854042649269104 
vn -0.9758633375167847 0.17654478549957275 0.12854042649269104 
vn -0.9753013849258423 0.17644312977790833 0.1328723281621933 
vn -0.9727907180786133 0.17642588913440704 0.15017375349998474 
vn -0.9713039994239807 0.16892610490322113 0.16742929816246033 
vn -0.9732807278633118 0.1616060435771942 0.16312000155448914 
vn -0.9741092324256897 0.16899406909942627 0.15017375349998474 
vn -0.9753013849258423 0.17644312977790833 0.1328723281621933 
vn -0.9766168594360352 0.1690102070569992 0.1328723281621933 
vn -0.9752927422523499 0.15791195631027222 0.15449213981628418 
vn -0.9735976457595825 0.15038138628005981 0.17173540592193604 
vn -0.9744855165481567 0.13924285769462585 0.1760382205247879 
vn -0.9747534990310669 0.13165858387947083 0.18033768236637115 
vn -0.9740958213806152 0.1242748498916626 0.18892620503902435 
vn -0.973267674446106 0.12416919320821762 0.19321508705615997 
vn -0.9740958213806152 0.1242748498916626 0.18892620503902435 
vn -0.9774318337440491 0.1167798563838005 0.1760382205247879 
vn -0.9774318337440491 0.1167798563838005 0.1760382205247879 
vn -0.9767969846725464 0.12796328961849213 0.17173540592193604 
vn -0.9777711033821106 0.13174057006835938 0.16312000155448914 
vn -0.9769155383110046 0.14288519322872162 0.15880759060382843 
vn -0.9784950017929077 0.15402363240718842 0.1372016966342926 
vn -0.9795629978179932 0.14291973412036896 0.1415284425020218 
vn -0.9808258414268494 0.12421143800020218 0.15017375349998474 
vn -0.9815069437026978 0.11303206533193588 0.15449213981628418 
vn -0.9808269739151001 0.11295375972986221 0.15880759060382843 
vn -0.9816617369651794 0.10545330494642258 0.15880759060382843 
vn -0.9774318337440491 0.1167798563838005 0.1760382205247879 
vn -0.974193811416626 0.11668062955141068 0.19321508705615997 
vn -0.9733172655105591 0.10925944894552231 0.2017817199230194 
vn -0.9775252342224121 0.1091914251446724 0.18033768236637115 
vn -0.9813452363014221 0.10175164043903351 0.16312000155448914 
vn -0.9813763499259949 0.09416943788528442 0.16742929816246033 
vn -0.9767035245895386 0.10176975280046463 0.18892620503902435 
vn -0.9739992618560791 0.09415388107299805 0.2060592919588089 
vn -0.9715510010719299 0.09047349542379379 0.21886809170246124 
vn -0.9699420928955078 0.08664707839488983 0.22738653421401978 
vn -0.9692625403404236 0.08290576934814453 0.23163928091526031 
vn -0.9679068326950073 0.08668016642332077 0.23588760197162628 
vn -0.9671911597251892 0.08293437212705612 0.2401314377784729 
vn -0.9724259376525879 0.06783062219619751 0.22312943637371063 
vn -0.9724259376525879 0.06783062219619751 0.22312943637371063 
vn -0.9733892679214478 0.06789781153202057 0.21886809170246124 
vn -0.9747188091278076 0.0753873661160469 0.2103329300880432 
vn -0.9767885804176331 0.08293221145868301 0.1975002884864807 
vn -0.9805547595024109 0.08673502504825592 0.1760382205247879 
vn -0.9799095392227173 0.07541675865650177 0.18463370203971863 
vn -0.9784435033798218 0.060348331928253174 0.1975002884864807 
vn -0.9769042134284973 0.0565483421087265 0.2060592919588089 
vn -0.9754693508148193 0.04904354363679886 0.21460255980491638 
vn -0.9754693508148193 0.04904354363679886 0.21460255980491638 
vn -0.9724259376525879 0.06783062219619751 0.22312943637371063 
vn -0.967806875705719 0.07541085034608841 0.2401314377784729 
vn -0.9670305848121643 0.07165774703025818 0.24437066912651062 
vn -0.9716938138008118 0.06408196687698364 0.22738653421401978 
vn -0.9754693508148193 0.04904354363679886 0.21460255980491638 
vn -0.9747030138969421 0.04528554528951645 0.21886809170246124 
vn -0.9693025946617126 0.05281474068760872 0.2401314377784729 
vn -0.9633771777153015 0.060308221727609634 0.2612801790237427 
vn -0.9600913524627686 0.05654870346188545 0.27391019463539124 
vn -0.9590979814529419 0.05278235673904419 0.2781098484992981 
vn -0.9566274285316467 0.05277860909700394 0.2864931523799896 
vn -0.9551493525505066 0.05654062330722809 0.29067665338516235 
vn -0.9536375999450684 0.06030008941888809 0.2948545813560486 
vn -0.9573399424552917 0.037708356976509094 0.2864931523799896 
vn -0.9584277868270874 0.04147879406809807 0.28230419754981995 
vn -0.9598087072372437 0.03771098703145981 0.2781098484992981 
vn -0.9632195234298706 0.04147825762629509 0.26549527049064636 
vn -0.9662644863128662 0.04906436800956726 0.25283506512641907 
vn -0.9720701575279236 0.03772074729204178 0.23163928091526031 
vn -0.969086766242981 0.033967163413763046 0.24437066912651062 
vn -0.9647914171218872 0.030168849974870682 0.2612801790237427 
vn -0.9602826833724976 0.022630315274000168 0.2781098484992981 
vn -0.9602826833724976 0.022630315274000168 0.2781098484992981 
vn -0.9591395854949951 0.018858661875128746 0.28230419754981995 
vn -0.9559220671653748 0.041474293917417526 0.29067665338516235 
vn -0.9527810215950012 0.052831754088401794 0.2990269064903259 
vn -0.9505172967910767 0.04527872055768967 0.30735430121421814 
vn -0.9547980427742004 0.03770282492041588 0.2948545813560486 
vn -0.9578149914741516 0.022628754377365112 0.2864931523799896 
vn -0.9566355347633362 0.01885663904249668 0.29067665338516235 
vn -0.9523233771324158 0.03396938741207123 0.30319350957870483 
vn -0.9462156295776367 0.04902238771319389 0.3198012113571167 
vn -0.941935122013092 0.0490497350692749 0.33219319581985474 
vn -0.9389936923980713 0.049021683633327484 0.34042292833328247 
vn -0.9372915625572205 0.052772071212530136 0.34452807903289795 
vn -0.9353162050247192 0.060358088463544846 0.34862664341926575 
vn -0.9340178966522217 0.056570377200841904 0.3527185618877411 
vn -0.9365015625953674 0.037739723920822144 0.34862664341926575 
vn -0.9351131916046143 0.03395548090338707 0.3527185618877411 
vn -0.9380185604095459 0.03770407289266586 0.34452807903289795 
vn -0.9425995945930481 0.03396548703312874 0.33219319581985474 
vn -0.9468763470649719 0.03394646942615509 0.3198012113571167 
vn -0.9527420997619629 0.018874647095799446 0.30319350957870483 
vn -0.9472969174385071 0.018861940130591393 0.3198012113571167 
vn -0.9416298866271973 0.015094240196049213 0.3363112509250641 
vn -0.9386547803878784 0.015085037797689438 0.34452807903289795 
vn -0.9355392456054688 0.018867019563913345 0.3527185618877411 
vn -0.9339051842689514 0.022631289437413216 0.3568037748336792 
vn -0.9348088502883911 0.041496641933918 0.3527185618877411 
vn -0.932686984539032 0.052783384919166565 0.3568037748336792 
vn -0.9279220104217529 0.05278569459915161 0.3690181374549866 
vn -0.9316892027854919 0.041464753448963165 0.36088213324546814 
vn -0.9339051842689514 0.022631289437413216 0.3568037748336792 
vn -0.9324208498001099 0.01885254681110382 0.36088213324546814 
vn -0.9286566972732544 0.03771400824189186 0.3690181374549866 
vn -0.9244325757026672 0.05657222494482994 0.37712597846984863 
vn -0.9189069271087646 0.0640881359577179 0.3892335295677185 
vn -0.9151899218559265 0.06786320358514786 0.3972681760787964 
vn -0.9131565690040588 0.07158324867486954 0.401274174451828 
vn -0.912536084651947 0.07910043746232986 0.401274174451828 
vn -0.9107626676559448 0.07915523648262024 0.405272513628006 
vn -0.9086179733276367 0.060341935604810715 0.41324591636657715 
vn -0.9119455218315125 0.06410573422908783 0.405272513628006 
vn -0.9124436974525452 0.05657416582107544 0.405272513628006 
vn -0.916182279586792 0.05280153825879097 0.3972681760787964 
vn -0.9233974814414978 0.04524559527635574 0.3811691105365753 
vn -0.9257852435112 0.02641323395073414 0.37712597846984863 
vn -0.9207605123519897 0.026406951248645782 0.3892335295677185 
vn -0.9153291583061218 0.03393469750881195 0.401274174451828 
vn -0.9098374843597412 0.03773055970668793 0.41324591636657715 
vn -0.9078583717346191 0.041473109275102615 0.417220801115036 
vn -0.9056468605995178 0.04903758317232132 0.42118772864341736 
vn -0.9086179733276367 0.060341935604810715 0.41324591636657715 
vn -0.9068366885185242 0.08291599899530411 0.41324591636657715 
vn -0.9053559899330139 0.07910321652889252 0.417220801115036 
vn -0.9065443277359009 0.0640638992190361 0.417220801115036 
vn -0.9039933681488037 0.04523630440235138 0.42514660954475403 
vn -0.9017137885093689 0.052798837423324585 0.42909738421440125 
vn -0.9007056355476379 0.06785894185304642 0.42909738421440125 
vn -0.8987218737602234 0.09041225910186768 0.42909738421440125 
vn -0.8956314325332642 0.10159101337194443 0.43303996324539185 
vn -0.8928280472755432 0.1091398075222969 0.43697428703308105 
vn -0.8899388313293457 0.11668675392866135 0.4409002661705017 
vn -0.8884829878807068 0.11284977197647095 0.44481781125068665 
vn -0.8875010013580322 0.12032892554998398 0.44481781125068665 
vn -0.8850045800209045 0.10906586796045303 0.45262736082077026 
vn -0.8858952522277832 0.1015780046582222 0.45262736082077026 
vn -0.8858952522277832 0.1015780046582222 0.45262736082077026 
vn -0.8910505175590515 0.09036639332771301 0.44481781125068665 
vn -0.8959869742393494 0.07912509143352509 0.43697428703308105 
vn -0.8976943492889404 0.05655374377965927 0.43697428703308105 
vn -0.8910888433456421 0.06785906851291656 0.4487268626689911 
vn -0.8861895799636841 0.07910924404859543 0.456519216299057 
vn -0.8810718655586243 0.09032975137233734 0.4642767012119293 
vn -0.8790203928947449 0.09036603569984436 0.46814218163490295 
vn -0.8782169222831726 0.09786679595708847 0.46814218163490295 
vn -0.8829972147941589 0.10911516845226288 0.456519216299057 
vn -0.8844748139381409 0.12786144018173218 0.4487268626689911 
vn -0.879936158657074 0.13153912127017975 0.456519216299057 
vn -0.8800129294395447 0.11664888262748718 0.46040233969688416 
vn -0.8782169222831726 0.09786679595708847 0.46814218163490295 
vn -0.8752759099006653 0.10540056973695755 0.4719987213611603 
vn -0.8754227757453918 0.12032409012317657 0.46814218163490295 
vn -0.8767516016960144 0.13905484974384308 0.46040233969688416 
vn -0.874260425567627 0.15394280850887299 0.46040233969688416 
vn -0.8729199767112732 0.16137036681175232 0.46040233969688416 
vn -0.8715164065361023 0.16878625750541687 0.46040233969688416 
vn -0.8687637448310852 0.17232733964920044 0.4642767012119293 
vn -0.8672651052474976 0.17971748113632202 0.4642767012119293 
vn -0.8624439835548401 0.172512948513031 0.4758462607860565 
vn -0.8638929724693298 0.16510382294654846 0.4758462607860565 
vn -0.8652783036231995 0.15768253803253174 0.4758462607860565 
vn -0.8665999174118042 0.1502496302127838 0.4758462607860565 
vn -0.8711545467376709 0.1353030800819397 0.4719987213611603 
vn -0.8696653246879578 0.11655383557081223 0.4796847105026245 
vn -0.8653985261917114 0.13152779638767242 0.4835140109062195 
vn -0.8586686849594116 0.14650899171829224 0.4911448359489441 
vn -0.854533314704895 0.15748363733291626 0.4949462115764618 
vn -0.854533314704895 0.15748363733291626 0.4949462115764618 
vn -0.8531344532966614 0.16489361226558685 0.4949462115764618 
vn -0.8596018552780151 0.17603175342082977 0.4796847105026245 
vn -0.8657036423683167 0.18709459900856018 0.4642767012119293 
vn -0.8636044263839722 0.1871638149023056 0.46814218163490295 
vn -0.8596018552780151 0.17603175342082977 0.4796847105026245 
vn -0.8531344532966614 0.16489361226558685 0.4949462115764618 
vn -0.8516712784767151 0.17229118943214417 0.4949462115764618 
vn -0.8542803525924683 0.19083832204341888 0.4835140109062195 
vn -0.8585283160209656 0.2092176228761673 0.46814218163490295 
vn -0.8567109704017639 0.21653911471366882 0.46814218163490295 
vn -0.8569573163986206 0.22376611828804016 0.4642767012119293 
vn -0.8580294847488403 0.22762927412986755 0.46040233969688416 
vn -0.8560631275177002 0.23491616547107697 0.46040233969688416 
vn -0.8560631275177002 0.23491616547107697 0.46040233969688416 
vn -0.8485744595527649 0.23128274083137512 0.4758462607860565 
vn -0.8485744595527649 0.23128274083137512 0.4758462607860565 
vn -0.847461462020874 0.2274019420146942 0.4796847105026245 
vn -0.8471947312355042 0.22017095983028412 0.4835140109062195 
vn -0.8530428409576416 0.20547613501548767 0.4796847105026245 
vn -0.8485527038574219 0.1870468407869339 0.4949462115764618 
vn -0.8429361581802368 0.2017892748117447 0.4987381398677826 
vn -0.8415496945381165 0.2163846641778946 0.4949462115764618 
vn -0.8376674056053162 0.2309579998254776 0.4949462115764618 
vn -0.8356314897537231 0.23821885883808136 0.4949462115764618 
vn -0.8367534279823303 0.24211667478084564 0.4911448359489441 
vn -0.8465579748153687 0.23855794966220856 0.4758462607860565 
vn -0.8561428785324097 0.24209414422512054 0.456519216299057 
vn -0.8519143462181091 0.25657767057418823 0.456519216299057 
vn -0.8466573357582092 0.24574092030525208 0.4719987213611603 
vn -0.8367534279823303 0.24211667478084564 0.4911448359489441 
vn -0.8346236944198608 0.24935919046401978 0.4911448359489441 
vn -0.8445227146148682 0.2529793977737427 0.4719987213611603 
vn -0.8518190383911133 0.2636907994747162 0.45262736082077026 
vn -0.8503949046134949 0.2747229337692261 0.4487268626689911 
vn -0.8509038090705872 0.2856040298938751 0.4409002661705017 
vn -0.8529691696166992 0.2854768633842468 0.43697428703308105 
vn -0.8526001572608948 0.2924881875514984 0.43303996324539185 
vn -0.8526001572608948 0.2924881875514984 0.43303996324539185 
vn -0.8431625366210938 0.29617759585380554 0.4487268626689911 
vn -0.8431625366210938 0.29617759585380554 0.4487268626689911 
vn -0.8424138426780701 0.29234811663627625 0.45262736082077026 
vn -0.8405743837356567 0.2854195833206177 0.46040233969688416 
vn -0.8422493934631348 0.2673179507255554 0.46814218163490295 
vn -0.8346854448318481 0.2565261721611023 0.48733407258987427 
vn -0.8322540521621704 0.27794918417930603 0.4796847105026245 
vn -0.8329248428344727 0.2888830900192261 0.4719987213611603 
vn -0.8322765827178955 0.30292388796806335 0.4642767012119293 
vn -0.8330216407775879 0.3067648112773895 0.46040233969688416 
vn -0.8330216407775879 0.3067648112773895 0.46040233969688416 
vn -0.8406312465667725 0.3032875657081604 0.4487268626689911 
vn -0.8501232862472534 0.29961109161376953 0.43303996324539185 
vn -0.8482100367546082 0.31050795316696167 0.42909738421440125 
vn -0.842749297618866 0.3031678795814514 0.44481781125068665 
vn -0.8330216407775879 0.3067648112773895 0.46040233969688416 
vn -0.832563579082489 0.3137325942516327 0.456519216299057 
vn -0.8429116606712341 0.3139322102069855 0.43697428703308105 
vn -0.8481892347335815 0.32121002674102783 0.42118772864341736 
vn -0.8527119755744934 0.3246321380138397 0.40926313400268555 
vn -0.8524113893508911 0.335222065448761 0.401274174451828 
vn -0.8575027585029602 0.33172258734703064 0.3932546079158783 
vn -0.8578901886940002 0.33544254302978516 0.3892335295677185 
vn -0.8578901886940002 0.33544254302978516 0.3892335295677185 
vn -0.8499966263771057 0.3459533452987671 0.3972681760787964 
vn -0.8467750549316406 0.34921491146087646 0.401274174451828 
vn -0.8476434350013733 0.3424249291419983 0.405272513628006 
vn -0.8447633385658264 0.3351145088672638 0.417220801115036 
vn -0.8429030776023865 0.3246380388736725 0.42909738421440125 
vn -0.8326783180236816 0.324485719203949 0.4487268626689911 
vn -0.8347450494766235 0.3350435495376587 0.43697428703308105 
vn -0.8365863561630249 0.34550490975379944 0.42514660954475403 
vn -0.8365325331687927 0.3597792685031891 0.41324591636657715 
vn -0.8385680913925171 0.35959312319755554 0.40926313400268555 
vn -0.8389025926589966 0.3633134067058563 0.405272513628006 
vn -0.8471227884292603 0.35293200612068176 0.3972681760787964 
vn -0.858248770236969 0.3391551077365875 0.3852050006389618 
vn -0.857634425163269 0.349627286195755 0.37712597846984863 
vn -0.8490809798240662 0.352721244096756 0.3932546079158783 
vn -0.8389025926589966 0.3633134067058563 0.405272513628006 
vn -0.8378903269767761 0.3700253963470459 0.401274174451828 
vn -0.849666953086853 0.3601154386997223 0.3852050006389618 
vn -0.8599749207496643 0.3567239046096802 0.3649536371231079 
vn -0.8650418519973755 0.35678035020828247 0.3527185618877411 
vn -0.8669546842575073 0.36012494564056396 0.34452807903289795 
vn -0.869956374168396 0.3567747175693512 0.34042292833328247 
vn -0.870064377784729 0.3603924512863159 0.3363112509250641 
vn -0.8730299472808838 0.3570243716239929 0.33219319581985474 
vn -0.8641186952590942 0.37069010734558105 0.34042292833328247 
vn -0.8611162900924683 0.3776122033596039 0.34042292833328247 
vn -0.8610559701919556 0.3740094006061554 0.34452807903289795 
vn -0.8591741919517517 0.37068766355514526 0.3527185618877411 
vn -0.8539077043533325 0.36697036027908325 0.3690181374549866 
vn -0.8403732776641846 0.37718695402145386 0.3892335295677185 
vn -0.8445970416069031 0.38401874899864197 0.37307560443878174 
vn -0.8499018549919128 0.3877601623535156 0.3568037748336792 
vn -0.8499785661697388 0.3949631154537201 0.34862664341926575 
vn -0.8549453616142273 0.3913830518722534 0.34042292833328247 
vn -0.8549453616142273 0.3913830518722534 0.34042292833328247 
vn -0.8641762733459473 0.37429141998291016 0.3363112509250641 
vn -0.8718417286872864 0.3636796772480011 0.3280687630176544 
vn -0.8748193383216858 0.3638933300971985 0.3198012113571167 
vn -0.8659238219261169 0.377553790807724 0.3280687630176544 
vn -0.8549453616142273 0.3913830518722534 0.34042292833328247 
vn -0.8777078986167908 0.36764416098594666 0.30735430121421814 
vn -0.8689128756523132 0.3777797818183899 0.3198012113571167 
vn -0.8566334247589111 0.3981834053993225 0.3280687630176544 
vn -0.8760319948196411 0.38480517268180847 0.29067665338516235 
vn -0.8751991391181946 0.39874759316444397 0.27391019463539124 
vn -0.8720443844795227 0.40560048818588257 0.27391019463539124 
vn -0.8746218085289001 0.40564632415771484 0.26549527049064636 
vn -0.8746218085289001 0.40564632415771484 0.26549527049064636 
vn -0.8808625340461731 0.39191001653671265 0.26549527049064636 
vn -0.8898186683654785 0.371126651763916 0.26549527049064636 
vn -0.9060913920402527 0.33603349328041077 0.25706008076667786 
vn -0.911282479763031 0.3111644685268402 0.26970529556274414 
vn -0.911282479763031 0.3111644685268402 0.26970529556274414 
vn -0.911282479763031 0.3111644685268402 0.26970529556274414 
vn -0.9096156358718872 0.3328586518764496 0.24860523641109467 
vn -0.9119337201118469 0.3470931649208069 0.21886809170246124 
vn -0.9089739322662354 0.3647609055042267 0.2017817199230194 
vn -0.9089739322662354 0.3647609055042267 0.2017817199230194 
vn -0.9113513231277466 0.3611542582511902 0.1975002884864807 
vn -0.9171956777572632 0.3507976233959198 0.18892620503902435 
vn -0.9216780662536621 0.34349358081817627 0.18033768236637115 
vn -0.9294762015342712 0.33294761180877686 0.15880759060382843 
vn -0.9321509003639221 0.3294580280780792 0.15017375349998474 
vn -0.9271576404571533 0.3329949975013733 0.17173540592193604 
vn -0.9245769381523132 0.3258083462715149 0.1975002884864807 
vn -0.9223557114601135 0.3294602632522583 0.2017817199230194 
vn -0.9166475534439087 0.3398783504962921 0.2103329300880432 
vn -0.9119337201118469 0.3470931649208069 0.21886809170246124 
vn -0.9119337201118469 0.3470931649208069 0.21886809170246124 
vn -0.9168459177017212 0.322103351354599 0.23588760197162628 
vn -0.9168459177017212 0.322103351354599 0.23588760197162628 
vn -0.9144707322120667 0.3256995975971222 0.2401314377784729 
vn -0.9191862344741821 0.3184964060783386 0.23163928091526031 
vn -0.9270599484443665 0.30439555644989014 0.21886809170246124 
vn -0.9270599484443665 0.30439555644989014 0.21886809170246124 
vn -0.9267627596855164 0.322147011756897 0.19321508705615997 
vn -0.9319940209388733 0.325833261013031 0.15880759060382843 
vn -0.9341451525688171 0.3257297873497009 0.1458524912595749 
vn -0.9366017580032349 0.31859731674194336 0.1458524912595749 
vn -0.9366017580032349 0.31859731674194336 0.1458524912595749 
vn -0.9395997524261475 0.3116439878940582 0.1415284425020218 
vn -0.9437955021858215 0.3007086515426636 0.1372016966342926 
vn -0.9488310813903809 0.2864690124988556 0.1328723281621933 
vn -0.9536335468292236 0.2721404731273651 0.12854042649269104 
vn -0.9486666917800903 0.2828448414802551 0.1415284425020218 
vn -0.9436441659927368 0.29709044098854065 0.1458524912595749 
vn -0.9394514560699463 0.30802398920059204 0.15017375349998474 
vn -0.9351052045822144 0.3189207911491394 0.15449213981628418 
vn -0.9351052045822144 0.3189207911491394 0.15449213981628418 
vn -0.9375156164169312 0.31176382303237915 0.15449213981628418 
vn -0.9372487664222717 0.3009573221206665 0.1760382205247879 
vn -0.9341728687286377 0.3078950345516205 0.18033768236637115 
vn -0.9349123239517212 0.30813875794410706 0.1760382205247879 
vn -0.9372487664222717 0.3009573221206665 0.1760382205247879 
vn -0.9392318725585938 0.29723796248435974 0.17173540592193604 
vn -0.9455614686012268 0.2790716290473938 0.16742929816246033 
vn -0.947669506072998 0.2718270719051361 0.16742929816246033 
vn -0.9525169730186462 0.27182185649871826 0.1372016966342926 
vn -0.957297146320343 0.26106521487236023 0.1242060661315918 
vn -0.9597707986831665 0.25391218066215515 0.11986933648586273 
vn -0.9551281332969666 0.2647172808647156 0.1328723281621933 
vn -0.9483636617660522 0.2720261812210083 0.16312000155448914 
vn -0.9448167085647583 0.264554888010025 0.19321508705615997 
vn -0.9448167085647583 0.264554888010025 0.19321508705615997 
vn -0.938637375831604 0.28276053071022034 0.1975002884864807 
vn -0.9366033673286438 0.2864580452442169 0.2017817199230194 
vn -0.9357513189315796 0.2861974537372589 0.2060592919588089 
vn -0.9366033673286438 0.2864580452442169 0.2017817199230194 
vn -0.935127854347229 0.2717190384864807 0.22738653421401978 
vn -0.935127854347229 0.2717190384864807 0.22738653421401978 
vn -0.9372117519378662 0.2680436372756958 0.22312943637371063 
vn -0.9421891570091248 0.2573429346084595 0.21460255980491638 
vn -0.9350770711898804 0.26455220580101013 0.23588760197162628 
vn -0.9328773021697998 0.264618456363678 0.24437066912651062 
vn -0.9390734434127808 0.2499961256980896 0.23588760197162628 
vn -0.9421799778938293 0.25375914573669434 0.21886809170246124 
vn -0.9456206560134888 0.2647799849510193 0.18892620503902435 
vn -0.9528473019599915 0.2611784338951111 0.15449213981628418 
vn -0.9596019387245178 0.25028279423713684 0.12854042649269104 
vn -0.9597707986831665 0.25391218066215515 0.11986933648586273 
vn -0.9616744518280029 0.24660415947437286 0.11986933648586273 
vn -0.9635224342346191 0.23928186297416687 0.11986933648586273 
vn -0.9670511484146118 0.22459617257118225 0.11986933648586273 
vn -0.9703559875488281 0.2098584920167923 0.11986933648586273 
vn -0.9729134440422058 0.19496746361255646 0.1242060661315918 
vn -0.9678770303726196 0.21344561874866486 0.1328723281621933 
vn -0.9645136594772339 0.2281629592180252 0.1328723281621933 
vn -0.9633027911186218 0.23563769459724426 0.12854042649269104 
vn -0.9590493440628052 0.25013864040374756 0.1328723281621933 
vn -0.9590493440628052 0.25013864040374756 0.1328723281621933 
vn -0.9567285776138306 0.2465817928314209 0.15449213981628418 
vn -0.9494816660881042 0.25376155972480774 0.18463370203971863 
vn -0.9421799778938293 0.25375914573669434 0.21886809170246124 
vn -0.9409867525100708 0.24269524216651917 0.23588760197162628 
vn -0.9347812533378601 0.25373101234436035 0.24860523641109467 
vn -0.9350078701972961 0.2609543800354004 0.2401314377784729 
vn -0.9372117519378662 0.2680436372756958 0.22312943637371063 
vn -0.9335171580314636 0.2934029996395111 0.2060592919588089 
vn -0.9270599484443665 0.30439555644989014 0.21886809170246124 
vn -0.9286662936210632 0.28269389271736145 0.2401314377784729 
vn -0.9286597967147827 0.2862655520439148 0.23588760197162628 
vn -0.921895444393158 0.29716017842292786 0.24860523641109467 
vn -0.918512225151062 0.3004254698753357 0.25706008076667786 
vn -0.918512225151062 0.3004254698753357 0.25706008076667786 
vn -0.921895444393158 0.29716017842292786 0.24860523641109467 
vn -0.9161369204521179 0.30401620268821716 0.2612801790237427 
vn -0.9230120778083801 0.28245604038238525 0.2612801790237427 
vn -0.9230120778083801 0.28245604038238525 0.2612801790237427 
vn -0.9206950664520264 0.2860644459724426 0.26549527049064636 
vn -0.923089861869812 0.2860511243343353 0.25706008076667786 
vn -0.9285116195678711 0.2719201147556305 0.25283506512641907 
vn -0.9273138642311096 0.2679956257343292 0.2612801790237427 
vn -0.922603964805603 0.27161574363708496 0.27391019463539124 
vn -0.9180862903594971 0.2824402153491974 0.2781098484992981 
vn -0.9135366678237915 0.2968260645866394 0.2781098484992981 
vn -0.9135366678237915 0.2968260645866394 0.2781098484992981 
vn -0.9158397316932678 0.2896420657634735 0.2781098484992981 
vn -0.9179140329360962 0.27881571650505066 0.28230419754981995 
vn -0.9254412055015564 0.20956717431545258 0.31565824151039124 
vn -0.9293798804283142 0.26074063777923584 0.2612801790237427 
vn -0.9307118654251099 0.26827380061149597 0.24860523641109467 
vn -0.9264399409294128 0.289906769990921 0.2401314377784729 
vn -0.9330089688301086 0.27538609504699707 0.23163928091526031 
vn -0.9350078701972961 0.2609543800354004 0.2401314377784729 
vn -0.9315692782402039 0.2570967972278595 0.25706008076667786 
vn -0.9406647086143494 0.23544183373451233 0.24437066912651062 
vn -0.9409867525100708 0.24269524216651917 0.23588760197162628 
vn -0.9460541009902954 0.24274954199790955 0.21460255980491638 
vn -0.9515348672866821 0.22436897456645966 0.2103329300880432 
vn -0.9550766348838806 0.23181678354740143 0.18463370203971863 
vn -0.9567285776138306 0.2465817928314209 0.15449213981628418 
vn -0.9567285776138306 0.2465817928314209 0.15449213981628418 
vn -0.9603862762451172 0.23192749917507172 0.15449213981628418 
vn -0.9621310234069824 0.2245798110961914 0.15449213981628418 
vn -0.965451717376709 0.20984551310539246 0.15449213981628418 
vn -0.9710158109664917 0.19867876172065735 0.1328723281621933 
vn -0.9748919606208801 0.18766196072101593 0.11986933648586273 
vn -0.9762912392616272 0.18024083971977234 0.11986933648586273 
vn -0.9744905233383179 0.18397176265716553 0.12854042649269104 
vn -0.9670275449752808 0.20245976746082306 0.15449213981628418 
vn -0.960164487361908 0.20974890887737274 0.18463370203971863 
vn -0.9585250616073608 0.2171178162097931 0.18463370203971863 
vn -0.9550766348838806 0.23181678354740143 0.18463370203971863 
vn -0.9532678723335266 0.23914596438407898 0.18463370203971863 
vn -0.9532678723335266 0.23914596438407898 0.18463370203971863 
vn -0.9479019045829773 0.23543089628219604 0.21460255980491638 
vn -0.9479019045829773 0.23543089628219604 0.21460255980491638 
vn -0.9515348672866821 0.22436897456645966 0.2103329300880432 
vn -0.9548851251602173 0.20965321362018585 0.2103329300880432 
vn -0.9547258615493774 0.2060200273990631 0.21460255980491638 
vn -0.960164487361908 0.20974890887737274 0.18463370203971863 
vn -0.9685468077659607 0.19506217539310455 0.15449213981628418 
vn -0.9753013849258423 0.17644312977790833 0.1328723281621933 
vn -0.9771089553833008 0.17271646857261658 0.1242060661315918 
vn -0.9771089553833008 0.17271646857261658 0.1242060661315918 
vn -0.9783944487571716 0.16527889668941498 0.1242060661315918 
vn -0.9796419739723206 0.15420417487621307 0.12854042649269104 
vn -0.9807274341583252 0.13910193741321564 0.1372016966342926 
vn -0.9819526076316833 0.12039972841739655 0.1458524912595749 
vn -0.9788150191307068 0.13917258381843567 0.15017375349998474 
vn -0.9772695899009705 0.15784130990505219 0.1415284425020218 
vn -0.976035475730896 0.16890957951545715 0.1372016966342926 
vn -0.9753013849258423 0.17644312977790833 0.1328723281621933 
vn -0.9753013849258423 0.17644312977790833 0.1328723281621933 
vn -0.9714155197143555 0.18023324012756348 0.15449213981628418 
vn -0.9633476138114929 0.19859424233436584 0.18033768236637115 
vn -0.9532383680343628 0.21701756119728088 0.2103329300880432 
vn -0.9499461650848389 0.20963184535503387 0.23163928091526031 
vn -0.9501625895500183 0.21327552199363708 0.22738653421401978 
vn -0.9480711817741394 0.21334974467754364 0.23588760197162628 
vn -0.9448110461235046 0.23167933523654938 0.23163928091526031 
vn -0.9465797543525696 0.22434352338314056 0.23163928091526031 
vn -0.9467439651489258 0.22797201573848724 0.22738653421401978 
vn -0.9429855346679688 0.23900121450424194 0.23163928091526031 
vn -0.9406647086143494 0.23544183373451233 0.24437066912651062 
vn -0.9468783140182495 0.23159179091453552 0.22312943637371063 
vn -0.9406647086143494 0.23544183373451233 0.24437066912651062 
vn -0.9478206634521484 0.20969721674919128 0.2401314377784729 
vn -0.9501625895500183 0.21327552199363708 0.22738653421401978 
vn -0.9564749598503113 0.20227637887001038 0.2103329300880432 
vn -0.9594835638999939 0.18748699128627777 0.2103329300880432 
vn -0.9647424817085266 0.18756966292858124 0.18463370203971863 
vn -0.9714155197143555 0.18023324012756348 0.15449213981628418 
vn -0.9714155197143555 0.18023324012756348 0.15449213981628418 
vn -0.9720908999443054 0.17268304526805878 0.15880759060382843 
vn -0.9725683331489563 0.16148774325847626 0.16742929816246033 
vn -0.9735976457595825 0.15038138628005981 0.17173540592193604 
vn -0.9796643853187561 0.12802311778068542 0.15449213981628418 
vn -0.9826080203056335 0.10922133177518845 0.15017375349998474 
vn -0.9823423027992249 0.1055264100432396 0.15449213981628418 
vn -0.9799349308013916 0.12044760584831238 0.15880759060382843 
vn -0.974721372127533 0.14291693270206451 0.17173540592193604 
vn -0.9675148725509644 0.15782472491264343 0.1975002884864807 
vn -0.9677747488021851 0.16149303317070007 0.19321508705615997 
vn -0.9661547541618347 0.18015386164188385 0.18463370203971863 
vn -0.9647424817085266 0.18756966292858124 0.18463370203971863 
vn -0.9646116495132446 0.18393263220787048 0.18892620503902435 
vn -0.9577960968017578 0.19123901426792145 0.21460255980491638 
vn -0.9580078125 0.19488748908042908 0.2103329300880432 
vn -0.9592454433441162 0.1838311403989792 0.21460255980491638 
vn -0.9616500735282898 0.16530553996562958 0.21886809170246124 
vn -0.9593917727470398 0.17257073521614075 0.22312943637371063 
vn -0.9675148725509644 0.15782472491264343 0.1975002884864807 
vn -0.9755250215530396 0.1317628026008606 0.1760382205247879 
vn -0.9805377721786499 0.10925891250371933 0.16312000155448914 
vn -0.9823423027992249 0.1055264100432396 0.15449213981628418 
vn -0.9831202030181885 0.09801460057497025 0.15449213981628418 
vn -0.9820951819419861 0.09423841536045074 0.16312000155448914 
vn -0.9816458225250244 0.0829361155629158 0.17173540592193604 
vn -0.9809935688972473 0.07162351906299591 0.18033768236637115 
vn -0.9795247912406921 0.05656092241406441 0.19321508705615997 
vn -0.9787914156913757 0.07921048253774643 0.18892620503902435 
vn -0.9797791838645935 0.08666642010211945 0.18033768236637115 
vn -0.9802596569061279 0.09796935319900513 0.17173540592193604 
vn -0.9813452363014221 0.10175164043903351 0.16312000155448914 
vn -0.9805377721786499 0.10925891250371933 0.16312000155448914 
vn -0.9766587615013123 0.11668749153614044 0.18033768236637115 
vn -0.9687014222145081 0.1503702700138092 0.1975002884864807 
vn -0.9603421688079834 0.17274168133735657 0.21886809170246124 
vn -0.9552555084228516 0.17269571125507355 0.2401314377784729 
vn -0.9556393623352051 0.1763816624879837 0.23588760197162628 
vn -0.9520934820175171 0.1838504672050476 0.24437066912651062 
vn -0.9530839920043945 0.19486969709396362 0.23163928091526031 
vn -0.9530839920043945 0.19486969709396362 0.23163928091526031 
vn -0.9533530473709106 0.19852782785892487 0.22738653421401978 
vn -0.9501625895500183 0.21327552199363708 0.22738653421401978 
vn -0.9494225978851318 0.20232050120830536 0.2401314377784729 
vn -0.9563146829605103 0.18373247981071472 0.22738653421401978 
vn -0.9475398659706116 0.20603688061237335 0.24437066912651062 
vn -0.9517019987106323 0.1801632195711136 0.24860523641109467 
vn -0.9559923410415649 0.18006066977977753 0.23163928091526031 
vn -0.9606983661651611 0.16514195501804352 0.22312943637371063 
vn -0.9611182808876038 0.15031614899635315 0.23163928091526031 
vn -0.9696472883224487 0.13161954283714294 0.2060592919588089 
vn -0.9757348299026489 0.12417668849229813 0.18033768236637115 
vn -0.9757348299026489 0.12417668849229813 0.18033768236637115 
vn -0.9758920073509216 0.10927806049585342 0.18892620503902435 
vn -0.9753956198692322 0.09796429425477982 0.1975002884864807 
vn -0.9739992618560791 0.09415388107299805 0.2060592919588089 
vn -0.9768048524856567 0.07166896760463715 0.2017817199230194 
vn -0.9773111343383789 0.049015361815690994 0.2060592919588089 
vn -0.9776600003242493 0.04147946834564209 0.2060592919588089 
vn -0.9769042134284973 0.0565483421087265 0.2060592919588089 
vn -0.9734389185905457 0.09042529761791229 0.2103329300880432 
vn -0.9662240147590637 0.1129353865981102 0.23163928091526031 
vn -0.9673275351524353 0.12037722021341324 0.22312943637371063 
vn -0.9687711596488953 0.12421025335788727 0.21460255980491638 
vn -0.9683836698532104 0.1466875970363617 0.2017817199230194 
vn -0.968603789806366 0.13909098505973816 0.2060592919588089 
vn -0.9615484476089478 0.15401297807693481 0.22738653421401978 
vn -0.9603263735771179 0.1614578366279602 0.22738653421401978 
vn -0.9606568813323975 0.14661303162574768 0.23588760197162628 
vn -0.9606948494911194 0.1317131370306015 0.24437066912651062 
vn -0.9596402645111084 0.13918890058994293 0.24437066912651062 
vn -0.9676663875579834 0.10916539281606674 0.22738653421401978 
vn -0.9718719720840454 0.07535306364297867 0.22312943637371063 
vn -0.9750611782073975 0.056580815464258194 0.21460255980491638 
vn -0.9776600003242493 0.04147946834564209 0.2060592919588089 
vn -0.9765815138816833 0.04526118189096451 0.2103329300880432 
vn -0.9750242233276367 0.037742096930742264 0.21886809170246124 
vn -0.9723334908485413 0.030179323628544807 0.23163928091526031 
vn -0.9693219065666199 0.026421040296554565 0.24437066912651062 
vn -0.9649977684020996 0.02262824960052967 0.2612801790237427 
vn -0.967869222164154 0.03774431347846985 0.24860523641109467 
vn -0.9708938598632812 0.041498277336359024 0.23588760197162628 
vn -0.973738431930542 0.04524073004722595 0.22312943637371063 
vn -0.9743234515190125 0.052826281636953354 0.21886809170246124 
vn -0.9743234515190125 0.052826281636953354 0.21886809170246124 
vn -0.9704320430755615 0.0678592175245285 0.23163928091526031 
vn -0.966443657875061 0.10170380771160126 0.23588760197162628 
vn -0.9596402645111084 0.13918890058994293 0.24437066912651062 
vn -0.9534967541694641 0.15025529265403748 0.2612801790237427 
vn -0.9552236199378967 0.1465194970369339 0.25706008076667786 
vn -0.9528201222419739 0.16141246259212494 0.25706008076667786 
vn -0.9561277031898499 0.16156375408172607 0.24437066912651062 
vn -0.9561277031898499 0.16156375408172607 0.24437066912651062 
vn -0.9561277031898499 0.16156375408172607 0.24437066912651062 
vn -0.9556393623352051 0.1763816624879837 0.23588760197162628 
vn -0.9517019987106323 0.1801632195711136 0.24860523641109467 
vn -0.9590239524841309 0.1503659188747406 0.2401314377784729 
vn -0.9512796998023987 0.17646926641464233 0.25283506512641907 
vn -0.949940025806427 0.15771186351776123 0.26970529556274414 
vn -0.9552236199378967 0.1465194970369339 0.25706008076667786 
vn -0.9594970345497131 0.12425731122493744 0.25283506512641907 
vn -0.9570301175117493 0.11664291471242905 0.26549527049064636 
vn -0.9643698930740356 0.09047719836235046 0.24860523641109467 
vn -0.9711681604385376 0.07160811871290207 0.22738653421401978 
vn -0.9711681604385376 0.07160811871290207 0.22738653421401978 
vn -0.9696635603904724 0.06410662084817886 0.23588760197162628 
vn -0.9667218923568726 0.06036704406142235 0.24860523641109467 
vn -0.9647400975227356 0.05653950944542885 0.25706008076667786 
vn -0.9647914171218872 0.030168849974870682 0.2612801790237427 
vn -0.9615703225135803 0.01885923556983471 0.27391019463539124 
vn -0.9604308009147644 0.015087652020156384 0.2781098484992981 
vn -0.9613928198814392 0.026401305571198463 0.27391019463539124 
vn -0.9614952206611633 0.05278206244111061 0.26970529556274414 
vn -0.9578447937965393 0.08664043247699738 0.27391019463539124 
vn -0.9610216021537781 0.09038866311311722 0.2612801790237427 
vn -0.9625049829483032 0.08662702143192291 0.25706008076667786 
vn -0.966443657875061 0.10170380771160126 0.23588760197162628 
vn -0.9643303155899048 0.10173477232456207 0.24437066912651062 
vn -0.9583922624588013 0.12411423772573471 0.25706008076667786 
vn -0.9594970345497131 0.12425731122493744 0.25283506512641907 
vn -0.9563014507293701 0.11290085315704346 0.26970529556274414 
vn -0.9530952572822571 0.10915039479732513 0.28230419754981995 
vn -0.9538911581039429 0.11290046572685242 0.2781098484992981 
vn -0.9593693614006042 0.08288215100765228 0.26970529556274414 
vn -0.9594829678535461 0.04524806886911392 0.2781098484992981 
vn -0.9602826833724976 0.022630315274000168 0.2781098484992981 
vn -0.9592581987380981 0.0113156633451581 0.28230419754981995 
vn -0.9579635262489319 0.015086616389453411 0.2864931523799896 
vn -0.9567544460296631 0.0113144526258111 0.29067665338516235 
vn -0.9528617262840271 0.011325262486934662 0.30319350957870483 
vn -0.9474170804023743 0.011317642405629158 0.3198012113571167 
vn -0.9417206645011902 0.007547362241894007 0.3363112509250641 
vn -0.9472969174385071 0.018861940130591393 0.3198012113571167 
vn -0.9527420997619629 0.018874647095799446 0.30319350957870483 
vn -0.9566355347633362 0.01885663904249668 0.29067665338516235 
vn -0.9578149914741516 0.022628754377365112 0.2864931523799896 
vn -0.9578149914741516 0.022628754377365112 0.2864931523799896 
vn -0.9559220671653748 0.041474293917417526 0.29067665338516235 
vn -0.956056535243988 0.07912150025367737 0.28230419754981995 
vn -0.9555408954620361 0.10915487259626389 0.27391019463539124 
vn -0.9495123624801636 0.1278589367866516 0.2864931523799896 
vn -0.9495123624801636 0.1278589367866516 0.2864931523799896 
vn -0.9491909742355347 0.1390713006258011 0.28230419754981995 
vn -0.9533840417861938 0.1353437304496765 0.26970529556274414 
vn -0.9527078866958618 0.13160887360572815 0.27391019463539124 
vn -0.9527078866958618 0.13160887360572815 0.27391019463539124 
vn -0.956338107585907 0.1390593945980072 0.25706008076667786 
vn -0.9511464238166809 0.1502648890018463 0.26970529556274414 
vn -0.9544150829315186 0.12787047028541565 0.26970529556274414 
vn -0.9505259990692139 0.14653848111629486 0.27391019463539124 
vn -0.9466631412506104 0.13905397057533264 0.29067665338516235 
vn -0.9495123624801636 0.1278589367866516 0.2864931523799896 
vn -0.9497134685516357 0.10538052767515182 0.2948545813560486 
vn -0.9465388655662537 0.09796706587076187 0.30735430121421814 
vn -0.9512584805488586 0.07543376088142395 0.2990269064903259 
vn -0.9555653929710388 0.04900898039340973 0.29067665338516235 
vn -0.9570133686065674 0.04524488374590874 0.2864931523799896 
vn -0.9531692862510681 0.045290507376194 0.2990269064903259 
vn -0.9493364095687866 0.04150139167904854 0.31150925159454346 
vn -0.9465759992599487 0.0414857417345047 0.3198012113571167 
vn -0.9430225491523743 0.018872536718845367 0.33219319581985474 
vn -0.9387457370758057 0.007542762439697981 0.34452807903289795 
vn -0.9356609582901001 0.011320702731609344 0.3527185618877411 
vn -0.9386547803878784 0.015085037797689438 0.34452807903289795 
vn -0.9437432885169983 0.041466839611530304 0.3280687630176544 
vn -0.9430723786354065 0.07535645365715027 0.3239381015300751 
vn -0.9458733797073364 0.0753881111741066 0.31565824151039124 
vn -0.9512584805488586 0.07543376088142395 0.2990269064903259 
vn -0.9551140069961548 0.07535827904939651 0.2864931523799896 
vn -0.9512584805488586 0.07543376088142395 0.2990269064903259 
vn -0.9474827647209167 0.10173550248146057 0.30319350957870483 
vn -0.9497134685516357 0.10538052767515182 0.2948545813560486 
vn -0.9474827647209167 0.10173550248146057 0.30319350957870483 
vn -0.9420145153999329 0.10166510939598083 0.3198012113571167 
vn -0.9420145153999329 0.10166510939598083 0.3198012113571167 
vn -0.9430723786354065 0.07535645365715027 0.3239381015300751 
vn -0.939356803894043 0.04148522764444351 0.34042292833328247 
vn -0.9355392456054688 0.018867019563913345 0.3527185618877411 
vn -0.9340574741363525 0.015088346786797047 0.3568037748336792 
vn -0.9325428009033203 0.011312020942568779 0.36088213324546814 
vn -0.9309568405151367 0.011321928352117538 0.3649536371231079 
vn -0.9259697794914246 0.018867848441004753 0.37712597846984863 
vn -0.9207605123519897 0.026406951248645782 0.3892335295677185 
vn -0.9138142466545105 0.026414481922984123 0.405272513628006 
vn -0.9220590591430664 0.03773894160985947 0.3852050006389618 
vn -0.9274255037307739 0.026391534134745598 0.37307560443878174 
vn -0.9306508898735046 0.026414938271045685 0.3649536371231079 
vn -0.9339051842689514 0.022631289437413216 0.3568037748336792 
vn -0.9355392456054688 0.018867019563913345 0.3527185618877411 
vn -0.9348088502883911 0.041496641933918 0.3527185618877411 
vn -0.9393022060394287 0.06786810606718063 0.3363112509250641 
vn -0.9438055753707886 0.09793324023485184 0.31565824151039124 
vn -0.9383895397186279 0.1203710287809372 0.3239381015300751 
vn -0.9402759075164795 0.11665500700473785 0.3198012113571167 
vn -0.9402129054069519 0.12790447473526 0.31565824151039124 
vn -0.9466061592102051 0.12049752473831177 0.2990269064903259 
vn -0.9447970986366272 0.12422624230384827 0.30319350957870483 
vn -0.9439393877983093 0.1204647645354271 0.30735430121421814 
vn -0.9479315876960754 0.12035980820655823 0.2948545813560486 
vn -0.944580614566803 0.1354634165763855 0.2990269064903259 
vn -0.944865345954895 0.11297248303890228 0.30735430121421814 
vn -0.943783164024353 0.13170818984508514 0.30319350957870483 
vn -0.9363507032394409 0.1353197544813156 0.3239381015300751 
vn -0.9402759075164795 0.11665500700473785 0.3198012113571167 
vn -0.9377103447914124 0.10172028094530106 0.33219319581985474 
vn -0.9321272373199463 0.09797052294015884 0.34862664341926575 
vn -0.934222400188446 0.07541823387145996 0.34862664341926575 
vn -0.9361671805381775 0.0452822782099247 0.34862664341926575 
vn -0.9361671805381775 0.0452822782099247 0.34862664341926575 
vn -0.9313234090805054 0.048997391015291214 0.36088213324546814 
vn -0.9279220104217529 0.05278569459915161 0.3690181374549866 
vn -0.9244325757026672 0.05657222494482994 0.37712597846984863 
vn -0.9169268012046814 0.03772559016942978 0.3972681760787964 
vn -0.9081712961196899 0.03393644094467163 0.417220801115036 
vn -0.906337559223175 0.033957719802856445 0.42118772864341736 
vn -0.911637008190155 0.03770558536052704 0.40926313400268555 
vn -0.9208551645278931 0.06035603582859039 0.3852050006389618 
vn -0.925719141960144 0.08288335055112839 0.3690181374549866 
vn -0.9276543259620667 0.07915975898504257 0.3649536371231079 
vn -0.9311345219612122 0.07536302506923676 0.3568037748336792 
vn -0.9375416040420532 0.07161016762256622 0.34042292833328247 
vn -0.9357473850250244 0.07534730434417725 0.34452807903289795 
vn -0.9328429698944092 0.10537725687026978 0.34452807903289795 
vn -0.9366443157196045 0.09793934971094131 0.3363112509250641 
vn -0.9321272373199463 0.09797052294015884 0.34862664341926575 
vn -0.9262077808380127 0.10910181701183319 0.36088213324546814 
vn -0.9262077808380127 0.10910181701183319 0.36088213324546814 
vn -0.9237504601478577 0.08660049736499786 0.37307560443878174 
vn -0.9157170653343201 0.06033441051840782 0.3972681760787964 
vn -0.9078583717346191 0.041473109275102615 0.417220801115036 
vn -0.9043389558792114 0.037701722234487534 0.42514660954475403 
vn -0.9043389558792114 0.037701722234487534 0.42514660954475403 
vn -0.900420606136322 0.04146242514252663 0.43303996324539185 
vn -0.8962149620056152 0.04904760792851448 0.4409002661705017 
vn -0.8916301727294922 0.06033136323094368 0.4487268626689911 
vn -0.8841752409934998 0.0791441798210144 0.46040233969688416 
vn -0.8924462795257568 0.07534453272819519 0.44481781125068665 
vn -0.8971883654594421 0.06408221274614334 0.43697428703308105 
vn -0.9035850167274475 0.05276774987578392 0.42514660954475403 
vn -0.9056468605995178 0.04903758317232132 0.42118772864341736 
vn -0.9056468605995178 0.04903758317232132 0.42118772864341736 
vn -0.9098919034004211 0.0678267627954483 0.40926313400268555 
vn -0.9190966486930847 0.08293677866458893 0.3852050006389618 
vn -0.9262077808380127 0.10910181701183319 0.36088213324546814 
vn -0.9253888130187988 0.12785397469997406 0.3568037748336792 
vn -0.9274551272392273 0.12416348606348038 0.3527185618877411 
vn -0.9289751052856445 0.13529837131500244 0.34452807903289795 
vn -0.934019148349762 0.1204284280538559 0.3363112509250641 
vn -0.9320425391197205 0.1241326630115509 0.34042292833328247 
vn -0.934019148349762 0.1204284280538559 0.3363112509250641 
vn -0.9421284198760986 0.11293314397335052 0.31565824151039124 
vn -0.9354488849639893 0.13155338168144226 0.3280687630176544 
vn -0.9349542856216431 0.11293916404247284 0.3363112509250641 
vn -0.9354488849639893 0.13155338168144226 0.3280687630176544 
vn -0.9253316521644592 0.1391078531742096 0.3527185618877411 
vn -0.9274551272392273 0.12416348606348038 0.3527185618877411 
vn -0.9225403070449829 0.11289363354444504 0.3690181374549866 
vn -0.9175886511802673 0.11287684738636017 0.3811691105365753 
vn -0.9132372140884399 0.09042000025510788 0.3972681760787964 
vn -0.9119455218315125 0.06410573422908783 0.405272513628006 
vn -0.9098919034004211 0.0678267627954483 0.40926313400268555 
vn -0.9059813618659973 0.07158602774143219 0.417220801115036 
vn -0.9013245701789856 0.08285164833068848 0.42514660954475403 
vn -0.8987218737602234 0.09041225910186768 0.42909738421440125 
vn -0.8881868720054626 0.0790729895234108 0.45262736082077026 
vn -0.8797597885131836 0.08285869657993317 0.46814218163490295 
vn -0.876952052116394 0.09040078520774841 0.4719987213611603 
vn -0.8834704160690308 0.08665873855352402 0.46040233969688416 
vn -0.8964500427246094 0.09409431368112564 0.43303996324539185 
vn -0.9035895466804504 0.11293258517980576 0.41324591636657715 
vn -0.905409574508667 0.11285918951034546 0.40926313400268555 
vn -0.9124627113342285 0.09792737662792206 0.3972681760787964 
vn -0.9170545935630798 0.08664928376674652 0.3892335295677185 
vn -0.9163140058517456 0.09415870904922485 0.3892335295677185 
vn -0.9187830090522766 0.1166779026389122 0.37712597846984863 
vn -0.9204471111297607 0.11658356338739395 0.37307560443878174 
vn -0.9149360656738281 0.1204536184668541 0.3852050006389618 
vn -0.9105051159858704 0.12779390811920166 0.3932546079158783 
vn -0.9105051159858704 0.12779390811920166 0.3932546079158783 
vn -0.9035895466804504 0.11293258517980576 0.41324591636657715 
vn -0.8894019722938538 0.10536260902881622 0.44481781125068665 
vn -0.8782169222831726 0.09786679595708847 0.46814218163490295 
vn -0.8748668432235718 0.0904339924454689 0.4758462607860565 
vn -0.8748668432235718 0.0904339924454689 0.4758462607860565 
vn -0.871540367603302 0.10158722847700119 0.4796847105026245 
vn -0.8685097694396973 0.10910994559526443 0.4835140109062195 
vn -0.8643519282341003 0.12410176545381546 0.48733407258987427 
vn -0.8571378588676453 0.14262863993644714 0.4949462115764618 
vn -0.867533266544342 0.13148599863052368 0.4796847105026245 
vn -0.871246874332428 0.12041277438402176 0.4758462607860565 
vn -0.8752759099006653 0.10540056973695755 0.4719987213611603 
vn -0.8761460781097412 0.0979042649269104 0.4719987213611603 
vn -0.8782169222831726 0.09786679595708847 0.46814218163490295 
vn -0.8865081667900085 0.1129048764705658 0.4487268626689911 
vn -0.8994383215904236 0.11666864901781082 0.42118772864341736 
vn -0.9105051159858704 0.12779390811920166 0.3932546079158783 
vn -0.9122209548950195 0.15021005272865295 0.3811691105365753 
vn -0.9134162664413452 0.14276142418384552 0.3811691105365753 
vn -0.918388843536377 0.14278487861156464 0.3690181374549866 
vn -0.9216708540916443 0.1316497027873993 0.3649536371231079 
vn -0.9216708540916443 0.1316497027873993 0.3649536371231079 
vn -0.9216708540916443 0.1316497027873993 0.3649536371231079 
vn -0.9263911843299866 0.12037637829780579 0.3568037748336792 
vn -0.9253316521644592 0.1391078531742096 0.3527185618877411 
vn -0.9167593717575073 0.13163679838180542 0.37712597846984863 
vn -0.9232030510902405 0.14278365671634674 0.3568037748336792 
vn -0.9149501919746399 0.15388540923595428 0.37307560443878174 
vn -0.9134162664413452 0.14276142418384552 0.3811691105365753 
vn -0.9053493738174438 0.13900211453437805 0.401274174451828 
vn -0.8999722599983215 0.15017880499362946 0.40926313400268555 
vn -0.893062174320221 0.1353343427181244 0.42909738421440125 
vn -0.8865081667900085 0.1129048764705658 0.4487268626689911 
vn -0.8850045800209045 0.10906586796045303 0.45262736082077026 
vn -0.8810198903083801 0.12407321482896805 0.456519216299057 
vn -0.8779022097587585 0.13159553706645966 0.46040233969688416 
vn -0.8787891864776611 0.13899557292461395 0.456519216299057 
vn -0.8642327785491943 0.13898161053657532 0.4835140109062195 
vn -0.8536574840545654 0.1500973254442215 0.4987381398677826 
vn -0.8523189425468445 0.15752048790454865 0.4987381398677826 
vn -0.8595460653305054 0.15390272438526154 0.48733407258987427 
vn -0.8728814125061035 0.15008409321308136 0.4642767012119293 
vn -0.8862063884735107 0.153920978307724 0.43697428703308105 
vn -0.8862063884735107 0.153920978307724 0.43697428703308105 
vn -0.8905993700027466 0.13895738124847412 0.43303996324539185 
vn -0.8960574269294739 0.12779450416564941 0.42514660954475403 
vn -0.8960574269294739 0.12779450416564941 0.42514660954475403 
vn -0.9023728370666504 0.14655181765556335 0.405272513628006 
vn -0.9053493738174438 0.13900211453437805 0.401274174451828 
vn -0.898699939250946 0.15761397778987885 0.40926313400268555 
vn -0.8930031657218933 0.16873683035373688 0.417220801115036 
vn -0.8955197334289551 0.16514311730861664 0.41324591636657715 
vn -0.8862063884735107 0.153920978307724 0.43697428703308105 
vn -0.869490921497345 0.15757028758525848 0.46814218163490295 
vn -0.8560003638267517 0.16136948764324188 0.4911448359489441 
vn -0.8509158492088318 0.16493169963359833 0.4987381398677826 
vn -0.8509158492088318 0.16493169963359833 0.4987381398677826 
vn -0.8494483232498169 0.17233043909072876 0.4987381398677826 
vn -0.844071626663208 0.18712617456912994 0.5025205612182617 
vn -0.8429361581802368 0.2017892748117447 0.4987381398677826 
vn -0.8392965197563171 0.2164292335510254 0.4987381398677826 
vn -0.8486683964729309 0.20559056103229523 0.48733407258987427 
vn -0.85151606798172 0.18356792628765106 0.4911448359489441 
vn -0.8530749082565308 0.17618149518966675 0.4911448359489441 
vn -0.8545697331428528 0.1687818318605423 0.4911448359489441 
vn -0.8545697331428528 0.1687818318605423 0.4911448359489441 
vn -0.8645673990249634 0.17245405912399292 0.4719987213611603 
vn -0.8802897930145264 0.16500608623027802 0.44481781125068665 
vn -0.8955197334289551 0.16514311730861664 0.41324591636657715 
vn -0.8998846411705017 0.17996007204055786 0.3972681760787964 
vn -0.9013341665267944 0.17255336046218872 0.3972681760787964 
vn -0.905536413192749 0.1688225269317627 0.3892335295677185 
vn -0.9081807136535645 0.15396441519260406 0.3892335295677185 
vn -0.906889021396637 0.16139888763427734 0.3892335295677185 
vn -0.9058228135108948 0.1575937718153 0.3932546079158783 
vn -0.9094114899635315 0.14651960134506226 0.3892335295677185 
vn -0.910964846611023 0.15764868259429932 0.3811691105365753 
vn -0.901639461517334 0.1613236516714096 0.401274174451828 
vn -0.9119820594787598 0.1614457219839096 0.37712597846984863 
vn -0.9026490449905396 0.18363533914089203 0.3892335295677185 
vn -0.9013341665267944 0.17255336046218872 0.3972681760787964 
vn -0.8915718793869019 0.17614296078681946 0.417220801115036 
vn -0.8866274356842041 0.19103065133094788 0.42118772864341736 
vn -0.8773854970932007 0.17981046438217163 0.44481781125068665 
vn -0.8645673990249634 0.17245405912399292 0.4719987213611603 
vn -0.8645673990249634 0.17245405912399292 0.4719987213611603 
vn -0.8630595207214355 0.17984852194786072 0.4719987213611603 
vn -0.8598541021347046 0.19459736347198486 0.4719987213611603 
vn -0.8602830767631531 0.20188088715076447 0.46814218163490295 
vn -0.8446422219276428 0.21297025680541992 0.4911448359489441 
vn -0.8373813033103943 0.22372490167617798 0.4987381398677826 
vn -0.8333607316017151 0.23826484382152557 0.4987381398677826 
vn -0.8408241271972656 0.22757765650749207 0.4911448359489441 
vn -0.8585283160209656 0.2092176228761673 0.46814218163490295 
vn -0.8736516833305359 0.20576614141464233 0.4409002661705017 
vn -0.8725625276565552 0.2019200474023819 0.44481781125068665 
vn -0.8758399486541748 0.18719378113746643 0.44481781125068665 
vn -0.878868818283081 0.1724143922328949 0.44481781125068665 
vn -0.87856525182724 0.18365752696990967 0.4409002661705017 
vn -0.8900792002677917 0.18353696167469025 0.417220801115036 
vn -0.8900792002677917 0.18353696167469025 0.417220801115036 
vn -0.8866274356842041 0.19103065133094788 0.42118772864341736 
vn -0.8833252191543579 0.20576071739196777 0.42118772864341736 
vn -0.8852336406707764 0.20564104616641998 0.417220801115036 
vn -0.8708309531211853 0.209261953830719 0.44481781125068665 
vn -0.8548312187194824 0.22384482622146606 0.46814218163490295 
vn -0.8410553336143494 0.23480075597763062 0.48733407258987427 
vn -0.8333607316017151 0.23826484382152557 0.4987381398677826 
vn -0.8312557339668274 0.24550803005695343 0.4987381398677826 
vn -0.8313711285591125 0.25268617272377014 0.4949462115764618 
vn -0.8301764726638794 0.26378747820854187 0.4911448359489441 
vn -0.8300126194953918 0.2780166566371918 0.4835140109062195 
vn -0.828194260597229 0.296082079410553 0.4758462607860565 
vn -0.8377482891082764 0.2745814323425293 0.4719987213611603 
vn -0.8369089961051941 0.26360180974006653 0.4796847105026245 
vn -0.8391023278236389 0.2492419183254242 0.4835140109062195 
vn -0.8389946818351746 0.2420608252286911 0.48733407258987427 
vn -0.8389946818351746 0.2420608252286911 0.48733407258987427 
vn -0.8508849143981934 0.23840676248073578 0.46814218163490295 
vn -0.8690375685691833 0.21658901870250702 0.44481781125068665 
vn -0.8852336406707764 0.20564104616641998 0.417220801115036 
vn -0.8908476829528809 0.21300093829631805 0.401274174451828 
vn -0.8908476829528809 0.21300093829631805 0.401274174451828 
vn -0.8969730734825134 0.20196552574634552 0.3932546079158783 
vn -0.8958374261856079 0.19093020260334015 0.401274174451828 
vn -0.8958374261856079 0.19093020260334015 0.401274174451828 
vn -0.8958374261856079 0.19093020260334015 0.401274174451828 
vn -0.8973792791366577 0.1835467368364334 0.401274174451828 
vn -0.9011144638061523 0.19102349877357483 0.3892335295677185 
vn -0.8914188146591187 0.1946180760860443 0.40926313400268555 
vn -0.9011144638061523 0.19102349877357483 0.3892335295677185 
vn -0.8961483240127563 0.213109090924263 0.3892335295677185 
vn -0.8907321095466614 0.20579233765602112 0.405272513628006 
vn -0.8834962844848633 0.2129814177751541 0.417220801115036 
vn -0.8779196739196777 0.23491248488426208 0.417220801115036 
vn -0.8662355542182922 0.23503807187080383 0.4409002661705017 
vn -0.8528891205787659 0.23113422095775604 0.46814218163490295 
vn -0.8508849143981934 0.23840676248073578 0.46814218163490295 
vn -0.8509631156921387 0.24557864665985107 0.4642767012119293 
vn -0.8497933149337769 0.25667285919189453 0.46040233969688416 
vn -0.8495586514472961 0.2708846926689148 0.45262736082077026 
vn -0.8351277112960815 0.28879860043525696 0.46814218163490295 
vn -0.8278571963310242 0.303100049495697 0.4719987213611603 
vn -0.8274582624435425 0.3100898563861847 0.46814218163490295 
vn -0.8348253965377808 0.29582715034484863 0.4642767012119293 
vn -0.8495586514472961 0.2708846926689148 0.45262736082077026 
vn -0.8649100661277771 0.26039594411849976 0.42909738421440125 
vn -0.8640860915184021 0.25657662749290466 0.43303996324539185 
vn -0.8662355542182922 0.23503807187080383 0.4409002661705017 
vn -0.8671825528144836 0.2239007204771042 0.44481781125068665 
vn -0.8681818842887878 0.2277437299489975 0.4409002661705017 
vn -0.8798391819000244 0.22761763632297516 0.417220801115036 
vn -0.8798391819000244 0.22761763632297516 0.417220801115036 
vn -0.8787716031074524 0.23872219026088715 0.41324591636657715 
vn -0.8786699771881104 0.24585117399692535 0.40926313400268555 
vn -0.8786699771881104 0.24585117399692535 0.40926313400268555 
vn -0.8640860915184021 0.25657662749290466 0.43303996324539185 
vn -0.8480445146560669 0.2818947732448578 0.4487268626689911 
vn -0.8330216407775879 0.3067648112773895 0.46040233969688416 
vn -0.8274582624435425 0.3100898563861847 0.46814218163490295 
vn -0.8269980549812317 0.317050963640213 0.4642767012119293 
vn -0.8276850581169128 0.32088494300842285 0.46040233969688416 
vn -0.8293033838272095 0.3276956081390381 0.45262736082077026 
vn -0.8297743797302246 0.34217163920402527 0.4409002661705017 
vn -0.8315845727920532 0.3526223301887512 0.42909738421440125 
vn -0.8368498682975769 0.3349010646343231 0.43303996324539185 
vn -0.8348208069801331 0.32436302304267883 0.44481781125068665 
vn -0.8347268104553223 0.3136233985424042 0.45262736082077026 
vn -0.8351938128471375 0.30666181445121765 0.456519216299057 
vn -0.8351938128471375 0.30666181445121765 0.456519216299057 
vn -0.8459790945053101 0.29987722635269165 0.4409002661705017 
vn -0.8624414205551147 0.2746727764606476 0.42514660954475403 
vn -0.8786699771881104 0.24585117399692535 0.40926313400268555 
vn -0.888685405254364 0.24235406517982483 0.3892335295677185 
vn -0.8861061930656433 0.2387336939573288 0.3972681760787964 
vn -0.890640914440155 0.2350659966468811 0.3892335295677185 
vn -0.8890634775161743 0.2203296273946762 0.401274174451828 
vn -0.8899129033088684 0.22412726283073425 0.3972681760787964 
vn -0.8872190117835999 0.22764337062835693 0.401274174451828 
vn -0.8907321095466614 0.20579233765602112 0.405272513628006 
vn -0.8961483240127563 0.213109090924263 0.3892335295677185 
vn -0.8834511637687683 0.23509204387664795 0.405272513628006 
vn -0.8943724632263184 0.2204430252313614 0.3892335295677185 
vn -0.8931660652160645 0.23867228627204895 0.3811691105365753 
vn -0.8859511613845825 0.2458481788635254 0.3932546079158783 
vn -0.8770966529846191 0.26397064328193665 0.401274174451828 
vn -0.8777747750282288 0.2677488625049591 0.3972681760787964 
vn -0.8627973794937134 0.28549522161483765 0.417220801115036 
vn -0.8459790945053101 0.29987722635269165 0.4409002661705017 
vn -0.8459790945053101 0.29987722635269165 0.4409002661705017 
vn -0.8475868701934814 0.3067130148410797 0.43303996324539185 
vn -0.8502517938613892 0.3103581964969635 0.42514660954475403 
vn -0.850209653377533 0.3210456967353821 0.417220801115036 
vn -0.8399063348770142 0.34228387475013733 0.42118772864341736 
vn -0.8310999274253845 0.3631443679332733 0.42118772864341736 
vn -0.8335215449333191 0.36670100688934326 0.41324591636657715 
vn -0.8361578583717346 0.35604333877563477 0.417220801115036 
vn -0.8507212400436401 0.3248094618320465 0.41324591636657715 
vn -0.8660259246826172 0.30360671877861023 0.3972681760787964 
vn -0.8654875755310059 0.2998504936695099 0.401274174451828 
vn -0.8634487986564636 0.28928181529045105 0.41324591636657715 
vn -0.8631643056869507 0.27847498655319214 0.42118772864341736 
vn -0.8651372790336609 0.278324156999588 0.417220801115036 
vn -0.8777747750282288 0.2677488625049591 0.3972681760787964 
vn -0.8777747750282288 0.2677488625049591 0.3972681760787964 
vn -0.8774093985557556 0.2747790217399597 0.3932546079158783 
vn -0.8785929679870605 0.2822968065738678 0.3852050006389618 
vn -0.8785929679870605 0.2822968065738678 0.3852050006389618 
vn -0.8654875755310059 0.2998504936695099 0.401274174451828 
vn -0.8504416942596436 0.3354147970676422 0.405272513628006 
vn -0.8385680913925171 0.35959312319755554 0.40926313400268555 
vn -0.8355665802955627 0.3665134906768799 0.40926313400268555 
vn -0.8355665802955627 0.3665134906768799 0.40926313400268555 
vn -0.8348148465156555 0.3769126832485199 0.401274174451828 
vn -0.8370531797409058 0.38038507103919983 0.3932546079158783 
vn -0.8426802158355713 0.3842734098434448 0.37712597846984863 
vn -0.846742570400238 0.39461129903793335 0.3568037748336792 
vn -0.8476905226707458 0.37714096903800964 0.37307560443878174 
vn -0.8436611294746399 0.37396925687789917 0.3852050006389618 
vn -0.8412033915519714 0.3668172359466553 0.3972681760787964 
vn -0.8389025926589966 0.3633134067058563 0.405272513628006 
vn -0.8409090042114258 0.36311304569244385 0.401274174451828 
vn -0.8519456386566162 0.345744788646698 0.3932546079158783 
vn -0.865405261516571 0.31052303314208984 0.3932546079158783 
vn -0.8785929679870605 0.2822968065738678 0.3852050006389618 
vn -0.8878122568130493 0.2749817669391632 0.3690181374549866 
vn -0.8854905962944031 0.2714451253414154 0.37712597846984863 
vn -0.8915586471557617 0.25678354501724243 0.37307560443878174 
vn -0.885256290435791 0.26065003871917725 0.3852050006389618 
vn -0.885256290435791 0.26065003871917725 0.3852050006389618 
vn -0.885256290435791 0.26065003871917725 0.3852050006389618 
vn -0.8839048147201538 0.2531069219112396 0.3932546079158783 
vn -0.891861617565155 0.24971750378608704 0.37712597846984863 
vn -0.8830942511558533 0.2678837180137634 0.3852050006389618 
vn -0.891861617565155 0.24971750378608704 0.37712597846984863 
vn -0.894446849822998 0.26406237483024597 0.36088213324546814 
vn -0.8872665762901306 0.2712427079677582 0.37307560443878174 
vn -0.8785902857780457 0.2930104732513428 0.37712597846984863 
vn -0.8812872171401978 0.3002361059188843 0.3649536371231079 
vn -0.868573784828186 0.3214896619319916 0.37712597846984863 
vn -0.8547529578208923 0.3387450873851776 0.3932546079158783 
vn -0.8499966263771057 0.3459533452987671 0.3972681760787964 
vn -0.8522794842720032 0.349452406167984 0.3892335295677185 
vn -0.8547567129135132 0.35660478472709656 0.37712597846984863 
vn -0.8599749207496643 0.3567239046096802 0.3649536371231079 
vn -0.8530056476593018 0.38088372349739075 0.3568037748336792 
vn -0.8499785661697388 0.3949631154537201 0.34862664341926575 
vn -0.8485930562019348 0.40148499608039856 0.34452807903289795 
vn -0.8531325459480286 0.3881034851074219 0.34862664341926575 
vn -0.8618009090423584 0.35645943880081177 0.36088213324546814 
vn -0.8761004209518433 0.3286908268928528 0.3527185618877411 
vn -0.8728780746459961 0.3284021317958832 0.36088213324546814 
vn -0.868573784828186 0.3214896619319916 0.37712597846984863 
vn -0.8663135766983032 0.3179904818534851 0.3852050006389618 
vn -0.8681760430335999 0.3177742660045624 0.3811691105365753 
vn -0.8812872171401978 0.3002361059188843 0.3649536371231079 
vn -0.8803892135620117 0.292795866727829 0.37307560443878174 
vn -0.8812872171401978 0.3002361059188843 0.3649536371231079 
vn -0.8841300010681152 0.311084508895874 0.34862664341926575 
vn -0.8837965726852417 0.3073975741863251 0.3527185618877411 
vn -0.8731638193130493 0.33207836747169495 0.3568037748336792 
vn -0.8622614741325378 0.36737528443336487 0.34862664341926575 
vn -0.8549453616142273 0.3913830518722534 0.34042292833328247 
vn -0.851777195930481 0.3982308804988861 0.34042292833328247 
vn -0.851777195930481 0.3982308804988861 0.34042292833328247 
vn -0.8548840880393982 0.39852333068847656 0.33219319581985474 
vn -0.8596404790878296 0.398428738117218 0.3198012113571167 
vn -0.8596404790878296 0.398428738117218 0.3198012113571167 
vn -0.8716663122177124 0.3850603997707367 0.30319350957870483 
vn -0.8727797865867615 0.39519256353378296 0.2864931523799896 
vn -0.869641125202179 0.40205222368240356 0.2864931523799896 
vn -0.8729711771011353 0.3916993737220764 0.29067665338516235 
vn -0.8754477500915527 0.39527982473373413 0.2781098484992981 
vn -0.8780479431152344 0.395336389541626 0.26970529556274414 
vn -0.8808625340461731 0.39191001653671265 0.26549527049064636 
vn -0.8872777223587036 0.3710949718952179 0.27391019463539124 
vn -0.9010854959487915 0.33956438302993774 0.26970529556274414 
vn -0.9087616205215454 0.3111386299133301 0.2781098484992981 
vn -0.9110815525054932 0.3003910183906555 0.28230419754981995 
vn -0.9158397316932678 0.2896420657634735 0.2781098484992981 
vn -0.9155173897743225 0.2823997139930725 0.2864931523799896 
vn -0.9089348316192627 0.28620120882987976 0.30319350957870483 
vn -0.9064102172851562 0.28974786400794983 0.30735430121421814 
vn -0.9083073139190674 0.29671305418014526 0.2948545813560486 
vn -0.9083073139190674 0.29671305418014526 0.2948545813560486 
vn -0.9083073139190674 0.29671305418014526 0.2948545813560486 
vn -0.9036160111427307 0.31461912393569946 0.29067665338516235 
vn -0.8932247161865234 0.34651297330856323 0.2864931523799896 
vn -0.9036160111427307 0.31461912393569946 0.29067665338516235 
vn -0.9062446355819702 0.3146824240684509 0.28230419754981995 
vn -0.8995316624641418 0.3184741139411926 0.2990269064903259 
vn -0.9014933109283447 0.3004525899887085 0.31150925159454346 
vn -0.9014933109283447 0.3004525899887085 0.31150925159454346 
vn -0.9086803197860718 0.2825479805469513 0.30735430121421814 
vn -0.8854391574859619 0.2928508520126343 0.36088213324546814 
vn -0.8883281946182251 0.27871474623680115 0.3649536371231079 
vn -0.8930618166923523 0.28938028216362 0.34452807903289795 
vn -0.9040830731391907 0.2969295084476471 0.30735430121421814 
vn -0.8964235782623291 0.3111022114753723 0.31565824151039124 
vn -0.8905348181724548 0.3464224636554718 0.2948545813560486 
vn -0.8985400795936584 0.33952999114990234 0.2781098484992981 
vn -0.8959253430366516 0.33946937322616577 0.2864931523799896 
vn -0.8872777223587036 0.3710949718952179 0.27391019463539124 
vn -0.8872777223587036 0.3710949718952179 0.27391019463539124 
vn -0.8846681118011475 0.3710346221923828 0.28230419754981995 
vn -0.8805196285247803 0.3677881956100464 0.2990269064903259 
vn -0.8889305591583252 0.3396112024784088 0.30735430121421814 
vn -0.8889305591583252 0.3396112024784088 0.30735430121421814 
vn -0.8777078986167908 0.36764416098594666 0.30735430121421814 
vn -0.8685880303382874 0.3919547200202942 0.30319350957870483 
vn -0.8622680902481079 0.40566912293434143 0.30319350957870483 
vn -0.8654552102088928 0.39882445335388184 0.30319350957870483 
vn -0.862786054611206 0.39157044887542725 0.3198012113571167 
vn -0.8966065645217896 0.3147358298301697 0.31150925159454346 
vn -0.8597850799560547 0.39133167266845703 0.3280687630176544 
vn -0.8549453616142273 0.3913830518722534 0.34042292833328247 
vn -0.8549453616142273 0.3913830518722534 0.34042292833328247 
vn -0.8671481609344482 0.36735373735427856 0.3363112509250641 
vn -0.8753825426101685 0.33912500739097595 0.34452807903289795 
vn -0.8834339380264282 0.30370306968688965 0.3568037748336792 
vn -0.8934326171875 0.29307058453559875 0.34042292833328247 
vn -0.8953580856323242 0.28219547867774963 0.34452807903289795 
vn -0.8905321359634399 0.2822120189666748 0.3568037748336792 
vn -0.8877782821655273 0.28568127751350403 0.36088213324546814 
vn -0.8850325345993042 0.27844566106796265 0.37307560443878174 
vn -0.8922823071479797 0.27128657698631287 0.36088213324546814 
vn -0.8949741125106812 0.2677918076515198 0.3568037748336792 
vn -0.8984156250953674 0.2823900580406189 0.3363112509250641 
vn -0.8913888335227966 0.2896297872066498 0.34862664341926575 
vn -0.8889029622077942 0.31104061007499695 0.3363112509250641 
vn -0.8910123705863953 0.31805822253227234 0.3239381015300751 
vn -0.8803013563156128 0.3426957428455353 0.3280687630176544 
vn -0.8671481609344482 0.36735373735427856 0.3363112509250641 
vn -0.8641186952590942 0.37069010734558105 0.34042292833328247 
vn -0.8689104318618774 0.3706285357475281 0.3280687630176544 
vn -0.8748284578323364 0.3674711287021637 0.31565824151039124 
vn -0.8861554861068726 0.34306037425994873 0.31150925159454346 
vn -0.883150041103363 0.3392788767814636 0.3239381015300751 
vn -0.8784769177436829 0.33937153220176697 0.3363112509250641 
vn -0.8813503980636597 0.33596011996269226 0.33219319581985474 
vn -0.8891626596450806 0.3147021532058716 0.33219319581985474 
vn -0.8889029622077942 0.31104061007499695 0.3363112509250641 
vn -0.8937349319458008 0.3145870864391327 0.3198012113571167 
vn -0.8966065645217896 0.3147358298301697 0.31150925159454346 
vn -0.901258647441864 0.2968042492866516 0.31565824151039124 
vn -0.9035906791687012 0.2896268665790558 0.31565824151039124 
vn -0.9010418057441711 0.2788751423358917 0.33219319581985474 
vn -0.8984156250953674 0.2823900580406189 0.3363112509250641 
vn -0.8983649611473083 0.2966555655002594 0.3239381015300751 
vn -0.8957012295722961 0.3001503050327301 0.3280687630176544 
vn -0.8964622616767883 0.2932627499103546 0.33219319581985474 
vn -0.8932763934135437 0.3072916865348816 0.3280687630176544 
vn -0.8934326171875 0.29307058453559875 0.34042292833328247 
vn -0.9295342564582825 0.2643599808216095 0.25706008076667786 
vn -0.9285922646522522 0.2755209505558014 0.24860523641109467 
vn -0.9263609647750854 0.27915897965431213 0.25283506512641907 
vn 0.9227359890937805 -0.20230966806411743 -0.3280687630176544 
vn 0.9227359890937805 -0.20230966806411743 -0.3280687630176544 
vn 0.9253820180892944 -0.20982836186885834 -0.31565824151039124 
vn 0.9227359890937805 -0.20230966806411743 -0.3280687630176544 
vn 0.91978919506073 -0.2021944224834442 -0.3363112509250641 
vn 0.9253820180892944 -0.20982836186885834 -0.31565824151039124 
vn 0.9212713837623596 -0.2022540420293808 -0.33219319581985474 
vn 0.9239687919616699 -0.20978282392024994 -0.3198012113571167 
vn 0.9070068597793579 -0.18738888204097748 -0.37712597846984863 
vn 0.9212713837623596 -0.2022540420293808 -0.33219319581985474 
vn 0.9239687919616699 -0.20978282392024994 -0.3198012113571167 
vn 0.9210892915725708 -0.20967935025691986 -0.3280687630176544 
vn 0.9253820180892944 -0.20982836186885834 -0.31565824151039124 
vn 0.919623076915741 -0.209621399641037 -0.33219319581985474 
vn 0.919623076915741 -0.209621399641037 -0.33219319581985474 
vn -0.9531890153884888 0.24271175265312195 0.18033768236637115 
vn 0.9181392192840576 -0.20955929160118103 -0.3363112509250641 
vn 0.9253820180892944 -0.20982836186885834 -0.31565824151039124 
vn 0.9181392192840576 -0.20955929160118103 -0.3363112509250641 
vn 0.9253820180892944 -0.20982836186885834 -0.31565824151039124 
vn 0.9020999670028687 -0.20230114459991455 -0.3811691105365753 
vn 0.9181392192840576 -0.20955929160118103 -0.3363112509250641 
vn 0.9253820180892944 -0.20982836186885834 -0.31565824151039124 
vn 0.919383704662323 -0.21703565120697021 -0.3280687630176544 
vn 0.9253820180892944 -0.20982836186885834 -0.31565824151039124 
vn 0.9179157614707947 -0.21697531640529633 -0.33219319581985474 
vn 0.9179157614707947 -0.21697531640529633 -0.33219319581985474 
vn -0.9662812352180481 0.18379026651382446 0.18033768236637115 
vn 0.9164302945137024 -0.2169106900691986 -0.3363112509250641 
vn 0.9239687919616699 -0.20978282392024994 -0.3198012113571167 
vn 0.9179157614707947 -0.21697531640529633 -0.33219319581985474 
vn 0.9253820180892944 -0.20982836186885834 -0.31565824151039124 
vn 0.8965117931365967 -0.23891668021678925 -0.37307560443878174 
vn 0.9179157614707947 -0.21697531640529633 -0.33219319581985474 
vn 0.9253820180892944 -0.20982836186885834 -0.31565824151039124 
vn 0.919383704662323 -0.21703565120697021 -0.3280687630176544 
vn 0.9253820180892944 -0.20982836186885834 -0.31565824151039124 
vn 0.919383704662323 -0.21703565120697021 -0.3280687630176544 
vn 0.9176194071769714 -0.2243780791759491 -0.3280687630176544 
vn 0.9161497354507446 -0.224315345287323 -0.33219319581985474 
vn 0.9239687919616699 -0.20978282392024994 -0.3198012113571167 
vn 0.9161497354507446 -0.224315345287323 -0.33219319581985474 
vn 0.9239687919616699 -0.20978282392024994 -0.3198012113571167 
vn 0.8958781957626343 -0.2533990442752838 -0.3649536371231079 
vn 0.9176194071769714 -0.2243780791759491 -0.3280687630176544 
vn 0.9253820180892944 -0.20982836186885834 -0.31565824151039124 
vn 0.9190714955329895 -0.22443635761737823 -0.3239381015300751 
vn 0.9253820180892944 -0.20982836186885834 -0.31565824151039124 
vn 0.9190714955329895 -0.22443635761737823 -0.3239381015300751 
vn 0.9190714955329895 -0.22443635761737823 -0.3239381015300751 
vn -0.9665170311927795 0.0904528796672821 0.2401314377784729 
vn 0.917250394821167 -0.2317667454481125 -0.3239381015300751 
vn 0.9253820180892944 -0.20982836186885834 -0.31565824151039124 
vn 0.9190714955329895 -0.22443635761737823 -0.3239381015300751 
vn 0.9253820180892944 -0.20982836186885834 -0.31565824151039124 
vn 0.9012113213539124 -0.26819851994514465 -0.34042292833328247 
vn 0.9186868071556091 -0.23182274401187897 -0.3198012113571167 
vn 0.9253820180892944 -0.20982836186885834 -0.31565824151039124 
vn 0.9205060005187988 -0.224490225315094 -0.3198012113571167 
vn 0.9253820180892944 -0.20982836186885834 -0.31565824151039124 
vn 0.9205060005187988 -0.224490225315094 -0.3198012113571167 
vn 0.9205060005187988 -0.224490225315094 -0.3198012113571167 
vn -0.9541391730308533 0.07159289717674255 0.29067665338516235 
vn 0.9186868071556091 -0.23182274401187897 -0.3198012113571167 
vn 0.9239687919616699 -0.20978282392024994 -0.3198012113571167 
vn 0.9186868071556091 -0.23182274401187897 -0.3198012113571167 
vn 0.9253820180892944 -0.20982836186885834 -0.31565824151039124 
vn 0.9065490961074829 -0.2754921019077301 -0.3198012113571167 
vn 0.9201055765151978 -0.23187416791915894 -0.31565824151039124 
vn 0.9253820180892944 -0.20982836186885834 -0.31565824151039124 
vn 0.9219228625297546 -0.224539652466774 -0.31565824151039124 
vn 0.9253820180892944 -0.20982836186885834 -0.31565824151039124 
vn 0.9219228625297546 -0.224539652466774 -0.31565824151039124 
vn 0.9233897924423218 -0.2243061512708664 -0.31150925159454346 
vn 0.9215789437294006 -0.23163379728794098 -0.31150925159454346 
vn 0.9253820180892944 -0.20982836186885834 -0.31565824151039124 
vn 0.9215789437294006 -0.23163379728794098 -0.31150925159454346 
vn 0.9253820180892944 -0.20982836186885834 -0.31565824151039124 
vn 0.916303277015686 -0.2754911780357361 -0.29067665338516235 
vn 0.9247711896896362 -0.2243470549583435 -0.30735430121421814 
vn 0.9253820180892944 -0.20982836186885834 -0.31565824151039124 
vn 0.9233897924423218 -0.2243061512708664 -0.31150925159454346 
vn 0.9253820180892944 -0.20982836186885834 -0.31565824151039124 
vn 0.9247711896896362 -0.2243470549583435 -0.30735430121421814 
vn 0.9247711896896362 -0.2243470549583435 -0.30735430121421814 
vn 0.9261348247528076 -0.22438357770442963 -0.30319350957870483 
vn 0.9253820180892944 -0.20982836186885834 -0.31565824151039124 
vn 0.9261348247528076 -0.22438357770442963 -0.30319350957870483 
vn 0.9253820180892944 -0.20982836186885834 -0.31565824151039124 
vn 0.9280939698219299 -0.261062890291214 -0.26549527049064636 
vn 0.9261348247528076 -0.22438357770442963 -0.30319350957870483 
vn 0.9253820180892944 -0.20982836186885834 -0.31565824151039124 
vn 0.926521897315979 -0.21700356900691986 -0.30735430121421814 
vn 0.9253820180892944 -0.20982836186885834 -0.31565824151039124 
vn 0.9278836250305176 -0.21703855693340302 -0.30319350957870483 
vn 0.9278836250305176 -0.21703855693340302 -0.30319350957870483 
vn 0.9292275309562683 -0.21706931293010712 -0.2990269064903259 
vn 0.9253820180892944 -0.20982836186885834 -0.31565824151039124 
vn 0.9292275309562683 -0.21706931293010712 -0.2990269064903259 
vn 0.9253820180892944 -0.20982836186885834 -0.31565824151039124 
vn 0.9363341331481934 -0.23916217684745789 -0.25706008076667786 
vn 0.9292275309562683 -0.21706931293010712 -0.2990269064903259 
vn 0.9253820180892944 -0.20982836186885834 -0.31565824151039124 
vn 0.9278836250305176 -0.21703855693340302 -0.30319350957870483 
vn 0.9253820180892944 -0.20982836186885834 -0.31565824151039124 
vn 0.9278836250305176 -0.21703855693340302 -0.30319350957870483 
vn 0.9278836250305176 -0.21703855693340302 -0.30319350957870483 
vn 0.9292275309562683 -0.21706931293010712 -0.2990269064903259 
vn 0.9253820180892944 -0.20982836186885834 -0.31565824151039124 
vn 0.9309161901473999 -0.2097093164920807 -0.2990269064903259 
vn 0.9253820180892944 -0.20982836186885834 -0.31565824151039124 
vn 0.9444960355758667 -0.2097657322883606 -0.25283506512641907 
vn 0.9309161901473999 -0.2097093164920807 -0.2990269064903259 
vn 0.9253820180892944 -0.20982836186885834 -0.31565824151039124 
vn 0.9295741319656372 -0.20967991650104523 -0.30319350957870483 
vn 0.9253820180892944 -0.20982836186885834 -0.31565824151039124 
vn 0.9295741319656372 -0.20967991650104523 -0.30319350957870483 
vn 0.9295741319656372 -0.20967991650104523 -0.30319350957870483 
vn 0.9309161901473999 -0.2097093164920807 -0.2990269064903259 
vn 0.9253820180892944 -0.20982836186885834 -0.31565824151039124 
vn 0.9325464963912964 -0.2023361772298813 -0.2990269064903259 
vn 0.9253820180892944 -0.20982836186885834 -0.31565824151039124 
vn 0.9480101466178894 -0.18760840594768524 -0.25706008076667786 
vn 0.9325464963912964 -0.2023361772298813 -0.2990269064903259 
vn 0.9253820180892944 -0.20982836186885834 -0.31565824151039124 
vn 0.9282142519950867 -0.20964643359184265 -0.30735430121421814 
vn 0.9253820180892944 -0.20982836186885834 -0.31565824151039124 
vn 0.9312062859535217 -0.20230810344219208 -0.30319350957870483 
vn 0.9312062859535217 -0.20230810344219208 -0.30319350957870483 
vn 0.9327799677848816 -0.19492359459400177 -0.30319350957870483 
vn 0.9253820180892944 -0.20982836186885834 -0.31565824151039124 
vn 0.9314236640930176 -0.1948930323123932 -0.30735430121421814 
vn 0.9253820180892944 -0.20982836186885834 -0.31565824151039124 
vn 0.9474340677261353 -0.1653537154197693 -0.27391019463539124 
vn 0.9327799677848816 -0.19492359459400177 -0.30319350957870483 
vn 0.9253820180892944 -0.20982836186885834 -0.31565824151039124 
vn 0.9298481941223145 -0.2022760957479477 -0.30735430121421814 
vn 0.9253820180892944 -0.20982836186885834 -0.31565824151039124 
vn 0.9314236640930176 -0.1948930323123932 -0.30735430121421814 
vn 0.930049479007721 -0.19485865533351898 -0.31150925159454346 
vn 0.9314236640930176 -0.1948930323123932 -0.30735430121421814 
vn 0.9253820180892944 -0.20982836186885834 -0.31565824151039124 
vn 0.9314236640930176 -0.1948930323123932 -0.30735430121421814 
vn 0.9239687919616699 -0.20978282392024994 -0.3198012113571167 
vn 0.9436296820640564 -0.15041202306747437 -0.2948545813560486 
vn 0.930049479007721 -0.19485865533351898 -0.31150925159454346 
vn 0.9239687919616699 -0.20978282392024994 -0.3198012113571167 
vn 0.9286064505577087 -0.19506385922431946 -0.31565824151039124 
vn 0.9253820180892944 -0.20982836186885834 -0.31565824151039124 
vn 0.9286064505577087 -0.19506385922431946 -0.31565824151039124 
vn 0.9286064505577087 -0.19506385922431946 -0.31565824151039124 
vn 0.9286064505577087 -0.19506385922431946 -0.31565824151039124 
vn 0.9253820180892944 -0.20982836186885834 -0.31565824151039124 
vn 0.9286064505577087 -0.19506385922431946 -0.31565824151039124 
vn 0.9253820180892944 -0.20982836186885834 -0.31565824151039124 
vn 0.9352144598960876 -0.14296147227287292 -0.3239381015300751 
vn 0.9286064505577087 -0.19506385922431946 -0.31565824151039124 
vn 0.9253820180892944 -0.20982836186885834 -0.31565824151039124 
vn 0.9271966218948364 -0.1950220912694931 -0.3198012113571167 
vn 0.9239687919616699 -0.20978282392024994 -0.3198012113571167 
vn 0.9271966218948364 -0.1950220912694931 -0.3198012113571167 
vn 0.9271966218948364 -0.1950220912694931 -0.3198012113571167 
vn 0.925769031047821 -0.19497649371623993 -0.3239381015300751 
vn 0.9253820180892944 -0.20982836186885834 -0.31565824151039124 
vn 0.925769031047821 -0.19497649371623993 -0.3239381015300751 
vn 0.9253820180892944 -0.20982836186885834 -0.31565824151039124 
vn 0.9266501665115356 -0.1503991186618805 -0.34452807903289795 
vn 0.925769031047821 -0.19497649371623993 -0.3239381015300751 
vn 0.9253820180892944 -0.20982836186885834 -0.31565824151039124 
vn 0.9241828918457031 -0.20236127078533173 -0.3239381015300751 
vn 0.9253820180892944 -0.20982836186885834 -0.31565824151039124 
vn 0.925769031047821 -0.19497649371623993 -0.3239381015300751 
vn 0.9243237376213074 -0.19492703676223755 -0.3280687630176544 
vn 0.9243237376213074 -0.19492703676223755 -0.3280687630176544 
vn 0.9253820180892944 -0.20982836186885834 -0.31565824151039124 
vn 0.9228607416152954 -0.19487373530864716 -0.33219319581985474 
vn 0.9239687919616699 -0.20978282392024994 -0.3198012113571167 
vn 0.9162556529045105 -0.16517996788024902 -0.3649536371231079 
vn 0.9228607416152954 -0.19487373530864716 -0.33219319581985474 
vn 0.9239687919616699 -0.20978282392024994 -0.3198012113571167 
vn 0.9253820180892944 -0.20982836186885834 -0.31565824151039124 
s on 
f 1//1 2//2 3//3 
f 2//2 4//4 3//3 
f 3//3 4//4 5//5 
f 4//4 6//6 5//5 
f 5//5 6//6 7//7 
f 6//6 6//6 7//7 
f 7//7 6//6 8//8 
f 6//6 6//6 8//8 
f 8//8 6//6 9//9 
f 6//6 6//6 9//9 
f 9//9 6//6 10//10 
f 6//6 4//4 10//10 
f 10//10 4//4 11//11 
f 4//4 2//2 11//11 
f 11//11 2//2 12//12 
f 2//2 2//2 12//12 
f 12//12 2//2 13//13 
f 2//2 1//1 13//13 
f 13//13 1//1 14//14 
f 1//1 3//3 14//14 
f 14//14 3//3 15//15 
f 3//3 5//5 15//15 
f 15//15 5//5 16//16 
f 5//5 7//7 16//16 
f 16//16 7//7 7//7 
f 7//7 16//16 7//7 
f 7//7 16//16 16//16 
f 16//16 17//17 16//16 
f 16//16 17//17 15//15 
f 17//17 18//18 15//15 
f 15//15 18//18 14//14 
f 18//18 19//19 14//14 
f 14//14 19//19 13//13 
f 19//19 20//20 13//13 
f 13//13 20//20 12//12 
f 20//20 21//21 12//12 
f 12//12 21//21 12//12 
f 21//21 22//22 12//12 
f 12//12 22//22 11//11 
f 22//22 23//23 11//11 
f 11//11 23//23 10//10 
f 23//23 24//24 10//10 
f 10//10 24//24 9//9 
f 24//24 25//25 9//9 
f 9//9 25//25 9//9 
f 25//25 26//26 9//9 
f 9//9 26//26 8//8 
f 26//26 27//27 8//8 
f 8//8 27//27 8//8 
f 27//27 28//28 8//8 
f 8//8 28//28 7//7 
f 28//28 29//29 7//7 
f 7//7 29//29 16//16 
f 29//29 30//30 16//16 
f 16//16 30//30 17//17 
f 30//30 31//31 17//17 
f 17//17 31//31 17//17 
f 31//31 32//32 17//17 
f 17//17 32//32 18//18 
f 32//32 33//33 18//18 
f 18//18 33//33 19//19 
f 33//33 34//34 19//19 
f 19//19 34//34 20//20 
f 34//34 35//35 20//20 
f 20//20 35//35 21//21 
f 35//35 36//36 21//21 
f 21//21 36//36 21//21 
f 36//36 37//37 21//21 
f 21//21 37//37 22//22 
f 37//37 38//38 22//22 
f 22//22 38//38 23//23 
f 38//38 39//39 23//23 
f 23//23 39//39 24//24 
f 39//39 40//40 24//24 
f 24//24 40//40 25//25 
f 40//40 41//41 25//25 
f 25//25 41//41 42//42 
f 41//41 43//43 42//42 
f 42//42 43//43 44//44 
f 43//43 45//45 44//44 
f 44//44 45//45 44//44 
f 45//45 46//46 44//44 
f 44//44 46//46 47//47 
f 46//46 48//48 47//47 
f 47//47 48//48 48//48 
f 48//48 25//25 48//48 
f 48//48 25//25 25//25 
f 25//25 42//42 25//25 
f 25//25 42//42 26//26 
f 42//42 49//49 26//26 
f 26//26 49//49 27//27 
f 49//49 49//49 27//27 
f 27//27 49//49 50//50 
f 49//49 47//47 50//50 
f 50//50 47//47 51//51 
f 47//47 48//48 51//51 
f 51//51 48//48 51//51 
f 48//48 52//52 51//51 
f 51//51 52//52 53//53 
f 52//52 54//54 53//53 
f 53//53 54//54 54//54 
f 54//54 47//47 54//54 
f 54//54 47//47 47//47 
f 47//47 49//49 47//47 
f 47//47 49//49 44//44 
f 49//49 42//42 44//44 
f 44//44 42//42 42//42 
f 42//42 53//53 42//42 
f 42//42 53//53 53//53 
f 53//53 55//55 53//53 
f 53//53 55//55 51//51 
f 55//55 55//55 51//51 
f 51//51 55//55 50//50 
f 55//55 56//56 50//50 
f 50//50 56//56 27//27 
f 56//56 56//56 27//27 
f 27//27 56//56 28//28 
f 56//56 56//56 28//28 
f 28//28 56//56 57//57 
f 56//56 56//56 57//57 
f 57//57 56//56 58//58 
f 56//56 55//55 58//58 
f 58//58 55//55 59//59 
f 55//55 53//53 59//59 
f 59//59 53//53 60//60 
f 53//53 54//54 60//60 
f 60//60 54//54 61//61 
f 54//54 62//62 61//61 
f 61//61 62//62 63//63 
f 62//62 64//64 63//63 
f 63//63 64//64 65//65 
f 64//64 66//66 65//65 
f 65//65 66//66 67//67 
f 66//66 68//68 67//67 
f 67//67 68//68 67//67 
f 68//68 69//69 67//67 
f 67//67 69//69 70//70 
f 69//69 71//71 70//70 
f 70//70 71//71 71//71 
f 71//71 70//70 71//71 
f 71//71 70//70 70//70 
f 70//70 72//72 70//70 
f 70//70 72//72 67//67 
f 72//72 72//72 67//67 
f 67//67 72//72 65//65 
f 72//72 73//73 65//65 
f 65//65 73//73 63//63 
f 73//73 74//74 63//63 
f 63//63 74//74 61//61 
f 74//74 75//75 61//61 
f 61//61 75//75 60//60 
f 75//75 76//76 60//60 
f 60//60 76//76 59//59 
f 76//76 77//77 59//59 
f 59//59 77//77 58//58 
f 77//77 78//78 58//58 
f 58//58 78//78 57//57 
f 78//78 79//79 57//57 
f 57//57 79//79 57//57 
f 79//79 80//80 57//57 
f 57//57 80//80 28//28 
f 80//80 81//81 28//28 
f 28//28 81//81 29//29 
f 81//81 82//82 29//29 
f 29//29 82//82 30//30 
f 82//82 83//83 30//30 
f 30//30 83//83 31//31 
f 83//83 84//84 31//31 
f 31//31 84//84 31//31 
f 84//84 85//85 31//31 
f 31//31 85//85 32//32 
f 85//85 86//86 32//32 
f 32//32 86//86 33//33 
f 86//86 87//87 33//33 
f 33//33 87//87 34//34 
f 87//87 88//88 34//34 
f 34//34 88//88 35//35 
f 88//88 89//89 35//35 
f 35//35 89//89 36//36 
f 89//89 90//90 36//36 
f 36//36 90//90 36//36 
f 90//90 91//91 36//36 
f 36//36 91//91 37//37 
f 91//91 92//92 37//37 
f 37//37 92//92 38//38 
f 92//92 93//93 38//38 
f 38//38 93//93 39//39 
f 93//93 39//39 39//39 
f 39//39 39//39 93//93 
f 39//39 93//93 93//93 
f 93//93 93//93 94//94 
f 93//93 92//92 94//94 
f 94//94 92//92 95//95 
f 92//92 91//91 95//95 
f 95//95 91//91 96//96 
f 91//91 90//90 96//96 
f 96//96 90//90 90//90 
f 90//90 94//94 90//90 
f 90//90 94//94 94//94 
f 94//94 95//95 94//94 
f 94//94 95//95 97//97 
f 95//95 98//98 97//97 
f 97//97 98//98 99//99 
f 98//98 98//98 99//99 
f 99//99 98//98 100//100 
f 98//98 101//101 100//100 
f 100//100 101//101 102//102 
f 101//101 103//103 102//102 
f 102//102 103//103 104//104 
f 103//103 105//105 104//104 
f 104//104 105//105 106//106 
f 105//105 106//106 106//106 
f 106//106 106//106 95//95 
f 106//106 95//95 95//95 
f 95//95 95//95 98//98 
f 95//95 96//96 98//98 
f 98//98 96//96 101//101 
f 96//96 107//107 101//101 
f 101//101 107//107 103//103 
f 107//107 108//108 103//103 
f 103//103 108//108 105//105 
f 108//108 105//105 105//105 
f 105//105 105//105 96//96 
f 105//105 96//96 96//96 
f 96//96 96//96 107//107 
f 96//96 90//90 107//107 
f 107//107 90//90 109//109 
f 90//90 89//89 109//109 
f 109//109 89//89 109//109 
f 89//89 110//110 109//109 
f 109//109 110//110 109//109 
f 110//110 111//111 109//109 
f 109//109 111//111 108//108 
f 111//111 112//112 108//108 
f 108//108 112//112 105//105 
f 112//112 113//113 105//105 
f 105//105 113//113 106//106 
f 113//113 114//114 106//106 
f 106//106 114//114 115//115 
f 114//114 116//116 115//115 
f 115//115 116//116 117//117 
f 116//116 118//118 117//117 
f 117//117 118//118 119//119 
f 118//118 120//120 119//119 
f 119//119 120//120 121//121 
f 120//120 120//120 121//121 
f 121//121 120//120 122//122 
f 120//120 123//123 122//122 
f 122//122 123//123 124//124 
f 123//123 125//125 124//124 
f 124//124 125//125 126//126 
f 125//125 127//127 126//126 
f 126//126 127//127 128//128 
f 127//127 129//129 128//128 
f 128//128 129//129 128//128 
f 129//129 130//130 128//128 
f 128//128 130//130 131//131 
f 130//130 132//132 131//131 
f 131//131 132//132 133//133 
f 132//132 134//134 133//133 
f 133//133 134//134 135//135 
f 134//134 136//136 135//135 
f 135//135 136//136 137//137 
f 136//136 136//136 137//137 
f 137//137 136//136 138//138 
f 136//136 139//139 138//138 
f 138//138 139//139 140//140 
f 139//139 141//141 140//140 
f 140//140 141//141 142//142 
f 141//141 143//143 142//142 
f 142//142 143//143 144//144 
f 143//143 145//145 144//144 
f 144//144 145//145 144//144 
f 145//145 146//146 144//144 
f 144//144 146//146 147//147 
f 146//146 148//148 147//147 
f 147//147 148//148 149//149 
f 148//148 150//150 149//149 
f 149//149 150//150 151//151 
f 150//150 152//152 151//151 
f 151//151 152//152 153//153 
f 152//152 152//152 153//153 
f 153//153 152//152 154//154 
f 152//152 155//155 154//154 
f 154//154 155//155 156//156 
f 155//155 157//157 156//156 
f 156//156 157//157 158//158 
f 157//157 159//159 158//158 
f 158//158 159//159 160//160 
f 159//159 161//161 160//160 
f 160//160 161//161 160//160 
f 161//161 162//162 160//160 
f 160//160 162//162 163//163 
f 162//162 164//164 163//163 
f 163//163 164//164 165//165 
f 164//164 166//166 165//165 
f 165//165 166//166 167//167 
f 166//166 168//168 167//167 
f 167//167 168//168 169//169 
f 168//168 168//168 169//169 
f 169//169 168//168 170//170 
f 168//168 171//171 170//170 
f 170//170 171//171 172//172 
f 171//171 173//173 172//172 
f 172//172 173//173 174//174 
f 173//173 175//175 174//174 
f 174//174 175//175 176//176 
f 175//175 177//177 176//176 
f 176//176 177//177 176//176 
f 177//177 178//178 176//176 
f 176//176 178//178 179//179 
f 178//178 180//180 179//179 
f 179//179 180//180 181//181 
f 180//180 182//182 181//181 
f 181//181 182//182 183//183 
f 182//182 184//184 183//183 
f 183//183 184//184 185//185 
f 184//184 184//184 185//185 
f 185//185 184//184 186//186 
f 184//184 187//187 186//186 
f 186//186 187//187 188//188 
f 187//187 189//189 188//188 
f 188//188 189//189 190//190 
f 189//189 191//191 190//190 
f 190//190 191//191 192//192 
f 191//191 193//193 192//192 
f 192//192 193//193 192//192 
f 193//193 194//194 192//192 
f 192//192 194//194 195//195 
f 194//194 196//196 195//195 
f 195//195 196//196 197//197 
f 196//196 198//198 197//197 
f 197//197 198//198 199//199 
f 198//198 200//200 199//199 
f 199//199 200//200 201//201 
f 200//200 200//200 201//201 
f 201//201 200//200 202//202 
f 200//200 203//203 202//202 
f 202//202 203//203 204//204 
f 203//203 205//205 204//204 
f 204//204 205//205 206//206 
f 205//205 207//207 206//206 
f 206//206 207//207 208//208 
f 207//207 209//209 208//208 
f 208//208 209//209 208//208 
f 209//209 210//210 208//208 
f 208//208 210//210 211//211 
f 210//210 212//212 211//211 
f 211//211 212//212 213//213 
f 212//212 214//214 213//213 
f 213//213 214//214 215//215 
f 214//214 216//216 215//215 
f 215//215 216//216 217//217 
f 216//216 216//216 217//217 
f 217//217 216//216 218//218 
f 216//216 219//219 218//218 
f 218//218 219//219 220//220 
f 219//219 221//221 220//220 
f 220//220 221//221 222//222 
f 221//221 223//223 222//222 
f 222//222 223//223 224//224 
f 223//223 225//225 224//224 
f 224//224 225//225 224//224 
f 225//225 226//226 224//224 
f 224//224 226//226 227//227 
f 226//226 228//228 227//227 
f 227//227 228//228 229//229 
f 228//228 230//230 229//229 
f 229//229 230//230 231//231 
f 230//230 232//232 231//231 
f 231//231 232//232 233//233 
f 232//232 232//232 233//233 
f 233//233 232//232 234//234 
f 232//232 235//235 234//234 
f 234//234 235//235 236//236 
f 235//235 237//237 236//236 
f 236//236 237//237 238//238 
f 237//237 239//239 238//238 
f 238//238 239//239 240//240 
f 239//239 241//241 240//240 
f 240//240 241//241 240//240 
f 241//241 242//242 240//240 
f 240//240 242//242 243//243 
f 242//242 244//244 243//243 
f 243//243 244//244 245//245 
f 244//244 246//246 245//245 
f 245//245 246//246 247//247 
f 246//246 248//248 247//247 
f 247//247 248//248 249//249 
f 248//248 248//248 249//249 
f 249//249 248//248 250//250 
f 248//248 251//251 250//250 
f 250//250 251//251 252//252 
f 251//251 253//253 252//252 
f 252//252 253//253 254//254 
f 253//253 255//255 254//254 
f 254//254 255//255 256//256 
f 255//255 257//257 256//256 
f 256//256 257//257 256//256 
f 257//257 258//258 256//256 
f 256//256 258//258 259//259 
f 258//258 260//260 259//259 
f 259//259 260//260 261//261 
f 260//260 262//262 261//261 
f 261//261 262//262 263//263 
f 262//262 264//264 263//263 
f 263//263 264//264 265//265 
f 264//264 264//264 265//265 
f 265//265 264//264 266//266 
f 264//264 267//267 266//266 
f 266//266 267//267 268//268 
f 267//267 269//269 268//268 
f 268//268 269//269 270//270 
f 269//269 271//271 270//270 
f 270//270 271//271 272//272 
f 271//271 273//273 272//272 
f 272//272 273//273 272//272 
f 273//273 274//274 272//272 
f 272//272 274//274 275//275 
f 274//274 276//276 275//275 
f 275//275 276//276 277//277 
f 276//276 278//278 277//277 
f 277//277 278//278 279//279 
f 278//278 280//280 279//279 
f 279//279 280//280 281//281 
f 280//280 280//280 281//281 
f 281//281 280//280 282//282 
f 280//280 283//283 282//282 
f 282//282 283//283 284//284 
f 283//283 285//285 284//284 
f 284//284 285//285 286//286 
f 285//285 287//287 286//286 
f 286//286 287//287 288//288 
f 287//287 289//289 288//288 
f 288//288 289//289 288//288 
f 289//289 290//290 288//288 
f 288//288 290//290 291//291 
f 290//290 292//292 291//291 
f 291//291 292//292 293//293 
f 292//292 294//294 293//293 
f 293//293 294//294 295//295 
f 294//294 296//296 295//295 
f 295//295 296//296 297//297 
f 296//296 296//296 297//297 
f 297//297 296//296 298//298 
f 296//296 299//299 298//298 
f 298//298 299//299 300//300 
f 299//299 301//301 300//300 
f 300//300 301//301 302//302 
f 301//301 303//303 302//302 
f 302//302 303//303 304//304 
f 303//303 305//305 304//304 
f 304//304 305//305 304//304 
f 305//305 306//306 304//304 
f 304//304 306//306 307//307 
f 306//306 308//308 307//307 
f 307//307 308//308 309//309 
f 308//308 310//310 309//309 
f 309//309 310//310 311//311 
f 310//310 312//312 311//311 
f 311//311 312//312 313//313 
f 312//312 312//312 313//313 
f 313//313 312//312 314//314 
f 312//312 315//315 314//314 
f 314//314 315//315 316//316 
f 315//315 317//317 316//316 
f 316//316 317//317 318//318 
f 317//317 319//319 318//318 
f 318//318 319//319 320//320 
f 319//319 321//321 320//320 
f 320//320 321//321 320//320 
f 321//321 322//322 320//320 
f 320//320 322//322 323//323 
f 322//322 324//324 323//323 
f 323//323 324//324 71//71 
f 324//324 324//324 71//71 
f 71//71 324//324 70//70 
f 324//324 325//325 70//70 
f 70//70 325//325 72//72 
f 325//325 72//72 72//72 
f 72//72 72//72 108//108 
f 72//72 108//108 108//108 
f 108//108 108//108 109//109 
f 108//108 107//107 109//109 
f 109//109 107//107 107//107 
f 107//107 325//325 107//107 
f 107//107 325//325 325//325 
f 325//325 324//324 325//325 
f 325//325 324//324 326//326 
f 324//324 322//322 326//326 
f 326//326 322//322 327//327 
f 322//322 321//321 327//327 
f 327//327 321//321 328//328 
f 321//321 321//321 328//328 
f 328//328 321//321 329//329 
f 321//321 319//319 329//329 
f 329//329 319//319 330//330 
f 319//319 317//317 330//330 
f 330//330 317//317 331//331 
f 317//317 315//315 331//331 
f 331//331 315//315 332//332 
f 315//315 312//312 332//332 
f 332//332 312//312 332//332 
f 312//312 310//310 332//332 
f 332//332 310//310 333//333 
f 310//310 308//308 333//333 
f 333//333 308//308 308//308 
f 308//308 333//333 308//308 
f 308//308 333//333 333//333 
f 333//333 334//334 333//333 
f 333//333 334//334 332//332 
f 334//334 334//334 332//332 
f 332//332 334//334 331//331 
f 334//334 335//335 331//331 
f 331//331 335//335 330//330 
f 335//335 336//336 330//330 
f 330//330 336//336 329//329 
f 336//336 337//337 329//329 
f 329//329 337//337 328//328 
f 337//337 338//338 328//328 
f 328//328 338//338 328//328 
f 338//338 339//339 328//328 
f 328//328 339//339 327//327 
f 339//339 340//340 327//327 
f 327//327 340//340 326//326 
f 340//340 341//341 326//326 
f 326//326 341//341 325//325 
f 341//341 342//342 325//325 
f 325//325 342//342 72//72 
f 342//342 342//342 72//72 
f 72//72 342//342 73//73 
f 342//342 343//343 73//73 
f 73//73 343//343 74//74 
f 343//343 344//344 74//74 
f 74//74 344//344 75//75 
f 344//344 345//345 75//75 
f 75//75 345//345 76//76 
f 345//345 346//346 76//76 
f 76//76 346//346 77//77 
f 346//346 347//347 77//77 
f 77//77 347//347 78//78 
f 347//347 348//348 78//78 
f 78//78 348//348 79//79 
f 348//348 79//79 79//79 
f 79//79 79//79 348//348 
f 79//79 348//348 348//348 
f 348//348 348//348 349//349 
f 348//348 347//347 349//349 
f 349//349 347//347 350//350 
f 347//347 346//346 350//350 
f 350//350 346//346 351//351 
f 346//346 345//345 351//351 
f 351//351 345//345 352//352 
f 345//345 344//344 352//352 
f 352//352 344//344 353//353 
f 344//344 343//343 353//353 
f 353//353 343//343 354//354 
f 343//343 342//342 354//354 
f 354//354 342//342 354//354 
f 342//342 341//341 354//354 
f 354//354 341//341 355//355 
f 341//341 340//340 355//355 
f 355//355 340//340 356//356 
f 340//340 339//339 356//356 
f 356//356 339//339 357//357 
f 339//339 338//338 357//357 
f 357//357 338//338 358//358 
f 338//338 338//338 358//358 
f 358//358 338//338 359//359 
f 338//338 337//337 359//359 
f 359//359 337//337 360//360 
f 337//337 336//336 360//360 
f 360//360 336//336 361//361 
f 336//336 335//335 361//361 
f 361//361 335//335 362//362 
f 335//335 334//334 362//362 
f 362//362 334//334 363//363 
f 334//334 333//333 363//363 
f 363//363 333//333 364//364 
f 333//333 308//308 364//364 
f 364//364 308//308 364//364 
f 308//308 306//306 364//364 
f 364//364 306//306 365//365 
f 306//306 305//305 365//365 
f 365//365 305//305 305//305 
f 305//305 349//349 305//305 
f 305//305 349//349 349//349 
f 349//349 350//350 349//349 
f 349//349 350//350 351//351 
f 350//350 351//351 351//351 
f 351//351 351//351 365//365 
f 351//351 365//365 365//365 
f 365//365 365//365 364//364 
f 365//365 366//366 364//364 
f 364//364 366//366 363//363 
f 366//366 367//367 363//363 
f 363//363 367//367 362//362 
f 367//367 362//362 362//362 
f 362//362 362//362 367//367 
f 362//362 367//367 367//367 
f 367//367 367//367 368//368 
f 367//367 366//366 368//368 
f 368//368 366//366 369//369 
f 366//366 365//365 369//369 
f 369//369 365//365 370//370 
f 365//365 305//305 370//370 
f 370//370 305//305 371//371 
f 305//305 303//303 371//371 
f 371//371 303//303 372//372 
f 303//303 301//301 372//372 
f 372//372 301//301 373//373 
f 301//301 299//299 373//373 
f 373//373 299//299 374//374 
f 299//299 296//296 374//374 
f 374//374 296//296 374//374 
f 296//296 294//294 374//374 
f 374//374 294//294 375//375 
f 294//294 292//292 375//375 
f 375//375 292//292 292//292 
f 292//292 375//375 292//292 
f 292//292 375//375 375//375 
f 375//375 376//376 375//375 
f 375//375 376//376 374//374 
f 376//376 376//376 374//374 
f 374//374 376//376 373//373 
f 376//376 377//377 373//373 
f 373//373 377//377 372//372 
f 377//377 378//378 372//372 
f 372//372 378//378 371//371 
f 378//378 379//379 371//371 
f 371//371 379//379 370//370 
f 379//379 380//380 370//370 
f 370//370 380//380 369//369 
f 380//380 381//381 369//369 
f 369//369 381//381 368//368 
f 381//381 368//368 368//368 
f 368//368 368//368 381//381 
f 368//368 381//381 381//381 
f 381//381 381//381 382//382 
f 381//381 380//380 382//382 
f 382//382 380//380 383//383 
f 380//380 379//379 383//383 
f 383//383 379//379 384//384 
f 379//379 378//378 384//384 
f 384//384 378//378 385//385 
f 378//378 377//377 385//385 
f 385//385 377//377 386//386 
f 377//377 376//376 386//386 
f 386//386 376//376 387//387 
f 376//376 375//375 387//387 
f 387//387 375//375 388//388 
f 375//375 292//292 388//388 
f 388//388 292//292 388//388 
f 292//292 290//290 388//388 
f 388//388 290//290 389//389 
f 290//290 289//289 389//389 
f 389//389 289//289 289//289 
f 289//289 389//389 289//289 
f 289//289 389//389 389//389 
f 389//389 390//390 389//389 
f 389//389 390//390 388//388 
f 390//390 390//390 388//388 
f 388//388 390//390 387//387 
f 390//390 391//391 387//387 
f 387//387 391//391 386//386 
f 391//391 386//386 386//386 
f 386//386 386//386 391//391 
f 386//386 391//391 391//391 
f 391//391 391//391 392//392 
f 391//391 390//390 392//392 
f 392//392 390//390 393//393 
f 390//390 389//389 393//393 
f 393//393 389//389 394//394 
f 389//389 289//289 394//394 
f 394//394 289//289 395//395 
f 289//289 287//287 395//395 
f 395//395 287//287 396//396 
f 287//287 285//285 396//396 
f 396//396 285//285 397//397 
f 285//285 283//283 397//397 
f 397//397 283//283 398//398 
f 283//283 280//280 398//398 
f 398//398 280//280 398//398 
f 280//280 278//278 398//398 
f 398//398 278//278 399//399 
f 278//278 276//276 399//399 
f 399//399 276//276 276//276 
f 276//276 399//399 276//276 
f 276//276 399//399 399//399 
f 399//399 400//400 399//399 
f 399//399 400//400 398//398 
f 400//400 400//400 398//398 
f 398//398 400//400 397//397 
f 400//400 401//401 397//397 
f 397//397 401//401 396//396 
f 401//401 402//402 396//396 
f 396//396 402//402 395//395 
f 402//402 403//403 395//395 
f 395//395 403//403 394//394 
f 403//403 404//404 394//394 
f 394//394 404//404 393//393 
f 404//404 405//405 393//393 
f 393//393 405//405 392//392 
f 405//405 392//392 392//392 
f 392//392 392//392 405//405 
f 392//392 405//405 405//405 
f 405//405 405//405 406//406 
f 405//405 404//404 406//406 
f 406//406 404//404 407//407 
f 404//404 403//403 407//407 
f 407//407 403//403 408//408 
f 403//403 402//402 408//408 
f 408//408 402//402 409//409 
f 402//402 401//401 409//409 
f 409//409 401//401 410//410 
f 401//401 400//400 410//410 
f 410//410 400//400 411//411 
f 400//400 399//399 411//411 
f 411//411 399//399 412//412 
f 399//399 276//276 412//412 
f 412//412 276//276 412//412 
f 276//276 274//274 412//412 
f 412//412 274//274 413//413 
f 274//274 273//273 413//413 
f 413//413 273//273 273//273 
f 273//273 413//413 273//273 
f 273//273 413//413 413//413 
f 413//413 414//414 413//413 
f 413//413 414//414 412//412 
f 414//414 414//414 412//412 
f 412//412 414//414 411//411 
f 414//414 415//415 411//411 
f 411//411 415//415 410//410 
f 415//415 410//410 410//410 
f 410//410 410//410 415//415 
f 410//410 415//415 415//415 
f 415//415 415//415 416//416 
f 415//415 414//414 416//416 
f 416//416 414//414 417//417 
f 414//414 413//413 417//417 
f 417//417 413//413 418//418 
f 413//413 273//273 418//418 
f 418//418 273//273 419//419 
f 273//273 271//271 419//419 
f 419//419 271//271 420//420 
f 271//271 269//269 420//420 
f 420//420 269//269 421//421 
f 269//269 267//267 421//421 
f 421//421 267//267 422//422 
f 267//267 264//264 422//422 
f 422//422 264//264 422//422 
f 264//264 262//262 422//422 
f 422//422 262//262 423//423 
f 262//262 260//260 423//423 
f 423//423 260//260 260//260 
f 260//260 423//423 260//260 
f 260//260 423//423 423//423 
f 423//423 424//424 423//423 
f 423//423 424//424 422//422 
f 424//424 424//424 422//422 
f 422//422 424//424 421//421 
f 424//424 425//425 421//421 
f 421//421 425//425 420//420 
f 425//425 426//426 420//420 
f 420//420 426//426 419//419 
f 426//426 427//427 419//419 
f 419//419 427//427 418//418 
f 427//427 428//428 418//418 
f 418//418 428//428 417//417 
f 428//428 429//429 417//417 
f 417//417 429//429 416//416 
f 429//429 416//416 416//416 
f 416//416 416//416 429//429 
f 416//416 429//429 429//429 
f 429//429 429//429 430//430 
f 429//429 428//428 430//430 
f 430//430 428//428 431//431 
f 428//428 427//427 431//431 
f 431//431 427//427 432//432 
f 427//427 426//426 432//432 
f 432//432 426//426 433//433 
f 426//426 425//425 433//433 
f 433//433 425//425 434//434 
f 425//425 424//424 434//434 
f 434//434 424//424 435//435 
f 424//424 423//423 435//435 
f 435//435 423//423 436//436 
f 423//423 260//260 436//436 
f 436//436 260//260 436//436 
f 260//260 258//258 436//436 
f 436//436 258//258 437//437 
f 258//258 257//257 437//437 
f 437//437 257//257 257//257 
f 257//257 437//437 257//257 
f 257//257 437//437 437//437 
f 437//437 438//438 437//437 
f 437//437 438//438 436//436 
f 438//438 438//438 436//436 
f 436//436 438//438 435//435 
f 438//438 439//439 435//435 
f 435//435 439//439 434//434 
f 439//439 434//434 434//434 
f 434//434 434//434 439//439 
f 434//434 439//439 439//439 
f 439//439 439//439 440//440 
f 439//439 438//438 440//440 
f 440//440 438//438 441//441 
f 438//438 437//437 441//441 
f 441//441 437//437 442//442 
f 437//437 257//257 442//442 
f 442//442 257//257 443//443 
f 257//257 255//255 443//443 
f 443//443 255//255 444//444 
f 255//255 253//253 444//444 
f 444//444 253//253 445//445 
f 253//253 251//251 445//445 
f 445//445 251//251 446//446 
f 251//251 248//248 446//446 
f 446//446 248//248 446//446 
f 248//248 246//246 446//446 
f 446//446 246//246 447//447 
f 246//246 244//244 447//447 
f 447//447 244//244 244//244 
f 244//244 447//447 244//244 
f 244//244 447//447 447//447 
f 447//447 448//448 447//447 
f 447//447 448//448 446//446 
f 448//448 448//448 446//446 
f 446//446 448//448 445//445 
f 448//448 449//449 445//445 
f 445//445 449//449 444//444 
f 449//449 450//450 444//444 
f 444//444 450//450 443//443 
f 450//450 451//451 443//443 
f 443//443 451//451 442//442 
f 451//451 452//452 442//442 
f 442//442 452//452 441//441 
f 452//452 453//453 441//441 
f 441//441 453//453 440//440 
f 453//453 440//440 440//440 
f 440//440 440//440 453//453 
f 440//440 453//453 453//453 
f 453//453 453//453 454//454 
f 453//453 452//452 454//454 
f 454//454 452//452 455//455 
f 452//452 451//451 455//455 
f 455//455 451//451 456//456 
f 451//451 450//450 456//456 
f 456//456 450//450 457//457 
f 450//450 449//449 457//457 
f 457//457 449//449 458//458 
f 449//449 448//448 458//458 
f 458//458 448//448 459//459 
f 448//448 447//447 459//459 
f 459//459 447//447 460//460 
f 447//447 244//244 460//460 
f 460//460 244//244 460//460 
f 244//244 242//242 460//460 
f 460//460 242//242 461//461 
f 242//242 241//241 461//461 
f 461//461 241//241 241//241 
f 241//241 461//461 241//241 
f 241//241 461//461 461//461 
f 461//461 462//462 461//461 
f 461//461 462//462 460//460 
f 462//462 462//462 460//460 
f 460//460 462//462 459//459 
f 462//462 463//463 459//459 
f 459//459 463//463 458//458 
f 463//463 458//458 458//458 
f 458//458 458//458 463//463 
f 458//458 463//463 463//463 
f 463//463 463//463 464//464 
f 463//463 462//462 464//464 
f 464//464 462//462 465//465 
f 462//462 461//461 465//465 
f 465//465 461//461 466//466 
f 461//461 241//241 466//466 
f 466//466 241//241 467//467 
f 241//241 239//239 467//467 
f 467//467 239//239 468//468 
f 239//239 237//237 468//468 
f 468//468 237//237 469//469 
f 237//237 235//235 469//469 
f 469//469 235//235 470//470 
f 235//235 232//232 470//470 
f 470//470 232//232 470//470 
f 232//232 230//230 470//470 
f 470//470 230//230 471//471 
f 230//230 228//228 471//471 
f 471//471 228//228 228//228 
f 228//228 471//471 228//228 
f 228//228 471//471 471//471 
f 471//471 472//472 471//471 
f 471//471 472//472 470//470 
f 472//472 472//472 470//470 
f 470//470 472//472 469//469 
f 472//472 473//473 469//469 
f 469//469 473//473 468//468 
f 473//473 474//474 468//468 
f 468//468 474//474 467//467 
f 474//474 475//475 467//467 
f 467//467 475//475 466//466 
f 475//475 476//476 466//466 
f 466//466 476//476 465//465 
f 476//476 477//477 465//465 
f 465//465 477//477 464//464 
f 477//477 464//464 464//464 
f 464//464 464//464 477//477 
f 464//464 477//477 477//477 
f 477//477 477//477 478//478 
f 477//477 476//476 478//478 
f 478//478 476//476 479//479 
f 476//476 475//475 479//479 
f 479//479 475//475 480//480 
f 475//475 474//474 480//480 
f 480//480 474//474 481//481 
f 474//474 473//473 481//481 
f 481//481 473//473 482//482 
f 473//473 472//472 482//482 
f 482//482 472//472 483//483 
f 472//472 471//471 483//483 
f 483//483 471//471 484//484 
f 471//471 228//228 484//484 
f 484//484 228//228 484//484 
f 228//228 226//226 484//484 
f 484//484 226//226 485//485 
f 226//226 225//225 485//485 
f 485//485 225//225 225//225 
f 225//225 485//485 225//225 
f 225//225 485//485 485//485 
f 485//485 486//486 485//485 
f 485//485 486//486 484//484 
f 486//486 486//486 484//484 
f 484//484 486//486 483//483 
f 486//486 487//487 483//483 
f 483//483 487//487 482//482 
f 487//487 482//482 482//482 
f 482//482 482//482 487//487 
f 482//482 487//487 487//487 
f 487//487 487//487 488//488 
f 487//487 486//486 488//488 
f 488//488 486//486 489//489 
f 486//486 485//485 489//489 
f 489//489 485//485 490//490 
f 485//485 225//225 490//490 
f 490//490 225//225 491//491 
f 225//225 223//223 491//491 
f 491//491 223//223 492//492 
f 223//223 221//221 492//492 
f 492//492 221//221 493//493 
f 221//221 219//219 493//493 
f 493//493 219//219 494//494 
f 219//219 216//216 494//494 
f 494//494 216//216 494//494 
f 216//216 214//214 494//494 
f 494//494 214//214 495//495 
f 214//214 212//212 495//495 
f 495//495 212//212 212//212 
f 212//212 495//495 212//212 
f 212//212 495//495 495//495 
f 495//495 496//496 495//495 
f 495//495 496//496 494//494 
f 496//496 496//496 494//494 
f 494//494 496//496 493//493 
f 496//496 497//497 493//493 
f 493//493 497//497 492//492 
f 497//497 498//498 492//492 
f 492//492 498//498 491//491 
f 498//498 499//499 491//491 
f 491//491 499//499 490//490 
f 499//499 500//500 490//490 
f 490//490 500//500 489//489 
f 500//500 501//501 489//489 
f 489//489 501//501 488//488 
f 501//501 488//488 488//488 
f 488//488 488//488 501//501 
f 488//488 501//501 501//501 
f 501//501 501//501 502//502 
f 501//501 500//500 502//502 
f 502//502 500//500 503//503 
f 500//500 499//499 503//503 
f 503//503 499//499 504//504 
f 499//499 498//498 504//504 
f 504//504 498//498 505//505 
f 498//498 497//497 505//505 
f 505//505 497//497 506//506 
f 497//497 496//496 506//506 
f 506//506 496//496 507//507 
f 496//496 495//495 507//507 
f 507//507 495//495 508//508 
f 495//495 212//212 508//508 
f 508//508 212//212 508//508 
f 212//212 210//210 508//508 
f 508//508 210//210 509//509 
f 210//210 209//209 509//509 
f 509//509 209//209 209//209 
f 209//209 509//509 209//209 
f 209//209 509//509 509//509 
f 509//509 510//510 509//509 
f 509//509 510//510 508//508 
f 510//510 510//510 508//508 
f 508//508 510//510 507//507 
f 510//510 511//511 507//507 
f 507//507 511//511 506//506 
f 511//511 506//506 506//506 
f 506//506 506//506 511//511 
f 506//506 511//511 511//511 
f 511//511 511//511 512//512 
f 511//511 510//510 512//512 
f 512//512 510//510 513//513 
f 510//510 509//509 513//513 
f 513//513 509//509 514//514 
f 509//509 209//209 514//514 
f 514//514 209//209 515//515 
f 209//209 207//207 515//515 
f 515//515 207//207 516//516 
f 207//207 205//205 516//516 
f 516//516 205//205 517//517 
f 205//205 203//203 517//517 
f 517//517 203//203 518//518 
f 203//203 200//200 518//518 
f 518//518 200//200 518//518 
f 200//200 198//198 518//518 
f 518//518 198//198 519//519 
f 198//198 196//196 519//519 
f 519//519 196//196 196//196 
f 196//196 519//519 196//196 
f 196//196 519//519 519//519 
f 519//519 520//520 519//519 
f 519//519 520//520 518//518 
f 520//520 520//520 518//518 
f 518//518 520//520 517//517 
f 520//520 521//521 517//517 
f 517//517 521//521 516//516 
f 521//521 522//522 516//516 
f 516//516 522//522 515//515 
f 522//522 523//523 515//515 
f 515//515 523//523 514//514 
f 523//523 524//524 514//514 
f 514//514 524//524 513//513 
f 524//524 525//525 513//513 
f 513//513 525//525 512//512 
f 525//525 512//512 512//512 
f 512//512 512//512 525//525 
f 512//512 525//525 525//525 
f 525//525 525//525 526//526 
f 525//525 524//524 526//526 
f 526//526 524//524 527//527 
f 524//524 523//523 527//527 
f 527//527 523//523 528//528 
f 523//523 522//522 528//528 
f 528//528 522//522 529//529 
f 522//522 521//521 529//529 
f 529//529 521//521 530//530 
f 521//521 520//520 530//530 
f 530//530 520//520 531//531 
f 520//520 519//519 531//531 
f 531//531 519//519 532//532 
f 519//519 196//196 532//532 
f 532//532 196//196 532//532 
f 196//196 194//194 532//532 
f 532//532 194//194 533//533 
f 194//194 193//193 533//533 
f 533//533 193//193 193//193 
f 193//193 533//533 193//193 
f 193//193 533//533 533//533 
f 533//533 534//534 533//533 
f 533//533 534//534 532//532 
f 534//534 534//534 532//532 
f 532//532 534//534 531//531 
f 534//534 535//535 531//531 
f 531//531 535//535 530//530 
f 535//535 530//530 530//530 
f 530//530 530//530 535//535 
f 530//530 535//535 535//535 
f 535//535 535//535 536//536 
f 535//535 534//534 536//536 
f 536//536 534//534 537//537 
f 534//534 533//533 537//537 
f 537//537 533//533 538//538 
f 533//533 193//193 538//538 
f 538//538 193//193 539//539 
f 193//193 191//191 539//539 
f 539//539 191//191 540//540 
f 191//191 189//189 540//540 
f 540//540 189//189 541//541 
f 189//189 187//187 541//541 
f 541//541 187//187 542//542 
f 187//187 184//184 542//542 
f 542//542 184//184 542//542 
f 184//184 182//182 542//542 
f 542//542 182//182 543//543 
f 182//182 180//180 543//543 
f 543//543 180//180 180//180 
f 180//180 543//543 180//180 
f 180//180 543//543 543//543 
f 543//543 544//544 543//543 
f 543//543 544//544 542//542 
f 544//544 544//544 542//542 
f 542//542 544//544 541//541 
f 544//544 545//545 541//541 
f 541//541 545//545 540//540 
f 545//545 546//546 540//540 
f 540//540 546//546 539//539 
f 546//546 547//547 539//539 
f 539//539 547//547 538//538 
f 547//547 548//548 538//538 
f 538//538 548//548 537//537 
f 548//548 549//549 537//537 
f 537//537 549//549 536//536 
f 549//549 536//536 536//536 
f 536//536 536//536 549//549 
f 536//536 549//549 549//549 
f 549//549 549//549 550//550 
f 549//549 548//548 550//550 
f 550//550 548//548 551//551 
f 548//548 547//547 551//551 
f 551//551 547//547 552//552 
f 547//547 546//546 552//552 
f 552//552 546//546 553//553 
f 546//546 545//545 553//553 
f 553//553 545//545 554//554 
f 545//545 544//544 554//554 
f 554//554 544//544 555//555 
f 544//544 543//543 555//555 
f 555//555 543//543 556//556 
f 543//543 180//180 556//556 
f 556//556 180//180 556//556 
f 180//180 178//178 556//556 
f 556//556 178//178 557//557 
f 178//178 177//177 557//557 
f 557//557 177//177 177//177 
f 177//177 557//557 177//177 
f 177//177 557//557 557//557 
f 557//557 558//558 557//557 
f 557//557 558//558 556//556 
f 558//558 558//558 556//556 
f 556//556 558//558 555//555 
f 558//558 559//559 555//555 
f 555//555 559//559 554//554 
f 559//559 554//554 554//554 
f 554//554 554//554 559//559 
f 554//554 559//559 559//559 
f 559//559 559//559 560//560 
f 559//559 558//558 560//560 
f 560//560 558//558 561//561 
f 558//558 557//557 561//561 
f 561//561 557//557 562//562 
f 557//557 177//177 562//562 
f 562//562 177//177 563//563 
f 177//177 175//175 563//563 
f 563//563 175//175 564//564 
f 175//175 173//173 564//564 
f 564//564 173//173 565//565 
f 173//173 171//171 565//565 
f 565//565 171//171 566//566 
f 171//171 168//168 566//566 
f 566//566 168//168 566//566 
f 168//168 166//166 566//566 
f 566//566 166//166 567//567 
f 166//166 164//164 567//567 
f 567//567 164//164 164//164 
f 164//164 567//567 164//164 
f 164//164 567//567 567//567 
f 567//567 568//568 567//567 
f 567//567 568//568 566//566 
f 568//568 568//568 566//566 
f 566//566 568//568 565//565 
f 568//568 569//569 565//565 
f 565//565 569//569 564//564 
f 569//569 570//570 564//564 
f 564//564 570//570 563//563 
f 570//570 571//571 563//563 
f 563//563 571//571 562//562 
f 571//571 572//572 562//562 
f 562//562 572//572 561//561 
f 572//572 573//573 561//561 
f 561//561 573//573 560//560 
f 573//573 560//560 560//560 
f 560//560 560//560 573//573 
f 560//560 573//573 573//573 
f 573//573 573//573 574//574 
f 573//573 572//572 574//574 
f 574//574 572//572 575//575 
f 572//572 571//571 575//575 
f 575//575 571//571 576//576 
f 571//571 570//570 576//576 
f 576//576 570//570 577//577 
f 570//570 569//569 577//577 
f 577//577 569//569 578//578 
f 569//569 568//568 578//578 
f 578//578 568//568 579//579 
f 568//568 567//567 579//579 
f 579//579 567//567 580//580 
f 567//567 164//164 580//580 
f 580//580 164//164 580//580 
f 164//164 162//162 580//580 
f 580//580 162//162 581//581 
f 162//162 161//161 581//581 
f 581//581 161//161 161//161 
f 161//161 581//581 161//161 
f 161//161 581//581 581//581 
f 581//581 582//582 581//581 
f 581//581 582//582 580//580 
f 582//582 582//582 580//580 
f 580//580 582//582 579//579 
f 582//582 583//583 579//579 
f 579//579 583//583 578//578 
f 583//583 578//578 578//578 
f 578//578 578//578 583//583 
f 578//578 583//583 583//583 
f 583//583 583//583 584//584 
f 583//583 582//582 584//584 
f 584//584 582//582 585//585 
f 582//582 581//581 585//585 
f 585//585 581//581 586//586 
f 581//581 161//161 586//586 
f 586//586 161//161 587//587 
f 161//161 159//159 587//587 
f 587//587 159//159 588//588 
f 159//159 157//157 588//588 
f 588//588 157//157 589//589 
f 157//157 155//155 589//589 
f 589//589 155//155 590//590 
f 155//155 152//152 590//590 
f 590//590 152//152 590//590 
f 152//152 150//150 590//590 
f 590//590 150//150 591//591 
f 150//150 148//148 591//591 
f 591//591 148//148 148//148 
f 148//148 591//591 148//148 
f 148//148 591//591 591//591 
f 591//591 592//592 591//591 
f 591//591 592//592 590//590 
f 592//592 592//592 590//590 
f 590//590 592//592 589//589 
f 592//592 593//593 589//589 
f 589//589 593//593 588//588 
f 593//593 594//594 588//588 
f 588//588 594//594 587//587 
f 594//594 595//595 587//587 
f 587//587 595//595 586//586 
f 595//595 596//596 586//586 
f 586//586 596//596 585//585 
f 596//596 597//597 585//585 
f 585//585 597//597 584//584 
f 597//597 584//584 584//584 
f 584//584 584//584 597//597 
f 584//584 597//597 597//597 
f 597//597 597//597 598//598 
f 597//597 596//596 598//598 
f 598//598 596//596 599//599 
f 596//596 595//595 599//599 
f 599//599 595//595 600//600 
f 595//595 594//594 600//600 
f 600//600 594//594 601//601 
f 594//594 593//593 601//601 
f 601//601 593//593 602//602 
f 593//593 592//592 602//602 
f 602//602 592//592 603//603 
f 592//592 591//591 603//603 
f 603//603 591//591 604//604 
f 591//591 148//148 604//604 
f 604//604 148//148 604//604 
f 148//148 146//146 604//604 
f 604//604 146//146 605//605 
f 146//146 145//145 605//605 
f 605//605 145//145 145//145 
f 145//145 605//605 145//145 
f 145//145 605//605 605//605 
f 605//605 606//606 605//605 
f 605//605 606//606 604//604 
f 606//606 606//606 604//604 
f 604//604 606//606 603//603 
f 606//606 607//607 603//603 
f 603//603 607//607 602//602 
f 607//607 602//602 602//602 
f 602//602 602//602 607//607 
f 602//602 607//607 607//607 
f 607//607 607//607 608//608 
f 607//607 606//606 608//608 
f 608//608 606//606 609//609 
f 606//606 605//605 609//609 
f 609//609 605//605 610//610 
f 605//605 145//145 610//610 
f 610//610 145//145 611//611 
f 145//145 143//143 611//611 
f 611//611 143//143 612//612 
f 143//143 141//141 612//612 
f 612//612 141//141 613//613 
f 141//141 139//139 613//613 
f 613//613 139//139 614//614 
f 139//139 136//136 614//614 
f 614//614 136//136 614//614 
f 136//136 134//134 614//614 
f 614//614 134//134 615//615 
f 134//134 132//132 615//615 
f 615//615 132//132 132//132 
f 132//132 615//615 132//132 
f 132//132 615//615 615//615 
f 615//615 616//616 615//615 
f 615//615 616//616 614//614 
f 616//616 616//616 614//614 
f 614//614 616//616 613//613 
f 616//616 617//617 613//613 
f 613//613 617//617 612//612 
f 617//617 618//618 612//612 
f 612//612 618//618 611//611 
f 618//618 619//619 611//611 
f 611//611 619//619 610//610 
f 619//619 620//620 610//610 
f 610//610 620//620 609//609 
f 620//620 621//621 609//609 
f 609//609 621//621 608//608 
f 621//621 608//608 608//608 
f 608//608 608//608 621//621 
f 608//608 621//621 621//621 
f 621//621 621//621 622//622 
f 621//621 620//620 622//622 
f 622//622 620//620 623//623 
f 620//620 619//619 623//623 
f 623//623 619//619 624//624 
f 619//619 618//618 624//624 
f 624//624 618//618 625//625 
f 618//618 617//617 625//625 
f 625//625 617//617 626//626 
f 617//617 616//616 626//626 
f 626//626 616//616 627//627 
f 616//616 615//615 627//627 
f 627//627 615//615 628//628 
f 615//615 132//132 628//628 
f 628//628 132//132 628//628 
f 132//132 130//130 628//628 
f 628//628 130//130 629//629 
f 130//130 129//129 629//629 
f 629//629 129//129 129//129 
f 129//129 629//629 129//129 
f 129//129 629//629 629//629 
f 629//629 630//630 629//629 
f 629//629 630//630 628//628 
f 630//630 630//630 628//628 
f 628//628 630//630 627//627 
f 630//630 631//631 627//627 
f 627//627 631//631 626//626 
f 631//631 626//626 626//626 
f 626//626 626//626 631//631 
f 626//626 631//631 631//631 
f 631//631 631//631 632//632 
f 631//631 630//630 632//632 
f 632//632 630//630 633//633 
f 630//630 629//629 633//633 
f 633//633 629//629 634//634 
f 629//629 129//129 634//634 
f 634//634 129//129 635//635 
f 129//129 127//127 635//635 
f 635//635 127//127 636//636 
f 127//127 125//125 636//636 
f 636//636 125//125 637//637 
f 125//125 123//123 637//637 
f 637//637 123//123 638//638 
f 123//123 120//120 638//638 
f 638//638 120//120 638//638 
f 120//120 118//118 638//638 
f 638//638 118//118 639//639 
f 118//118 116//116 639//639 
f 639//639 116//116 116//116 
f 116//116 639//639 116//116 
f 116//116 639//639 639//639 
f 639//639 640//640 639//639 
f 639//639 640//640 638//638 
f 640//640 640//640 638//638 
f 638//638 640//640 637//637 
f 640//640 641//641 637//637 
f 637//637 641//641 636//636 
f 641//641 642//642 636//636 
f 636//636 642//642 635//635 
f 642//642 643//643 635//635 
f 635//635 643//643 634//634 
f 643//643 644//644 634//634 
f 634//634 644//644 633//633 
f 644//644 645//645 633//633 
f 633//633 645//645 632//632 
f 645//645 632//632 632//632 
f 632//632 632//632 645//645 
f 632//632 645//645 645//645 
f 645//645 645//645 646//646 
f 645//645 644//644 646//646 
f 646//646 644//644 647//647 
f 644//644 643//643 647//647 
f 647//647 643//643 648//648 
f 643//643 642//642 648//648 
f 648//648 642//642 649//649 
f 642//642 641//641 649//649 
f 649//649 641//641 650//650 
f 641//641 640//640 650//650 
f 650//650 640//640 651//651 
f 640//640 639//639 651//651 
f 651//651 639//639 652//652 
f 639//639 116//116 652//652 
f 652//652 116//116 652//652 
f 116//116 114//114 652//652 
f 652//652 114//114 653//653 
f 114//114 113//113 653//653 
f 653//653 113//113 113//113 
f 113//113 653//653 113//113 
f 113//113 653//653 653//653 
f 653//653 654//654 653//653 
f 653//653 654//654 652//652 
f 654//654 654//654 652//652 
f 652//652 654//654 651//651 
f 654//654 655//655 651//651 
f 651//651 655//655 650//650 
f 655//655 650//650 650//650 
f 650//650 650//650 113//113 
f 650//650 113//113 113//113 
f 113//113 113//113 653//653 
f 113//113 656//656 653//653 
f 653//653 656//656 653//653 
f 656//656 657//657 653//653 
f 653//653 657//657 654//654 
f 657//657 658//658 654//654 
f 654//654 658//658 655//655 
f 658//658 655//655 655//655 
f 655//655 655//655 113//113 
f 655//655 113//113 113//113 
f 113//113 113//113 656//656 
f 113//113 112//112 656//656 
f 656//656 112//112 659//659 
f 112//112 111//111 659//659 
f 659//659 111//111 660//660 
f 111//111 110//110 660//660 
f 660//660 110//110 661//661 
f 110//110 110//110 661//661 
f 661//661 110//110 662//662 
f 110//110 89//89 662//662 
f 662//662 89//89 663//663 
f 89//89 88//88 663//663 
f 663//663 88//88 664//664 
f 88//88 87//87 664//664 
f 664//664 87//87 665//665 
f 87//87 86//86 665//665 
f 665//665 86//86 666//666 
f 86//86 85//85 666//666 
f 666//666 85//85 667//667 
f 85//85 85//85 667//667 
f 667//667 85//85 668//668 
f 85//85 84//84 668//668 
f 668//668 84//84 669//669 
f 84//84 84//84 669//669 
f 669//669 84//84 670//670 
f 84//84 83//83 670//670 
f 670//670 83//83 671//671 
f 83//83 82//82 671//671 
f 671//671 82//82 672//672 
f 82//82 81//81 672//672 
f 672//672 81//81 673//673 
f 81//81 80//80 673//673 
f 673//673 80//80 674//674 
f 80//80 79//79 674//674 
f 674//674 79//79 675//675 
f 79//79 348//348 675//675 
f 675//675 348//348 676//676 
f 348//348 349//349 676//676 
f 676//676 349//349 677//677 
f 349//349 351//351 677//677 
f 677//677 351//351 677//677 
f 351//351 352//352 677//677 
f 677//677 352//352 678//678 
f 352//352 353//353 678//678 
f 678//678 353//353 353//353 
f 353//353 678//678 353//353 
f 353//353 678//678 678//678 
f 678//678 679//679 678//678 
f 678//678 679//679 677//677 
f 679//679 679//679 677//677 
f 677//677 679//679 676//676 
f 679//679 680//680 676//676 
f 676//676 680//680 675//675 
f 680//680 681//681 675//675 
f 675//675 681//681 674//674 
f 681//681 682//682 674//674 
f 674//674 682//682 673//673 
f 682//682 683//683 673//673 
f 673//673 683//683 672//672 
f 683//683 684//684 672//672 
f 672//672 684//684 671//671 
f 684//684 685//685 671//671 
f 671//671 685//685 670//670 
f 685//685 670//670 670//670 
f 670//670 670//670 685//685 
f 670//670 685//685 685//685 
f 685//685 685//685 686//686 
f 685//685 684//684 686//686 
f 686//686 684//684 687//687 
f 684//684 683//683 687//687 
f 687//687 683//683 688//688 
f 683//683 682//682 688//688 
f 688//688 682//682 689//689 
f 682//682 681//681 689//689 
f 689//689 681//681 690//690 
f 681//681 680//680 690//690 
f 690//690 680//680 691//691 
f 680//680 679//679 691//691 
f 691//691 679//679 692//692 
f 679//679 678//678 692//692 
f 692//692 678//678 693//693 
f 678//678 353//353 693//693 
f 693//693 353//353 693//693 
f 353//353 354//354 693//693 
f 693//693 354//354 694//694 
f 354//354 354//354 694//694 
f 694//694 354//354 695//695 
f 354//354 355//355 695//695 
f 695//695 355//355 696//696 
f 355//355 356//356 696//696 
f 696//696 356//356 697//697 
f 356//356 357//357 697//697 
f 697//697 357//357 698//698 
f 357//357 358//358 698//698 
f 698//698 358//358 698//698 
f 358//358 359//359 698//698 
f 698//698 359//359 699//699 
f 359//359 360//360 699//699 
f 699//699 360//360 360//360 
f 360//360 699//699 360//360 
f 360//360 699//699 699//699 
f 699//699 700//700 699//699 
f 699//699 700//700 698//698 
f 700//700 700//700 698//698 
f 698//698 700//700 697//697 
f 700//700 701//701 697//697 
f 697//697 701//701 696//696 
f 701//701 702//702 696//696 
f 696//696 702//702 695//695 
f 702//702 703//703 695//695 
f 695//695 703//703 694//694 
f 703//703 704//704 694//694 
f 694//694 704//704 705//705 
f 704//704 706//706 705//705 
f 705//705 706//706 705//705 
f 706//706 707//707 705//705 
f 705//705 707//707 692//692 
f 707//707 691//691 692//692 
f 692//692 691//691 691//691 
f 691//691 694//694 691//691 
f 691//691 694//694 694//694 
f 694//694 705//705 694//694 
f 694//694 705//705 693//693 
f 705//705 692//692 693//693 
f 693//693 692//692 692//692 
f 692//692 706//706 692//692 
f 692//692 706//706 706//706 
f 706//706 704//704 706//706 
f 706//706 704//704 708//708 
f 704//704 704//704 708//708 
f 708//708 704//704 709//709 
f 704//704 703//703 709//709 
f 709//709 703//703 710//710 
f 703//703 702//702 710//710 
f 710//710 702//702 711//711 
f 702//702 701//701 711//711 
f 711//711 701//701 712//712 
f 701//701 700//700 712//712 
f 712//712 700//700 713//713 
f 700//700 699//699 713//713 
f 713//713 699//699 714//714 
f 699//699 360//360 714//714 
f 714//714 360//360 714//714 
f 360//360 361//361 714//714 
f 714//714 361//361 715//715 
f 361//361 362//362 715//715 
f 715//715 362//362 362//362 
f 362//362 715//715 362//362 
f 362//362 715//715 715//715 
f 715//715 716//716 715//715 
f 715//715 716//716 714//714 
f 716//716 716//716 714//714 
f 714//714 716//716 713//713 
f 716//716 717//717 713//713 
f 713//713 717//717 712//712 
f 717//717 718//718 712//712 
f 712//712 718//718 711//711 
f 718//718 719//719 711//711 
f 711//711 719//719 710//710 
f 719//719 720//720 710//710 
f 710//710 720//720 709//709 
f 720//720 721//721 709//709 
f 709//709 721//721 708//708 
f 721//721 722//722 708//708 
f 708//708 722//722 723//723 
f 722//722 722//722 723//723 
f 723//723 722//722 724//724 
f 722//722 721//721 724//724 
f 724//724 721//721 725//725 
f 721//721 720//720 725//725 
f 725//725 720//720 726//726 
f 720//720 719//719 726//726 
f 726//726 719//719 727//727 
f 719//719 718//718 727//727 
f 727//727 718//718 718//718 
f 718//718 723//723 718//718 
f 718//718 723//723 723//723 
f 723//723 706//706 723//723 
f 723//723 706//706 708//708 
f 706//706 708//708 708//708 
f 708//708 708//708 727//727 
f 708//708 727//727 727//727 
f 727//727 727//727 726//726 
f 727//727 728//728 726//726 
f 726//726 728//728 729//729 
f 728//728 728//728 729//729 
f 729//729 728//728 730//730 
f 728//728 727//727 730//730 
f 730//730 727//727 731//731 
f 727//727 718//718 731//731 
f 731//731 718//718 732//732 
f 718//718 717//717 732//732 
f 732//732 717//717 733//733 
f 717//717 716//716 733//733 
f 733//733 716//716 734//734 
f 716//716 715//715 734//734 
f 734//734 715//715 735//735 
f 715//715 362//362 735//735 
f 735//735 362//362 736//736 
f 362//362 367//367 736//736 
f 736//736 367//367 737//737 
f 367//367 368//368 737//737 
f 737//737 368//368 738//738 
f 368//368 381//381 738//738 
f 738//738 381//381 739//739 
f 381//381 382//382 739//739 
f 739//739 382//382 739//739 
f 382//382 383//383 739//739 
f 739//739 383//383 740//740 
f 383//383 384//384 740//740 
f 740//740 384//384 384//384 
f 384//384 729//729 384//384 
f 384//384 729//729 729//729 
f 729//729 725//725 729//729 
f 729//729 725//725 726//726 
f 725//725 726//726 726//726 
f 726//726 726//726 740//740 
f 726//726 740//740 740//740 
f 740//740 740//740 739//739 
f 740//740 741//741 739//739 
f 739//739 741//741 738//738 
f 741//741 742//742 738//738 
f 738//738 742//742 737//737 
f 742//742 743//743 737//737 
f 737//737 743//743 736//736 
f 743//743 744//744 736//736 
f 736//736 744//744 735//735 
f 744//744 745//745 735//735 
f 735//735 745//745 734//734 
f 745//745 746//746 734//734 
f 734//734 746//746 733//733 
f 746//746 747//747 733//733 
f 733//733 747//747 732//732 
f 747//747 748//748 732//732 
f 732//732 748//748 731//731 
f 748//748 749//749 731//731 
f 731//731 749//749 730//730 
f 749//749 750//750 730//730 
f 730//730 750//750 729//729 
f 750//750 751//751 729//729 
f 729//729 751//751 725//725 
f 751//751 751//751 725//725 
f 725//725 751//751 724//724 
f 751//751 752//752 724//724 
f 724//724 752//752 723//723 
f 752//752 753//753 723//723 
f 723//723 753//753 706//706 
f 753//753 753//753 706//706 
f 706//706 753//753 707//707 
f 753//753 754//754 707//707 
f 707//707 754//754 691//691 
f 754//754 754//754 691//691 
f 691//691 754//754 690//690 
f 754//754 755//755 690//690 
f 690//690 755//755 690//690 
f 755//755 756//756 690//690 
f 690//690 756//756 689//689 
f 756//756 757//757 689//689 
f 689//689 757//757 688//688 
f 757//757 758//758 688//688 
f 688//688 758//758 687//687 
f 758//758 759//759 687//687 
f 687//687 759//759 686//686 
f 759//759 759//759 686//686 
f 686//686 759//759 685//685 
f 759//759 760//760 685//685 
f 685//685 760//760 670//670 
f 760//760 761//761 670//670 
f 670//670 761//761 669//669 
f 761//761 669//669 669//669 
f 669//669 669//669 759//759 
f 669//669 759//759 759//759 
f 759//759 759//759 760//760 
f 759//759 762//762 760//760 
f 760//760 762//762 760//760 
f 762//762 763//763 760//760 
f 760//760 763//763 761//761 
f 763//763 761//761 761//761 
f 761//761 761//761 759//759 
f 761//761 759//759 759//759 
f 759//759 759//759 762//762 
f 759//759 758//758 762//762 
f 762//762 758//758 764//764 
f 758//758 757//757 764//764 
f 764//764 757//757 765//765 
f 757//757 756//756 765//765 
f 765//765 756//756 766//766 
f 756//756 755//755 766//766 
f 766//766 755//755 755//755 
f 755//755 765//765 755//755 
f 755//755 765//765 765//765 
f 765//765 766//766 765//765 
f 765//765 766//766 764//764 
f 766//766 767//767 764//764 
f 764//764 767//767 762//762 
f 767//767 768//768 762//762 
f 762//762 768//768 763//763 
f 768//768 769//769 763//763 
f 763//763 769//769 770//770 
f 769//769 771//771 770//770 
f 770//770 771//771 761//761 
f 771//771 771//771 761//761 
f 761//761 771//771 669//669 
f 771//771 772//772 669//669 
f 669//669 772//772 668//668 
f 772//772 668//668 668//668 
f 668//668 668//668 763//763 
f 668//668 763//763 763//763 
f 763//763 763//763 761//761 
f 763//763 770//770 761//761 
f 761//761 770//770 770//770 
f 770//770 772//772 770//770 
f 770//770 772//772 772//772 
f 772//772 771//771 772//772 
f 772//772 771//771 773//773 
f 771//771 769//769 773//773 
f 773//773 769//769 774//774 
f 769//769 768//768 774//774 
f 774//774 768//768 775//775 
f 768//768 767//767 775//775 
f 775//775 767//767 776//776 
f 767//767 766//766 776//776 
f 776//776 766//766 776//776 
f 766//766 755//755 776//776 
f 776//776 755//755 777//777 
f 755//755 754//754 777//777 
f 777//777 754//754 777//777 
f 754//754 753//753 777//777 
f 777//777 753//753 778//778 
f 753//753 752//752 778//778 
f 778//778 752//752 779//779 
f 752//752 751//751 779//779 
f 779//779 751//751 780//780 
f 751//751 750//750 780//780 
f 780//780 750//750 781//781 
f 750//750 749//749 781//781 
f 781//781 749//749 782//782 
f 749//749 748//748 782//782 
f 782//782 748//748 783//783 
f 748//748 747//747 783//783 
f 783//783 747//747 784//784 
f 747//747 747//747 784//784 
f 784//784 747//747 785//785 
f 747//747 746//746 785//785 
f 785//785 746//746 786//786 
f 746//746 745//745 786//786 
f 786//786 745//745 787//787 
f 745//745 744//744 787//787 
f 787//787 744//744 788//788 
f 744//744 743//743 788//788 
f 788//788 743//743 789//789 
f 743//743 742//742 789//789 
f 789//789 742//742 790//790 
f 742//742 741//741 790//790 
f 790//790 741//741 791//791 
f 741//741 740//740 791//791 
f 791//791 740//740 792//792 
f 740//740 384//384 792//792 
f 792//792 384//384 792//792 
f 384//384 385//385 792//792 
f 792//792 385//385 793//793 
f 385//385 386//386 793//793 
f 793//793 386//386 386//386 
f 386//386 793//793 386//386 
f 386//386 793//793 793//793 
f 793//793 794//794 793//793 
f 793//793 794//794 792//792 
f 794//794 794//794 792//792 
f 792//792 794//794 791//791 
f 794//794 795//795 791//791 
f 791//791 795//795 790//790 
f 795//795 796//796 790//790 
f 790//790 796//796 789//789 
f 796//796 797//797 789//789 
f 789//789 797//797 788//788 
f 797//797 798//798 788//788 
f 788//788 798//798 787//787 
f 798//798 799//799 787//787 
f 787//787 799//799 786//786 
f 799//799 800//800 786//786 
f 786//786 800//800 785//785 
f 800//800 801//801 785//785 
f 785//785 801//801 784//784 
f 801//801 784//784 784//784 
f 784//784 784//784 800//800 
f 784//784 800//800 800//800 
f 800//800 800//800 801//801 
f 800//800 799//799 801//801 
f 801//801 799//799 802//802 
f 799//799 798//798 802//802 
f 802//802 798//798 803//803 
f 798//798 797//797 803//803 
f 803//803 797//797 804//804 
f 797//797 796//796 804//804 
f 804//804 796//796 805//805 
f 796//796 796//796 805//805 
f 805//805 796//796 806//806 
f 796//796 795//795 806//806 
f 806//806 795//795 807//807 
f 795//795 794//794 807//807 
f 807//807 794//794 808//808 
f 794//794 793//793 808//808 
f 808//808 793//793 809//809 
f 793//793 386//386 809//809 
f 809//809 386//386 810//810 
f 386//386 391//391 810//810 
f 810//810 391//391 811//811 
f 391//391 392//392 811//811 
f 811//811 392//392 812//812 
f 392//392 405//405 812//812 
f 812//812 405//405 813//813 
f 405//405 406//406 813//813 
f 813//813 406//406 813//813 
f 406//406 407//407 813//813 
f 813//813 407//407 814//814 
f 407//407 408//408 814//814 
f 814//814 408//408 408//408 
f 408//408 814//814 408//408 
f 408//408 814//814 814//814 
f 814//814 815//815 814//814 
f 814//814 815//815 813//813 
f 815//815 815//815 813//813 
f 813//813 815//815 812//812 
f 815//815 816//816 812//812 
f 812//812 816//816 811//811 
f 816//816 817//817 811//811 
f 811//811 817//817 810//810 
f 817//817 818//818 810//810 
f 810//810 818//818 809//809 
f 818//818 819//819 809//809 
f 809//809 819//819 808//808 
f 819//819 820//820 808//808 
f 808//808 820//820 807//807 
f 820//820 821//821 807//807 
f 807//807 821//821 806//806 
f 821//821 822//822 806//806 
f 806//806 822//822 805//805 
f 822//822 823//823 805//805 
f 805//805 823//823 824//824 
f 823//823 825//825 824//824 
f 824//824 825//825 826//826 
f 825//825 827//827 826//826 
f 826//826 827//827 802//802 
f 827//827 827//827 802//802 
f 802//802 827//827 801//801 
f 827//827 827//827 801//801 
f 801//801 827//827 784//784 
f 827//827 828//828 784//784 
f 784//784 828//828 783//783 
f 828//828 829//829 783//783 
f 783//783 829//829 782//782 
f 829//829 829//829 782//782 
f 782//782 829//829 830//830 
f 829//829 828//828 830//830 
f 830//830 828//828 828//828 
f 828//828 802//802 828//828 
f 828//828 802//802 802//802 
f 802//802 803//803 802//802 
f 802//802 803//803 826//826 
f 803//803 831//831 826//826 
f 826//826 831//831 824//824 
f 831//831 804//804 824//824 
f 824//824 804//804 805//805 
f 804//804 805//805 805//805 
f 805//805 805//805 831//831 
f 805//805 831//831 831//831 
f 831//831 831//831 804//804 
f 831//831 803//803 804//804 
f 804//804 803//803 803//803 
f 803//803 782//782 803//803 
f 803//803 782//782 782//782 
f 782//782 830//830 782//782 
f 782//782 830//830 781//781 
f 830//830 781//781 781//781 
f 781//781 781//781 830//830 
f 781//781 830//830 830//830 
f 830//830 830//830 832//832 
f 830//830 828//828 832//832 
f 832//832 828//828 832//832 
f 828//828 827//827 832//832 
f 832//832 827//827 832//832 
f 827//827 825//825 832//832 
f 832//832 825//825 833//833 
f 825//825 823//823 833//833 
f 833//833 823//823 834//834 
f 823//823 822//822 834//834 
f 834//834 822//822 835//835 
f 822//822 821//821 835//835 
f 835//835 821//821 836//836 
f 821//821 821//821 836//836 
f 836//836 821//821 837//837 
f 821//821 820//820 837//837 
f 837//837 820//820 838//838 
f 820//820 819//819 838//838 
f 838//838 819//819 839//839 
f 819//819 818//818 839//839 
f 839//839 818//818 840//840 
f 818//818 817//817 840//840 
f 840//840 817//817 841//841 
f 817//817 816//816 841//841 
f 841//841 816//816 842//842 
f 816//816 815//815 842//842 
f 842//842 815//815 843//843 
f 815//815 814//814 843//843 
f 843//843 814//814 844//844 
f 814//814 408//408 844//844 
f 844//844 408//408 844//844 
f 408//408 409//409 844//844 
f 844//844 409//409 845//845 
f 409//409 410//410 845//845 
f 845//845 410//410 410//410 
f 410//410 845//845 410//410 
f 410//410 845//845 845//845 
f 845//845 846//846 845//845 
f 845//845 846//846 844//844 
f 846//846 846//846 844//844 
f 844//844 846//846 843//843 
f 846//846 847//847 843//843 
f 843//843 847//847 842//842 
f 847//847 848//848 842//842 
f 842//842 848//848 841//841 
f 848//848 849//849 841//841 
f 841//841 849//849 840//840 
f 849//849 850//850 840//840 
f 840//840 850//850 839//839 
f 850//850 851//851 839//839 
f 839//839 851//851 838//838 
f 851//851 852//852 838//838 
f 838//838 852//852 837//837 
f 852//852 853//853 837//837 
f 837//837 853//853 836//836 
f 853//853 836//836 836//836 
f 836//836 836//836 852//852 
f 836//836 852//852 852//852 
f 852//852 852//852 853//853 
f 852//852 851//851 853//853 
f 853//853 851//851 854//854 
f 851//851 850//850 854//854 
f 854//854 850//850 855//855 
f 850//850 849//849 855//855 
f 855//855 849//849 856//856 
f 849//849 848//848 856//856 
f 856//856 848//848 857//857 
f 848//848 848//848 857//857 
f 857//857 848//848 858//858 
f 848//848 847//847 858//858 
f 858//858 847//847 859//859 
f 847//847 846//846 859//859 
f 859//859 846//846 860//860 
f 846//846 845//845 860//860 
f 860//860 845//845 861//861 
f 845//845 410//410 861//861 
f 861//861 410//410 862//862 
f 410//410 415//415 862//862 
f 862//862 415//415 863//863 
f 415//415 416//416 863//863 
f 863//863 416//416 864//864 
f 416//416 429//429 864//864 
f 864//864 429//429 865//865 
f 429//429 430//430 865//865 
f 865//865 430//430 865//865 
f 430//430 431//431 865//865 
f 865//865 431//431 866//866 
f 431//431 432//432 866//866 
f 866//866 432//432 432//432 
f 432//432 866//866 432//432 
f 432//432 866//866 866//866 
f 866//866 867//867 866//866 
f 866//866 867//867 865//865 
f 867//867 867//867 865//865 
f 865//865 867//867 864//864 
f 867//867 868//868 864//864 
f 864//864 868//868 863//863 
f 868//868 869//869 863//863 
f 863//863 869//869 862//862 
f 869//869 870//870 862//862 
f 862//862 870//870 861//861 
f 870//870 871//871 861//861 
f 861//861 871//871 860//860 
f 871//871 872//872 860//860 
f 860//860 872//872 859//859 
f 872//872 873//873 859//859 
f 859//859 873//873 858//858 
f 873//873 874//874 858//858 
f 858//858 874//874 857//857 
f 874//874 875//875 857//857 
f 857//857 875//875 876//876 
f 875//875 877//877 876//876 
f 876//876 877//877 878//878 
f 877//877 879//879 878//878 
f 878//878 879//879 854//854 
f 879//879 879//879 854//854 
f 854//854 879//879 853//853 
f 879//879 879//879 853//853 
f 853//853 879//879 836//836 
f 879//879 880//880 836//836 
f 836//836 880//880 835//835 
f 880//880 881//881 835//835 
f 835//835 881//881 834//834 
f 881//881 881//881 834//834 
f 834//834 881//881 882//882 
f 881//881 880//880 882//882 
f 882//882 880//880 880//880 
f 880//880 854//854 880//880 
f 880//880 854//854 854//854 
f 854//854 855//855 854//854 
f 854//854 855//855 878//878 
f 855//855 883//883 878//878 
f 878//878 883//883 876//876 
f 883//883 856//856 876//876 
f 876//876 856//856 857//857 
f 856//856 857//857 857//857 
f 857//857 857//857 883//883 
f 857//857 883//883 883//883 
f 883//883 883//883 856//856 
f 883//883 855//855 856//856 
f 856//856 855//855 855//855 
f 855//855 834//834 855//855 
f 855//855 834//834 834//834 
f 834//834 882//882 834//834 
f 834//834 882//882 833//833 
f 882//882 833//833 833//833 
f 833//833 833//833 882//882 
f 833//833 882//882 882//882 
f 882//882 882//882 884//884 
f 882//882 880//880 884//884 
f 884//884 880//880 884//884 
f 880//880 879//879 884//884 
f 884//884 879//879 884//884 
f 879//879 877//877 884//884 
f 884//884 877//877 885//885 
f 877//877 875//875 885//885 
f 885//885 875//875 886//886 
f 875//875 874//874 886//886 
f 886//886 874//874 887//887 
f 874//874 873//873 887//887 
f 887//887 873//873 888//888 
f 873//873 873//873 888//888 
f 888//888 873//873 889//889 
f 873//873 872//872 889//889 
f 889//889 872//872 890//890 
f 872//872 871//871 890//890 
f 890//890 871//871 891//891 
f 871//871 870//870 891//891 
f 891//891 870//870 892//892 
f 870//870 869//869 892//892 
f 892//892 869//869 893//893 
f 869//869 868//868 893//893 
f 893//893 868//868 894//894 
f 868//868 867//867 894//894 
f 894//894 867//867 895//895 
f 867//867 866//866 895//895 
f 895//895 866//866 896//896 
f 866//866 432//432 896//896 
f 896//896 432//432 896//896 
f 432//432 433//433 896//896 
f 896//896 433//433 897//897 
f 433//433 434//434 897//897 
f 897//897 434//434 434//434 
f 434//434 897//897 434//434 
f 434//434 897//897 897//897 
f 897//897 898//898 897//897 
f 897//897 898//898 896//896 
f 898//898 898//898 896//896 
f 896//896 898//898 895//895 
f 898//898 899//899 895//895 
f 895//895 899//899 894//894 
f 899//899 900//900 894//894 
f 894//894 900//900 893//893 
f 900//900 901//901 893//893 
f 893//893 901//901 892//892 
f 901//901 902//902 892//892 
f 892//892 902//902 891//891 
f 902//902 903//903 891//891 
f 891//891 903//903 890//890 
f 903//903 904//904 890//890 
f 890//890 904//904 889//889 
f 904//904 905//905 889//889 
f 889//889 905//905 888//888 
f 905//905 888//888 888//888 
f 888//888 888//888 904//904 
f 888//888 904//904 904//904 
f 904//904 904//904 905//905 
f 904//904 903//903 905//905 
f 905//905 903//903 906//906 
f 903//903 902//902 906//906 
f 906//906 902//902 907//907 
f 902//902 901//901 907//907 
f 907//907 901//901 908//908 
f 901//901 900//900 908//908 
f 908//908 900//900 909//909 
f 900//900 900//900 909//909 
f 909//909 900//900 910//910 
f 900//900 899//899 910//910 
f 910//910 899//899 911//911 
f 899//899 898//898 911//911 
f 911//911 898//898 912//912 
f 898//898 897//897 912//912 
f 912//912 897//897 913//913 
f 897//897 434//434 913//913 
f 913//913 434//434 914//914 
f 434//434 439//439 914//914 
f 914//914 439//439 915//915 
f 439//439 440//440 915//915 
f 915//915 440//440 916//916 
f 440//440 453//453 916//916 
f 916//916 453//453 917//917 
f 453//453 454//454 917//917 
f 917//917 454//454 917//917 
f 454//454 455//455 917//917 
f 917//917 455//455 918//918 
f 455//455 456//456 918//918 
f 918//918 456//456 456//456 
f 456//456 918//918 456//456 
f 456//456 918//918 918//918 
f 918//918 919//919 918//918 
f 918//918 919//919 917//917 
f 919//919 919//919 917//917 
f 917//917 919//919 916//916 
f 919//919 920//920 916//916 
f 916//916 920//920 915//915 
f 920//920 921//921 915//915 
f 915//915 921//921 914//914 
f 921//921 922//922 914//914 
f 914//914 922//922 913//913 
f 922//922 923//923 913//913 
f 913//913 923//923 912//912 
f 923//923 924//924 912//912 
f 912//912 924//924 911//911 
f 924//924 925//925 911//911 
f 911//911 925//925 910//910 
f 925//925 926//926 910//910 
f 910//910 926//926 909//909 
f 926//926 927//927 909//909 
f 909//909 927//927 928//928 
f 927//927 929//929 928//928 
f 928//928 929//929 930//930 
f 929//929 931//931 930//930 
f 930//930 931//931 906//906 
f 931//931 931//931 906//906 
f 906//906 931//931 905//905 
f 931//931 931//931 905//905 
f 905//905 931//931 888//888 
f 931//931 932//932 888//888 
f 888//888 932//932 887//887 
f 932//932 933//933 887//887 
f 887//887 933//933 886//886 
f 933//933 933//933 886//886 
f 886//886 933//933 934//934 
f 933//933 932//932 934//934 
f 934//934 932//932 932//932 
f 932//932 906//906 932//932 
f 932//932 906//906 906//906 
f 906//906 907//907 906//906 
f 906//906 907//907 930//930 
f 907//907 935//935 930//930 
f 930//930 935//935 928//928 
f 935//935 908//908 928//928 
f 928//928 908//908 909//909 
f 908//908 909//909 909//909 
f 909//909 909//909 935//935 
f 909//909 935//935 935//935 
f 935//935 935//935 908//908 
f 935//935 907//907 908//908 
f 908//908 907//907 907//907 
f 907//907 886//886 907//907 
f 907//907 886//886 886//886 
f 886//886 934//934 886//886 
f 886//886 934//934 885//885 
f 934//934 885//885 885//885 
f 885//885 885//885 934//934 
f 885//885 934//934 934//934 
f 934//934 934//934 936//936 
f 934//934 932//932 936//936 
f 936//936 932//932 936//936 
f 932//932 931//931 936//936 
f 936//936 931//931 936//936 
f 931//931 929//929 936//936 
f 936//936 929//929 937//937 
f 929//929 927//927 937//937 
f 937//937 927//927 938//938 
f 927//927 926//926 938//938 
f 938//938 926//926 939//939 
f 926//926 925//925 939//939 
f 939//939 925//925 940//940 
f 925//925 925//925 940//940 
f 940//940 925//925 941//941 
f 925//925 924//924 941//941 
f 941//941 924//924 942//942 
f 924//924 923//923 942//942 
f 942//942 923//923 943//943 
f 923//923 922//922 943//943 
f 943//943 922//922 944//944 
f 922//922 921//921 944//944 
f 944//944 921//921 945//945 
f 921//921 920//920 945//945 
f 945//945 920//920 946//946 
f 920//920 919//919 946//946 
f 946//946 919//919 947//947 
f 919//919 918//918 947//947 
f 947//947 918//918 948//948 
f 918//918 456//456 948//948 
f 948//948 456//456 948//948 
f 456//456 457//457 948//948 
f 948//948 457//457 949//949 
f 457//457 458//458 949//949 
f 949//949 458//458 458//458 
f 458//458 949//949 458//458 
f 458//458 949//949 949//949 
f 949//949 950//950 949//949 
f 949//949 950//950 948//948 
f 950//950 950//950 948//948 
f 948//948 950//950 947//947 
f 950//950 951//951 947//947 
f 947//947 951//951 946//946 
f 951//951 952//952 946//946 
f 946//946 952//952 945//945 
f 952//952 953//953 945//945 
f 945//945 953//953 944//944 
f 953//953 954//954 944//944 
f 944//944 954//954 943//943 
f 954//954 955//955 943//943 
f 943//943 955//955 942//942 
f 955//955 956//956 942//942 
f 942//942 956//956 941//941 
f 956//956 957//957 941//941 
f 941//941 957//957 940//940 
f 957//957 940//940 940//940 
f 940//940 940//940 956//956 
f 940//940 956//956 956//956 
f 956//956 956//956 957//957 
f 956//956 955//955 957//957 
f 957//957 955//955 958//958 
f 955//955 954//954 958//958 
f 958//958 954//954 959//959 
f 954//954 953//953 959//959 
f 959//959 953//953 960//960 
f 953//953 952//952 960//960 
f 960//960 952//952 961//961 
f 952//952 952//952 961//961 
f 961//961 952//952 962//962 
f 952//952 951//951 962//962 
f 962//962 951//951 963//963 
f 951//951 950//950 963//963 
f 963//963 950//950 964//964 
f 950//950 949//949 964//964 
f 964//964 949//949 965//965 
f 949//949 458//458 965//965 
f 965//965 458//458 966//966 
f 458//458 463//463 966//966 
f 966//966 463//463 967//967 
f 463//463 464//464 967//967 
f 967//967 464//464 968//968 
f 464//464 477//477 968//968 
f 968//968 477//477 969//969 
f 477//477 478//478 969//969 
f 969//969 478//478 969//969 
f 478//478 479//479 969//969 
f 969//969 479//479 970//970 
f 479//479 480//480 970//970 
f 970//970 480//480 480//480 
f 480//480 970//970 480//480 
f 480//480 970//970 970//970 
f 970//970 971//971 970//970 
f 970//970 971//971 969//969 
f 971//971 971//971 969//969 
f 969//969 971//971 968//968 
f 971//971 972//972 968//968 
f 968//968 972//972 967//967 
f 972//972 973//973 967//967 
f 967//967 973//973 966//966 
f 973//973 974//974 966//966 
f 966//966 974//974 965//965 
f 974//974 975//975 965//965 
f 965//965 975//975 964//964 
f 975//975 976//976 964//964 
f 964//964 976//976 963//963 
f 976//976 977//977 963//963 
f 963//963 977//977 962//962 
f 977//977 978//978 962//962 
f 962//962 978//978 961//961 
f 978//978 979//979 961//961 
f 961//961 979//979 980//980 
f 979//979 981//981 980//980 
f 980//980 981//981 982//982 
f 981//981 983//983 982//982 
f 982//982 983//983 958//958 
f 983//983 983//983 958//958 
f 958//958 983//983 957//957 
f 983//983 983//983 957//957 
f 957//957 983//983 940//940 
f 983//983 984//984 940//940 
f 940//940 984//984 939//939 
f 984//984 985//985 939//939 
f 939//939 985//985 938//938 
f 985//985 985//985 938//938 
f 938//938 985//985 986//986 
f 985//985 984//984 986//986 
f 986//986 984//984 984//984 
f 984//984 958//958 984//984 
f 984//984 958//958 958//958 
f 958//958 959//959 958//958 
f 958//958 959//959 982//982 
f 959//959 987//987 982//982 
f 982//982 987//987 980//980 
f 987//987 960//960 980//980 
f 980//980 960//960 961//961 
f 960//960 961//961 961//961 
f 961//961 961//961 987//987 
f 961//961 987//987 987//987 
f 987//987 987//987 960//960 
f 987//987 959//959 960//960 
f 960//960 959//959 959//959 
f 959//959 938//938 959//959 
f 959//959 938//938 938//938 
f 938//938 986//986 938//938 
f 938//938 986//986 937//937 
f 986//986 937//937 937//937 
f 937//937 937//937 986//986 
f 937//937 986//986 986//986 
f 986//986 986//986 988//988 
f 986//986 984//984 988//988 
f 988//988 984//984 988//988 
f 984//984 983//983 988//988 
f 988//988 983//983 988//988 
f 983//983 981//981 988//988 
f 988//988 981//981 989//989 
f 981//981 979//979 989//989 
f 989//989 979//979 990//990 
f 979//979 978//978 990//990 
f 990//990 978//978 991//991 
f 978//978 977//977 991//991 
f 991//991 977//977 992//992 
f 977//977 977//977 992//992 
f 992//992 977//977 993//993 
f 977//977 976//976 993//993 
f 993//993 976//976 994//994 
f 976//976 975//975 994//994 
f 994//994 975//975 995//995 
f 975//975 974//974 995//995 
f 995//995 974//974 996//996 
f 974//974 973//973 996//996 
f 996//996 973//973 997//997 
f 973//973 972//972 997//997 
f 997//997 972//972 998//998 
f 972//972 971//971 998//998 
f 998//998 971//971 999//999 
f 971//971 970//970 999//999 
f 999//999 970//970 1000//1000 
f 970//970 480//480 1000//1000 
f 1000//1000 480//480 1000//1000 
f 480//480 481//481 1000//1000 
f 1000//1000 481//481 1001//1001 
f 481//481 482//482 1001//1001 
f 1001//1001 482//482 482//482 
f 482//482 1001//1001 482//482 
f 482//482 1001//1001 1001//1001 
f 1001//1001 1002//1002 1001//1001 
f 1001//1001 1002//1002 1000//1000 
f 1002//1002 1002//1002 1000//1000 
f 1000//1000 1002//1002 999//999 
f 1002//1002 1003//1003 999//999 
f 999//999 1003//1003 998//998 
f 1003//1003 1004//1004 998//998 
f 998//998 1004//1004 997//997 
f 1004//1004 1005//1005 997//997 
f 997//997 1005//1005 996//996 
f 1005//1005 1006//1006 996//996 
f 996//996 1006//1006 995//995 
f 1006//1006 1007//1007 995//995 
f 995//995 1007//1007 994//994 
f 1007//1007 1008//1008 994//994 
f 994//994 1008//1008 993//993 
f 1008//1008 1009//1009 993//993 
f 993//993 1009//1009 992//992 
f 1009//1009 992//992 992//992 
f 992//992 992//992 1008//1008 
f 992//992 1008//1008 1008//1008 
f 1008//1008 1008//1008 1009//1009 
f 1008//1008 1007//1007 1009//1009 
f 1009//1009 1007//1007 1010//1010 
f 1007//1007 1006//1006 1010//1010 
f 1010//1010 1006//1006 1011//1011 
f 1006//1006 1005//1005 1011//1011 
f 1011//1011 1005//1005 1012//1012 
f 1005//1005 1004//1004 1012//1012 
f 1012//1012 1004//1004 1013//1013 
f 1004//1004 1004//1004 1013//1013 
f 1013//1013 1004//1004 1014//1014 
f 1004//1004 1003//1003 1014//1014 
f 1014//1014 1003//1003 1015//1015 
f 1003//1003 1002//1002 1015//1015 
f 1015//1015 1002//1002 1016//1016 
f 1002//1002 1001//1001 1016//1016 
f 1016//1016 1001//1001 1017//1017 
f 1001//1001 482//482 1017//1017 
f 1017//1017 482//482 1018//1018 
f 482//482 487//487 1018//1018 
f 1018//1018 487//487 1019//1019 
f 487//487 488//488 1019//1019 
f 1019//1019 488//488 1020//1020 
f 488//488 501//501 1020//1020 
f 1020//1020 501//501 1021//1021 
f 501//501 502//502 1021//1021 
f 1021//1021 502//502 1021//1021 
f 502//502 503//503 1021//1021 
f 1021//1021 503//503 1022//1022 
f 503//503 504//504 1022//1022 
f 1022//1022 504//504 504//504 
f 504//504 1022//1022 504//504 
f 504//504 1022//1022 1022//1022 
f 1022//1022 1023//1023 1022//1022 
f 1022//1022 1023//1023 1021//1021 
f 1023//1023 1023//1023 1021//1021 
f 1021//1021 1023//1023 1020//1020 
f 1023//1023 1024//1024 1020//1020 
f 1020//1020 1024//1024 1019//1019 
f 1024//1024 1025//1025 1019//1019 
f 1019//1019 1025//1025 1018//1018 
f 1025//1025 1026//1026 1018//1018 
f 1018//1018 1026//1026 1017//1017 
f 1026//1026 1027//1027 1017//1017 
f 1017//1017 1027//1027 1016//1016 
f 1027//1027 1028//1028 1016//1016 
f 1016//1016 1028//1028 1015//1015 
f 1028//1028 1029//1029 1015//1015 
f 1015//1015 1029//1029 1014//1014 
f 1029//1029 1030//1030 1014//1014 
f 1014//1014 1030//1030 1013//1013 
f 1030//1030 1031//1031 1013//1013 
f 1013//1013 1031//1031 1032//1032 
f 1031//1031 1033//1033 1032//1032 
f 1032//1032 1033//1033 1034//1034 
f 1033//1033 1035//1035 1034//1034 
f 1034//1034 1035//1035 1010//1010 
f 1035//1035 1035//1035 1010//1010 
f 1010//1010 1035//1035 1009//1009 
f 1035//1035 1035//1035 1009//1009 
f 1009//1009 1035//1035 992//992 
f 1035//1035 1036//1036 992//992 
f 992//992 1036//1036 991//991 
f 1036//1036 1037//1037 991//991 
f 991//991 1037//1037 990//990 
f 1037//1037 1037//1037 990//990 
f 990//990 1037//1037 1038//1038 
f 1037//1037 1036//1036 1038//1038 
f 1038//1038 1036//1036 1036//1036 
f 1036//1036 1010//1010 1036//1036 
f 1036//1036 1010//1010 1010//1010 
f 1010//1010 1011//1011 1010//1010 
f 1010//1010 1011//1011 1034//1034 
f 1011//1011 1039//1039 1034//1034 
f 1034//1034 1039//1039 1032//1032 
f 1039//1039 1012//1012 1032//1032 
f 1032//1032 1012//1012 1013//1013 
f 1012//1012 1013//1013 1013//1013 
f 1013//1013 1013//1013 1039//1039 
f 1013//1013 1039//1039 1039//1039 
f 1039//1039 1039//1039 1012//1012 
f 1039//1039 1011//1011 1012//1012 
f 1012//1012 1011//1011 1011//1011 
f 1011//1011 990//990 1011//1011 
f 1011//1011 990//990 990//990 
f 990//990 1038//1038 990//990 
f 990//990 1038//1038 989//989 
f 1038//1038 989//989 989//989 
f 989//989 989//989 1038//1038 
f 989//989 1038//1038 1038//1038 
f 1038//1038 1038//1038 1040//1040 
f 1038//1038 1036//1036 1040//1040 
f 1040//1040 1036//1036 1040//1040 
f 1036//1036 1035//1035 1040//1040 
f 1040//1040 1035//1035 1040//1040 
f 1035//1035 1033//1033 1040//1040 
f 1040//1040 1033//1033 1041//1041 
f 1033//1033 1031//1031 1041//1041 
f 1041//1041 1031//1031 1042//1042 
f 1031//1031 1030//1030 1042//1042 
f 1042//1042 1030//1030 1043//1043 
f 1030//1030 1029//1029 1043//1043 
f 1043//1043 1029//1029 1044//1044 
f 1029//1029 1029//1029 1044//1044 
f 1044//1044 1029//1029 1045//1045 
f 1029//1029 1028//1028 1045//1045 
f 1045//1045 1028//1028 1046//1046 
f 1028//1028 1027//1027 1046//1046 
f 1046//1046 1027//1027 1047//1047 
f 1027//1027 1026//1026 1047//1047 
f 1047//1047 1026//1026 1048//1048 
f 1026//1026 1025//1025 1048//1048 
f 1048//1048 1025//1025 1049//1049 
f 1025//1025 1024//1024 1049//1049 
f 1049//1049 1024//1024 1050//1050 
f 1024//1024 1023//1023 1050//1050 
f 1050//1050 1023//1023 1051//1051 
f 1023//1023 1022//1022 1051//1051 
f 1051//1051 1022//1022 1052//1052 
f 1022//1022 504//504 1052//1052 
f 1052//1052 504//504 1052//1052 
f 504//504 505//505 1052//1052 
f 1052//1052 505//505 1053//1053 
f 505//505 506//506 1053//1053 
f 1053//1053 506//506 506//506 
f 506//506 1053//1053 506//506 
f 506//506 1053//1053 1053//1053 
f 1053//1053 1054//1054 1053//1053 
f 1053//1053 1054//1054 1052//1052 
f 1054//1054 1054//1054 1052//1052 
f 1052//1052 1054//1054 1051//1051 
f 1054//1054 1055//1055 1051//1051 
f 1051//1051 1055//1055 1050//1050 
f 1055//1055 1056//1056 1050//1050 
f 1050//1050 1056//1056 1049//1049 
f 1056//1056 1057//1057 1049//1049 
f 1049//1049 1057//1057 1048//1048 
f 1057//1057 1058//1058 1048//1048 
f 1048//1048 1058//1058 1047//1047 
f 1058//1058 1059//1059 1047//1047 
f 1047//1047 1059//1059 1046//1046 
f 1059//1059 1060//1060 1046//1046 
f 1046//1046 1060//1060 1045//1045 
f 1060//1060 1061//1061 1045//1045 
f 1045//1045 1061//1061 1044//1044 
f 1061//1061 1044//1044 1044//1044 
f 1044//1044 1044//1044 1060//1060 
f 1044//1044 1060//1060 1060//1060 
f 1060//1060 1060//1060 1061//1061 
f 1060//1060 1059//1059 1061//1061 
f 1061//1061 1059//1059 1062//1062 
f 1059//1059 1058//1058 1062//1062 
f 1062//1062 1058//1058 1063//1063 
f 1058//1058 1057//1057 1063//1063 
f 1063//1063 1057//1057 1064//1064 
f 1057//1057 1056//1056 1064//1064 
f 1064//1064 1056//1056 1065//1065 
f 1056//1056 1056//1056 1065//1065 
f 1065//1065 1056//1056 1066//1066 
f 1056//1056 1055//1055 1066//1066 
f 1066//1066 1055//1055 1067//1067 
f 1055//1055 1054//1054 1067//1067 
f 1067//1067 1054//1054 1068//1068 
f 1054//1054 1053//1053 1068//1068 
f 1068//1068 1053//1053 1069//1069 
f 1053//1053 506//506 1069//1069 
f 1069//1069 506//506 1070//1070 
f 506//506 511//511 1070//1070 
f 1070//1070 511//511 1071//1071 
f 511//511 512//512 1071//1071 
f 1071//1071 512//512 1072//1072 
f 512//512 525//525 1072//1072 
f 1072//1072 525//525 1073//1073 
f 525//525 526//526 1073//1073 
f 1073//1073 526//526 1073//1073 
f 526//526 527//527 1073//1073 
f 1073//1073 527//527 1074//1074 
f 527//527 528//528 1074//1074 
f 1074//1074 528//528 528//528 
f 528//528 1074//1074 528//528 
f 528//528 1074//1074 1074//1074 
f 1074//1074 1075//1075 1074//1074 
f 1074//1074 1075//1075 1073//1073 
f 1075//1075 1075//1075 1073//1073 
f 1073//1073 1075//1075 1072//1072 
f 1075//1075 1076//1076 1072//1072 
f 1072//1072 1076//1076 1071//1071 
f 1076//1076 1077//1077 1071//1071 
f 1071//1071 1077//1077 1070//1070 
f 1077//1077 1078//1078 1070//1070 
f 1070//1070 1078//1078 1069//1069 
f 1078//1078 1079//1079 1069//1069 
f 1069//1069 1079//1079 1068//1068 
f 1079//1079 1080//1080 1068//1068 
f 1068//1068 1080//1080 1067//1067 
f 1080//1080 1081//1081 1067//1067 
f 1067//1067 1081//1081 1066//1066 
f 1081//1081 1082//1082 1066//1066 
f 1066//1066 1082//1082 1065//1065 
f 1082//1082 1083//1083 1065//1065 
f 1065//1065 1083//1083 1084//1084 
f 1083//1083 1085//1085 1084//1084 
f 1084//1084 1085//1085 1086//1086 
f 1085//1085 1087//1087 1086//1086 
f 1086//1086 1087//1087 1062//1062 
f 1087//1087 1087//1087 1062//1062 
f 1062//1062 1087//1087 1061//1061 
f 1087//1087 1087//1087 1061//1061 
f 1061//1061 1087//1087 1044//1044 
f 1087//1087 1088//1088 1044//1044 
f 1044//1044 1088//1088 1043//1043 
f 1088//1088 1089//1089 1043//1043 
f 1043//1043 1089//1089 1042//1042 
f 1089//1089 1089//1089 1042//1042 
f 1042//1042 1089//1089 1090//1090 
f 1089//1089 1088//1088 1090//1090 
f 1090//1090 1088//1088 1088//1088 
f 1088//1088 1062//1062 1088//1088 
f 1088//1088 1062//1062 1062//1062 
f 1062//1062 1063//1063 1062//1062 
f 1062//1062 1063//1063 1086//1086 
f 1063//1063 1091//1091 1086//1086 
f 1086//1086 1091//1091 1084//1084 
f 1091//1091 1064//1064 1084//1084 
f 1084//1084 1064//1064 1065//1065 
f 1064//1064 1065//1065 1065//1065 
f 1065//1065 1065//1065 1091//1091 
f 1065//1065 1091//1091 1091//1091 
f 1091//1091 1091//1091 1064//1064 
f 1091//1091 1063//1063 1064//1064 
f 1064//1064 1063//1063 1063//1063 
f 1063//1063 1042//1042 1063//1063 
f 1063//1063 1042//1042 1042//1042 
f 1042//1042 1090//1090 1042//1042 
f 1042//1042 1090//1090 1041//1041 
f 1090//1090 1041//1041 1041//1041 
f 1041//1041 1041//1041 1090//1090 
f 1041//1041 1090//1090 1090//1090 
f 1090//1090 1090//1090 1092//1092 
f 1090//1090 1088//1088 1092//1092 
f 1092//1092 1088//1088 1092//1092 
f 1088//1088 1087//1087 1092//1092 
f 1092//1092 1087//1087 1092//1092 
f 1087//1087 1085//1085 1092//1092 
f 1092//1092 1085//1085 1093//1093 
f 1085//1085 1083//1083 1093//1093 
f 1093//1093 1083//1083 1094//1094 
f 1083//1083 1082//1082 1094//1094 
f 1094//1094 1082//1082 1095//1095 
f 1082//1082 1081//1081 1095//1095 
f 1095//1095 1081//1081 1096//1096 
f 1081//1081 1081//1081 1096//1096 
f 1096//1096 1081//1081 1097//1097 
f 1081//1081 1080//1080 1097//1097 
f 1097//1097 1080//1080 1098//1098 
f 1080//1080 1079//1079 1098//1098 
f 1098//1098 1079//1079 1099//1099 
f 1079//1079 1078//1078 1099//1099 
f 1099//1099 1078//1078 1100//1100 
f 1078//1078 1077//1077 1100//1100 
f 1100//1100 1077//1077 1101//1101 
f 1077//1077 1076//1076 1101//1101 
f 1101//1101 1076//1076 1102//1102 
f 1076//1076 1075//1075 1102//1102 
f 1102//1102 1075//1075 1103//1103 
f 1075//1075 1074//1074 1103//1103 
f 1103//1103 1074//1074 1104//1104 
f 1074//1074 528//528 1104//1104 
f 1104//1104 528//528 1104//1104 
f 528//528 529//529 1104//1104 
f 1104//1104 529//529 1105//1105 
f 529//529 530//530 1105//1105 
f 1105//1105 530//530 530//530 
f 530//530 1105//1105 530//530 
f 530//530 1105//1105 1105//1105 
f 1105//1105 1106//1106 1105//1105 
f 1105//1105 1106//1106 1104//1104 
f 1106//1106 1106//1106 1104//1104 
f 1104//1104 1106//1106 1103//1103 
f 1106//1106 1107//1107 1103//1103 
f 1103//1103 1107//1107 1102//1102 
f 1107//1107 1108//1108 1102//1102 
f 1102//1102 1108//1108 1101//1101 
f 1108//1108 1109//1109 1101//1101 
f 1101//1101 1109//1109 1100//1100 
f 1109//1109 1110//1110 1100//1100 
f 1100//1100 1110//1110 1099//1099 
f 1110//1110 1111//1111 1099//1099 
f 1099//1099 1111//1111 1098//1098 
f 1111//1111 1112//1112 1098//1098 
f 1098//1098 1112//1112 1097//1097 
f 1112//1112 1113//1113 1097//1097 
f 1097//1097 1113//1113 1096//1096 
f 1113//1113 1096//1096 1096//1096 
f 1096//1096 1096//1096 1112//1112 
f 1096//1096 1112//1112 1112//1112 
f 1112//1112 1112//1112 1113//1113 
f 1112//1112 1111//1111 1113//1113 
f 1113//1113 1111//1111 1114//1114 
f 1111//1111 1110//1110 1114//1114 
f 1114//1114 1110//1110 1115//1115 
f 1110//1110 1109//1109 1115//1115 
f 1115//1115 1109//1109 1116//1116 
f 1109//1109 1108//1108 1116//1116 
f 1116//1116 1108//1108 1117//1117 
f 1108//1108 1108//1108 1117//1117 
f 1117//1117 1108//1108 1118//1118 
f 1108//1108 1107//1107 1118//1118 
f 1118//1118 1107//1107 1119//1119 
f 1107//1107 1106//1106 1119//1119 
f 1119//1119 1106//1106 1120//1120 
f 1106//1106 1105//1105 1120//1120 
f 1120//1120 1105//1105 1121//1121 
f 1105//1105 530//530 1121//1121 
f 1121//1121 530//530 1122//1122 
f 530//530 535//535 1122//1122 
f 1122//1122 535//535 1123//1123 
f 535//535 536//536 1123//1123 
f 1123//1123 536//536 1124//1124 
f 536//536 549//549 1124//1124 
f 1124//1124 549//549 1125//1125 
f 549//549 550//550 1125//1125 
f 1125//1125 550//550 1125//1125 
f 550//550 551//551 1125//1125 
f 1125//1125 551//551 1126//1126 
f 551//551 552//552 1126//1126 
f 1126//1126 552//552 552//552 
f 552//552 1126//1126 552//552 
f 552//552 1126//1126 1126//1126 
f 1126//1126 1127//1127 1126//1126 
f 1126//1126 1127//1127 1125//1125 
f 1127//1127 1127//1127 1125//1125 
f 1125//1125 1127//1127 1124//1124 
f 1127//1127 1128//1128 1124//1124 
f 1124//1124 1128//1128 1123//1123 
f 1128//1128 1129//1129 1123//1123 
f 1123//1123 1129//1129 1122//1122 
f 1129//1129 1130//1130 1122//1122 
f 1122//1122 1130//1130 1121//1121 
f 1130//1130 1131//1131 1121//1121 
f 1121//1121 1131//1131 1120//1120 
f 1131//1131 1132//1132 1120//1120 
f 1120//1120 1132//1132 1119//1119 
f 1132//1132 1133//1133 1119//1119 
f 1119//1119 1133//1133 1118//1118 
f 1133//1133 1134//1134 1118//1118 
f 1118//1118 1134//1134 1117//1117 
f 1134//1134 1135//1135 1117//1117 
f 1117//1117 1135//1135 1136//1136 
f 1135//1135 1137//1137 1136//1136 
f 1136//1136 1137//1137 1138//1138 
f 1137//1137 1139//1139 1138//1138 
f 1138//1138 1139//1139 1114//1114 
f 1139//1139 1139//1139 1114//1114 
f 1114//1114 1139//1139 1113//1113 
f 1139//1139 1139//1139 1113//1113 
f 1113//1113 1139//1139 1096//1096 
f 1139//1139 1140//1140 1096//1096 
f 1096//1096 1140//1140 1095//1095 
f 1140//1140 1141//1141 1095//1095 
f 1095//1095 1141//1141 1094//1094 
f 1141//1141 1141//1141 1094//1094 
f 1094//1094 1141//1141 1142//1142 
f 1141//1141 1140//1140 1142//1142 
f 1142//1142 1140//1140 1140//1140 
f 1140//1140 1114//1114 1140//1140 
f 1140//1140 1114//1114 1114//1114 
f 1114//1114 1115//1115 1114//1114 
f 1114//1114 1115//1115 1138//1138 
f 1115//1115 1143//1143 1138//1138 
f 1138//1138 1143//1143 1136//1136 
f 1143//1143 1116//1116 1136//1136 
f 1136//1136 1116//1116 1117//1117 
f 1116//1116 1117//1117 1117//1117 
f 1117//1117 1117//1117 1143//1143 
f 1117//1117 1143//1143 1143//1143 
f 1143//1143 1143//1143 1116//1116 
f 1143//1143 1115//1115 1116//1116 
f 1116//1116 1115//1115 1115//1115 
f 1115//1115 1094//1094 1115//1115 
f 1115//1115 1094//1094 1094//1094 
f 1094//1094 1142//1142 1094//1094 
f 1094//1094 1142//1142 1093//1093 
f 1142//1142 1093//1093 1093//1093 
f 1093//1093 1093//1093 1142//1142 
f 1093//1093 1142//1142 1142//1142 
f 1142//1142 1142//1142 1144//1144 
f 1142//1142 1140//1140 1144//1144 
f 1144//1144 1140//1140 1144//1144 
f 1140//1140 1139//1139 1144//1144 
f 1144//1144 1139//1139 1144//1144 
f 1139//1139 1137//1137 1144//1144 
f 1144//1144 1137//1137 1145//1145 
f 1137//1137 1135//1135 1145//1145 
f 1145//1145 1135//1135 1146//1146 
f 1135//1135 1134//1134 1146//1146 
f 1146//1146 1134//1134 1147//1147 
f 1134//1134 1133//1133 1147//1147 
f 1147//1147 1133//1133 1148//1148 
f 1133//1133 1133//1133 1148//1148 
f 1148//1148 1133//1133 1149//1149 
f 1133//1133 1132//1132 1149//1149 
f 1149//1149 1132//1132 1150//1150 
f 1132//1132 1131//1131 1150//1150 
f 1150//1150 1131//1131 1151//1151 
f 1131//1131 1130//1130 1151//1151 
f 1151//1151 1130//1130 1152//1152 
f 1130//1130 1129//1129 1152//1152 
f 1152//1152 1129//1129 1153//1153 
f 1129//1129 1128//1128 1153//1153 
f 1153//1153 1128//1128 1154//1154 
f 1128//1128 1127//1127 1154//1154 
f 1154//1154 1127//1127 1155//1155 
f 1127//1127 1126//1126 1155//1155 
f 1155//1155 1126//1126 1156//1156 
f 1126//1126 552//552 1156//1156 
f 1156//1156 552//552 1156//1156 
f 552//552 553//553 1156//1156 
f 1156//1156 553//553 1157//1157 
f 553//553 554//554 1157//1157 
f 1157//1157 554//554 554//554 
f 554//554 1157//1157 554//554 
f 554//554 1157//1157 1157//1157 
f 1157//1157 1158//1158 1157//1157 
f 1157//1157 1158//1158 1156//1156 
f 1158//1158 1158//1158 1156//1156 
f 1156//1156 1158//1158 1155//1155 
f 1158//1158 1159//1159 1155//1155 
f 1155//1155 1159//1159 1154//1154 
f 1159//1159 1160//1160 1154//1154 
f 1154//1154 1160//1160 1153//1153 
f 1160//1160 1161//1161 1153//1153 
f 1153//1153 1161//1161 1152//1152 
f 1161//1161 1162//1162 1152//1152 
f 1152//1152 1162//1162 1151//1151 
f 1162//1162 1163//1163 1151//1151 
f 1151//1151 1163//1163 1150//1150 
f 1163//1163 1164//1164 1150//1150 
f 1150//1150 1164//1164 1149//1149 
f 1164//1164 1165//1165 1149//1149 
f 1149//1149 1165//1165 1148//1148 
f 1165//1165 1148//1148 1148//1148 
f 1148//1148 1148//1148 1164//1164 
f 1148//1148 1164//1164 1164//1164 
f 1164//1164 1164//1164 1165//1165 
f 1164//1164 1163//1163 1165//1165 
f 1165//1165 1163//1163 1166//1166 
f 1163//1163 1162//1162 1166//1166 
f 1166//1166 1162//1162 1167//1167 
f 1162//1162 1161//1161 1167//1167 
f 1167//1167 1161//1161 1168//1168 
f 1161//1161 1160//1160 1168//1168 
f 1168//1168 1160//1160 1169//1169 
f 1160//1160 1160//1160 1169//1169 
f 1169//1169 1160//1160 1170//1170 
f 1160//1160 1159//1159 1170//1170 
f 1170//1170 1159//1159 1171//1171 
f 1159//1159 1158//1158 1171//1171 
f 1171//1171 1158//1158 1172//1172 
f 1158//1158 1157//1157 1172//1172 
f 1172//1172 1157//1157 1173//1173 
f 1157//1157 554//554 1173//1173 
f 1173//1173 554//554 1174//1174 
f 554//554 559//559 1174//1174 
f 1174//1174 559//559 1175//1175 
f 559//559 560//560 1175//1175 
f 1175//1175 560//560 1176//1176 
f 560//560 573//573 1176//1176 
f 1176//1176 573//573 1177//1177 
f 573//573 574//574 1177//1177 
f 1177//1177 574//574 1177//1177 
f 574//574 575//575 1177//1177 
f 1177//1177 575//575 1178//1178 
f 575//575 576//576 1178//1178 
f 1178//1178 576//576 576//576 
f 576//576 1178//1178 576//576 
f 576//576 1178//1178 1178//1178 
f 1178//1178 1179//1179 1178//1178 
f 1178//1178 1179//1179 1177//1177 
f 1179//1179 1179//1179 1177//1177 
f 1177//1177 1179//1179 1176//1176 
f 1179//1179 1180//1180 1176//1176 
f 1176//1176 1180//1180 1175//1175 
f 1180//1180 1181//1181 1175//1175 
f 1175//1175 1181//1181 1174//1174 
f 1181//1181 1182//1182 1174//1174 
f 1174//1174 1182//1182 1173//1173 
f 1182//1182 1183//1183 1173//1173 
f 1173//1173 1183//1183 1172//1172 
f 1183//1183 1184//1184 1172//1172 
f 1172//1172 1184//1184 1171//1171 
f 1184//1184 1185//1185 1171//1171 
f 1171//1171 1185//1185 1170//1170 
f 1185//1185 1186//1186 1170//1170 
f 1170//1170 1186//1186 1169//1169 
f 1186//1186 1187//1187 1169//1169 
f 1169//1169 1187//1187 1188//1188 
f 1187//1187 1189//1189 1188//1188 
f 1188//1188 1189//1189 1190//1190 
f 1189//1189 1191//1191 1190//1190 
f 1190//1190 1191//1191 1166//1166 
f 1191//1191 1191//1191 1166//1166 
f 1166//1166 1191//1191 1165//1165 
f 1191//1191 1191//1191 1165//1165 
f 1165//1165 1191//1191 1148//1148 
f 1191//1191 1192//1192 1148//1148 
f 1148//1148 1192//1192 1147//1147 
f 1192//1192 1193//1193 1147//1147 
f 1147//1147 1193//1193 1146//1146 
f 1193//1193 1193//1193 1146//1146 
f 1146//1146 1193//1193 1194//1194 
f 1193//1193 1192//1192 1194//1194 
f 1194//1194 1192//1192 1192//1192 
f 1192//1192 1166//1166 1192//1192 
f 1192//1192 1166//1166 1166//1166 
f 1166//1166 1167//1167 1166//1166 
f 1166//1166 1167//1167 1190//1190 
f 1167//1167 1195//1195 1190//1190 
f 1190//1190 1195//1195 1188//1188 
f 1195//1195 1168//1168 1188//1188 
f 1188//1188 1168//1168 1169//1169 
f 1168//1168 1169//1169 1169//1169 
f 1169//1169 1169//1169 1195//1195 
f 1169//1169 1195//1195 1195//1195 
f 1195//1195 1195//1195 1168//1168 
f 1195//1195 1167//1167 1168//1168 
f 1168//1168 1167//1167 1167//1167 
f 1167//1167 1146//1146 1167//1167 
f 1167//1167 1146//1146 1146//1146 
f 1146//1146 1194//1194 1146//1146 
f 1146//1146 1194//1194 1145//1145 
f 1194//1194 1145//1145 1145//1145 
f 1145//1145 1145//1145 1194//1194 
f 1145//1145 1194//1194 1194//1194 
f 1194//1194 1194//1194 1196//1196 
f 1194//1194 1192//1192 1196//1196 
f 1196//1196 1192//1192 1196//1196 
f 1192//1192 1191//1191 1196//1196 
f 1196//1196 1191//1191 1196//1196 
f 1191//1191 1189//1189 1196//1196 
f 1196//1196 1189//1189 1197//1197 
f 1189//1189 1187//1187 1197//1197 
f 1197//1197 1187//1187 1198//1198 
f 1187//1187 1186//1186 1198//1198 
f 1198//1198 1186//1186 1199//1199 
f 1186//1186 1185//1185 1199//1199 
f 1199//1199 1185//1185 1200//1200 
f 1185//1185 1185//1185 1200//1200 
f 1200//1200 1185//1185 1201//1201 
f 1185//1185 1184//1184 1201//1201 
f 1201//1201 1184//1184 1202//1202 
f 1184//1184 1183//1183 1202//1202 
f 1202//1202 1183//1183 1203//1203 
f 1183//1183 1182//1182 1203//1203 
f 1203//1203 1182//1182 1204//1204 
f 1182//1182 1181//1181 1204//1204 
f 1204//1204 1181//1181 1205//1205 
f 1181//1181 1180//1180 1205//1205 
f 1205//1205 1180//1180 1206//1206 
f 1180//1180 1179//1179 1206//1206 
f 1206//1206 1179//1179 1207//1207 
f 1179//1179 1178//1178 1207//1207 
f 1207//1207 1178//1178 1208//1208 
f 1178//1178 576//576 1208//1208 
f 1208//1208 576//576 1208//1208 
f 576//576 577//577 1208//1208 
f 1208//1208 577//577 1209//1209 
f 577//577 578//578 1209//1209 
f 1209//1209 578//578 578//578 
f 578//578 1209//1209 578//578 
f 578//578 1209//1209 1209//1209 
f 1209//1209 1210//1210 1209//1209 
f 1209//1209 1210//1210 1208//1208 
f 1210//1210 1210//1210 1208//1208 
f 1208//1208 1210//1210 1207//1207 
f 1210//1210 1211//1211 1207//1207 
f 1207//1207 1211//1211 1206//1206 
f 1211//1211 1212//1212 1206//1206 
f 1206//1206 1212//1212 1205//1205 
f 1212//1212 1213//1213 1205//1205 
f 1205//1205 1213//1213 1204//1204 
f 1213//1213 1214//1214 1204//1204 
f 1204//1204 1214//1214 1203//1203 
f 1214//1214 1215//1215 1203//1203 
f 1203//1203 1215//1215 1202//1202 
f 1215//1215 1216//1216 1202//1202 
f 1202//1202 1216//1216 1201//1201 
f 1216//1216 1217//1217 1201//1201 
f 1201//1201 1217//1217 1200//1200 
f 1217//1217 1200//1200 1200//1200 
f 1200//1200 1200//1200 1216//1216 
f 1200//1200 1216//1216 1216//1216 
f 1216//1216 1216//1216 1217//1217 
f 1216//1216 1215//1215 1217//1217 
f 1217//1217 1215//1215 1218//1218 
f 1215//1215 1214//1214 1218//1218 
f 1218//1218 1214//1214 1219//1219 
f 1214//1214 1213//1213 1219//1219 
f 1219//1219 1213//1213 1220//1220 
f 1213//1213 1212//1212 1220//1220 
f 1220//1220 1212//1212 1221//1221 
f 1212//1212 1212//1212 1221//1221 
f 1221//1221 1212//1212 1222//1222 
f 1212//1212 1211//1211 1222//1222 
f 1222//1222 1211//1211 1223//1223 
f 1211//1211 1210//1210 1223//1223 
f 1223//1223 1210//1210 1224//1224 
f 1210//1210 1209//1209 1224//1224 
f 1224//1224 1209//1209 1225//1225 
f 1209//1209 578//578 1225//1225 
f 1225//1225 578//578 1226//1226 
f 578//578 583//583 1226//1226 
f 1226//1226 583//583 1227//1227 
f 583//583 584//584 1227//1227 
f 1227//1227 584//584 1228//1228 
f 584//584 597//597 1228//1228 
f 1228//1228 597//597 1229//1229 
f 597//597 598//598 1229//1229 
f 1229//1229 598//598 1229//1229 
f 598//598 599//599 1229//1229 
f 1229//1229 599//599 1230//1230 
f 599//599 600//600 1230//1230 
f 1230//1230 600//600 600//600 
f 600//600 1230//1230 600//600 
f 600//600 1230//1230 1230//1230 
f 1230//1230 1231//1231 1230//1230 
f 1230//1230 1231//1231 1229//1229 
f 1231//1231 1231//1231 1229//1229 
f 1229//1229 1231//1231 1228//1228 
f 1231//1231 1232//1232 1228//1228 
f 1228//1228 1232//1232 1227//1227 
f 1232//1232 1233//1233 1227//1227 
f 1227//1227 1233//1233 1226//1226 
f 1233//1233 1234//1234 1226//1226 
f 1226//1226 1234//1234 1225//1225 
f 1234//1234 1235//1235 1225//1225 
f 1225//1225 1235//1235 1224//1224 
f 1235//1235 1236//1236 1224//1224 
f 1224//1224 1236//1236 1223//1223 
f 1236//1236 1237//1237 1223//1223 
f 1223//1223 1237//1237 1222//1222 
f 1237//1237 1238//1238 1222//1222 
f 1222//1222 1238//1238 1221//1221 
f 1238//1238 1239//1239 1221//1221 
f 1221//1221 1239//1239 1240//1240 
f 1239//1239 1241//1241 1240//1240 
f 1240//1240 1241//1241 1242//1242 
f 1241//1241 1243//1243 1242//1242 
f 1242//1242 1243//1243 1218//1218 
f 1243//1243 1243//1243 1218//1218 
f 1218//1218 1243//1243 1217//1217 
f 1243//1243 1243//1243 1217//1217 
f 1217//1217 1243//1243 1200//1200 
f 1243//1243 1244//1244 1200//1200 
f 1200//1200 1244//1244 1199//1199 
f 1244//1244 1245//1245 1199//1199 
f 1199//1199 1245//1245 1198//1198 
f 1245//1245 1245//1245 1198//1198 
f 1198//1198 1245//1245 1246//1246 
f 1245//1245 1244//1244 1246//1246 
f 1246//1246 1244//1244 1244//1244 
f 1244//1244 1218//1218 1244//1244 
f 1244//1244 1218//1218 1218//1218 
f 1218//1218 1219//1219 1218//1218 
f 1218//1218 1219//1219 1242//1242 
f 1219//1219 1247//1247 1242//1242 
f 1242//1242 1247//1247 1240//1240 
f 1247//1247 1220//1220 1240//1240 
f 1240//1240 1220//1220 1221//1221 
f 1220//1220 1221//1221 1221//1221 
f 1221//1221 1221//1221 1247//1247 
f 1221//1221 1247//1247 1247//1247 
f 1247//1247 1247//1247 1220//1220 
f 1247//1247 1219//1219 1220//1220 
f 1220//1220 1219//1219 1219//1219 
f 1219//1219 1198//1198 1219//1219 
f 1219//1219 1198//1198 1198//1198 
f 1198//1198 1246//1246 1198//1198 
f 1198//1198 1246//1246 1197//1197 
f 1246//1246 1197//1197 1197//1197 
f 1197//1197 1197//1197 1246//1246 
f 1197//1197 1246//1246 1246//1246 
f 1246//1246 1246//1246 1248//1248 
f 1246//1246 1244//1244 1248//1248 
f 1248//1248 1244//1244 1248//1248 
f 1244//1244 1243//1243 1248//1248 
f 1248//1248 1243//1243 1248//1248 
f 1243//1243 1241//1241 1248//1248 
f 1248//1248 1241//1241 1249//1249 
f 1241//1241 1239//1239 1249//1249 
f 1249//1249 1239//1239 1250//1250 
f 1239//1239 1238//1238 1250//1250 
f 1250//1250 1238//1238 1251//1251 
f 1238//1238 1237//1237 1251//1251 
f 1251//1251 1237//1237 1252//1252 
f 1237//1237 1237//1237 1252//1252 
f 1252//1252 1237//1237 1253//1253 
f 1237//1237 1236//1236 1253//1253 
f 1253//1253 1236//1236 1254//1254 
f 1236//1236 1235//1235 1254//1254 
f 1254//1254 1235//1235 1255//1255 
f 1235//1235 1234//1234 1255//1255 
f 1255//1255 1234//1234 1256//1256 
f 1234//1234 1233//1233 1256//1256 
f 1256//1256 1233//1233 1257//1257 
f 1233//1233 1232//1232 1257//1257 
f 1257//1257 1232//1232 1258//1258 
f 1232//1232 1231//1231 1258//1258 
f 1258//1258 1231//1231 1259//1259 
f 1231//1231 1230//1230 1259//1259 
f 1259//1259 1230//1230 1260//1260 
f 1230//1230 600//600 1260//1260 
f 1260//1260 600//600 1260//1260 
f 600//600 601//601 1260//1260 
f 1260//1260 601//601 1261//1261 
f 601//601 602//602 1261//1261 
f 1261//1261 602//602 602//602 
f 602//602 1261//1261 602//602 
f 602//602 1261//1261 1261//1261 
f 1261//1261 1262//1262 1261//1261 
f 1261//1261 1262//1262 1260//1260 
f 1262//1262 1262//1262 1260//1260 
f 1260//1260 1262//1262 1259//1259 
f 1262//1262 1263//1263 1259//1259 
f 1259//1259 1263//1263 1258//1258 
f 1263//1263 1264//1264 1258//1258 
f 1258//1258 1264//1264 1257//1257 
f 1264//1264 1265//1265 1257//1257 
f 1257//1257 1265//1265 1256//1256 
f 1265//1265 1266//1266 1256//1256 
f 1256//1256 1266//1266 1255//1255 
f 1266//1266 1267//1267 1255//1255 
f 1255//1255 1267//1267 1254//1254 
f 1267//1267 1268//1268 1254//1254 
f 1254//1254 1268//1268 1253//1253 
f 1268//1268 1269//1269 1253//1253 
f 1253//1253 1269//1269 1252//1252 
f 1269//1269 1252//1252 1252//1252 
f 1252//1252 1252//1252 1268//1268 
f 1252//1252 1268//1268 1268//1268 
f 1268//1268 1268//1268 1269//1269 
f 1268//1268 1267//1267 1269//1269 
f 1269//1269 1267//1267 1270//1270 
f 1267//1267 1266//1266 1270//1270 
f 1270//1270 1266//1266 1271//1271 
f 1266//1266 1265//1265 1271//1271 
f 1271//1271 1265//1265 1272//1272 
f 1265//1265 1264//1264 1272//1272 
f 1272//1272 1264//1264 1273//1273 
f 1264//1264 1264//1264 1273//1273 
f 1273//1273 1264//1264 1274//1274 
f 1264//1264 1263//1263 1274//1274 
f 1274//1274 1263//1263 1275//1275 
f 1263//1263 1262//1262 1275//1275 
f 1275//1275 1262//1262 1276//1276 
f 1262//1262 1261//1261 1276//1276 
f 1276//1276 1261//1261 1277//1277 
f 1261//1261 602//602 1277//1277 
f 1277//1277 602//602 1278//1278 
f 602//602 607//607 1278//1278 
f 1278//1278 607//607 1279//1279 
f 607//607 608//608 1279//1279 
f 1279//1279 608//608 1280//1280 
f 608//608 621//621 1280//1280 
f 1280//1280 621//621 1281//1281 
f 621//621 622//622 1281//1281 
f 1281//1281 622//622 1281//1281 
f 622//622 623//623 1281//1281 
f 1281//1281 623//623 1282//1282 
f 623//623 624//624 1282//1282 
f 1282//1282 624//624 624//624 
f 624//624 1282//1282 624//624 
f 624//624 1282//1282 1282//1282 
f 1282//1282 1283//1283 1282//1282 
f 1282//1282 1283//1283 1281//1281 
f 1283//1283 1283//1283 1281//1281 
f 1281//1281 1283//1283 1280//1280 
f 1283//1283 1284//1284 1280//1280 
f 1280//1280 1284//1284 1279//1279 
f 1284//1284 1285//1285 1279//1279 
f 1279//1279 1285//1285 1278//1278 
f 1285//1285 1286//1286 1278//1278 
f 1278//1278 1286//1286 1277//1277 
f 1286//1286 1287//1287 1277//1277 
f 1277//1277 1287//1287 1276//1276 
f 1287//1287 1288//1288 1276//1276 
f 1276//1276 1288//1288 1275//1275 
f 1288//1288 1289//1289 1275//1275 
f 1275//1275 1289//1289 1274//1274 
f 1289//1289 1290//1290 1274//1274 
f 1274//1274 1290//1290 1273//1273 
f 1290//1290 1291//1291 1273//1273 
f 1273//1273 1291//1291 1292//1292 
f 1291//1291 1293//1293 1292//1292 
f 1292//1292 1293//1293 1294//1294 
f 1293//1293 1295//1295 1294//1294 
f 1294//1294 1295//1295 1270//1270 
f 1295//1295 1295//1295 1270//1270 
f 1270//1270 1295//1295 1269//1269 
f 1295//1295 1295//1295 1269//1269 
f 1269//1269 1295//1295 1252//1252 
f 1295//1295 1296//1296 1252//1252 
f 1252//1252 1296//1296 1251//1251 
f 1296//1296 1297//1297 1251//1251 
f 1251//1251 1297//1297 1250//1250 
f 1297//1297 1297//1297 1250//1250 
f 1250//1250 1297//1297 1298//1298 
f 1297//1297 1296//1296 1298//1298 
f 1298//1298 1296//1296 1296//1296 
f 1296//1296 1270//1270 1296//1296 
f 1296//1296 1270//1270 1270//1270 
f 1270//1270 1271//1271 1270//1270 
f 1270//1270 1271//1271 1294//1294 
f 1271//1271 1299//1299 1294//1294 
f 1294//1294 1299//1299 1292//1292 
f 1299//1299 1272//1272 1292//1292 
f 1292//1292 1272//1272 1273//1273 
f 1272//1272 1273//1273 1273//1273 
f 1273//1273 1273//1273 1299//1299 
f 1273//1273 1299//1299 1299//1299 
f 1299//1299 1299//1299 1272//1272 
f 1299//1299 1271//1271 1272//1272 
f 1272//1272 1271//1271 1271//1271 
f 1271//1271 1250//1250 1271//1271 
f 1271//1271 1250//1250 1250//1250 
f 1250//1250 1298//1298 1250//1250 
f 1250//1250 1298//1298 1249//1249 
f 1298//1298 1249//1249 1249//1249 
f 1249//1249 1249//1249 1298//1298 
f 1249//1249 1298//1298 1298//1298 
f 1298//1298 1298//1298 1300//1300 
f 1298//1298 1296//1296 1300//1300 
f 1300//1300 1296//1296 1300//1300 
f 1296//1296 1295//1295 1300//1300 
f 1300//1300 1295//1295 1300//1300 
f 1295//1295 1293//1293 1300//1300 
f 1300//1300 1293//1293 1301//1301 
f 1293//1293 1291//1291 1301//1301 
f 1301//1301 1291//1291 1302//1302 
f 1291//1291 1290//1290 1302//1302 
f 1302//1302 1290//1290 1303//1303 
f 1290//1290 1289//1289 1303//1303 
f 1303//1303 1289//1289 1304//1304 
f 1289//1289 1289//1289 1304//1304 
f 1304//1304 1289//1289 1305//1305 
f 1289//1289 1288//1288 1305//1305 
f 1305//1305 1288//1288 1306//1306 
f 1288//1288 1287//1287 1306//1306 
f 1306//1306 1287//1287 1307//1307 
f 1287//1287 1286//1286 1307//1307 
f 1307//1307 1286//1286 1308//1308 
f 1286//1286 1285//1285 1308//1308 
f 1308//1308 1285//1285 1309//1309 
f 1285//1285 1284//1284 1309//1309 
f 1309//1309 1284//1284 1310//1310 
f 1284//1284 1283//1283 1310//1310 
f 1310//1310 1283//1283 1311//1311 
f 1283//1283 1282//1282 1311//1311 
f 1311//1311 1282//1282 1312//1312 
f 1282//1282 624//624 1312//1312 
f 1312//1312 624//624 1312//1312 
f 624//624 625//625 1312//1312 
f 1312//1312 625//625 1313//1313 
f 625//625 626//626 1313//1313 
f 1313//1313 626//626 626//626 
f 626//626 1313//1313 626//626 
f 626//626 1313//1313 1313//1313 
f 1313//1313 1314//1314 1313//1313 
f 1313//1313 1314//1314 1312//1312 
f 1314//1314 1314//1314 1312//1312 
f 1312//1312 1314//1314 1311//1311 
f 1314//1314 1315//1315 1311//1311 
f 1311//1311 1315//1315 1310//1310 
f 1315//1315 1316//1316 1310//1310 
f 1310//1310 1316//1316 1309//1309 
f 1316//1316 1317//1317 1309//1309 
f 1309//1309 1317//1317 1308//1308 
f 1317//1317 1318//1318 1308//1308 
f 1308//1308 1318//1318 1307//1307 
f 1318//1318 1319//1319 1307//1307 
f 1307//1307 1319//1319 1306//1306 
f 1319//1319 1320//1320 1306//1306 
f 1306//1306 1320//1320 1305//1305 
f 1320//1320 1321//1321 1305//1305 
f 1305//1305 1321//1321 1304//1304 
f 1321//1321 1304//1304 1304//1304 
f 1304//1304 1304//1304 1320//1320 
f 1304//1304 1320//1320 1320//1320 
f 1320//1320 1320//1320 1321//1321 
f 1320//1320 1319//1319 1321//1321 
f 1321//1321 1319//1319 1322//1322 
f 1319//1319 1318//1318 1322//1322 
f 1322//1322 1318//1318 1323//1323 
f 1318//1318 1317//1317 1323//1323 
f 1323//1323 1317//1317 1324//1324 
f 1317//1317 1316//1316 1324//1324 
f 1324//1324 1316//1316 1325//1325 
f 1316//1316 1316//1316 1325//1325 
f 1325//1325 1316//1316 1326//1326 
f 1316//1316 1315//1315 1326//1326 
f 1326//1326 1315//1315 1327//1327 
f 1315//1315 1314//1314 1327//1327 
f 1327//1327 1314//1314 1328//1328 
f 1314//1314 1313//1313 1328//1328 
f 1328//1328 1313//1313 1329//1329 
f 1313//1313 626//626 1329//1329 
f 1329//1329 626//626 1330//1330 
f 626//626 631//631 1330//1330 
f 1330//1330 631//631 1331//1331 
f 631//631 632//632 1331//1331 
f 1331//1331 632//632 1332//1332 
f 632//632 645//645 1332//1332 
f 1332//1332 645//645 1333//1333 
f 645//645 646//646 1333//1333 
f 1333//1333 646//646 1333//1333 
f 646//646 647//647 1333//1333 
f 1333//1333 647//647 1334//1334 
f 647//647 648//648 1334//1334 
f 1334//1334 648//648 648//648 
f 648//648 1334//1334 648//648 
f 648//648 1334//1334 1334//1334 
f 1334//1334 1335//1335 1334//1334 
f 1334//1334 1335//1335 1333//1333 
f 1335//1335 1335//1335 1333//1333 
f 1333//1333 1335//1335 1332//1332 
f 1335//1335 1336//1336 1332//1332 
f 1332//1332 1336//1336 1331//1331 
f 1336//1336 1337//1337 1331//1331 
f 1331//1331 1337//1337 1330//1330 
f 1337//1337 1338//1338 1330//1330 
f 1330//1330 1338//1338 1329//1329 
f 1338//1338 1339//1339 1329//1329 
f 1329//1329 1339//1339 1328//1328 
f 1339//1339 1340//1340 1328//1328 
f 1328//1328 1340//1340 1327//1327 
f 1340//1340 1341//1341 1327//1327 
f 1327//1327 1341//1341 1326//1326 
f 1341//1341 1342//1342 1326//1326 
f 1326//1326 1342//1342 1325//1325 
f 1342//1342 1343//1343 1325//1325 
f 1325//1325 1343//1343 1344//1344 
f 1343//1343 1345//1345 1344//1344 
f 1344//1344 1345//1345 1346//1346 
f 1345//1345 1347//1347 1346//1346 
f 1346//1346 1347//1347 1322//1322 
f 1347//1347 1347//1347 1322//1322 
f 1322//1322 1347//1347 1321//1321 
f 1347//1347 1347//1347 1321//1321 
f 1321//1321 1347//1347 1304//1304 
f 1347//1347 1348//1348 1304//1304 
f 1304//1304 1348//1348 1303//1303 
f 1348//1348 1349//1349 1303//1303 
f 1303//1303 1349//1349 1302//1302 
f 1349//1349 1349//1349 1302//1302 
f 1302//1302 1349//1349 1350//1350 
f 1349//1349 1348//1348 1350//1350 
f 1350//1350 1348//1348 1348//1348 
f 1348//1348 1322//1322 1348//1348 
f 1348//1348 1322//1322 1322//1322 
f 1322//1322 1323//1323 1322//1322 
f 1322//1322 1323//1323 1346//1346 
f 1323//1323 1351//1351 1346//1346 
f 1346//1346 1351//1351 1344//1344 
f 1351//1351 1324//1324 1344//1344 
f 1344//1344 1324//1324 1325//1325 
f 1324//1324 1325//1325 1325//1325 
f 1325//1325 1325//1325 1351//1351 
f 1325//1325 1351//1351 1351//1351 
f 1351//1351 1351//1351 1324//1324 
f 1351//1351 1323//1323 1324//1324 
f 1324//1324 1323//1323 1323//1323 
f 1323//1323 1302//1302 1323//1323 
f 1323//1323 1302//1302 1302//1302 
f 1302//1302 1350//1350 1302//1302 
f 1302//1302 1350//1350 1301//1301 
f 1350//1350 1301//1301 1301//1301 
f 1301//1301 1301//1301 1350//1350 
f 1301//1301 1350//1350 1350//1350 
f 1350//1350 1350//1350 1352//1352 
f 1350//1350 1348//1348 1352//1352 
f 1352//1352 1348//1348 1352//1352 
f 1348//1348 1347//1347 1352//1352 
f 1352//1352 1347//1347 1352//1352 
f 1347//1347 1345//1345 1352//1352 
f 1352//1352 1345//1345 1353//1353 
f 1345//1345 1343//1343 1353//1353 
f 1353//1353 1343//1343 1354//1354 
f 1343//1343 1342//1342 1354//1354 
f 1354//1354 1342//1342 1355//1355 
f 1342//1342 1341//1341 1355//1355 
f 1355//1355 1341//1341 1356//1356 
f 1341//1341 1341//1341 1356//1356 
f 1356//1356 1341//1341 1357//1357 
f 1341//1341 1340//1340 1357//1357 
f 1357//1357 1340//1340 1358//1358 
f 1340//1340 1339//1339 1358//1358 
f 1358//1358 1339//1339 1359//1359 
f 1339//1339 1338//1338 1359//1359 
f 1359//1359 1338//1338 1360//1360 
f 1338//1338 1337//1337 1360//1360 
f 1360//1360 1337//1337 1361//1361 
f 1337//1337 1336//1336 1361//1361 
f 1361//1361 1336//1336 1362//1362 
f 1336//1336 1335//1335 1362//1362 
f 1362//1362 1335//1335 1363//1363 
f 1335//1335 1334//1334 1363//1363 
f 1363//1363 1334//1334 1364//1364 
f 1334//1334 648//648 1364//1364 
f 1364//1364 648//648 1364//1364 
f 648//648 649//649 1364//1364 
f 1364//1364 649//649 1365//1365 
f 649//649 650//650 1365//1365 
f 1365//1365 650//650 650//650 
f 650//650 1365//1365 650//650 
f 650//650 1365//1365 1365//1365 
f 1365//1365 1366//1366 1365//1365 
f 1365//1365 1366//1366 1364//1364 
f 1366//1366 1366//1366 1364//1364 
f 1364//1364 1366//1366 1363//1363 
f 1366//1366 1367//1367 1363//1363 
f 1363//1363 1367//1367 1362//1362 
f 1367//1367 1368//1368 1362//1362 
f 1362//1362 1368//1368 1361//1361 
f 1368//1368 1369//1369 1361//1361 
f 1361//1361 1369//1369 1360//1360 
f 1369//1369 1370//1370 1360//1360 
f 1360//1360 1370//1370 1359//1359 
f 1370//1370 1371//1371 1359//1359 
f 1359//1359 1371//1371 1358//1358 
f 1371//1371 1372//1372 1358//1358 
f 1358//1358 1372//1372 1357//1357 
f 1372//1372 1373//1373 1357//1357 
f 1357//1357 1373//1373 1356//1356 
f 1373//1373 1356//1356 1356//1356 
f 1356//1356 1356//1356 1372//1372 
f 1356//1356 1372//1372 1372//1372 
f 1372//1372 1372//1372 1373//1373 
f 1372//1372 1371//1371 1373//1373 
f 1373//1373 1371//1371 1374//1374 
f 1371//1371 1370//1370 1374//1374 
f 1374//1374 1370//1370 1375//1375 
f 1370//1370 1369//1369 1375//1375 
f 1375//1375 1369//1369 1376//1376 
f 1369//1369 1368//1368 1376//1376 
f 1376//1376 1368//1368 1377//1377 
f 1368//1368 1368//1368 1377//1377 
f 1377//1377 1368//1368 1378//1378 
f 1368//1368 1367//1367 1378//1378 
f 1378//1378 1367//1367 1379//1379 
f 1367//1367 1366//1366 1379//1379 
f 1379//1379 1366//1366 1380//1380 
f 1366//1366 1365//1365 1380//1380 
f 1380//1380 1365//1365 1381//1381 
f 1365//1365 650//650 1381//1381 
f 1381//1381 650//650 1382//1382 
f 650//650 655//655 1382//1382 
f 1382//1382 655//655 1383//1383 
f 655//655 658//658 1383//1383 
f 1383//1383 658//658 1384//1384 
f 658//658 658//658 1384//1384 
f 1384//1384 658//658 1385//1385 
f 658//658 657//657 1385//1385 
f 1385//1385 657//657 1386//1386 
f 657//657 656//656 1386//1386 
f 1386//1386 656//656 1386//1386 
f 656//656 659//659 1386//1386 
f 1386//1386 659//659 1387//1387 
f 659//659 660//660 1387//1387 
f 1387//1387 660//660 1388//1388 
f 660//660 661//661 1388//1388 
f 1388//1388 661//661 1389//1389 
f 661//661 661//661 1389//1389 
f 1389//1389 661//661 1390//1390 
f 661//661 662//662 1390//1390 
f 1390//1390 662//662 1391//1391 
f 662//662 663//663 1391//1391 
f 1391//1391 663//663 1392//1392 
f 663//663 664//664 1392//1392 
f 1392//1392 664//664 1393//1393 
f 664//664 665//665 1393//1393 
f 1393//1393 665//665 1394//1394 
f 665//665 666//666 1394//1394 
f 1394//1394 666//666 1395//1395 
f 666//666 667//667 1395//1395 
f 1395//1395 667//667 1396//1396 
f 667//667 667//667 1396//1396 
f 1396//1396 667//667 1397//1397 
f 667//667 668//668 1397//1397 
f 1397//1397 668//668 1397//1397 
f 668//668 772//772 1397//1397 
f 1397//1397 772//772 1398//1398 
f 772//772 773//773 1398//1398 
f 1398//1398 773//773 1399//1399 
f 773//773 774//774 1399//1399 
f 1399//1399 774//774 1399//1399 
f 774//774 1400//1400 1399//1399 
f 1399//1399 1400//1400 1399//1399 
f 1400//1400 1401//1401 1399//1399 
f 1399//1399 1401//1401 1399//1399 
f 1401//1401 1402//1402 1399//1399 
f 1399//1399 1402//1402 1398//1398 
f 1402//1402 1403//1403 1398//1398 
f 1398//1398 1403//1403 1397//1397 
f 1403//1403 1403//1403 1397//1397 
f 1397//1397 1403//1403 1396//1396 
f 1403//1403 1403//1403 1396//1396 
f 1396//1396 1403//1403 1395//1395 
f 1403//1403 1403//1403 1395//1395 
f 1395//1395 1403//1403 1404//1404 
f 1403//1403 1402//1402 1404//1404 
f 1404//1404 1402//1402 1402//1402 
f 1402//1402 1395//1395 1402//1402 
f 1402//1402 1395//1395 1395//1395 
f 1395//1395 1404//1404 1395//1395 
f 1395//1395 1404//1404 1394//1394 
f 1404//1404 1405//1405 1394//1394 
f 1394//1394 1405//1405 1393//1393 
f 1405//1405 1393//1393 1393//1393 
f 1393//1393 1393//1393 1405//1405 
f 1393//1393 1405//1405 1405//1405 
f 1405//1405 1405//1405 1406//1406 
f 1405//1405 1404//1404 1406//1406 
f 1406//1406 1404//1404 1406//1406 
f 1404//1404 1402//1402 1406//1406 
f 1406//1406 1402//1402 1407//1407 
f 1402//1402 1401//1401 1407//1407 
f 1407//1407 1401//1401 1408//1408 
f 1401//1401 1401//1401 1408//1408 
f 1408//1408 1401//1401 1409//1409 
f 1401//1401 1400//1400 1409//1409 
f 1409//1409 1400//1400 1409//1409 
f 1400//1400 1410//1410 1409//1409 
f 1409//1409 1410//1410 1408//1408 
f 1410//1410 1408//1408 1408//1408 
f 1408//1408 1408//1408 1410//1410 
f 1408//1408 1410//1410 1410//1410 
f 1410//1410 1410//1410 1411//1411 
f 1410//1410 1400//1400 1411//1411 
f 1411//1411 1400//1400 774//774 
f 1400//1400 774//774 774//774 
f 774//774 774//774 1376//1376 
f 774//774 1376//1376 1376//1376 
f 1376//1376 1376//1376 1375//1375 
f 1376//1376 1412//1412 1375//1375 
f 1375//1375 1412//1412 1413//1413 
f 1412//1412 1412//1412 1413//1413 
f 1413//1413 1412//1412 1414//1414 
f 1412//1412 1376//1376 1414//1414 
f 1414//1414 1376//1376 1377//1377 
f 1376//1376 1377//1377 1377//1377 
f 1377//1377 1377//1377 1413//1413 
f 1377//1377 1413//1413 1413//1413 
f 1413//1413 1413//1413 1375//1375 
f 1413//1413 1374//1374 1375//1375 
f 1375//1375 1374//1374 1374//1374 
f 1374//1374 1411//1411 1374//1374 
f 1374//1374 1411//1411 1411//1411 
f 1411//1411 1415//1415 1411//1411 
f 1411//1411 1415//1415 1410//1410 
f 1415//1415 1416//1416 1410//1410 
f 1410//1410 1416//1416 1408//1408 
f 1416//1416 1417//1417 1408//1408 
f 1408//1408 1417//1417 1407//1407 
f 1417//1417 1418//1418 1407//1407 
f 1407//1407 1418//1418 1406//1406 
f 1418//1418 1419//1419 1406//1406 
f 1406//1406 1419//1419 1405//1405 
f 1419//1419 1420//1420 1405//1405 
f 1405//1405 1420//1420 1393//1393 
f 1420//1420 1420//1420 1393//1393 
f 1393//1393 1420//1420 1392//1392 
f 1420//1420 1421//1421 1392//1392 
f 1392//1392 1421//1421 1391//1391 
f 1421//1421 1422//1422 1391//1391 
f 1391//1391 1422//1422 1390//1390 
f 1422//1422 1423//1423 1390//1390 
f 1390//1390 1423//1423 1389//1389 
f 1423//1423 1389//1389 1389//1389 
f 1389//1389 1389//1389 1419//1419 
f 1389//1389 1419//1419 1419//1419 
f 1419//1419 1419//1419 1420//1420 
f 1419//1419 1418//1418 1420//1420 
f 1420//1420 1418//1418 1421//1421 
f 1418//1418 1417//1417 1421//1421 
f 1421//1421 1417//1417 1422//1422 
f 1417//1417 1424//1424 1422//1422 
f 1422//1422 1424//1424 1423//1423 
f 1424//1424 1425//1425 1423//1423 
f 1423//1423 1425//1425 1423//1423 
f 1425//1425 1426//1426 1423//1423 
f 1423//1423 1426//1426 1389//1389 
f 1426//1426 1427//1427 1389//1389 
f 1389//1389 1427//1427 1388//1388 
f 1427//1427 1428//1428 1388//1388 
f 1388//1388 1428//1428 1387//1387 
f 1428//1428 1429//1429 1387//1387 
f 1387//1387 1429//1429 1386//1386 
f 1429//1429 1429//1429 1386//1386 
f 1386//1386 1429//1429 1385//1385 
f 1429//1429 1428//1428 1385//1385 
f 1385//1385 1428//1428 1384//1384 
f 1428//1428 1427//1427 1384//1384 
f 1384//1384 1427//1427 1430//1430 
f 1427//1427 1426//1426 1430//1430 
f 1430//1430 1426//1426 1426//1426 
f 1426//1426 1417//1417 1426//1426 
f 1426//1426 1417//1417 1417//1417 
f 1417//1417 1416//1416 1417//1417 
f 1417//1417 1416//1416 1424//1424 
f 1416//1416 1431//1431 1424//1424 
f 1424//1424 1431//1431 1425//1425 
f 1431//1431 1425//1425 1425//1425 
f 1425//1425 1425//1425 1415//1415 
f 1425//1425 1415//1415 1415//1415 
f 1415//1415 1415//1415 1416//1416 
f 1415//1415 1431//1431 1416//1416 
f 1416//1416 1431//1431 1431//1431 
f 1431//1431 1384//1384 1431//1431 
f 1431//1431 1384//1384 1384//1384 
f 1384//1384 1430//1430 1384//1384 
f 1384//1384 1430//1430 1383//1383 
f 1430//1430 1432//1432 1383//1383 
f 1383//1383 1432//1432 1382//1382 
f 1432//1432 1433//1433 1382//1382 
f 1382//1382 1433//1433 1381//1381 
f 1433//1433 1434//1434 1381//1381 
f 1381//1381 1434//1434 1380//1380 
f 1434//1434 1435//1435 1380//1380 
f 1380//1380 1435//1435 1379//1379 
f 1435//1435 1436//1436 1379//1379 
f 1379//1379 1436//1436 1378//1378 
f 1436//1436 1437//1437 1378//1378 
f 1378//1378 1437//1437 1377//1377 
f 1437//1437 1438//1438 1377//1377 
f 1377//1377 1438//1438 1414//1414 
f 1438//1438 1439//1439 1414//1414 
f 1414//1414 1439//1439 1413//1413 
f 1439//1439 1440//1440 1413//1413 
f 1413//1413 1440//1440 1374//1374 
f 1440//1440 1440//1440 1374//1374 
f 1374//1374 1440//1440 1373//1373 
f 1440//1440 1440//1440 1373//1373 
f 1373//1373 1440//1440 1356//1356 
f 1440//1440 1441//1441 1356//1356 
f 1356//1356 1441//1441 1355//1355 
f 1441//1441 1442//1442 1355//1355 
f 1355//1355 1442//1442 1354//1354 
f 1442//1442 1443//1443 1354//1354 
f 1354//1354 1443//1443 1353//1353 
f 1443//1443 1353//1353 1353//1353 
f 1353//1353 1353//1353 1442//1442 
f 1353//1353 1442//1442 1442//1442 
f 1442//1442 1442//1442 1443//1443 
f 1442//1442 1441//1441 1443//1443 
f 1443//1443 1441//1441 1444//1444 
f 1441//1441 1440//1440 1444//1444 
f 1444//1444 1440//1440 1444//1444 
f 1440//1440 1439//1439 1444//1444 
f 1444//1444 1439//1439 1445//1445 
f 1439//1439 1438//1438 1445//1445 
f 1445//1445 1438//1438 1446//1446 
f 1438//1438 1437//1437 1446//1446 
f 1446//1446 1437//1437 1447//1447 
f 1437//1437 1436//1436 1447//1447 
f 1447//1447 1436//1436 1448//1448 
f 1436//1436 1436//1436 1448//1448 
f 1448//1448 1436//1436 1449//1449 
f 1436//1436 1435//1435 1449//1449 
f 1449//1449 1435//1435 1450//1450 
f 1435//1435 1434//1434 1450//1450 
f 1450//1450 1434//1434 1451//1451 
f 1434//1434 1433//1433 1451//1451 
f 1451//1451 1433//1433 1452//1452 
f 1433//1433 1432//1432 1452//1452 
f 1452//1452 1432//1432 1453//1453 
f 1432//1432 1430//1430 1453//1453 
f 1453//1453 1430//1430 1453//1453 
f 1430//1430 1426//1426 1453//1453 
f 1453//1453 1426//1426 1453//1453 
f 1426//1426 1425//1425 1453//1453 
f 1453//1453 1425//1425 1453//1453 
f 1425//1425 1454//1454 1453//1453 
f 1453//1453 1454//1454 1452//1452 
f 1454//1454 1455//1455 1452//1452 
f 1452//1452 1455//1455 1451//1451 
f 1455//1455 1456//1456 1451//1451 
f 1451//1451 1456//1456 1450//1450 
f 1456//1456 1457//1457 1450//1450 
f 1450//1450 1457//1457 1449//1449 
f 1457//1457 1458//1458 1449//1449 
f 1449//1449 1458//1458 1448//1448 
f 1458//1458 1448//1448 1448//1448 
f 1448//1448 1448//1448 1457//1457 
f 1448//1448 1457//1457 1457//1457 
f 1457//1457 1457//1457 1458//1458 
f 1457//1457 1456//1456 1458//1458 
f 1458//1458 1456//1456 1459//1459 
f 1456//1456 1455//1455 1459//1459 
f 1459//1459 1455//1455 1460//1460 
f 1455//1455 1454//1454 1460//1460 
f 1460//1460 1454//1454 1461//1461 
f 1454//1454 1425//1425 1461//1461 
f 1461//1461 1425//1425 1461//1461 
f 1425//1425 1431//1431 1461//1461 
f 1461//1461 1431//1431 1462//1462 
f 1431//1431 1415//1415 1462//1462 
f 1462//1462 1415//1415 1463//1463 
f 1415//1415 1411//1411 1463//1463 
f 1463//1463 1411//1411 1464//1464 
f 1411//1411 774//774 1464//1464 
f 1464//1464 774//774 1464//1464 
f 774//774 1465//1465 1464//1464 
f 1464//1464 1465//1465 1464//1464 
f 1465//1465 1466//1466 1464//1464 
f 1464//1464 1466//1466 1464//1464 
f 1466//1466 1467//1467 1464//1464 
f 1464//1464 1467//1467 1463//1463 
f 1467//1467 1468//1468 1463//1463 
f 1463//1463 1468//1468 1462//1462 
f 1468//1468 1469//1469 1462//1462 
f 1462//1462 1469//1469 1461//1461 
f 1469//1469 1469//1469 1461//1461 
f 1461//1461 1469//1469 1460//1460 
f 1469//1469 1468//1468 1460//1460 
f 1460//1460 1468//1468 1459//1459 
f 1468//1468 1467//1467 1459//1459 
f 1459//1459 1467//1467 1458//1458 
f 1467//1467 1467//1467 1458//1458 
f 1458//1458 1467//1467 1448//1448 
f 1467//1467 1466//1466 1448//1448 
f 1448//1448 1466//1466 1447//1447 
f 1466//1466 1470//1470 1447//1447 
f 1447//1447 1470//1470 1446//1446 
f 1470//1470 1465//1465 1446//1446 
f 1446//1446 1465//1465 1445//1445 
f 1465//1465 774//774 1445//1445 
f 1445//1445 774//774 1444//1444 
f 774//774 774//774 1444//1444 
f 1444//1444 774//774 1443//1443 
f 774//774 774//774 1443//1443 
f 1443//1443 774//774 1353//1353 
f 774//774 774//774 1353//1353 
f 1353//1353 774//774 1352//1352 
f 774//774 774//774 1352//1352 
f 1352//1352 774//774 1350//1350 
f 774//774 774//774 1350//1350 
f 1350//1350 774//774 1301//1301 
f 774//774 774//774 1301//1301 
f 1301//1301 774//774 1300//1300 
f 774//774 774//774 1300//1300 
f 1300//1300 774//774 1298//1298 
f 774//774 774//774 1298//1298 
f 1298//1298 774//774 1249//1249 
f 774//774 774//774 1249//1249 
f 1249//1249 774//774 1248//1248 
f 774//774 774//774 1248//1248 
f 1248//1248 774//774 1246//1246 
f 774//774 774//774 1246//1246 
f 1246//1246 774//774 1197//1197 
f 774//774 774//774 1197//1197 
f 1197//1197 774//774 1196//1196 
f 774//774 774//774 1196//1196 
f 1196//1196 774//774 1194//1194 
f 774//774 774//774 1194//1194 
f 1194//1194 774//774 1145//1145 
f 774//774 774//774 1145//1145 
f 1145//1145 774//774 1144//1144 
f 774//774 774//774 1144//1144 
f 1144//1144 774//774 1142//1142 
f 774//774 774//774 1142//1142 
f 1142//1142 774//774 1093//1093 
f 774//774 774//774 1093//1093 
f 1093//1093 774//774 1092//1092 
f 774//774 774//774 1092//1092 
f 1092//1092 774//774 1090//1090 
f 774//774 774//774 1090//1090 
f 1090//1090 774//774 1041//1041 
f 774//774 774//774 1041//1041 
f 1041//1041 774//774 1040//1040 
f 774//774 774//774 1040//1040 
f 1040//1040 774//774 1038//1038 
f 774//774 774//774 1038//1038 
f 1038//1038 774//774 989//989 
f 774//774 774//774 989//989 
f 989//989 774//774 988//988 
f 774//774 774//774 988//988 
f 988//988 774//774 986//986 
f 774//774 774//774 986//986 
f 986//986 774//774 937//937 
f 774//774 774//774 937//937 
f 937//937 774//774 936//936 
f 774//774 774//774 936//936 
f 936//936 774//774 934//934 
f 774//774 774//774 934//934 
f 934//934 774//774 885//885 
f 774//774 774//774 885//885 
f 885//885 774//774 884//884 
f 774//774 774//774 884//884 
f 884//884 774//774 882//882 
f 774//774 774//774 882//882 
f 882//882 774//774 833//833 
f 774//774 774//774 833//833 
f 833//833 774//774 832//832 
f 774//774 774//774 832//832 
f 832//832 774//774 830//830 
f 774//774 774//774 830//830 
f 830//830 774//774 781//781 
f 774//774 774//774 781//781 
f 781//781 774//774 780//780 
f 774//774 1471//1471 780//780 
f 780//780 1471//1471 779//779 
f 1471//1471 1471//1471 779//779 
f 779//779 1471//1471 1472//1472 
f 1471//1471 1473//1473 1472//1472 
f 1472//1472 1473//1473 778//778 
f 1473//1473 1473//1473 778//778 
f 778//778 1473//1473 777//777 
f 1473//1473 1473//1473 777//777 
f 777//777 1473//1473 776//776 
f 1473//1473 1473//1473 776//776 
f 776//776 1473//1473 775//775 
f 1473//1473 1471//1471 775//775 
f 775//775 1471//1471 774//774 
f 1471//1471 774//774 774//774 
f 774//774 774//774 1470//1470 
f 774//774 1470//1470 1470//1470 
f 1470//1470 1470//1470 1465//1465 
f 1470//1470 1466//1466 1465//1465 
f 1465//1465 1466//1466 1466//1466 
f 1466//1466 779//779 1466//1466 
f 1466//1466 779//779 779//779 
f 779//779 1472//1472 779//779 
f 779//779 1472//1472 778//778 
f 1472//1472 778//778 778//778 
f 778//778 778//778 68//68 
f 778//778 68//68 68//68 
f 68//68 68//68 1474//1474 
f 68//68 1475//1475 1474//1474 
f 1474//1474 1475//1475 1476//1476 
f 1475//1475 1477//1477 1476//1476 
f 1476//1476 1477//1477 1477//1477 
f 1477//1477 1474//1474 1477//1477 
f 1477//1477 1474//1474 1474//1474 
f 1474//1474 1476//1476 1474//1474 
f 1474//1474 1476//1476 1478//1478 
f 1476//1476 1479//1479 1478//1478 
f 1478//1478 1479//1479 1480//1480 
f 1479//1479 1481//1481 1480//1480 
f 1480//1480 1481//1481 1482//1482 
f 1481//1481 1481//1481 1482//1482 
f 1482//1482 1481//1481 1483//1483 
f 1481//1481 1484//1484 1483//1483 
f 1483//1483 1484//1484 1485//1485 
f 1484//1484 1486//1486 1485//1485 
f 1485//1485 1486//1486 1487//1487 
f 1486//1486 1488//1488 1487//1487 
f 1487//1487 1488//1488 1489//1489 
f 1488//1488 1489//1489 1489//1489 
f 1489//1489 1489//1489 1488//1488 
f 1489//1489 1488//1488 1488//1488 
f 1488//1488 1488//1488 1490//1490 
f 1488//1488 1486//1486 1490//1490 
f 1490//1490 1486//1486 1491//1491 
f 1486//1486 1484//1484 1491//1491 
f 1491//1491 1484//1484 1484//1484 
f 1484//1484 1490//1490 1484//1484 
f 1484//1484 1490//1490 1490//1490 
f 1490//1490 1491//1491 1490//1490 
f 1490//1490 1491//1491 1492//1492 
f 1491//1491 1493//1493 1492//1492 
f 1492//1492 1493//1493 1494//1494 
f 1493//1493 1493//1493 1494//1494 
f 1494//1494 1493//1493 1495//1495 
f 1493//1493 1496//1496 1495//1495 
f 1495//1495 1496//1496 1497//1497 
f 1496//1496 1498//1498 1497//1497 
f 1497//1497 1498//1498 1499//1499 
f 1498//1498 1500//1500 1499//1499 
f 1499//1499 1500//1500 1501//1501 
f 1500//1500 1501//1501 1501//1501 
f 1501//1501 1501//1501 1500//1500 
f 1501//1501 1500//1500 1500//1500 
f 1500//1500 1500//1500 1502//1502 
f 1500//1500 1498//1498 1502//1502 
f 1502//1502 1498//1498 1503//1503 
f 1498//1498 1496//1496 1503//1503 
f 1503//1503 1496//1496 1496//1496 
f 1496//1496 1502//1502 1496//1496 
f 1496//1496 1502//1502 1502//1502 
f 1502//1502 1503//1503 1502//1502 
f 1502//1502 1503//1503 1504//1504 
f 1503//1503 1505//1505 1504//1504 
f 1504//1504 1505//1505 1506//1506 
f 1505//1505 1505//1505 1506//1506 
f 1506//1506 1505//1505 1507//1507 
f 1505//1505 1508//1508 1507//1507 
f 1507//1507 1508//1508 1509//1509 
f 1508//1508 1510//1510 1509//1509 
f 1509//1509 1510//1510 1511//1511 
f 1510//1510 1512//1512 1511//1511 
f 1511//1511 1512//1512 281//281 
f 1512//1512 281//281 281//281 
f 281//281 281//281 1512//1512 
f 281//281 1512//1512 1512//1512 
f 1512//1512 1512//1512 1513//1513 
f 1512//1512 1510//1510 1513//1513 
f 1513//1513 1510//1510 1514//1514 
f 1510//1510 1508//1508 1514//1514 
f 1514//1514 1508//1508 1508//1508 
f 1508//1508 1513//1513 1508//1508 
f 1508//1508 1513//1513 1513//1513 
f 1513//1513 1514//1514 1513//1513 
f 1513//1513 1514//1514 1515//1515 
f 1514//1514 1516//1516 1515//1515 
f 1515//1515 1516//1516 1517//1517 
f 1516//1516 1516//1516 1517//1517 
f 1517//1517 1516//1516 1518//1518 
f 1516//1516 1519//1519 1518//1518 
f 1518//1518 1519//1519 1520//1520 
f 1519//1519 1521//1521 1520//1520 
f 1520//1520 1521//1521 1522//1522 
f 1521//1521 1523//1523 1522//1522 
f 1522//1522 1523//1523 1524//1524 
f 1523//1523 1524//1524 1524//1524 
f 1524//1524 1524//1524 1523//1523 
f 1524//1524 1523//1523 1523//1523 
f 1523//1523 1523//1523 1525//1525 
f 1523//1523 1521//1521 1525//1525 
f 1525//1525 1521//1521 1526//1526 
f 1521//1521 1519//1519 1526//1526 
f 1526//1526 1519//1519 1519//1519 
f 1519//1519 1525//1525 1519//1519 
f 1519//1519 1525//1525 1525//1525 
f 1525//1525 1526//1526 1525//1525 
f 1525//1525 1526//1526 1527//1527 
f 1526//1526 1528//1528 1527//1527 
f 1527//1527 1528//1528 1529//1529 
f 1528//1528 1528//1528 1529//1529 
f 1529//1529 1528//1528 1530//1530 
f 1528//1528 1531//1531 1530//1530 
f 1530//1530 1531//1531 1532//1532 
f 1531//1531 1533//1533 1532//1532 
f 1532//1532 1533//1533 1534//1534 
f 1533//1533 1535//1535 1534//1534 
f 1534//1534 1535//1535 1536//1536 
f 1535//1535 1536//1536 1536//1536 
f 1536//1536 1536//1536 1535//1535 
f 1536//1536 1535//1535 1535//1535 
f 1535//1535 1535//1535 1537//1537 
f 1535//1535 1533//1533 1537//1537 
f 1537//1537 1533//1533 1538//1538 
f 1533//1533 1531//1531 1538//1538 
f 1538//1538 1531//1531 1531//1531 
f 1531//1531 1537//1537 1531//1531 
f 1531//1531 1537//1537 1537//1537 
f 1537//1537 1538//1538 1537//1537 
f 1537//1537 1538//1538 1539//1539 
f 1538//1538 1540//1540 1539//1539 
f 1539//1539 1540//1540 1541//1541 
f 1540//1540 1540//1540 1541//1541 
f 1541//1541 1540//1540 1542//1542 
f 1540//1540 1543//1543 1542//1542 
f 1542//1542 1543//1543 1544//1544 
f 1543//1543 1545//1545 1544//1544 
f 1544//1544 1545//1545 1546//1546 
f 1545//1545 1547//1547 1546//1546 
f 1546//1546 1547//1547 233//233 
f 1547//1547 233//233 233//233 
f 233//233 233//233 1547//1547 
f 233//233 1547//1547 1547//1547 
f 1547//1547 1547//1547 1548//1548 
f 1547//1547 1545//1545 1548//1548 
f 1548//1548 1545//1545 1549//1549 
f 1545//1545 1543//1543 1549//1549 
f 1549//1549 1543//1543 1543//1543 
f 1543//1543 1548//1548 1543//1543 
f 1543//1543 1548//1548 1548//1548 
f 1548//1548 1549//1549 1548//1548 
f 1548//1548 1549//1549 1550//1550 
f 1549//1549 1551//1551 1550//1550 
f 1550//1550 1551//1551 1552//1552 
f 1551//1551 1551//1551 1552//1552 
f 1552//1552 1551//1551 1553//1553 
f 1551//1551 1554//1554 1553//1553 
f 1553//1553 1554//1554 1555//1555 
f 1554//1554 1556//1556 1555//1555 
f 1555//1555 1556//1556 1557//1557 
f 1556//1556 1558//1558 1557//1557 
f 1557//1557 1558//1558 217//217 
f 1558//1558 217//217 217//217 
f 217//217 217//217 1558//1558 
f 217//217 1558//1558 1558//1558 
f 1558//1558 1558//1558 1559//1559 
f 1558//1558 1556//1556 1559//1559 
f 1559//1559 1556//1556 1560//1560 
f 1556//1556 1554//1554 1560//1560 
f 1560//1560 1554//1554 1554//1554 
f 1554//1554 1559//1559 1554//1554 
f 1554//1554 1559//1559 1559//1559 
f 1559//1559 1560//1560 1559//1559 
f 1559//1559 1560//1560 1561//1561 
f 1560//1560 1562//1562 1561//1561 
f 1561//1561 1562//1562 1563//1563 
f 1562//1562 1562//1562 1563//1563 
f 1563//1563 1562//1562 1564//1564 
f 1562//1562 1565//1565 1564//1564 
f 1564//1564 1565//1565 1566//1566 
f 1565//1565 1567//1567 1566//1566 
f 1566//1566 1567//1567 1568//1568 
f 1567//1567 1569//1569 1568//1568 
f 1568//1568 1569//1569 201//201 
f 1569//1569 201//201 201//201 
f 201//201 201//201 1569//1569 
f 201//201 1569//1569 1569//1569 
f 1569//1569 1569//1569 1570//1570 
f 1569//1569 1567//1567 1570//1570 
f 1570//1570 1567//1567 1571//1571 
f 1567//1567 1565//1565 1571//1571 
f 1571//1571 1565//1565 1565//1565 
f 1565//1565 1570//1570 1565//1565 
f 1565//1565 1570//1570 1570//1570 
f 1570//1570 1571//1571 1570//1570 
f 1570//1570 1571//1571 1572//1572 
f 1571//1571 1573//1573 1572//1572 
f 1572//1572 1573//1573 1574//1574 
f 1573//1573 1573//1573 1574//1574 
f 1574//1574 1573//1573 1575//1575 
f 1573//1573 1576//1576 1575//1575 
f 1575//1575 1576//1576 1577//1577 
f 1576//1576 1578//1578 1577//1577 
f 1577//1577 1578//1578 1579//1579 
f 1578//1578 1580//1580 1579//1579 
f 1579//1579 1580//1580 185//185 
f 1580//1580 185//185 185//185 
f 185//185 185//185 1580//1580 
f 185//185 1580//1580 1580//1580 
f 1580//1580 1580//1580 1581//1581 
f 1580//1580 1578//1578 1581//1581 
f 1581//1581 1578//1578 1582//1582 
f 1578//1578 1576//1576 1582//1582 
f 1582//1582 1576//1576 1576//1576 
f 1576//1576 1581//1581 1576//1576 
f 1576//1576 1581//1581 1581//1581 
f 1581//1581 1582//1582 1581//1581 
f 1581//1581 1582//1582 1583//1583 
f 1582//1582 1584//1584 1583//1583 
f 1583//1583 1584//1584 1585//1585 
f 1584//1584 1584//1584 1585//1585 
f 1585//1585 1584//1584 1586//1586 
f 1584//1584 1587//1587 1586//1586 
f 1586//1586 1587//1587 1588//1588 
f 1587//1587 1589//1589 1588//1588 
f 1588//1588 1589//1589 1590//1590 
f 1589//1589 1591//1591 1590//1590 
f 1590//1590 1591//1591 169//169 
f 1591//1591 169//169 169//169 
f 169//169 169//169 1591//1591 
f 169//169 1591//1591 1591//1591 
f 1591//1591 1591//1591 1592//1592 
f 1591//1591 1589//1589 1592//1592 
f 1592//1592 1589//1589 1593//1593 
f 1589//1589 1587//1587 1593//1593 
f 1593//1593 1587//1587 1587//1587 
f 1587//1587 1592//1592 1587//1587 
f 1587//1587 1592//1592 1592//1592 
f 1592//1592 1593//1593 1592//1592 
f 1592//1592 1593//1593 1594//1594 
f 1593//1593 1595//1595 1594//1594 
f 1594//1594 1595//1595 1596//1596 
f 1595//1595 1595//1595 1596//1596 
f 1596//1596 1595//1595 1597//1597 
f 1595//1595 1598//1598 1597//1597 
f 1597//1597 1598//1598 1599//1599 
f 1598//1598 1600//1600 1599//1599 
f 1599//1599 1600//1600 1601//1601 
f 1600//1600 1602//1602 1601//1601 
f 1601//1601 1602//1602 153//153 
f 1602//1602 153//153 153//153 
f 153//153 153//153 1602//1602 
f 153//153 1602//1602 1602//1602 
f 1602//1602 1602//1602 1603//1603 
f 1602//1602 1600//1600 1603//1603 
f 1603//1603 1600//1600 1604//1604 
f 1600//1600 1598//1598 1604//1604 
f 1604//1604 1598//1598 1598//1598 
f 1598//1598 1603//1603 1598//1598 
f 1598//1598 1603//1603 1603//1603 
f 1603//1603 1604//1604 1603//1603 
f 1603//1603 1604//1604 1605//1605 
f 1604//1604 1606//1606 1605//1605 
f 1605//1605 1606//1606 1607//1607 
f 1606//1606 1606//1606 1607//1607 
f 1607//1607 1606//1606 1608//1608 
f 1606//1606 1609//1609 1608//1608 
f 1608//1608 1609//1609 1610//1610 
f 1609//1609 1611//1611 1610//1610 
f 1610//1610 1611//1611 1612//1612 
f 1611//1611 1613//1613 1612//1612 
f 1612//1612 1613//1613 137//137 
f 1613//1613 137//137 137//137 
f 137//137 137//137 1613//1613 
f 137//137 1613//1613 1613//1613 
f 1613//1613 1613//1613 1614//1614 
f 1613//1613 1611//1611 1614//1614 
f 1614//1614 1611//1611 1615//1615 
f 1611//1611 1609//1609 1615//1615 
f 1615//1615 1609//1609 1609//1609 
f 1609//1609 1614//1614 1609//1609 
f 1609//1609 1614//1614 1614//1614 
f 1614//1614 1615//1615 1614//1614 
f 1614//1614 1615//1615 1616//1616 
f 1615//1615 1617//1617 1616//1616 
f 1616//1616 1617//1617 1618//1618 
f 1617//1617 1617//1617 1618//1618 
f 1618//1618 1617//1617 1619//1619 
f 1617//1617 1620//1620 1619//1619 
f 1619//1619 1620//1620 1621//1621 
f 1620//1620 1622//1622 1621//1621 
f 1621//1621 1622//1622 1623//1623 
f 1622//1622 1624//1624 1623//1623 
f 1623//1623 1624//1624 121//121 
f 1624//1624 121//121 121//121 
f 121//121 121//121 1624//1624 
f 121//121 1624//1624 1624//1624 
f 1624//1624 1624//1624 1625//1625 
f 1624//1624 1622//1622 1625//1625 
f 1625//1625 1622//1622 1626//1626 
f 1622//1622 1620//1620 1626//1626 
f 1626//1626 1620//1620 1620//1620 
f 1620//1620 1625//1625 1620//1620 
f 1620//1620 1625//1625 1625//1625 
f 1625//1625 1626//1626 1625//1625 
f 1625//1625 1626//1626 1627//1627 
f 1626//1626 1628//1628 1627//1627 
f 1627//1627 1628//1628 1629//1629 
f 1628//1628 1628//1628 1629//1629 
f 1629//1629 1628//1628 1630//1630 
f 1628//1628 1631//1631 1630//1630 
f 1630//1630 1631//1631 1632//1632 
f 1631//1631 1633//1633 1632//1632 
f 1632//1632 1633//1633 1634//1634 
f 1633//1633 1635//1635 1634//1634 
f 1634//1634 1635//1635 99//99 
f 1635//1635 99//99 99//99 
f 99//99 99//99 1635//1635 
f 99//99 1635//1635 1635//1635 
f 1635//1635 1635//1635 1636//1636 
f 1635//1635 1633//1633 1636//1636 
f 1636//1636 1633//1633 1637//1637 
f 1633//1633 1631//1631 1637//1637 
f 1637//1637 1631//1631 1631//1631 
f 1631//1631 1636//1636 1631//1631 
f 1631//1631 1636//1636 1636//1636 
f 1636//1636 1637//1637 1636//1636 
f 1636//1636 1637//1637 1638//1638 
f 1637//1637 1639//1639 1638//1638 
f 1638//1638 1639//1639 1640//1640 
f 1639//1639 1639//1639 1640//1640 
f 1640//1640 1639//1639 1641//1641 
f 1639//1639 1642//1642 1641//1641 
f 1641//1641 1642//1642 1643//1643 
f 1642//1642 1644//1644 1643//1643 
f 1643//1643 1644//1644 1645//1645 
f 1644//1644 1646//1646 1645//1645 
f 1645//1645 1646//1646 45//45 
f 1646//1646 45//45 45//45 
f 45//45 45//45 1646//1646 
f 45//45 1646//1646 1646//1646 
f 1646//1646 1646//1646 1647//1647 
f 1646//1646 1644//1644 1647//1647 
f 1647//1647 1644//1644 1648//1648 
f 1644//1644 1642//1642 1648//1648 
f 1648//1648 1642//1642 1642//1642 
f 1642//1642 1647//1647 1642//1642 
f 1642//1642 1647//1647 1647//1647 
f 1647//1647 1648//1648 1647//1647 
f 1647//1647 1648//1648 1649//1649 
f 1648//1648 1650//1650 1649//1649 
f 1649//1649 1650//1650 1651//1651 
f 1650//1650 1650//1650 1651//1651 
f 1651//1651 1650//1650 1652//1652 
f 1650//1650 1653//1653 1652//1652 
f 1652//1652 1653//1653 1477//1477 
f 1653//1653 1653//1653 1477//1477 
f 1477//1477 1653//1653 1476//1476 
f 1653//1653 1653//1653 1476//1476 
f 1476//1476 1653//1653 1479//1479 
f 1653//1653 1654//1654 1479//1479 
f 1479//1479 1654//1654 1481//1481 
f 1654//1654 1654//1654 1481//1481 
f 1481//1481 1654//1654 1484//1484 
f 1654//1654 1654//1654 1484//1484 
f 1484//1484 1654//1654 1491//1491 
f 1654//1654 1654//1654 1491//1491 
f 1491//1491 1654//1654 1493//1493 
f 1654//1654 1654//1654 1493//1493 
f 1493//1493 1654//1654 1496//1496 
f 1654//1654 1654//1654 1496//1496 
f 1496//1496 1654//1654 1503//1503 
f 1654//1654 1654//1654 1503//1503 
f 1503//1503 1654//1654 1505//1505 
f 1654//1654 1654//1654 1505//1505 
f 1505//1505 1654//1654 1508//1508 
f 1654//1654 1654//1654 1508//1508 
f 1508//1508 1654//1654 1514//1514 
f 1654//1654 1654//1654 1514//1514 
f 1514//1514 1654//1654 1516//1516 
f 1654//1654 1654//1654 1516//1516 
f 1516//1516 1654//1654 1519//1519 
f 1654//1654 1654//1654 1519//1519 
f 1519//1519 1654//1654 1526//1526 
f 1654//1654 1654//1654 1526//1526 
f 1526//1526 1654//1654 1528//1528 
f 1654//1654 1654//1654 1528//1528 
f 1528//1528 1654//1654 1531//1531 
f 1654//1654 1654//1654 1531//1531 
f 1531//1531 1654//1654 1538//1538 
f 1654//1654 1654//1654 1538//1538 
f 1538//1538 1654//1654 1540//1540 
f 1654//1654 1654//1654 1540//1540 
f 1540//1540 1654//1654 1543//1543 
f 1654//1654 1654//1654 1543//1543 
f 1543//1543 1654//1654 1549//1549 
f 1654//1654 1654//1654 1549//1549 
f 1549//1549 1654//1654 1551//1551 
f 1654//1654 1654//1654 1551//1551 
f 1551//1551 1654//1654 1554//1554 
f 1654//1654 1654//1654 1554//1554 
f 1554//1554 1654//1654 1560//1560 
f 1654//1654 1654//1654 1560//1560 
f 1560//1560 1654//1654 1562//1562 
f 1654//1654 1654//1654 1562//1562 
f 1562//1562 1654//1654 1565//1565 
f 1654//1654 1654//1654 1565//1565 
f 1565//1565 1654//1654 1571//1571 
f 1654//1654 1654//1654 1571//1571 
f 1571//1571 1654//1654 1573//1573 
f 1654//1654 1654//1654 1573//1573 
f 1573//1573 1654//1654 1576//1576 
f 1654//1654 1654//1654 1576//1576 
f 1576//1576 1654//1654 1582//1582 
f 1654//1654 1654//1654 1582//1582 
f 1582//1582 1654//1654 1584//1584 
f 1654//1654 1654//1654 1584//1584 
f 1584//1584 1654//1654 1587//1587 
f 1654//1654 1654//1654 1587//1587 
f 1587//1587 1654//1654 1593//1593 
f 1654//1654 1654//1654 1593//1593 
f 1593//1593 1654//1654 1595//1595 
f 1654//1654 1654//1654 1595//1595 
f 1595//1595 1654//1654 1598//1598 
f 1654//1654 1654//1654 1598//1598 
f 1598//1598 1654//1654 1604//1604 
f 1654//1654 1654//1654 1604//1604 
f 1604//1604 1654//1654 1606//1606 
f 1654//1654 1654//1654 1606//1606 
f 1606//1606 1654//1654 1609//1609 
f 1654//1654 1654//1654 1609//1609 
f 1609//1609 1654//1654 1615//1615 
f 1654//1654 1654//1654 1615//1615 
f 1615//1615 1654//1654 1617//1617 
f 1654//1654 1654//1654 1617//1617 
f 1617//1617 1654//1654 1620//1620 
f 1654//1654 1654//1654 1620//1620 
f 1620//1620 1654//1654 1626//1626 
f 1654//1654 1654//1654 1626//1626 
f 1626//1626 1654//1654 1628//1628 
f 1654//1654 1654//1654 1628//1628 
f 1628//1628 1654//1654 1631//1631 
f 1654//1654 1654//1654 1631//1631 
f 1631//1631 1654//1654 1637//1637 
f 1654//1654 1654//1654 1637//1637 
f 1637//1637 1654//1654 1639//1639 
f 1654//1654 1654//1654 1639//1639 
f 1639//1639 1654//1654 1642//1642 
f 1654//1654 1654//1654 1642//1642 
f 1642//1642 1654//1654 1648//1648 
f 1654//1654 1654//1654 1648//1648 
f 1648//1648 1654//1654 1650//1650 
f 1654//1654 1653//1653 1650//1650 

