mtllib model_0.mtl
o model_0
v -1902077.125 -18115006 44150932 
v -2017355.875 -18114766 44214308 
v -1998634.25 -18169824 44165016 
v -2110963.75 -18155670 44233084 
v -2099679.5 -18214204 44186140 
v -2206879.75 -18186736 44258904 
v -2203545.75 -18247550 44211960 
v -2088267 -18279216 44127460 
v -1978758.625 -18231118 44103988 
v -1958370 -18295290 44038268 
v -1844758.25 -18230878 44019492 
v -1873738.25 -18171742 44087560 
v -1737301.5 -18155070 44010104 
v -1774488.25 -18101692 44078172 
v -1810520.875 -18050594 44141544 
v -1927979.5 -18064028 44200224 
v -1949906.875 -18021806 44240128 
v -2033512.875 -18069306 44251864 
v -2120837.5 -18107690 44270640 
v -2210855 -18136598 44291764 
v -2304462.75 -18207128 44287072 
v -2308951 -18269860 44242476 
v -2200981.25 -18315562 44155628 
v -2077239.25 -18347348 44061740 
v -1939135.5 -18358744 43967852 
v -1816675.875 -18289412 43949076 
v -1700884.25 -18207728 43937340 
v -1667288 -18256666 43866924 
v -1791158.125 -18343990 43878660 
v -1922081 -18418118 43897436 
v -2067109.125 -18414880 43993672 
v -2199057.75 -18386692 44092252 
v -2315234.25 -18339672 44188488 
v -2414740.75 -18280416 44280028 
v -2402302.25 -18217084 44319932 
v -2302026.5 -18155790 44319932 
v -2214958.25 -18096414 44317584 
v -2130454.75 -18069066 44294112 
v -2048002.875 -18032722 44277680 
v -1968884.875 -17987620 44265944 
v -1893613.875 -17934484 44258904 
v -1870660.75 -17966030 44230740 
v -1843219.5 -18004414 44193184 
v -1725632.625 -17977426 44139196 
v -1682419.125 -18022286 44075824 
v -1637538.625 -18069066 44007756 
v -1593171 -18115006 43934992 
v -1552265.625 -18157588 43862228 
v -1514694.25 -18196692 43789468 
v -1636512.75 -18301768 43794160 
v -1767948.5 -18394368 43805896 
v -1906949.875 -18473174 43827020 
v -2058517.75 -18478092 43925604 
v -2198544.75 -18457222 44026532 
v -2323056.25 -18412840 44129808 
v -2430000 -18351186 44228392 
v -2519248 -18279216 44319932 
v -2498987.75 -18215884 44357488 
v -2393582.75 -18165146 44350444 
v -2300744.25 -18114406 44341056 
v -2218805.25 -18064868 44334016 
v -2139815.5 -18039080 44312888 
v -2062108.125 -18004174 44296460 
v -1985939.5 -17960152 44287072 
v -1912848.375 -17908094 44280028 
v -1844501.875 -17849680 44277680 
v -1823600.375 -17874270 44256556 
v -1797185 -17902696 44228392 
v -1764742.75 -17936522 44190836 
v -1648181.75 -17896220 44141544 
v -1598428.5 -17934364 44080516 
v -1546495.25 -17973706 44012448 
v -1495331.5 -18012330 43939688 
v -1447501.75 -18047836 43866924 
v -1403518.875 -18080222 43794160 
v -1363126.375 -18109370 43723744 
v -1480456.875 -18232196 43716704 
v -1609071.5 -18343150 43721396 
v -1747560 -18440668 43735480 
v -1893998.625 -18523672 43756604 
v -2051978 -18536748 43857536 
v -2199186 -18523314 43960812 
v -2331904 -18485410 44066436 
v -2447311 -18425314 44172060 
v -2543355.25 -18349866 44272988 
v -2621191 -18266262 44364528 
v -2593493.25 -18203888 44399736 
v -2483984.75 -18163946 44385652 
v -2386914.75 -18122924 44371568 
v -2299077.25 -18081540 44357488 
v -2222011 -18041238 44343404 
v -2149176.25 -18016888 44326972 
v -2076469.875 -17982702 44312888 
v -2002096.5 -17938322 44301152 
v -1929133.625 -17886024 44294112 
v -1860402.375 -17827848 44291764 
v -1798852 -17766076 44294112 
v -1782695 -17786106 44280028 
v -1759870 -17807818 44258904 
v -1730248.875 -17832526 44233084 
v -1693062.25 -17861554 44193184 
v -1579578.625 -17808058 44150932 
v -1523926.875 -17838764 44089908 
v -1465710.375 -17870190 44021840 
v -1408135.125 -17900658 43951424 
v -1354535 -17928606 43881008 
v -1304781.75 -17953676 43808244 
v -1259131.875 -17975986 43737828 
v -1217713.625 -17995298 43667412 
v -1326837.25 -18135278 43650984 
v -1449681.625 -18264104 43646288 
v -1584579.625 -18380334 43650984 
v -1729864.25 -18482650 43665064 
v -1883483.75 -18569614 43688536 
v -2046977 -18590844 43789468 
v -2200981.25 -18584728 43895088 
v -2341777.75 -18553420 44003060 
v -2465776.25 -18498844 44113380 
v -2570155.5 -18423756 44219004 
v -2654274.25 -18335712 44319932 
v -2719928 -18241792 44411472 
v -2684664.75 -18181338 44444332 
v -2572463.5 -18152790 44425556 
v -2472572.25 -18121604 44404432 
v -2380503.25 -18088858 44385652 
v -2296256 -18055992 44366876 
v -2224447.25 -18024206 44352792 
v -2159306.5 -18001534 44336360 
v -2091985.75 -17967590 44324624 
v -2018381.75 -17921410 44315236 
v -1943367.125 -17866592 44308196 
v -1872071.25 -17807098 44305848 
v -1808853.875 -17746644 44305848 
v -1758972.375 -17688948 44310544 
v -1747303.5 -17703102 44301152 
v -1729094.875 -17718576 44287072 
v -1703705.25 -17735968 44268292 
v -1670622 -17756240 44240128 
v -1629460.125 -17779990 44202572 
v -1520079.875 -17714138 44167364 
v -1459427.125 -17736808 44108684 
v -1395953.25 -17759838 44040616 
v -1333120.625 -17781788 43972548 
v -1274263 -17801460 43902132 
v -1219637 -17818852 43831716 
v -1169370.875 -17833726 43761300 
v -1123464.5 -17846202 43693232 
v -1082302.75 -17856156 43622816 
v -1180655.125 -18011730 43596996 
v -1294523.375 -18157708 43580568 
v -1422625.125 -18292052 43575872 
v -1563293.375 -18413320 43580568 
v -1714861.25 -18520074 43594648 
v -1875148.75 -18610876 43618120 
v -2043771.25 -18640024 43721396 
v -2204315.25 -18641462 43827020 
v -2352420.75 -18616754 43939688 
v -2484754.25 -18567814 44052352 
v -2598237.75 -18497284 44165016 
v -2690050.5 -18408642 44272988 
v -2761089.75 -18309204 44373916 
v -2813536 -18206168 44463108 
v -2771220 -18148352 44491276 
v -2657736.5 -18131680 44465456 
v -2556691.25 -18110808 44441984 
v -2463083.25 -18087058 44418512 
v -2372937.75 -18061630 44392696 
v -2290870.5 -18036560 44371568 
v -2226242.5 -18012450 44357488 
v -2169436.75 -17991460 44343404 
v -2107501.5 -17957394 44334016 
v -2033897.5 -17908334 44324624 
v -1955549 -17850160 44319932 
v -1879893.25 -17788266 44315236 
v -1814239.5 -17728412 44315236 
v -1765640.375 -17676354 44317584 
v -1730761.75 -17625734 44324624 
v -1719990.5 -17630652 44319932 
v -1704859.375 -17637490 44310544 
v -1683573.125 -17647206 44298808 
v -1655362.625 -17659680 44280028 
v -1619330 -17674914 44254208 
v -1574449.5 -17693146 44216656 
v -1470839.625 -17615660 44188488 
v -1406083.5 -17629932 44132156 
v -1338121.5 -17644086 44066436 
v -1270672.625 -17657042 43998368 
v -1207583.375 -17668196 43930296 
v -1148854.125 -17677312 43862228 
v -1094741 -17684630 43794160 
v -1045244.25 -17689788 43726092 
v -1000748.4375 -17693026 43660372 
v -961253.5625 -17694226 43592304 
v -1046013.625 -17863594 43557096 
v -1148084.75 -18025044 43528928 
v -1266184.5 -18176660 43512496 
v -1399287.25 -18316162 43505456 
v -1545469.5 -18441988 43510152 
v -1702679.5 -18552820 43526580 
v -1868993.75 -18647100 43550052 
v -2042232.5 -18684164 43653328 
v -2208546.75 -18693160 43761300 
v -2363961.5 -18675048 43876312 
v -2504117 -18631986 43991324 
v -2626192 -18566134 44106336 
v -2727493.5 -18480852 44221348 
v -2805970.25 -18379854 44329320 
v -2862648 -18270700 44427904 
v -2900860.5 -18159508 44514748 
v -2852133.25 -18105290 44538220 
v -2738649.5 -18100852 44510052 
v -2637860.75 -18090896 44481888 
v -2544894 -18076384 44453720 
v -2453979 -18058510 44425556 
v -2362679.25 -18039558 44397388 
v -2284459 -18022046 44376264 
v -2227653 -18004654 44359832 
v -2178669.25 -17985222 44348096 
v -2121863.25 -17950676 44341056 
v -2047618.125 -17898738 44334016 
v -1965679.125 -17836726 44326972 
v -1885407.25 -17772072 44322280 
v -1816804.125 -17712578 44319932 
v -1769102.625 -17665558 44322280 
v -1737686.25 -17622256 44326972 
v -1717425.875 -17573916 44338708 
v -1705885.25 -17570438 44338708 
v -1690625.875 -17568040 44334016 
v -1671006.625 -17568040 44326972 
v -1646386.5 -17572118 44315236 
v -1615354.75 -17579554 44298808 
v -1576757.625 -17589750 44272988 
v -1528927.75 -17601984 44237780 
v -1432370.625 -17513822 44216656 
v -1364152.25 -17519460 44160324 
v -1292856.375 -17524378 44099296 
v -1221945.125 -17528096 44033576 
v -1155393.75 -17530376 43967852 
v -1093587 -17531094 43902132 
v -1036396.375 -17530376 43834064 
v -983950.3125 -17528096 43768340 
v -936889.875 -17524378 43704968 
v -895086.875 -17519100 43639248 
v -858413.125 -17512382 43575872 
v -927016.1875 -17693386 43526580 
v -1014597.25 -17868512 43489028 
v -1120002.375 -18035360 43460860 
v -1242205.5 -18192014 43444428 
v -1379539.875 -18336192 43437388 
v -1530723 -18466338 43442084 
v -1693318.625 -18580888 43458512 
v -1865275.125 -18678408 43484332 
v -2042617.125 -18723268 43585260 
v -2214445.25 -18739702 43695580 
v -2376015.25 -18728426 43810592 
v -2523864.25 -18691242 43930296 
v -2654274.25 -18630188 44050004 
v -2764423.75 -18548622 44167364 
v -2852261.5 -18450024 44280028 
v -2915863.5 -18338112 44388000 
v -2957410 -18220082 44484236 
v -2981004.25 -18102892 44568732 
v -2926378.25 -18052754 44589860 
v -2814305.25 -18060550 44554652 
v -2714798.75 -18061750 44521788 
v -2624012 -18057072 44491276 
v -2535661.5 -18047356 44460764 
v -2443336 -18034400 44432596 
v -2351010.25 -18022166 44399736 
v -2278304 -18011730 44376264 
v -2228935.25 -17999376 44359832 
v -2186491.25 -17981144 44350444 
v -2133532.25 -17946238 44343404 
v -2058774.125 -17891542 44338708 
v -1973501.25 -17826290 44331668 
v -1889254.125 -17759358 44326972 
v -1817958.25 -17699864 44324624 
v -1771154.25 -17657042 44322280 
v -1742430.75 -17619618 44326972 
v -1725889.125 -17576796 44338708 
v -1714989.5 -17517540 44359832 
v -1703448.875 -17511664 44359832 
v -1687804.75 -17504466 44357488 
v -1668313.75 -17497750 44352792 
v -1644976 -17493432 44345752 
v -1617406.5 -17493312 44336360 
v -1584194.875 -17496430 44319932 
v -1543417.75 -17501588 44296460 
v -1493279.875 -17507704 44261252 
v -1405314.125 -17409826 44247168 
v -1334915.75 -17406708 44195532 
v -1261055.375 -17402150 44136852 
v -1187707.75 -17396512 44073476 
v -1118848.25 -17389676 44010104 
v -1054733.25 -17381878 43946728 
v -995234.5 -17372882 43883352 
v -941121.5 -17363046 43819980 
v -892137.625 -17352132 43756604 
v -848539.4375 -17340256 43695580 
v -810326.875 -17327542 43632204 
v -777884.6875 -17313988 43571176 
v -827381.4375 -17504226 43512496 
v -897779.75 -17690628 43463208 
v -988053.625 -17870790 43423304 
v -1096664.5 -18042678 43395140 
v -1222458.125 -18203888 43378708 
v -1363895.75 -18352266 43371668 
v -1519438.75 -18486248 43376360 
v -1686778.875 -18604278 43392792 
v -1863864.5 -18704556 43418612 
v -2044668.875 -18757094 43521888 
v -2221241.5 -18780844 43632204 
v -2388838.25 -18776406 43747216 
v -2543740 -18745338 43869272 
v -2682228.5 -18689322 43991324 
v -2800969.5 -18611596 44113380 
v -2897783 -18515516 44233084 
v -2970617.75 -18404804 44345752 
v -3018575.75 -18283296 44449028 
v -3044478.25 -18158428 44542916 
v -3053197.75 -18036560 44625064 
v -2993186.25 -17991460 44639148 
v -2883806 -18011250 44601596 
v -2786094.75 -18023966 44566388 
v -2698385.5 -18029722 44531180 
v -2615036 -18028524 44500664 
v -2527711.25 -18022046 44470152 
v -2432564.5 -18014490 44434944 
v -2340367.25 -18008852 44399736 
v -2273687.75 -18004294 44373916 
v -2230730.5 -17995298 44357488 
v -2191877 -17977666 44348096 
v -2141482.5 -17942640 44343404 
v -2066339.75 -17886384 44338708 
v -1979015.125 -17819092 44331668 
v -1892588.125 -17750722 44326972 
v -1819625.25 -17691346 44322280 
v -1773077.75 -17650924 44322280 
v -1746149.375 -17617098 44324624 
v -1731787.625 -17577636 44336360 
v -1722811.5 -17520060 44357488 
v -1712553.125 -17432138 44388000 
v -1703833.5 -17430818 44390348 
v -1690497.625 -17426860 44390348 
v -1672930.125 -17421582 44385652 
v -1651387.5 -17416304 44380960 
v -1625869.625 -17412346 44371568 
v -1596761.5 -17410906 44362180 
v -1562139.375 -17411026 44345752 
v -1519951.75 -17411506 44324624 
v -1468275 -17411506 44291764 
v -1389798.25 -17305112 44284724 
v -1317989.5 -17292996 44235432 
v -1242846.625 -17279082 44179100 
v -1167960.375 -17263848 44120420 
v -1097818.5 -17247896 44061740 
v -1032421.25 -17231342 44000712 
v -971896.6875 -17214190 43939688 
v -916501.3125 -17196678 43878660 
v -866363.375 -17178564 43817632 
v -821739.3125 -17160092 43758952 
v -782885.625 -17141380 43697924 
v -749545.875 -17122188 43639248 
v -722232.875 -17102998 43580568 
v -751212.8125 -17299474 43512496 
v -801991.9375 -17494630 43451472 
v -874441.875 -17685710 43399832 
v -966767.5 -17870550 43359932 
v -1078071.125 -18046756 43331764 
v -1206942.25 -18212046 43312988 
v -1352226.875 -18364260 43305944 
v -1511616.75 -18501602 43310640 
v -1683316.75 -18622510 43327068 
v -1864762.125 -18725428 43355236 
v -2048644 -18785642 43456164 
v -2229320 -18816588 43566484 
v -2402430.5 -18818988 43686188 
v -2563872 -18794158 43808244 
v -2709669.75 -18743300 43932644 
v -2836873.75 -18669770 44059392 
v -2942535.25 -18576570 44181448 
v -3024474.25 -18467296 44301152 
v -3081408.5 -18345908 44411472 
v -3112953 -18216484 44512400 
v -3122698.5 -18086578 44603940 
v -3116158.75 -17961832 44679052 
v -3051402.5 -17922248 44690788 
v -2946125.75 -17954036 44648536 
v -2851492 -17977786 44608636 
v -2766347.25 -17994458 44571080 
v -2688640 -18002854 44538220 
v -2609778.5 -18003334 44507708 
v -2520915 -18000576 44474844 
v -2422947.25 -17998536 44437292 
v -2331904 -17999016 44399736 
v -2271507.75 -17998896 44371568 
v -2233551.75 -17991100 44350444 
v -2196493.25 -17973946 44343404 
v -2147381 -17938682 44338708 
v -2071981.875 -17881706 44334016 
v -1983759.625 -17813454 44326972 
v -1896050.25 -17744364 44322280 
v -1822318 -17684990 44317584 
v -1776155.25 -17645766 44315236 
v -1749996.25 -17613740 44319932 
v -1736532.125 -17575956 44329320 
v -1728838.375 -17519220 44350444 
v -1718964.625 -17430938 44383304 
v -1708834.5 -17326462 44420860 
v -1702423 -17329220 44427904 
v -1693446.875 -17330300 44427904 
v -1679982.75 -17330660 44425556 
v -1662158.75 -17330300 44420860 
v -1640231.375 -17329460 44411472 
v -1614329 -17328262 44402084 
v -1584707.875 -17326942 44392696 
v -1549444.625 -17324782 44376264 
v -1506487.5 -17320824 44355140 
v -1453913.25 -17314468 44326972 
v -1385951.375 -17200756 44326972 
v -1314014.25 -17179884 44280028 
v -1238358.625 -17156494 44228392 
v -1163215.875 -17131784 44172060 
v -1092689.375 -17106836 44115724 
v -1026907.3125 -17081646 44059392 
v -966126.3125 -17056336 44003060 
v -910346.25 -17031028 43944380 
v -860208.3125 -17005958 43888048 
v -815327.8125 -16980888 43829368 
v -775961.25 -16955940 43773036 
v -742621.4375 -16931470 43714356 
v -715052 -16907360 43658024 
v -693381.125 -16883610 43604040 
v -700690.25 -17083446 43524232 
v -730439.5625 -17284360 43453820 
v -782244.5 -17483716 43390444 
v -855976.75 -17678872 43338804 
v -950482.25 -17867672 43298904 
v -1064222.25 -18047716 43268392 
v -1196042.75 -18216604 43249612 
v -1344404.875 -18372178 43242572 
v -1507385.125 -18512398 43247264 
v -1682419.125 -18636066 43263696 
v -1868096.125 -18741020 43291864 
v -2054286.125 -18808552 43392792 
v -2238552.5 -18846816 43503108 
v -2416792.25 -18856052 43622816 
v -2584132.5 -18837340 43747216 
v -2736982.5 -18791998 43876312 
v -2872008.75 -18722788 44005408 
v -2986005.25 -18632826 44132156 
v -3076792 -18525472 44254208 
v -3142830.5 -18404324 44371568 
v -3182966.5 -18273940 44479540 
v -3197456.5 -18138756 44578124 
v -3191045 -18005494 44662620 
v -3169117.75 -17879068 44733036 
v -3100386.5 -17845722 44740080 
v -3000751.75 -17889262 44697828 
v -2910093 -17923928 44653232 
v -2827641.25 -17951516 44613332 
v -2753524.25 -17970828 44575776 
v -2684664.75 -17979584 44547608 
v -2607726.75 -17981864 44514748 
v -2515785.75 -17983062 44479540 
v -2416023 -17986662 44434944 
v -2327672.5 -17992178 44395040 
v -2272533.5 -17994098 44364528 
v -2238296.25 -17985822 44338708 
v -2201878.75 -17968668 44331668 
v -2153151.5 -17933404 44326972 
v -2077624 -17876188 44322280 
v -1989145.25 -17807578 44315236 
v -1900923 -17738246 44310544 
v -1827062.5 -17678872 44305848 
v -1780899.75 -17640008 44303500 
v -1754997.25 -17608582 44308196 
v -1742046 -17571398 44317584 
v -1734480.5 -17515022 44338708 
v -1724735 -17426380 44371568 
v -1714733 -17321664 44409124 
v -1705628.75 -17216948 44449028 
v -1699730.125 -17222346 44460764 
v -1693575.125 -17226304 44465456 
v -1685111.875 -17230024 44465456 
v -1672801.875 -17234582 44460764 
v -1656132 -17239260 44453720 
v -1635486.875 -17242858 44446680 
v -1610482.125 -17244536 44434944 
v -1581373.875 -17243458 44425556 
v -1546238.875 -17238900 44411472 
v -1503281.75 -17230622 44392696 
v -1450451 -17218148 44364528 
v -1394029.875 -17098438 44371568 
v -1322605.75 -17068812 44329320 
v -1247719.375 -17036186 44280028 
v -1173346 -17002120 44230740 
v -1103588.875 -16968174 44176752 
v -1038448.0625 -16934588 44125116 
v -978308.1875 -16901242 44071128 
v -923169.25 -16868496 44017144 
v -873416 -16836230 43960812 
v -829048.4375 -16804684 43906824 
v -790323 -16773977 43852840 
v -757239.625 -16744110 43796508 
v -730054.875 -16715202 43742524 
v -708768.6875 -16687254 43688536 
v -693381.125 -16660625 43636900 
v -677737.0625 -16860460 43547704 
v -685174.375 -17064014 43467900 
v -715436.6875 -17268406 43395140 
v -768139.1875 -17471360 43331764 
v -843410.1875 -17670116 43280128 
v -939582.6875 -17862274 43237876 
v -1055374.375 -18045556 43207364 
v -1189503 -18217564 43188584 
v -1340429.75 -18375776 43181544 
v -1506359.25 -18518756 43186240 
v -1684727.25 -18644462 43202668 
v -1873481.75 -18751456 43233184 
v -2061467 -18826064 43331764 
v -2249067.5 -18871406 43442084 
v -2431538.75 -18887478 43561788 
v -2604392.75 -18875004 43688536 
v -2763911 -18835180 43817632 
v -2906118 -18770528 43949076 
v -3028321.25 -18684044 44080516 
v -3127699.5 -18578850 44207268 
v -3202329.25 -18458540 44331668 
v -3251313.25 -18327436 44444332 
v -3274266.25 -18190094 44549956 
v -3271701.75 -18050834 44641496 
v -3248492 -17915772 44721300 
v -3211561.75 -17789706 44787024 
v -3139624.75 -17762956 44789368 
v -3046529.75 -17817654 44744772 
v -2961257 -17862754 44697828 
v -2882395.5 -17900898 44655580 
v -2810458.5 -17931604 44615676 
v -2746471.75 -17951636 44582816 
v -2684664.75 -17960032 44554652 
v -2607598.5 -17964230 44521788 
v -2512836.5 -17969748 44479540 
v -2412689 -17978504 44432596 
v -2327672.5 -17986662 44388000 
v -2276637 -17988580 44352792 
v -2245605.25 -17978024 44319932 
v -2209316.25 -17960752 44312888 
v -2160588.75 -17925608 44308196 
v -2085061.25 -17868272 44303500 
v -1996326.125 -17799780 44296460 
v -1908232.125 -17730450 44291764 
v -1834371.625 -17671076 44287072 
v -1788208.875 -17632212 44284724 
v -1762434.625 -17600786 44289416 
v -1749355.125 -17563602 44298808 
v -1741789.625 -17507226 44319932 
v -1732172.375 -17418582 44350444 
v -1722170.375 -17313868 44390348 
v -1712937.875 -17209152 44430248 
v -1706141.625 -17120750 44463108 
v -1698832.5 -17128546 44481888 
v -1693190.375 -17134064 44493624 
v -1687676.5 -17138502 44498316 
v -1680495.625 -17143540 44498316 
v -1669980.75 -17150136 44495972 
v -1655747.25 -17156974 44488928 
v -1637410.375 -17162372 44479540 
v -1614585.375 -17164530 44470152 
v -1586887.75 -17162132 44460764 
v -1552650.375 -17154814 44449028 
v -1510206.25 -17141980 44430248 
v -1457760.125 -17123268 44406776 
v -1413905.5 -16999122 44420860 
v -1344276.625 -16961098 44380960 
v -1271185.5 -16919594 44338708 
v -1198607.25 -16876414 44291764 
v -1130517.125 -16833952 44242476 
v -1067043.375 -16792090 44193184 
v -1008570.4375 -16751067 44143892 
v -954713.875 -16711004 44092252 
v -906371.125 -16671900 44040616 
v -863157.625 -16634116 43988976 
v -825714.5 -16597652 43937340 
v -793785.1875 -16562507 43885700 
v -767369.8125 -16528921 43834064 
v -746981.25 -16497135 43782424 
v -732234.8125 -16466907 43730788 
v -723515.1875 -16438719 43679148 
v -683892.0625 -16635076 43585260 
v -668119.8125 -16837910 43496068 
v -675685.375 -17044342 43413916 
v -706204.125 -17251734 43341152 
v -759932.5 -17457686 43275432 
v -836101.125 -17659320 43223792 
v -933684.125 -17854358 43179196 
v -1051271 -18040278 43148684 
v -1187323.125 -18214804 43129904 
v -1340557.875 -18375416 43122864 
v -1508795.625 -18520314 43127560 
v -1689856.5 -18647940 43146336 
v -1881432 -18756494 43174504 
v -2070571.25 -18837940 43273084 
v -2260608.25 -18890118 43383404 
v -2446926.25 -18913028 43500760 
v -2624781.25 -18906910 43627512 
v -2790326.25 -18872724 43758952 
v -2939586 -18812870 43895088 
v -3069483 -18730106 44028880 
v -3176939.75 -18627428 44160324 
v -3260032.75 -18508320 44287072 
v -3317608 -18376976 44409124 
v -3348768 -18237834 44519444 
v -3354153.5 -18095336 44618024 
v -3333765 -17953676 44707216 
v -3294398.5 -17818732 44779980 
v -3242850 -17694826 44836312 
v -3168604.75 -17675154 44836312 
v -3083331.75 -17740286 44789368 
v -3004598.75 -17794742 44742424 
v -2930225.25 -17842602 44697828 
v -2860468 -17884464 44653232 
v -2798020 -17917330 44615676 
v -2743778.75 -17936522 44587512 
v -2687229.5 -17944200 44559344 
v -2608880.75 -17950796 44524136 
v -2511810.75 -17960752 44479540 
v -2412945.5 -17972388 44427904 
v -2331391.25 -17980904 44376264 
v -2283946 -17980664 44334016 
v -2256376.5 -17966510 44291764 
v -2219959.25 -17949358 44284724 
v -2171231.75 -17914092 44280028 
v -2095704.375 -17856876 44275336 
v -2007097.5 -17788266 44268292 
v -1919003.5 -17718936 44263600 
v -1845143 -17659560 44258904 
v -1798852 -17620696 44256556 
v -1773077.75 -17589390 44261252 
v -1760126.5 -17552086 44270640 
v -1752560.875 -17495710 44291764 
v -1742943.625 -17407068 44324624 
v -1732813.5 -17302352 44362180 
v -1723580.875 -17197756 44402084 
v -1716913 -17109234 44434944 
v -1714091.875 -17053098 44458416 
v -1703320.625 -17064494 44486580 
v -1696011.5 -17072290 44505360 
v -1690625.875 -17077688 44517096 
v -1685881.25 -17081406 44521788 
v -1680239.25 -17084644 44524136 
v -1672417.125 -17088724 44521788 
v -1661645.875 -17092082 44517096 
v -1646771.125 -17093402 44512400 
v -1627023.75 -17091722 44505360 
v -1601377.75 -17085364 44498316 
v -1568679.125 -17073850 44486580 
v -1527389 -17056096 44472500 
v -1476225.25 -17031508 44451372 
v -1445321.875 -16904242 44470152 
v -1378385.75 -16858182 44437292 
v -1308115.75 -16808042 44397388 
v -1238358.625 -16756344 44355140 
v -1172961.25 -16705486 44312888 
v -1112180.25 -16655827 44265944 
v -1055887.375 -16607368 44221348 
v -1004595.3125 -16560228 44174404 
v -958432.5 -16514767 44125116 
v -917270.6875 -16470986 44078172 
v -881622.75 -16429004 44028880 
v -851232.25 -16388941 43979588 
v -826355.625 -16350917 43930296 
v -807121.125 -16315172 43881008 
v -793528.75 -16281706 43829368 
v -785578.5 -16250759 43780076 
v -783526.8125 -16222331 43730788 
v -720565.875 -16412331 43629856 
v -680814.5625 -16610966 43533624 
v -664657.5625 -16815960 43442084 
v -672351.375 -17024790 43359932 
v -703254.8125 -17234582 43287168 
v -757367.875 -17442692 43221448 
v -834690.5625 -17646606 43167460 
v -933171.1875 -17843802 43125212 
v -1052040.375 -18031882 43092352 
v -1189759.5 -18208328 43073572 
v -1344661.25 -18370738 43066532 
v -1514822.5 -18517316 43071228 
v -1697934.875 -18646380 43090004 
v -1891562.25 -18756134 43118172 
v -2081342.625 -18844296 43214404 
v -2273303 -18903192 43324724 
v -2462698.75 -18932700 43442084 
v -2645170 -18933058 43568832 
v -2816100.5 -18904630 43702620 
v -2971771.75 -18849814 43838756 
v -3108977.75 -18771008 43977240 
v -3224513 -18671210 44113380 
v -3315684.5 -18553540 44244820 
v -3381594.75 -18422316 44369224 
v -3421089.75 -18281856 44486580 
v -3434169.25 -18136598 44594552 
v -3421089.75 -17990620 44688440 
v -3383646.5 -17848600 44768244 
v -3328507.5 -17715816 44833964 
v -3262982 -17595628 44885604 
v -3187198.25 -17583272 44880908 
v -3110388.5 -17658120 44833964 
v -3039477.25 -17721094 44787024 
v -2971387 -17776630 44740080 
v -2904579.25 -17828568 44693136 
v -2842131.25 -17874390 44650884 
v -2789813.5 -17907494 44615676 
v -2744035.25 -17924888 44589860 
v -2690948 -17932084 44564040 
v -2610419.5 -17941680 44524136 
v -2513349.5 -17954276 44472500 
v -2416792.25 -17966390 44413820 
v -2338700.25 -17972988 44357488 
v -2294717.25 -17969268 44305848 
v -2268815 -17953316 44258904 
v -2232397.5 -17936042 44251864 
v -2183670.25 -17900898 44247168 
v -2108142.75 -17843562 44242476 
v -2019535.75 -17775072 44235432 
v -1931441.75 -17705740 44230740 
v -1857581.25 -17646366 44226044 
v -1811290.25 -17607502 44226044 
v -1785387.75 -17576076 44228392 
v -1772564.75 -17538772 44237780 
v -1764999.25 -17482396 44258904 
v -1755382 -17393754 44291764 
v -1745251.75 -17289038 44329320 
v -1736019.25 -17184442 44369224 
v -1729351.25 -17095920 44404432 
v -1726402 -17039784 44425556 
v -1732685.25 -17003320 44441984 
v -1720247 -17016634 44474844 
v -1709475.625 -17028148 44503012 
v -1702166.5 -17035946 44521788 
v -1697165.5 -17040624 44533524 
v -1693062.25 -17042782 44540568 
v -1689215.25 -17043022 44542916 
v -1683957.875 -17041704 44545260 
v -1676392.25 -17038584 44545260 
v -1664979.875 -17033066 44542916 
v -1648309.875 -17024670 44540568 
v -1625100.25 -17013036 44535872 
v -1594196.875 -16996602 44528832 
v -1554702 -16973932 44517096 
v -1505333.5 -16943704 44498316 
v -1487766 -16814880 44524136 
v -1424420.375 -16761262 44493624 
v -1357869 -16702967 44460764 
v -1292087 -16643113 44423208 
v -1230408.375 -16584577 44383304 
v -1173089.5 -16527482 44343404 
v -1120258.75 -16472065 44301152 
v -1072044.25 -16418328 44258904 
v -1028702.5625 -16366750 44214308 
v -990233.5625 -16317211 44169712 
v -956893.75 -16270071 44122768 
v -928811.375 -16225450 44075824 
v -905986.4375 -16183228 44028880 
v -888547.1875 -16143885 43981936 
v -876237.0625 -16107300 43932644 
v -869569.125 -16073835 43885700 
v -868415.0625 -16043368 43838756 
v -871364.375 -16015180 43789468 
v -785578.5 -16195703 43683844 
v -722232.875 -16387381 43580568 
v -681968.625 -16587816 43481984 
v -665683.4375 -16794608 43390444 
v -673377.25 -17005118 43308292 
v -704793.5625 -17216828 43233184 
v -759419.5625 -17426860 43167460 
v -837255.1875 -17632572 43113476 
v -936761.625 -17831448 43071228 
v -1056528.5 -18021206 43038364 
v -1195401.5 -18199090 43019588 
v -1351713.875 -18362942 43012548 
v -1523413.875 -18510838 43017240 
v -1707936.875 -18640984 43033672 
v -1903487.625 -18751696 43064184 
v -2093781 -18844896 43160420 
v -2287023.5 -18910388 43266044 
v -2478983.75 -18946494 43385748 
v -2665173.75 -18953090 43512496 
v -2841105.5 -18930660 43646288 
v -3002931.75 -18881002 43784772 
v -3146934 -18806392 43923256 
v -3269906.5 -18709714 44064088 
v -3369156.5 -18593964 44200224 
v -3443145.25 -18463338 44329320 
v -3490718.5 -18322038 44453720 
v -3511491.75 -18174382 44566388 
v -3505849.75 -18024686 44667316 
v -3474818 -17877508 44754160 
v -3420705 -17737048 44829272 
v -3350178.5 -17608102 44885604 
v -3270932.25 -17493192 44930200 
v -3194507.25 -17488634 44923160 
v -3127827.75 -17572358 44876216 
v -3065379.75 -17643008 44829272 
v -3005111.5 -17704782 44782328 
v -2943945.75 -17762956 44735384 
v -2881754.25 -17820532 44688440 
v -2827641.25 -17868872 44646192 
v -2784940.75 -17900898 44615676 
v -2746087 -17916372 44592204 
v -2693897.25 -17924048 44564040 
v -2613240.75 -17935204 44519444 
v -2517452.75 -17948158 44460764 
v -2424229.75 -17958594 44395040 
v -2349471.5 -17961592 44329320 
v -2307155.75 -17955954 44272988 
v -2281125 -17940002 44226044 
v -2244836 -17922848 44219004 
v -2195980.25 -17887584 44216656 
v -2120581 -17830368 44209612 
v -2031974.125 -17761756 44204920 
v -1943880.125 -17692426 44197876 
v -1869891.375 -17633052 44195532 
v -1823728.5 -17594308 44193184 
v -1797954.375 -17562882 44195532 
v -1785003.125 -17525578 44207268 
v -1777437.5 -17469202 44226044 
v -1767820.25 -17380558 44258904 
v -1757690.125 -17275844 44298808 
v -1748457.5 -17171248 44336360 
v -1741661.375 -17082726 44371568 
v -1738840.25 -17026590 44392696 
v -1744995.375 -16990126 44411472 
v -1765255.625 -16960738 44430248 
v -1752817.375 -16974052 44463108 
v -1740379 -16987246 44493624 
v -1729607.75 -16998762 44521788 
v -1722298.625 -17006558 44542916 
v -1717425.875 -17010756 44554652 
v -1713963.625 -17011116 44561692 
v -1711014.375 -17007878 44566388 
v -1707808.625 -17000920 44571080 
v -1702294.75 -16990604 44573428 
v -1693318.625 -16977650 44575776 
v -1678956.875 -16962296 44578124 
v -1657542.5 -16945144 44575776 
v -1628690.75 -16923914 44571080 
v -1591247.625 -16896564 44561692 
v -1544571.875 -16860940 44547608 
v -1540725 -16732235 44578124 
v -1481739.125 -16671540 44552304 
v -1420188.75 -16605808 44524136 
v -1359151.25 -16538397 44491276 
v -1302088.875 -16472665 44456068 
v -1249129.875 -16408732 44420860 
v -1200402.5 -16346839 44383304 
v -1156163.125 -16287104 44343404 
v -1116411.875 -16229768 44303500 
v -1081405.125 -16175072 44261252 
v -1051142.75 -16123134 44219004 
v -1025625.0625 -16074074 44174404 
v -1005236.5 -16028134 44129808 
v -989977.125 -15985312 44085212 
v -979718.6875 -15945969 44038268 
v -974461.25 -15910104 43993672 
v -974461.25 -15877838 43946728 
v -978308.1875 -15848211 43899784 
v -984719.6875 -15820382 43852840 
v -876878.25 -15988671 43742524 
v -790579.4375 -16170394 43634552 
v -726720.9375 -16363391 43531276 
v -686200.25 -16565266 43432692 
v -670043.25 -16773617 43341152 
v -677737.0625 -16985686 43256656 
v -709281.625 -17198836 43181544 
v -764292.3125 -17410306 43115824 
v -842512.625 -17617458 43061836 
v -942788.4375 -17817774 43017240 
v -1063581.125 -18008852 42986728 
v -1203223.625 -18188056 42965604 
v -1360818.25 -18353106 42958560 
v -1533544.125 -18501962 42963256 
v -1719605.75 -18633066 42982032 
v -1544828.25 -18492006 42911616 
v -1370820.25 -18342190 42906924 
v -1212327.875 -18176060 42913964 
v -1071787.875 -17995778 42932744 
v -950354 -17803500 42965604 
v -849437 -17601864 43010200 
v -770575.5625 -17393394 43064184 
v -715180.1875 -17180604 43129904 
v -683507.375 -16966136 43207364 
v -675685.375 -16752626 43291864 
v -691970.5625 -16543075 43383404 
v -732875.9375 -16340001 43481984 
v -797247.4375 -16145684 43585260 
v -883930.875 -15962762 43695580 
v -992413.5 -15793514 43805896 
v -1121412.875 -15640339 43918560 
v -1112821.5 -15668167 43965504 
v -1268877.375 -15504916 44031228 
v -1105512.375 -15697075 44010104 
v -1100511.375 -15728022 44057048 
v -1099229 -15761967 44101644 
v -1102563 -15799991 44146240 
v -1110641.5 -15841973 44190836 
v -1123464.5 -15887674 44233084 
v -1141032 -15937213 44275336 
v -1163087.625 -15990110 44317584 
v -1189631.25 -16046366 44357488 
v -1220662.875 -16105861 44395040 
v -1256054.375 -16168234 44430248 
v -1295805.625 -16233487 44465456 
v -1339660.25 -16301258 44500664 
v -1387361.875 -16371428 44531180 
v -1438910.375 -16443757 44561692 
v -1494177.5 -16517886 44587512 
v -1550214 -16590335 44613332 
v -1603685.875 -16657386 44632108 
v -1593555.75 -16784412 44596900 
v -1637153.875 -16825076 44608636 
v -1672032.5 -16856622 44615676 
v -1699217.25 -16881812 44618024 
v -1719221.125 -16903402 44618024 
v -1732813.5 -16924034 44613332 
v -1741661.375 -16942506 44608636 
v -1747047 -16957858 44603940 
v -1750381 -16968774 44596900 
v -1753458.5 -16974532 44592204 
v -1756792.5 -16975372 44582816 
v -1761665.25 -16971532 44571080 
v -1768974.375 -16963736 44552304 
v -1779745.625 -16952222 44524136 
v -1792184 -16939026 44491276 
v -1804494 -16925712 44460764 
v -1868096.125 -16872574 44505360 
v -1855657.875 -16885770 44538220 
v -1843347.75 -16899084 44571080 
v -1832576.375 -16910478 44599248 
v -1825267.375 -16918276 44618024 
v -1820138.125 -16921994 44629760 
v -1815906.5 -16921154 44636800 
v -1811418.5 -16915276 44643844 
v -1805263.5 -16904002 44648536 
v -1796800.25 -16888048 44653232 
v -1785387.75 -16868736 44657928 
v -1769872 -16846666 44660272 
v -1749739.875 -16823276 44662620 
v -1723965.625 -16795448 44660272 
v -1691651.625 -16760183 44657928 
v -1651772.125 -16715202 44648536 
v -1675751.125 -16591175 44688440 
v -1628306 -16518486 44672008 
v -1578937.5 -16440159 44653232 
v -1530210.125 -16359913 44629760 
v -1484944.875 -16281826 44606288 
v -1443141.875 -16206138 44578124 
v -1404929.375 -16133209 44549956 
v -1370692 -16063159 44519444 
v -1340045 -15996108 44486580 
v -1313629.625 -15932535 44451372 
v -1291189.375 -15872440 44413820 
v -1272980.75 -15816064 44376264 
v -1258747.125 -15763527 44336360 
v -1249001.75 -15715067 44296460 
v -1243231.375 -15670806 44254208 
v -1241949 -15630863 44209612 
v -1244898.375 -15595478 44167364 
v -1251053.375 -15563332 44120420 
v -1259388.375 -15533584 44075824 
v -1433140 -15388566 44141544 
v -1422625.125 -15418073 44186140 
v -1612020.875 -15293206 44249516 
v -1413136.125 -15448660 44230740 
v -1405570.5 -15481766 44275336 
v -1400826 -15518471 44317584 
v -1399800.125 -15559973 44359832 
v -1402749.5 -15606153 44399736 
v -1409417.375 -15656892 44437292 
v -1419675.875 -15712068 44474844 
v -1433781.125 -15771563 44510052 
v -1451605.125 -15834896 44542916 
v -1473019.5 -15902068 44575776 
v -1498024.375 -15972957 44603940 
v -1526363.25 -16047206 44632108 
v -1558420.75 -16124693 44655580 
v -1593427.5 -16204939 44679052 
v -1631768.25 -16287944 44697828 
v -1673186.5 -16373347 44716608 
v -1715374.25 -16456952 44730688 
v -1756023.125 -16534319 44742424 
v -1718580 -16653908 44697828 
v -1754099.625 -16702967 44704872 
v -1783464.375 -16740871 44707216 
v -1807828 -16770378 44704872 
v -1828344.875 -16794248 44704872 
v -1846297 -16815000 44702524 
v -1861556.375 -16832512 44700176 
v -1873994.75 -16846066 44697828 
v -1883740.25 -16855422 44695480 
v -1890408.125 -16860100 44690788 
v -1895665.625 -16860220 44683744 
v -1901179.5 -16856382 44672008 
v -1908488.625 -16848466 44653232 
v -1919259.875 -16837070 44625064 
v -1931698.25 -16823756 44592204 
v -1944008.25 -16810562 44559344 
v -2020689.875 -16749387 44615676 
v -2008379.75 -16762582 44646192 
v -1995813.25 -16775776 44679052 
v -1985041.875 -16787292 44707216 
v -1977732.75 -16795088 44725996 
v -1971962.5 -16799406 44737732 
v -1965935.625 -16800006 44744772 
v -1957728.875 -16797248 44747120 
v -1945162.375 -16790890 44749468 
v -1929774.75 -16780694 44747120 
v -1911694.375 -16766540 44747120 
v -1892075.125 -16747948 44747120 
v -1871814.75 -16724678 44749468 
v -1849374.5 -16694091 44751816 
v -1823600.375 -16653788 44751816 
v -1792825.125 -16601370 44749468 
v -1843476 -16487779 44794064 
v -1810136.125 -16406333 44787024 
v -1775898.75 -16318531 44777632 
v -1742430.75 -16228929 44765896 
v -1711783.75 -16141966 44749468 
v -1683829.625 -16057641 44733036 
v -1658953 -15976676 44711912 
v -1636769.25 -15898949 44688440 
v -1617791.125 -15824940 44662620 
v -1601890.625 -15754770 44634456 
v -1589195.875 -15688678 44603940 
v -1579578.625 -15626905 44571080 
v -1573423.625 -15569569 44535872 
v -1570217.875 -15516911 44500664 
v -1570474.25 -15469052 44463108 
v -1573936.5 -15426230 44420860 
v -1580476.25 -15388446 44380960 
v -1589708.75 -15354620 44336360 
v -1600480.125 -15323194 44294112 
v -1803596.5 -15220278 44352792 
v -1790773.5 -15250745 44395040 
v -2005302.25 -15170379 44451372 
v -1778719.875 -15282651 44439636 
v -1767948.5 -15317076 44481888 
v -1759228.875 -15355700 44521788 
v -1753073.875 -15399481 44561692 
v -1749739.875 -15448540 44596900 
v -1748842.25 -15502757 44632108 
v -1750893.875 -15561652 44664968 
v -1755510.25 -15625345 44693136 
v -1762819.25 -15693476 44721300 
v -1772821.25 -15765926 44747120 
v -1785387.75 -15842453 44768244 
v -1800518.875 -15922699 44787024 
v -1818342.875 -16006543 44803452 
v -1838475 -16093746 44817536 
v -1860915.25 -16183828 44829272 
v -1885920.125 -16276788 44838660 
v -1911822.625 -16367710 44843356 
v -1937083.875 -16452154 44845700 
v -1873738.25 -16558309 44798760 
v -1899127.75 -16613485 44796412 
v -1921055.125 -16655707 44794064 
v -1940546.125 -16687014 44791716 
v -1958883 -16709924 44789368 
v -1977348.125 -16726597 44789368 
v -1994915.625 -16737992 44789368 
v -2010431.5 -16745069 44791716 
v -2022998 -16748788 44791716 
v -2031332.875 -16750107 44791716 
v -2037488 -16748668 44784676 
v -2043258.375 -16744110 44772940 
v -2050567.375 -16736313 44754160 
v -2061338.75 -16724918 44725996 
v -2073905.25 -16711603 44693136 
v -2086215.375 -16698409 44660272 
v -2128787.75 -16667222 44690788 
v -2116477.75 -16680417 44721300 
v -2104039.25 -16693731 44754160 
v -2093268 -16705246 44782328 
v -2085830.625 -16713043 44801104 
v -2080573.25 -16717601 44812840 
v -2075700.5 -16719160 44819884 
v -2069801.875 -16718321 44822228 
v -2061467 -16715442 44824576 
v -2050823.875 -16709204 44824576 
v -2039026.75 -16698409 44824576 
v -2026075.5 -16682096 44826924 
v -2012354.875 -16658706 44829272 
v -1997223.75 -16626440 44836312 
v -1980169.125 -16582658 44841008 
v -1960293.5 -16525323 44843356 
v -2035564.5 -16427684 44892644 
v -2018638.125 -16341201 44894992 
v -2001711.75 -16248001 44894992 
v -1985683 -16152881 44890300 
v -1971706 -16060640 44883256 
v -1959652.375 -15971518 44873868 
v -1949778.625 -15885755 44859784 
v -1941828.375 -15803709 44843356 
v -1935929.75 -15725503 44824576 
v -1932339.375 -15651614 44803452 
v -1930544.125 -15582044 44779980 
v -1931057.125 -15517031 44751816 
v -1933749.875 -15456937 44721300 
v -1938494.375 -15401760 44688440 
v -1945290.625 -15351862 44653232 
v -1954138.5 -15307360 44615676 
v -1965166.25 -15268257 44578124 
v -1977604.5 -15233352 44535872 
v -1991197 -15201206 44493624 
v -2214317.25 -15143870 44540568 
v -2199057.75 -15174817 44585164 
v -2428204.75 -15141231 44625064 
v -2184054.75 -15207203 44625064 
v -2169693 -15242348 44667316 
v -2156485.5 -15281691 44704872 
v -2144560 -15326672 44740080 
v -2134301.5 -15376931 44775288 
v -2125453.75 -15432587 44805800 
v -2118016.5 -15493281 44833964 
v -2112246 -15558894 44857436 
v -2107886.25 -15629304 44880908 
v -2105065.25 -15704032 44899688 
v -2104039.25 -15783078 44916116 
v -2104424 -15866083 44927852 
v -2106347.5 -15952926 44937244 
v -2109938 -16043128 44944284 
v -2115067 -16136568 44946632 
v -2121863.25 -16232887 44946632 
v -2129557 -16327167 44944284 
v -2137635.5 -16414730 44937244 
v -2051336.75 -16502652 44887952 
v -2065442.125 -16561547 44883256 
v -2077367.5 -16606408 44873868 
v -2087241.25 -16639874 44866828 
v -2094935 -16663984 44859784 
v -2100449 -16681496 44855092 
v -2104424 -16693131 44850396 
v -2107116.75 -16700208 44848048 
v -2109425 -16703687 44843356 
v -2111605 -16705006 44841008 
v -2114682.5 -16703447 44831620 
v -2119427 -16699009 44819884 
v -2126736 -16691212 44801104 
v -2137507.25 -16679697 44772940 
v -2149945.75 -16666383 44740080 
v -2162384 -16653188 44709564 
v -2200468.25 -16653788 44723648 
v -2188030 -16666982 44756508 
v -2175720 -16680297 44787024 
v -2164948.5 -16691812 44815188 
v -2157639.5 -16699609 44833964 
v -2153408 -16703927 44848048 
v -2152125.5 -16705006 44855092 
v -2153408 -16702847 44862132 
v -2156870 -16697569 44866828 
v -2161358.25 -16688573 44873868 
v -2165205 -16674899 44883256 
v -2166872 -16655827 44890300 
v -2165076.75 -16630278 44899688 
v -2160332.25 -16595973 44911424 
v -2153792.5 -16550272 44920812 
v -2145970.5 -16490777 44930200 
v -2242271.25 -16413410 44977144 
v -2242912.5 -16325727 44986532 
v -2244579.5 -16231328 44993576 
v -2247400.5 -16134889 44998268 
v -2251503.75 -16041448 44998268 
v -2256504.75 -15951007 44995924 
v -2262788 -15864164 44988880 
v -2269969 -15781039 44979492 
v -2278304 -15701993 44965408 
v -2287664.75 -15627145 44948980 
v -2297923 -15556734 44930200 
v -2309335.5 -15491002 44906728 
v -2321645.75 -15430188 44880908 
v -2334597 -15374532 44852744 
v -2348702.25 -15324153 44819884 
v -2363448.75 -15279172 44784676 
v -2378964.5 -15239829 44747120 
v -2395121.5 -15204564 44707216 
v -2411663 -15172178 44667316 
v -2644528.75 -15163062 44697828 
v -2626576.5 -15193889 44740080 
v -2860340 -15208642 44763552 
v -2608368 -15226155 44779980 
v -2590544 -15261060 44819884 
v -2572591.75 -15300283 44857436 
v -2554896 -15344905 44890300 
v -2537072 -15394923 44920812 
v -2519761 -15450220 44948980 
v -2502578.25 -15510434 44974796 
v -2485780 -15575566 44995924 
v -2469366.5 -15645377 45012352 
v -2453337.75 -15719625 45026436 
v -2437693.75 -15797952 45038172 
v -2422819 -15880357 45045212 
v -2408329.25 -15966360 45047560 
v -2394352 -16055842 45047560 
v -2381144.25 -16148443 45042864 
v -2368706 -16243802 45035824 
v -2357421.75 -16337363 45026436 
v -2347932.75 -16424206 45014700 
v -2242527.75 -16489578 44967756 
v -2244323 -16549192 44956020 
v -2245733.5 -16595253 44944284 
v -2245861.75 -16630158 44932548 
v -2243297 -16656907 44918464 
v -2236885.5 -16678258 44909076 
v -2228550.75 -16694451 44897340 
v -2219959.25 -16706086 44887952 
v -2213163 -16713403 44880908 
v -2209957.25 -16716761 44873868 
v -2210342 -16716401 44864480 
v -2214317.25 -16712323 44850396 
v -2221626.25 -16704526 44831620 
v -2232269.25 -16693011 44803452 
v -2244707.75 -16679817 44772940 
v -2257146 -16666503 44740080 
v -2346009.25 -16688813 44765896 
v -2333571 -16702008 44796412 
v -2321132.75 -16715322 44829272 
v -2310361.5 -16726717 44857436 
v -2303052.25 -16734634 44876216 
v -2298949 -16738472 44890300 
v -2298179.5 -16738112 44897340 
v -2300231.25 -16733434 44904380 
v -2305488.75 -16723838 44913772 
v -2312156.75 -16709564 44923160 
v -2319209.25 -16690732 44934896 
v -2325492.5 -16667342 44946632 
v -2329339.5 -16639394 44960716 
v -2332417 -16604129 44972452 
v -2335751 -16558429 44986532 
v -2340495.5 -16499414 45000616 
v -2453337.75 -16446276 45045212 
v -2471803 -16361472 45061644 
v -2492576.25 -16269951 45073380 
v -2514631.75 -16176511 45082768 
v -2537072 -16085949 45089808 
v -2559640.5 -15998267 45092156 
v -2582337.25 -15913943 45092156 
v -2605034 -15833337 45087464 
v -2627730.75 -15756450 45078072 
v -2650683.75 -15683640 45066336 
v -2673124 -15615150 45049908 
v -2695564.25 -15551217 45031128 
v -2717491.75 -15491962 45007656 
v -2739290.75 -15437625 44981840 
v -2760448.75 -15388326 44951324 
v -2781350.25 -15344305 44918464 
v -2801482.25 -15305561 44883256 
v -2821358 -15271016 44843356 
v -2840849 -15239110 44803452 
v -3072945.25 -15277013 44817536 
v -3052043.75 -15307121 44857436 
v -3279523.75 -15367695 44859784 
v -3031142.25 -15338547 44897340 
v -3009471.25 -15372613 44934896 
v -2986903 -15410517 44970104 
v -2963180.25 -15453578 45002964 
v -2938303.75 -15501678 45031128 
v -2912401.25 -15554695 45056948 
v -2885473 -15612391 45078072 
v -2857775.25 -15674644 45096852 
v -2829180 -15741216 45110936 
v -2799815.25 -15811866 45122672 
v -2769937.75 -15886474 45127364 
v -2739675.5 -15964681 45132060 
v -2708772 -16046366 45129712 
v -2677612.25 -16131170 45125016 
v -2646195.75 -16218853 45115628 
v -2614651.25 -16309294 45103892 
v -2584517.25 -16397697 45089808 
v -2557204.25 -16479862 45071032 
v -2437950.25 -16520045 45031128 
v -2426922.5 -16577620 45014700 
v -2419228.75 -16622481 44998268 
v -2413843 -16657506 44984188 
v -2409996 -16685934 44972452 
v -2406534 -16710764 44960716 
v -2403712.75 -16731515 44951324 
v -2401789.5 -16747828 44941936 
v -2400891.75 -16759103 44932548 
v -2401276.5 -16764981 44925508 
v -2403456.5 -16765700 44918464 
v -2407944.5 -16761982 44904380 
v -2415253.5 -16754185 44885604 
v -2426024.75 -16742790 44857436 
v -2438463.25 -16729476 44826924 
v -2450773.25 -16716281 44794064 
v -2555665.5 -16744589 44822228 
v -2543098.75 -16757784 44855092 
v -2530788.75 -16770978 44887952 
v -2520017.5 -16782494 44916116 
v -2512708.25 -16790290 44934896 
v -2507707.5 -16794008 44946632 
v -2504373.5 -16793048 44953672 
v -2501424 -16786812 44960716 
v -2497833.75 -16775056 44967756 
v -2494628 -16758144 44974796 
v -2492961 -16736913 44981840 
v -2493473.75 -16711963 44993576 
v -2497192.5 -16684015 45005312 
v -2504758 -16649950 45021740 
v -2516811.75 -16606648 45038172 
v -2534122.75 -16550992 45054600 
v -2658121.25 -16524123 45092156 
v -2693897.25 -16445796 45110936 
v -2733264 -16361352 45127364 
v -2774041 -16274989 45143796 
v -2814177 -16191145 45153184 
v -2853800.25 -16109939 45160224 
v -2892525.5 -16031732 45162572 
v -2930353.5 -15956764 45160224 
v -2967155.5 -15885155 45155532 
v -3002803.5 -15817384 45146144 
v -3037169 -15753331 45134408 
v -3070252.5 -15693356 45115628 
v -3101797 -15637820 45096852 
v -3131802.75 -15586602 45071032 
v -3160269.75 -15540062 45042864 
v -3186813.5 -15498199 45012352 
v -3211561.75 -15461255 44977144 
v -3235028 -15428029 44939588 
v -3257468.25 -15397322 44899688 
v -3477639 -15479967 44887952 
v -3454301.25 -15508755 44930200 
v -3664726.75 -15611911 44906728 
v -3430450.5 -15538742 44967756 
v -3405445.5 -15571008 45005312 
v -3378389 -15606753 45040520 
v -3349024.5 -15647056 45071032 
v -3317351.5 -15691677 45099200 
v -3283370.75 -15740616 45122672 
v -3247338 -15793754 45143796 
v -3209125.5 -15850729 45160224 
v -3169117.75 -15911544 45171960 
v -3127314.75 -15975956 45181352 
v -3083973 -16043847 45183696 
v -3039092.5 -16114737 45183696 
v -2992673.25 -16188746 45181352 
v -2945100 -16265273 45174308 
v -2896629 -16344440 45162572 
v -2847004 -16425765 45146144 
v -2799046 -16505291 45127364 
v -2754934.75 -16578940 45106240 
v -2627474.25 -16591894 45073380 
v -2604264.5 -16645032 45054600 
v -2587723 -16686174 45038172 
v -2577336.25 -16718321 45021740 
v -2572463.5 -16744589 45010004 
v -2572720 -16767620 45000616 
v -2576310.5 -16787052 44993576 
v -2581824.25 -16802404 44988880 
v -2587594.75 -16812960 44984188 
v -2591954.5 -16818478 44977144 
v -2596057.75 -16819078 44970104 
v -2601187 -16815240 44958368 
v -2608496.25 -16807442 44939588 
v -2619267.5 -16795928 44911424 
v -2631577.5 -16782734 44878564 
v -2644144 -16769539 44845700 
v -2699924.25 -16786692 44859784 
v -2687614 -16799886 44892644 
v -2675175.75 -16813200 44925508 
v -2664404.5 -16824716 44953672 
v -2657095.25 -16832512 44972452 
v -2652222.5 -16836590 44984188 
v -2648888.5 -16837190 44991228 
v -2646067.5 -16833832 44995924 
v -2642733.5 -16826874 45000616 
v -2640297.25 -16815960 45005312 
v -2640169 -16801326 45012352 
v -2643759.5 -16782614 45021740 
v -2652350.75 -16759943 45033476 
v -2666712.5 -16730675 45049908 
v -2687998.75 -16692412 45068684 
v -2717107 -16642633 45087464 
v -2846362.75 -16643352 45115628 
v -2898167.75 -16575221 45136752 
v -2954589 -16501453 45155532 
v -3012292.5 -16426005 45171960 
v -3068841.75 -16352596 45186044 
v -3123980.75 -16281226 45193084 
v -3177452.75 -16212376 45197780 
v -3229129.25 -16146164 45197780 
v -3278754.25 -16082831 45195432 
v -3326456 -16022376 45186044 
v -3371721 -15965281 45174308 
v -3414550 -15911664 45160224 
v -3454814.25 -15861645 45139100 
v -3492642 -15815225 45115628 
v -3527520.5 -15772763 45089808 
v -3559449.75 -15734379 45056948 
v -3588558 -15700074 45024088 
v -3615101.75 -15668887 44986532 
v -3640363 -15639859 44946632 
v -3838734.75 -15761727 44911424 
v -3813217 -15788836 44951324 
v -3997227 -15927737 44904380 
v -3786801.75 -15816784 44991228 
v -3758591 -15846651 45028784 
v -3727687.5 -15879397 45063992 
v -3693322 -15915622 45094504 
v -3655494 -15955565 45120324 
v -3614460.5 -15998986 45143796 
v -3570093 -16045647 45164920 
v -3522776 -16095425 45179004 
v -3472510 -16148323 45190740 
v -3419551 -16203979 45197780 
v -3364027.25 -16262394 45202476 
v -3306195.5 -16323209 45202476 
v -3246055.75 -16386422 45197780 
v -3183992.5 -16451674 45188392 
v -3120005.75 -16518845 45176656 
v -3054351.75 -16587456 45157880 
v -2990493.25 -16654628 45139100 
v -2931379.25 -16716641 45117976 
v -2801610.5 -16702367 45094504 
v -2767116.75 -16748188 45075728 
v -2741214.25 -16783094 45056948 
v -2722108 -16808762 45040520 
v -2708387.25 -16827234 45028784 
v -2698513.5 -16840548 45019392 
v -2692102 -16849424 45012352 
v -2688255.25 -16854822 45007656 
v -2686588.25 -16857342 45002964 
v -2686460 -16857822 44998268 
v -2688383.5 -16856022 44991228 
v -2692743.25 -16851584 44977144 
v -2700180.5 -16843668 44958368 
v -2710823.75 -16832272 44930200 
v -2723262 -16818958 44899688 
v -2735572 -16805764 44866828 
v -2763013.25 -16835870 44864480 
v -2750575 -16849064 44897340 
v -2738136.75 -16862380 44930200 
v -2727493.5 -16873774 44958368 
v -2720056.25 -16881692 44977144 
v -2716337.5 -16886610 44988880 
v -2715953 -16889608 44995924 
v -2719543.25 -16891168 45000616 
v -2726724.25 -16892486 45007656 
v -2737239 -16891766 45012352 
v -2751088 -16887808 45019392 
v -2767629.5 -16879292 45028784 
v -2786479.5 -16864658 45042864 
v -2810202 -16842708 45059296 
v -2840720.75 -16811520 45078072 
v -2880215.5 -16770019 45096852 
v -3008830.25 -16797726 45115628 
v -3074484 -16742670 45136752 
v -3145267 -16682936 45155532 
v -3217973.25 -16621402 45171960 
v -3288756.25 -16561427 45183696 
v -3357231.25 -16502772 45193084 
v -3423397.75 -16446036 45195432 
v -3486871.75 -16391220 45197780 
v -3547781 -16338322 45193084 
v -3605612.75 -16287824 45186044 
v -3660238.5 -16239724 45174308 
v -3711658.75 -16194023 45157880 
v -3759616.75 -16151202 45139100 
v -3803856.25 -16111019 45115628 
v -3844505.25 -16073955 45087464 
v -3880922.5 -16039889 45056948 
v -3913492.75 -16009062 45021740 
v -3943114 -15980634 44984188 
v -3970555.25 -15953886 44944284 
v -4137767.25 -16108140 44885604 
v -4110454.25 -16133089 44925508 
v -4259329 -16300298 44852744 
v -4081858.75 -16158639 44965408 
v -4051212 -16185507 45002964 
v -4017102.75 -16214415 45038172 
v -3978505.5 -16245961 45068684 
v -3935548.5 -16280027 45096852 
v -3888616.25 -16316491 45120324 
v -3837452.5 -16355355 45139100 
v -3782441.75 -16396258 45155532 
v -3723712.5 -16439319 45169616 
v -3661649.25 -16484300 45176656 
v -3596123.5 -16531080 45181352 
v -3527520.5 -16579540 45181352 
v -3455840 -16629438 45179004 
v -3381594.75 -16680657 45169616 
v -3304913.25 -16733074 45157880 
v -3226051.75 -16786452 45143796 
v -3148857.5 -16838270 45125016 
v -3077433.25 -16885890 45106240 
v -2951896 -16845106 45094504 
v -2907785 -16881812 45073380 
v -2873163 -16909040 45056948 
v -2845721.75 -16927872 45040520 
v -2822383.75 -16939626 45026436 
v -2800969.5 -16945624 45014700 
v -2781735 -16947304 45007656 
v -2766090.75 -16946104 45000616 
v -2754678.25 -16943464 44993576 
v -2748908 -16940946 44988880 
v -2748010.5 -16937588 44979492 
v -2751344.5 -16932550 44967756 
v -2758781.75 -16924752 44948980 
v -2769424.75 -16913238 44920812 
v -2781735 -16899924 44887952 
v -2794301.5 -16886728 44855092 
v -2841490 -16967694 44841008 
v -2829051.75 -16980888 44873868 
v -2816613.5 -16994204 44904380 
v -2805970.25 -17005718 44932548 
v -2798533 -17013516 44951324 
v -2795199 -17018314 44965408 
v -2796481.25 -17020952 44972452 
v -2802508.25 -17022032 44979492 
v -2814305.25 -17022032 44986532 
v -2830975.25 -17020592 44995924 
v -2851235.5 -17016514 45005312 
v -2874445.25 -17009196 45017048 
v -2899450 -16998042 45031128 
v -2929455.75 -16981368 45047560 
v -2967155.5 -16957978 45066336 
v -3015498.25 -16926672 45085116 
v -3136675.5 -16979690 45089808 
v -3213357 -16940106 45108588 
v -3295809 -16896804 45125016 
v -3380056 -16852064 45139100 
v -3461866.75 -16807802 45148488 
v -3541113 -16764261 45155532 
v -3617281.5 -16721679 45157880 
v -3690244.5 -16680177 45155532 
v -3759873.25 -16639874 45150836 
v -3825783.5 -16600890 45141448 
v -3887975 -16563227 45127364 
v -3945935 -16527122 45110936 
v -3999791.75 -16492696 45089808 
v -4049416.75 -16460070 45066336 
v -4094169 -16429243 45038172 
v -4134561.5 -16400336 45005312 
v -4169952.75 -16373587 44970104 
v -4201754 -16348278 44932548 
v -4230990.5 -16324168 44892644 
v -4360246 -16502053 44808148 
v -4331266 -16524483 44850396 
v -4438979.5 -16710404 44754160 
v -4301388.5 -16547273 44890300 
v -4268561.5 -16570783 44927852 
v -4232016 -16595373 44963060 
v -4190469.75 -16621402 44995924 
v -4143794 -16648870 45024088 
v -4092373.75 -16677538 45049908 
v -4036209 -16707405 45071032 
v -3975556.25 -16738352 45089808 
v -3910543.5 -16770258 45103892 
v -3841427.5 -16803004 45115628 
v -3768336.5 -16836590 45122672 
v -3691911.5 -16870896 45125016 
v -3611896 -16905680 45125016 
v -3528674.75 -16941066 45120324 
v -3442504 -16976690 45110936 
v -3353640.75 -17012556 45099200 
v -3266700.75 -17046980 45085116 
v -3185915.75 -17078288 45068684 
v -3070380.5 -17013516 45071032 
v -3018575.75 -17039304 45052256 
v -2978183.25 -17058736 45035824 
v -2946638.75 -17073490 45019392 
v -2921249.25 -17085004 45005312 
v -2898937 -17095080 44991228 
v -2880343.75 -17103476 44981840 
v -2865725.5 -17109834 44970104 
v -2855595.25 -17113912 44963060 
v -2850466.25 -17115472 44956020 
v -2849825 -17114032 44946632 
v -2853415.5 -17109714 44934896 
v -2860724.5 -17101798 44913772 
v -2871496 -17090402 44887952 
v -2883806 -17077088 44855092 
v -2896372.5 -17063894 44822228 
v -2950229 -17160452 44803452 
v -2937919 -17173646 44836312 
v -2925480.75 -17186962 44869172 
v -2914709.5 -17198356 44894992 
v -2907400.25 -17206274 44916116 
v -2903553.5 -17210352 44927852 
v -2903297 -17210472 44937244 
v -2906887.25 -17206752 44944284 
v -2914068.25 -17198956 44953672 
v -2925609 -17188400 44963060 
v -2941253 -17176166 44974796 
v -2961385 -17163692 44986532 
v -2986390 -17152176 45002964 
v -3018832.25 -17139822 45017048 
v -3061148 -17124588 45033476 
v -3116030.5 -17104676 45049908 
v -3224641.25 -17180124 45040520 
v -3308503.75 -17157454 45054600 
v -3399034 -17132264 45068684 
v -3491231.5 -17105636 45078072 
v -3580736 -17078888 45082768 
v -3667163 -17052018 45085116 
v -3750127.75 -17025030 45085116 
v -3829758.75 -16998282 45080420 
v -3905286.25 -16971772 45071032 
v -3976838.5 -16945384 45059296 
v -4044031 -16919356 45042864 
v -4106735.5 -16893686 45021740 
v -4164567.25 -16868616 45000616 
v -4217654.5 -16844028 44972452 
v -4265612.5 -16820158 44944284 
v -4308313 -16797008 44909076 
v -4345756 -16774697 44873868 
v -4379096 -16752986 44833964 
v -4409743 -16731635 44794064 
v -4494375 -16923314 44688440 
v -4464753.5 -16943104 44728344 
v -4526047.5 -17137782 44610984 
v -4433722 -16962896 44770592 
v -4399997.5 -16982928 44808148 
v -4361913 -17002960 44845700 
v -4318315 -17023110 44880908 
v -4269587.5 -17043382 44911424 
v -4215346.5 -17063654 44939588 
v -4156232.25 -17083926 44963060 
v -4092117.25 -17104196 44984188 
v -4023386 -17124108 45002964 
v -3950038.5 -17143900 45017048 
v -3872715.75 -17163452 45028784 
v -3791161.5 -17182524 45035824 
v -3706016.75 -17201356 45040520 
v -3617409.75 -17219588 45040520 
v -3525597 -17237220 45035824 
v -3430835.25 -17254492 45031128 
v -3337868.5 -17270326 45021740 
v -3251569.5 -17284120 45010004 
v -3151678.5 -17198956 45026436 
v -3094487.75 -17212750 45010004 
v -3050633.25 -17223426 44995924 
v -3017678 -17232662 44981840 
v -2993314.5 -17242378 44967756 
v -2975105.75 -17254492 44956020 
v -2962282.75 -17267208 44944284 
v -2953819.5 -17278842 44934896 
v -2949075 -17287718 44927852 
v -2947151.5 -17292156 44920812 
v -2948177.5 -17292276 44911424 
v -2952152.5 -17288318 44899688 
v -2959461.75 -17280402 44878564 
v -2970361.25 -17269006 44852744 
v -2982671.25 -17255692 44819884 
v -2994981.5 -17242498 44787024 
v -3022166.25 -17295156 44775288 
v -3009856 -17308350 44808148 
v -2997417.75 -17321664 44841008 
v -2986646.5 -17333180 44869172 
v -2979209 -17340976 44887952 
v -2975234 -17345294 44899688 
v -2973823.5 -17346374 44909076 
v -2975234 -17344214 44913772 
v -2978824.5 -17339056 44920812 
v -2986005.25 -17332220 44927852 
v -2997674.25 -17324662 44934896 
v -3015241.75 -17317826 44944284 
v -3039477.25 -17312668 44956020 
v -3072945.25 -17308230 44970104 
v -3117954 -17302712 44981840 
v -3176683.25 -17295156 44995924 
v -3266957.25 -17388956 44972452 
v -3354794.75 -17383918 44979492 
v -3448915.5 -17377560 44986532 
v -3545216.25 -17370004 44988880 
v -3638439.5 -17361368 44988880 
v -3728328.75 -17351772 44986532 
v -3814755.75 -17341216 44979492 
v -3897336 -17329820 44970104 
v -3975812.75 -17317466 44956020 
v -4049929.5 -17304272 44939588 
v -4119686.75 -17290358 44918464 
v -4184571 -17275724 44894992 
v -4244454.5 -17260250 44869172 
v -4299337 -17244176 44841008 
v -4348705.5 -17227624 44808148 
v -4392688.5 -17210352 44772940 
v -4430901 -17192718 44735384 
v -4465010 -17174486 44695480 
v -4496426.5 -17156254 44653232 
v -4533998 -17351172 44526484 
v -4503992 -17368324 44571080 
v -4517584.5 -17560842 44434944 
v -4472704 -17385118 44610984 
v -4438594.5 -17401430 44653232 
v -4400254 -17416784 44690788 
v -4356143 -17431058 44728344 
v -4306518 -17444012 44761204 
v -4251635.5 -17455886 44791716 
v -4191495.5 -17466442 44819884 
v -4126483 -17475678 44845700 
v -4056469.25 -17483596 44869172 
v -3982096 -17490192 44887952 
v -3903362.75 -17495350 44904380 
v -3820398 -17499068 44916116 
v -3733714.5 -17501468 44927852 
v -3643568.75 -17502428 44934896 
v -3549960.75 -17501948 44937244 
v -3453531.75 -17500148 44937244 
v -3358898 -17497030 44934896 
v -3191045 -17392074 44960716 
v -3134623.75 -17483596 44913772 
v -3081921.25 -17561682 44869172 
v -3030501 -17628974 44822228 
v -2977157.5 -17690868 44777632 
v -2919197.5 -17753600 44728344 
v -2862006.75 -17816814 44681400 
v -2816613.5 -17866352 44641496 
v -2782632.5 -17896340 44613332 
v -2747882.25 -17910254 44589860 
v -2697487.75 -17917810 44559344 
v -2617857 -17928966 44507708 
v -2524762 -17940242 44441984 
v -2434872.75 -17947078 44366876 
v -2361909.75 -17948278 44296460 
v -2319465.75 -17942760 44240128 
v -2291768 -17928726 44200224 
v -2255350.75 -17911574 44193184 
v -2206623.25 -17876308 44188488 
v -2131224 -17819092 44181448 
v -2042617.125 -17750482 44176752 
v -1954394.875 -17681152 44172060 
v -1880534.5 -17621776 44167364 
v -1834371.625 -17582912 44165016 
v -1808469.25 -17551606 44167364 
v -1795518 -17514302 44179100 
v -1787952.375 -17457926 44197876 
v -1778335.125 -17369284 44230740 
v -1768205 -17264568 44270640 
v -1758972.375 -17159852 44310544 
v -1752304.5 -17071450 44343404 
v -1749483.375 -17015314 44364528 
v -1755510.25 -16978850 44383304 
v -1775770.5 -16949462 44402084 
v -1815265.375 -16914438 44432596 
v -1878739.25 -16861180 44477192 
v -1954523.125 -16799286 44533524 
v -2031332.875 -16737992 44587512 
v -2096858.5 -16687014 44634456 
v -2139430.75 -16655947 44662620 
v -2172898.75 -16641913 44681400 
v -2211111.5 -16642513 44695480 
v -2267789 -16655227 44711912 
v -2356524.25 -16677538 44737732 
v -2461416.25 -16705006 44765896 
v -2566180.25 -16733194 44794064 
v -2654530.75 -16758144 44817536 
v -2710567.25 -16775416 44833964 
v -2746215.25 -16794488 44838660 
v -2773528.25 -16824596 44836312 
v -2804816.25 -16875454 44829272 
v -2852005 -16956420 44812840 
v -2906887.25 -17052618 44794064 
v -2960872.25 -17149178 44775288 
v -3005624.5 -17231222 44758856 
v -3032809.25 -17283880 44749468 
v -3043708.75 -17321544 44737732 
v -3033065.75 -17332820 44763552 
v -3020755.5 -17346014 44796412 
v -3008317.25 -17359328 44829272 
v -2997674.25 -17370844 44857436 
v -2990365 -17378640 44876216 
v -2986005.25 -17383558 44887952 
v -2984979.5 -17386436 44894992 
v -2986133.5 -17387996 44899688 
v -2989980.5 -17389076 44904380 
v -2997161.25 -17389916 44909076 
v -3009086.75 -17390634 44913772 
v -3026782.5 -17391474 44918464 
v -3051659 -17392554 44927852 
v -3085640 -17393394 44939588 
v -3131418 -17393394 44951324 
v -3088589.25 -17478198 44904380 
v -3054095.5 -17471840 44897340 
v -3047042.75 -17550646 44862132 
v -3003188 -17615060 44817536 
v -2952793.75 -17678632 44772940 
v -2898039.5 -17747482 44723648 
v -2846362.75 -17815854 44674356 
v -2809560.75 -17865152 44636800 
v -2782119.5 -17892622 44610984 
v -2750831.5 -17905096 44585164 
v -2702488.75 -17911694 44547608 
v -2625166 -17921170 44488928 
v -2535661.5 -17928846 44413820 
v -2447311 -17933884 44336360 
v -2374220 -17935084 44263600 
v -2330108.75 -17931484 44211960 
v -2298820.75 -17921170 44181448 
v -2262403.5 -17904016 44174404 
v -2213676 -17868752 44169712 
v -2138276.75 -17811536 44165016 
v -2049541.625 -17742924 44157976 
v -1961575.75 -17673594 44153280 
v -1887587.125 -17614220 44148588 
v -1841424.25 -17575356 44146240 
v -1815521.875 -17543930 44150932 
v -1802570.625 -17506746 44160324 
v -1795005 -17450370 44181448 
v -1785516 -17361728 44211960 
v -1775257.625 -17257012 44251864 
v -1766153.25 -17152296 44291764 
v -1759357.125 -17063894 44324624 
v -1756536 -17007638 44348096 
v -1762562.875 -16971294 44364528 
v -1782823.25 -16941906 44383304 
v -1822318 -16906880 44413820 
v -1885791.875 -16853624 44460764 
v -1961832.25 -16791610 44514748 
v -2038385.625 -16730435 44568732 
v -2103911 -16679457 44615676 
v -2146483.5 -16648270 44643844 
v -2180079.75 -16634356 44662620 
v -2218164 -16634956 44676704 
v -2274841.75 -16647671 44693136 
v -2363576.75 -16669981 44718952 
v -2468597.25 -16697329 44747120 
v -2573233 -16725637 44775288 
v -2661711.5 -16750587 44801104 
v -2717620 -16767860 44815188 
v -2753396 -16786812 44819884 
v -2780709 -16817038 44817536 
v -2811869 -16867896 44810496 
v -2859185.75 -16948862 44794064 
v -2913940 -17045062 44775288 
v -2967924.75 -17141620 44756508 
v -3012677 -17223666 44740080 
v -3039990 -17276324 44730688 
v -3050889.75 -17313988 44718952 
v -3046914.5 -17350932 44702524 
v -3039733.75 -17358608 44721300 
v -3029090.5 -17369884 44747120 
v -3016780.5 -17383078 44779980 
v -3004342.25 -17396392 44812840 
v -2993570.75 -17407788 44841008 
v -2986261.75 -17415584 44859784 
v -2982286.5 -17421222 44871520 
v -2981260.75 -17425900 44878564 
v -2983184.25 -17431298 44880908 
v -2987928.75 -17438614 44883256 
v -2996520.25 -17447130 44885604 
v -3009727.75 -17456126 44885604 
v -3028705.75 -17464524 44890300 
v -3020755.5 -17538652 44857436 
v -2980491.5 -17600786 44815188 
v -2932533.25 -17668196 44768244 
v -2881113.25 -17743524 44716608 
v -2835335 -17815614 44667316 
v -2805970.25 -17863354 44632108 
v -2783786.5 -17888782 44603940 
v -2755576 -17899338 44573428 
v -2709797.75 -17903896 44528832 
v -2635937.5 -17909654 44460764 
v -2547971.5 -17915532 44380960 
v -2459749.25 -17920570 44303500 
v -2384734.75 -17923808 44237780 
v -2337161.5 -17923928 44195532 
v -2303308.75 -17915532 44169712 
v -2267019.75 -17898498 44162668 
v -2218292.25 -17863234 44157976 
v -2143021.25 -17806138 44153280 
v -2054414.375 -17737648 44146240 
v -1966576.75 -17668316 44141544 
v -1892588.125 -17609062 44136852 
v -1846553.5 -17570318 44136852 
v -1820779.25 -17539012 44139196 
v -1807828 -17501708 44148588 
v -1800262.5 -17445452 44169712 
v -1790773.5 -17356930 44202572 
v -1780643.25 -17252334 44240128 
v -1771410.75 -17147858 44280028 
v -1764614.5 -17059576 44312888 
v -1761921.75 -17003440 44336360 
v -1767820.25 -16967094 44352792 
v -1788208.875 -16937828 44373916 
v -1827447.25 -16902802 44402084 
v -1890792.875 -16849664 44449028 
v -1966705 -16787772 44503012 
v -2043258.375 -16726717 44556996 
v -2108655.5 -16675739 44603940 
v -2151228 -16644672 44632108 
v -2184567.75 -16630638 44650884 
v -2222780.25 -16631358 44664968 
v -2279329.75 -16644072 44681400 
v -2367936.75 -16666143 44707216 
v -2472700.5 -16693611 44735384 
v -2577336.25 -16721919 44763552 
v -2665558.5 -16746748 44789368 
v -2721466.75 -16764021 44803452 
v -2756986.5 -16782974 44808148 
v -2784427.75 -16813080 44805800 
v -2815587.5 -16863818 44798760 
v -2862904.5 -16944664 44782328 
v -2917530.5 -17040744 44763552 
v -2971387 -17137182 44744772 
v -3016139.25 -17219108 44728344 
v -3043195.75 -17271766 44718952 
v -3054223.75 -17309310 44707216 
v -3050248.5 -17346254 44690788 
v -3032552.75 -17396872 44662620 
v -3029218.75 -17401670 44674356 
v -3022166.25 -17409226 44693136 
v -3011523 -17420502 44721300 
v -2999213 -17433816 44751816 
v -2986646.5 -17447010 44784676 
v -2975875 -17458406 44812840 
v -2968566 -17466322 44831620 
v -2964847.25 -17472200 44843356 
v -2964334.5 -17478198 44850396 
v -2967283.75 -17485874 44852744 
v -2974080 -17497150 44852744 
v -2984723 -17510464 44855092 
v -3000238.75 -17524858 44855092 
v -2962411 -17586752 44815188 
v -2916504.5 -17659560 44765896 
v -2868931.25 -17740646 44711912 
v -2829564.75 -17814414 44660272 
v -2806226.75 -17860474 44625064 
v -2788018.25 -17883386 44592204 
v -2763013.25 -17891542 44554652 
v -2720441 -17892502 44500664 
v -2648375.75 -17896340 44427904 
v -2560410 -17902338 44350444 
v -2470264.25 -17909294 44275336 
v -2391915.75 -17916132 44219004 
v -2341649.5 -17918290 44183796 
v -2306129.75 -17910134 44165016 
v -2269969 -17893222 44157976 
v -2221369.75 -17858076 44153280 
v -2146355.25 -17801220 44148588 
v -2058261.25 -17732970 44141544 
v -1970808.375 -17663998 44136852 
v -1897204.375 -17605104 44132156 
v -1851426.25 -17566480 44132156 
v -1825652 -17535294 44134504 
v -1812829 -17498228 44143892 
v -1805263.5 -17442212 44165016 
v -1795774.375 -17354170 44197876 
v -1785644.25 -17249934 44235432 
v -1776539.875 -17145938 44275336 
v -1769743.75 -17058016 44308196 
v -1766922.625 -17002240 44329320 
v -1773206 -16966016 44348096 
v -1793209.875 -16936868 44366876 
v -1832448.25 -16901962 44397388 
v -1895409.125 -16849064 44441984 
v -1971064.875 -16787532 44495972 
v -2047233.5 -16726717 44549956 
v -2112246 -16675979 44596900 
v -2154690.25 -16645032 44625064 
v -2187901.75 -16631118 44643844 
v -2225857.75 -16631717 44657928 
v -2282150.75 -16644432 44674356 
v -2370373 -16666503 44700176 
v -2474624 -16693731 44728344 
v -2578875 -16721919 44756508 
v -2666712.5 -16746748 44779980 
v -2722364.5 -16763781 44794064 
v -2757756 -16782614 44801104 
v -2785068.75 -16812720 44798760 
v -2816100.5 -16863218 44789368 
v -2862904.5 -16943704 44775288 
v -2917530.5 -17039304 44756508 
v -2971258.75 -17135264 44737732 
v -3015626.5 -17216828 44721300 
v -3042683 -17269246 44711912 
v -3053582.5 -17306670 44700176 
v -3049607.25 -17343374 44683744 
v -3032039.75 -17393754 44655580 
v -3002290.5 -17472080 44613332 
v -3002675.25 -17475438 44618024 
v -2999213 -17480356 44629760 
v -2992160.25 -17487914 44648536 
v -2981517.25 -17499188 44676704 
v -2969079 -17512502 44709564 
v -2956768.75 -17525698 44740080 
v -2945997.5 -17537212 44768244 
v -2938688.5 -17545010 44789368 
v -2935098 -17550886 44801104 
v -2935226.25 -17556644 44808148 
v -2939842.5 -17563722 44810496 
v -2948818.5 -17574156 44812840 
v -2905476.75 -17652724 44761204 
v -2862648 -17738126 44704872 
v -2828667 -17811896 44653232 
v -2810202 -17855438 44610984 
v -2795327.25 -17875588 44573428 
v -2773784.75 -17880026 44526484 
v -2733007.5 -17879186 44467804 
v -2660685.75 -17883146 44395040 
v -2570924.75 -17891062 44322280 
v -2477445 -17901738 44256556 
v -2396275.5 -17910614 44207268 
v -2344214.25 -17912892 44179100 
v -2308053.25 -17903296 44165016 
v -2272148.75 -17886384 44157976 
v -2224190.75 -17851598 44153280 
v -2149817.5 -17795222 44148588 
v -2062492.875 -17727692 44141544 
v -1975681.125 -17659320 44136852 
v -1902846.5 -17600906 44132156 
v -1857453 -17562642 44132156 
v -1832063.5 -17531694 44134504 
v -1819240.5 -17494990 44143892 
v -1811675 -17439454 44165016 
v -1802314.125 -17352252 44195532 
v -1792312.25 -17249094 44235432 
v -1783336.125 -17145938 44272988 
v -1776668.125 -17058736 44305848 
v -1773718.875 -17003560 44329320 
v -1779873.875 -16967574 44345752 
v -1799877.75 -16938666 44364528 
v -1838603.25 -16904242 44395040 
v -1901179.5 -16851824 44439636 
v -1975937.625 -16790770 44493624 
v -2051465 -16730435 44547608 
v -2116093 -16680177 44592204 
v -2157896 -16649470 44620372 
v -2190851 -16635796 44639148 
v -2228550.75 -16636275 44653232 
v -2284330.75 -16648870 44669664 
v -2371783.5 -16670821 44695480 
v -2475008.75 -16697809 44723648 
v -2578234 -16725757 44751816 
v -2665302 -16750227 44775288 
v -2720569.25 -16767260 44789368 
v -2755576 -16785972 44794064 
v -2782632.5 -16815720 44794064 
v -2813407.75 -16865738 44784676 
v -2859827 -16945504 44770592 
v -2913811.75 -17040264 44751816 
v -2967155.5 -17135384 44733036 
v -3011138.25 -17216108 44716608 
v -3037938.5 -17268046 44704872 
v -3048709.75 -17305112 44695480 
v -3044734.5 -17341576 44679052 
v -3027423.5 -17391594 44650884 
v -2997930.75 -17469082 44608636 
v -2961898 -17560122 44556996 
v -2966001.5 -17563962 44561692 
v -2966257.75 -17567800 44566388 
v -2962667.5 -17572838 44578124 
v -2955614.75 -17580394 44596900 
v -2944971.75 -17591790 44625064 
v -2932661.5 -17604984 44657928 
v -2920223.25 -17618298 44688440 
v -2909580.25 -17629694 44716608 
v -2902142.75 -17637490 44735384 
v -2898680.75 -17643008 44749468 
v -2899706.5 -17647686 44756508 
v -2861365.75 -17734768 44695480 
v -2864699.75 -17729610 44683744 
v -2832129.25 -17806978 44639148 
v -2817382.75 -17847640 44592204 
v -2806098.5 -17864074 44545260 
v -2786094.75 -17866832 44493624 
v -2745189.25 -17865992 44434944 
v -2671328.75 -17871870 44369224 
v -2578105.75 -17883386 44303500 
v -2481676.75 -17896220 44247168 
v -2398712 -17905216 44202572 
v -2345753 -17905936 44179100 
v -2309976.75 -17892982 44167364 
v -2274713.5 -17876308 44160324 
v -2227396.5 -17842122 44155628 
v -2154177.25 -17786586 44150932 
v -2068263.125 -17720014 44146240 
v -1982733.75 -17652844 44139196 
v -1911053.25 -17595148 44136852 
v -1866300.875 -17557604 44134504 
v -1841296.125 -17527136 44136852 
v -1828729.5 -17490912 44148588 
v -1821292.25 -17436336 44167364 
v -1812059.625 -17350332 44197876 
v -1802185.875 -17248736 44237780 
v -1793338 -17147258 44275336 
v -1786670.125 -17061374 44308196 
v -1783977.25 -17007038 44329320 
v -1789875.875 -16971652 44345752 
v -1809623.25 -16943104 44364528 
v -1847707.625 -16909160 44392696 
v -1909258 -16857582 44437292 
v -1982990.25 -16797366 44491276 
v -2057363.625 -16737992 44542916 
v -2120965.75 -16688693 44589860 
v -2162255.75 -16658346 44618024 
v -2194698 -16644792 44634456 
v -2231756.5 -16645392 44648536 
v -2286638.75 -16657746 44664968 
v -2372809.5 -16679337 44688440 
v -2474624 -16705846 44716608 
v -2576182.25 -16733434 44744772 
v -2661968 -16757544 44768244 
v -2716209.25 -16774337 44782328 
v -2750831.5 -16792808 44787024 
v -2777375 -16822076 44787024 
v -2807637.25 -16871376 44777632 
v -2853415.5 -16949822 44763552 
v -2906631 -17043142 44744772 
v -2958948.75 -17136822 44725996 
v -3002418.75 -17216348 44711912 
v -3028834 -17267448 44700176 
v -3039349 -17304032 44688440 
v -3035502 -17339896 44672008 
v -3018447.5 -17389076 44646192 
v -2989339.25 -17465482 44603940 
v -2953947.75 -17555084 44552304 
v -2917530.5 -17644446 44503012 
v -2924839.5 -17650924 44505360 
v -2928686.5 -17655602 44507708 
v -2928814.75 -17659800 44514748 
v -2925352.5 -17664958 44526484 
v -2918299.75 -17672514 44545260 
v -2907656.75 -17683790 44573428 
v -2895218.5 -17696984 44603940 
v -2882780.25 -17710298 44636800 
v -2872008.75 -17721694 44664968 
v -2839438.5 -17799182 44620372 
v -2828154.25 -17836126 44564040 
v -2818537 -17850880 44512400 
v -2798533 -17853638 44460764 
v -2755832.5 -17854598 44406776 
v -2678381.5 -17864314 44350444 
v -2582080.75 -17877988 44291764 
v -2483472 -17890822 44240128 
v -2399737.75 -17898378 44202572 
v -2347163.5 -17895620 44181448 
v -2312284.75 -17878948 44172060 
v -2277662.75 -17862634 44167364 
v -2231500 -17829168 44162668 
v -2159947.5 -17774832 44157976 
v -2075828.75 -17709820 44150932 
v -1992351 -17644086 44146240 
v -1922209.25 -17587710 44141544 
v -1878482.75 -17551006 44141544 
v -1853862.625 -17521140 44143892 
v -1841552.5 -17485754 44153280 
v -1834371.625 -17432258 44172060 
v -1825267.375 -17348292 44202572 
v -1815778.25 -17248974 44240128 
v -1806930.375 -17149778 44277680 
v -1800518.875 -17065812 44310544 
v -1797954.375 -17012556 44331668 
v -1803724.625 -16978010 44348096 
v -1822959.125 -16950062 44366876 
v -1860145.875 -16916956 44392696 
v -1920414 -16866458 44437292 
v -1992607.5 -16807682 44488928 
v -2065185.625 -16749627 44540568 
v -2127249 -16701288 44585164 
v -2167769.75 -16671660 44613332 
v -2199442.5 -16658466 44629760 
v -2235731.5 -16659066 44643844 
v -2289331.75 -16671061 44660272 
v -2373707 -16692172 44683744 
v -2473085.25 -16718201 44711912 
v -2572463.5 -16745069 44737732 
v -2656454.25 -16768699 44761204 
v -2709413.25 -16785132 44772940 
v -2743266 -16803124 44779980 
v -2769168.25 -16831672 44777632 
v -2798917.75 -16879892 44770592 
v -2843541.75 -16956780 44754160 
v -2895603.25 -17047940 44737732 
v -2946767 -17139462 44718952 
v -2989339.25 -17217308 44704872 
v -3015113.5 -17267208 44693136 
v -3025500 -17302952 44683744 
v -3021653.25 -17338098 44667316 
v -3004983.25 -17386196 44641496 
v -2976516.25 -17460804 44599248 
v -2941894.25 -17548608 44549956 
v -2906374.5 -17635930 44500664 
v -2875342.75 -17709220 44458416 
v -2885986 -17719534 44460764 
v -2892910.25 -17727092 44460764 
v -2896372.5 -17732490 44465456 
v -2896244.25 -17737048 44470152 
v -2892782 -17742326 44481888 
v -2885729.5 -17749882 44500664 
v -2874958 -17761158 44528832 
v -2862648 -17774472 44559344 
v -2850081.5 -17787666 44592204 
v -2840464.25 -17822930 44531180 
v -2830975.25 -17837684 44479540 
v -2809176 -17842242 44432596 
v -2762885 -17847040 44390348 
v -2682356.75 -17858796 44338708 
v -2583619.5 -17872710 44287072 
v -2483856.5 -17884104 44240128 
v -2400378.75 -17888064 44204920 
v -2348574 -17881466 44186140 
v -2314849.5 -17860594 44181448 
v -2281253.25 -17844762 44174404 
v -2236629.25 -17812376 44169712 
v -2167000.25 -17759718 44165016 
v -2085574.25 -17696624 44160324 
v -2004532.875 -17632812 44155628 
v -1936442.75 -17578116 44150932 
v -1894126.875 -17542490 44150932 
v -1870276 -17513582 44153280 
v -1858478.875 -17479278 44162668 
v -1851426.25 -17427460 44181448 
v -1842706.625 -17346014 44209612 
v -1833345.75 -17249574 44247168 
v -1824882.625 -17153376 44282376 
v -1818599.375 -17071930 44312888 
v -1816034.75 -17020232 44334016 
v -1821676.875 -16986766 44350444 
v -1840270.25 -16959778 44369224 
v -1876431.125 -16927632 44395040 
v -1934904 -16878572 44437292 
v -2004789.375 -16821596 44488928 
v -2075315.875 -16765221 44538220 
v -2135584 -16718441 44580468 
v -2174694 -16689773 44606288 
v -2205597.5 -16676818 44625064 
v -2240732.5 -16677418 44636800 
v -2292794 -16689173 44653232 
v -2374476.5 -16709564 44676704 
v -2470905.25 -16734754 44702524 
v -2567334.25 -16760902 44728344 
v -2648632.25 -16783812 44751816 
v -2700180.5 -16799646 44763552 
v -2733007.5 -16817158 44770592 
v -2758140.5 -16844866 44768244 
v -2786992.25 -16891646 44758856 
v -2830334 -16966136 44744772 
v -2880728.5 -17054658 44728344 
v -2930353.5 -17143420 44711912 
v -2971515.25 -17218868 44695480 
v -2996520.25 -17267448 44686092 
v -3006650.25 -17301992 44676704 
v -3002931.75 -17336058 44660272 
v -2986774.75 -17382718 44634456 
v -2959205.25 -17455048 44594552 
v -2925480.75 -17540212 44547608 
v -2891115 -17624896 44498316 
v -2861237.5 -17696024 44458416 
v -2840849 -17740646 44432596 
v -2854569.5 -17755280 44432596 
v -2864571.5 -17766554 44432596 
v -2871239.5 -17774832 44434944 
v -2874317 -17780588 44437292 
v -2874188.75 -17785386 44441984 
v -2870726.5 -17790784 44453720 
v -2863545.75 -17798342 44472500 
v -2852902.5 -17809736 44500664 
v -2841490 -17826290 44451372 
v -2816228.75 -17834686 44413820 
v -2766732 -17841524 44378612 
v -2683382.5 -17853638 44334016 
v -2582978.5 -17866112 44284724 
v -2483087.25 -17874030 44242476 
v -2400635.25 -17874150 44209612 
v -2350112.75 -17863114 44193184 
v -2318055.25 -17837684 44190836 
v -2285997.75 -17822452 44186140 
v -2242784.25 -17791384 44181448 
v -2176104.5 -17740646 44176752 
v -2097756 -17680072 44172060 
v -2019920.5 -17618778 44167364 
v -1954523.125 -17566360 44162668 
v -1913746 -17532054 44162668 
v -1890921.125 -17504226 44165016 
v -1879508.625 -17471240 44174404 
v -1872712.375 -17421462 44190836 
v -1864377.5 -17343134 44219004 
v -1855273.125 -17250654 44254208 
v -1847194.625 -17158174 44289416 
v -1841296.125 -17079846 44319932 
v -1838603.25 -17030308 44338708 
v -1844117.125 -16998042 44352792 
v -1861941.125 -16972132 44371568 
v -1896819.625 -16941186 44397388 
v -1952984.375 -16894166 44437292 
v -2020048.75 -16839350 44486580 
v -2087882.375 -16785252 44535872 
v -2145714 -16740151 44575776 
v -2183413.75 -16712563 44601596 
v -2213034.75 -16700208 44618024 
v -2246887.5 -16700808 44629760 
v -2296769 -16712083 44646192 
v -2375245.75 -16731755 44667316 
v -2468084.25 -16755985 44693136 
v -2560538.25 -16780934 44718952 
v -2638758.5 -16803004 44740080 
v -2688255.25 -16818238 44751816 
v -2719799.75 -16835030 44756508 
v -2743907 -16861780 44756508 
v -2771604.75 -16906640 44747120 
v -2813279.5 -16978250 44735384 
v -2861750.5 -17063294 44718952 
v -2909580.25 -17148578 44702524 
v -2949075 -17221146 44686092 
v -2973054 -17267686 44676704 
v -2982671.25 -17300912 44667316 
v -2979209 -17333658 44653232 
v -2963693.25 -17378520 44627412 
v -2937021.5 -17447970 44589860 
v -2904835.75 -17529776 44542916 
v -2871752.25 -17611220 44498316 
v -2842900.5 -17679592 44458416 
v -2823537.75 -17722414 44432596 
v -2803918.75 -17747124 44416168 
v -2820588.5 -17766434 44413820 
v -2833668 -17781788 44413820 
v -2843285.25 -17793664 44413820 
v -2849568.5 -17802420 44413820 
v -2852646 -17808418 44416168 
v -2852261.5 -17813334 44423208 
v -2848542.75 -17818732 44434944 
v -2819947.5 -17829288 44404432 
v -2820332 -17824250 44397388 
v -2767373.25 -17836606 44371568 
v -2681843.75 -17847160 44331668 
v -2580798.5 -17856396 44287072 
v -2481548.5 -17860474 44244820 
v -2400507 -17856036 44216656 
v -2352036.25 -17840084 44202572 
v -2321902 -17809616 44204920 
v -2291383.25 -17795222 44197876 
v -2250349.75 -17765596 44195532 
v -2187132.5 -17717616 44190836 
v -2112502.5 -17659920 44186140 
v -2038642 -17601744 44181448 
v -1976578.75 -17551846 44176752 
v -1937725 -17519220 44176752 
v -1916054.125 -17492832 44179100 
v -1905282.875 -17461524 44188488 
v -1898871.375 -17414144 44204920 
v -1890792.875 -17339776 44230740 
v -1882201.5 -17251854 44263600 
v -1874507.625 -17163932 44296460 
v -1868737.25 -17089562 44326972 
v -1866300.875 -17042422 44343404 
v -1871686.625 -17011836 44359832 
v -1888484.75 -16987126 44376264 
v -1921696.25 -16957738 44399736 
v -1975040 -16912998 44439636 
v -2038898.5 -16861060 44484236 
v -2103141.75 -16809602 44531180 
v -2158280.75 -16766780 44568732 
v -2194056.75 -16740511 44594552 
v -2222139.25 -16728756 44608636 
v -2254196.75 -16729356 44622720 
v -2301770 -16740031 44634456 
v -2376271.75 -16758743 44655580 
v -2464365.75 -16781774 44681400 
v -2552331.5 -16805524 44704872 
v -2626704.75 -16826514 44725996 
v -2673637 -16841028 44737732 
v -2703642.75 -16856982 44742424 
v -2726724.25 -16882290 44740080 
v -2752883.25 -16924992 44733036 
v -2792506.25 -16993004 44721300 
v -2838540.75 -17073730 44704872 
v -2883934.25 -17154814 44688440 
v -2921633.75 -17223786 44674356 
v -2944330.5 -17268046 44664968 
v -2953563 -17299714 44655580 
v -2950101 -17330780 44641496 
v -2935354.5 -17373242 44620372 
v -2910221.25 -17439454 44582816 
v -2879446.25 -17517060 44538220 
v -2848158 -17594428 44495972 
v -2820716.75 -17659440 44458416 
v -2802123.5 -17700104 44434944 
v -2783658.25 -17723614 44416168 
v -2756473.5 -17737048 44402084 
v -2775323.5 -17761278 44399736 
v -2790839.25 -17781068 44397388 
v -2802892.75 -17796902 44395040 
v -2811740.75 -17809136 44395040 
v -2817511 -17818132 44395040 
v -2765193.25 -17830248 44369224 
v -2678253.25 -17837804 44331668 
v -2576951.5 -17843082 44289416 
v -2479112 -17842722 44251864 
v -2400250.75 -17833246 44226044 
v -2354216 -17811896 44216656 
v -2327672.5 -17768474 44223696 
v -2297666.75 -17756720 44216656 
v -2258941.25 -17731290 44211960 
v -2201750.5 -17685350 44209612 
v -2134173.5 -17630532 44204920 
v -2064801 -17578354 44200224 
v -2006328.125 -17534094 44195532 
v -1972090.625 -17502668 44195532 
v -1952984.375 -17476038 44200224 
v -1940289.625 -17446530 44207268 
v -1932339.375 -17403110 44221348 
v -1927082 -17334618 44247168 
v -1921439.875 -17253534 44280028 
v -1912079 -17172328 44308196 
v -1904641.75 -17103716 44334016 
v -1904769.875 -17060656 44350444 
v -1911950.75 -17032108 44366876 
v -1926184.375 -17006918 44380960 
v -1954907.875 -16978250 44404432 
v -2005686.875 -16938786 44439636 
v -2066083.25 -16892606 44481888 
v -2123915 -16843308 44524136 
v -2173155.25 -16802164 44561692 
v -2207521 -16779854 44582816 
v -2235475 -16770858 44596900 
v -2265865.5 -16769059 44610984 
v -2309592 -16776616 44622720 
v -2378195 -16796048 44641496 
v -2459236.5 -16819318 44662620 
v -2540662.5 -16839230 44686092 
v -2609393.75 -16856382 44704872 
v -2652222.5 -16871856 44716608 
v -2679920.25 -16889128 44718952 
v -2703514.5 -16911918 44718952 
v -2729545.25 -16950182 44714260 
v -2764167.5 -17013636 44700176 
v -2804816.25 -17089082 44686092 
v -2848542.75 -17163092 44672008 
v -2885088.25 -17225704 44660272 
v -2904194.5 -17267088 44650884 
v -2910606 -17297794 44641496 
v -2909836.75 -17328022 44627412 
v -2898296 -17368084 44606288 
v -2873034.75 -17427938 44573428 
v -2842644.25 -17498588 44531180 
v -2815715.75 -17571038 44491276 
v -2792506.25 -17631972 44458416 
v -2773528.25 -17668196 44434944 
v -2753780.75 -17689188 44420860 
v -2729160.5 -17704062 44404432 
v -2688896.25 -17715696 44383304 
v -2711849.5 -17747364 44380960 
v -2728263 -17772192 44376264 
v -2741855.25 -17792464 44373916 
v -2752498.5 -17808656 44371568 
v -2760192.25 -17821132 44369224 
v -2672226.5 -17824850 44334016 
v -2571694.25 -17825930 44294112 
v -2475906.25 -17820412 44258904 
v -2400122.5 -17805418 44235432 
v -2358704 -17773032 44233084 
v -2336263.75 -17706100 44251864 
v -2304462.75 -17700822 44242476 
v -2267789 -17684390 44235432 
v -2221882.75 -17639288 44235432 
v -2166743.75 -17586272 44237780 
v -2102372.25 -17545968 44228392 
v -2047874.625 -17512742 44221348 
v -2022485 -17480716 44223696 
v -2009020.875 -17450610 44230740 
v -1989914.625 -17423020 44235432 
v -1976194 -17385836 44244820 
v -1978502.125 -17326702 44270640 
v -1980425.625 -17256172 44301152 
v -1965422.75 -17185042 44324624 
v -1952086.75 -17125188 44343404 
v -1959011.25 -17088844 44359832 
v -1973116.5 -17062694 44376264 
v -1981195 -17033546 44392696 
v -2000686 -17003560 44411472 
v -2049669.875 -16974892 44441984 
v -2107116.75 -16940106 44479540 
v -2152766.75 -16891646 44517096 
v -2190722.75 -16850264 44547608 
v -2224703.75 -16836950 44566388 
v -2255735.5 -16834552 44578124 
v -2284843.75 -16825794 44594552 
v -2323184.5 -16825554 44608636 
v -2381657.25 -16848946 44620372 
v -2451414.5 -16875934 44636800 
v -2523351.5 -16886728 44660272 
v -2584004.25 -16895006 44681400 
v -2619395.75 -16914678 44686092 
v -2644144 -16937828 44686092 
v -2672226.5 -16956060 44688440 
v -2700437 -16985806 44688440 
v -2724544.25 -17043622 44674356 
v -2753909 -17112114 44655580 
v -2798148.25 -17174006 44648536 
v -2835848 -17225704 44641496 
v -2845978 -17263608 44629760 
v -2845721.75 -17294796 44618024 
v -2851748.5 -17326342 44606288 
v -2848542.75 -17363646 44589860 
v -2820204 -17412346 44559344 
v -2787120.5 -17470760 44521788 
v -2770066 -17537212 44488928 
v -2756473.5 -17593348 44460764 
v -2733648.75 -17620936 44439636 
v -2708772 -17636770 44423208 
v -2687998.75 -17657762 44406776 
v -2655941.25 -17674434 44388000 
v -2596442.5 -17677432 44364528 
v -2622729.75 -17726852 44355140 
v -2640682 -17761876 44345752 
v -2653505 -17787426 44341056 
v -2664019.75 -17808298 44336360 
v -2564769.75 -17804338 44301152 
v -2471931.25 -17793304 44268292 
v -2401533 -17769194 44251864 
v -2367167.25 -17717496 44258904 
v -2348830.5 -17615420 44294112 
v -2309079 -17622616 44275336 
v -2276893.5 -17633292 44258904 
v -2254966 -17582314 44272988 
v -2213547.75 -17522698 44280028 
v -2146740 -17497750 44265944 
v -2093011.5 -17489832 44247168 
v -2094422.125 -17455048 44263600 
v -2090190.5 -17413664 44277680 
v -2055440.125 -17386196 44275336 
v -2023510.875 -17366644 44270640 
v -2048131 -17323104 44298808 
v -2308438 -17517180 44319932 
v -2139046.25 -17331260 44331668 
v -2203417.5 -17362326 44343404 
v -2193159.25 -17427220 44312888 
v -2278047.5 -17435136 44341056 
v -2366269.75 -17489592 44352792 
v -2383965.5 -17642528 44296460 
v -2405764.5 -17721094 44272988 
v -2466930.25 -17755880 44282376 
v -2556434.75 -17777950 44308196 
v -2544124.75 -17739566 44319932 
v -2460518.75 -17702742 44301152 
v -2410893.75 -17668916 44296460 
v -2412689 -17544890 44348096 
v -2444874.75 -17632812 44324624 
v -2525787.75 -17681750 44336360 
v -2499372.5 -17598746 44359832 
v -2462827 -17484434 44392696 
v -2396147.25 -17274764 44451372 
v -2182003.25 -17265168 44373916 
v -2065313.875 -17260010 44331668 
v -2036333.875 -17194758 44348096 
v -2003378.75 -17148698 44352792 
v -2126351.25 -17194638 44380960 
v -2185465.5 -17169208 44413820 
v -2032102.25 -17131784 44371568 
v -2061979.875 -17107196 44392696 
v -2058389.5 -17065932 44409124 
v -2050695.625 -17030788 44420860 
v -2103270 -17027550 44441984 
v -2163281.5 -17102878 44432596 
v -2166231 -17008358 44472500 
v -2247144 -17102398 44465456 
v -2196877.75 -16951982 44507708 
v -2209444.5 -16902562 44533524 
v -2262788 -17022512 44505360 
v -2326133.75 -17055498 44514748 
v -2243810 -16916236 44540568 
v -2285228.25 -16927032 44552304 
v -2315618.75 -16902922 44573428 
v -2337930.75 -16878692 44592204 
v -2378836.25 -16918156 44592204 
v -2362807.5 -17003800 44549956 
v -2440130.25 -16957378 44599248 
v -2424486 -17069292 44547608 
v -2507451 -16952222 44627412 
v -2556050 -16936628 44653232 
v -2499372.5 -17040264 44587512 
v -2519632.75 -17106956 44568732 
v -2570283.5 -16970574 44643844 
v -2591954.5 -17008598 44636800 
v -2633372.75 -17019872 44648536 
v -2669020.75 -17024790 44660272 
v -2667610.25 -17077328 44636800 
v -2587338.25 -17108874 44594552 
v -2680946 -17145340 44615676 
v -2580413.75 -17191040 44556996 
v -2734161.5 -17195358 44615676 
v -2782119.5 -17225344 44620372 
v -2658377.75 -17234582 44568732 
v -2619908.75 -17284720 44533524 
v -2765578 -17254012 44603940 
v -2751088 -17290598 44582816 
v -2772374 -17328860 44575776 
v -2794558 -17359208 44571080 
v -2751729 -17385118 44542916 
v -2667995 -17338696 44531180 
v -2707233.25 -17430698 44507708 
v -2597468.5 -17375762 44488928 
v -2706464 -17498228 44479540 
v -2717620 -17551246 44463108 
v -2619780.5 -17459246 44463108 
v -2551690.25 -17454928 44437292 
v -2543868.25 -17520540 44409124 
v -2567975.5 -17609902 44380960 
v -2620036.75 -17630052 44392696 
v -2628243.5 -17597066 44409124 
v -2642990 -17560602 44430248 
v -2682613 -17553046 44449028 
v -3539830.75 -17631612 44880908 
v -3444171 -17620456 44885604 
v -3632669.25 -17641088 44873868 
v -3722302 -17648526 44862132 
v -3808344.25 -17654162 44848048 
v -3890539.75 -17658002 44831620 
v -3968888.25 -17659800 44812840 
v -4042748.75 -17659680 44791716 
v -4112249.25 -17657762 44765896 
v -4176877.25 -17653922 44737732 
v -4236632.5 -17648046 44707216 
v -4291130 -17640368 44674356 
v -4340627 -17630892 44639148 
v -4384353.5 -17619618 44601596 
v -4422437.5 -17606422 44561692 
v -4456547 -17592030 44521788 
v -4487835 -17576556 44477192 
v -4476679 -17763916 44336360 
v -4447186 -17778550 44380960 
v -4412436 -17958114 44230740 
v -4416282.5 -17792464 44423208 
v -4382558 -17805178 44465456 
v -4344858.5 -17816094 44505360 
v -4301517 -17824490 44545260 
v -4253046 -17830608 44582816 
v -4199189.5 -17834206 44615676 
v -4140331.75 -17835406 44648536 
v -4076858 -17834206 44679052 
v -4008511.25 -17830368 44707216 
v -3935805 -17824130 44733036 
v -3858867 -17815494 44756508 
v -3778082 -17804458 44775288 
v -3693578.5 -17791024 44794064 
v -3605740.75 -17775312 44808148 
v -3514569.25 -17757318 44819884 
v -3563168.5 -17903776 44737732 
v -3648441.5 -17927286 44718952 
v -3730508.75 -17948158 44697828 
v -3809113.75 -17966150 44674356 
v -3883743.5 -17981384 44648536 
v -3954526.5 -17993498 44620372 
v -4020949.5 -18002854 44589860 
v -4082884.75 -18009092 44556996 
v -4140203.5 -18012330 44521788 
v -4192649.5 -18012450 44484236 
v -4240351 -18009692 44446680 
v -4282667 -18003934 44404432 
v -4319725.5 -17995178 44362180 
v -4352809 -17984022 44319932 
v -4383327.5 -17971428 44275336 
v -4325624 -18141156 44122768 
v -4297029 -18153270 44169712 
v -4217269.5 -18310404 44012448 
v -4267279.5 -18164546 44214308 
v -4234837 -18174142 44256556 
v -4198676.5 -18180858 44301152 
v -4157514.5 -18184098 44343404 
v -4111480 -18183858 44383304 
v -4060701 -18180020 44420860 
v -4005305.5 -18172582 44458416 
v -3945550.25 -18161666 44495972 
v -3881563.5 -18147274 44528832 
v -3813473.5 -18129400 44561692 
v -3741793 -18108050 44589860 
v -3666265.5 -18083460 44618024 
v -3587660.5 -18055752 44643844 
v -3586121.75 -18208686 44535872 
v -3657674 -18239394 44505360 
v -3725764.25 -18266262 44470152 
v -3790520.25 -18289412 44434944 
v -3851429.5 -18308604 44399736 
v -3908492 -18323958 44359832 
v -3961322.75 -18335114 44319932 
v -4009921.75 -18342310 44277680 
v -4054289.5 -18345548 44235432 
v -4093912.5 -18344590 44193184 
v -4128791 -18339552 44148588 
v -4160335.5 -18331514 44103988 
v -4189315.5 -18321438 44057048 
v -4088270.25 -18463458 43899784 
v -4061085.5 -18473654 43946728 
v -3940677.75 -18599000 43787120 
v -4033003.25 -18482650 43993672 
v -4002741 -18489488 44038268 
v -3969016.5 -18492846 44085212 
v -3931188.5 -18491646 44129808 
v -3889129.25 -18485770 44174404 
v -3843094.5 -18475574 44216656 
v -3793213.25 -18460820 44258904 
v -3739484.75 -18441628 44301152 
v -3682166 -18418118 44341056 
v -3621513.25 -18390290 44380960 
v -3557526.5 -18358264 44418512 
v -3502131 -18499924 44289416 
v -3558167.5 -18531950 44247168 
v -3611254.75 -18559298 44202572 
v -3661264.5 -18581968 44160324 
v -3707812 -18599840 44113380 
v -3751025.5 -18612676 44068780 
v -3790520.25 -18620832 44021840 
v -3826296.5 -18623830 43974896 
v -3858354 -18621912 43927952 
v -3887334 -18616394 43881008 
v -3914518.75 -18608356 43834064 
v -3776543.25 -18715232 43676800 
v -3751282 -18723868 43726092 
v -3597662.5 -18810590 43568832 
v -3725379.5 -18731064 43773036 
v -3697681.75 -18735742 43819980 
v -3667547.75 -18736222 43869272 
v -3634079.75 -18731544 43916216 
v -3597149.5 -18721588 43965504 
v -3557270 -18706236 44012448 
v -3514441 -18685844 44059392 
v -3468791.25 -18660294 44106336 
v -3420192 -18629588 44153280 
v -3313248.25 -18743060 44014796 
v -3354538.25 -18771128 43963160 
v -3393392 -18793678 43913868 
v -3429552.75 -18810830 43864576 
v -3463405.5 -18822466 43812940 
v -3494437.25 -18828464 43763648 
v -3522647.75 -18828944 43714356 
v -3548806.75 -18825224 43667412 
v -3573555.25 -18818628 43618120 
v -3405958.5 -18883640 43465556 
v -3383133.5 -18891076 43514844 
v -3204381 -18933538 43366972 
v -3359667.5 -18897194 43564136 
v -3335303.75 -18900312 43613428 
v -3309145 -18899114 43665064 
v -3280806 -18892036 43714356 
v -3250287.25 -18879202 43765996 
v -3217717 -18860610 43819980 
v -3183351.25 -18836260 43871616 
v -3032937.5 -18906310 43728440 
v -3061532.75 -18925862 43674456 
v -3088461 -18939536 43622816 
v -3113978.75 -18947332 43568832 
v -3138086 -18949132 43517192 
v -3160782.75 -18946374 43467900 
v -3182838.25 -18940736 43418612 
v -2995237.75 -18960048 43277780 
v -2974977.5 -18967124 43327068 
v -2781222 -18962566 43193280 
v -2954460.75 -18972642 43378708 
v -2933431 -18975042 43428000 
v -2911888.25 -18973002 43481984 
v -2889191.75 -18964846 43535968 
v -2865597.25 -18950692 43589956 
v -2685177.75 -18967364 43456164 
v -2704797 -18975520 43399832 
v -2724159.5 -18977560 43348196 
v -2743394 -18975162 43296556 
v -2762244 -18969644 43244920 
v -2565026.25 -18940856 43118172 
v -2547458.75 -18947932 43169808 
v -2349215 -18895394 43054796 
v -2530019.5 -18953690 43221448 
v -2512708.25 -18956330 43275432 
v -2495653.75 -18954410 43329416 
v -2301770 -18911828 43212056 
v -2317029.25 -18908710 43158072 
v -2333058 -18902832 43106436 
v -2136609.75 -18826904 43000812 
v -2121735 -18834700 43052448 
v -1929903 -18736102 42958560 
v -2107373.25 -18841178 43106436 
v -1916438.875 -18744620 43012548 
v -1732044.125 -18623950 42930396 
v -1721272.75 -17442332 -30820662 
v -1713322.5 -17337738 -30860564 
v -1778719.875 -17351652 -30898120 
v -1782438.5 -17255932 -30938022 
v -1717297.625 -17234342 -30905162 
v -1797185 -17162612 -30982618 
v -1733198.125 -17133464 -30952104 
v -1644463 -17208552 -30862912 
v -1640103.25 -17320824 -30815968 
v -1563165.25 -17301632 -30761982 
v -1572782.5 -17424580 -30717386 
v -1648822.875 -17434296 -30771372 
v -1596120.25 -17547528 -30675136 
v -1670493.75 -17547888 -30733816 
v -1741276.625 -17547048 -30785454 
v -1786157.125 -17448450 -30862912 
v -1839116.125 -17451928 -30891078 
v -1832063.5 -17361368 -30926286 
v -1835654 -17271886 -30963840 
v -1849502.75 -17184682 -31003744 
v -1822702.75 -17072770 -31027214 
v -1760767.625 -17036426 -30999048 
v -1661774.125 -17099158 -30912202 
v -1568038 -17180004 -30813620 
v -1486740.125 -17281122 -30707998 
v -1496998.5 -17413544 -30658706 
v -1522259.875 -17546088 -30614110 
v -1452759.125 -17543330 -30550736 
v -1425830.875 -17401670 -30597680 
v -1414931.375 -17260130 -30651664 
v -1491997.5 -17150136 -30761982 
v -1586631.25 -17061614 -30867606 
v -1691651.625 -16993844 -30966188 
v -1799621.375 -16944424 -31050686 
v -1858478.875 -16987606 -31074158 
v -1873225.375 -17100598 -31045992 
v -1891305.75 -17200756 -31017826 
v -1878354.5 -17282800 -30980272 
v -1875405.25 -17367244 -30945064 
v -1882201.5 -17453128 -30912202 
v -1898614.875 -17539252 -30884036 
v -1856427.25 -17542490 -30860564 
v -1804494 -17545248 -30830050 
v -1772564.75 -17650324 -30754940 
v -1704474.625 -17659920 -30700956 
v -1632922.375 -17668916 -30639928 
v -1561882.875 -17676834 -30574208 
v -1495203.25 -17683070 -30508486 
v -1432883.5 -17687628 -30442764 
v -1387874.75 -17539372 -30487362 
v -1359407.75 -17389076 -30539000 
v -1347738.75 -17238780 -30595332 
v -1420317 -17120270 -30710344 
v -1512001.375 -17022512 -30820662 
v -1619073.5 -16947544 -30926286 
v -1733711.125 -16894046 -31020174 
v -1849374.5 -16858780 -31104672 
v -1904641.75 -16908320 -31123450 
v -1906821.625 -17020952 -31090590 
v -1913746 -17121830 -31057728 
v -1923876.25 -17212270 -31027214 
v -1912079 -17289158 -30992008 
v -1909770.875 -17369044 -30959146 
v -1917080 -17451808 -30928632 
v -1933365.25 -17535654 -30900466 
v -1958113.625 -17618538 -30874648 
v -1924260.875 -17624296 -30858218 
v -1883483.75 -17631852 -30834746 
v -1833602.25 -17640848 -30801884 
v -1815137.125 -17750842 -30729122 
v -1750637.5 -17768954 -30672790 
v -1683060.25 -17787066 -30609416 
v -1615739.5 -17804218 -30541346 
v -1552778.625 -17819212 -30473278 
v -1493921 -17832048 -30407556 
v -1439679.75 -17842722 -30339488 
v -1375308.25 -17690388 -30377044 
v -1327863.125 -17534094 -30423988 
v -1297729.125 -17375642 -30477972 
v -1285547.25 -17217188 -30536652 
v -1353637.375 -17090282 -30656358 
v -1441987.875 -16983768 -30773718 
v -1546880 -16899564 -30884036 
v -1664723.375 -16839350 -30987312 
v -1787824.125 -16801086 -31078854 
v -1909386.25 -16780334 -31156310 
v -1960165.25 -16835750 -31172740 
v -1950035.125 -16946704 -31135186 
v -1945547 -17046860 -31099978 
v -1945162.375 -17138502 -31064770 
v -1948368.125 -17220308 -31031910 
v -1937981.5 -17291316 -31001396 
v -1937212.125 -17366884 -30968536 
v -1945675.25 -17448330 -30940368 
v -1962345.25 -17532174 -30912202 
v -1986708.875 -17615180 -30886384 
v -2017868.75 -17693986 -30865258 
v -1990940.5 -17698304 -30853522 
v -1959011.25 -17706820 -30837092 
v -1920285.75 -17718936 -30813620 
v -1872968.875 -17733928 -30778412 
v -1868609 -17847520 -30710344 
v -1808597.375 -17873790 -30651664 
v -1745764.75 -17900658 -30585944 
v -1683316.75 -17926566 -30515528 
v -1624972 -17949956 -30447458 
v -1570602.5 -17970828 -30377044 
v -1520592.875 -17989060 -30308974 
v -1474814.75 -18004654 -30240906 
v -1390182.875 -17851358 -30271420 
v -1322605.75 -17691586 -30311322 
v -1272724.25 -17527616 -30360612 
v -1241179.625 -17361488 -30416946 
v -1228356.625 -17195358 -30480320 
v -1291574 -17060536 -30602374 
v -1376462.375 -16945504 -30724428 
v -1479174.5 -16852304 -30839440 
v -1595992.125 -16783094 -30947410 
v -1723196.25 -16738592 -31048340 
v -1852965 -16716042 -31135186 
v -1978886.875 -16710044 -31210296 
v -2024408.5 -16770738 -31222032 
v -2001968.25 -16878932 -31182130 
v -1986708.875 -16976690 -31142228 
v -1975809.375 -17067852 -31104672 
v -1968500.25 -17152416 -31067118 
v -1965935.625 -17226064 -31036604 
v -1957728.875 -17289998 -31008438 
v -1959139.5 -17360888 -30980272 
v -1969654.25 -17442572 -30949758 
v -1987863 -17529296 -30921592 
v -2012226.625 -17615180 -30895772 
v -2041463.125 -17694586 -30874648 
v -2074033.5 -17761876 -30858218 
v -2054799 -17765116 -30848828 
v -2031461.125 -17773152 -30839440 
v -2002353 -17785746 -30820662 
v -1966576.75 -17802540 -30794844 
v -1922337.375 -17823290 -30759636 
v -1931826.5 -17939042 -30696262 
v -1877200.5 -17973108 -30635234 
v -1820138.125 -18008132 -30567166 
v -1763588.75 -18042318 -30499098 
v -1710757.875 -18073744 -30426334 
v -1661517.625 -18102172 -30355918 
v -1616508.875 -18127602 -30285502 
v -1575475.25 -18149912 -30217434 
v -1538673.25 -18169104 -30147018 
v -1433781.125 -18017608 -30172838 
v -1345430.625 -17857596 -30205698 
v -1274904.125 -17690988 -30247948 
v -1222971 -17519940 -30297238 
v -1190015.875 -17346614 -30355918 
v -1176680 -17173288 -30421640 
v -1234768.125 -17031148 -30548388 
v -1315681.25 -16907840 -30672790 
v -1415828.875 -16806124 -30794844 
v -1531620.625 -16727797 -30909856 
v -1659209.5 -16674539 -31015478 
v -1793851 -16646471 -31111714 
v -1928236 -16639754 -31193866 
v -2056850.75 -16648870 -31261934 
v -2096602 -16714122 -31271322 
v -2062108.125 -16818118 -31229074 
v -2036205.625 -16912158 -31186824 
v -2016073.5 -17000560 -31146922 
v -1998634.25 -17086444 -31104672 
v -1984913.625 -17165610 -31067118 
v -1977989.25 -17229784 -31038950 
v -1971962.5 -17286160 -31013132 
v -1976065.75 -17352610 -30989660 
v -1989401.75 -17435616 -30959146 
v -2009405.625 -17526536 -30930980 
v -2034154 -17616978 -30902814 
v -2061467 -17698304 -30879342 
v -2089292.875 -17761996 -30862912 
v -2121991.5 -17813694 -30853522 
v -2112502.5 -17820292 -30848828 
v -2098653.75 -17829768 -30839440 
v -2079419.125 -17842962 -30827704 
v -2053901.375 -17860236 -30808926 
v -2021331 -17881706 -30783108 
v -1980938.5 -17907974 -30745552 
v -2004404.625 -18024206 -30686872 
v -1955933.75 -18065468 -30625846 
v -1905282.875 -18108290 -30557776 
v -1855273.125 -18150272 -30487362 
v -1808725.625 -18189016 -30414598 
v -1765640.375 -18224520 -30344182 
v -1726145.5 -18256666 -30273766 
v -1690497.625 -18285334 -30203352 
v -1658696.5 -18310284 -30132936 
v -1630870.625 -18331514 -30064868 
v -1506231.125 -18185056 -30078950 
v -1397363.75 -18027684 -30104770 
v -1305551.125 -17861554 -30139978 
v -1232460 -17688588 -30182226 
v -1178475.25 -17511064 -30236212 
v -1144237.75 -17331140 -30297238 
v -1130389 -17151216 -30365308 
v -1183348 -17002120 -30494402 
v -1260157.75 -16871016 -30623498 
v -1357484.25 -16760902 -30747900 
v -1471609 -16673939 -30867606 
v -1599069.625 -16611926 -30980272 
v -1735121.625 -16575221 -31081200 
v -1875405.25 -16563946 -31172740 
v -2012867.75 -16573422 -31250198 
v -2142764.75 -16597772 -31313572 
v -2175976.25 -16666982 -31318266 
v -2129557 -16765221 -31273670 
v -2093268 -16854222 -31231420 
v -2064416.25 -16937948 -31189172 
v -2039411.375 -17021072 -31146922 
v -2015304.125 -17104916 -31102324 
v -1995813.25 -17177246 -31067118 
v -1985939.5 -17231822 -31038950 
v -1982092.625 -17281002 -31017826 
v -1989017 -17343494 -30996702 
v -2004917.5 -17428298 -30966188 
v -2026844.875 -17524138 -30935674 
v -2051978 -17619498 -30905162 
v -2077624 -17703102 -30881690 
v -2101090 -17763676 -30865258 
v -2128403 -17809256 -30855870 
v -2165718 -17847760 -30853522 
v -2163922.75 -17859156 -30851176 
v -2159306.5 -17872950 -30844134 
v -2150202.25 -17889142 -30834746 
v -2134814.5 -17907614 -30820662 
v -2112887.25 -17929446 -30801884 
v -2084035.5 -17955474 -30776066 
v -2047874.625 -17986782 -30738510 
v -2085061.25 -18102052 -30684526 
v -2043386.5 -18150032 -30623498 
v -2000044.75 -18199810 -30555430 
v -1957472.5 -18248870 -30482666 
v -1917977.625 -18294450 -30412252 
v -1881560.25 -18336432 -30339488 
v -1848348.75 -18374576 -30269072 
v -1818599.375 -18408882 -30198656 
v -1792312.25 -18439228 -30128242 
v -1769487.25 -18465498 -30060172 
v -1750381 -18487568 -29992104 
v -1607019.875 -18349148 -29996798 
v -1478277 -18197652 -30013228 
v -1365691 -18035120 -30039048 
v -1270800.75 -17863354 -30074256 
v -1195145.125 -17684630 -30118852 
v -1139493.25 -17500988 -30172838 
v -1104101.75 -17315066 -30236212 
v -1089740 -17129026 -30306628 
v -1137313.375 -16973452 -30438070 
v -1209763.375 -16835030 -30571860 
v -1303755.875 -16716881 -30700956 
v -1416085.375 -16621522 -30825356 
v -1543161.375 -16550872 -30942716 
v -1680367.375 -16505771 -31053034 
v -1823087.375 -16486219 -31149268 
v -1967089.75 -16492097 -31236114 
v -2105962.75 -16518006 -31306530 
v -2234962.25 -16557349 -31362864 
v -2261377.5 -16629438 -31362864 
v -2203802.25 -16720959 -31318266 
v -2157126.5 -16803844 -31273670 
v -2119939.75 -16881332 -31231420 
v -2088267 -16958698 -31189172 
v -2057748.25 -17040744 -31144574 
v -2026716.625 -17122308 -31099978 
v -2002737.625 -17186842 -31064770 
v -1991197 -17232422 -31038950 
v -1989145.25 -17275844 -31020174 
v -1998377.875 -17335218 -30999048 
v -2016458.25 -17421702 -30970882 
v -2040052.625 -17521738 -30938022 
v -2065698.625 -17621416 -30907508 
v -2090062.25 -17707300 -30881690 
v -2109809.75 -17765356 -30865258 
v -2132634.75 -17805898 -30855870 
v -2166487.25 -17839004 -30855870 
v -2218805.25 -17874748 -30858218 
v -2219446.25 -17887584 -30858218 
v -2219446.25 -17904016 -30851176 
v -2216881.75 -17923088 -30844134 
v -2210213.75 -17944440 -30832398 
v -2197519 -17967230 -30818314 
v -2178797.5 -17992778 -30799538 
v -2153792.5 -18022886 -30773718 
v -2122632.75 -18058750 -30733816 
v -2173027 -18171502 -30686872 
v -2138918 -18225240 -30625846 
v -2103526.5 -18281376 -30557776 
v -2068904.375 -18336672 -30487362 
v -2037103.25 -18388370 -30416946 
v -2007995.125 -18435990 -30344182 
v -1981836.125 -18479652 -30273766 
v -1958370 -18519114 -30203352 
v -1938238 -18554140 -30132936 
v -1921055.125 -18584846 -30064868 
v -1907078 -18610996 -29996798 
v -1896178.5 -18632466 -29931078 
v -1734993.375 -18505560 -29926382 
v -1587272.5 -18363062 -29931078 
v -1454810.875 -18207008 -29947508 
v -1338890.875 -18039678 -29973326 
v -1241307.875 -17862994 -30010882 
v -1163472.25 -17678872 -30057826 
v -1106025.25 -17489952 -30111810 
v -1069736.125 -17298394 -30177532 
v -1054861.5 -17106956 -30250296 
v -1097049.125 -16945264 -30384084 
v -1164754.625 -16800006 -30517874 
v -1255285 -16674299 -30651664 
v -1365434.5 -16570903 -30780760 
v -1491612.875 -16491857 -30905162 
v -1629331.875 -16438240 -31020174 
v -1774231.75 -16410651 -31123450 
v -1921952.75 -16408852 -31217338 
v -2067878.5 -16432122 -31294794 
v -2206110.5 -16474104 -31360516 
v -2332673.5 -16527722 -31409806 
v -2351651.5 -16602090 -31407460 
v -2283689.5 -16685934 -31360516 
v -2227012 -16762102 -31315920 
v -2180849 -16832272 -31273670 
v -2143277.75 -16901602 -31231420 
v -2109040.25 -16976690 -31189172 
v -2072110.125 -17058376 -31142228 
v -2034410.5 -17136942 -31095284 
v -2007225.75 -17193438 -31060076 
v -1995300.25 -17231822 -31036604 
v -1994274.5 -17271886 -31017826 
v -2004789.375 -17329340 -30999048 
v -2024152 -17416904 -30970882 
v -2048772.25 -17519340 -30938022 
v -2074802.875 -17621776 -30905162 
v -2098397.25 -17708740 -30879342 
v -2115964.75 -17765356 -30862912 
v -2136096.75 -17802900 -30853522 
v -2167641.5 -17832766 -30853522 
v -2219190 -17866112 -30858218 
v -2299590 -17914332 -30867606 
v -2297538.5 -17923208 -30867606 
v -2295615 -17936522 -30865258 
v -2292794 -17953676 -30858218 
v -2287921.25 -17973946 -30848828 
v -2279971 -17996738 -30837092 
v -2267789 -18021446 -30823010 
v -2251247.5 -18049634 -30801884 
v -2230089.5 -18082980 -30776066 
v -2204187 -18123044 -30738510 
v -2267276.25 -18231718 -30696262 
v -2241245.5 -18290612 -30635234 
v -2214317.25 -18352146 -30569512 
v -2188414.75 -18412960 -30499098 
v -2164564 -18469816 -30428682 
v -2143277.75 -18522474 -30358266 
v -2124428 -18570812 -30287850 
v -2108142.75 -18614714 -30217434 
v -2094165.625 -18653938 -30149366 
v -2083009.625 -18688362 -30081298 
v -2074418.25 -18717990 -30013228 
v -2068647.875 -18742580 -29947508 
v -2065442.125 -18762252 -29884134 
v -1888613 -18649260 -29867704 
v -1723324.5 -18518994 -29860662 
v -1571884.875 -18372898 -29865356 
v -1436089.25 -18213006 -29881786 
v -1317220 -18041358 -29909952 
v -1217072.375 -17860116 -29947508 
v -1137313.375 -17671436 -29994452 
v -1078455.75 -17477598 -30053132 
v -1041140.875 -17281362 -30118852 
v -1025881.5 -17085004 -30193962 
v -1062298.875 -16917796 -30330100 
v -1125259.75 -16766060 -30466236 
v -1212071.5 -16633037 -30602374 
v -1319528.25 -16521844 -30736164 
v -1444552.5 -16434761 -30865258 
v -1582527.875 -16372987 -30984966 
v -1729094.875 -16337363 -31095284 
v -1879893.25 -16327887 -31196212 
v -2030435.375 -16344200 -31280712 
v -2176232.75 -16384383 -31353474 
v -2312028.5 -16442078 -31409806 
v -2434359.75 -16509609 -31454404 
v -2445772.25 -16585297 -31447362 
v -2368193.25 -16660385 -31400418 
v -2302026.5 -16728996 -31355822 
v -2246631 -16792210 -31313572 
v -2202391.75 -16852424 -31271322 
v -2165205 -16917316 -31233768 
v -2126607.75 -16991924 -31189172 
v -2082881.375 -17073250 -31137532 
v -2039539.625 -17147738 -31090590 
v -2010687.875 -17196558 -31055382 
v -1999147.25 -17229544 -31029562 
v -1998506 -17267806 -31013132 
v -2009918.5 -17324302 -30994354 
v -2029922.375 -17412346 -30966188 
v -2055055.5 -17516102 -30933328 
v -2081086.125 -17619738 -30900466 
v -2104295.75 -17707420 -30872300 
v -2120837.5 -17763436 -30855870 
v -2139559 -17799420 -30848828 
v -2170077.75 -17827608 -30846482 
v -2221241.5 -17859636 -30853522 
v -2302283 -17907734 -30862912 
v -2398583.75 -17963272 -30874648 
v -2394480.25 -17969388 -30879342 
v -2389992.25 -17977186 -30879342 
v -2383965.5 -17988820 -30874648 
v -2376143.5 -18003934 -30867606 
v -2366910.75 -18022526 -30855870 
v -2356011.25 -18044356 -30844134 
v -2343444.75 -18069426 -30830050 
v -2328826.5 -18099174 -30811274 
v -2311772 -18135038 -30783108 
v -2291383.25 -18178820 -30745552 
v -2366526.25 -18281976 -30710344 
v -2348702.25 -18345188 -30651664 
v -2330878.25 -18411280 -30585944 
v -2313951.75 -18476652 -30517874 
v -2298820.75 -18537826 -30449806 
v -2285741.25 -18594802 -30379390 
v -2274585.25 -18646980 -30311322 
v -2265481 -18694600 -30240906 
v -2258556.5 -18737182 -30172838 
v -2253555.5 -18774846 -30107116 
v -2250734.5 -18807472 -30041396 
v -2250093.25 -18834700 -29975674 
v -2251503.75 -18856652 -29912300 
v -2255094.25 -18873204 -29848926 
v -2064929.25 -18776766 -29820760 
v -1884253.125 -18661374 -29804328 
v -1715374.25 -18528350 -29797288 
v -1560728.875 -18379014 -29801982 
v -1421855.75 -18215644 -29820760 
v -1300550.125 -18040398 -29846578 
v -1198222.625 -17855198 -29886480 
v -1116668.375 -17662320 -29935772 
v -1056528.5 -17464404 -29994452 
v -1018315.9375 -17263848 -30062520 
v -1002928.3125 -17063174 -30137630 
v -1033447.0625 -16891048 -30273766 
v -1091407 -16733194 -30414598 
v -1174115.375 -16593454 -30553082 
v -1278751 -16474824 -30691566 
v -1402108.375 -16379944 -30823010 
v -1539955.625 -16310134 -30949758 
v -1687676.5 -16266593 -31067118 
v -1841167.875 -16249560 -31170394 
v -1995941.5 -16258796 -31264282 
v -2147381 -16292861 -31344086 
v -2290998.75 -16349717 -31407460 
v -2422434.5 -16422406 -31456750 
v -2538995.5 -16503252 -31494306 
v -2542714.25 -16579540 -31484916 
v -2456159 -16644552 -31437974 
v -2381400.75 -16705126 -31393376 
v -2316773 -16761022 -31351128 
v -2263685.75 -16813440 -31308878 
v -2223165 -16866338 -31273670 
v -2185080.75 -16928712 -31233768 
v -2140969.5 -17003680 -31186824 
v -2090575.25 -17083806 -31135186 
v -2043386.5 -17153256 -31083548 
v -2014406.625 -17195958 -31048340 
v -2003891.75 -17224626 -31017826 
v -2003635.25 -17262530 -31001396 
v -2015047.75 -17318666 -30982618 
v -2035308 -17406828 -30954452 
v -2060569.375 -17511064 -30921592 
v -2086728.25 -17615180 -30888730 
v -2109809.75 -17702982 -30860564 
v -2125838.5 -17758758 -30844134 
v -2144303.5 -17794264 -30837092 
v -2174309.5 -17821732 -30834746 
v -2225473.25 -17853518 -30841786 
v -2306771 -17901618 -30851176 
v -2403456.5 -17957274 -30862912 
v -2500526.5 -18012210 -30874648 
v -2495269 -18017968 -30886384 
v -2490011.75 -18023126 -30891078 
v -2483343.75 -18029364 -30891078 
v -2473470 -18038240 -30886384 
v -2461544.5 -18050114 -30879342 
v -2448465 -18065708 -30867606 
v -2435129.25 -18085500 -30855870 
v -2422819 -18110088 -30841786 
v -2410380.75 -18140676 -30823010 
v -2397557.75 -18178580 -30797190 
v -2383067.75 -18225360 -30759636 
v -2469366.5 -18321798 -30731468 
v -2460390.5 -18388250 -30675136 
v -2451670.75 -18457940 -30611762 
v -2444105.25 -18527032 -30543694 
v -2438078.5 -18591684 -30475626 
v -2433462.25 -18651778 -30409904 
v -2430384.75 -18707194 -30341836 
v -2428846 -18757694 -30273766 
v -2428974.25 -18803034 -30208046 
v -2430513 -18843218 -30142324 
v -2433590.5 -18878002 -30076602 
v -2438335 -18907390 -30013228 
v -2444490 -18931140 -29949854 
v -2452183.75 -18949372 -29888828 
v -2461416.25 -18961846 -29830148 
v -2260608.25 -18884360 -29790246 
v -2067109.125 -18786122 -29759732 
v -1883099 -18668692 -29743302 
v -1711270.875 -18533268 -29736260 
v -1553804.375 -18381294 -29740954 
v -1412495 -18214924 -29759732 
v -1288881.25 -18036440 -29787898 
v -1184758.5 -17847880 -29827800 
v -1101793.625 -17651644 -29877092 
v -1040499.75 -17450130 -29935772 
v -1001646 -17245856 -30006188 
v -986002 -17041704 -30083644 
v -1010750.375 -16865018 -30219782 
v -1063324.625 -16701768 -30362960 
v -1141801.375 -16555670 -30503792 
v -1243231.375 -16429963 -30644622 
v -1364408.75 -16327527 -30780760 
v -1501614.75 -16250040 -30912202 
v -1650105.125 -16198582 -31034256 
v -1805776.375 -16173992 -31144574 
v -1964268.625 -16176271 -31245504 
v -2120837.5 -16203979 -31330002 
v -2270866.5 -16255437 -31402766 
v -2410637.25 -16328366 -31459098 
v -2535918 -16415569 -31501348 
v -2645298.25 -16508770 -31529514 
v -2641066.5 -16584457 -31517778 
v -2546817.5 -16639154 -31473180 
v -2464493.75 -16690492 -31428584 
v -2391274.5 -16738832 -31386334 
v -2328057.25 -16784292 -31344086 
v -2278816.75 -16827954 -31308878 
v -2242014.75 -16874974 -31276018 
v -2201878.75 -16936508 -31236114 
v -2151997.25 -17011596 -31184476 
v -2096089.125 -17089202 -31128144 
v -2047233.5 -17153856 -31076506 
v -2019022.875 -17191760 -31036604 
v -2010687.875 -17216828 -30996702 
v -2010431.5 -17254732 -30982618 
v -2021843.875 -17310868 -30963840 
v -2042232.5 -17399032 -30935674 
v -2067365.5 -17503266 -30902814 
v -2093652.75 -17607382 -30869954 
v -2116734 -17695186 -30841786 
v -2132762.75 -17750962 -30825356 
v -2151099.75 -17786466 -30815968 
v -2181233.75 -17813934 -30815968 
v -2232269.25 -17845722 -30820662 
v -2313695.5 -17893700 -30830050 
v -2410252.5 -17949478 -30844134 
v -2507322.75 -18004414 -30855870 
v -2589902.75 -18050114 -30865258 
v -2582978.5 -18057912 -30886384 
v -2577592.75 -18063308 -30898120 
v -2572207 -18067746 -30902814 
v -2564898 -18072424 -30902814 
v -2553998.5 -18078782 -30898120 
v -2541047.25 -18087658 -30891078 
v -2527454.75 -18100492 -30881690 
v -2514631.75 -18118246 -30869954 
v -2503988.75 -18142236 -30858218 
v -2494884.5 -18173422 -30839440 
v -2486549.5 -18213006 -30813620 
v -2478214.5 -18262064 -30778412 
v -2574771.75 -18350226 -30757288 
v -2574643.5 -18419078 -30703302 
v -2575541 -18491406 -30642276 
v -2577592.75 -18563016 -30576554 
v -2580542 -18630188 -30510834 
v -2584645.5 -18692682 -30447458 
v -2589902.75 -18750256 -30381738 
v -2596186 -18802794 -30316016 
v -2603367 -18850174 -30250296 
v -2611573.75 -18892156 -30186920 
v -2620934.5 -18928620 -30123546 
v -2631064.75 -18959448 -30060172 
v -2642220.75 -18984518 -29999146 
v -2654146 -19003828 -29938118 
v -2666969 -19017384 -29881786 
v -2680561.5 -19024940 -29823106 
v -2471931.25 -18968684 -29771468 
v -2268302 -18889998 -29731566 
v -2071853.625 -18790320 -29703400 
v -1885407.25 -18671210 -29684622 
v -1710886.125 -18533748 -29677580 
v -1551239.75 -18379614 -29682276 
v -1407750.5 -18210846 -29701052 
v -1282341.5 -18029722 -29729218 
v -1176680 -17838404 -29769122 
v -1092561.125 -17639288 -29820760 
v -1030497.75 -17434896 -29879438 
v -991002.9375 -17227624 -29949854 
v -974974.1875 -17020472 -30029660 
v -993824 -16839828 -30168144 
v -1041269.125 -16671660 -30308974 
v -1115001.375 -16519685 -30454500 
v -1212712.625 -16387381 -30597680 
v -1331710 -16277628 -30738510 
v -1467762.125 -16192584 -30872300 
v -1616637.125 -16133569 -31001396 
v -1773975.375 -16101543 -31116408 
v -1935673.375 -16096745 -31224378 
v -2096858.5 -16118096 -31315920 
v -2252914.25 -16164036 -31393376 
v -2399737.75 -16232527 -31459098 
v -2533609.75 -16321049 -31506042 
v -2651196.75 -16421447 -31538902 
v -2751729 -16525802 -31560028 
v -2739547.25 -16600291 -31545944 
v -2638758.5 -16643832 -31503694 
v -2550536.25 -16685574 -31461446 
v -2469879.5 -16725757 -31419196 
v -2397045 -16764261 -31376946 
v -2336007.5 -16800846 -31341738 
v -2292152.75 -16836830 -31311224 
v -2258300 -16879772 -31278364 
v -2214958.25 -16940946 -31236114 
v -2159306.5 -17015554 -31182130 
v -2100577.25 -17089922 -31121102 
v -2051978 -17150136 -31064770 
v -2025947.25 -17183962 -31015478 
v -2020818.125 -17205434 -30968536 
v -2020561.625 -17243218 -30954452 
v -2031974.125 -17299354 -30935674 
v -2052362.625 -17387636 -30907508 
v -2077367.5 -17491752 -30874648 
v -2103654.75 -17595868 -30841786 
v -2126736 -17683790 -30813620 
v -2142764.75 -17739446 -30797190 
v -2161230 -17774952 -30787802 
v -2191235.75 -17802540 -30787802 
v -2242399.5 -17834326 -30792496 
v -2323697.25 -17882306 -30801884 
v -2420382.75 -17938082 -30815968 
v -2517452.75 -17993018 -30827704 
v -2600033 -18038600 -30837092 
v -2652992 -18066428 -30846482 
v -2642861.75 -18077822 -30874648 
v -2636065.5 -18085620 -30893426 
v -2631064.75 -18091016 -30905162 
v -2626704.75 -18095096 -30909856 
v -2621703.75 -18099174 -30912202 
v -2614651.25 -18104332 -30909856 
v -2606701 -18112128 -30905162 
v -2598494.25 -18123882 -30898120 
v -2590928.75 -18141036 -30888730 
v -2585158.25 -18165026 -30876994 
v -2580798.5 -18196812 -30860564 
v -2577721 -18237594 -30837092 
v -2575797.5 -18288452 -30804232 
v -2681202.5 -18367140 -30787802 
v -2690178.75 -18437670 -30736164 
v -2700693.5 -18511318 -30677484 
v -2712362.5 -18584608 -30616456 
v -2724672.5 -18653218 -30553082 
v -2737623.75 -18717150 -30492056 
v -2751088 -18776046 -30428682 
v -2765193.25 -18829902 -30365308 
v -2779811.5 -18878242 -30301934 
v -2794814.25 -18921304 -30240906 
v -2810073.75 -18958848 -30177532 
v -2825846 -18990514 -30116506 
v -2842003 -19016424 -30057826 
v -2858288.25 -19036454 -29999146 
v -2874701.75 -19050608 -29940466 
v -2891371.5 -19058646 -29886480 
v -2908169.75 -19060684 -29832496 
v -2694923.25 -19026620 -29769122 
v -2483984.75 -18969644 -29717482 
v -2278047.5 -18890118 -29675234 
v -2079547.375 -18789480 -29647068 
v -1890792.875 -18668932 -29628290 
v -1714476.625 -18529910 -29621248 
v -1552906.75 -18373976 -29625942 
v -1408006.875 -18203410 -29644720 
v -1281059.25 -18020248 -29672886 
v -1174243.625 -17826770 -29712788 
v -1088970.625 -17625374 -29764426 
v -1026266.1875 -17418702 -29825454 
v -986386.6875 -17209152 -29898216 
v -970229.6875 -16999600 -29975674 
v -983052.6875 -16815720 -30114158 
v -1024855.6875 -16643113 -30257336 
v -1093971.625 -16485620 -30402862 
v -1187836 -16347078 -30550736 
v -1304012.375 -16230488 -30693914 
v -1438397.375 -16138127 -30832398 
v -1587144.25 -16071676 -30963840 
v -1745764.75 -16032332 -31088242 
v -1910155.625 -16020457 -31198560 
v -2075444 -16035331 -31297142 
v -2237013.75 -16075634 -31383988 
v -2390633.5 -16139447 -31454404 
v -2532327.5 -16224610 -31508388 
v -2658505.75 -16327407 -31548292 
v -2766732 -16439919 -31574110 
v -2857134.25 -16554230 -31585846 
v -2837130.25 -16626560 -31569416 
v -2730955.75 -16658586 -31531860 
v -2637989 -16690133 -31491958 
v -2552972.5 -16721559 -31449710 
v -2471674.75 -16753106 -31407460 
v -2398199 -16783932 -31369904 
v -2341777.75 -16812120 -31337044 
v -2303308.75 -16841628 -31311224 
v -2271251.25 -16881572 -31280712 
v -2223678 -16942746 -31233768 
v -2164820.25 -17015314 -31175088 
v -2105706.25 -17086084 -31109366 
v -2058902.375 -17142340 -31045992 
v -2035949.25 -17172568 -30987312 
v -2032358.75 -17192120 -30935674 
v -2032230.5 -17230024 -30921592 
v -2043643 -17286160 -30902814 
v -2063903.375 -17374442 -30874648 
v -2089164.625 -17478558 -30841786 
v -2115195.25 -17582674 -30808926 
v -2138405 -17670596 -30780760 
v -2154433.75 -17726252 -30764330 
v -2172770.5 -17761756 -30754940 
v -2202904.75 -17789346 -30754940 
v -2253940.25 -17821012 -30759636 
v -2335366.25 -17869112 -30771372 
v -2431923.5 -17924888 -30783108 
v -2528993.5 -17979704 -30794844 
v -2611573.75 -18025404 -30804232 
v -2664661 -18053114 -30813620 
v -2702745.25 -18064508 -30823010 
v -2691076.25 -18077822 -30853522 
v -2681074.25 -18089218 -30884036 
v -2674278.25 -18097014 -30902814 
v -2669918.25 -18102412 -30914550 
v -2667353.75 -18106610 -30921592 
v -2666199.75 -18110688 -30923938 
v -2665558.5 -18116086 -30923938 
v -2665302 -18124122 -30921592 
v -2665430.25 -18136238 -30916896 
v -2665686.75 -18153870 -30909856 
v -2666199.75 -18178220 -30900466 
v -2667353.75 -18210726 -30886384 
v -2669918.25 -18252348 -30862912 
v -2674278.25 -18304166 -30832398 
v -2787377 -18372658 -30825356 
v -2805457.5 -18443428 -30776066 
v -2825589.5 -18517796 -30719734 
v -2846875.75 -18591444 -30661054 
v -2868418.25 -18660534 -30602374 
v -2890217.5 -18724828 -30541346 
v -2912016.5 -18784202 -30482666 
v -2933944 -18838420 -30421640 
v -2955743 -18887358 -30360612 
v -2977542 -18930660 -30301934 
v -2998956.5 -18968444 -30240906 
v -3020242.75 -19000470 -30182226 
v -3041272.5 -19026740 -30123546 
v -3061917.5 -19046890 -30067214 
v -3082049.5 -19061164 -30010882 
v -3101797 -19069440 -29956896 
v -3120903.25 -19071600 -29902910 
v -3139496.5 -19069202 -29851272 
v -2924967.75 -19058166 -29778510 
v -2709926 -19023860 -29715136 
v -2497192.5 -18966404 -29663498 
v -2289331.75 -18886158 -29621248 
v -2089036.375 -18784562 -29590734 
v -1898743.125 -18662934 -29571958 
v -1720888.125 -18522834 -29567262 
v -1557907.75 -18365460 -29571958 
v -1411597.375 -18193334 -29590734 
v -1283623.75 -18008612 -29618900 
v -1175910.625 -17813574 -29658804 
v -1089868.25 -17610262 -29710442 
v -1026650.875 -17401790 -29773816 
v -986386.6875 -17190440 -29844232 
v -970229.6875 -16979090 -29924036 
v -978308.1875 -16792568 -30062520 
v -1014597.25 -16616124 -30205698 
v -1078584 -16453713 -30353572 
v -1168345 -16309294 -30501444 
v -1281315.625 -16186227 -30649318 
v -1413777.25 -16086909 -30790148 
v -1561882.875 -16013260 -30926286 
v -1721144.5 -15966600 -31055382 
v -1887715.375 -15947768 -31172740 
v -2056722.5 -15956165 -31278364 
v -2223293.25 -15990590 -31367558 
v -2383196 -16049605 -31445014 
v -2532199.25 -16130930 -31508388 
v -2666840.75 -16231448 -31552986 
v -2783658.25 -16347438 -31583498 
v -2880985 -16470746 -31602276 
v -2959974.5 -16593933 -31606970 
v -2932277 -16663384 -31588194 
v -2822127.25 -16683176 -31552986 
v -2725570.25 -16704047 -31517778 
v -2638117.25 -16726237 -31477876 
v -2553357.25 -16750347 -31437974 
v -2468725.5 -16775656 -31398070 
v -2396660.25 -16798326 -31362864 
v -2345624.75 -16818838 -31334696 
v -2312028.5 -16843308 -31311224 
v -2279714.5 -16881812 -31278364 
v -2229833 -16941546 -31226726 
v -2170206 -17011356 -31163352 
v -2112502.5 -17078288 -31090590 
v -2068904.375 -17130826 -31017826 
v -2047618.125 -17159374 -30954452 
v -2044027.75 -17179044 -30905162 
v -2043771.25 -17216828 -30888730 
v -2055183.75 -17272964 -30869954 
v -2075444 -17361248 -30841786 
v -2100705.25 -17465362 -30808926 
v -2126864.25 -17569478 -30776066 
v -2149945.75 -17657402 -30747900 
v -2166102.75 -17713058 -30731468 
v -2184439.5 -17748562 -30724428 
v -2214573.5 -17776150 -30722080 
v -2265609.25 -17807818 -30729122 
v -2346907 -17855916 -30738510 
v -2443592.5 -17911694 -30750246 
v -2540662.5 -17966630 -30761982 
v -2623114.5 -18012210 -30773718 
v -2676201.5 -18039918 -30780760 
v -2714286 -18051314 -30790148 
v -2752113.75 -18047956 -30804232 
v -2740573 -18061150 -30837092 
v -2728904.25 -18074464 -30869954 
v -2718902.25 -18085860 -30898120 
v -2711977.75 -18093656 -30916896 
v -2708259 -18099174 -30928632 
v -2707746.25 -18103612 -30935674 
v -2710310.75 -18108530 -30940368 
v -2715953 -18115126 -30942716 
v -2723646.75 -18124482 -30942716 
v -2732110 -18138036 -30940368 
v -2740316.5 -18156748 -30935674 
v -2746984.5 -18182058 -30928632 
v -2753780.75 -18215164 -30914550 
v -2761859.25 -18257026 -30893426 
v -2772630.5 -18309204 -30865258 
v -2892141 -18366420 -30865258 
v -2918941 -18436710 -30818314 
v -2948690.25 -18510358 -30766676 
v -2979465.5 -18583528 -30712692 
v -3010112.5 -18652018 -30656358 
v -3040503 -18715832 -30600026 
v -3070508.75 -18774726 -30541346 
v -3100130 -18828464 -30485014 
v -3129110 -18876922 -30426334 
v -3157448.75 -18919864 -30370002 
v -3185018.25 -18957288 -30311322 
v -3211818.25 -18989076 -30254990 
v -3237720.75 -19014864 -30198656 
v -3262597.5 -19034896 -30142324 
v -3286320 -19048930 -30088338 
v -3309016.75 -19056966 -30034354 
v -3330431 -19059006 -29982716 
v -3350947.75 -19056486 -29931078 
v -3370823.5 -19050968 -29879438 
v -3157961.75 -19063804 -29799634 
v -2941894.25 -19052768 -29726872 
v -2725313.75 -19018102 -29663498 
v -2511041.25 -18960288 -29609512 
v -2301641.75 -18879442 -29569610 
v -2099936 -18777006 -29539096 
v -1908232.125 -18654538 -29520318 
v -1729094.875 -18513478 -29513278 
v -1564960.375 -18355024 -29517972 
v -1417624.125 -18181698 -29536750 
v -1288881.25 -17995658 -29567262 
v -1180270.375 -17799182 -29607164 
v -1093715.125 -17594548 -29658804 
v -1029984.875 -17384518 -29722178 
v -989592.4375 -17171728 -29792592 
v -1034729.375 -17366884 -29670540 
v -1098972.625 -17578234 -29607164 
v -1186040.75 -17784188 -29555526 
v -1295292.75 -17981984 -29513278 
v -1424933.25 -18169104 -29482764 
v -1573167.125 -18343630 -29466334 
v -1738455.625 -18503042 -29459292 
v -1918747 -18645062 -29466334 
v -2111476.75 -18768248 -29485112 
v -2314593 -18871286 -29515624 
v -2525146.75 -18952610 -29557874 
v -2740701.25 -19010786 -29611860 
v -2958692.25 -19045692 -29675234 
v -3176298.5 -19056846 -29747996 
v -3390442.75 -19043892 -29830148 
v -3598816.5 -19006828 -29919342 
v -3577786.75 -19014144 -29968632 
v -3798470.5 -18946254 -30015576 
v -3556500.5 -19019902 -30017924 
v -3534188.5 -19022660 -30069562 
v -3510466 -19021102 -30121200 
v -3484948.25 -19013544 -30172838 
v -3457635.25 -19000110 -30226824 
v -3428655.25 -18980918 -30280808 
v -3398008.25 -18955850 -30334794 
v -3365822.5 -18925142 -30388780 
v -3332482.75 -18888678 -30445112 
v -3297604.25 -18846816 -30499098 
v -3261699.75 -18799676 -30553082 
v -3224641.25 -18747258 -30609416 
v -3186685.25 -18689802 -30661054 
v -3147831.5 -18627428 -30715038 
v -3108336.75 -18560498 -30766676 
v -3068200.75 -18489128 -30818314 
v -3029475.25 -18417038 -30865258 
v -2993955.5 -18348188 -30907508 
v -2869444.25 -18303446 -30902814 
v -2852389.5 -18251628 -30928632 
v -2839182 -18209766 -30947410 
v -2827641.25 -18176420 -30959146 
v -2816100.5 -18150152 -30966188 
v -2802508.25 -18129520 -30968536 
v -2788659.25 -18113808 -30968536 
v -2776092.75 -18102172 -30968536 
v -2766475.5 -18093776 -30966188 
v -2761474.5 -18087778 -30961494 
v -2760833.5 -18082620 -30954452 
v -2764167.5 -18076982 -30942716 
v -2771091.75 -18069186 -30923938 
v -2781093.75 -18057792 -30895772 
v -2792762.75 -18044476 -30862912 
v -2804431.5 -18031282 -30830050 
v -2885473 -18002974 -30869954 
v -2873804 -18016168 -30902814 
v -2862263.25 -18029364 -30935674 
v -2852133.25 -18040878 -30963840 
v -2845337 -18048674 -30982618 
v -2841874.75 -18054552 -30994354 
v -2842259.5 -18060310 -31001396 
v -2846619.25 -18067746 -31003744 
v -2855210.75 -18078542 -31006090 
v -2867007.75 -18092936 -31006090 
v -2880472 -18111288 -31003744 
v -2894577.25 -18133958 -30999048 
v -2907913.25 -18161188 -30994354 
v -2922531.5 -18194652 -30982618 
v -2940483.75 -18235916 -30966188 
v -2963565 -18286534 -30942716 
v -3091538.5 -18318680 -30954452 
v -3135265 -18385012 -30916896 
v -3182838.25 -18454342 -30872300 
v -3231950.5 -18523074 -30825356 
v -3279908.5 -18587486 -30778412 
v -3326840.5 -18647340 -30729122 
v -3372490.5 -18702516 -30679830 
v -3416601.5 -18752776 -30628192 
v -3459430.5 -18797996 -30576554 
v -3500335.75 -18837940 -30524916 
v -3539446 -18872604 -30473278 
v -3576632.75 -18901752 -30421640 
v -3611767.75 -18925382 -30367654 
v -3644722.75 -18943494 -30316016 
v -3675498 -18955850 -30264378 
v -3703708.5 -18962566 -30212740 
v -3729611 -18963526 -30163448 
v -3753718.25 -18960168 -30114158 
v -3776415 -18953930 -30064868 
v -3987481.5 -18863368 -30116506 
v -3964143.75 -18871526 -30163448 
v -4163028.5 -18758892 -30219782 
v -3940036.5 -18878362 -30212740 
v -3914390.5 -18882440 -30262030 
v -3886436.25 -18882320 -30311322 
v -3855533 -18876802 -30360612 
v -3821680.25 -18865768 -30409904 
v -3785006.5 -18849334 -30461542 
v -3745511.5 -18827624 -30510834 
v -3703452.25 -18800516 -30560124 
v -3659084.5 -18768248 -30609416 
v -3612152.25 -18730824 -30658706 
v -3563168.5 -18688482 -30705650 
v -3512261.25 -18641104 -30754940 
v -3459302.25 -18589166 -30799538 
v -3404804.5 -18532670 -30844134 
v -3348768 -18471736 -30888730 
v -3291321 -18406722 -30930980 
v -3235412.75 -18340990 -30970882 
v -3183864.25 -18278138 -31003744 
v -3053967.25 -18259306 -30984966 
v -3024987.25 -18210366 -31006090 
v -3002931.75 -18170304 -31022520 
v -2986005.25 -18137198 -31031910 
v -2972541.25 -18109490 -31036604 
v -2960744 -18085260 -31043646 
v -2950870.25 -18064628 -31048340 
v -2943304.75 -18047836 -31050686 
v -2938303.75 -18035120 -31050686 
v -2936123.75 -18026484 -31048340 
v -2936893.25 -18020128 -31043646 
v -2940611.75 -18014010 -31029562 
v -2947536.25 -18006212 -31010784 
v -2957538.25 -17994818 -30982618 
v -2969079 -17981504 -30949758 
v -2980876 -17968310 -30916896 
v -3075638 -17932804 -30966188 
v -3064097.25 -17945998 -30999048 
v -3052428.5 -17959192 -31031910 
v -3042298.25 -17970708 -31060076 
v -3035502 -17978504 -31078854 
v -3031270.5 -17984622 -31090590 
v -3029347 -17991340 -31095284 
v -3028962.25 -18000456 -31097630 
v -3029860 -18014010 -31095284 
v -3032552.75 -18031762 -31090590 
v -3038066.75 -18053114 -31083548 
v -3047042.75 -18077702 -31076506 
v -3060122.25 -18105050 -31069464 
v -3078972 -18136958 -31062422 
v -3104874.5 -18175222 -31050686 
v -3139368.25 -18221762 -31031910 
v -3269521.75 -18227040 -31055382 
v -3328507.5 -18285574 -31024868 
v -3392109.75 -18346748 -30992008 
v -3457378.75 -18407202 -30954452 
v -3520852.5 -18463578 -30914550 
v -3582531.25 -18515876 -30874648 
v -3642158.25 -18563856 -30832398 
v -3699348.75 -18607398 -30787802 
v -3754231.25 -18646260 -30743204 
v -3806420.75 -18680446 -30698608 
v -3855917.5 -18709834 -30651664 
v -3902465 -18734184 -30604720 
v -3945806.75 -18753616 -30557776 
v -3985942.75 -18767890 -30508486 
v -4022873 -18777246 -30461542 
v -4056341 -18781204 -30412252 
v -4086090.5 -18780244 -30365308 
v -4113147 -18775206 -30316016 
v -4138536.5 -18767770 -30269072 
v -4322675 -18633786 -30327752 
v -4297285.5 -18643382 -30374696 
v -4464753.5 -18489968 -30435724 
v -4270741.5 -18651778 -30421640 
v -4242274.5 -18657776 -30470930 
v -4210730 -18660294 -30517874 
v -4175082 -18657896 -30564818 
v -4135587.25 -18650818 -30609416 
v -4092245.5 -18638944 -30656358 
v -4045056.75 -18622390 -30700956 
v -3994534.25 -18601160 -30745552 
v -3940677.75 -18575370 -30787802 
v -3883487 -18545024 -30830050 
v -3823219 -18510358 -30872300 
v -3760129.75 -18471256 -30909856 
v -3694476 -18428074 -30949758 
v -3626386 -18380814 -30984966 
v -3556115.75 -18329836 -31020174 
v -3483794.25 -18274898 -31053034 
v -3413011.25 -18219242 -31083548 
v -3347614 -18165986 -31107020 
v -3218614.5 -18174502 -31078854 
v -3179119.75 -18131080 -31092936 
v -3149370.25 -18095216 -31104672 
v -3128468.75 -18065468 -31111714 
v -3114876.5 -18039918 -31116408 
v -3107310.75 -18017128 -31123450 
v -3104361.5 -17997336 -31128144 
v -3104489.75 -17981024 -31135186 
v -3106285 -17968430 -31137532 
v -3108080.25 -17959912 -31137532 
v -3110901.25 -17953556 -31130492 
v -3115389.25 -17947438 -31118756 
v -3122185.5 -17939642 -31099978 
v -3132315.75 -17928246 -31071812 
v -3143856.5 -17914932 -31038950 
v -3155525.25 -17901738 -31006090 
v -3205406.75 -17880746 -31034256 
v -3193866 -17893820 -31067118 
v -3182197.25 -17907136 -31097630 
v -3172195.25 -17918530 -31128144 
v -3165270.75 -17926326 -31146922 
v -3161039.25 -17932084 -31158658 
v -3158731 -17937362 -31163352 
v -3157448.75 -17943480 -31165700 
v -3156935.75 -17952356 -31165700 
v -3158346.5 -17964110 -31161004 
v -3163219.25 -17978864 -31158658 
v -3173092.75 -17997096 -31153964 
v -3189249.75 -18018928 -31151616 
v -3213228.75 -18045556 -31146922 
v -3246568.75 -18078182 -31139880 
v -3290936.25 -18118006 -31128144 
v -3417114.5 -18095694 -31161004 
v -3488538.75 -18143074 -31139880 
v -3565348.5 -18192374 -31116408 
v -3644081.75 -18240834 -31088242 
v -3720378.5 -18285814 -31057728 
v -3794239 -18327196 -31024868 
v -3865278.5 -18364860 -30992008 
v -3933496.75 -18398806 -30956800 
v -3998381.25 -18428674 -30919244 
v -4059931.5 -18454462 -30879342 
v -4117891.5 -18476174 -30839440 
v -4172132.75 -18493806 -30797190 
v -4222527 -18507000 -30754940 
v -4268690 -18516116 -30712692 
v -4310621 -18520794 -30668094 
v -4348192.5 -18521154 -30621152 
v -4381276 -18517196 -30576554 
v -4411025.5 -18509878 -30529610 
v -4438466.5 -18500522 -30482666 
v -4587726 -18329356 -30546040 
v -4560669.5 -18340870 -30590638 
v -4689797.5 -18153990 -30654012 
v -4532331 -18351426 -30637582 
v -4501555.5 -18360062 -30682178 
v -4467190 -18365820 -30726774 
v -4427695 -18367620 -30771372 
v -4383840.5 -18365700 -30813620 
v -4335113 -18359942 -30855870 
v -4282154 -18350226 -30895772 
v -4224707 -18336792 -30933328 
v -4163285 -18319640 -30970882 
v -4097887.5 -18298768 -31006090 
v -4028899.75 -18274180 -31041298 
v -3956321.75 -18246110 -31071812 
v -3880409.5 -18214564 -31102324 
v -3801676.25 -18179660 -31130492 
v -3719993.75 -18141396 -31153964 
v -3636003.25 -18100134 -31177436 
v -3553551.25 -18057912 -31198560 
v -3477126.25 -18017248 -31214990 
v -3355179.5 -18052994 -31177436 
v -3306708.5 -18017368 -31184476 
v -3269778.25 -17988460 -31189172 
v -3242337 -17965670 -31191518 
v -3222461.5 -17948398 -31191518 
v -3208227.75 -17935922 -31191518 
v -3198610.5 -17927286 -31191518 
v -3192968.5 -17921528 -31189172 
v -3190019.25 -17917450 -31186824 
v -3189121.5 -17914092 -31184476 
v -3190532.25 -17910254 -31177436 
v -3194379 -17905096 -31165700 
v -3201303.5 -17897180 -31146922 
v -3211305.5 -17885784 -31118756 
v -3222974.25 -17872590 -31085894 
v -3234643.25 -17859396 -31053034 
v -3251826 -17827608 -31071812 
v -3240157.25 -17840804 -31104672 
v -3228488.25 -17853998 -31137532 
v -3218486.25 -17865512 -31165700 
v -3211561.75 -17873310 -31184476 
v -3208099.75 -17878108 -31196212 
v -3207843.25 -17880626 -31205602 
v -3211305.5 -17881586 -31210296 
v -3218486.25 -17881586 -31214990 
v -3229514 -17882306 -31219684 
v -3244645.25 -17885424 -31224378 
v -3263879.75 -17892742 -31229074 
v -3287858.75 -17905696 -31231420 
v -3318505.75 -17924648 -31233768 
v -3358770 -17949478 -31231420 
v -3410703 -17980304 -31226726 
v -3526879.5 -17931484 -31266628 
v -3607664.25 -17964950 -31254892 
v -3694476 -17999376 -31238462 
v -3783211.25 -18032962 -31222032 
v -3869125.25 -18063668 -31200906 
v -3952090 -18091496 -31177436 
v -4031721 -18116326 -31151616 
v -4107889.5 -18138156 -31123450 
v -4180467.75 -18156748 -31092936 
v -4248942.5 -18172222 -31062422 
v -4313314 -18184458 -31027214 
v -4373325.5 -18193454 -30992008 
v -4428721 -18199090 -30954452 
v -4479372 -18201370 -30914550 
v -4525021.5 -18200410 -30874648 
v -4565799 -18196092 -30832398 
v -4601318.5 -18188416 -30787802 
v -4632991.5 -18178340 -30743204 
v -4661971.5 -18166584 -30698608 
v -4769171.5 -17965550 -30757288 
v -4740961 -17979464 -30801884 
v -4825464.5 -17766914 -30858218 
v -4711340 -17992418 -30846482 
v -4679026 -18004294 -30891078 
v -4642608.5 -18013890 -30933328 
v -4600805.5 -18020846 -30973230 
v -4553745.5 -18025044 -31013132 
v -4501427.5 -18026364 -31050686 
v -4444237 -18025044 -31085894 
v -4382302 -18020966 -31118756 
v -4315622 -18014010 -31149268 
v -4244711 -18004294 -31177436 
v -4169568.25 -17992060 -31205602 
v -4090450.25 -17976946 -31229074 
v -4007870.25 -17959312 -31250198 
v -3921571.25 -17939162 -31268976 
v -3832323.25 -17916492 -31285406 
v -3740254.25 -17891302 -31299488 
v -3649723.75 -17865152 -31311224 
v -3565733 -17839484 -31318266 
v -3456865.75 -17901018 -31273670 
v -3401855.25 -17875228 -31276018 
v -3359026.25 -17854598 -31276018 
v -3325558.25 -17839124 -31273670 
v -3298373.5 -17829168 -31266628 
v -3274779.25 -17824730 -31259586 
v -3255031.75 -17824250 -31252546 
v -3239644.25 -17825690 -31245504 
v -3229001.25 -17827370 -31238462 
v -3223487.25 -17827488 -31231420 
v -3222461.5 -17825450 -31222032 
v -3225667.25 -17820772 -31210296 
v -3232463.25 -17812976 -31191518 
v -3242593.5 -17801580 -31163352 
v -3254134.25 -17788266 -31130492 
v -3265803.25 -17775072 -31097630 
v -3285422.25 -17691706 -31137532 
v -3273881.75 -17704902 -31170394 
v -3262341 -17718216 -31203254 
v -3252210.75 -17729610 -31231420 
v -3245414.5 -17737408 -31250198 
v -3242337 -17742326 -31264282 
v -3243747.5 -17745084 -31271322 
v -3250159 -17746404 -31278364 
v -3262212.75 -17747244 -31285406 
v -3279395.5 -17748322 -31292448 
v -3300938.25 -17751082 -31299488 
v -3326584.25 -17756600 -31306530 
v -3355307.75 -17765956 -31313572 
v -3390571 -17779030 -31318266 
v -3435451.5 -17795702 -31320614 
v -3492642 -17815854 -31320614 
v -3593302.5 -17742566 -31367558 
v -3679601.25 -17759838 -31362864 
v -3772439.75 -17777230 -31358168 
v -3867073.5 -17793544 -31348780 
v -3958886.25 -17807818 -31337044 
v -4047236.75 -17819932 -31320614 
v -4132125 -17830008 -31304184 
v -4213294.5 -17837924 -31283058 
v -4290232.5 -17843562 -31259586 
v -4362939 -17847160 -31233768 
v -4431157.5 -17848360 -31205602 
v -4494503 -17847520 -31175088 
v -4553104 -17844282 -31142228 
v -4606448 -17839004 -31107020 
v -4654406 -17831448 -31069464 
v -4697106.5 -17821852 -31029562 
v -4734165 -17809976 -30989660 
v -4766863.5 -17796542 -30945064 
v -4796869.5 -17782028 -30902814 
v -4858035 -17560482 -30954452 
v -4829183.5 -17576916 -30996702 
v -4866370 -17348892 -31041298 
v -4799049 -17592868 -31038950 
v -4765966 -17607982 -31081200 
v -4728523 -17622136 -31121102 
v -4685437.5 -17634610 -31161004 
v -4636966.5 -17645646 -31196212 
v -4582981.5 -17655122 -31229074 
v -4523611 -17662918 -31259586 
v -4459368 -17669156 -31287752 
v -4390380 -17673714 -31313572 
v -4316648 -17676594 -31337044 
v -4238556 -17677792 -31355822 
v -4156232.25 -17677312 -31374600 
v -4070061.75 -17675154 -31388682 
v -3980300.75 -17671316 -31398070 
v -3887334 -17665798 -31407460 
v -3791161.5 -17658720 -31412154 
v -3696784.25 -17650444 -31414502 
v -3609074.75 -17641568 -31412154 
v -3518159.75 -17726132 -31367558 
v -3459174 -17711618 -31362864 
v -3413267.75 -17699024 -31358168 
v -3377106.75 -17687988 -31351128 
v -3347870.25 -17678392 -31346432 
v -3322224.25 -17670116 -31339392 
v -3300681.75 -17662798 -31334696 
v -3283755.25 -17656682 -31330002 
v -3272086.5 -17651764 -31325308 
v -3265803.25 -17647806 -31320614 
v -3264520.75 -17643728 -31311224 
v -3267598.25 -17638450 -31299488 
v -3274394.5 -17630652 -31280712 
v -3284524.75 -17619138 -31252546 
v -3296193.75 -17605944 -31219684 
v -3307734.25 -17592748 -31186824 
v -3329020.5 -17493432 -31233768 
v -3317479.75 -17506626 -31266628 
v -3305811 -17519940 -31299488 
v -3295680.75 -17531334 -31327656 
v -3288884.5 -17539132 -31346432 
v -3285678.75 -17544890 -31360516 
v -3286576.5 -17550046 -31367558 
v -3291833.75 -17556404 -31369904 
v -3302092.25 -17565280 -31374600 
v -3317223.25 -17575716 -31376946 
v -3337099 -17586872 -31379294 
v -3361462.75 -17597666 -31383988 
v -3390186.25 -17607262 -31388682 
v -3426475.25 -17616138 -31398070 
v -3473022.75 -17624296 -31405112 
v -3532906.25 -17632812 -31409806 
v -3613178.25 -17538292 -31456750 
v -3701272.25 -17538292 -31461446 
v -3795906 -17537212 -31463792 
v -3892463.25 -17534934 -31461446 
v -3985942.75 -17531454 -31456750 
v -4075960.25 -17526656 -31449710 
v -4162387.25 -17520780 -31440320 
v -4244967.5 -17513702 -31426238 
v -4323316 -17505426 -31407460 
v -4397304.5 -17495950 -31388682 
v -4466677 -17485394 -31365210 
v -4531177 -17473760 -31339392 
v -4590547.5 -17461164 -31311224 
v -4644660.5 -17447490 -31278364 
v -4693387.5 -17432976 -31245504 
v -4736601 -17417384 -31207948 
v -4774044.5 -17401070 -31168046 
v -4807256 -17384038 -31128144 
v -4837518 -17366524 -31085894 
v -4849828.5 -17134664 -31123450 
v -4821105 -17153736 -31165700 
v -4809051 -16920434 -31196212 
v -4790842.5 -17172568 -31207948 
v -4757887.5 -17191400 -31247850 
v -4720572.5 -17210112 -31285406 
v -4677615.5 -17228584 -31322960 
v -4629272.5 -17246936 -31355822 
v -4575416 -17264808 -31383988 
v -4516430.5 -17282320 -31412154 
v -4452187 -17299354 -31435626 
v -4383327.5 -17315906 -31456750 
v -4309980 -17331980 -31473180 
v -4232144.5 -17347454 -31487264 
v -4150205.5 -17362206 -31499000 
v -4064291.25 -17376360 -31506042 
v -3974915 -17389796 -31510736 
v -3882204.75 -17402390 -31513084 
v -3786417 -17414144 -31508388 
v -3692424.25 -17424700 -31503694 
v -3605099.75 -17433576 -31496652 
v -3536625 -17537092 -31449710 
v -3476485 -17534934 -31442668 
v -3429809.25 -17531214 -31433278 
v -3394289.5 -17525698 -31423890 
v -3366720.25 -17517780 -31416848 
v -3344408.25 -17507106 -31414502 
v -3327225.25 -17495230 -31412154 
v -3314787 -17483476 -31412154 
v -3306580.25 -17473280 -31409806 
v -3302605.25 -17466322 -31405112 
v -3302348.75 -17460684 -31400418 
v -3305939.25 -17454808 -31386334 
v -3312735.25 -17447010 -31367558 
v -3322865.5 -17435616 -31339392 
v -3334406.25 -17422422 -31306530 
v -3346075 -17409226 -31273670 
v -3355307.75 -17355250 -31299488 
v -3343767 -17368444 -31332350 
v -3332098 -17381638 -31365210 
v -3322096 -17393154 -31393376 
v -3315171.75 -17400950 -31412154 
v -3311581.25 -17406348 -31423890 
v -3310940 -17410906 -31430932 
v -3313633 -17415704 -31435626 
v -3319275 -17422182 -31437974 
v -3328892.25 -17429378 -31440320 
v -3343254 -17436096 -31442668 
v -3362873.25 -17441614 -31447362 
v -3388904 -17444972 -31454404 
v -3423526 -17445812 -31463792 
v -3469560.5 -17444252 -31475528 
v -3529187.5 -17440294 -31487264 
v -3585224 -17328980 -31531860 
v -3671010 -17311228 -31541250 
v -3763079 -17291196 -31550638 
v -3856943.5 -17269966 -31557680 
v -3947986.75 -17248136 -31560028 
v -4035824.25 -17226064 -31557680 
v -4120071.5 -17203754 -31552986 
v -4200471.5 -17181324 -31543596 
v -4276896.5 -17158654 -31531860 
v -4349218.5 -17135982 -31517778 
v -4417052 -17113432 -31499000 
v -4479885 -17090882 -31475528 
v -4537973 -17068452 -31452056 
v -4591060 -17046262 -31421542 
v -4638890 -17024430 -31391030 
v -4681206 -17003080 -31355822 
v -4718008 -16981968 -31318266 
v -4750835 -16961338 -31278364 
v -4780584 -16940826 -31238462 
v -4744936 -16709084 -31257240 
v -4716725.5 -16730795 -31299488 
v -4657868 -16503252 -31311224 
v -4687361 -16752746 -31339392 
v -4655303.5 -16775176 -31379294 
v -4619142.5 -16798566 -31416848 
v -4577596 -16822916 -31449710 
v -4530920.5 -16848346 -31480222 
v -4479115.5 -16874614 -31508388 
v -4422566 -16901842 -31531860 
v -4361144 -16929790 -31552986 
v -4295362 -16958458 -31569416 
v -4225092 -16987606 -31583498 
v -4150718.25 -17017354 -31592888 
v -4072498 -17047460 -31599930 
v -3990687.25 -17077808 -31602276 
v -3905542.5 -17108394 -31599930 
v -3817192.25 -17139102 -31595234 
v -3726277 -17169928 -31585846 
v -3636900.75 -17199196 -31576458 
v -3553807.75 -17225704 -31562374 
v -3510722.5 -17343494 -31520124 
v -3452249.5 -17353810 -31506042 
v -3407497.25 -17360768 -31494306 
v -3374157.5 -17365206 -31482570 
v -3349793.75 -17368084 -31473180 
v -3332226.25 -17370244 -31466140 
v -3320685.5 -17371442 -31459098 
v -3313504.75 -17371922 -31456750 
v -3309786 -17371562 -31452056 
v -3308375.5 -17370484 -31447362 
v -3309529.5 -17367844 -31440320 
v -3313376.5 -17362806 -31426238 
v -3320301 -17355010 -31407460 
v -3330302.75 -17343614 -31379294 
v -3341971.75 -17330420 -31346432 
v -3353512.5 -17317226 -31313572 
v -3337099 -17281002 -31322960 
v -3325430 -17294196 -31355822 
v -3313761.25 -17307390 -31388682 
v -3303759.25 -17318786 -31416848 
v -3296963 -17326702 -31435626 
v -3292988 -17330900 -31449710 
v -3291449.25 -17331740 -31456750 
v -3292218.5 -17328980 -31463792 
v -3294783 -17323104 -31468486 
v -3300681.75 -17314946 -31475528 
v -3310940 -17305470 -31482570 
v -3326968.75 -17295756 -31494306 
v -3349922 -17286638 -31506042 
v -3381851.25 -17276804 -31517778 
v -3425193 -17264328 -31531860 
v -3481742.5 -17247896 -31548292 
v -3511363.5 -17125068 -31588194 
v -3590738 -17090042 -31602276 
v -3676267.25 -17051658 -31616360 
v -3763463.75 -17011836 -31628096 
v -3847967.25 -16972252 -31635138 
v -3929649.75 -16933390 -31637484 
v -4008126.5 -16895126 -31637484 
v -4083141.25 -16857702 -31632790 
v -4154565.25 -16820996 -31625748 
v -4222142.5 -16785492 -31614012 
v -4285616.5 -16751067 -31597582 
v -4344730.5 -16717841 -31578804 
v -4399484.5 -16685934 -31557680 
v -4449366 -16655587 -31529514 
v -4494631 -16626680 -31501348 
v -4534895.5 -16599331 -31468486 
v -4570158.5 -16573782 -31430932 
v -4601447 -16549552 -31393376 
v -4630170.5 -16526162 -31351128 
v -4548616 -16305456 -31351128 
v -4521688 -16329686 -31393376 
v -4418975.5 -16118216 -31381640 
v -4493733.5 -16354515 -31433278 
v -4463215 -16380424 -31470834 
v -4429234 -16408132 -31508388 
v -4390508.5 -16438120 -31538902 
v -4347166.5 -16470386 -31569416 
v -4299337 -16504691 -31595234 
v -4247147.5 -16541036 -31616360 
v -4190726.25 -16579300 -31635138 
v -4130329.75 -16619363 -31649220 
v -4066214.75 -16661105 -31658610 
v -3998509.25 -16704287 -31665650 
v -3927341.75 -16748788 -31667998 
v -3852968.25 -16794608 -31667998 
v -3775773.75 -16841628 -31663304 
v -3695886.5 -16889488 -31653914 
v -3613434.75 -16938068 -31639832 
v -3532906.25 -16985208 -31625748 
v -3458020 -17028508 -31606970 
v -3442375.75 -17154814 -31571762 
v -3388262.75 -17177246 -31555332 
v -3346972.75 -17194758 -31538902 
v -3316197.5 -17209272 -31524820 
v -3294013.75 -17223066 -31510736 
v -3278241.5 -17238180 -31499000 
v -3267598.25 -17253294 -31489612 
v -3261186.75 -17266368 -31480222 
v -3258109.25 -17276324 -31473180 
v -3257083.5 -17281242 -31463792 
v -3258237.5 -17281722 -31456750 
v -3262212.75 -17277882 -31442668 
v -3269137 -17270086 -31423890 
v -3279139 -17258570 -31395724 
v -3290679.75 -17245376 -31362864 
v -3302220.5 -17232182 -31330002 
v -3245927.5 -17156614 -31341738 
v -3234258.5 -17169688 -31374600 
v -3222717.75 -17183002 -31407460 
v -3212716 -17194398 -31435626 
v -3205791.5 -17202194 -31454404 
v -3202072.75 -17206154 -31466140 
v -3201560 -17205914 -31475528 
v -3204252.75 -17201356 -31482570 
v -3210151.25 -17192120 -31491958 
v -3219512 -17179524 -31501348 
v -3232976.25 -17164650 -31513084 
v -3250672 -17148818 -31524820 
v -3273368.75 -17133224 -31541250 
v -3302989.75 -17115592 -31555332 
v -3342228.25 -17093640 -31571762 
v -3393007.25 -17065452 -31590540 
v -3394674.25 -16936988 -31623402 
v -3464175 -16886010 -31639832 
v -3539061.25 -16830592 -31658610 
v -3615614.5 -16773617 -31672692 
v -3690116.25 -16717841 -31682080 
v -3762053.25 -16663264 -31689122 
v -3831425.75 -16610247 -31691470 
v -3897848.75 -16559028 -31689122 
v -3961322.75 -16509609 -31682080 
v -4021462.5 -16462110 -31672692 
v -4078140.25 -16416769 -31660956 
v -4131227.5 -16373707 -31642178 
v -4180467.75 -16333044 -31621054 
v -4225733 -16295021 -31597582 
v -4266895 -16259636 -31567068 
v -4303825 -16227009 -31536556 
v -4336395.5 -16197262 -31501348 
v -4365760 -16169794 -31461446 
v -4392945 -16143645 -31421542 
v -4270613.5 -15943690 -31400418 
v -4245608.5 -15970199 -31440320 
v -4105581.5 -15784398 -31405112 
v -4219449.5 -15997547 -31480222 
v -4191367.25 -16026575 -31517778 
v -4160335.5 -16058241 -31552986 
v -4125585.25 -16093266 -31585846 
v -4086859.75 -16131650 -31614012 
v -4044544 -16173152 -31637484 
v -3998637.5 -16217653 -31658610 
v -3949397.25 -16265153 -31675040 
v -3896951.25 -16315532 -31689122 
v -3841299.5 -16368429 -31698512 
v -3782826.5 -16423726 -31703206 
v -3721789 -16481181 -31703206 
v -3658058.75 -16540916 -31700858 
v -3592020.25 -16602450 -31693816 
v -3523930.25 -16665663 -31682080 
v -3453916.5 -16730435 -31667998 
v -3385570 -16793528 -31649220 
v -3322096 -16851704 -31630442 
v -3334406.25 -16980768 -31604624 
v -3287345.75 -17014594 -31585846 
v -3250672 -17040264 -31567068 
v -3222205 -17060056 -31550638 
v -3199251.75 -17075888 -31536556 
v -3179119.75 -17089682 -31524820 
v -3162321.5 -17101198 -31513084 
v -3148985.5 -17109954 -31503694 
v -3139881.25 -17115952 -31494306 
v -3135265 -17118470 -31487264 
v -3134752 -17117750 -31477876 
v -3138214.25 -17113432 -31466140 
v -3145010.5 -17105636 -31447362 
v -3155012.5 -17094240 -31419196 
v -3166681.25 -17080926 -31386334 
v -3178222 -17067732 -31353474 
v -3110003.75 -16979570 -31365210 
v -3098334.75 -16992764 -31398070 
v -3086665.75 -17005958 -31430932 
v -3076664 -17017354 -31459098 
v -3069739.5 -17025150 -31477876 
v -3066662 -17029828 -31489612 
v -3067816 -17031868 -31499000 
v -3073842.75 -17031628 -31506042 
v -3085383.5 -17029708 -31513084 
v -3101155.75 -17025390 -31522472 
v -3120262 -17018074 -31531860 
v -3141804.75 -17007038 -31543596 
v -3164501.5 -16991564 -31557680 
v -3191173.25 -16970094 -31574110 
v -3224513 -16940826 -31592888 
v -3267342 -16901962 -31611666 
v -3241439.5 -16773857 -31635138 
v -3297988.75 -16709084 -31653914 
v -3359154.5 -16638914 -31670344 
v -3421730.75 -16567185 -31686776 
v -3482896.5 -16497135 -31698512 
v -3542138.75 -16429004 -31705552 
v -3599585.75 -16363272 -31707900 
v -3654724.75 -16300058 -31707900 
v -3707683.75 -16239364 -31703206 
v -3758078 -16181549 -31693816 
v -3805908 -16126852 -31679734 
v -3851044.75 -16075274 -31663304 
v -3893104.25 -16027054 -31642178 
v -3932086.25 -15982433 -31618706 
v -3968118.75 -15941291 -31590540 
v -4000689.25 -15904107 -31560028 
v -4029797.5 -15870641 -31522472 
v -4056469.25 -15840294 -31484916 
v -4081346 -15811866 -31445014 
v -3925290 -15642258 -31398070 
v -3902336.75 -15670686 -31440320 
v -3732304 -15519070 -31379294 
v -3878614.25 -15700193 -31477876 
v -3853481.25 -15731740 -31517778 
v -3826296.5 -15766645 -31552986 
v -3796162.5 -15805869 -31583498 
v -3763335.5 -15849290 -31611666 
v -3727944 -15896910 -31637484 
v -3689859.75 -15948248 -31658610 
v -3649339 -16003425 -31675040 
v -3606638.5 -16062200 -31686776 
v -3561886.25 -16124453 -31696164 
v -3514954 -16189825 -31700858 
v -3466098.5 -16258196 -31703206 
v -3415704 -16329446 -31700858 
v -3363642.75 -16403215 -31693816 
v -3310299 -16479262 -31682080 
v -3255544.75 -16557469 -31667998 
v -3202457.5 -16633757 -31649220 
v -3153473.75 -16704526 -31630442 
v -3192712 -16829874 -31614012 
v -3154756 -16873294 -31595234 
v -3125134.75 -16906040 -31576458 
v -3101155.75 -16929430 -31562374 
v -3080382.5 -16945144 -31548292 
v -3060250.5 -16954620 -31536556 
v -3041913.5 -16959418 -31527166 
v -3026397.75 -16960738 -31520124 
v -3015113.5 -16960138 -31513084 
v -3009215 -16958818 -31508388 
v -3008060.75 -16956060 -31499000 
v -3011266.5 -16951142 -31487264 
v -3018062.75 -16943344 -31466140 
v -3028064.75 -16931950 -31437974 
v -3039733.75 -16918636 -31407460 
v -3051402.5 -16905442 -31374600 
v -3012933.5 -16859140 -31379294 
v -3001393 -16872336 -31412154 
v -2989724 -16885650 -31445014 
v -2979722 -16897044 -31473180 
v -2972797.5 -16904842 -31491958 
v -2969207.25 -16909640 -31503694 
v -2969207.25 -16912158 -31513084 
v -2972541.25 -16912998 -31517778 
v -2979722 -16912998 -31522472 
v -2989980.5 -16910478 -31529514 
v -3002803.5 -16904362 -31536556 
v -3017549.75 -16892966 -31545944 
v -3033706.75 -16875214 -31560028 
v -3053454.25 -16849304 -31574110 
v -3078587.25 -16813320 -31592888 
v -3111157.75 -16765700 -31611666 
v -3059096.5 -16644312 -31621054 
v -3100130 -16568504 -31639832 
v -3144882.25 -16486579 -31656262 
v -3190916.75 -16402975 -31670344 
v -3236182 -16321649 -31679734 
v -3280293.25 -16242963 -31686776 
v -3323506.75 -16167035 -31689122 
v -3365309.5 -16094226 -31686776 
v -3405702 -16024775 -31682080 
v -3444684 -15958804 -31672692 
v -3481870.75 -15896550 -31658610 
v -3517390.5 -15838135 -31642178 
v -3550986.75 -15783918 -31621054 
v -3582659.5 -15733899 -31595234 
v -3612280.5 -15688438 -31567068 
v -3639593.5 -15647416 -31534208 
v -3664726.75 -15611191 -31499000 
v -3688321 -15578565 -31461446 
v -3710504.75 -15548218 -31421542 
v -3529315.75 -15416034 -31348780 
v -3508799 -15445902 -31391030 
v -3318762.25 -15334709 -31306530 
v -3488025.75 -15476968 -31430932 
v -3466226.75 -15510434 -31468486 
v -3443273.5 -15547858 -31503694 
v -3418781.5 -15590200 -31536556 
v -3392622.5 -15637460 -31567068 
v -3364925 -15689518 -31592888 
v -3335945 -15746014 -31614012 
v -3305554.5 -15807068 -31632790 
v -3274138 -15872200 -31646874 
v -3241439.5 -15941411 -31656262 
v -3207715 -16014340 -31663304 
v -3173349.25 -16090867 -31665650 
v -3137957.75 -16170753 -31665650 
v -3101925.25 -16253638 -31660956 
v -3065379.75 -16339282 -31651568 
v -3028321.25 -16427564 -31639832 
v -2992673.25 -16513808 -31623402 
v -3024089.5 -16709924 -31602276 
v -2911119 -16717601 -31571762 
v -2812125.5 -16727197 -31538902 
v -2723390.25 -16739552 -31503694 
v -2638630.25 -16755625 -31466140 
v -2550921 -16774936 -31428584 
v -2463083.25 -16793528 -31388682 
v -2393839.25 -16808282 -31355822 
v -2348445.75 -16822196 -31332350 
v -2318055.25 -16843548 -31308878 
v -2285869.5 -16879772 -31273670 
v -2235475 -16937108 -31214990 
v -2177130.5 -17003440 -31142228 
v -2122632.75 -17066892 -31062422 
v -2080573.25 -17117630 -30984966 
v -2059158.875 -17146178 -30923938 
v -2054029.625 -17167770 -30876994 
v -2053645 -17205554 -30860564 
v -2065185.625 -17261690 -30841786 
v -2085446 -17349972 -30813620 
v -2110579 -17454088 -30780760 
v -2136738 -17558204 -30747900 
v -2159819.5 -17646126 -30719734 
v -2175976.25 -17701782 -30703302 
v -2194441.5 -17737288 -30696262 
v -2224447.25 -17764876 -30693914 
v -2275482.75 -17796542 -30700956 
v -2356909 -17844642 -30710344 
v -2453466 -17900418 -30722080 
v -2550536.25 -17955354 -30733816 
v -2633116.25 -18000936 -30745552 
v -2686203.5 -18028644 -30752594 
v -2724287.75 -18040038 -30761982 
v -2762115.75 -18036680 -30776066 
v -2814305.25 -18020008 -30801884 
v -2895346.75 -17991700 -30841786 
v -2990749.75 -17957034 -30891078 
v -3085640 -17921528 -30938022 
v -3165399 -17890462 -30980272 
v -3215408.75 -17869352 -31006090 
v -3244517 -17848120 -31024868 
v -3261699.75 -17816334 -31043646 
v -3275676.75 -17763796 -31069464 
v -3295424.25 -17680432 -31111714 
v -3317608 -17581474 -31158658 
v -3339022.5 -17482156 -31205602 
v -3355948.75 -17397952 -31247850 
v -3365309.5 -17343974 -31271322 
v -3363514.5 -17305950 -31287752 
v -3346972.75 -17269726 -31294794 
v -3312222.5 -17220906 -31301836 
v -3255929.5 -17145220 -31313572 
v -3188224 -17056456 -31325308 
v -3119877.5 -16968294 -31337044 
v -3061276.25 -16894166 -31346432 
v -3022807.25 -16847866 -31351128 
v -2991519.25 -16821836 -31351128 
v -2981645.5 -16833112 -31379294 
v -2969976.5 -16846306 -31409806 
v -2958307.5 -16859500 -31442668 
v -2948305.75 -16871016 -31470834 
v -2941381.25 -16878812 -31491958 
v -2937278 -16883370 -31503694 
v -2935354.5 -16884930 -31510736 
v -2935226.25 -16884090 -31515430 
v -2936380.25 -16881212 -31520124 
v -2939201.25 -16875094 -31524820 
v -2944202.25 -16865018 -31531860 
v -2951639.75 -16850024 -31541250 
v -2962154.5 -16829154 -31552986 
v -2976772.75 -16800246 -31567068 
v -2997033 -16761142 -31583498 
v -2895987.75 -16759343 -31555332 
v -2886498.75 -16791130 -31541250 
v -2806868 -16761262 -31524820 
v -2724159.5 -16768339 -31491958 
v -2639271.25 -16781174 -31456750 
v -2546945.75 -16795208 -31416848 
v -2456543.5 -16806604 -31379294 
v -2391146.25 -16814160 -31351128 
v -2351010.25 -16823276 -31327656 
v -2322928 -16841508 -31301836 
v -2291383.25 -16875214 -31261934 
v -2242271.25 -16929310 -31196212 
v -2187132.5 -16992044 -31114060 
v -2134301.5 -17053698 -31029562 
v -2092114 -17104436 -30952104 
v -2069160.75 -17134904 -30895772 
v -2060697.625 -17160212 -30858218 
v -2060312.875 -17197996 -30841786 
v -2071725.375 -17254132 -30823010 
v -2091985.75 -17342416 -30794844 
v -2117247 -17446530 -30761982 
v -2143406 -17550646 -30729122 
v -2166487.25 -17638570 -30700956 
v -2182644.25 -17694226 -30684526 
v -2200981.25 -17729730 -30677484 
v -2231115.25 -17757318 -30677484 
v -2282150.75 -17788986 -30682178 
v -2363448.75 -17837084 -30691566 
v -2460134 -17892862 -30703302 
v -2557204.25 -17947678 -30715038 
v -2639784.25 -17993378 -30726774 
v -2692743.25 -18021086 -30733816 
v -2730955.75 -18032482 -30743204 
v -2768783.75 -18029124 -30757288 
v -2820973.25 -18012450 -30783108 
v -2902014.75 -17984142 -30823010 
v -2997417.75 -17949478 -30872300 
v -3092179.75 -17913972 -30919244 
v -3172067 -17882906 -30961494 
v -3221948.5 -17861794 -30987312 
v -3251185 -17840564 -31006090 
v -3268367.75 -17808776 -31024868 
v -3282344.75 -17756240 -31050686 
v -3302092.25 -17672874 -31092936 
v -3324276 -17573916 -31139880 
v -3345690.5 -17474600 -31186824 
v -3362616.75 -17390394 -31229074 
v -3371977.5 -17336418 -31252546 
v -3370054.25 -17298394 -31268976 
v -3353640.75 -17262170 -31276018 
v -3318890.25 -17213350 -31285406 
v -3262469.25 -17137782 -31294794 
v -3194892 -17048900 -31306530 
v -3126545.25 -16960738 -31318266 
v -3067816 -16886610 -31327656 
v -3029475.25 -16840308 -31332350 
v -2998187.25 -16814280 -31332350 
v -2960487.5 -16800846 -31322960 
v -2953819.5 -16808402 -31341738 
v -2943945.75 -16819678 -31369904 
v -2932405.25 -16832872 -31402766 
v -2920608 -16846066 -31435626 
v -2910606 -16857462 -31463792 
v -2903809.75 -16865378 -31482570 
v -2899065.25 -16869456 -31494306 
v -2895475 -16870056 -31503694 
v -2892012.75 -16866938 -31508388 
v -2887652.75 -16860340 -31510736 
v -2883549.5 -16849784 -31515430 
v -2881113.25 -16834792 -31520124 
v -2881754.25 -16815480 -31529514 
v -2806226.75 -16788490 -31513084 
v -2727493.5 -16793528 -31482570 
v -2639656 -16802524 -31447362 
v -2542714.25 -16810682 -31409806 
v -2451158 -16815120 -31372252 
v -2390505.25 -16816798 -31344086 
v -2354087.75 -16821836 -31320614 
v -2328185.5 -16836830 -31290100 
v -2298307.75 -16867418 -31240810 
v -2252401.5 -16917916 -31168046 
v -2198801.25 -16978850 -31083548 
v -2145842.25 -17040504 -30996702 
v -2102116 -17093162 -30923938 
v -2075700.5 -17127346 -30876994 
v -2065698.625 -17155894 -30846482 
v -2065313.875 -17193558 -30830050 
v -2076854.625 -17249694 -30813620 
v -2096986.75 -17337738 -30783108 
v -2122119.75 -17441852 -30750246 
v -2148407 -17545728 -30717386 
v -2171360 -17633532 -30691566 
v -2187388.75 -17689068 -30672790 
v -2205854 -17724572 -30665748 
v -2235859.75 -17752042 -30665748 
v -2286895.25 -17783828 -30670442 
v -2368065 -17831688 -30679830 
v -2464622 -17887464 -30691566 
v -2561435.75 -17942280 -30705650 
v -2643887.75 -17987860 -30715038 
v -2696846.75 -18015570 -30722080 
v -2734931 -18026964 -30731468 
v -2772758.75 -18023486 -30747900 
v -2824820.25 -18006932 -30771372 
v -2905733.25 -17978624 -30811274 
v -3001008.25 -17944080 -30860564 
v -3095642 -17908454 -30907508 
v -3175401 -17877628 -30949758 
v -3225282.5 -17856516 -30975576 
v -3254390.75 -17835286 -30994354 
v -3271573.5 -17803500 -31013132 
v -3285422.25 -17751082 -31038950 
v -3305298 -17667836 -31081200 
v -3327481.75 -17568998 -31128144 
v -3348639.75 -17469922 -31177436 
v -3365694.25 -17385716 -31217338 
v -3375055 -17331740 -31240810 
v -3373131.75 -17293836 -31257240 
v -3356718.25 -17257612 -31264282 
v -3321968 -17208912 -31273670 
v -3265675 -17133464 -31283058 
v -3198226 -17044822 -31294794 
v -3129879.25 -16956780 -31306530 
v -3071406.5 -16882770 -31315920 
v -3033065.75 -16836470 -31320614 
v -3001777.5 -16810442 -31320614 
v -2964078 -16797128 -31311224 
v -2906887.25 -16788730 -31294794 
v -2903168.75 -16792450 -31306530 
v -2896500.75 -16800006 -31325308 
v -2886627 -16811282 -31353474 
v -2874958 -16824476 -31386334 
v -2863417.5 -16837790 -31419196 
v -2853415.5 -16849184 -31447362 
v -2846491 -16856982 -31466140 
v -2841490 -16860820 -31477876 
v -2837130.25 -16860460 -31484916 
v -2831872.75 -16855302 -31489612 
v -2824563.75 -16845346 -31494306 
v -2816613.5 -16830832 -31499000 
v -2810073.75 -16811640 -31506042 
v -2732494.5 -16814760 -31475528 
v -2640425.5 -16819438 -31440320 
v -2539252 -16821356 -31400418 
v -2448849.75 -16819438 -31365210 
v -2391915.75 -16815960 -31337044 
v -2358704 -16817278 -31308878 
v -2334981.5 -16829034 -31271322 
v -2308309.75 -16855902 -31212642 
v -2264070.5 -16904602 -31135186 
v -2210342 -16965656 -31050686 
v -2155716 -17029228 -30968536 
v -2108655.5 -17085604 -30905162 
v -2080829.75 -17123028 -30865258 
v -2070827.75 -17154336 -30841786 
v -2070443.125 -17191880 -30825356 
v -2081855.5 -17247776 -30806580 
v -2102116 -17335458 -30778412 
v -2127120.75 -17438974 -30745552 
v -2153151.5 -17542490 -30712692 
v -2176104.5 -17629814 -30686872 
v -2192133.25 -17685230 -30668094 
v -2210342 -17720494 -30661054 
v -2240219.5 -17747842 -30661054 
v -2290998.75 -17779390 -30665748 
v -2371911.75 -17827130 -30675136 
v -2467956 -17882546 -30686872 
v -2564385 -17937242 -30698608 
v -2646452.25 -17982584 -30710344 
v -2699154.75 -18010172 -30717386 
v -2737110.75 -18021446 -30726774 
v -2774682.25 -18018088 -30740858 
v -2826615.5 -18001534 -30766676 
v -2907143.75 -17973346 -30806580 
v -3001905.75 -17938922 -30855870 
v -3096154.75 -17903536 -30902814 
v -3175529.25 -17872830 -30942716 
v -3225282.5 -17851838 -30968536 
v -3254134.25 -17830608 -30987312 
v -3271188.75 -17799062 -31008438 
v -3285037.75 -17746884 -31034256 
v -3304785 -17663998 -31074158 
v -3326968.75 -17565640 -31121102 
v -3348126.75 -17466922 -31170394 
v -3364925 -17383198 -31210296 
v -3374285.75 -17329460 -31233768 
v -3372362.25 -17291676 -31247850 
v -3356077 -17255692 -31257240 
v -3321583.25 -17207232 -31264282 
v -3265546.75 -17132024 -31276018 
v -3198226 -17043742 -31287752 
v -3130264 -16956060 -31299488 
v -3072047.5 -16882410 -31308878 
v -3033835 -16836350 -31313572 
v -3002675.25 -16810442 -31311224 
v -2965232 -16797128 -31304184 
v -2908298 -16788850 -31287752 
v -2818793.25 -16778056 -31259586 
v -2816998.25 -16777816 -31266628 
v -2813023 -16781534 -31278364 
v -2806355 -16789090 -31297142 
v -2796481.25 -16800366 -31325308 
v -2784812.5 -16813560 -31358168 
v -2773271.75 -16826874 -31391030 
v -2763141.5 -16838270 -31419196 
v -2756345.25 -16846066 -31437974 
v -2751472.5 -16849784 -31449710 
v -2747625.75 -16848826 -31459098 
v -2743650.5 -16842828 -31463792 
v -2738265 -16831312 -31470834 
v -2641451.25 -16831072 -31433278 
v -2538098 -16826754 -31393376 
v -2449491 -16819438 -31355822 
v -2396019 -16811760 -31322960 
v -2365500.25 -16809482 -31290100 
v -2345111.75 -16817518 -31243156 
v -2319978.75 -16842708 -31179782 
v -2275611 -16891406 -31102324 
v -2220344 -16954380 -31022520 
v -2162384 -17021672 -30949758 
v -2113656.5 -17081526 -30893426 
v -2085958.875 -17121590 -30860564 
v -2077752.25 -17155054 -30839440 
v -2077495.75 -17192240 -30823010 
v -2088780 -17247656 -30806580 
v -2108783.75 -17334498 -30778412 
v -2133660.5 -17437174 -30745552 
v -2159434.75 -17539612 -30712692 
v -2182131.5 -17626214 -30684526 
v -2198032 -17681032 -30668094 
v -2216112.25 -17716056 -30661054 
v -2245733.5 -17743284 -30661054 
v -2295999.75 -17774472 -30665748 
v -2376143.5 -17821732 -30675136 
v -2471290 -17876668 -30686872 
v -2566949.75 -17930766 -30698608 
v -2648247.5 -17975746 -30710344 
v -2700437 -18003094 -30717386 
v -2738008.5 -18014370 -30726774 
v -2775323.5 -18011010 -30740858 
v -2826743.5 -17994578 -30766676 
v -2906502.75 -17966630 -30806580 
v -3000495.25 -17932564 -30853522 
v -3093975 -17897540 -30900466 
v -3172580 -17866952 -30940368 
v -3221820.25 -17846202 -30966188 
v -3250415.5 -17825210 -30984966 
v -3267342 -17793904 -31003744 
v -3281190.75 -17742206 -31029562 
v -3300553.5 -17660040 -31069464 
v -3322480.75 -17562642 -31116408 
v -3343510.5 -17464884 -31165700 
v -3360180.5 -17381878 -31203254 
v -3369413 -17328622 -31229074 
v -3367617.75 -17291196 -31243156 
v -3351460.75 -17255452 -31252546 
v -3317223.25 -17207472 -31259586 
v -3261699.75 -17132984 -31268976 
v -3195020.25 -17045542 -31280712 
v -3127699.5 -16958578 -31292448 
v -3069996 -16885650 -31301836 
v -3032168 -16840068 -31306530 
v -3001264.75 -16814400 -31306530 
v -2964078 -16801086 -31299488 
v -2907656.75 -16792928 -31280712 
v -2818921.5 -16782254 -31254892 
v -2714029.5 -16770618 -31222032 
v -2712875.5 -16766420 -31226726 
v -2710567.25 -16766180 -31233768 
v -2706464 -16769899 -31245504 
v -2699924.25 -16777456 -31264282 
v -2689922.25 -16788730 -31292448 
v -2678253.25 -16801926 -31325308 
v -2666712.5 -16815120 -31358168 
v -2656582.5 -16826634 -31386334 
v -2649786.25 -16834432 -31405112 
v -2645426.5 -16838030 -31416848 
v -2642861.75 -16837070 -31426238 
v -2539252 -16827354 -31383988 
v -2543355.25 -16823636 -31372252 
v -2453209.75 -16815480 -31341738 
v -2402815.25 -16803964 -31304184 
v -2375502.25 -16798086 -31261934 
v -2356652.5 -16804324 -31210296 
v -2331519.25 -16829514 -31149268 
v -2285484.75 -16880252 -31074158 
v -2226883.75 -16946824 -31003744 
v -2167256.75 -17017474 -30938022 
v -2118657.5 -17080206 -30888730 
v -2092755.125 -17122668 -30858218 
v -2088267 -17157574 -30839440 
v -2088010.625 -17194278 -30825356 
v -2099038.25 -17248736 -30806580 
v -2118785.75 -17334378 -30778412 
v -2143277.75 -17435376 -30747900 
v -2168667.25 -17536372 -30715038 
v -2190979.25 -17621656 -30689220 
v -2206623.25 -17675634 -30672790 
v -2224575.5 -17710058 -30663400 
v -2253683.75 -17736808 -30663400 
v -2303180.5 -17767514 -30668094 
v -2382042 -17814174 -30677484 
v -2475906.25 -17868272 -30689220 
v -2570027.25 -17921528 -30700956 
v -2650042.75 -17965790 -30712692 
v -2701334.75 -17992658 -30719734 
v -2738393.25 -18003694 -30729122 
v -2775067 -18000456 -30743204 
v -2825717.75 -17984262 -30766676 
v -2904451 -17956794 -30806580 
v -2996904.75 -17923208 -30853522 
v -3088974 -17888662 -30900466 
v -3166425 -17858676 -30940368 
v -3214767.5 -17838164 -30966188 
v -3243106.5 -17817534 -30982618 
v -3259648 -17786706 -31001396 
v -3273368.75 -17735848 -31027214 
v -3292475 -17655002 -31067118 
v -3314017.5 -17558924 -31114060 
v -3334662.75 -17462724 -31161004 
v -3351204.25 -17380918 -31198560 
v -3360180.5 -17328502 -31224378 
v -3358385.25 -17291676 -31238462 
v -3342484.75 -17256532 -31245504 
v -3308760.25 -17209152 -31252546 
v -3254134.25 -17135864 -31264282 
v -3188480.5 -17049740 -31276018 
v -3122185.5 -16964096 -31285406 
v -3065379.75 -16892246 -31294794 
v -3028064.75 -16847386 -31299488 
v -2997674.25 -16822076 -31299488 
v -2961128.75 -16809002 -31292448 
v -2905605 -16800966 -31276018 
v -2818152.25 -16790410 -31247850 
v -2714798.75 -16779014 -31217338 
v -2611445.5 -16768579 -31184476 
v -2609009 -16760063 -31189172 
v -2606957.5 -16755625 -31193866 
v -2604136.25 -16755385 -31200906 
v -2599904.75 -16759103 -31212642 
v -2593236.75 -16766660 -31231420 
v -2583363 -16777936 -31259586 
v -2571822.5 -16791130 -31292448 
v -2560153.5 -16804324 -31322960 
v -2550151.5 -16815840 -31351128 
v -2460005.75 -16807682 -31322960 
v -2412817.25 -16792450 -31276018 
v -2387171.25 -16784772 -31229074 
v -2368321.25 -16791130 -31177436 
v -2341521.25 -16818238 -31121102 
v -2292152.75 -16872574 -31057728 
v -2231628.25 -16942866 -30992008 
v -2172001.25 -17016634 -30933328 
v -2125197.25 -17081646 -30886384 
v -2103013.5 -17125668 -30858218 
v -2102757 -17161892 -30841786 
v -2102500.5 -17197756 -30827704 
v -2113272 -17251014 -30808926 
v -2132634.75 -17334738 -30783108 
v -2156613.75 -17433456 -30750246 
v -2181362 -17532174 -30719734 
v -2203289.25 -17615540 -30693914 
v -2218420.5 -17668316 -30677484 
v -2235988 -17702022 -30670442 
v -2264455 -17728172 -30670442 
v -2312926 -17758278 -30675136 
v -2389992.25 -17803860 -30684526 
v -2481676.75 -17856636 -30696262 
v -2573745.75 -17908814 -30707998 
v -2651966.25 -17952116 -30717386 
v -2702360.5 -17978384 -30724428 
v -2738521.5 -17989180 -30733816 
v -2774425.75 -17986062 -30747900 
v -2823922.5 -17970228 -30771372 
v -2900732.25 -17943360 -30808926 
v -2991134.5 -17910494 -30855870 
v -3081280.25 -17876788 -30900466 
v -3156807.75 -17847400 -30940368 
v -3204381 -17827370 -30963840 
v -3231950.5 -17807218 -30982618 
v -3248235.75 -17776990 -31001396 
v -3261443.25 -17727212 -31024868 
v -3280293.25 -17648166 -31064770 
v -3301322.75 -17554246 -31109366 
v -3321455 -17460206 -31156310 
v -3337612 -17380200 -31193866 
v -3346459.75 -17328980 -31217338 
v -3344664.5 -17292876 -31231420 
v -3329148.75 -17258570 -31240810 
v -3296193.75 -17212270 -31247850 
v -3242721.75 -17140542 -31257240 
v -3178478.5 -17056456 -31268976 
v -3113722.25 -16972732 -31278364 
v -3058070.5 -16902442 -31287752 
v -3021653.25 -16858540 -31292448 
v -2991903.75 -16833832 -31292448 
v -2956256 -16821116 -31283058 
v -2901886.5 -16813200 -31268976 
v -2816357 -16802764 -31240810 
v -2715311.75 -16791730 -31210296 
v -2614266.5 -16781534 -31177436 
v -2528865.25 -16773737 -31151616 
v -2524120.75 -16760663 -31156310 
v -2520274 -16752026 -31161004 
v -2517324.75 -16747588 -31165700 
v -2514247 -16747228 -31172740 
v -2509887.25 -16750947 -31184476 
v -2503219.25 -16758503 -31203254 
v -2493345.5 -16769779 -31229074 
v -2481676.75 -16782974 -31261934 
v -2470136 -16796168 -31294794 
v -2424486 -16779254 -31243156 
v -2398840 -16771578 -31196212 
v -2378195 -16779854 -31149268 
v -2348189.25 -16810682 -31102324 
v -2296769 -16868856 -31045992 
v -2235988 -16942266 -30984966 
v -2178156.25 -17018672 -30930980 
v -2135071 -17085244 -30886384 
v -2117118.75 -17130706 -30860564 
v -2121735 -17167890 -30846482 
v -2121350.5 -17202674 -30832398 
v -2131993.5 -17254372 -30813620 
v -2150586.75 -17335458 -30787802 
v -2173796.5 -17431298 -30757288 
v -2197775.5 -17527136 -30726774 
v -2219190 -17607982 -30703302 
v -2233936.25 -17659080 -30686872 
v -2250862.75 -17691826 -30679830 
v -2278560.25 -17717136 -30679830 
v -2325492.5 -17746404 -30684526 
v -2400250.75 -17790544 -30693914 
v -2489242.25 -17841762 -30703302 
v -2578490.25 -17892382 -30715038 
v -2654402.5 -17934364 -30724428 
v -2703258.25 -17959792 -30731468 
v -2738265 -17970348 -30740858 
v -2773143.5 -17967230 -30754940 
v -2821101.5 -17951876 -30778412 
v -2895603.25 -17925848 -30813620 
v -2983312.5 -17893940 -30858218 
v -3070637 -17861314 -30902814 
v -3143984.75 -17832766 -30940368 
v -3190019.25 -17813334 -30963840 
v -3216819.25 -17793784 -30982618 
v -3232591.5 -17764516 -30999048 
v -3245542.75 -17716296 -31024868 
v -3263751.5 -17639528 -31062422 
v -3284140 -17548488 -31104672 
v -3303631 -17457206 -31149268 
v -3319275 -17379600 -31186824 
v -3327994.75 -17329940 -31210296 
v -3326327.75 -17295036 -31224378 
v -3311068.25 -17261690 -31231420 
v -3279139 -17216708 -31238462 
v -3227334.25 -17147258 -31247850 
v -3165014.25 -17065572 -31259586 
v -3102181.75 -16984368 -31268976 
v -3048325 -16916236 -31278364 
v -3012933.5 -16873654 -31283058 
v -2984081.75 -16849664 -31283058 
v -2949459.75 -16837310 -31273670 
v -2896757.25 -16829634 -31259586 
v -2813792.5 -16819558 -31233768 
v -2715824.75 -16808882 -31203254 
v -2617728.75 -16798926 -31172740 
v -2535020.25 -16791490 -31144574 
v -2482317.75 -16788130 -31128144 
v -2474624 -16770258 -31132838 
v -2468597.25 -16757064 -31137532 
v -2463981 -16748308 -31142228 
v -2460518.75 -16743870 -31146922 
v -2457184.75 -16743630 -31153964 
v -2452696.75 -16747228 -31165700 
v -2446028.75 -16754785 -31184476 
v -2436155 -16766060 -31210296 
v -2408713.75 -16760303 -31168046 
v -2384863 -16772298 -31130492 
v -2352805.5 -16806842 -31090590 
v -2301000.5 -16868616 -31038950 
v -2241630.25 -16944904 -30982618 
v -2187132.5 -17023230 -30928632 
v -2148407 -17091122 -30886384 
v -2135584 -17137542 -30862912 
v -2145329.5 -17175686 -30851176 
v -2145073 -17209032 -30837092 
v -2155203 -17258690 -30820662 
v -2173155.25 -17336658 -30794844 
v -2195467.25 -17428778 -30766676 
v -2218548.75 -17520780 -30738510 
v -2238937.25 -17598506 -30712692 
v -2253170.75 -17647566 -30698608 
v -2269456 -17679112 -30691566 
v -2295999.75 -17703462 -30691566 
v -2341136.5 -17731530 -30696262 
v -2413073.75 -17773872 -30703302 
v -2498474.75 -17823170 -30715038 
v -2584260.75 -17871750 -30724428 
v -2657223.5 -17912054 -30736164 
v -2704027.5 -17936642 -30740858 
v -2737752 -17946718 -30750246 
v -2771220 -17943720 -30761982 
v -2817382.75 -17928966 -30785454 
v -2889063.5 -17903896 -30820662 
v -2973310.5 -17873310 -30862912 
v -3057173 -17841882 -30905162 
v -3127699.5 -17814534 -30942716 
v -3171938.75 -17795942 -30966188 
v -3197713 -17776990 -30982618 
v -3212844.25 -17748922 -30999048 
v -3225282.5 -17702502 -31022520 
v -3242593.5 -17628854 -31057728 
v -3262341 -17541290 -31099978 
v -3281062.5 -17453608 -31142228 
v -3296193.75 -17379120 -31179782 
v -3304400.25 -17331380 -31200906 
v -3302861.5 -17297794 -31214990 
v -3288243.5 -17265768 -31222032 
v -3257596.5 -17222586 -31229074 
v -3207715 -17155774 -31238462 
v -3147959.75 -17077328 -31247850 
v -3087435.25 -16999362 -31257240 
v -3035630.25 -16933868 -31266628 
v -3001777.5 -16892966 -31271322 
v -2973951.75 -16869936 -31271322 
v -2940740 -16858062 -31264282 
v -2890089.25 -16850624 -31247850 
v -2810458.5 -16841028 -31224378 
v -2716209.25 -16830712 -31193866 
v -2622088.5 -16821116 -31165700 
v -2542457.75 -16813920 -31139880 
v -2491935 -16810682 -31123450 
v -2458980 -16815600 -31109366 
v -2448080.5 -16793048 -31114060 
v -2439232.5 -16775416 -31118756 
v -2432436.25 -16762462 -31123450 
v -2427179 -16753825 -31125796 
v -2423460.25 -16749387 -31130492 
v -2419869.75 -16749028 -31137532 
v -2415381.75 -16752746 -31149268 
v -2389351 -16768579 -31118756 
v -2393069.75 -16768819 -31111714 
v -2356652.5 -16806962 -31083548 
v -2305873.25 -16871856 -31034256 
v -2249580.5 -16950662 -30980272 
v -2199442.5 -17030548 -30928632 
v -2165846.25 -17099278 -30888730 
v -2158793.5 -17146538 -30867606 
v -2174181.25 -17185162 -30858218 
v -2173924.75 -17216828 -30844134 
v -2183542 -17264088 -30830050 
v -2200724.75 -17338098 -30804232 
v -2221882.75 -17425660 -30776066 
v -2243810 -17513102 -30750246 
v -2263172.75 -17586872 -30726774 
v -2276637 -17633652 -30712692 
v -2292281 -17663518 -30705650 
v -2317542.25 -17686668 -30705650 
v -2360371 -17713298 -30710344 
v -2428717.75 -17753600 -30717386 
v -2509887.25 -17800380 -30726774 
v -2591313.25 -17846560 -30738510 
v -2660685.75 -17884944 -30747900 
v -2705309.75 -17908214 -30754940 
v -2737239 -17917810 -30761982 
v -2769040 -17914932 -30773718 
v -2812894.75 -17901018 -30794844 
v -2880985 -17877148 -30830050 
v -2960872.25 -17848000 -30869954 
v -3040759.5 -17818132 -30909856 
v -3107823.75 -17792104 -30945064 
v -3149755 -17774472 -30966188 
v -3174247 -17756600 -30982618 
v -3188608.75 -17729850 -30999048 
v -3200405.75 -17685830 -31020174 
v -3216947.5 -17615778 -31055382 
v -3235669 -17532654 -31095284 
v -3253493 -17449170 -31135186 
v -3267726.5 -17378520 -31168046 
v -3275676.75 -17333060 -31189172 
v -3274138 -17301152 -31203254 
v -3260289.25 -17270686 -31210296 
v -3231052.75 -17229784 -31214990 
v -3183736 -17166210 -31224378 
v -3126930 -17091722 -31233768 
v -3069611.25 -17017594 -31245504 
v -3020371 -16955340 -31252546 
v -2988057 -16916476 -31257240 
v -2961641.5 -16894646 -31254892 
v -2930097 -16883370 -31250198 
v -2882010.75 -16876294 -31233768 
v -2806226.75 -16867058 -31212642 
v -2716722.25 -16857342 -31184476 
v -2627217.75 -16848226 -31156310 
v -2551562 -16841388 -31130492 
v -2503604 -16838270 -31116408 
v -2472187.75 -16842948 -31102324 
v -2446670 -16859380 -31085894 
v -2431923.5 -16832872 -31092936 
v -2419869.75 -16811042 -31097630 
v -2410252.5 -16794008 -31099978 
v -2402815.25 -16781414 -31104672 
v -2397173 -16773017 -31107020 
v -2361012.25 -16810802 -31078854 
v -2312926 -16878692 -31031910 
v -2260480 -16959538 -30980272 
v -2215343 -17040504 -30930980 
v -2187901.75 -17109714 -30893426 
v -2187004.25 -17157454 -30872300 
v -2216753.5 -17199076 -30867606 
v -2214189 -17229064 -30853522 
v -2220856.75 -17272484 -30839440 
v -2238680.75 -17340616 -30818314 
v -2260351.75 -17421102 -30792496 
v -2278560.25 -17502068 -30766676 
v -2294204.5 -17570318 -30743204 
v -2308822.75 -17612780 -30731468 
v -2325620.75 -17640608 -30726774 
v -2348317.5 -17664358 -30724428 
v -2386658.25 -17690628 -30729122 
v -2450516.75 -17725892 -30736164 
v -2526429 -17767274 -30747900 
v -2600674.25 -17811776 -30754940 
v -2663635 -17848960 -30761982 
v -2705309.75 -17868392 -30769024 
v -2736469.75 -17875348 -30778412 
v -2767373.25 -17874988 -30790148 
v -2808406.75 -17864194 -30808926 
v -2870213.5 -17840204 -30839440 
v -2943176.5 -17811296 -30876994 
v -3017678 -17785746 -30914550 
v -3080382.5 -17763916 -30945064 
v -3117954 -17745564 -30966188 
v -3139881.25 -17726492 -30982618 
v -3155653.5 -17702262 -30996702 
v -3168733 -17662560 -31017826 
v -3181684.25 -17597306 -31048340 
v -3196815.5 -17519940 -31085894 
v -3215537 -17443652 -31123450 
v -3230796.25 -17379120 -31156310 
v -3235797.25 -17336898 -31175088 
v -3231950.5 -17306190 -31184476 
v -3220794.5 -17276324 -31193866 
v -3195917.75 -17237580 -31200906 
v -3150524.25 -17180244 -31207948 
v -3096411.25 -17112592 -31214990 
v -3045119.25 -17043022 -31224378 
v -3001393 -16984488 -31233768 
v -2970233 -16950062 -31236114 
v -2943689.5 -16930870 -31233768 
v -2913811.75 -16917916 -31229074 
v -2869700.75 -16909280 -31217338 
v -2800071.75 -16903042 -31193866 
v -2717491.75 -16896084 -31168046 
v -2634911.5 -16885530 -31142228 
v -2565026.25 -16877134 -31121102 
v -2521171.5 -16876534 -31107020 
v -2491806.75 -16883130 -31092936 
v -2465776.25 -16896804 -31078854 
v -2435770.25 -16924872 -31055382 
v -2415766.5 -16891526 -31062422 
v -2399481.25 -16866698 -31067118 
v -2386145.25 -16846426 -31069464 
v -2375502.25 -16830352 -31074158 
v -2367167.25 -16818598 -31076506 
v -2322415 -16889248 -31031910 
v -2274713.5 -16971652 -30980272 
v -2235346.75 -17053218 -30933328 
v -2214573.5 -17122548 -30898120 
v -2226755.5 -17171368 -30881690 
v -2281125 -17220068 -30881690 
v -2271379.5 -17248736 -30867606 
v -2270353.75 -17286518 -30851176 
v -2292665.75 -17344814 -30834746 
v -2318311.75 -17414264 -30815968 
v -2327416 -17485634 -30790148 
v -2334212.25 -17545728 -30769024 
v -2353446.75 -17581114 -30761982 
v -2376271.75 -17605944 -30759636 
v -2394095.5 -17634012 -30754940 
v -2423845 -17662320 -30752594 
v -2482189.5 -17687148 -30764330 
v -2551305.5 -17717376 -30776066 
v -2613240.75 -17761996 -30780760 
v -2664917.25 -17800140 -30783108 
v -2703386.25 -17810816 -30792496 
v -2735187.5 -17810936 -30804232 
v -2767245 -17817534 -30813620 
v -2805329.25 -17814894 -30827704 
v -2855723.5 -17787666 -30855870 
v -2916248.25 -17755880 -30891078 
v -2984338.25 -17740166 -30921592 
v -3042041.75 -17727572 -30947410 
v -3070765.25 -17705500 -30966188 
v -3087563.5 -17680912 -30982618 
v -3109490.75 -17660880 -30999048 
v -3127443 -17629454 -31017826 
v -3132059.25 -17570558 -31043646 
v -3138342.5 -17500748 -31074158 
v -3161424 -17436456 -31107020 
v -3181556 -17382718 -31137532 
v -3178991.5 -17344574 -31151616 
v -3168092 -17313748 -31158658 
v -3163603.75 -17282200 -31170394 
v -3147831.5 -17245496 -31179782 
v -3103079.25 -17199436 -31182130 
v -3050505 -17144140 -31186824 
v -3011010.25 -17079726 -31198560 
v -2978568 -17025270 -31207948 
v -2946510.5 -16999720 -31207948 
v -2916248.25 -16985806 -31203254 
v -2888550.5 -16966496 -31200906 
v -2850850.75 -16952342 -31193866 
v -2790582.75 -16953780 -31170394 
v -2718645.75 -16954500 -31144574 
v -2646452.25 -16938546 -31125796 
v -2585671.25 -16924392 -31109366 
v -2548356.25 -16930630 -31092936 
v -2521428 -16944184 -31078854 
v -2491550.5 -16951622 -31064770 
v -2460390.5 -16970574 -31045992 
v -2429871.75 -17018314 -31015478 
v -2394223.75 -16974412 -31022520 
v -2368706 -16943584 -31024868 
v -2349984.5 -16921514 -31027214 
v -2334725 -16903402 -31029562 
v -2292281 -16987006 -30980272 
v -2259710.5 -17068812 -30935674 
v -2250349.75 -17137782 -30902814 
v -2284459 -17189480 -30895772 
v -2374861 -17250774 -30902814 
v -2349343.25 -17280402 -30881690 
v -2324082 -17302112 -30862912 
v -2363192.25 -17343254 -30860564 
v -2401661.25 -17404308 -30848828 
v -2394736.75 -17470880 -30820662 
v -2377554 -17518740 -30794844 
v -2411791.25 -17533374 -30801884 
v -2449875.75 -17555444 -30806580 
v -2460390.5 -17596588 -30792496 
v -2464493.75 -17631852 -30780760 
v -2517965.75 -17631252 -30799538 
v -2451158 -17328622 -30898120 
v -2552331.5 -17552566 -30844134 
v -2552075 -17485394 -30869954 
v -2484626 -17464524 -30855870 
v -2516298.75 -17390874 -30895772 
v -2504758 -17293356 -30930980 
v -2364859.25 -17209512 -30914550 
v -2298949 -17156014 -30914550 
v -2293691.5 -17089802 -30938022 
v -2313951.75 -17005838 -30980272 
v -2345368.25 -17033306 -30980272 
v -2342162.5 -17119190 -30945064 
v -2351908 -17175326 -30923938 
v -2472828.75 -17230024 -30945064 
v -2402687 -17163572 -30947410 
v -2392813.25 -17074690 -30980272 
v -2460903.5 -17134184 -30980272 
v -2554767.75 -17215988 -30980272 
v -2726596 -17365926 -30980272 
v -2636322 -17546928 -30874648 
v -2587081.75 -17645646 -30818314 
v -2636706.75 -17699144 -30813620 
v -2665943.25 -17747124 -30804232 
v -2678766.25 -17624776 -30858218 
v -2730827.5 -17587590 -30893426 
v -2695692.5 -17731050 -30823010 
v -2733392.25 -17717496 -30841786 
v -2771733 -17739086 -30846482 
v -2802123.5 -17761398 -30848828 
v -2829821.25 -17719534 -30874648 
v -2784684.25 -17635930 -30893426 
v -2877522.75 -17676354 -30909856 
v -2824179 -17566720 -30935674 
v -2946382.25 -17676474 -30933328 
v -3000110.5 -17688348 -30947410 
v -2908810.75 -17590230 -30954452 
v -2906374.5 -17522698 -30982618 
v -3002931.75 -17653922 -30963840 
v -3011651.25 -17614700 -30982618 
v -3049094.5 -17600666 -31001396 
v -3083075.5 -17593228 -31015478 
v -3063841 -17541410 -31029562 
v -2973310.5 -17516102 -31008438 
v -3054351.75 -17473280 -31055382 
v -2938688.5 -17435376 -31029562 
v -3090512.75 -17420022 -31088242 
v -3128340.5 -17386916 -31116408 
v -3001777.5 -17386676 -31071812 
v -2946510.5 -17339896 -31069464 
v -3102053.5 -17359808 -31116408 
v -3075381.5 -17324662 -31121102 
v -3083716.5 -17285440 -31139880 
v -3095385.5 -17253772 -31158658 
v -3043965.25 -17231222 -31149268 
v -2976131.5 -17283160 -31104672 
v -2984338.25 -17189360 -31144574 
v -2893295 -17251614 -31085894 
v -2960615.75 -17122788 -31163352 
v -2953947.75 -17069652 -31182130 
v -2887396.5 -17167650 -31118756 
v -2820973.25 -17176646 -31090590 
v -2918428 -17070370 -31170394 
v -2876240.5 -17065692 -31156310 
v -2849183.75 -17030908 -31161004 
v -2830077.5 -16998882 -31165700 
v -2785068.75 -17022512 -31142228 
v -2790967.5 -17112592 -31107020 
v -2720184.5 -17038464 -31111714 
v -2722492.75 -17154096 -31064770 
v -2654530.75 -17008718 -31099978 
v -2608368 -16975492 -31097630 
v -2651966.25 -17097840 -31062422 
v -2624396.75 -17156014 -31029562 
v -2557332.5 -17132864 -31015478 
v -2482061.5 -17072290 -31013132 
v -2486806 -17020352 -31036604 
v -2522453.75 -17028628 -31045992 
v -2564641.5 -17032826 -31057728 
v -2590415.75 -17003560 -31078854 
v -2935098 -16289023 -31625748 
v -2907528.5 -16380784 -31614012 
v -2962667.5 -16199781 -31632790 
v -2990236.75 -16113658 -31635138 
v -3017421.75 -16030653 -31635138 
v -3044478.25 -15951247 -31630442 
v -3071150 -15875559 -31623402 
v -3097180.75 -15803949 -31611666 
v -3122826.75 -15736418 -31595234 
v -3147703.25 -15673325 -31576458 
v -3171938.75 -15614910 -31552986 
v -3195404.75 -15561293 -31527166 
v -3217973.25 -15512713 -31496652 
v -3239644.25 -15469172 -31463792 
v -3260289.25 -15430908 -31428584 
v -3280293.25 -15396722 -31388682 
v -3299655.75 -15365056 -31348780 
v -3103207.5 -15276534 -31254892 
v -3085255.25 -15307241 -31294794 
v -2885216.5 -15241748 -31189172 
v -3067431.25 -15339267 -31337044 
v -3049351 -15373932 -31374600 
v -3031014 -15412796 -31412154 
v -3012420.75 -15457177 -31447362 
v -2993442.5 -15506836 -31477876 
v -2974336.25 -15561532 -31503694 
v -2954845.5 -15621267 -31529514 
v -2935482.75 -15685800 -31548292 
v -2916120 -15755010 -31567068 
v -2896629 -15828419 -31578804 
v -2877266.25 -15906146 -31590540 
v -2857903.5 -15987591 -31595234 
v -2838925.5 -16072755 -31597582 
v -2820204 -16161397 -31597582 
v -2801610.5 -16252918 -31592888 
v -2676073.25 -16138367 -31555332 
v -2686075.25 -16048405 -31552986 
v -2696718.5 -15961802 -31548292 
v -2708130.75 -15879157 -31541250 
v -2720184.5 -15800351 -31529514 
v -2732879.25 -15725743 -31513084 
v -2746215.25 -15655572 -31494306 
v -2760192.25 -15590200 -31470834 
v -2774554 -15529626 -31447362 
v -2789428.75 -15474210 -31416848 
v -2804559.75 -15423951 -31386334 
v -2820204 -15379210 -31351128 
v -2836232.75 -15339867 -31313572 
v -2852389.5 -15304842 -31273670 
v -2868674.75 -15272575 -31231420 
v -2667738.5 -15230593 -31116408 
v -2652607.25 -15261540 -31158658 
v -2453466 -15243428 -31036604 
v -2637860.75 -15293926 -31200906 
v -2623370.75 -15329071 -31243156 
v -2609778.5 -15368415 -31280712 
v -2597340.25 -15413275 -31315920 
v -2585671.25 -15463774 -31348780 
v -2575156.25 -15519430 -31379294 
v -2565667.25 -15580244 -31407460 
v -2557460.5 -15645977 -31430932 
v -2550279.75 -15716387 -31452056 
v -2544253 -15791235 -31468486 
v -2539508.5 -15870401 -31484916 
v -2535789.75 -15953646 -31494306 
v -2533481.5 -16040489 -31503694 
v -2377425.75 -15963122 -31435626 
v -2373322.25 -15880477 -31421542 
v -2370886 -15801670 -31402766 
v -2370244.75 -15727182 -31383988 
v -2371399 -15657132 -31360516 
v -2374091.75 -15591640 -31334696 
v -2378836.25 -15531185 -31304184 
v -2385119.5 -15475769 -31273670 
v -2393069.75 -15425630 -31238462 
v -2402687 -15380769 -31200906 
v -2413971.25 -15341666 -31163352 
v -2426409.5 -15306521 -31121102 
v -2439745.5 -15274375 -31078854 
v -2245220.5 -15280612 -30947410 
v -2232654 -15311199 -30989660 
v -2045310 -15341066 -30851176 
v -2220856.75 -15343225 -31031910 
v -2210213.75 -15377890 -31074158 
v -2201237.75 -15416754 -31116408 
v -2194441.5 -15461015 -31153964 
v -2190081.75 -15510554 -31189172 
v -2187901.75 -15565251 -31222032 
v -2188030 -15624865 -31254892 
v -2190466.25 -15689398 -31283058 
v -2195210.75 -15758369 -31308878 
v -2202391.75 -15831778 -31332350 
v -2211624.25 -15909265 -31351128 
v -2040565.5 -15880717 -31254892 
v -2027357.75 -15809227 -31226726 
v -2016971.125 -15741936 -31198560 
v -2009405.625 -15678962 -31168046 
v -2004661.125 -15620667 -31135186 
v -2002865.875 -15567170 -31099978 
v -2003891.75 -15518711 -31062422 
v -2007866.875 -15475289 -31022520 
v -2014663 -15437025 -30982618 
v -2023767.375 -15402960 -30938022 
v -2034154 -15371293 -30895772 
v -1856427.25 -15423951 -30750246 
v -1846425.25 -15453698 -30794844 
v -1680880.375 -15528546 -30644622 
v -1837321 -15484765 -30839440 
v -1829883.625 -15518231 -30881690 
v -1825139.125 -15555415 -30926286 
v -1823856.75 -15597757 -30966188 
v -1825908.5 -15644897 -31006090 
v -1831550.625 -15696715 -31043646 
v -1840526.75 -15753091 -31078854 
v -1852965 -15813905 -31111714 
v -1868737.25 -15878798 -31142228 
v -1700499.5 -15904707 -31020174 
v -1683573.125 -15846531 -30984966 
v -1670622 -15792554 -30947410 
v -1661517.625 -15742775 -30907508 
v -1656516.625 -15697435 -30865258 
v -1655362.625 -15656532 -30823010 
v -1658183.625 -15620427 -30780760 
v -1664082.25 -15587801 -30736164 
v -1671904.25 -15557574 -30691566 
v -1521234 -15653533 -30536652 
v -1513283.75 -15681961 -30583596 
v -1379155.125 -15797472 -30428682 
v -1506615.75 -15711229 -30630540 
v -1501999.5 -15742775 -30675136 
v -1500845.375 -15777561 -30719734 
v -1504179.375 -15816664 -30764330 
v -1512001.375 -15859846 -30806580 
v -1524183.25 -15907225 -30848828 
v -1540853.125 -15958324 -30888730 
v -1394029.875 -16039049 -30747900 
v -1379026.875 -15994548 -30703302 
v -1368768.5 -15953766 -30658706 
v -1363382.875 -15916701 -30614110 
v -1362998.125 -15883476 -30569512 
v -1366332.125 -15853248 -30522570 
v -1372102.5 -15824820 -30475626 
v -1256182.625 -15958084 -30320710 
v -1249899.25 -15984473 -30367654 
v -1154111.5 -16133449 -30212740 
v -1245026.625 -16011701 -30414598 
v -1242846.625 -16040609 -30461542 
v -1244513.625 -16072035 -30508486 
v -1251566.25 -16106941 -30555430 
v -1263876.375 -16144964 -30602374 
v -1154368 -16274149 -30454500 
v -1145904.75 -16241763 -30405210 
v -1142955.5 -16212136 -30355918 
v -1144366 -16184667 -30308974 
v -1148597.625 -16158758 -30259684 
v -1074737.125 -16321769 -30107116 
v -1069607.875 -16345999 -30156408 
v -1018444.1875 -16520405 -30006188 
v -1066017.5 -16370588 -30205698 
v -1065248.125 -16396377 -30254990 
v -1068966.75 -16423846 -30304280 
v -1010237.4375 -16590695 -30156408 
v -1010493.875 -16566585 -30107116 
v -1013699.625 -16543315 -30055478 
v -985873.75 -16726837 -29912300 
v -981257.4375 -16748548 -29961590 
v -977538.8125 -16938546 -29823106 
v -978308.1875 -16770258 -30013228 
v -973050.75 -16958818 -29874744 
v -994080.4375 -17152776 -29743302 
vn 0.4341506361961365 -0.5392258763313293 0.7216291427612305 
vn 0.4006889760494232 -0.5162577629089355 0.7569189071655273 
vn 0.4080507457256317 -0.5513785481452942 0.7276512384414673 
vn 0.3778941333293915 -0.5291029810905457 0.7597671151161194 
vn 0.3849838972091675 -0.5638710260391235 0.7306414246559143 
vn 0.35595712065696716 -0.5361220240592957 0.7654199600219727 
vn 0.35275113582611084 -0.5732928514480591 0.7395281791687012 
vn 0.38348469138145447 -0.591322660446167 0.7094202041625977 
vn 0.4166688919067383 -0.5760630369186401 0.7032341957092285 
vn 0.4211335778236389 -0.5988845825195312 0.681163489818573 
vn 0.4534015655517578 -0.582368791103363 0.67473965883255 
vn 0.44371578097343445 -0.5633071660995483 0.6969945430755615 
vn 0.4803059697151184 -0.564254105091095 0.6715083718299866 
vn 0.4669916331768036 -0.5441667437553406 0.6969945430755615 
vn 0.45721882581710815 -0.519809901714325 0.7216291427612305 
vn 0.41621994972229004 -0.5080946087837219 0.7540562748908997 
vn 0.394967257976532 -0.4641883373260498 0.7927988767623901 
vn 0.37747544050216675 -0.4785209000110626 0.7927988767623901 
vn 0.36679548025131226 -0.48240381479263306 0.7954543828964233 
vn 0.3511904180049896 -0.4852970242500305 0.8007197380065918 
vn 0.3345816135406494 -0.5418413281440735 0.7710143327713013 
vn 0.3311416208744049 -0.5785764455795288 0.7453821301460266 
vn 0.3557904064655304 -0.6011642813682556 0.715552031993866 
vn 0.38781678676605225 -0.6139163374900818 0.6875353455543518 
vn 0.4277324974536896 -0.6227432489395142 0.6551609039306641 
vn 0.46611878275871277 -0.6017782688140869 0.6485338807106018 
vn 0.49535372853279114 -0.577951967716217 0.6485338807106018 
vn 0.5108855366706848 -0.5974444150924683 0.6181069612503052 
vn 0.4722723066806793 -0.6250216960906982 0.6215357780456543 
vn 0.43723583221435547 -0.6467293500900269 0.6249527335166931 
vn 0.39534422755241394 -0.6370289921760559 0.661737859249115 
vn 0.3600575029850006 -0.6236379146575928 0.6938546895980835 
vn 0.32920634746551514 -0.6054005026817322 0.7246471047401428 
vn 0.30304864048957825 -0.5827183723449707 0.7540562748908997 
vn 0.3133283853530884 -0.5427007079124451 0.7792953848838806 
vn 0.33008113503456116 -0.49146005511283875 0.8059239983558655 
vn 0.3437078893184662 -0.4327217638492584 0.8334367275238037 
vn 0.3543356657028198 -0.4287909269332886 0.8310141563415527 
vn 0.3648267090320587 -0.42469245195388794 0.8285757899284363 
vn 0.37050747871398926 -0.41974565386772156 0.8285757899284363 
vn 0.3761211633682251 -0.41472285985946655 0.8285757899284363 
vn 0.40526074171066284 -0.4598490297794342 0.790128231048584 
vn 0.4379431903362274 -0.49389830231666565 0.7511792182922363 
vn 0.47824427485466003 -0.5048763751983643 0.7185974717140198 
vn 0.4929526448249817 -0.5249412655830383 0.6938546895980835 
vn 0.5084013342857361 -0.5390775799751282 0.6715083718299866 
vn 0.5274353623390198 -0.5527446269989014 0.6452018022537231 
vn 0.5422124862670898 -0.5728795528411865 0.6146662831306458 
vn 0.5561417937278748 -0.5921207070350647 0.5831804275512695 
vn 0.5223242044448853 -0.6221559643745422 0.5831804275512695 
vn 0.4835711419582367 -0.6495487689971924 0.5867242813110352 
vn 0.4450651705265045 -0.6703314781188965 0.5937783122062683 
vn 0.39487072825431824 -0.6638408303260803 0.6351318359375 
vn 0.3562504053115845 -0.6497400403022766 0.6715083718299866 
vn 0.32304832339286804 -0.6298667788505554 0.7063339352607727 
vn 0.2982971668243408 -0.6070162653923035 0.736579954624176 
vn 0.2772742211818695 -0.5807334184646606 0.7654199600219727 
vn 0.2928450107574463 -0.5423800349235535 0.7874425053596497 
vn 0.31394243240356445 -0.49356967210769653 0.8110666871070862 
vn 0.33294445276260376 -0.43647897243499756 0.8358433246612549 
vn 0.33653774857521057 -0.38577091693878174 0.8590245246887207 
vn 0.3421776294708252 -0.3807772696018219 0.8590245246887207 
vn 0.3421776294708252 -0.3807772696018219 0.8590245246887207 
vn 0.347743421792984 -0.3757011890411377 0.8590245246887207 
vn 0.347743421792984 -0.3757011890411377 0.8590245246887207 
vn 0.347743421792984 -0.3757011890411377 0.8590245246887207 
vn 0.38166677951812744 -0.40962502360343933 0.8285757899284363 
vn 0.42194393277168274 -0.4445905089378357 0.790128231048584 
vn 0.45460957288742065 -0.4786020517349243 0.7511792182922363 
vn 0.495475709438324 -0.48348233103752136 0.7216291427612305 
vn 0.5162866115570068 -0.4976411759853363 0.6969945430755615 
vn 0.5317851305007935 -0.5117918848991394 0.67473965883255 
vn 0.5501067042350769 -0.5261049270629883 0.6485338807106018 
vn 0.5709688663482666 -0.540313184261322 0.6181069612503052 
vn 0.5934094786643982 -0.5547664165496826 0.5831804275512695 
vn 0.613472044467926 -0.5694639086723328 0.5471406579017639 
vn 0.57634037733078 -0.6070163249969482 0.5471406579017639 
vn 0.536914587020874 -0.6421524882316589 0.5471406579017639 
vn 0.4921151399612427 -0.674129068851471 0.5507928133010864 
vn 0.44818922877311707 -0.6983476281166077 0.5580654144287109 
vn 0.39970454573631287 -0.6923086047172546 0.6007870435714722 
vn 0.3603349030017853 -0.6768883466720581 0.641857385635376 
vn 0.3239542841911316 -0.6565591096878052 0.681163489818573 
vn 0.2889442443847656 -0.6360004544258118 0.715552031993866 
vn 0.2655658721923828 -0.6078981161117554 0.7482877969741821 
vn 0.2510901093482971 -0.5778616666793823 0.7765498161315918 
vn 0.27091723680496216 -0.5420850515365601 0.7954543828964233 
vn 0.3040071427822113 -0.4914092421531677 0.8161473870277405 
vn 0.32809263467788696 -0.4355674088001251 0.838234007358551 
vn 0.3317486345767975 -0.3849491477012634 0.8612531423568726 
vn 0.3351278603076935 -0.3564346730709076 0.872148871421814 
vn 0.3351278603076935 -0.3564346730709076 0.872148871421814 
vn 0.3351278603076935 -0.3564346730709076 0.872148871421814 
vn 0.3351278603076935 -0.3564346730709076 0.872148871421814 
vn 0.3351278603076935 -0.3564346730709076 0.872148871421814 
vn 0.3351278603076935 -0.3564346730709076 0.872148871421814 
vn 0.3351278603076935 -0.3564346730709076 0.872148871421814 
vn 0.3532339036464691 -0.3705437481403351 0.8590245246887207 
vn 0.3871433138847351 -0.40445300936698914 0.8285757899284363 
vn 0.4327484965324402 -0.4340807795524597 0.790128231048584 
vn 0.47074201703071594 -0.46274372935295105 0.7511792182922363 
vn 0.5119478106498718 -0.4612981975078583 0.7246471047401428 
vn 0.5327204465866089 -0.4754360616207123 0.7001210451126099 
vn 0.553866446018219 -0.48332682251930237 0.677958071231842 
vn 0.5771392583847046 -0.4919320344924927 0.651853621006012 
vn 0.5979494452476501 -0.5061123967170715 0.6215357780456543 
vn 0.620332658290863 -0.5205209255218506 0.5867242813110352 
vn 0.645261824131012 -0.5294001698493958 0.5507928133010864 
vn 0.6663917899131775 -0.5438421964645386 0.5100564956665039 
vn 0.6345943212509155 -0.5839152932167053 0.5062933564186096 
vn 0.5921947360038757 -0.6268751621246338 0.5062933564186096 
vn 0.5527077317237854 -0.661952555179596 0.5062933564186096 
vn 0.5080175995826721 -0.6940896511077881 0.5100564956665039 
vn 0.45898985862731934 -0.7221264839172363 0.5175535082817078 
vn 0.40574926137924194 -0.715350866317749 0.5688942670822144 
vn 0.3579338788986206 -0.7029001712799072 0.6146662831306458 
vn 0.3163358271121979 -0.6860727667808533 0.6551609039306641 
vn 0.28599217534065247 -0.6608889102935791 0.6938546895980835 
vn 0.2591032087802887 -0.6316871047019958 0.7306414246559143 
vn 0.23921269178390503 -0.6045917868614197 0.7597671151161194 
vn 0.22452370822429657 -0.5740412473678589 0.7874425053596497 
vn 0.25152426958084106 -0.5359310507774353 0.8059239983558655 
vn 0.28896719217300415 -0.4879508912563324 0.8236515522003174 
vn 0.318335622549057 -0.43366873264312744 0.8429672718048096 
vn 0.33263835310935974 -0.3791824281215668 0.8634653687477112 
vn 0.3351278603076935 -0.3564346730709076 0.872148871421814 
vn 0.3311021625995636 -0.3497290313243866 0.8763908743858337 
vn 0.3311021625995636 -0.3497290313243866 0.8763908743858337 
vn 0.3311021625995636 -0.3497290313243866 0.8763908743858337 
vn 0.3311021625995636 -0.3497290313243866 0.8763908743858337 
vn 0.3311021625995636 -0.3497290313243866 0.8763908743858337 
vn 0.3311021625995636 -0.3497290313243866 0.8763908743858337 
vn 0.3311021625995636 -0.3497290313243866 0.8763908743858337 
vn 0.32559576630592346 -0.35486117005348206 0.8763908743858337 
vn 0.3351278603076935 -0.3564346730709076 0.872148871421814 
vn 0.3532339036464691 -0.3705437481403351 0.8590245246887207 
vn 0.39788517355918884 -0.3938903212547302 0.8285757899284363 
vn 0.4432913661003113 -0.4233085811138153 0.790128231048584 
vn 0.487178236246109 -0.44051846861839294 0.7540562748908997 
vn 0.5281470417976379 -0.43770354986190796 0.7276512384414673 
vn 0.5531509518623352 -0.44663819670677185 0.7032341957092285 
vn 0.5740786790847778 -0.45436763763427734 0.681163489818573 
vn 0.5971618294715881 -0.46277639269828796 0.6551609039306641 
vn 0.6194576621055603 -0.47057273983955383 0.6283578276634216 
vn 0.646494448184967 -0.47903260588645935 0.5937783122062683 
vn 0.6717630624771118 -0.4871317744255066 0.5580654144287109 
vn 0.6952432990074158 -0.4948700964450836 0.5212872624397278 
vn 0.725483238697052 -0.4972367286682129 0.4758462607860565 
vn 0.6927961707115173 -0.55179762840271 0.4642767012119293 
vn 0.6557266712188721 -0.598374605178833 0.46040233969688416 
vn 0.608064591884613 -0.6467512249946594 0.46040233969688416 
vn 0.5627015829086304 -0.6865832805633545 0.46040233969688416 
vn 0.5126333236694336 -0.7222563624382019 0.4642767012119293 
vn 0.4624025523662567 -0.7506004571914673 0.4719987213611603 
vn 0.40354445576667786 -0.7467275261878967 0.528724730014801 
vn 0.35526201128959656 -0.7333643436431885 0.5796254277229309 
vn 0.3117689788341522 -0.7157053351402283 0.6249527335166931 
vn 0.2794553339481354 -0.6894400715827942 0.6682642698287964 
vn 0.24910639226436615 -0.6592943072319031 0.7094202041625977 
vn 0.22556746006011963 -0.6307686567306519 0.7424622178077698 
vn 0.20717886090278625 -0.5986040234565735 0.7737894654273987 
vn 0.2050803303718567 -0.56284099817276 0.8007197380065918 
vn 0.23066408932209015 -0.5298089385032654 0.8161473870277405 
vn 0.273765504360199 -0.4842188358306885 0.8310141563415527 
vn 0.30850791931152344 -0.43166622519493103 0.8476362228393555 
vn 0.33263835310935974 -0.3791824281215668 0.8634653687477112 
vn 0.3351278603076935 -0.3564346730709076 0.872148871421814 
vn 0.3358478248119354 -0.35049089789390564 0.87427818775177 
vn 0.32467779517173767 -0.29538312554359436 0.8985171914100647 
vn 0.31434664130210876 -0.30635443329811096 0.8985171914100647 
vn 0.31391459703445435 -0.3179057836532593 0.8946471214294434 
vn 0.3180849254131317 -0.3247458040714264 0.8907088041305542 
vn 0.3126577138900757 -0.3299742639064789 0.8907088041305542 
vn 0.3126577138900757 -0.3299742639064789 0.8907088041305542 
vn 0.30302825570106506 -0.3282991945743561 0.8946471214294434 
vn 0.2925853729248047 -0.327201247215271 0.8985171914100647 
vn 0.2770862579345703 -0.3302185535430908 0.9023185968399048 
vn 0.32559576630592346 -0.35486117005348206 0.8763908743858337 
vn 0.3351278603076935 -0.3564346730709076 0.872148871421814 
vn 0.3586479127407074 -0.3653060793876648 0.8590245246887207 
vn 0.4031485319137573 -0.3885015547275543 0.8285757899284363 
vn 0.4492167830467224 -0.4119153618812561 0.7927988767623901 
vn 0.4984578490257263 -0.42262694239616394 0.7569189071655273 
vn 0.5389416813850403 -0.4139406979084015 0.7336177229881287 
vn 0.5688504576683044 -0.4160915017127991 0.7094202041625977 
vn 0.5896768569946289 -0.42376449704170227 0.6875353455543518 
vn 0.6138092875480652 -0.4254448413848877 0.6650074124336243 
vn 0.6396015882492065 -0.43303272128105164 0.6351318359375 
vn 0.6676848530769348 -0.43479830026626587 0.6042742133140564 
vn 0.6929659843444824 -0.44289663434028625 0.5688942670822144 
vn 0.7205040454864502 -0.4442903995513916 0.5324283838272095 
vn 0.7508246302604675 -0.44583386182785034 0.48733407258987427 
vn 0.780534565448761 -0.4470115303993225 0.43697428703308105 
vn 0.7512714862823486 -0.504818320274353 0.42514660954475403 
vn 0.715709388256073 -0.5600775480270386 0.417220801115036 
vn 0.6763724684715271 -0.612392008304596 0.40926313400268555 
vn 0.628977358341217 -0.6609774231910706 0.40926313400268555 
vn 0.578101634979248 -0.7059051990509033 0.40926313400268555 
vn 0.5211068987846375 -0.7467767000198364 0.41324591636657715 
vn 0.46340495347976685 -0.7774999737739563 0.42514660954475403 
vn 0.4079449474811554 -0.7744644284248352 0.4835140109062195 
vn 0.35280895233154297 -0.764288067817688 0.5398051738739014 
vn 0.3053019046783447 -0.7444581985473633 0.5937783122062683 
vn 0.2640398144721985 -0.7199320197105408 0.641857385635376 
vn 0.23675398528575897 -0.6896408200263977 0.6843559741973877 
vn 0.21151450276374817 -0.6558568477630615 0.7246471047401428 
vn 0.19476665556430817 -0.6238106489181519 0.7569189071655273 
vn 0.1818550080060959 -0.5889508128166199 0.7874425053596497 
vn 0.17966380715370178 -0.5529483556747437 0.8136147856712341 
vn 0.21120721101760864 -0.5185110569000244 0.8285757899284363 
vn 0.2584056556224823 -0.4801981449127197 0.838234007358551 
vn 0.3035677671432495 -0.430624783039093 0.8499464392662048 
vn 0.3278432786464691 -0.3783513009548187 0.865661084651947 
vn 0.3351278603076935 -0.3564346730709076 0.872148871421814 
vn 0.3358478248119354 -0.35049089789390564 0.87427818775177 
vn 0.334246426820755 -0.302308052778244 0.8926864862442017 
vn 0.2878831624984741 -0.12433233857154846 0.949560284614563 
vn 0.25457632541656494 -0.18310143053531647 0.949560284614563 
vn 0.26127517223358154 -0.2399820238351822 0.9349566102027893 
vn 0.27139899134635925 -0.2647567689418793 0.9253358840942383 
vn 0.27095481753349304 -0.27095481753349304 0.9236704111099243 
vn 0.2660983204841614 -0.2700837254524231 0.9253358840942383 
vn 0.24564549326896667 -0.26158589124679565 0.933397650718689 
vn 0.1929280161857605 -0.24192409217357635 0.9509214162826538 
vn 0.12000331282615662 -0.25784140825271606 0.9587059020996094 
vn 0.1406826674938202 -0.3212168216705322 0.9364978075027466 
vn 0.2752779722213745 -0.3469107747077942 0.8965907096862793 
vn 0.32559576630592346 -0.35486117005348206 0.8763908743858337 
vn 0.3351278603076935 -0.3564346730709076 0.872148871421814 
vn 0.3586479127407074 -0.3653060793876648 0.8590245246887207 
vn 0.40897873044013977 -0.37703028321266174 0.8310141563415527 
vn 0.45989686250686646 -0.3946482241153717 0.7954543828964233 
vn 0.5045652985572815 -0.404788613319397 0.762600839138031 
vn 0.5494030714035034 -0.3889143764972687 0.7395281791687012 
vn 0.5755966901779175 -0.39026424288749695 0.7185974717140198 
vn 0.6006374955177307 -0.39170554280281067 0.6969945430755615 
vn 0.6245712637901306 -0.39323925971984863 0.67473965883255 
vn 0.6543141603469849 -0.3944459557533264 0.6452018022537231 
vn 0.6821649074554443 -0.39602571725845337 0.6146662831306458 
vn 0.7124416828155518 -0.39029157161712646 0.5831804275512695 
vn 0.7424616813659668 -0.39164045453071594 0.5434780716896057 
vn 0.7703332901000977 -0.39250442385673523 0.5025205612182617 
vn 0.8036272525787354 -0.3864086866378784 0.45262736082077026 
vn 0.8332558870315552 -0.38034674525260925 0.401274174451828 
vn 0.806637704372406 -0.4482775330543518 0.3852050006389618 
vn 0.779273509979248 -0.5065159201622009 0.3690181374549866 
vn 0.7396033406257629 -0.5681117177009583 0.36088213324546814 
vn 0.6947929859161377 -0.626779317855835 0.3527185618877411 
vn 0.6437979340553284 -0.681163489818573 0.34862664341926575 
vn 0.590972900390625 -0.7254933714866638 0.3527185618877411 
vn 0.5287622809410095 -0.7701308727264404 0.3568037748336792 
vn 0.47122976183891296 -0.8011043071746826 0.3690181374549866 
vn 0.40212157368659973 -0.8045817017555237 0.43697428703308105 
vn 0.34817060828208923 -0.7937490344047546 0.4987381398677826 
vn 0.300481379032135 -0.7734816670417786 0.5580654144287109 
vn 0.2574579119682312 -0.7484202980995178 0.6112139225006104 
vn 0.2210662066936493 -0.7194205522537231 0.6584556698799133 
vn 0.19370895624160767 -0.684060275554657 0.7032341957092285 
vn 0.18058110773563385 -0.6484509110450745 0.7395281791687012 
vn 0.16394707560539246 -0.6118588447570801 0.7737894654273987 
vn 0.15807127952575684 -0.5741734504699707 0.8033295273780823 
vn 0.16150972247123718 -0.5360753536224365 0.8285757899284363 
vn 0.19688567519187927 -0.5085270404815674 0.838234007358551 
vn 0.24289168417453766 -0.47587281465530396 0.8453097939491272 
vn 0.2926747500896454 -0.42911574244499207 0.8545181155204773 
vn 0.3278432786464691 -0.3783513009548187 0.865661084651947 
vn 0.3351278603076935 -0.3564346730709076 0.872148871421814 
vn 0.3358478248119354 -0.35049089789390564 0.87427818775177 
vn 0.3433375954627991 -0.3153911530971527 0.8846737742424011 
vn 0.34477272629737854 -0.16722677648067474 0.9236704111099243 
vn 0.1861407607793808 0.25236254930496216 0.949560284614563 
vn 0.09679239988327026 0.09416110068559647 0.990840494632721 
vn 0.12963370978832245 -0.051164623349905014 0.9902410507202148 
vn 0.15886981785297394 -0.10615341365337372 0.9815762042999268 
vn 0.16644784808158875 -0.13205254077911377 0.9771679639816284 
vn 0.1555829495191574 -0.12510260939598083 0.97986900806427 
vn 0.1183883547782898 -0.10258409380912781 0.9876541495323181 
vn -0.012730984948575497 -0.0463273711502552 0.9988451600074768 
vn -0.22738316655158997 -0.07032565772533417 0.9712626934051514 
vn -0.177911177277565 -0.24807299673557281 0.9522643685340881 
vn -0.044952936470508575 -0.3270569145679474 0.9439348578453064 
vn 0.19107823073863983 -0.3460078537464142 0.9185682535171509 
vn 0.29002678394317627 -0.35506585240364075 0.888714075088501 
vn 0.32559576630592346 -0.35486117005348206 0.8763908743858337 
vn 0.3351278603076935 -0.3564346730709076 0.872148871421814 
vn 0.359334796667099 -0.359334796667099 0.8612531423568726 
vn 0.40957915782928467 -0.37098267674446106 0.8334367275238037 
vn 0.4658176302909851 -0.3766455054283142 0.8007197380065918 
vn 0.5152475833892822 -0.3799356520175934 0.7682244777679443 
vn 0.5550832748413086 -0.3632463216781616 0.7482877969741821 
vn 0.5850629806518555 -0.3580852150917053 0.7276512384414673 
vn 0.6098758578300476 -0.359365850687027 0.7063339352607727 
vn 0.6376460790634155 -0.3536444306373596 0.6843559741973877 
vn 0.6636956334114075 -0.35488632321357727 0.6584556698799133 
vn 0.6951786875724792 -0.34913185238838196 0.6283578276634216 
vn 0.7249225974082947 -0.3431236445903778 0.5972883701324463 
vn 0.7556176781654358 -0.33697324991226196 0.5616858005523682 
vn 0.7867884039878845 -0.33048996329307556 0.5212872624397278 
vn 0.8198013305664062 -0.32425764203071594 0.4719987213611603 
vn 0.8521327972412109 -0.3105972111225128 0.42118772864341736 
vn 0.8842478394508362 -0.29642850160598755 0.36088213324546814 
vn 0.8626244068145752 -0.3741541802883148 0.34042292833328247 
vn 0.8378745913505554 -0.4423724412918091 0.3198012113571167 
vn 0.8020257949829102 -0.5146147608757019 0.30319350957870483 
vn 0.7622716426849365 -0.5761967897415161 0.2948545813560486 
vn 0.7124984264373779 -0.6405214071273804 0.2864931523799896 
vn 0.6599106192588806 -0.6945787668228149 0.2864931523799896 
vn 0.603233814239502 -0.7443323731422424 0.2864931523799896 
vn 0.5411463379859924 -0.7890929579734802 0.29067665338516235 
vn 0.4710051715373993 -0.8283886909484863 0.30319350957870483 
vn 0.4045228958129883 -0.8313069939613342 0.3811691105365753 
vn 0.3434146046638489 -0.8229185342788696 0.45262736082077026 
vn 0.29361724853515625 -0.8060944676399231 0.5138099193572998 
vn 0.246848002076149 -0.7792443037033081 0.5760593414306641 
vn 0.20861802995204926 -0.7494297623634338 0.6283578276634216 
vn 0.18084092438220978 -0.712509274482727 0.677958071231842 
vn 0.15876762568950653 -0.6738280057907104 0.7216291427612305 
vn 0.14573164284229279 -0.6336530447006226 0.7597671151161194 
vn 0.1400635689496994 -0.5967240333557129 0.790128231048584 
vn 0.1325041502714157 -0.5587764978408813 0.8186644315719604 
vn 0.1431702971458435 -0.5185638070106506 0.8429672718048096 
vn 0.17705406248569489 -0.49622872471809387 0.8499464392662048 
vn 0.23430019617080688 -0.4635755121707916 0.8545181155204773 
vn 0.28265151381492615 -0.42683133482933044 0.8590245246887207 
vn 0.32303130626678467 -0.377497136592865 0.8678402304649353 
vn 0.3351278603076935 -0.3564346730709076 0.872148871421814 
vn 0.3358478248119354 -0.35049089789390564 0.87427818775177 
vn 0.3428736627101898 -0.3215663731098175 0.882628321647644 
vn 0.36036673188209534 -0.22182682156562805 0.9060511589050293 
vn 0.3517073094844818 0.11823033541440964 0.9286137819290161 
vn -0.003771644551306963 0.6891098022460938 0.7246471047401428 
vn -0.20434218645095825 0.5290012955665588 0.8236515522003174 
vn -0.1900182068347931 0.36920541524887085 0.9097144603729248 
vn -0.14791224896907806 0.281202107667923 0.9481810927391052 
vn -0.13353821635246277 0.24634100496768951 0.9599394202232361 
vn -0.14861464500427246 0.24737688899040222 0.9574540853500366 
vn -0.19454872608184814 0.28185248374938965 0.9395264387130737 
vn -0.366585910320282 0.3239924907684326 0.872148871421814 
vn -0.6288349628448486 0.18964631855487823 0.7540562748908997 
vn -0.6605172157287598 -0.09012475609779358 0.7453821301460266 
vn -0.5470550656318665 -0.21691840887069702 0.8085030317306519 
vn -0.46702492237091064 -0.25949767231941223 0.8453097939491272 
vn 0.018763365224003792 -0.34606990218162537 0.9380210638046265 
vn 0.2130194902420044 -0.3564298748970032 0.9097144603729248 
vn 0.2949388921260834 -0.3560476303100586 0.8867024183273315 
vn 0.33037009835243225 -0.3556588590145111 0.87427818775177 
vn 0.3351278603076935 -0.3564346730709076 0.872148871421814 
vn 0.359334796667099 -0.359334796667099 0.8612531423568726 
vn 0.4101392328739166 -0.36489957571029663 0.8358433246612549 
vn 0.46718621253967285 -0.3636256158351898 0.8059239983558655 
vn 0.520576536655426 -0.3549230992794037 0.7765498161315918 
vn 0.55989670753479 -0.337030291557312 0.7569189071655273 
vn 0.5894676446914673 -0.33162903785705566 0.736579954624176 
vn 0.6144174933433533 -0.32574352622032166 0.7185974717140198 
vn 0.6418017148971558 -0.31982681155204773 0.6969945430755615 
vn 0.6710832715034485 -0.31420329213142395 0.6715083718299866 
vn 0.6993829011917114 -0.30753573775291443 0.6452018022537231 
vn 0.7317739129066467 -0.2944354712963104 0.6146662831306458 
vn 0.7623907327651978 -0.2877408564090729 0.5796254277229309 
vn 0.795921266078949 -0.274079829454422 0.5398051738739014 
vn 0.8291469216346741 -0.2598915696144104 0.4949462115764618 
vn 0.8612489104270935 -0.2457384616136551 0.44481781125068665 
vn 0.8951749205589294 -0.22422964870929718 0.3852050006389618 
vn 0.9256673455238342 -0.20215632021427155 0.3198012113571167 
vn 0.9128780961036682 -0.28233733773231506 0.2948545813560486 
vn 0.8928565382957458 -0.360647052526474 0.26970529556274414 
vn 0.8645705580711365 -0.43670719861984253 0.24860523641109467 
vn 0.8277398347854614 -0.5091206431388855 0.23588760197162628 
vn 0.7805640697479248 -0.583894670009613 0.22312943637371063 
vn 0.7301081418991089 -0.6487587094306946 0.21460255980491638 
vn 0.6737310290336609 -0.7084112763404846 0.2103329300880432 
vn 0.6098061203956604 -0.7629431486129761 0.21460255980491638 
vn 0.5413151383399963 -0.8118341565132141 0.21886809170246124 
vn 0.46666574478149414 -0.8535609841346741 0.23163928091526031 
vn 0.3985394835472107 -0.8611190915107727 0.31565824151039124 
vn 0.33895131945610046 -0.8528130054473877 0.3972681760787964 
vn 0.28165873885154724 -0.8375626802444458 0.46814218163490295 
vn 0.23634077608585358 -0.8103803992271423 0.5361219048500061 
vn 0.19419044256210327 -0.7781623601913452 0.5972883701324463 
vn 0.16096393764019012 -0.7439720630645752 0.6485338807106018 
vn 0.1385088562965393 -0.7035722732543945 0.6969945430755615 
vn 0.12183336913585663 -0.6620081067085266 0.7395281791687012 
vn 0.11435513198375702 -0.6195911765098572 0.7765498161315918 
vn 0.1104203537106514 -0.5780399441719055 0.8085030317306519 
vn 0.11403544247150421 -0.5407209396362305 0.8334367275238037 
vn 0.12312959879636765 -0.5007674098014832 0.8567795157432556 
vn 0.1698692888021469 -0.4789440631866455 0.8612531423568726 
vn 0.22532321512699127 -0.45549142360687256 0.8612531423568726 
vn 0.27886343002319336 -0.42031270265579224 0.8634653687477112 
vn 0.3172791004180908 -0.38234445452690125 0.8678402304649353 
vn 0.3351278603076935 -0.3564346730709076 0.872148871421814 
vn 0.3358478248119354 -0.35049089789390564 0.87427818775177 
vn 0.3475326597690582 -0.3222183287143707 0.8805659413337708 
vn 0.3662668764591217 -0.24189962446689606 0.8985171914100647 
vn 0.39898788928985596 -0.015063696540892124 0.916832447052002 
vn 0.30211231112480164 0.6087144017219543 0.7336177229881287 
vn -0.1091306284070015 0.8554282784461975 0.5062933564186096 
vn -0.3721310794353485 0.7249502539634705 0.5796254277229309 
vn -0.43027031421661377 0.6447932124137878 0.6317508816719055 
vn -0.42233920097351074 0.6159502863883972 0.6650074124336243 
vn -0.4211335778236389 0.5988845825195312 0.681163489818573 
vn -0.434819757938385 0.5927096009254456 0.677958071231842 
vn -0.46026214957237244 0.5918291807174683 0.661737859249115 
vn -0.5631355047225952 0.5484726428985596 0.6181069612503052 
vn -0.7789106965065002 0.3129371404647827 0.5434780716896057 
vn -0.8728161454200745 0.026410022750496864 0.48733407258987427 
vn -0.861275315284729 -0.07535182684659958 0.5025205612182617 
vn -0.8417556881904602 -0.1090756431221962 0.528724730014801 
vn -0.8326008915901184 -0.12404099106788635 0.5398051738739014 
vn -0.42786821722984314 -0.2810794413089752 0.8590245246887207 
vn 0.037581976503133774 -0.3527657687664032 0.9349566102027893 
vn 0.22342820465564728 -0.35937607288360596 0.9060511589050293 
vn 0.29983457922935486 -0.35700350999832153 0.8846737742424011 
vn 0.33037009835243225 -0.3556588590145111 0.87427818775177 
vn 0.3351278603076935 -0.3564346730709076 0.872148871421814 
vn 0.35998180508613586 -0.35332801938056946 0.8634653687477112 
vn 0.41113412380218506 -0.3526269793510437 0.8406086564064026 
vn 0.46786895394325256 -0.35109758377075195 0.8110666871070862 
vn 0.5254152417182922 -0.3352224826812744 0.7820260524749756 
vn 0.5599753856658936 -0.31025588512420654 0.7682244777679443 
vn 0.5926874876022339 -0.297971248626709 0.7482877969741821 
vn 0.6172341704368591 -0.2918648421764374 0.7306414246559143 
vn 0.6410159468650818 -0.2853986918926239 0.7124928832054138 
vn 0.6731969118118286 -0.2722151279449463 0.6875353455543518 
vn 0.7038019299507141 -0.25839096307754517 0.661737859249115 
vn 0.7331705689430237 -0.2516977787017822 0.6317508816719055 
vn 0.7632557153701782 -0.23768818378448486 0.6007870435714722 
vn 0.7985869646072388 -0.2162589430809021 0.5616858005523682 
vn 0.8292044401168823 -0.20169192552566528 0.5212872624397278 
vn 0.8630595207214355 -0.17984852194786072 0.4719987213611603 
vn 0.8968578577041626 -0.15771441161632538 0.41324591636657715 
vn 0.9269468784332275 -0.12790276110172272 0.3527185618877411 
vn 0.9543164372444153 -0.0979006215929985 0.28230419754981995 
vn 0.9517019987106323 -0.1801632195711136 0.24860523641109467 
vn 0.9401882290840149 -0.2610419690608978 0.21886809170246124 
vn 0.9177569150924683 -0.34697291254997253 0.19321508705615997 
vn 0.8861748576164246 -0.43035000562667847 0.17173540592193604 
vn 0.8460322618484497 -0.5102564096450806 0.15449213981628418 
vn 0.8026446104049683 -0.5794232487678528 0.1415284425020218 
vn 0.7428356409072876 -0.6561555862426758 0.1328723281621933 
vn 0.6853247284889221 -0.7160132527351379 0.1328723281621933 
vn 0.6171179413795471 -0.7755709886550903 0.1328723281621933 
vn 0.5421077013015747 -0.8283048868179321 0.1415284425020218 
vn 0.4624065160751343 -0.8738581538200378 0.15017375349998474 
vn 0.3923569321632385 -0.8855797648429871 0.24860523641109467 
vn 0.3252478539943695 -0.8838034868240356 0.3363112509250641 
vn 0.2693334221839905 -0.8679782748222351 0.417220801115036 
vn 0.21845576167106628 -0.8432400822639465 0.4911448359489441 
vn 0.17781005799770355 -0.8105223774909973 0.5580654144287109 
vn 0.14062748849391937 -0.7734130024909973 0.6181069612503052 
vn 0.11461300402879715 -0.7320795059204102 0.6715083718299866 
vn 0.09761348366737366 -0.6885414719581604 0.7185974717140198 
vn 0.08642413467168808 -0.6444259285926819 0.7597671151161194 
vn 0.08454818278551102 -0.6000866293907166 0.7954543828964233 
vn 0.08628900349140167 -0.5568459630012512 0.8261215686798096 
vn 0.09724695235490799 -0.5178166627883911 0.8499464392662048 
vn 0.11023803800344467 -0.4805648922920227 0.8700028657913208 
vn 0.15547646582126617 -0.46387869119644165 0.872148871421814 
vn 0.21658897399902344 -0.44292691349983215 0.8700028657913208 
vn 0.2687576115131378 -0.41787877678871155 0.8678402304649353 
vn 0.31740522384643555 -0.37729161977767944 0.8700028657913208 
vn 0.3351278603076935 -0.3564346730709076 0.872148871421814 
vn 0.3358478248119354 -0.35049089789390564 0.87427818775177 
vn 0.3475326597690582 -0.3222183287143707 0.8805659413337708 
vn 0.3669138550758362 -0.24799048900604248 0.8965907096862793 
vn 0.4038659334182739 -0.052537355571985245 0.913308322429657 
vn 0.411408394575119 0.47269636392593384 0.7792953848838806 
vn 0.2093566656112671 0.8688003420829773 0.4487268626689911 
vn -0.13709428906440735 0.8908880352973938 0.43303996324539185 
vn -0.4125143885612488 0.7647615075111389 0.4949462115764618 
vn -0.4895709455013275 0.7072217464447021 0.5100564956665039 
vn -0.4966091215610504 0.6995561122894287 0.5138099193572998 
vn -0.5056800842285156 0.6902362108230591 0.5175535082817078 
vn -0.5146310329437256 0.680745542049408 0.5212872624397278 
vn -0.529691219329834 0.6719862818717957 0.5175535082817078 
vn -0.6108742356300354 0.605536937713623 0.5100564956665039 
vn -0.8082200884819031 0.35213273763656616 0.4719987213611603 
vn -0.9157170653343201 0.06033441051840782 0.3972681760787964 
vn -0.9274255037307739 -0.026391534134745598 0.37307560443878174 
vn -0.9252318143844604 -0.04149824380874634 0.37712597846984863 
vn -0.9260774254798889 -0.05652588978409767 0.37307560443878174 
vn -0.9255873560905457 -0.06405138969421387 0.37307560443878174 
vn -0.8338361382484436 -0.13149376213550568 0.5361219048500061 
vn -0.4391178786754608 -0.29114702343940735 0.8499464392662048 
vn 0.030027275905013084 -0.35758528113365173 0.933397650718689 
vn 0.2169964760541916 -0.3632958233356476 0.9060511589050293 
vn 0.2940293550491333 -0.3617997169494629 0.8846737742424011 
vn 0.3248128592967987 -0.3607412278652191 0.87427818775177 
vn 0.3351278603076935 -0.3564346730709076 0.872148871421814 
vn 0.35998180508613586 -0.35332801938056946 0.8634653687477112 
vn 0.4115667939186096 -0.3464374542236328 0.8429672718048096 
vn 0.472741037607193 -0.3322940170764923 0.8161473870277405 
vn 0.5214343667030334 -0.3155568838119507 0.7927988767623901 
vn 0.5588680505752563 -0.2834876477718353 0.7792953848838806 
vn 0.5876274704933167 -0.2704329192638397 0.762600839138031 
vn 0.6122276782989502 -0.26378536224365234 0.7453821301460266 
vn 0.6386613249778748 -0.25027066469192505 0.7276512384414673 
vn 0.6671710014343262 -0.23659084737300873 0.7063339352607727 
vn 0.6997105479240417 -0.21545632183551788 0.681163489818573 
vn 0.7281776070594788 -0.2012997716665268 0.6551609039306641 
vn 0.762590229511261 -0.1793026477098465 0.6215357780456543 
vn 0.7928659915924072 -0.164675772190094 0.5867242813110352 
vn 0.8260455131530762 -0.13522553443908691 0.5471406579017639 
vn 0.8571687936782837 -0.11284841597080231 0.5025205612182617 
vn 0.8917800188064575 -0.08285840600728989 0.44481781125068665 
vn 0.9213181138038635 -0.05282037332653999 0.3852050006389618 
vn 0.9473645091056824 -0.0150899114087224 0.3198012113571167 
vn 0.9704762697219849 0.02264401689171791 0.2401314377784729 
vn 0.9775683283805847 -0.06036851927638054 0.2017817199230194 
vn 0.9743580222129822 -0.1503126323223114 0.16742929816246033 
vn 0.9612716436386108 -0.23902402818202972 0.1372016966342926 
vn 0.9393666982650757 -0.32584381103515625 0.10684575140476227 
vn 0.9048290252685547 -0.41718387603759766 0.08510008454322815 
vn 0.8646687269210815 -0.4977632164955139 0.06767380982637405 
vn 0.8126639723777771 -0.5801699161529541 0.05459024757146835 
vn 0.7570861577987671 -0.6517032980918884 0.04586252197623253 
vn 0.6903115510940552 -0.7223212122917175 0.04149730131030083 
vn 0.6152120232582092 -0.7870265245437622 0.04586252197623253 
vn 0.5412572026252747 -0.8393556475639343 0.05022686347365379 
vn 0.4559347331523895 -0.8877583742141724 0.0633138045668602 
vn 0.3838067948818207 -0.9081078171730042 0.16742929816246033 
vn 0.316518098115921 -0.9106748104095459 0.26549527049064636 
vn 0.2569306194782257 -0.8981524109840393 0.3568037748336792 
vn 0.20025071501731873 -0.8749323487281799 0.4409002661705017 
vn 0.15556837618350983 -0.8436811566352844 0.5138099193572998 
vn 0.12204956263303757 -0.8031217455863953 0.5831804275512695 
vn 0.09588411450386047 -0.7608057260513306 0.641857385635376 
vn 0.07145725190639496 -0.7135071754455566 0.6969945430755615 
vn 0.06401819735765457 -0.6668219566345215 0.7424622178077698 
vn 0.06015189364552498 -0.6203362345695496 0.7820260524749756 
vn 0.06389592587947845 -0.5743001699447632 0.8161473870277405 
vn 0.06944095343351364 -0.533464252948761 0.8429672718048096 
vn 0.07868747413158417 -0.4944079518318176 0.865661084651947 
vn 0.10460076481103897 -0.4582858979701996 0.882628321647644 
vn 0.14263388514518738 -0.4438556730747223 0.8846737742424011 
vn 0.20898817479610443 -0.4296334385871887 0.8784868121147156 
vn 0.26517051458358765 -0.40659835934638977 0.87427818775177 
vn 0.31254979968070984 -0.37638941407203674 0.872148871421814 
vn 0.3351278603076935 -0.3564346730709076 0.872148871421814 
vn 0.34057700634002686 -0.3512316644191742 0.872148871421814 
vn 0.3526139557361603 -0.3166496753692627 0.8805659413337708 
vn 0.37512317299842834 -0.23538830876350403 0.8965907096862793 
vn 0.4056790769100189 -0.06749487668275833 0.9115201234817505 
vn 0.4360606372356415 0.41072985529899597 0.8007197380065918 
vn 0.3294481337070465 0.8286086916923523 0.45262736082077026 
vn 0.178116112947464 0.9232479929924011 0.34042292833328247 
vn -0.13722063601016998 0.8965330123901367 0.42118772864341736 
vn -0.42118948698043823 0.7697415351867676 0.4796847105026245 
vn -0.4981907308101654 0.7171551585197449 0.48733407258987427 
vn -0.5105118751525879 0.7084370851516724 0.48733407258987427 
vn -0.5166155099868774 0.7039985060691833 0.48733407258987427 
vn -0.5287064909934998 0.6949639916419983 0.48733407258987427 
vn -0.5406395196914673 0.6857218146324158 0.48733407258987427 
vn -0.6194546222686768 0.6154522895812988 0.48733407258987427 
vn -0.8133000731468201 0.3557704985141754 0.46040233969688416 
vn -0.9220133423805237 0.06783449649810791 0.3811691105365753 
vn -0.9355392456054688 -0.018867019563913345 0.3527185618877411 
vn -0.9367752075195312 -0.030194716528058052 0.34862664341926575 
vn -0.9376853108406067 -0.045239534229040146 0.34452807903289795 
vn -0.9389936923980713 -0.049021683633327484 0.34042292833328247 
vn -0.9393022060394287 -0.06786810606718063 0.3363112509250641 
vn -0.9276543259620667 -0.07915975898504257 0.3649536371231079 
vn -0.8504686951637268 -0.14272348582744598 0.5062933564186096 
vn -0.49512267112731934 -0.29093313217163086 0.8186644315719604 
vn -0.016893548890948296 -0.3665977120399475 0.9302261471748352 
vn 0.19864824414253235 -0.3691502809524536 0.9078915119171143 
vn 0.2881473898887634 -0.36650151014328003 0.8846737742424011 
vn 0.3248128592967987 -0.3607412278652191 0.87427818775177 
vn 0.3351278603076935 -0.3564346730709076 0.872148871421814 
vn 0.35998180508613586 -0.35332801938056946 0.8634653687477112 
vn 0.4167066216468811 -0.33437538146972656 0.8453097939491272 
vn 0.46875885128974915 -0.31916022300720215 0.8236515522003174 
vn 0.5209690928459167 -0.2957010269165039 0.8007197380065918 
vn 0.5532612204551697 -0.25567948818206787 0.7927988767623901 
vn 0.5815531611442566 -0.24241754412651062 0.7765498161315918 
vn 0.6050900816917419 -0.22870495915412903 0.762600839138031 
vn 0.6311581134796143 -0.21458078920841217 0.7453821301460266 
vn 0.6613988280296326 -0.19348950684070587 0.7246471047401428 
vn 0.688017725944519 -0.17914588749408722 0.7032341957092285 
vn 0.7181370258331299 -0.1570097655057907 0.677958071231842 
vn 0.7491066455841064 -0.13506661355495453 0.6485338807106018 
vn 0.7817279100418091 -0.1052941158413887 0.6146662831306458 
vn 0.8139311671257019 -0.07531044632196426 0.5760593414306641 
vn 0.8452650904655457 -0.04524276778101921 0.5324283838272095 
vn 0.8773112893104553 -0.015083043836057186 0.4796847105026245 
vn 0.9066908359527588 0.022641418501734734 0.42118772864341736 
vn 0.931712806224823 0.06784074008464813 0.3568037748336792 
vn 0.9535170197486877 0.10540208220481873 0.28230419754981995 
vn 0.9675148725509644 0.15782472491264343 0.1975002884864807 
vn 0.9863267540931702 0.06787776947021484 0.15017375349998474 
vn 0.9935411214828491 -0.02264939807355404 0.1111890971660614 
vn 0.989773154258728 -0.12047266215085983 0.0763898640871048 
vn 0.9768847227096558 -0.2097003161907196 0.04149730131030083 
vn 0.9523355960845947 -0.3046688437461853 0.0152922747656703 
vn 0.9179396033287048 -0.39656969904899597 -0.010923261754214764 
vn 0.8743482828140259 -0.48446738719940186 -0.028397228568792343 
vn 0.8217051029205322 -0.5680645704269409 -0.04586252197623253 
vn 0.7567535042762756 -0.6514169573783875 -0.05459024757146835 
vn 0.6890029311180115 -0.722356915473938 -0.058952588587999344 
vn 0.6149417161941528 -0.7866807579994202 -0.05459024757146835 
vn 0.5286141633987427 -0.8476223945617676 -0.04586252197623253 
vn 0.44430631399154663 -0.8952755928039551 -0.03276457265019417 
vn 0.37182822823524475 -0.9247831702232361 0.08074574917554855 
vn 0.2991393208503723 -0.9353194832801819 0.18892620503902435 
vn 0.24065405130386353 -0.9260630011558533 0.29067665338516235 
vn 0.18359793722629547 -0.906091570854187 0.3811691105365753 
vn 0.1352526843547821 -0.8732408881187439 0.46814218163490295 
vn 0.09599371254444122 -0.8339165449142456 0.5434780716896057 
vn 0.06399711221456528 -0.7915456295013428 0.607749879360199 
vn 0.04520644247531891 -0.7425491809844971 0.6682642698287964 
vn 0.030124999582767487 -0.6947734951972961 0.7185974717140198 
vn 0.030163759365677834 -0.6428238153457642 0.7654199600219727 
vn 0.03198236599564552 -0.5946753621101379 0.8033295273780823 
vn 0.03950846567749977 -0.551200807094574 0.8334367275238037 
vn 0.050763994455337524 -0.5094113349914551 0.8590245246887207 
vn 0.06575004756450653 -0.4693405330181122 0.8805659413337708 
vn 0.0933014377951622 -0.4329201877117157 0.8965907096862793 
vn 0.14234797656536102 -0.42348968982696533 0.8946471214294434 
vn 0.20011761784553528 -0.4167874753475189 0.8867024183273315 
vn 0.2613135874271393 -0.3999702036380768 0.8784868121147156 
vn 0.31254979968070984 -0.37638941407203674 0.872148871421814 
vn 0.3351278603076935 -0.3564346730709076 0.872148871421814 
vn 0.34057700634002686 -0.3512316644191742 0.872148871421814 
vn 0.36250758171081543 -0.3052734136581421 0.8805659413337708 
vn 0.3866231143474579 -0.2159806340932846 0.8965907096862793 
vn 0.4167758524417877 -0.045066073536872864 0.9078915119171143 
vn 0.44626474380493164 0.3996194303035736 0.8007197380065918 
vn 0.3554142117500305 0.8112508058547974 0.4642767012119293 
vn 0.2825479805469513 0.9086803197860718 0.30735430121421814 
vn 0.16889739036560059 0.9337202906608582 0.31565824151039124 
vn -0.13340769708156586 0.8989600539207458 0.417220801115036 
vn -0.4200063943862915 0.7727645039558411 0.4758462607860565 
vn -0.4981907308101654 0.7171551585197449 0.48733407258987427 
vn -0.5105118751525879 0.7084370851516724 0.48733407258987427 
vn -0.5166155099868774 0.7039985060691833 0.48733407258987427 
vn -0.5226805210113525 0.6995073556900024 0.48733407258987427 
vn -0.5406395196914673 0.6857218146324158 0.48733407258987427 
vn -0.6112566590309143 0.6205981373786926 0.4911448359489441 
vn -0.8102458715438843 0.36267244815826416 0.46040233969688416 
vn -0.9197443723678589 0.07541473954916 0.3852050006389618 
vn -0.9355392456054688 -0.018867019563913345 0.3527185618877411 
vn -0.9367752075195312 -0.030194716528058052 0.34862664341926575 
vn -0.939356803894043 -0.04148522764444351 0.34042292833328247 
vn -0.9389936923980713 -0.049021683633327484 0.34042292833328247 
vn -0.9410293102264404 -0.06412141025066376 0.33219319581985474 
vn -0.9411704540252686 -0.1651027649641037 0.2948545813560486 
vn -0.9411704540252686 -0.1651027649641037 0.2948545813560486 
vn -0.9330412149429321 -0.17260916531085968 0.31565824151039124 
vn -0.8779133558273315 -0.22774766385555267 0.42118772864341736 
vn -0.6224067211151123 -0.3499148190021515 0.7001210451126099 
vn -0.1442098468542099 -0.41457250714302063 0.8985171914100647 
vn 0.14902405440807343 -0.4002822935581207 0.9041935205459595 
vn 0.2821902930736542 -0.37110769748687744 0.8846737742424011 
vn 0.3248128592967987 -0.3607412278652191 0.87427818775177 
vn 0.3351278603076935 -0.3564346730709076 0.872148871421814 
vn 0.36058780550956726 -0.3472857177257538 0.865661084651947 
vn 0.41259217262268066 -0.3276565372943878 0.8499464392662048 
vn 0.4686873257160187 -0.29957908391952515 0.8310141563415527 
vn 0.5163262486457825 -0.2749146521091461 0.8110666871070862 
vn 0.5474627017974854 -0.23440618813037872 0.8033295273780823 
vn 0.5743851661682129 -0.21396037936210632 0.790128231048584 
vn 0.5974469780921936 -0.2000686228275299 0.7765498161315918 
vn 0.6217182874679565 -0.1786234974861145 0.762600839138031 
vn 0.6512465476989746 -0.1569322645664215 0.7424622178077698 
vn 0.6757867336273193 -0.13490304350852966 0.7246471047401428 
vn 0.705085277557373 -0.11262879520654678 0.7001210451126099 
vn 0.736352801322937 -0.08283143490552902 0.6715083718299866 
vn 0.7650083303451538 -0.052738744765520096 0.641857385635376 
vn 0.7938066124916077 -0.02260868065059185 0.607749879360199 
vn 0.824750542640686 0.015087739564478397 0.5652954578399658 
vn 0.8540233969688416 0.0527484230697155 0.5175535082817078 
vn 0.8822934031486511 0.09791865199804306 0.46040233969688416 
vn 0.9065218567848206 0.14281482994556427 0.3972681760787964 
vn 0.9273436069488525 0.18734440207481384 0.3239381015300751 
vn 0.9408406019210815 0.23907287418842316 0.2401314377784729 
vn 0.9429857730865479 0.29012006521224976 0.16312000155448914 
vn 0.9724779725074768 0.20233459770679474 0.11553031951189041 
vn 0.9921095967292786 0.10554064065217972 0.06767380982637405 
vn 0.9995682239532471 0.007548788096755743 0.028397228568792343 
vn 0.9958371520042419 -0.09049347788095474 -0.010923261754214764 
vn 0.9811544418334961 -0.1877034604549408 -0.04586252197623253 
vn 0.9561073780059814 -0.282883882522583 -0.0763898640871048 
vn 0.9211650490760803 -0.3754313290119171 -0.10250037163496017 
vn 0.8738880157470703 -0.4711168110370636 -0.11986933648586273 
vn 0.8204458355903625 -0.5550174117088318 -0.1372016966342926 
vn 0.7551486492156982 -0.639122486114502 -0.1458524912595749 
vn 0.6822118759155273 -0.715566098690033 -0.15017375349998474 
vn 0.602376401424408 -0.7847737073898315 -0.1458524912595749 
vn 0.5169131755828857 -0.844971239566803 -0.1372016966342926 
vn 0.4271206259727478 -0.8956231474876404 -0.1242060661315918 
vn 0.3545634150505066 -0.9349068999290466 -0.0152922747656703 
vn 0.2828812897205353 -0.9536623358726501 0.10250037163496017 
vn 0.21891316771507263 -0.9518522620201111 0.21460255980491638 
vn 0.1614658683538437 -0.9350340366363525 0.31565824151039124 
vn 0.10537007451057434 -0.9063116908073425 0.40926313400268555 
vn 0.06779906898736954 -0.8662745356559753 0.4949462115764618 
vn 0.03958853706717491 -0.8214572668075562 0.5688942670822144 
vn 0.015070956200361252 -0.7722566723823547 0.6351318359375 
vn 2.2372444066602604e-13 -0.7201150059700012 0.6938546895980835 
vn -0.007533304393291473 -0.6665948629379272 0.7453821301460266 
vn -0.0037673702463507652 -0.6163765788078308 0.7874425053596497 
vn 0.00941598042845726 -0.5670180320739746 0.8236515522003174 
vn 0.02261027693748474 -0.522661566734314 0.8522403836250305 
vn 0.04134932532906532 -0.4798221290111542 0.8763908743858337 
vn 0.06188900023698807 -0.4424660801887512 0.8946471214294434 
vn 0.08593043684959412 -0.4103035628795624 0.9078915119171143 
vn 0.13484475016593933 -0.40527889132499695 0.9041935205459595 
vn 0.1965107023715973 -0.4055790603160858 0.8926864862442017 
vn 0.26272186636924744 -0.3898006081581116 0.882628321647644 
vn 0.3134652078151703 -0.37064430117607117 0.87427818775177 
vn 0.3351278603076935 -0.3564346730709076 0.872148871421814 
vn 0.34057700634002686 -0.3512316644191742 0.872148871421814 
vn 0.38135826587677 -0.3003389537334442 0.87427818775177 
vn 0.4262116849422455 -0.1689109206199646 0.888714075088501 
vn 0.4426046907901764 0.015038038603961468 0.8965907096862793 
vn 0.44972991943359375 0.4363963007926941 0.7792953848838806 
vn 0.36439386010169983 0.8094731569290161 0.46040233969688416 
vn 0.29877638816833496 0.9048792123794556 0.30319350957870483 
vn 0.2698059678077698 0.9231348633766174 0.27391019463539124 
vn 0.1763182133436203 0.9323474168777466 0.31565824151039124 
vn -0.12594172358512878 0.9000363945960999 0.417220801115036 
vn -0.4133579134941101 0.7763411402702332 0.4758462607860565 
vn -0.4950964152812958 0.7218682169914246 0.4835140109062195 
vn -0.5105118751525879 0.7084370851516724 0.48733407258987427 
vn -0.5166155099868774 0.7039985060691833 0.48733407258987427 
vn -0.5226805210113525 0.6995073556900024 0.48733407258987427 
vn -0.5406395196914673 0.6857218146324158 0.48733407258987427 
vn -0.6112566590309143 0.6205981373786926 0.4911448359489441 
vn -0.8071330785751343 0.3695482015609741 0.46040233969688416 
vn -0.9197443723678589 0.07541473954916 0.3852050006389618 
vn -0.9355392456054688 -0.018867019563913345 0.3527185618877411 
vn -0.9367752075195312 -0.030194716528058052 0.34862664341926575 
vn -0.9376853108406067 -0.045239534229040146 0.34452807903289795 
vn -0.9389936923980713 -0.049021683633327484 0.34042292833328247 
vn -0.9410293102264404 -0.06412141025066376 0.33219319581985474 
vn -0.942444384098053 -0.15766862034797668 0.2948545813560486 
vn -0.8819153904914856 -0.44385290145874023 0.15880759060382843 
vn -0.8825268149375916 -0.4441606104373932 0.15449213981628418 
vn -0.8782311081886292 -0.45404624938964844 0.15017375349998474 
vn -0.8723787665367126 -0.46081146597862244 0.16312000155448914 
vn -0.8374685049057007 -0.4929538369178772 0.23588760197162628 
vn -0.6780315041542053 -0.5634629726409912 0.4719987213611603 
vn -0.2591682970523834 -0.5592549443244934 0.7874425053596497 
vn 0.11017707735300064 -0.46093884110450745 0.8805659413337708 
vn 0.27397146821022034 -0.38670822978019714 0.8805659413337708 
vn 0.3248128592967987 -0.3607412278652191 0.87427818775177 
vn 0.3351278603076935 -0.3564346730709076 0.872148871421814 
vn 0.36058780550956726 -0.3472857177257538 0.865661084651947 
vn 0.40793976187705994 -0.32153379917144775 0.8545181155204773 
vn 0.4642145037651062 -0.286126971244812 0.838234007358551 
vn 0.5108604431152344 -0.2543782591819763 0.8211658596992493 
vn 0.533220648765564 -0.21322347223758698 0.8186644315719604 
vn 0.559941828250885 -0.1922282725572586 0.8059239983558655 
vn 0.5813690423965454 -0.17106254398822784 0.7954543828964233 
vn 0.6085858941078186 -0.1494053602218628 0.7792953848838806 
vn 0.6307952404022217 -0.1273958384990692 0.7654199600219727 
vn 0.6594565510749817 -0.09758314490318298 0.7453821301460266 
vn 0.6857786774635315 -0.06778017431497574 0.7246471047401428 
vn 0.7130290865898132 -0.037682872265577316 0.7001210451126099 
vn 0.740958571434021 -0.007545771077275276 0.6715083718299866 
vn 0.7690297365188599 0.0301680751144886 0.6385006904602051 
vn 0.79915452003479 0.0678134486079216 0.5972883701324463 
vn 0.826979398727417 0.11283781379461288 0.5507928133010864 
vn 0.8523189425468445 0.15752048790454865 0.4987381398677826 
vn 0.872778594493866 0.20943854749202728 0.4409002661705017 
vn 0.8900152444839478 0.26776570081710815 0.3690181374549866 
vn 0.9036932587623596 0.31821396946907043 0.2864931523799896 
vn 0.9057183861732483 0.3680139183998108 0.2103329300880432 
vn 0.9027757048606873 0.403043270111084 0.15017375349998474 
vn 0.9422454833984375 0.31885281205177307 0.10250037163496017 
vn 0.9712056517601013 0.23190414905548096 0.05459024757146835 
vn 0.9907538890838623 0.13551314175128937 0.006554040592163801 
vn 0.9985980987548828 0.03772452101111412 -0.03713129088282585 
vn 0.9952501654624939 -0.06034696102142334 -0.0763898640871048 
vn 0.9799492359161377 -0.16533759236335754 -0.1111890971660614 
vn 0.9548881649971008 -0.2610713243484497 -0.1415284425020218 
vn 0.9172069430351257 -0.36152297258377075 -0.16742929816246033 
vn 0.8689695596694946 -0.45738255977630615 -0.18892620503902435 
vn 0.8160669207572937 -0.5415892004966736 -0.2017817199230194 
vn 0.749811589717865 -0.625882089138031 -0.21460255980491638 
vn 0.6723853349685669 -0.7084092497825623 -0.21460255980491638 
vn 0.5919548273086548 -0.7768753170967102 -0.21460255980491638 
vn 0.5066083669662476 -0.8371902704238892 -0.2060592919588089 
vn 0.41008448600769043 -0.8913465142250061 -0.19321508705615997 
vn 0.331569641828537 -0.937360942363739 -0.10684575140476227 
vn 0.26124414801597595 -0.9652504920959473 0.006554040592163801 
vn 0.1969430148601532 -0.9719520807266235 0.12854042649269104 
vn 0.13358284533023834 -0.9604366421699524 0.24437066912651062 
vn 0.0829412043094635 -0.9335846304893494 0.34862664341926575 
vn 0.03585080802440643 -0.8968398571014404 0.4409002661705017 
vn 0.0018856085371226072 -0.8510933518409729 0.5250110030174255 
vn -0.01885274052619934 -0.7991867661476135 0.6007870435714722 
vn -0.03393736481666565 -0.7460653185844421 0.6650074124336243 
vn -0.043318137526512146 -0.6909232139587402 0.7216291427612305 
vn -0.03953488543629646 -0.6355894207954407 0.7710143327713013 
vn -0.03011268936097622 -0.5841781497001648 0.8110666871070862 
vn -0.011289376765489578 -0.5341571569442749 0.8453097939491272 
vn 0.00753398984670639 -0.48918259143829346 0.872148871421814 
vn 0.03010198287665844 -0.44967177510261536 0.8926864862442017 
vn 0.05627129226922989 -0.4154113531112671 0.9078915119171143 
vn 0.08758363127708435 -0.38131582736968994 0.9202865362167358 
vn 0.1329890340566635 -0.3849438726902008 0.913308322429657 
vn 0.1942962110042572 -0.3892057240009308 0.9004265069961548 
vn 0.25881484150886536 -0.3831106126308441 0.8867024183273315 
vn 0.31434565782546997 -0.36486414074897766 0.8763908743858337 
vn 0.3351278603076935 -0.3564346730709076 0.872148871421814 
vn 0.34057700634002686 -0.3512316644191742 0.872148871421814 
vn 0.381140798330307 -0.31872403621673584 0.8678402304649353 
vn 0.4837675392627716 -0.15560197830200195 0.8612531423568726 
vn 0.511428713798523 0.1412568837404251 0.8476362228393555 
vn 0.46285200119018555 0.5148003101348877 0.7216291427612305 
vn 0.36955752968788147 0.8158212900161743 0.44481781125068665 
vn 0.30777448415756226 0.9032484889030457 0.2990269064903259 
vn 0.28606289625167847 0.9194710850715637 0.26970529556274414 
vn 0.2698059678077698 0.9231348633766174 0.27391019463539124 
vn 0.1763182133436203 0.9323474168777466 0.31565824151039124 
vn -0.1184670701622963 0.9010506868362427 0.417220801115036 
vn -0.4133579134941101 0.7763411402702332 0.4758462607860565 
vn -0.4981907308101654 0.7171551585197449 0.48733407258987427 
vn -0.5105118751525879 0.7084370851516724 0.48733407258987427 
vn -0.5166155099868774 0.7039985060691833 0.48733407258987427 
vn -0.5226805210113525 0.6995073556900024 0.48733407258987427 
vn -0.5406395196914673 0.6857218146324158 0.48733407258987427 
vn -0.6112566590309143 0.6205981373786926 0.4911448359489441 
vn -0.8035027980804443 0.3725994825363159 0.4642767012119293 
vn -0.9197443723678589 0.07541473954916 0.3852050006389618 
vn -0.9355392456054688 -0.018867019563913345 0.3527185618877411 
vn -0.9382911920547485 -0.030166180804371834 0.34452807903289795 
vn -0.9376853108406067 -0.045239534229040146 0.34452807903289795 
vn -0.9389936923980713 -0.049021683633327484 0.34042292833328247 
vn -0.9410293102264404 -0.06412141025066376 0.33219319581985474 
vn -0.9410988688468933 -0.15784747898578644 0.2990269064903259 
vn -0.8852822780609131 -0.43709883093833923 0.15880759060382843 
vn -0.733294665813446 -0.6799074411392212 0.002184694167226553 
vn -0.733294665813446 -0.6799074411392212 0.002184694167226553 
vn -0.733294665813446 -0.6799074411392212 0.002184694167226553 
vn -0.7281392216682434 -0.6854257583618164 -0.002184694167226553 
vn -0.7229008078575134 -0.6908654570579529 0.010923261754214764 
vn -0.6841404438018799 -0.7214816808700562 0.10684575140476227 
vn -0.4960644245147705 -0.7636412382125854 0.41324591636657715 
vn -0.09951656311750412 -0.6391685605049133 0.762600839138031 
vn 0.1698692888021469 -0.4789440631866455 0.8612531423568726 
vn 0.28380048274993896 -0.3938209116458893 0.87427818775177 
vn 0.3295992612838745 -0.3615531623363495 0.872148871421814 
vn 0.3351278603076935 -0.3564346730709076 0.872148871421814 
vn 0.36115169525146484 -0.3412078320980072 0.8678402304649353 
vn 0.40833213925361633 -0.30877456068992615 0.8590245246887207 
vn 0.45564383268356323 -0.2789981961250305 0.8453097939491272 
vn 0.5008834004402161 -0.23345033824443817 0.8334367275238037 
vn 0.5221303105354309 -0.19182118773460388 0.8310141563415527 
vn 0.5467946529388428 -0.1634083390235901 0.8211658596992493 
vn 0.5675376057624817 -0.14167550206184387 0.8110666871070862 
vn 0.5869233012199402 -0.11987059563398361 0.8007197380065918 
vn 0.6132431030273438 -0.0900736153125763 0.7847417593002319 
vn 0.6373465061187744 -0.06017132103443146 0.7682244777679443 
vn 0.662689208984375 -0.03013864904642105 0.7482877969741821 
vn 0.6859472990036011 0 0.7276512384414673 
vn 0.7130290865898132 0.037682872265577316 0.7001210451126099 
vn 0.736352801322937 0.08283143490552902 0.6715083718299866 
vn 0.7630116939544678 0.1200861930847168 0.6351318359375 
vn 0.7886219024658203 0.17225636541843414 0.590256929397583 
vn 0.8115402460098267 0.22363543510437012 0.5398051738739014 
vn 0.8312029838562012 0.27443718910217285 0.4835140109062195 
vn 0.846146821975708 0.33160579204559326 0.417220801115036 
vn 0.8549283742904663 0.3949584662914276 0.3363112509250641 
vn 0.8541579842567444 0.44960737228393555 0.2612801790237427 
vn 0.8508765697479248 0.48326873779296875 0.2060592919588089 
vn 0.8477649688720703 0.5032514333724976 0.16742929816246033 
vn 0.8984144926071167 0.4236792325973511 0.11553031951189041 
vn 0.938236653804779 0.3401518762111664 0.0633138045668602 
vn 0.9689935445785522 0.24661238491535187 0.0152922747656703 
vn 0.988084614276886 0.15038372576236725 -0.03276457265019417 
vn 0.9956784248352051 0.0528111569583416 -0.0763898640871048 
vn 0.9922720789909363 -0.045264460146427155 -0.11553031951189041 
vn 0.9771571159362793 -0.15037234127521515 -0.15017375349998474 
vn 0.952174723148346 -0.2466609925031662 -0.18033768236637115 
vn 0.9138419032096863 -0.3473514914512634 -0.2103329300880432 
vn 0.8656551837921143 -0.443829208612442 -0.23163928091526031 
vn 0.8090031147003174 -0.5345998406410217 -0.24437066912651062 
vn 0.7433081269264221 -0.6193282604217529 -0.25283506512641907 
vn 0.6644005179405212 -0.7017778158187866 -0.25706008076667786 
vn 0.5838004350662231 -0.7701280117034912 -0.25706008076667786 
vn 0.4994795322418213 -0.8298889398574829 -0.24860523641109467 
vn 0.5669198632240295 -0.7783706784248352 -0.26970529556274414 
vn 0.6488125324249268 -0.7115485668182373 -0.26970529556274414 
vn 0.7278560996055603 -0.6304637789726257 -0.26970529556274414 
vn 0.7953023910522461 -0.5470162630081177 -0.2612801790237427 
vn 0.8541219830513 -0.4568052589893341 -0.24860523641109467 
vn 0.9043039679527283 -0.36128899455070496 -0.22738653421401978 
vn 0.9439910054206848 -0.2610844671726227 -0.2017817199230194 
vn 0.9724168181419373 -0.15783701837062836 -0.17173540592193604 
vn 0.9887006878852844 -0.060387443751096725 -0.1372016966342926 
vn 0.994455099105835 0.037749674171209335 -0.0981530249118805 
vn 0.9882230162620544 0.14295175671577454 -0.05459024757146835 
vn 0.970920979976654 0.23931051790714264 -0.006554040592163801 
vn 0.9419972896575928 0.333045095205307 0.04149730131030083 
vn 0.9041191339492798 0.4168565571308136 0.09380380809307098 
vn 0.8516911268234253 0.5033381581306458 0.1458524912595749 
vn 0.7945891618728638 0.5726361870765686 0.2017817199230194 
vn 0.7850587964057922 0.5778372883796692 0.22312943637371063 
vn 0.7236130833625793 0.6422293186187744 0.25283506512641907 
vn 0.7884269952774048 0.5588407516479492 0.25706008076667786 
vn 0.7933856248855591 0.5204797387123108 0.31565824151039124 
vn 0.7974152565002441 0.4611140191555023 0.3892335295677185 
vn 0.7924067974090576 0.4001513421535492 0.46040233969688416 
vn 0.7788491249084473 0.3374079763889313 0.528724730014801 
vn 0.7623446583747864 0.28059086203575134 0.5831804275512695 
vn 0.745243489742279 0.22311125695705414 0.6283578276634216 
vn 0.7238069772720337 0.1718323528766632 0.6682642698287964 
vn 0.6994170546531677 0.1275828331708908 0.7032341957092285 
vn 0.6777306795120239 0.08272956311702728 0.7306414246559143 
vn 0.6557268500328064 0.037701915949583054 0.7540562748908997 
vn 0.6334428787231445 0 0.7737894654273987 
vn 0.608737587928772 -0.03014121949672699 0.7927988767623901 
vn 0.5889569520950317 -0.06013522297143936 0.8059239983558655 
vn 0.5659428238868713 -0.097453773021698 0.8186644315719604 
vn 0.546954333782196 -0.11959584057331085 0.8285757899284363 
vn 0.5266484022140503 -0.14143984019756317 0.838234007358551 
vn 0.5064742565155029 -0.1701032817363739 0.8453097939491272 
vn 0.4872659742832184 -0.219141885638237 0.8453097939491272 
vn 0.44633805751800537 -0.26567113399505615 0.8545181155204773 
vn 0.3995046317577362 -0.3079344630241394 0.8634653687477112 
vn 0.3558875620365143 -0.34123170375823975 0.8700028657913208 
vn 0.3351278603076935 -0.3564346730709076 0.872148871421814 
vn 0.3295992612838745 -0.3615531623363495 0.872148871421814 
vn 0.2997739315032959 -0.3914468288421631 0.8700028657913208 
vn 0.22381526231765747 -0.4604167640209198 0.8590245246887207 
vn 0.045188773423433304 -0.6078058481216431 0.7927988767623901 
vn -0.34334683418273926 -0.8005558848381042 0.4911448359489441 
vn -0.6037790775299072 -0.7899587154388428 0.10684575140476227 
vn -0.6629312038421631 -0.7482945919036865 -0.024029340595006943 
vn -0.6701086759567261 -0.7408447861671448 -0.04586252197623253 
vn -0.6701086759567261 -0.7408447861671448 -0.04586252197623253 
vn -0.6701086759567261 -0.7408447861671448 -0.04586252197623253 
vn -0.6701086759567261 -0.7408447861671448 -0.04586252197623253 
vn -0.6585400104522705 -0.7505631446838379 -0.05459024757146835 
vn -0.6585400104522705 -0.7505631446838379 -0.05459024757146835 
vn -0.6585400104522705 -0.7505631446838379 -0.05459024757146835 
vn -0.6585400104522705 -0.7505631446838379 -0.05459024757146835 
vn -0.6458093523979187 -0.7631204724311829 -0.024029340595006943 
vn -0.5714946389198303 -0.8090547323226929 0.1372016966342926 
vn -0.26150408387184143 -0.7926177382469177 0.5507928133010864 
vn 0.10487095266580582 -0.5754762887954712 0.8110666871070862 
vn 0.25051164627075195 -0.4464535415172577 0.8590245246887207 
vn 0.3057229220867157 -0.38681846857070923 0.8700028657913208 
vn 0.3295992612838745 -0.3615531623363495 0.872148871421814 
vn 0.3351278603076935 -0.3564346730709076 0.872148871421814 
vn 0.3512316644191742 -0.34057700634002686 0.872148871421814 
vn 0.3952193856239319 -0.3010896146297455 0.8678402304649353 
vn 0.43714359402656555 -0.2516605854034424 0.8634653687477112 
vn 0.47312065958976746 -0.2051481157541275 0.8567795157432556 
vn 0.4876868426799774 -0.1556868553161621 0.8590245246887207 
vn 0.5075294375419617 -0.12688662111759186 0.8522403836250305 
vn 0.5253413319587708 -0.09730247408151627 0.8453097939491272 
vn 0.5411046147346497 -0.06759839504957199 0.838234007358551 
vn 0.5586105585098267 -0.037635523825883865 0.8285757899284363 
vn 0.5777946710586548 -0.007532358169555664 0.8161473870277405 
vn 0.5982794761657715 0.030158579349517822 0.8007197380065918 
vn 0.6187015771865845 0.07512397319078445 0.7820260524749756 
vn 0.6356505155563354 0.11995179951190948 0.762600839138031 
vn 0.6561382412910461 0.16411134600639343 0.736579954624176 
vn 0.6775467991828918 0.21538789570331573 0.7032341957092285 
vn 0.6922366619110107 0.2724542021751404 0.6682642698287964 
vn 0.7110907435417175 0.3286992311477661 0.6215357780456543 
vn 0.7235718369483948 0.3909003436565399 0.5688942670822144 
vn 0.728015124797821 0.4580789804458618 0.5100564956665039 
vn 0.7316606044769287 0.5231885313987732 0.43697428703308105 
vn 0.728073239326477 0.580274224281311 0.3649536371231079 
vn 0.7191676497459412 0.6231622695922852 0.30735430121421814 
vn 0.71699059009552 0.6410130262374878 0.27391019463539124 
vn 0.645666241645813 0.6990339159965515 0.30735430121421814 
vn 0.6390067338943481 0.6976636052131653 0.3239381015300751 
vn 0.565444827079773 0.7436149716377258 0.3568037748336792 
vn 0.6439476013183594 0.6746076941490173 0.36088213324546814 
vn 0.6531776189804077 0.6344972848892212 0.41324591636657715 
vn 0.6607486605644226 0.574130117893219 0.4835140109062195 
vn 0.6611106991767883 0.5055047869682312 0.5544344186782837 
vn 0.6583304405212402 0.4344955384731293 0.6146662831306458 
vn 0.6499000787734985 0.3679606318473816 0.6650074124336243 
vn 0.641483724117279 0.30652937293052673 0.7032341957092285 
vn 0.6249082088470459 0.25017550587654114 0.7395281791687012 
vn 0.6081457734107971 0.19997459650039673 0.7682244777679443 
vn 0.5945008993148804 0.14921821653842926 0.790128231048584 
vn 0.5790730714797974 0.1048675924539566 0.8085030317306519 
vn 0.5602724552154541 0.0601494275033474 0.8261215686798096 
vn 0.5448427796363831 0.022584449499845505 0.838234007358551 
vn 0.5303643941879272 -0.015048631466925144 0.8476362228393555 
vn 0.5129877328872681 -0.05265440419316292 0.8567795157432556 
vn 0.4976261556148529 -0.08243658393621445 0.8634653687477112 
vn 0.4840857684612274 -0.11186723411083221 0.8678402304649353 
vn 0.4684465825557709 -0.14111755788326263 0.872148871421814 
vn 0.45884329080581665 -0.1905679851770401 0.8678402304649353 
vn 0.4279300272464752 -0.24488963186740875 0.8700028657913208 
vn 0.38597166538238525 -0.294386625289917 0.87427818775177 
vn 0.3512316644191742 -0.34057700634002686 0.872148871421814 
vn 0.3351278603076935 -0.3564346730709076 0.872148871421814 
vn 0.3295992612838745 -0.3615531623363495 0.872148871421814 
vn 0.3114542067050934 -0.3871041238307953 0.8678402304649353 
vn 0.2570537328720093 -0.44271916151046753 0.8590245246887207 
vn 0.128850057721138 -0.5669467449188232 0.8136147856712341 
vn -0.22523432970046997 -0.7883740067481995 0.5724822878837585 
vn -0.5561148524284363 -0.8174253106117249 0.15017375349998474 
vn -0.6399546265602112 -0.7678877711296082 -0.028397228568792343 
vn -0.6526840329170227 -0.7553331255912781 -0.058952588587999344 
vn -0.6526840329170227 -0.7553331255912781 -0.058952588587999344 
vn -0.6526840329170227 -0.7553331255912781 -0.058952588587999344 
vn -0.6526840329170227 -0.7553331255912781 -0.058952588587999344 
vn -0.6467812657356262 -0.7600430250167847 -0.0633138045668602 
vn -0.6467812657356262 -0.7600430250167847 -0.0633138045668602 
vn -0.6467812657356262 -0.7600430250167847 -0.0633138045668602 
vn -0.6467812657356262 -0.7600430250167847 -0.0633138045668602 
vn -0.6340526938438416 -0.7725954055786133 -0.03276457265019417 
vn -0.5484079122543335 -0.82414710521698 0.1415284425020218 
vn -0.22537662088871002 -0.7986040115356445 0.5580654144287109 
vn 0.1251765936613083 -0.5750249028205872 0.8085030317306519 
vn 0.2556632161140442 -0.44784510135650635 0.8567795157432556 
vn 0.3114542067050934 -0.3871041238307953 0.8678402304649353 
vn 0.3287908136844635 -0.36741209030151367 0.8700028657913208 
vn 0.3351278603076935 -0.3564346730709076 0.872148871421814 
vn 0.3517908453941345 -0.3344859182834625 0.87427818775177 
vn 0.3815991282463074 -0.2874770760536194 0.8784868121147156 
vn 0.41469526290893555 -0.23725257813930511 0.8784868121147156 
vn 0.44404980540275574 -0.17629726231098175 0.8784868121147156 
vn 0.4447515904903412 -0.12631261348724365 0.8867024183273315 
vn 0.4599035680294037 -0.09724199026823044 0.882628321647644 
vn 0.46907535195350647 -0.06761594861745834 0.8805659413337708 
vn 0.4839654862880707 -0.03761677443981171 0.87427818775177 
vn 0.4968433678150177 0 0.8678402304649353 
vn 0.5067818760871887 0.037618447095155716 0.8612531423568726 
vn 0.5203825235366821 0.08242049068212509 0.8499464392662048 
vn 0.5341061353683472 0.12687213718891144 0.8358433246612549 
vn 0.5460488200187683 0.17781803011894226 0.8186644315719604 
vn 0.5577431917190552 0.22796373069286346 0.7980946898460388 
vn 0.5664405822753906 0.28353992104530334 0.7737894654273987 
vn 0.5782449841499329 0.33820486068725586 0.7424622178077698 
vn 0.5847772359848022 0.40434786677360535 0.7032341957092285 
vn 0.5877977609634399 0.4746135473251343 0.6551609039306641 
vn 0.5874718427658081 0.5421547293663025 0.6007870435714722 
vn 0.5830168724060059 0.6136866211891174 0.5324283838272095 
vn 0.5721937417984009 0.6760483980178833 0.4642767012119293 
vn 0.5575881600379944 0.7199467420578003 0.41324591636657715 
vn 0.5544100403785706 0.7418931722640991 0.37712597846984863 
vn 0.4735163450241089 0.7799268960952759 0.40926313400268555 
vn 0.46340495347976685 0.7774999737739563 0.42514660954475403 
vn 0.377892404794693 0.8076668977737427 0.45262736082077026 
vn 0.47080591320991516 0.7525765299797058 0.46040233969688416 
vn 0.48112186789512634 0.7102965116500854 0.5138099193572998 
vn 0.49947407841682434 0.6470558643341064 0.5760593414306641 
vn 0.5086069107055664 0.5738798975944519 0.641857385635376 
vn 0.5110294818878174 0.503038227558136 0.6969945430755615 
vn 0.5172558426856995 0.43074873089790344 0.7395281791687012 
vn 0.5119328498840332 0.3672807216644287 0.7765498161315918 
vn 0.5095373392105103 0.30142703652381897 0.8059239983558655 
vn 0.5023117661476135 0.24727530777454376 0.8285757899284363 
vn 0.4949088394641876 0.19125398993492126 0.8476362228393555 
vn 0.48816609382629395 0.14119799435138702 0.8612531423568726 
vn 0.47558608651161194 0.0972394049167633 0.87427818775177 
vn 0.4671158790588379 0.05263131856918335 0.882628321647644 
vn 0.4582151174545288 0.015039604157209396 0.888714075088501 
vn 0.450111985206604 -0.022583846002817154 0.8926864862442017 
vn 0.43973490595817566 -0.052519362419843674 0.8965907096862793 
vn 0.4296572804450989 -0.08978573977947235 0.8985171914100647 
vn 0.42248404026031494 -0.11905495822429657 0.8985171914100647 
vn 0.4262116849422455 -0.1689109206199646 0.888714075088501 
vn 0.4047163426876068 -0.223525270819664 0.8867024183273315 
vn 0.3767217695713043 -0.2811547517776489 0.882628321647644 
vn 0.3471308648586273 -0.33382514119148254 0.8763908743858337 
vn 0.3351278603076935 -0.3564346730709076 0.872148871421814 
vn 0.3287908136844635 -0.36741209030151367 0.8700028657913208 
vn 0.3045157492160797 -0.3973677158355713 0.865661084651947 
vn 0.25104546546936035 -0.4674281179904938 0.8476362228393555 
vn 0.10125856101512909 -0.6080139875411987 0.7874425053596497 
vn -0.252843976020813 -0.8221388459205627 0.5100564956665039 
vn -0.5440555810928345 -0.8316492438316345 0.1111890971660614 
vn -0.6221096515655518 -0.7818296551704407 -0.04149730131030083 
vn -0.6311023235321045 -0.7723478078842163 -0.07203252613544464 
vn -0.6311023235321045 -0.7723478078842163 -0.07203252613544464 
vn -0.6369309425354004 -0.7675482034683228 -0.07203252613544464 
vn -0.6369309425354004 -0.7675482034683228 -0.07203252613544464 
vn -0.5644468069076538 -0.8167197704315186 -0.11986933648586273 
vn -0.5582179427146912 -0.8209896683692932 -0.11986933648586273 
vn -0.5582179427146912 -0.8209896683692932 -0.11986933648586273 
vn -0.557918131351471 -0.8205487132072449 -0.1242060661315918 
vn -0.5487151741981506 -0.8297019600868225 -0.10250037163496017 
vn -0.49124404788017273 -0.8709973096847534 0.006554040592163801 
vn -0.28409430384635925 -0.8963273167610168 0.34042292833328247 
vn 0.05085243657231331 -0.712211012840271 0.7001210451126099 
vn 0.23558028042316437 -0.5158488750457764 0.8236515522003174 
vn 0.307270348072052 -0.4094652533531189 0.8590245246887207 
vn 0.3287908136844635 -0.36741209030151367 0.8700028657913208 
vn 0.3351278603076935 -0.3564346730709076 0.872148871421814 
vn 0.3471308648586273 -0.33382514119148254 0.8763908743858337 
vn 0.3677518367767334 -0.28020963072776794 0.8867024183273315 
vn 0.3872303068637848 -0.22284334897994995 0.8946471214294434 
vn 0.40800347924232483 -0.16186417639255524 0.8985171914100647 
vn 0.40001222491264343 -0.11139918863773346 0.9097144603729248 
vn 0.40293464064598083 -0.08230897784233093 0.9115201234817505 
vn 0.4087739586830139 -0.04511011764407158 0.9115201234817505 
vn 0.4149620831012726 -0.015034144744277 0.9097144603729248 
vn 0.4225650131702423 0.0225856713950634 0.9060511589050293 
vn 0.4257625341415405 0.067434161901474 0.9023185968399048 
vn 0.4325870871543884 0.11169108003377914 0.8946471214294434 
vn 0.4355906844139099 0.15498259663581848 0.8867024183273315 
vn 0.44034165143966675 0.20429600775241852 0.87427818775177 
vn 0.4459652900695801 0.2589283287525177 0.8567795157432556 
vn 0.44763901829719543 0.3177817165851593 0.8358433246612549 
vn 0.44431281089782715 0.3804694414138794 0.8110666871070862 
vn 0.438125342130661 0.45278751850128174 0.7765498161315918 
vn 0.4345628619194031 0.5224559307098389 0.7336177229881287 
vn 0.4236910343170166 0.5934162139892578 0.6843559741973877 
vn 0.4100407361984253 0.6675027012825012 0.6215357780456543 
vn 0.39303693175315857 0.7335696816444397 0.5544344186782837 
vn 0.37562084197998047 0.7762576937675476 0.5062933564186096 
vn 0.36934709548950195 0.8004997968673706 0.4719987213611603 
vn 0.27786439657211304 0.8210064768791199 0.4987381398677826 
vn 0.268709659576416 0.8123629093170166 0.5175535082817078 
vn 0.177842915058136 0.8251940608024597 0.5361219048500061 
vn 0.28293389081954956 0.7877724766731262 0.5471406579017639 
vn 0.29468443989753723 0.7459273934364319 0.5972883701324463 
vn 0.31580784916877747 0.6799768209457397 0.661737859249115 
vn 0.34068527817726135 0.6026482582092285 0.7216291427612305 
vn 0.3536011874675751 0.529625415802002 0.7710143327713013 
vn 0.36775925755500793 0.4594300389289856 0.8085030317306519 
vn 0.3749306797981262 0.3909015655517578 0.8406086564064026 
vn 0.3808045983314514 0.324990451335907 0.865661084651947 
vn 0.3811158537864685 0.2685199975967407 0.8846737742424011 
vn 0.3820015490055084 0.21619822084903717 0.8985171914100647 
vn 0.38693419098854065 0.16129159927368164 0.9078915119171143 
vn 0.3854633569717407 0.11852501332759857 0.9150791168212891 
vn 0.3854093849658966 0.06732194125652313 0.9202865362167358 
vn 0.3820067346096039 0.03006458282470703 0.9236704111099243 
vn 0.37907397747039795 -0.007514523807913065 0.9253358840942383 
vn 0.3764704465866089 -0.0449838824570179 0.9253358840942383 
vn 0.3758251368999481 -0.07475626468658447 0.9236704111099243 
vn 0.3708527088165283 -0.11139003187417984 0.9219872951507568 
vn 0.3827212154865265 -0.16107149422168732 0.9097144603729248 
vn 0.37766578793525696 -0.21587185561656952 0.9004265069961548 
vn 0.35823526978492737 -0.2798309326171875 0.8907088041305542 
vn 0.3424547612667084 -0.3331451416015625 0.8784868121147156 
vn 0.3351278603076935 -0.3564346730709076 0.872148871421814 
vn 0.33431223034858704 -0.3675440847873688 0.8678402304649353 
vn 0.3157409131526947 -0.42178046703338623 0.8499464392662048 
vn 0.2579877972602844 -0.5748153328895569 0.7765498161315918 
vn 0.0997265875339508 -0.8405799269676208 0.5324283838272095 
vn -0.12417536228895187 -0.9889694452285767 0.08074574917554855 
vn -0.24280528724193573 -0.9523423910140991 -0.18463370203971863 
vn -0.27555713057518005 -0.9262766242027283 -0.25706008076667786 
vn -0.2809954583644867 -0.9210323691368103 -0.26970529556274414 
vn -0.28641024231910706 -0.9205875396728516 -0.26549527049064636 
vn -0.29361364245414734 -0.9183154702186584 -0.26549527049064636 
vn -0.29900088906288147 -0.9177860021591187 -0.2612801790237427 
vn 0.0018884376622736454 -0.9245033860206604 -0.3811691105365753 
vn 0.0018884376622736454 -0.9245033860206604 -0.3811691105365753 
vn 0.00944203045219183 -0.9244571328163147 -0.3811691105365753 
vn 0.00944203045219183 -0.9244571328163147 -0.3811691105365753 
vn 0.016996977850794792 -0.9292667508125305 -0.3690181374549866 
vn 0.05284862592816353 -0.9603021740913391 -0.27391019463539124 
vn 0.15421062707901 -0.9857176542282104 0.06767380982637405 
vn 0.2685464024543762 -0.7825547456741333 0.5616858005523682 
vn 0.3133283853530884 -0.5427007079124451 0.7792953848838806 
vn 0.3276565372943878 -0.41259217262268066 0.8499464392662048 
vn 0.33431223034858704 -0.3675440847873688 0.8678402304649353 
vn 0.3351278603076935 -0.3564346730709076 0.872148871421814 
vn 0.3371075987815857 -0.33310967683792114 0.8805659413337708 
vn 0.3491338789463043 -0.27876874804496765 0.8946471214294434 
vn 0.35986626148223877 -0.21501007676124573 0.9078915119171143 
vn 0.36408549547195435 -0.1538638174533844 0.9185682535171509 
vn 0.34550341963768005 -0.11107391864061356 0.931820809841156 
vn 0.34679946303367615 -0.07474100589752197 0.9349566102027893 
vn 0.3436538577079773 -0.044927313923835754 0.9380210638046265 
vn 0.3423936665058136 -0.007523318286985159 0.9395264387130737 
vn 0.3411548137664795 0.030056973919272423 0.9395264387130737 
vn 0.33847537636756897 0.0745040625333786 0.9380210638046265 
vn 0.3344970941543579 0.11818534135818481 0.9349566102027893 
vn 0.3314552903175354 0.16677479445934296 0.9286137819290161 
vn 0.3280232548713684 0.21324490010738373 0.9202865362167358 
vn 0.3205917477607727 0.2700999677181244 0.9078915119171143 
vn 0.30785104632377625 0.3291482627391815 0.8926864862442017 
vn 0.2997739315032959 0.3914468288421631 0.8700028657913208 
vn 0.28589099645614624 0.4600471556186676 0.8406086564064026 
vn 0.27019941806793213 0.5307108163833618 0.8033295273780823 
vn 0.24829760193824768 0.6080686450004578 0.7540562748908997 
vn 0.22588370740413666 0.6805697083473206 0.6969945430755615 
vn 0.20112572610378265 0.7457586526870728 0.6351318359375 
vn 0.1775689274072647 0.7900784015655518 0.5867242813110352 
vn 0.1667512059211731 0.8153505325317383 0.5544344186782837 
vn 0.07344314455986023 0.8166211843490601 0.5724822878837585 
vn 0.060323283076286316 0.8049582839012146 0.590256929397583 
vn -0.022615760564804077 0.7964553833007812 0.6042742133140564 
vn 0.07713685929775238 0.7795788645744324 0.6215357780456543 
vn 0.0996800884604454 0.7342618107795715 0.6715083718299866 
vn 0.1292695254087448 0.6704121828079224 0.7306414246559143 
vn 0.16013939678668976 0.5952223539352417 0.7874425053596497 
vn 0.18473346531391144 0.5246798992156982 0.8310141563415527 
vn 0.20950151979923248 0.4505135118961334 0.8678402304649353 
vn 0.22447209060192108 0.38628843426704407 0.8946471214294434 
vn 0.24037174880504608 0.323807954788208 0.9150791168212891 
vn 0.25615832209587097 0.26279687881469727 0.9302261471748352 
vn 0.266045480966568 0.2090756744146347 0.9410139322280884 
vn 0.27578598260879517 0.1577807515859604 0.9481810927391052 
vn 0.28466010093688965 0.11027791351079941 0.9522643685340881 
vn 0.2935614287853241 0.06700348109006882 0.953589141368866 
vn 0.3002689480781555 0.022502046078443527 0.953589141368866 
vn 0.3049040138721466 -0.015037810429930687 0.9522643685340881 
vn 0.31034383177757263 -0.04496605321764946 0.949560284614563 
vn 0.3156123757362366 -0.08165520429611206 0.9453682899475098 
vn 0.3197765350341797 -0.11061551421880722 0.9410139322280884 
vn 0.342262864112854 -0.15348422527313232 0.926983654499054 
vn 0.34626689553260803 -0.21439939737319946 0.913308322429657 
vn 0.33945325016975403 -0.2782774567604065 0.8985171914100647 
vn 0.3371075987815857 -0.33310967683792114 0.8805659413337708 
vn 0.3351278603076935 -0.3564346730709076 0.872148871421814 
vn 0.33431223034858704 -0.3675440847873688 0.8678402304649353 
vn 0.33370089530944824 -0.4029020071029663 0.8522403836250305 
vn 0.33495810627937317 -0.49240708351135254 0.8033295273780823 
vn 0.33849501609802246 -0.6817806959152222 0.6485338807106018 
vn 0.27000007033348083 -0.9432750940322876 0.19321508705615997 
vn 0.15413285791873932 -0.9562627673149109 -0.24860523641109467 
vn 0.10929993540048599 -0.9146314859390259 -0.3892335295677185 
vn 0.10363242775201797 -0.9065120220184326 -0.40926313400268555 
vn 0.10363242775201797 -0.9065120220184326 -0.40926313400268555 
vn 0.10363242775201797 -0.9065120220184326 -0.40926313400268555 
vn 0.10363242775201797 -0.9065120220184326 -0.40926313400268555 
vn 0.11667659878730774 -0.9031137228012085 -0.41324591636657715 
vn 0.11667659878730774 -0.9031137228012085 -0.41324591636657715 
vn 0.11667659878730774 -0.9031137228012085 -0.41324591636657715 
vn 0.11667659878730774 -0.9031137228012085 -0.41324591636657715 
vn 0.12793481349945068 -0.9139200448989868 -0.3852050006389618 
vn 0.18197745084762573 -0.9595988392829895 -0.21460255980491638 
vn 0.3111386299133301 -0.9087616205215454 0.2781098484992981 
vn 0.3535071611404419 -0.6273741722106934 0.6938546895980835 
vn 0.3462948799133301 -0.4670233726501465 0.8136147856712341 
vn 0.3346790373325348 -0.39722633361816406 0.8545181155204773 
vn 0.33431223034858704 -0.3675440847873688 0.8678402304649353 
vn 0.3351278603076935 -0.3564346730709076 0.872148871421814 
vn 0.3371075987815857 -0.33310967683792114 0.8805659413337708 
vn 0.33484333753585815 -0.2776905596256256 0.9004265069961548 
vn 0.3283870816230774 -0.2199869304895401 0.9185682535171509 
vn 0.3214206099510193 -0.159554585814476 0.933397650718689 
vn 0.29078176617622375 -0.11739334464073181 0.949560284614563 
vn 0.2833234965801239 -0.08889331668615341 0.9548956751823425 
vn 0.27955693006515503 -0.05225824564695358 0.9587059020996094 
vn 0.2708718478679657 -0.022544411942362785 0.962351381778717 
vn 0.2587362825870514 0.015000071376562119 0.9658315181732178 
vn 0.24788197875022888 0.05960787832736969 0.9669547080993652 
vn 0.23816697299480438 0.10220550000667572 0.9658315181732178 
vn 0.22250203788280487 0.14867110550403595 0.9635298252105713 
vn 0.20995734632015228 0.19798876345157623 0.9574540853500366 
vn 0.19217927753925323 0.25302132964134216 0.9481810927391052 
vn 0.17301563918590546 0.3097122311592102 0.9349566102027893 
vn 0.15583467483520508 0.3676054775714874 0.916832447052002 
vn 0.13184328377246857 0.43503472208976746 0.8907088041305542 
vn 0.10106661170721054 0.5056821703910828 0.8567795157432556 
vn 0.06950534135103226 0.5772347450256348 0.8136147856712341 
vn 0.0320073664188385 0.6527245044708252 0.7569189071655273 
vn -0.0018850171472877264 0.7140216827392578 0.7001210451126099 
vn -0.02261446788907051 0.7580075860023499 0.651853621006012 
vn -0.035791900008916855 0.7825676798820496 0.6215357780456543 
vn -0.12386918067932129 0.7652106285095215 0.6317508816719055 
vn -0.14049580693244934 0.7509830594062805 0.6452018022537231 
vn -0.2228398323059082 0.7248650193214417 0.651853621006012 
vn -0.1181567907333374 0.725542426109314 0.677958071231842 
vn -0.09399763494729996 0.682679295539856 0.7246471047401428 
vn -0.06015189364552498 0.6203362345695496 0.7820260524749756 
vn -0.01882418990135193 0.5486451983451843 0.8358433246612549 
vn 0.020683296024799347 0.4773187041282654 0.8784868121147156 
vn 0.050625067204236984 0.4121367037296295 0.9097144603729248 
vn 0.08208511769771576 0.3451349437236786 0.9349566102027893 
vn 0.10852233320474625 0.2853340208530426 0.9522643685340881 
vn 0.12951672077178955 0.22934436798095703 0.9646899104118347 
vn 0.15153245627880096 0.1779986470937729 0.9722933769226074 
vn 0.17175813019275665 0.132187619805336 0.976230263710022 
vn 0.1891700029373169 0.086951345205307 0.9780870079994202 
vn 0.2077207863330841 0.044663578271865845 0.9771679639816284 
vn 0.22087183594703674 0.0075043924152851105 0.9752739667892456 
vn 0.23611442744731903 -0.029979679733514786 0.9712626934051514 
vn 0.24601605534553528 -0.06689303368330002 0.9669547080993652 
vn 0.2544008791446686 -0.09570784866809845 0.962351381778717 
vn 0.2653804421424866 -0.12363386899232864 0.9561840295791626 
vn 0.29520168900489807 -0.16537471115589142 0.9410139322280884 
vn 0.31436797976493835 -0.21910226345062256 0.9236704111099243 
vn 0.3253324329853058 -0.2828071713447571 0.9023185968399048 
vn 0.33239081501960754 -0.33239081501960754 0.882628321647644 
vn 0.3351278603076935 -0.3564346730709076 0.872148871421814 
vn 0.33431223034858704 -0.3675440847873688 0.8678402304649353 
vn 0.34040766954421997 -0.3923282325267792 0.8545181155204773 
vn 0.3475210666656494 -0.46166276931762695 0.8161473870277405 
vn 0.3578231632709503 -0.6071948409080505 0.7094202041625977 
vn 0.3217742443084717 -0.8926483988761902 0.31565824151039124 
vn 0.20233950018882751 -0.9591935873031616 -0.1975002884864807 
vn 0.13734574615955353 -0.9142462611198425 -0.3811691105365753 
vn 0.12797698378562927 -0.899749219417572 -0.417220801115036 
vn 0.12797698378562927 -0.899749219417572 -0.417220801115036 
vn 0.12797698378562927 -0.899749219417572 -0.417220801115036 
vn 0.12797698378562927 -0.899749219417572 -0.417220801115036 
vn 0.13348893821239471 -0.8970962166786194 -0.42118772864341736 
vn 0.13348893821239471 -0.8970962166786194 -0.42118772864341736 
vn 0.13348893821239471 -0.8970962166786194 -0.42118772864341736 
vn 0.13348893821239471 -0.8970962166786194 -0.42118772864341736 
vn 0.1503250002861023 -0.9105050563812256 -0.3852050006389618 
vn 0.20615798234939575 -0.956576406955719 -0.2060592919588089 
vn 0.3325484097003937 -0.891596794128418 0.30735430121421814 
vn 0.3646030128002167 -0.613917887210846 0.7001210451126099 
vn 0.3523159325122833 -0.4624980390071869 0.8136147856712341 
vn 0.34040766954421997 -0.3923282325267792 0.8545181155204773 
vn 0.3398384153842926 -0.3624405860900879 0.8678402304649353 
vn 0.3351278603076935 -0.3564346730709076 0.872148871421814 
vn 0.3270205855369568 -0.3376756012439728 0.882628321647644 
vn 0.31539756059646606 -0.2821270823478699 0.9060511589050293 
vn 0.3003356456756592 -0.22472156584262848 0.926983654499054 
vn 0.2775222957134247 -0.171055868268013 0.9453682899475098 
vn 0.23996515572071075 -0.13637675344944 0.961154580116272 
vn 0.2258915901184082 -0.10878366231918335 0.9680594801902771 
vn 0.21036396920681 -0.08055062592029572 0.9742990136146545 
vn 0.19721288979053497 -0.05187339335680008 0.9789873361587524 
vn 0.1818709671497345 -0.014971313998103142 0.983208417892456 
vn 0.16375769674777985 0.022344039753079414 0.9862475395202637 
vn 0.1424940675497055 0.0650748610496521 0.9876541495323181 
vn 0.12330571562051773 0.10346578061580658 0.986960232257843 
vn 0.10079894959926605 0.15212087333202362 0.983208417892456 
vn 0.06981504708528519 0.20518353581428528 0.976230263710022 
vn 0.03924565017223358 0.25618207454681396 0.9658315181732178 
vn 0.011255311779677868 0.3175310790538788 0.9481810927391052 
vn -0.028155367821455002 0.3781016170978546 0.9253358840942383 
vn -0.06561343371868134 0.4419291317462921 0.8946471214294434 
vn -0.10483291745185852 0.5125391483306885 0.8522403836250305 
vn -0.15109267830848694 0.5796713829040527 0.8007197380065918 
vn -0.18971595168113708 0.6424621939659119 0.7424622178077698 
vn -0.21872062981128693 0.6829054951667786 0.6969945430755615 
vn -0.23365336656570435 0.7093456387519836 0.6650074124336243 
vn -0.3208344578742981 0.6711841225624084 0.6682642698287964 
vn -0.33069974184036255 0.6531875133514404 0.681163489818573 
vn -0.4101603031158447 0.6100339293479919 0.677958071231842 
vn -0.3147457540035248 0.6306013464927673 0.7094202041625977 
vn -0.2823340892791748 0.5893735885620117 0.7569189071655273 
vn -0.23934201896190643 0.5298550128936768 0.8136147856712341 
vn -0.18722935020923615 0.464301735162735 0.865661084651947 
vn -0.13862043619155884 0.39981958270072937 0.9060511589050293 
vn -0.0946892723441124 0.3376474678516388 0.9364978075027466 
vn -0.05594372749328613 0.2788427770137787 0.9587059020996094 
vn -0.020611049607396126 0.2200360745191574 0.9752739667892456 
vn 0.011247229762375355 0.16920937597751617 0.9855159521102905 
vn 0.047421395778656006 0.12180086225271225 0.991421103477478 
vn 0.07441036403179169 0.07967404276132584 0.9940398335456848 
vn 0.09807363152503967 0.036579571664333344 0.9945066571235657 
vn 0.12203799933195114 0 0.9925254583358765 
vn 0.143363356590271 -0.03680945560336113 0.9889853596687317 
vn 0.16567537188529968 -0.06559551507234573 0.9839963912963867 
vn 0.18244408071041107 -0.10029948502779007 0.9780870079994202 
vn 0.19990159571170807 -0.12118151783943176 0.9722933769226074 
vn 0.21308565139770508 -0.15481577813625336 0.9646899104118347 
vn 0.25457632541656494 -0.18310143053531647 0.949560284614563 
vn 0.2864193618297577 -0.22944112122058868 0.9302261471748352 
vn 0.305587500333786 -0.2869657576084137 0.9078915119171143 
vn 0.3276578485965729 -0.33165135979652405 0.8846737742424011 
vn 0.3351278603076935 -0.3564346730709076 0.872148871421814 
vn 0.3398384153842926 -0.3624405860900879 0.8678402304649353 
vn 0.3450259268283844 -0.39818114042282104 0.8499464392662048 
vn 0.36329904198646545 -0.4763000011444092 0.8007197380065918 
vn 0.3777655363082886 -0.644250214099884 0.6650074124336243 
vn 0.33814552426338196 -0.9088127017021179 0.24437066912651062 
vn 0.21909861266613007 -0.9478074908256531 -0.23163928091526031 
vn 0.15965726971626282 -0.9054614305496216 -0.3932546079158783 
vn 0.15221227705478668 -0.8922341465950012 -0.42514660954475403 
vn 0.15221227705478668 -0.8922341465950012 -0.42514660954475403 
vn 0.15221227705478668 -0.8922341465950012 -0.42514660954475403 
vn 0.15221227705478668 -0.8922341465950012 -0.42514660954475403 
vn 0.24060773849487305 -0.8626963496208191 -0.44481781125068665 
vn 0.24060773849487305 -0.8626963496208191 -0.44481781125068665 
vn 0.24435031414031982 -0.8596144914627075 -0.4487268626689911 
vn 0.24435031414031982 -0.8596144914627075 -0.4487268626689911 
vn 0.25516772270202637 -0.8684121966362 -0.42514660954475403 
vn 0.3022422194480896 -0.9008948802947998 -0.31150925159454346 
vn 0.4069538414478302 -0.9109384417533875 0.06767380982637405 
vn 0.43234193325042725 -0.7111138701438904 0.5544344186782837 
vn 0.39275363087654114 -0.5097811818122864 0.7654199600219727 
vn 0.35358327627182007 -0.4054442048072815 0.8429672718048096 
vn 0.33906784653663635 -0.3683258593082428 0.865661084651947 
vn 0.3351278603076935 -0.3564346730709076 0.872148871421814 
vn 0.32225844264030457 -0.3369002342224121 0.8846737742424011 
vn 0.2956019341945648 -0.2916145622730255 0.9097144603729248 
vn 0.26667290925979614 -0.24011337757110596 0.933397650718689 
vn 0.23545770347118378 -0.19429942965507507 0.9522643685340881 
vn 0.19368083775043488 -0.16578994691371918 0.9669547080993652 
vn 0.1725580394268036 -0.14479339122772217 0.9742990136146545 
vn 0.15005137026309967 -0.1182909607887268 0.9815762042999268 
vn 0.13238902390003204 -0.0915566086769104 0.986960232257843 
vn 0.1077919602394104 -0.05722032114863396 0.9925254583358765 
vn 0.08229118585586548 -0.029075326398015022 0.9961841106414795 
vn 0.05630545690655708 0.007259785197675228 0.9983872175216675 
vn 0.029306560754776 0.04344876483082771 0.9986256957054138 
vn -0.003704126225784421 0.08719801157712936 0.9961841106414795 
vn -0.04235386475920677 0.1327737420797348 0.9902410507202148 
vn -0.07991489768028259 0.1782650202512741 0.9807319641113281 
vn -0.12291473150253296 0.23294933140277863 0.9646899104118347 
vn -0.16712650656700134 0.2894715964794159 0.9424833655357361 
vn -0.21439939737319946 0.34626689553260803 0.913308322429657 
vn -0.26392698287963867 0.41194528341293335 0.872148871421814 
vn -0.31940311193466187 0.47293585538864136 0.8211658596992493 
vn -0.36221712827682495 0.531912624835968 0.7654199600219727 
vn -0.396476686000824 0.5713352560997009 0.7185974717140198 
vn -0.4160739481449127 0.5951282382011414 0.6875353455543518 
vn -0.4917566478252411 0.5423943996429443 0.681163489818573 
vn -0.49989053606987 0.5225329995155334 0.6907016038894653 
vn -0.5708455443382263 0.46315035223960876 0.677958071231842 
vn -0.47669345140457153 0.5020106434822083 0.7216291427612305 
vn -0.4459694027900696 0.4592846930027008 0.7682244777679443 
vn -0.39360684156417847 0.4082545340061188 0.8236515522003174 
vn -0.3385564684867859 0.34787517786026 0.87427818775177 
vn -0.2831573188304901 0.2871447503566742 0.9150791168212891 
vn -0.2285216599702835 0.23250073194503784 0.9453682899475098 
vn -0.18093909323215485 0.17960962653160095 0.9669547080993652 
vn -0.13273273408412933 0.1314113289117813 0.9824016690254211 
vn -0.0887012779712677 0.09001309424638748 0.9919826984405518 
vn -0.053775470703840256 0.044583484530448914 0.9975572824478149 
vn -0.016146345064044 0.006688034627586603 0.9998472929000854 
vn 0.01826169155538082 -0.024529708549380302 0.9995322823524475 
vn 0.046270035207271576 -0.058020785450935364 0.9972425103187561 
vn 0.0798606351017952 -0.08646152913570404 0.9930492043495178 
vn 0.10258409380912781 -0.1183883547782898 0.9876541495323181 
vn 0.1296992003917694 -0.14030781388282776 0.9815762042999268 
vn 0.14600864052772522 -0.16589805483818054 0.9752739667892456 
vn 0.17281726002693176 -0.18743737041950226 0.9669547080993652 
vn 0.22072991728782654 -0.20480743050575256 0.953589141368866 
vn 0.2561225891113281 -0.24547362327575684 0.9349566102027893 
vn 0.29013490676879883 -0.2914666533470154 0.9115201234817505 
vn 0.32225844264030457 -0.3369002342224121 0.8846737742424011 
vn 0.3351278603076935 -0.3564346730709076 0.872148871421814 
vn 0.33906784653663635 -0.3683258593082428 0.865661084651947 
vn 0.37237611413002014 -0.40831270813941956 0.8334367275238037 
vn 0.4528304934501648 -0.519452691078186 0.7246471047401428 
vn 0.5886059403419495 -0.7017991542816162 0.401274174451828 
vn 0.6186617612838745 -0.7757773399353027 -0.1242060661315918 
vn 0.5662504434585571 -0.722176194190979 -0.3972681760787964 
vn 0.533924400806427 -0.69892418384552 -0.4758462607860565 
vn 0.5248098373413086 -0.697911262512207 -0.48733407258987427 
vn 0.5187501907348633 -0.7024270296096802 -0.48733407258987427 
vn 0.5187501907348633 -0.7024270296096802 -0.48733407258987427 
vn 0.5126516819000244 -0.7068902254104614 -0.48733407258987427 
vn 0.7396314144134521 -0.4720677435398102 -0.4796847105026245 
vn 0.7396314144134521 -0.4720677435398102 -0.4796847105026245 
vn 0.742124617099762 -0.4720395803451538 -0.4758462607860565 
vn 0.7461490035057068 -0.4656521677970886 -0.4758462607860565 
vn 0.7491451501846313 -0.47247079014778137 -0.4642767012119293 
vn 0.7768605947494507 -0.5131242275238037 -0.3649536371231079 
vn 0.8052185773849487 -0.592491090297699 -0.024029340595006943 
vn 0.649703323841095 -0.5670560598373413 0.5062933564186096 
vn 0.47171178460121155 -0.45704174041748047 0.7540562748908997 
vn 0.3749306797981262 -0.3909015655517578 0.8406086564064026 
vn 0.3398384153842926 -0.3624405860900879 0.8678402304649353 
vn 0.3351278603076935 -0.3564346730709076 0.872148871421814 
vn 0.31677499413490295 -0.34206125140190125 0.8846737742424011 
vn 0.2792642414569855 -0.3018982708454132 0.9115201234817505 
vn 0.2399820238351822 -0.26127517223358154 0.9349566102027893 
vn 0.19906504452228546 -0.22033458948135376 0.9548956751823425 
vn 0.1556563526391983 -0.20722106099128723 0.9658315181732178 
vn 0.12843507528305054 -0.18505629897117615 0.9742990136146545 
vn 0.09983166307210922 -0.1679239273071289 0.9807319641113281 
vn 0.07721662521362305 -0.14123405516147614 0.986960232257843 
vn 0.04878923296928406 -0.11657565832138062 0.9919826984405518 
vn 0.01832805946469307 -0.08977676928043365 0.9957932829856873 
vn -0.021631285548210144 -0.06181865930557251 0.9978529810905457 
vn -0.055455323308706284 -0.03484489023685455 0.9978529810905457 
vn -0.09590646624565125 0.003721607616171241 0.9953833818435669 
vn -0.13787032663822174 0.040482379496097565 0.9896226525306702 
vn -0.18426451086997986 0.07683299481868744 0.97986900806427 
vn -0.23294933140277863 0.12291473150253296 0.9646899104118347 
vn -0.28465285897254944 0.1752079874277115 0.9424833655357361 
vn -0.34466832876205444 0.22435422241687775 0.9115201234817505 
vn -0.40362226963043213 0.27648767828941345 0.872148871421814 
vn -0.4663606584072113 0.33510640263557434 0.8186644315719604 
vn -0.5161460638046265 0.3899143934249878 0.762600839138031 
vn -0.5536240339279175 0.4208540618419647 0.7185974717140198 
vn -0.573887288570404 0.4449140131473541 0.6875353455543518 
vn -0.6375958919525146 0.37755531072616577 0.6715083718299866 
vn -0.642496645450592 0.3571707010269165 0.677958071231842 
vn -0.6974384784698486 0.2904200553894043 0.6551609039306641 
vn -0.619272768497467 0.3364880681037903 0.7094202041625977 
vn -0.5835862159729004 0.30137401819229126 0.7540562748908997 
vn -0.5265573859214783 0.2547708749771118 0.8110666871070862 
vn -0.4625183641910553 0.20125693082809448 0.8634653687477112 
vn -0.39962270855903625 0.15078385174274445 0.9041935205459595 
vn -0.339211642742157 0.10388239473104477 0.9349566102027893 
vn -0.28152841329574585 0.06343017518520355 0.9574540853500366 
vn -0.22840827703475952 0.02249625138938427 0.9733054637908936 
vn -0.17756344377994537 -0.014910419471561909 0.9839963912963867 
vn -0.1309606432914734 -0.04766577482223511 0.9902410507202148 
vn -0.08771771192550659 -0.07847878336906433 0.9930492043495178 
vn -0.052266690880060196 -0.105458565056324 0.9930492043495178 
vn -0.011185226030647755 -0.1302272230386734 0.991421103477478 
vn 0.022351939231157303 -0.15068453550338745 0.9883291721343994 
vn 0.0535329207777977 -0.17445749044418335 0.983208417892456 
vn 0.07837671041488647 -0.19288058578968048 0.9780870079994202 
vn 0.10688091069459915 -0.21266233921051025 0.9712626934051514 
vn 0.13596142828464508 -0.23048806190490723 0.9635298252105713 
vn 0.1818120926618576 -0.24002529680728912 0.953589141368866 
vn 0.2286769598722458 -0.27122488617897034 0.9349566102027893 
vn 0.2793327569961548 -0.3072340488433838 0.9097144603729248 
vn 0.31677499413490295 -0.34206125140190125 0.8846737742424011 
vn 0.3351278603076935 -0.3564346730709076 0.872148871421814 
vn 0.3398384153842926 -0.3624405860900879 0.8678402304649353 
vn 0.37183475494384766 -0.37848615646362305 0.8476362228393555 
vn 0.44846266508102417 -0.4178260564804077 0.790128231048584 
vn 0.6086626052856445 -0.48883935809135437 0.6249527335166931 
vn 0.8309706449508667 -0.5356637239456177 0.15017375349998474 
vn 0.8387867212295532 -0.4494108557701111 -0.30735430121421814 
vn 0.8032116889953613 -0.4005720317363739 -0.4409002661705017 
vn 0.7968055605888367 -0.38671445846557617 -0.4642767012119293 
vn 0.7968055605888367 -0.38671445846557617 -0.4642767012119293 
vn 0.7968055605888367 -0.38671445846557617 -0.4642767012119293 
vn 0.7968055605888367 -0.38671445846557617 -0.4642767012119293 
vn 0.803283154964447 -0.3730728030204773 -0.4642767012119293 
vn 0.803283154964447 -0.3730728030204773 -0.4642767012119293 
vn 0.805335521697998 -0.37344932556152344 -0.46040233969688416 
vn 0.805335521697998 -0.37344932556152344 -0.46040233969688416 
vn 0.8139734864234924 -0.38719964027404785 -0.43303996324539185 
vn 0.8573824167251587 -0.44342759251594543 -0.2612801790237427 
vn 0.8172293305397034 -0.5219379663467407 0.24437066912651062 
vn 0.573211669921875 -0.46021872758865356 0.677958071231842 
vn 0.43300384283065796 -0.40372541546821594 0.8059239983558655 
vn 0.3672481179237366 -0.37257903814315796 0.8522403836250305 
vn 0.3398384153842926 -0.3624405860900879 0.8678402304649353 
vn 0.3351278603076935 -0.3564346730709076 0.872148871421814 
vn 0.31602954864501953 -0.3479836583137512 0.882628321647644 
vn 0.2729666531085968 -0.3181544542312622 0.9078915119171143 
vn 0.2228950411081314 -0.2812235355377197 0.933397650718689 
vn 0.16858148574829102 -0.2594778835773468 0.9509214162826538 
vn 0.12012295424938202 -0.2531537711620331 0.9599394202232361 
vn 0.090135358273983 -0.23848310112953186 0.9669547080993652 
vn 0.05929531157016754 -0.22611871361732483 0.9722933769226074 
vn 0.02794690988957882 -0.2063123732805252 0.9780870079994202 
vn -0.005605412181466818 -0.18669627606868744 0.9824016690254211 
vn -0.040775056928396225 -0.16903893649578094 0.9847655892372131 
vn -0.07386605441570282 -0.14785008132457733 0.9862475395202637 
vn -0.11892485618591309 -0.12686073780059814 0.9847655892372131 
vn -0.16291490197181702 -0.0998343750834465 0.9815762042999268 
vn -0.21411758661270142 -0.06996472179889679 0.9742990136146545 
vn -0.26497337222099304 -0.037408024072647095 0.9635298252105713 
vn -0.32184848189353943 -0.00375896948389709 0.946783721446991 
vn -0.3813428282737732 0.037558987736701965 0.9236704111099243 
vn -0.4477046728134155 0.07872984558343887 0.8907088041305542 
vn -0.511420488357544 0.1266498863697052 0.8499464392662048 
vn -0.5777375102043152 0.17106810212135315 0.7980946898460388 
vn -0.636718213558197 0.21837587654590607 0.7395281791687012 
vn -0.6749508380889893 0.2510119676589966 0.6938546895980835 
vn -0.6998255848884583 0.26897427439689636 0.661737859249115 
vn -0.747685432434082 0.19384028017520905 0.6351318359375 
vn -0.7464430332183838 0.1756187528371811 0.641857385635376 
vn -0.7858511209487915 0.09410393983125687 0.6112139225006104 
vn -0.7249088287353516 0.15356983244419098 0.6715083718299866 
vn -0.6836666464805603 0.1273486167192459 0.7185974717140198 
vn -0.6211718916893005 0.08272983133792877 0.7792953848838806 
vn -0.554976761341095 0.03763318806886673 0.8310141563415527 
vn -0.48541060090065 0.0037654147017747164 0.87427818775177 
vn -0.41751766204833984 -0.037577271461486816 0.9078915119171143 
vn -0.3558994233608246 -0.0710325762629509 0.931820809841156 
vn -0.2960757911205292 -0.10331685096025467 0.949560284614563 
vn -0.2405397742986679 -0.12657180428504944 0.962351381778717 
vn -0.19056300818920135 -0.14957135915756226 0.9702134728431702 
vn -0.14335425198078156 -0.1737554520368576 0.9742990136146545 
vn -0.0973946750164032 -0.1936199963092804 0.976230263710022 
vn -0.06269130110740662 -0.20747102797031403 0.976230263710022 
vn -0.02249625138938427 -0.22840827703475952 0.9733054637908936 
vn 0.013115238398313522 -0.2418963462114334 0.9702134728431702 
vn 0.04664585366845131 -0.2549384832382202 0.9658315181732178 
vn 0.07234286516904831 -0.26636141538619995 0.961154580116272 
vn 0.11015031486749649 -0.27575555443763733 0.9548956751823425 
vn 0.15451264381408691 -0.27763015031814575 0.9481810927391052 
vn 0.20989637076854706 -0.30103620886802673 0.9302261471748352 
vn 0.2672114968299866 -0.32300320267677307 0.9078915119171143 
vn 0.31602954864501953 -0.3479836583137512 0.882628321647644 
vn 0.3351278603076935 -0.3564346730709076 0.872148871421814 
vn 0.3398384153842926 -0.3624405860900879 0.8678402304649353 
vn 0.3625936508178711 -0.37192025780677795 0.8545181155204773 
vn 0.42928898334503174 -0.3973434865474701 0.8110666871070862 
vn 0.5596345067024231 -0.45318305492401123 0.6938546895980835 
vn 0.8096208572387695 -0.5146051645278931 0.28230419754981995 
vn 0.8635610342025757 -0.44339513778686523 -0.2401314377784729 
vn 0.8191172480583191 -0.3806867301464081 -0.42909738421440125 
vn 0.808485746383667 -0.36657941341400146 -0.46040233969688416 
vn 0.808485746383667 -0.36657941341400146 -0.46040233969688416 
vn 0.808485746383667 -0.36657941341400146 -0.46040233969688416 
vn 0.808485746383667 -0.36657941341400146 -0.46040233969688416 
vn 0.8115773797035217 -0.35968291759490967 -0.46040233969688416 
vn 0.8115773797035217 -0.35968291759490967 -0.46040233969688416 
vn 0.8115773797035217 -0.35968291759490967 -0.46040233969688416 
vn 0.8115773797035217 -0.35968291759490967 -0.46040233969688416 
vn 0.8243964314460754 -0.3736587166786194 -0.42514660954475403 
vn 0.8691588640213013 -0.4299370050430298 -0.24437066912651062 
vn 0.8190028667449951 -0.5018855929374695 0.2781098484992981 
vn 0.5715692639350891 -0.447888046503067 0.6875353455543518 
vn 0.42928898334503174 -0.3973434865474701 0.8110666871070862 
vn 0.3672481179237366 -0.37257903814315796 0.8522403836250305 
vn 0.3398384153842926 -0.3624405860900879 0.8678402304649353 
vn 0.3351278603076935 -0.3564346730709076 0.872148871421814 
vn 0.31602954864501953 -0.3479836583137512 0.882628321647644 
vn 0.2604624032974243 -0.3335126042366028 0.9060511589050293 
vn 0.2078080177307129 -0.31227728724479675 0.926983654499054 
vn 0.1505727916955948 -0.2984173595905304 0.9424833655357361 
vn 0.09803231805562973 -0.30657827854156494 0.946783721446991 
vn 0.06700348109006882 -0.2935614287853241 0.953589141368866 
vn 0.03191077709197998 -0.286815881729126 0.9574540853500366 
vn -0.0018768537556752563 -0.27600428462028503 0.961154580116272 
vn -0.037408024072647095 -0.26497337222099304 0.9635298252105713 
vn -0.07420507073402405 -0.2527192533016205 0.9646899104118347 
vn -0.11610768735408783 -0.24110010266304016 0.9635298252105713 
vn -0.16314470767974854 -0.22263355553150177 0.961154580116272 
vn -0.21522101759910583 -0.2045828402042389 0.9548956751823425 
vn -0.2672262191772461 -0.18673215806484222 0.9453682899475098 
vn -0.3241281807422638 -0.1632511466741562 0.931820809841156 
vn -0.3824206590652466 -0.14007966220378876 0.913308322429657 
vn -0.4486273527145386 -0.1117691844701767 0.8867024183273315 
vn -0.5165910720825195 -0.08258329331874847 0.8522403836250305 
vn -0.586457371711731 -0.048893529921770096 0.8085030317306519 
vn -0.6567123532295227 -0.011316235177218914 0.7540562748908997 
vn -0.7194833755493164 0.03015528805553913 0.6938546895980835 
vn -0.7619225382804871 0.05646844208240509 0.6452018022537231 
vn -0.7855340838432312 0.07156495004892349 0.6146662831306458 
vn -0.8148743510246277 -0.0037702820263803005 0.5796254277229309 
vn -0.8119141459465027 -0.026382876560091972 0.5831804275512695 
vn -0.8323034048080444 -0.10909916460514069 0.5434780716896057 
vn -0.787696361541748 -0.04147026315331459 0.6146662831306458 
vn -0.7437524199485779 -0.06780461221933365 0.6650074124336243 
vn -0.6810439229011536 -0.10519369691610336 0.7246471047401428 
vn -0.6085627675056458 -0.134486585855484 0.7820260524749756 
vn -0.5392964482307434 -0.16334779560565948 0.8261215686798096 
vn -0.46831873059272766 -0.18736368417739868 0.8634653687477112 
vn -0.40128669142723083 -0.21355760097503662 0.8907088041305542 
vn -0.34050095081329346 -0.23062998056411743 0.9115201234817505 
vn -0.2788388431072235 -0.2508987486362457 0.926983654499054 
vn -0.22652670741081238 -0.26768922805786133 0.9364978075027466 
vn -0.1779075562953949 -0.2780933082103729 0.9439348578453064 
vn -0.12763088941574097 -0.2909691035747528 0.9481810927391052 
vn -0.09060888737440109 -0.2958690822124481 0.9509214162826538 
vn -0.04673699662089348 -0.3058825433254242 0.9509214162826538 
vn -0.011277965269982815 -0.3133816421031952 0.949560284614563 
vn 0.024410396814346313 -0.3209434449672699 0.946783721446991 
vn 0.05979221314191818 -0.3246719539165497 0.9439348578453064 
vn 0.09287140518426895 -0.3296436369419098 0.9395264387130737 
vn 0.1406826674938202 -0.3212168216705322 0.9364978075027466 
vn 0.2002151608467102 -0.3267214596271515 0.9236704111099243 
vn 0.2603886127471924 -0.33857324719429016 0.9041935205459595 
vn 0.3104115128517151 -0.35300421714782715 0.882628321647644 
vn 0.3351278603076935 -0.3564346730709076 0.872148871421814 
vn 0.34528666734695435 -0.3572540283203125 0.8678402304649353 
vn 0.37783461809158325 -0.36719489097595215 0.8499464392662048 
vn 0.451261043548584 -0.39396873116493225 0.8007197380065918 
vn 0.6075493097305298 -0.44420716166496277 0.6584556698799133 
vn 0.847533643245697 -0.4835115969181061 0.21886809170246124 
vn 0.8753190040588379 -0.4095568060874939 -0.25706008076667786 
vn 0.8334908485412598 -0.3529070317745209 -0.42514660954475403 
vn 0.8198032975196838 -0.34570619463920593 -0.456519216299057 
vn 0.8198032975196838 -0.34570619463920593 -0.456519216299057 
vn 0.8198032975196838 -0.34570619463920593 -0.456519216299057 
vn 0.8198032975196838 -0.34570619463920593 -0.456519216299057 
vn 0.8608798980712891 -0.2606515884399414 -0.43697428703308105 
vn 0.863038957118988 -0.25341111421585083 -0.43697428703308105 
vn 0.863038957118988 -0.25341111421585083 -0.43697428703308105 
vn 0.8651371598243713 -0.24615274369716644 -0.43697428703308105 
vn 0.8743856549263 -0.26067882776260376 -0.40926313400268555 
vn 0.9105088710784912 -0.28988680243492126 -0.2948545813560486 
vn 0.919633150100708 -0.38245657086372375 0.08945280313491821 
vn 0.7097545266151428 -0.41050276160240173 0.5724822878837585 
vn 0.5025439858436584 -0.38561558723449707 0.7737894654273987 
vn 0.38698869943618774 -0.3683626651763916 0.8453097939491272 
vn 0.34528666734695435 -0.3572540283203125 0.8678402304649353 
vn 0.3351278603076935 -0.3564346730709076 0.872148871421814 
vn 0.3104115128517151 -0.35300421714782715 0.882628321647644 
vn 0.25337642431259155 -0.3487427234649658 0.9023185968399048 
vn 0.19763116538524628 -0.3423072397708893 0.9185682535171509 
vn 0.13739827275276184 -0.3402954638004303 0.9302261471748352 
vn 0.08740489184856415 -0.3564262390136719 0.9302261471748352 
vn 0.05242098867893219 -0.3549942374229431 0.933397650718689 
vn 0.022576309740543365 -0.3540429174900055 0.9349566102027893 
vn -0.0131568294018507 -0.3504265546798706 0.9364978075027466 
vn -0.05058261379599571 -0.3470061421394348 0.9364978075027466 
vn -0.0966590940952301 -0.34134015440940857 0.9349566102027893 
vn -0.13408896327018738 -0.33723902702331543 0.931820809841156 
vn -0.18521900475025177 -0.330828458070755 0.9253358840942383 
vn -0.237420454621315 -0.3210136592388153 0.916832447052002 
vn -0.29189226031303406 -0.3118220269680023 0.9041935205459595 
vn -0.348740816116333 -0.3035435676574707 0.8867024183273315 
vn -0.41503751277923584 -0.28665563464164734 0.8634653687477112 
vn -0.4797523617744446 -0.26683998107910156 0.8358433246612549 
vn -0.5487922430038452 -0.2487407773733139 0.7980946898460388 
vn -0.6217098832130432 -0.22182564437389374 0.7511792182922363 
vn -0.6957463622093201 -0.19715045392513275 0.6907016038894653 
vn -0.7602919340133667 -0.16468961536884308 0.6283578276634216 
vn -0.8016525506973267 -0.1462448686361313 0.5796254277229309 
vn -0.8242180943489075 -0.1314982920885086 0.5507928133010864 
vn -0.8366032838821411 -0.20919354259967804 0.5062933564186096 
vn -0.8285096287727356 -0.23111505806446075 0.5100564956665039 
vn -0.8330216407775879 -0.3067648112773895 0.46040233969688416 
vn -0.8063257336616516 -0.24176271259784698 0.5398051738739014 
vn -0.7619171738624573 -0.2666063606739044 0.590256929397583 
vn -0.6974384784698486 -0.2904200553894043 0.6551609039306641 
vn -0.6246311664581299 -0.31276386976242065 0.715552031993866 
vn -0.5522173047065735 -0.3304366171360016 0.7654199600219727 
vn -0.4826813042163849 -0.3488272428512573 0.8033295273780823 
vn -0.4151064455509186 -0.3592388331890106 0.8358433246612549 
vn -0.35397061705589294 -0.36462005972862244 0.8612531423568726 
vn -0.29506537318229675 -0.3708639144897461 0.8805659413337708 
vn -0.24053584039211273 -0.3764956593513489 0.8946471214294434 
vn -0.1870131641626358 -0.38400542736053467 0.9041935205459595 
vn -0.14203327894210815 -0.3859502971172333 0.9115201234817505 
vn -0.09513001888990402 -0.3877738118171692 0.916832447052002 
vn -0.054326701909303665 -0.3874548375606537 0.9202865362167358 
vn -0.016942566260695457 -0.3868493437767029 0.9219872951507568 
vn 0.02070431597530842 -0.38666626811027527 0.9219872951507568 
vn 0.05069795623421669 -0.3838869333267212 0.9219872951507568 
vn 0.13105984032154083 -0.3643662929534912 0.9219872951507568 
vn 0.19198961555957794 -0.3726567327976227 0.9078915119171143 
vn 0.25391700863838196 -0.3770464360713959 0.8907088041305542 
vn 0.31434565782546997 -0.36486414074897766 0.8763908743858337 
vn 0.3351278603076935 -0.3564346730709076 0.872148871421814 
vn 0.33986905217170715 -0.3571891188621521 0.8700028657913208 
vn 0.37587666511535645 -0.3306775987148285 0.865661084651947 
vn 0.480898916721344 -0.23278215527534485 0.8453097939491272 
vn 0.655586302280426 0.17891795933246613 0.7336177229881287 
vn 0.5190759301185608 0.6215422749519348 0.5867242813110352 
vn 0.3717495799064636 0.8371267914772034 0.401274174451828 
vn 0.3128376007080078 0.9042343497276306 0.29067665338516235 
vn 0.2950557470321655 0.9178531169891357 0.26549527049064636 
vn 0.28606289625167847 0.9194710850715637 0.26970529556274414 
vn 0.2698059678077698 0.9231348633766174 0.27391019463539124 
vn 0.17820608615875244 0.9333834052085876 0.31150925159454346 
vn -0.10918661952018738 0.904049813747406 0.41324591636657715 
vn -0.4066789746284485 0.7798605561256409 0.4758462607860565 
vn -0.4981907308101654 0.7171551585197449 0.48733407258987427 
vn -0.5105118751525879 0.7084370851516724 0.48733407258987427 
vn -0.5166155099868774 0.7039985060691833 0.48733407258987427 
vn -0.5226805210113525 0.6995073556900024 0.48733407258987427 
vn -0.5406395196914673 0.6857218146324158 0.48733407258987427 
vn -0.6058553457260132 0.6258722543716431 0.4911448359489441 
vn -0.8003014922142029 0.3794267773628235 0.4642767012119293 
vn -0.9190966486930847 0.08293677866458893 0.3852050006389618 
vn -0.9355392456054688 -0.018867019563913345 0.3527185618877411 
vn -0.9367752075195312 -0.030194716528058052 0.34862664341926575 
vn -0.9376853108406067 -0.045239534229040146 0.34452807903289795 
vn -0.9389936923980713 -0.049021683633327484 0.34042292833328247 
vn -0.9393022060394287 -0.06786810606718063 0.3363112509250641 
vn -0.9423184990882874 -0.15039539337158203 0.2990269064903259 
vn -0.8860743045806885 -0.43389415740966797 0.16312000155448914 
vn -0.7383942008018494 -0.6743374466896057 0.006554040592163801 
vn -0.6701086759567261 -0.7408447861671448 -0.04586252197623253 
vn -0.6585400104522705 -0.7505631446838379 -0.05459024757146835 
vn -0.6526840329170227 -0.7553331255912781 -0.058952588587999344 
vn -0.6467812657356262 -0.7600430250167847 -0.0633138045668602 
vn -0.6369309425354004 -0.7675482034683228 -0.07203252613544464 
vn -0.5687909126281738 -0.8143277168273926 -0.11553031951189041 
vn -0.3043728470802307 -0.9172117114067078 -0.25706008076667786 
vn -0.0018869141349568963 -0.9261600375175476 -0.37712597846984863 
vn 0.10363242775201797 -0.9065120220184326 -0.40926313400268555 
vn 0.11667659878730774 -0.9031137228012085 -0.41324591636657715 
vn 0.12797698378562927 -0.899749219417572 -0.417220801115036 
vn 0.13348893821239471 -0.8970962166786194 -0.42118772864341736 
vn 0.1447620838880539 -0.8934731483459473 -0.42514660954475403 
vn 0.23332345485687256 -0.8646948933601379 -0.44481781125068665 
vn 0.5065147280693054 -0.7113004326820374 -0.48733407258987427 
vn 0.7355409264564514 -0.4784162640571594 -0.4796847105026245 
vn 0.7934797406196594 -0.3934933841228485 -0.4642767012119293 
vn 0.803283154964447 -0.3730728030204773 -0.4642767012119293 
vn 0.808485746383667 -0.36657941341400146 -0.46040233969688416 
vn 0.8115773797035217 -0.35968291759490967 -0.46040233969688416 
vn 0.8198032975196838 -0.34570619463920593 -0.456519216299057 
vn 0.8589418530464172 -0.2604339122772217 -0.4409002661705017 
vn 0.9367752075195312 0.030194716528058052 -0.34862664341926575 
vn 0.9380165934562683 0.03775232285261154 -0.34452807903289795 
vn 0.9380165934562683 0.03775232285261154 -0.34452807903289795 
vn 0.9391800165176392 0.04531164467334747 -0.34042292833328247 
vn 0.9387856125831604 0.052856191992759705 -0.34042292833328247 
vn 0.9446012377738953 0.05284503102302551 -0.3239381015300751 
vn 0.96941739320755 0.022647349163889885 -0.24437066912651062 
vn 0.996263861656189 -0.08295149356126785 0.024029340595006943 
vn 0.833535373210907 -0.25297343730926514 0.4911448359489441 
vn 0.5599188208580017 -0.3305220901966095 0.7597671151161194 
vn 0.40220680832862854 -0.3516830801963806 0.8453097939491272 
vn 0.34528666734695435 -0.3572540283203125 0.8678402304649353 
vn 0.3351278603076935 -0.3564346730709076 0.872148871421814 
vn 0.3095763325691223 -0.3588399291038513 0.8805659413337708 
vn 0.2512500286102295 -0.359917014837265 0.8985171914100647 
vn 0.1948828250169754 -0.35761508345603943 0.913308322429657 
vn 0.2499711513519287 -0.3702983856201172 0.8946471214294434 
vn 0.3095763325691223 -0.3588399291038513 0.8805659413337708 
vn 0.30949723720550537 -0.3639675974845886 0.8784868121147156 
vn 0.3351278603076935 -0.3564346730709076 0.872148871421814 
vn 0.33986905217170715 -0.3571891188621521 0.8700028657913208 
vn 0.37086379528045654 -0.33629003167152405 0.865661084651947 
vn 0.45564383268356323 -0.2789981961250305 0.8453097939491272 
vn 0.6753014922142029 -0.03765459358692169 0.736579954624176 
vn 0.7168160080909729 0.5730207562446594 0.3972681760787964 
vn 0.4373602867126465 0.8405017256736755 0.3198012113571167 
vn 0.32716673612594604 0.9043976664543152 0.27391019463539124 
vn 0.30401620268821716 0.9161369204521179 0.2612801790237427 
vn 0.2950557470321655 0.9178531169891357 0.26549527049064636 
vn 0.28606289625167847 0.9194710850715637 0.26970529556274414 
vn 0.2698059678077698 0.9231348633766174 0.27391019463539124 
vn 0.18561457097530365 0.9319384098052979 0.31150925159454346 
vn -0.09982454031705856 0.891987681388855 0.4409002661705017 
vn -0.3992118239402771 0.7668787837028503 0.5025205612182617 
vn -0.4842381179332733 0.7081756591796875 0.5138099193572998 
vn -0.501907229423523 0.6985209584236145 0.5100564956665039 
vn -0.508826732635498 0.6907204389572144 0.5138099193572998 
vn -0.5148768424987793 0.6862224340438843 0.5138099193572998 
vn -0.5261121988296509 0.6804765462875366 0.5100564956665039 
vn -0.5951966047286987 0.6178514361381531 0.5138099193572998 
vn -0.7889766097068787 0.3691784143447876 0.4911448359489441 
vn -0.9074928164482117 0.07539632171392441 0.41324591636657715 
vn -0.9240128993988037 -0.03017042577266693 0.3811691105365753 
vn -0.9268739223480225 -0.0414641909301281 0.37307560443878174 
vn -0.9279220104217529 -0.05278569459915161 0.3690181374549866 
vn -0.9293051362037659 -0.05657615885138512 0.3649536371231079 
vn -0.9311345219612122 -0.07536302506923676 0.3568037748336792 
vn -0.932846188545227 -0.15767711400985718 0.3239381015300751 
vn -0.8768560886383057 -0.4402173161506653 0.19321508705615997 
vn -0.727638840675354 -0.6849547624588013 0.03713129088282585 
vn -0.6573240160942078 -0.7533515691757202 -0.01966099627315998 
vn -0.6514792442321777 -0.7581347823143005 -0.028397228568792343 
vn -0.6398690938949585 -0.7677851319313049 -0.03276457265019417 
vn -0.6339557766914368 -0.772477388381958 -0.03713129088282585 
vn -0.623967170715332 -0.7798347473144531 -0.05022686347365379 
vn -0.559573769569397 -0.8234549164772034 -0.09380380809307098 
vn -0.2955779433250427 -0.926810085773468 -0.23163928091526031 
vn 0.007549903821200132 -0.9372312426567078 -0.34862664341926575 
vn 0.10739798843860626 -0.9182460308074951 -0.3811691105365753 
vn 0.12428925186395645 -0.9127154350280762 -0.3892335295677185 
vn 0.1373005509376526 -0.9091200828552246 -0.3932546079158783 
vn 0.14476272463798523 -0.9079617857933044 -0.3932546079158783 
vn 0.1540934443473816 -0.9029031991958618 -0.401274174451828 
vn 0.244145467877388 -0.8734952211380005 -0.42118772864341736 
vn 0.5168300867080688 -0.7242077589035034 -0.456519216299057 
vn 0.7437725067138672 -0.49186471104621887 -0.45262736082077026 
vn 0.8051760792732239 -0.4009300470352173 -0.43697428703308105 
vn 0.8117977976799011 -0.38734719157218933 -0.43697428703308105 
vn 0.8150228261947632 -0.380514532327652 -0.43697428703308105 
vn 0.8234467506408691 -0.36662212014198303 -0.43303996324539185 
vn 0.8294737339019775 -0.35277432203292847 -0.43303996324539185 
vn 0.8681257367134094 -0.27492818236351013 -0.41324591636657715 
vn 0.9459576606750488 0.015105800703167915 -0.3239381015300751 
vn 0.9278655052185059 0.31895703077316284 -0.19321508705615997 
vn 0.919744610786438 0.32583215832710266 -0.21886809170246124 
vn 0.9182286858558655 0.33286911249160767 -0.21460255980491638 
vn 0.9182286858558655 0.33286911249160767 -0.21460255980491638 
vn 0.9156287312507629 0.33995553851127625 -0.21460255980491638 
vn 0.9164990186691284 0.34027865529060364 -0.2103329300880432 
vn 0.9220408797264099 0.33291783928871155 -0.1975002884864807 
vn 0.9514883160591125 0.2901098430156708 -0.10250037163496017 
vn 0.9710308313369751 0.1279972940683365 0.2017817199230194 
vn 0.7605513334274292 -0.14984171092510223 0.6317508816719055 
vn 0.5173096060752869 -0.29504650831222534 0.8033295273780823 
vn 0.393560528755188 -0.3389821946620941 0.8545181155204773 
vn 0.3452896773815155 -0.35195180773735046 0.8700028657913208 
vn 0.3351278603076935 -0.3564346730709076 0.872148871421814 
vn 0.3351278603076935 -0.3564346730709076 0.872148871421814 
vn 0.33986905217170715 -0.3571891188621521 0.8700028657913208 
vn 0.36576712131500244 -0.34182649850845337 0.865661084651947 
vn 0.4391898512840271 -0.2976997196674347 0.8476362228393555 
vn 0.6118588447570801 -0.16394707560539246 0.7737894654273987 
vn 0.8721279501914978 0.2964625954627991 0.3892335295677185 
vn 0.670026957988739 0.7260826826095581 0.15449213981628418 
vn 0.4007861316204071 0.8875054121017456 0.22738653421401978 
vn 0.3133038282394409 0.9153770208358765 0.25283506512641907 
vn 0.30401620268821716 0.9161369204521179 0.2612801790237427 
vn 0.2950557470321655 0.9178531169891357 0.26549527049064636 
vn 0.28606289625167847 0.9194710850715637 0.26970529556274414 
vn 0.2698059678077698 0.9231348633766174 0.27391019463539124 
vn 0.19481657445430756 0.9213800430297852 0.3363112509250641 
vn -0.0358000285923481 0.811553418636322 0.5831804275512695 
vn -0.32639116048812866 0.6907846927642822 0.6452018022537231 
vn -0.418353796005249 0.6290821433067322 0.6551609039306641 
vn -0.43573957681655884 0.6241272687911987 0.6485338807106018 
vn -0.44326356053352356 0.622279703617096 0.6452018022537231 
vn -0.44937989115715027 0.6178773045539856 0.6452018022537231 
vn -0.4683910310268402 0.6106772422790527 0.6385006904602051 
vn -0.5288243889808655 0.5474929809570312 0.6485338807106018 
vn -0.7114260196685791 0.3007999062538147 0.6351318359375 
vn -0.8272732496261597 0.01131691224873066 0.5616858005523682 
vn -0.8466793894767761 -0.08658799529075623 0.5250110030174255 
vn -0.8536577820777893 -0.1054074764251709 0.5100564956665039 
vn -0.8571687936782837 -0.11284841597080231 0.5025205612182617 
vn -0.8593785166740417 -0.11282232403755188 0.4987381398677826 
vn -0.8665000200271606 -0.12406420707702637 0.4835140109062195 
vn -0.8617759943008423 -0.2130066603422165 0.46040233969688416 
vn -0.7981634736061096 -0.4942018985748291 0.34452807903289795 
vn -0.6538938879966736 -0.7326183319091797 0.18892620503902435 
vn -0.5901804566383362 -0.7962612509727478 0.1328723281621933 
vn -0.5829359889030457 -0.8036273717880249 0.11986933648586273 
vn -0.5752480626106262 -0.8103867173194885 0.1111890971660614 
vn -0.573642909526825 -0.8126668930053711 0.10250037163496017 
vn -0.5660263299942017 -0.819519579410553 0.08945280313491821 
vn -0.4927019774913788 -0.8684841394424438 0.05459024757146835 
vn -0.23559117317199707 -0.969179093837738 -0.07203252613544464 
vn 0.062262702733278275 -0.9800154566764832 -0.18892620503902435 
vn 0.16530553996562958 -0.9616500735282898 -0.21886809170246124 
vn 0.18194520473480225 -0.9545957446098328 -0.23588760197162628 
vn 0.1857033371925354 -0.9517338275909424 -0.24437066912651062 
vn 0.19127915799617767 -0.9495302438735962 -0.24860523641109467 
vn 0.20978064835071564 -0.9433515667915344 -0.25706008076667786 
vn 0.29181286692619324 -0.9176623821258545 -0.26970529556274414 
vn 0.5631799101829529 -0.7719385623931885 -0.2948545813560486 
vn 0.7869152426719666 -0.546521782875061 -0.2864931523799896 
vn 0.8450615406036377 -0.4566463828086853 -0.2781098484992981 
vn 0.8542498350143433 -0.4365336298942566 -0.28230419754981995 
vn 0.856299102306366 -0.42973652482032776 -0.2864931523799896 
vn 0.8596603274345398 -0.42297258973121643 -0.2864931523799896 
vn 0.8694225549697876 -0.4025246798992157 -0.2864931523799896 
vn 0.9086188077926636 -0.325798362493515 -0.2612801790237427 
vn 0.9858965873718262 -0.05280221998691559 -0.15880759060382843 
vn 0.9685865640640259 0.24650880694389343 -0.03276457265019417 
vn 0.940209150314331 0.3404223620891571 0.010923261754214764 
vn 0.9010450839996338 0.4099847078323364 -0.1415284425020218 
vn 0.8894463181495667 0.4235471785068512 -0.17173540592193604 
vn 0.8901153206825256 0.42386576533317566 -0.16742929816246033 
vn 0.8894463181495667 0.4235471785068512 -0.17173540592193604 
vn 0.8894463181495667 0.4235471785068512 -0.17173540592193604 
vn 0.8894463181495667 0.4235471785068512 -0.17173540592193604 
vn 0.9002609252929688 0.4101918339729309 -0.1458524912595749 
vn 0.9375578761100769 0.347493052482605 -0.0152922747656703 
vn 0.9199656844139099 0.12032343447208405 0.37307560443878174 
vn 0.6523191928863525 -0.17868869006633759 0.736579954624176 
vn 0.4686873257160187 -0.29957908391952515 0.8310141563415527 
vn 0.37999093532562256 -0.33741649985313416 0.8612531423568726 
vn 0.33986905217170715 -0.3571891188621521 0.8700028657913208 
vn 0.37036633491516113 -0.34242719411849976 0.8634653687477112 
vn 0.4349234700202942 -0.30389872193336487 0.8476362228393555 
vn 0.5867521166801453 -0.19975556433200836 0.7847417593002319 
vn 0.8784537315368652 0.12786227464675903 0.46040233969688416 
vn 0.8665342330932617 0.497389554977417 0.04149730131030083 
vn 0.6480443477630615 0.757310152053833 0.08074574917554855 
vn 0.3976050317287445 0.8921076059341431 0.21460255980491638 
vn 0.3133038282394409 0.9153770208358765 0.25283506512641907 
vn 0.30401620268821716 0.9161369204521179 0.2612801790237427 
vn 0.2950557470321655 0.9178531169891357 0.26549527049064636 
vn 0.28606289625167847 0.9194710850715637 0.26970529556274414 
vn 0.28233733773231506 0.9128780961036682 0.2948545813560486 
vn 0.24566194415092468 0.8488186597824097 0.46814218163490295 
vn 0.15330778062343597 0.42794227600097656 0.8907088041305542 
vn -0.07095949351787567 0.3350444436073303 0.9395264387130737 
vn -0.14720307290554047 0.3000938892364502 0.9424833655357361 
vn -0.1689358353614807 0.3026171326637268 0.9380210638046265 
vn -0.1795504242181778 0.305970162153244 0.9349566102027893 
vn -0.18793733417987823 0.3104667067527771 0.931820809841156 
vn -0.21093183755874634 0.3101758360862732 0.926983654499054 
vn -0.25085464119911194 0.25085464119911194 0.9349566102027893 
vn -0.36056095361709595 0.04130164906382561 0.931820809841156 
vn -0.4535199701786041 -0.1730816662311554 0.87427818775177 
vn -0.4764786660671234 -0.24974830448627472 0.8429672718048096 
vn -0.4914546608924866 -0.2605527639389038 0.8310141563415527 
vn -0.5017342567443848 -0.26431208848953247 0.8236515522003174 
vn -0.509699285030365 -0.26456597447395325 0.8186644315719604 
vn -0.5220229625701904 -0.27168896794319153 0.8085030317306519 
vn -0.5132915377616882 -0.341271311044693 0.7874425053596497 
vn -0.4304722249507904 -0.550162672996521 0.715552031993866 
vn -0.3192102909088135 -0.7386014461517334 0.5937783122062683 
vn -0.27938029170036316 -0.7890397906303406 0.5471406579017639 
vn -0.28300711512565613 -0.800223171710968 0.528724730014801 
vn -0.28654003143310547 -0.8062463402748108 0.5175535082817078 
vn -0.28507426381111145 -0.8138794302940369 0.5062933564186096 
vn -0.28706249594688416 -0.8224183320999146 0.4911448359489441 
vn -0.22026799619197845 -0.8536388278007507 0.4719987213611603 
vn -0.009428296238183975 -0.915909469127655 0.401274174451828 
vn 0.21700356900691986 -0.926521897315979 0.30735430121421814 
vn 0.298633337020874 -0.9142162203788757 0.27391019463539124 
vn 0.30579715967178345 -0.9167377948760986 0.25706008076667786 
vn 0.30968257784843445 -0.9189013242721558 0.24437066912651062 
vn 0.31492894887924194 -0.9204145669937134 0.23163928091526031 
vn 0.32583215832710266 -0.919744610786438 0.21886809170246124 
vn 0.38865771889686584 -0.8939566016197205 0.22312943637371063 
vn 0.5929522514343262 -0.771200954914093 0.23163928091526031 
vn 0.7688953876495361 -0.5959388613700867 0.23163928091526031 
vn 0.8168861269950867 -0.5282426476478577 0.23163928091526031 
vn 0.8273776173591614 -0.5154216885566711 0.22312943637371063 
vn 0.8333167433738708 -0.5094398856163025 0.21460255980491638 
vn 0.8413184881210327 -0.5031668543815613 0.1975002884864807 
vn 0.8507438898086548 -0.49045053124427795 0.18892620503902435 
vn 0.8716040253639221 -0.43648552894592285 0.22312943637371063 
vn 0.9158693552017212 -0.23141779005527496 0.3280687630176544 
vn 0.9051244854927063 0 0.42514660954475403 
vn 0.8885132670402527 0.07531681656837463 0.45262736082077026 
vn 0.8902578353881836 0.09786797314882278 0.44481781125068665 
vn 0.9349604845046997 0.354583740234375 0.010923261754214764 
vn 0.89523845911026 0.42393845319747925 -0.1372016966342926 
vn 0.8844075202941895 0.4372815787792206 -0.16312000155448914 
vn 0.8844075202941895 0.4372815787792206 -0.16312000155448914 
vn 0.8844075202941895 0.4372815787792206 -0.16312000155448914 
vn 0.8844075202941895 0.4372815787792206 -0.16312000155448914 
vn 0.8844075202941895 0.4372815787792206 -0.16312000155448914 
vn 0.8959989547729492 0.42371073365211487 -0.1328723281621933 
vn 0.9372893571853638 0.34739354252815247 0.028397228568792343 
vn 0.8804351091384888 0.07534531503915787 0.46814218163490295 
vn 0.5986040234565735 -0.20717886090278625 0.7737894654273987 
vn 0.44347521662712097 -0.3045256435871124 0.8429672718048096 
vn 0.5842812061309814 -0.20687152445316315 0.7847417593002319 
vn 0.8634727001190186 0.07533374428749084 0.4987381398677826 
vn 0.9230837225914001 0.3823537826538086 0.04149730131030083 
vn 0.8368344902992249 0.5426964163780212 -0.07203252613544464 
vn 0.6429197788238525 0.7629380226135254 0.06767380982637405 
vn 0.3992457687854767 0.8923916816711426 0.2103329300880432 
vn 0.3133038282394409 0.9153770208358765 0.25283506512641907 
vn 0.30401620268821716 0.9161369204521179 0.2612801790237427 
vn 0.2950557470321655 0.9178531169891357 0.26549527049064636 
vn 0.2913663983345032 0.9113795757293701 0.29067665338516235 
vn 0.3246380388736725 0.8429030776023865 0.42909738421440125 
vn 0.3620437681674957 0.4816318154335022 0.7980946898460388 
vn 0.2892554700374603 -0.06712304055690765 0.9548956751823425 
vn 0.191910058259964 -0.10072217136621475 0.976230263710022 
vn 0.16454748809337616 -0.1130523830652237 0.97986900806427 
vn 0.1545797735452652 -0.11230877786874771 0.9815762042999268 
vn 0.14894461631774902 -0.10543571412563324 0.983208417892456 
vn 0.14415742456912994 -0.10473649948835373 0.9839963912963867 
vn 0.13889753818511963 -0.1046147421002388 0.9847655892372131 
vn 0.11872881650924683 -0.13858087360858917 0.983208417892456 
vn 0.0792427510023117 -0.22443124651908875 0.9712626934051514 
vn 0.04116209223866463 -0.31505292654037476 0.9481810927391052 
vn 0.02625637874007225 -0.34558218717575073 0.9380210638046265 
vn 0.01691333018243313 -0.3502653241157532 0.9364978075027466 
vn 0.009398816153407097 -0.3505474627017975 0.9364978075027466 
vn 0.007529959548264742 -0.3546820878982544 0.9349566102027893 
vn 1.1148514836994972e-13 -0.3588438034057617 0.933397650718689 
vn 0.013179213739931583 -0.3869958221912384 0.9219872951507568 
vn 0.05078788474202156 -0.47119444608688354 0.8805659413337708 
vn 0.08999143540859222 -0.5489234924316406 0.8310141563415527 
vn 0.10672387480735779 -0.5715251564979553 0.8136147856712341 
vn 0.1030144989490509 -0.5794056057929993 0.8085030317306519 
vn 0.10115472972393036 -0.5833131670951843 0.8059239983558655 
vn 0.10670721530914307 -0.5858969688415527 0.8033295273780823 
vn 0.10132615268230438 -0.5939511060714722 0.7980946898460388 
vn 0.13085538148880005 -0.6023380756378174 0.7874425053596497 
vn 0.22720035910606384 -0.6162622570991516 0.7540562748908997 
vn 0.3210712671279907 -0.6239127516746521 0.7124928832054138 
vn 0.34980344772338867 -0.6259681582450867 0.6969945430755615 
vn 0.3517378866672516 -0.6318320631980896 0.6907016038894653 
vn 0.35542944073677063 -0.633217990398407 0.6875353455543518 
vn 0.3602149784564972 -0.6339574456214905 0.6843559741973877 
vn 0.3686372935771942 -0.6359869837760925 0.677958071231842 
vn 0.3897453546524048 -0.6197699904441833 0.681163489818573 
vn 0.4712478518486023 -0.556401252746582 0.6843559741973877 
vn 0.5415263772010803 -0.48826849460601807 0.6843559741973877 
vn 0.5660216808319092 -0.45964810252189636 0.6843559741973877 
vn 0.573211669921875 -0.46021872758865356 0.677958071231842 
vn 0.5778986811637878 -0.4543192982673645 0.677958071231842 
vn 0.5812088847160339 -0.4548875391483307 0.67473965883255 
vn 0.5928614139556885 -0.44937533140182495 0.6682642698287964 
vn 0.5967077612876892 -0.42421233654022217 0.681163489818573 
vn 0.603589653968811 -0.33251485228538513 0.7246471047401428 
vn 0.5995940566062927 -0.24274873733520508 0.762600839138031 
vn 0.5950098633766174 -0.20720435678958893 0.7765498161315918 
vn 0.6010270118713379 -0.2000409960746765 0.7737894654273987 
vn 0.603364884853363 -0.19287478923797607 0.7737894654273987 
vn 0.8894019722938538 0.10536260902881622 0.44481781125068665 
vn 0.9322560429573059 0.3616342842578888 0.010923261754214764 
vn 0.8927460312843323 0.43052229285240173 -0.1328723281621933 
vn 0.8819153904914856 0.44385290145874023 -0.15880759060382843 
vn 0.8819153904914856 0.44385290145874023 -0.15880759060382843 
vn 0.8825268149375916 0.4441606104373932 -0.15449213981628418 
vn 0.8819153904914856 0.44385290145874023 -0.15880759060382843 
vn 0.8819153904914856 0.44385290145874023 -0.15880759060382843 
vn 0.8939921855926514 0.43052393198013306 -0.1242060661315918 
vn 0.9363356828689575 0.34749501943588257 0.05022686347365379 
vn 0.8602489233016968 0.06032257527112961 0.5062933564186096 
vn 0.9332355260848999 0.3543952703475952 0.058952588587999344 
vn 0.891170084476471 0.43754681944847107 -0.11986933648586273 
vn 0.8851259350776672 0.45078244805336 -0.11553031951189041 
vn 0.8308042883872986 0.5486028790473938 -0.09380380809307098 
vn 0.649649977684021 0.7575924396514893 0.0633138045668602 
vn 0.406122088432312 0.8892833590507507 0.2103329300880432 
vn 0.3133038282394409 0.9153770208358765 0.25283506512641907 
vn 0.30401620268821716 0.9161369204521179 0.2612801790237427 
vn 0.30036503076553345 0.9097815752029419 0.2864931523799896 
vn 0.3456619679927826 0.8345018029212952 0.42909738421440125 
vn 0.42075276374816895 0.49133196473121643 0.762600839138031 
vn 0.3772880434989929 -0.037513602524995804 0.9253358840942383 
vn 0.320416659116745 -0.25139814615249634 0.913308322429657 
vn 0.2861591577529907 -0.26086854934692383 0.9219872951507568 
vn 0.27095481753349304 -0.27095481753349304 0.9236704111099243 
vn 0.27139899134635925 -0.2647567689418793 0.9253358840942383 
vn 0.2660983204841614 -0.2700837254524231 0.9253358840942383 
vn 0.265901654958725 -0.26457056403160095 0.926983654499054 
vn 0.26103758811950684 -0.26369646191596985 0.9286137819290161 
vn 0.25506821274757385 -0.2750299572944641 0.926983654499054 
vn 0.24225430190563202 -0.3072222173213959 0.9202865362167358 
vn 0.22593030333518982 -0.34363728761672974 0.9115201234817505 
vn 0.21823152899742126 -0.35792186856269836 0.9078915119171143 
vn 0.21823152899742126 -0.35792186856269836 0.9078915119171143 
vn 0.21823152899742126 -0.35792186856269836 0.9078915119171143 
vn 0.21177130937576294 -0.36178165674209595 0.9078915119171143 
vn 0.21177130937576294 -0.36178165674209595 0.9078915119171143 
vn 0.21553485095500946 -0.37331733107566833 0.9023185968399048 
vn 0.23201753199100494 -0.40437623858451843 0.8846737742424011 
vn 0.24297328293323517 -0.4333789348602295 0.8678402304649353 
vn 0.25051164627075195 -0.4464535415172577 0.8590245246887207 
vn 0.25051164627075195 -0.4464535415172577 0.8590245246887207 
vn 0.2490922063589096 -0.45153293013572693 0.8567795157432556 
vn 0.2490922063589096 -0.45153293013572693 0.8567795157432556 
vn 0.24765336513519287 -0.4565814733505249 0.8545181155204773 
vn 0.2590789198875427 -0.4587692320346832 0.8499464392662048 
vn 0.29593005776405334 -0.4623757302761078 0.8358433246612549 
vn 0.33177584409713745 -0.46433982253074646 0.8211658596992493 
vn 0.34147363901138306 -0.4661535918712616 0.8161473870277405 
vn 0.3462948799133301 -0.4670233726501465 0.8136147856712341 
vn 0.35109758377075195 -0.46786895394325256 0.8110666871070862 
vn 0.35109758377075195 -0.46786895394325256 0.8110666871070862 
vn 0.3498550355434418 -0.47320640087127686 0.8085030317306519 
vn 0.3618501126766205 -0.46409842371940613 0.8085030317306519 
vn 0.3907840847969055 -0.4400120973587036 0.8085030317306519 
vn 0.41811877489089966 -0.4141250252723694 0.8085030317306519 
vn 0.42413759231567383 -0.4028376638889313 0.8110666871070862 
vn 0.4337051212787628 -0.3977721929550171 0.8085030317306519 
vn 0.43300384283065796 -0.40372541546821594 0.8059239983558655 
vn 0.43810367584228516 -0.3981855511665344 0.8059239983558655 
vn 0.43810367584228516 -0.3981855511665344 0.8059239983558655 
vn 0.4437423348426819 -0.3865431249141693 0.8085030317306519 
vn 0.44222813844680786 -0.3492240905761719 0.8261215686798096 
vn 0.43908175826072693 -0.3171502351760864 0.8406086564064026 
vn 0.43920695781707764 -0.3042179346084595 0.8453097939491272 
vn 0.43920695781707764 -0.3042179346084595 0.8453097939491272 
vn 0.4434489905834198 -0.2980004847049713 0.8453097939491272 
vn 0.4434489905834198 -0.2980004847049713 0.8453097939491272 
vn 0.6056172847747803 -0.1856812834739685 0.7737894654273987 
vn 0.8884829878807068 0.11284977197647095 0.44481781125068665 
vn 0.9266878366470337 0.3756731152534485 0.010923261754214764 
vn 0.8899538516998291 0.4375608563423157 -0.12854042649269104 
vn 0.8791059851646423 0.4508934020996094 -0.15449213981628418 
vn 0.8791059851646423 0.4508934020996094 -0.15449213981628418 
vn 0.8791059851646423 0.4508934020996094 -0.15449213981628418 
vn 0.8791059851646423 0.4508934020996094 -0.15449213981628418 
vn 0.8791059851646423 0.4508934020996094 -0.15449213981628418 
vn 0.8735450506210327 0.46437710523605347 -0.1458524912595749 
vn 0.8349383473396301 0.5422902703285217 -0.09380380809307098 
vn 0.6498238444328308 0.7577952146530151 0.058952588587999344 
vn 0.406122088432312 0.8892833590507507 0.2103329300880432 
vn 0.3133038282394409 0.9153770208358765 0.25283506512641907 
vn 0.31465384364128113 0.9049389958381653 0.2864931523799896 
vn 0.3489876091480255 0.8351395130157471 0.42514660954475403 
vn 0.4320923984050751 0.4813898205757141 0.762600839138031 
vn 0.40615659952163696 -0.030077829957008362 0.913308322429657 
vn 0.3570854067802429 -0.23435890674591064 0.9041935205459595 
vn 0.3335080146789551 -0.32020503282546997 0.8867024183273315 
vn 0.3180849254131317 -0.3247458040714264 0.8907088041305542 
vn 0.3126577138900757 -0.3299742639064789 0.8907088041305542 
vn 0.31330806016921997 -0.323958158493042 0.8926864862442017 
vn 0.31330806016921997 -0.323958158493042 0.8926864862442017 
vn 0.31330806016921997 -0.323958158493042 0.8926864862442017 
vn 0.31330806016921997 -0.323958158493042 0.8926864862442017 
vn 0.30785104632377625 -0.3291482627391815 0.8926864862442017 
vn 0.30151844024658203 -0.34536057710647583 0.888714075088501 
vn 0.2949388921260834 -0.3560476303100586 0.8867024183273315 
vn 0.29983457922935486 -0.35700350999832153 0.8846737742424011 
vn 0.2949388921260834 -0.3560476303100586 0.8867024183273315 
vn 0.2949388921260834 -0.3560476303100586 0.8867024183273315 
vn 0.2891044616699219 -0.36080116033554077 0.8867024183273315 
vn 0.2891044616699219 -0.36080116033554077 0.8867024183273315 
vn 0.2940293550491333 -0.3617997169494629 0.8846737742424011 
vn 0.297882616519928 -0.3735329806804657 0.8784868121147156 
vn 0.30671659111976624 -0.38115784525871277 0.872148871421814 
vn 0.3057229220867157 -0.38681846857070923 0.8700028657913208 
vn 0.30555787682533264 -0.39177507162094116 0.8678402304649353 
vn 0.30555787682533264 -0.39177507162094116 0.8678402304649353 
vn 0.30555787682533264 -0.39177507162094116 0.8678402304649353 
vn 0.30555787682533264 -0.39177507162094116 0.8678402304649353 
vn 0.3104541599750519 -0.39274564385414124 0.865661084651947 
vn 0.32019561529159546 -0.3946109116077423 0.8612531423568726 
vn 0.33562496304512024 -0.3915160298347473 0.8567795157432556 
vn 0.34040766954421997 -0.3923282325267792 0.8545181155204773 
vn 0.34040766954421997 -0.3923282325267792 0.8545181155204773 
vn 0.3394722640514374 -0.398051381111145 0.8522403836250305 
vn 0.3394722640514374 -0.398051381111145 0.8522403836250305 
vn 0.3394722640514374 -0.398051381111145 0.8522403836250305 
vn 0.3451731204986572 -0.39311808347702026 0.8522403836250305 
vn 0.35080230236053467 -0.3881031572818756 0.8522403836250305 
vn 0.3618409335613251 -0.3778325617313385 0.8522403836250305 
vn 0.3672481179237366 -0.37257903814315796 0.8522403836250305 
vn 0.3672481179237366 -0.37257903814315796 0.8522403836250305 
vn 0.372552752494812 -0.372552752494812 0.8499464392662048 
vn 0.372552752494812 -0.372552752494812 0.8499464392662048 
vn 0.372552752494812 -0.372552752494812 0.8499464392662048 
vn 0.37257903814315796 -0.3672481179237366 0.8522403836250305 
vn 0.37384700775146484 -0.3552004098892212 0.8567795157432556 
vn 0.37494927644729614 -0.3430102467536926 0.8612531423568726 
vn 0.37036633491516113 -0.34242719411849976 0.8634653687477112 
vn 0.37543541193008423 -0.3368617296218872 0.8634653687477112 
vn 0.37543541193008423 -0.3368617296218872 0.8634653687477112 
vn 0.37543541193008423 -0.3368617296218872 0.8634653687477112 
vn 0.37543541193008423 -0.3368617296218872 0.8634653687477112 
vn 0.4476030468940735 -0.2917238771915436 0.8453097939491272 
vn 0.6056172847747803 -0.1856812834739685 0.7737894654273987 
vn 0.8892393112182617 0.1353030502796173 0.43697428703308105 
vn 0.9208555221557617 0.38960394263267517 0.0152922747656703 
vn 0.884410560131073 0.4510535001754761 -0.11986933648586273 
vn 0.8735450506210327 0.46437710523605347 -0.1458524912595749 
vn 0.8735450506210327 0.46437710523605347 -0.1458524912595749 
vn 0.8735450506210327 0.46437710523605347 -0.1458524912595749 
vn 0.8735450506210327 0.46437710523605347 -0.1458524912595749 
vn 0.8342093825340271 0.54264235496521 -0.0981530249118805 
vn 0.655697762966156 0.7530473470687866 0.05459024757146835 
vn 0.4077472984790802 0.8895401954650879 0.2060592919588089 
vn 0.33066704869270325 0.9005352258682251 0.28230419754981995 
vn 0.3628571629524231 0.8292074799537659 0.42514660954475403 
vn 0.4387645423412323 0.4707631766796112 0.7654199600219727 
vn 0.40953168272972107 -0.037614915519952774 0.9115201234817505 
vn 0.36595216393470764 -0.23518316447734833 0.9004265069961548 
vn 0.3433375954627991 -0.3153911530971527 0.8846737742424011 
vn 0.3358478248119354 -0.35049089789390564 0.87427818775177 
vn 0.3311021625995636 -0.3497290313243866 0.8763908743858337 
vn 0.3311021625995636 -0.3497290313243866 0.8763908743858337 
vn 0.3311021625995636 -0.3497290313243866 0.8763908743858337 
vn 0.3311021625995636 -0.3497290313243866 0.8763908743858337 
vn 0.3311021625995636 -0.3497290313243866 0.8763908743858337 
vn 0.3311021625995636 -0.3497290313243866 0.8763908743858337 
vn 0.3311021625995636 -0.3497290313243866 0.8763908743858337 
vn 0.32559576630592346 -0.35486117005348206 0.8763908743858337 
vn 0.33037009835243225 -0.3556588590145111 0.87427818775177 
vn 0.3248128592967987 -0.3607412278652191 0.87427818775177 
vn 0.3248128592967987 -0.3607412278652191 0.87427818775177 
vn 0.3248128592967987 -0.3607412278652191 0.87427818775177 
vn 0.3248128592967987 -0.3607412278652191 0.87427818775177 
vn 0.32559576630592346 -0.35486117005348206 0.8763908743858337 
vn 0.3248128592967987 -0.3607412278652191 0.87427818775177 
vn 0.3295992612838745 -0.3615531623363495 0.872148871421814 
vn 0.3295992612838745 -0.3615531623363495 0.872148871421814 
vn 0.3295992612838745 -0.3615531623363495 0.872148871421814 
vn 0.3295992612838745 -0.3615531623363495 0.872148871421814 
vn 0.3295992612838745 -0.3615531623363495 0.872148871421814 
vn 0.3295992612838745 -0.3615531623363495 0.872148871421814 
vn 0.3287908136844635 -0.36741209030151367 0.8700028657913208 
vn 0.3287908136844635 -0.36741209030151367 0.8700028657913208 
vn 0.3287908136844635 -0.36741209030151367 0.8700028657913208 
vn 0.33431223034858704 -0.3675440847873688 0.8678402304649353 
vn 0.33431223034858704 -0.3675440847873688 0.8678402304649353 
vn 0.33431223034858704 -0.3675440847873688 0.8678402304649353 
vn 0.33431223034858704 -0.3675440847873688 0.8678402304649353 
vn 0.33431223034858704 -0.3675440847873688 0.8678402304649353 
vn 0.33431223034858704 -0.3675440847873688 0.8678402304649353 
vn 0.33431223034858704 -0.3675440847873688 0.8678402304649353 
vn 0.3398384153842926 -0.3624405860900879 0.8678402304649353 
vn 0.3398384153842926 -0.3624405860900879 0.8678402304649353 
vn 0.3398384153842926 -0.3624405860900879 0.8678402304649353 
vn 0.3398384153842926 -0.3624405860900879 0.8678402304649353 
vn 0.3398384153842926 -0.3624405860900879 0.8678402304649353 
vn 0.3398384153842926 -0.3624405860900879 0.8678402304649353 
vn 0.3398384153842926 -0.3624405860900879 0.8678402304649353 
vn 0.3398384153842926 -0.3624405860900879 0.8678402304649353 
vn 0.34528666734695435 -0.3572540283203125 0.8678402304649353 
vn 0.3452896773815155 -0.35195180773735046 0.8700028657913208 
vn 0.33986905217170715 -0.3571891188621521 0.8700028657913208 
vn 0.3452896773815155 -0.35195180773735046 0.8700028657913208 
vn 0.3452896773815155 -0.35195180773735046 0.8700028657913208 
vn 0.3452896773815155 -0.35195180773735046 0.8700028657913208 
vn 0.3452896773815155 -0.35195180773735046 0.8700028657913208 
vn 0.3452896773815155 -0.35195180773735046 0.8700028657913208 
vn 0.37086379528045654 -0.33629003167152405 0.865661084651947 
vn 0.4386138916015625 -0.2851388454437256 0.8522403836250305 
vn 0.5870586037635803 -0.16380535066127777 0.7927988767623901 
vn 0.8609314560890198 0.1799093633890152 0.4758462607860565 
vn 0.8863779306411743 0.45798957347869873 0.06767380982637405 
vn 0.8486664295196533 0.5233831405639648 -0.0763898640871048 
vn 0.8379338383674622 0.5360602140426636 -0.10250037163496017 
vn 0.8342093825340271 0.54264235496521 -0.0981530249118805 
vn 0.6613727807998657 0.7480681538581848 0.05459024757146835 
vn 0.41965311765670776 0.8776300549507141 0.23163928091526031 
vn 0.3766259253025055 0.8230451345443726 0.42514660954475403 
vn 0.4459694027900696 0.4592846930027008 0.7682244777679443 
vn 0.41278618574142456 -0.0450236015021801 0.9097144603729248 
vn 0.3703654408454895 -0.23557652533054352 0.8985171914100647 
vn 0.3479836583137512 -0.31602954864501953 0.882628321647644 
vn 0.3358478248119354 -0.35049089789390564 0.87427818775177 
vn 0.3351278603076935 -0.3564346730709076 0.872148871421814 
vn 0.3351278603076935 -0.3564346730709076 0.872148871421814 
vn 0.3351278603076935 -0.3564346730709076 0.872148871421814 
vn 0.3351278603076935 -0.3564346730709076 0.872148871421814 
vn 0.3351278603076935 -0.3564346730709076 0.872148871421814 
vn 0.3351278603076935 -0.3564346730709076 0.872148871421814 
vn 0.3351278603076935 -0.3564346730709076 0.872148871421814 
vn 0.3351278603076935 -0.3564346730709076 0.872148871421814 
vn 0.3351278603076935 -0.3564346730709076 0.872148871421814 
vn 0.3351278603076935 -0.3564346730709076 0.872148871421814 
vn 0.3351278603076935 -0.3564346730709076 0.872148871421814 
vn 0.3351278603076935 -0.3564346730709076 0.872148871421814 
vn 0.3351278603076935 -0.3564346730709076 0.872148871421814 
vn 0.3351278603076935 -0.3564346730709076 0.872148871421814 
vn 0.3351278603076935 -0.3564346730709076 0.872148871421814 
vn 0.3351278603076935 -0.3564346730709076 0.872148871421814 
vn 0.3351278603076935 -0.3564346730709076 0.872148871421814 
vn 0.3351278603076935 -0.3564346730709076 0.872148871421814 
vn 0.3351278603076935 -0.3564346730709076 0.872148871421814 
vn 0.3351278603076935 -0.3564346730709076 0.872148871421814 
vn 0.3351278603076935 -0.3564346730709076 0.872148871421814 
vn 0.3351278603076935 -0.3564346730709076 0.872148871421814 
vn 0.3351278603076935 -0.3564346730709076 0.872148871421814 
vn 0.3351278603076935 -0.3564346730709076 0.872148871421814 
vn 0.3351278603076935 -0.3564346730709076 0.872148871421814 
vn 0.3351278603076935 -0.3564346730709076 0.872148871421814 
vn 0.3351278603076935 -0.3564346730709076 0.872148871421814 
vn 0.3351278603076935 -0.3564346730709076 0.872148871421814 
vn 0.3351278603076935 -0.3564346730709076 0.872148871421814 
vn 0.3351278603076935 -0.3564346730709076 0.872148871421814 
vn 0.3351278603076935 -0.3564346730709076 0.872148871421814 
vn 0.3351278603076935 -0.3564346730709076 0.872148871421814 
vn 0.3351278603076935 -0.3564346730709076 0.872148871421814 
vn 0.3351278603076935 -0.3564346730709076 0.872148871421814 
vn 0.3351278603076935 -0.3564346730709076 0.872148871421814 
vn 0.3351278603076935 -0.3564346730709076 0.872148871421814 
vn 0.3351278603076935 -0.3564346730709076 0.872148871421814 
vn 0.3351278603076935 -0.3564346730709076 0.872148871421814 
vn 0.3351278603076935 -0.3564346730709076 0.872148871421814 
vn 0.3351278603076935 -0.3564346730709076 0.872148871421814 
vn 0.3351278603076935 -0.3564346730709076 0.872148871421814 
vn 0.3351278603076935 -0.3564346730709076 0.872148871421814 
vn 0.3351278603076935 -0.3564346730709076 0.872148871421814 
vn 0.3351278603076935 -0.3564346730709076 0.872148871421814 
vn 0.3351278603076935 -0.3564346730709076 0.872148871421814 
vn 0.3351278603076935 -0.3564346730709076 0.872148871421814 
vn 0.3351278603076935 -0.3564346730709076 0.872148871421814 
vn 0.3351278603076935 -0.3564346730709076 0.872148871421814 
vn 0.3351278603076935 -0.3564346730709076 0.872148871421814 
vn 0.34057700634002686 -0.3512316644191742 0.872148871421814 
vn 0.3615531623363495 -0.3295992612838745 0.872148871421814 
vn 0.40783214569091797 -0.27023938298225403 0.872148871421814 
vn 0.5207611322402954 -0.11941178143024445 0.8453097939491272 
vn 0.7202814817428589 0.30803874135017395 0.6215357780456543 
vn 0.7204025387763977 0.6537304520606995 0.23163928091526031 
vn 0.6709064245223999 0.737596869468689 0.0763898640871048 
vn 0.470936119556427 0.7955685257911682 0.3811691105365753 
vn 0.5314342975616455 0.41312912106513977 0.7395281791687012 
vn 0.4619004428386688 0.44325968623161316 0.7682244777679443 
vn 0.41278618574142456 -0.0450236015021801 0.9097144603729248 
vn 0.3703654408454895 -0.23557652533054352 0.8985171914100647 
vn 0.3479836583137512 -0.31602954864501953 0.882628321647644 
vn 0.3358478248119354 -0.35049089789390564 0.87427818775177 
vn 0.3351278603076935 -0.3564346730709076 0.872148871421814 
vn 0.3351278603076935 -0.3564346730709076 0.872148871421814 
vn 0.3351278603076935 -0.3564346730709076 0.872148871421814 
vn 0.3351278603076935 -0.3564346730709076 0.872148871421814 
vn 0.3351278603076935 -0.3564346730709076 0.872148871421814 
vn 0.3351278603076935 -0.3564346730709076 0.872148871421814 
vn 0.3351278603076935 -0.3564346730709076 0.872148871421814 
vn 0.3351278603076935 -0.3564346730709076 0.872148871421814 
vn 0.3351278603076935 -0.3564346730709076 0.872148871421814 
vn 0.3351278603076935 -0.3564346730709076 0.872148871421814 
vn 0.3351278603076935 -0.3564346730709076 0.872148871421814 
vn 0.3351278603076935 -0.3564346730709076 0.872148871421814 
vn 0.3351278603076935 -0.3564346730709076 0.872148871421814 
vn 0.3351278603076935 -0.3564346730709076 0.872148871421814 
vn 0.3351278603076935 -0.3564346730709076 0.872148871421814 
vn 0.3351278603076935 -0.3564346730709076 0.872148871421814 
vn 0.3351278603076935 -0.3564346730709076 0.872148871421814 
vn 0.3351278603076935 -0.3564346730709076 0.872148871421814 
vn 0.3351278603076935 -0.3564346730709076 0.872148871421814 
vn 0.3351278603076935 -0.3564346730709076 0.872148871421814 
vn 0.3351278603076935 -0.3564346730709076 0.872148871421814 
vn 0.3351278603076935 -0.3564346730709076 0.872148871421814 
vn 0.3351278603076935 -0.3564346730709076 0.872148871421814 
vn 0.3351278603076935 -0.3564346730709076 0.872148871421814 
vn 0.3351278603076935 -0.3564346730709076 0.872148871421814 
vn 0.3351278603076935 -0.3564346730709076 0.872148871421814 
vn 0.3351278603076935 -0.3564346730709076 0.872148871421814 
vn 0.3351278603076935 -0.3564346730709076 0.872148871421814 
vn 0.3351278603076935 -0.3564346730709076 0.872148871421814 
vn 0.3351278603076935 -0.3564346730709076 0.872148871421814 
vn 0.3351278603076935 -0.3564346730709076 0.872148871421814 
vn 0.3351278603076935 -0.3564346730709076 0.872148871421814 
vn 0.3351278603076935 -0.3564346730709076 0.872148871421814 
vn 0.3351278603076935 -0.3564346730709076 0.872148871421814 
vn 0.3351278603076935 -0.3564346730709076 0.872148871421814 
vn 0.3351278603076935 -0.3564346730709076 0.872148871421814 
vn 0.3351278603076935 -0.3564346730709076 0.872148871421814 
vn 0.3351278603076935 -0.3564346730709076 0.872148871421814 
vn 0.3351278603076935 -0.3564346730709076 0.872148871421814 
vn 0.3351278603076935 -0.3564346730709076 0.872148871421814 
vn 0.3351278603076935 -0.3564346730709076 0.872148871421814 
vn 0.3351278603076935 -0.3564346730709076 0.872148871421814 
vn 0.3351278603076935 -0.3564346730709076 0.872148871421814 
vn 0.3351278603076935 -0.3564346730709076 0.872148871421814 
vn 0.3351278603076935 -0.3564346730709076 0.872148871421814 
vn 0.3351278603076935 -0.3564346730709076 0.872148871421814 
vn 0.3351278603076935 -0.3564346730709076 0.872148871421814 
vn 0.3351278603076935 -0.3564346730709076 0.872148871421814 
vn 0.3351278603076935 -0.3564346730709076 0.872148871421814 
vn 0.3351278603076935 -0.3564346730709076 0.872148871421814 
vn 0.3351278603076935 -0.3564346730709076 0.872148871421814 
vn 0.3351278603076935 -0.3564346730709076 0.872148871421814 
vn 0.3358478248119354 -0.35049089789390564 0.87427818775177 
vn 0.3527754843235016 -0.32219621539115906 0.8784868121147156 
vn 0.38017433881759644 -0.2492094188928604 0.8907088041305542 
vn 0.44559091329574585 -0.06752469390630722 0.8926864862442017 
vn 0.41589969396591187 -0.05254035070538521 0.9078915119171143 
vn 0.3703654408454895 -0.23557652533054352 0.8985171914100647 
vn 0.3479836583137512 -0.31602954864501953 0.882628321647644 
vn 0.3358478248119354 -0.35049089789390564 0.87427818775177 
vn 0.3351278603076935 -0.3564346730709076 0.872148871421814 
vn 0.3351278603076935 -0.3564346730709076 0.872148871421814 
vn 0.3351278603076935 -0.3564346730709076 0.872148871421814 
vn 0.3351278603076935 -0.3564346730709076 0.872148871421814 
vn 0.3351278603076935 -0.3564346730709076 0.872148871421814 
vn 0.3351278603076935 -0.3564346730709076 0.872148871421814 
vn 0.3351278603076935 -0.3564346730709076 0.872148871421814 
vn 0.3351278603076935 -0.3564346730709076 0.872148871421814 
vn 0.3351278603076935 -0.3564346730709076 0.872148871421814 
vn 0.3351278603076935 -0.3564346730709076 0.872148871421814 
vn 0.3351278603076935 -0.3564346730709076 0.872148871421814 
vn 0.3351278603076935 -0.3564346730709076 0.872148871421814 
vn 0.3351278603076935 -0.3564346730709076 0.872148871421814 
vn 0.3351278603076935 -0.3564346730709076 0.872148871421814 
vn 0.3351278603076935 -0.3564346730709076 0.872148871421814 
vn 0.3351278603076935 -0.3564346730709076 0.872148871421814 
vn 0.3351278603076935 -0.3564346730709076 0.872148871421814 
vn 0.3351278603076935 -0.3564346730709076 0.872148871421814 
vn 0.3351278603076935 -0.3564346730709076 0.872148871421814 
vn 0.3351278603076935 -0.3564346730709076 0.872148871421814 
vn 0.3351278603076935 -0.3564346730709076 0.872148871421814 
vn 0.3351278603076935 -0.3564346730709076 0.872148871421814 
vn 0.3351278603076935 -0.3564346730709076 0.872148871421814 
vn 0.3351278603076935 -0.3564346730709076 0.872148871421814 
vn 0.3351278603076935 -0.3564346730709076 0.872148871421814 
vn 0.3351278603076935 -0.3564346730709076 0.872148871421814 
vn 0.3351278603076935 -0.3564346730709076 0.872148871421814 
vn 0.3351278603076935 -0.3564346730709076 0.872148871421814 
vn 0.3351278603076935 -0.3564346730709076 0.872148871421814 
vn 0.3351278603076935 -0.3564346730709076 0.872148871421814 
vn 0.3351278603076935 -0.3564346730709076 0.872148871421814 
vn 0.3351278603076935 -0.3564346730709076 0.872148871421814 
vn 0.3351278603076935 -0.3564346730709076 0.872148871421814 
vn 0.3351278603076935 -0.3564346730709076 0.872148871421814 
vn 0.3351278603076935 -0.3564346730709076 0.872148871421814 
vn 0.3351278603076935 -0.3564346730709076 0.872148871421814 
vn 0.3351278603076935 -0.3564346730709076 0.872148871421814 
vn 0.3351278603076935 -0.3564346730709076 0.872148871421814 
vn 0.3351278603076935 -0.3564346730709076 0.872148871421814 
vn 0.3351278603076935 -0.3564346730709076 0.872148871421814 
vn 0.3351278603076935 -0.3564346730709076 0.872148871421814 
vn 0.3351278603076935 -0.3564346730709076 0.872148871421814 
vn 0.3351278603076935 -0.3564346730709076 0.872148871421814 
vn 0.3351278603076935 -0.3564346730709076 0.872148871421814 
vn 0.3351278603076935 -0.3564346730709076 0.872148871421814 
vn 0.3351278603076935 -0.3564346730709076 0.872148871421814 
vn 0.3351278603076935 -0.3564346730709076 0.872148871421814 
vn 0.3351278603076935 -0.3564346730709076 0.872148871421814 
vn 0.3351278603076935 -0.3564346730709076 0.872148871421814 
vn 0.3351278603076935 -0.3564346730709076 0.872148871421814 
vn 0.3351278603076935 -0.3564346730709076 0.872148871421814 
vn 0.3351278603076935 -0.3564346730709076 0.872148871421814 
vn 0.3351278603076935 -0.3564346730709076 0.872148871421814 
vn 0.3351278603076935 -0.3564346730709076 0.872148871421814 
vn 0.3351278603076935 -0.3564346730709076 0.872148871421814 
vn 0.3358478248119354 -0.35049089789390564 0.87427818775177 
vn 0.3475326597690582 -0.3222183287143707 0.8805659413337708 
vn 0.37107202410697937 -0.24172425270080566 0.8965907096862793 
vn 0.3479836583137512 -0.31602954864501953 0.882628321647644 
vn 0.3358478248119354 -0.35049089789390564 0.87427818775177 
vn 0.3351278603076935 -0.3564346730709076 0.872148871421814 
vn 0.3351278603076935 -0.3564346730709076 0.872148871421814 
vn 0.3351278603076935 -0.3564346730709076 0.872148871421814 
vn 0.3351278603076935 -0.3564346730709076 0.872148871421814 
vn 0.3351278603076935 -0.3564346730709076 0.872148871421814 
vn 0.3351278603076935 -0.3564346730709076 0.872148871421814 
vn 0.3351278603076935 -0.3564346730709076 0.872148871421814 
vn 0.3351278603076935 -0.3564346730709076 0.872148871421814 
vn 0.3351278603076935 -0.3564346730709076 0.872148871421814 
vn 0.3351278603076935 -0.3564346730709076 0.872148871421814 
vn 0.3351278603076935 -0.3564346730709076 0.872148871421814 
vn 0.3351278603076935 -0.3564346730709076 0.872148871421814 
vn 0.3351278603076935 -0.3564346730709076 0.872148871421814 
vn 0.3351278603076935 -0.3564346730709076 0.872148871421814 
vn 0.3351278603076935 -0.3564346730709076 0.872148871421814 
vn 0.3351278603076935 -0.3564346730709076 0.872148871421814 
vn 0.3351278603076935 -0.3564346730709076 0.872148871421814 
vn 0.3351278603076935 -0.3564346730709076 0.872148871421814 
vn 0.3351278603076935 -0.3564346730709076 0.872148871421814 
vn 0.3351278603076935 -0.3564346730709076 0.872148871421814 
vn 0.3351278603076935 -0.3564346730709076 0.872148871421814 
vn 0.3351278603076935 -0.3564346730709076 0.872148871421814 
vn 0.3351278603076935 -0.3564346730709076 0.872148871421814 
vn 0.3351278603076935 -0.3564346730709076 0.872148871421814 
vn 0.3351278603076935 -0.3564346730709076 0.872148871421814 
vn 0.3351278603076935 -0.3564346730709076 0.872148871421814 
vn 0.3351278603076935 -0.3564346730709076 0.872148871421814 
vn 0.3351278603076935 -0.3564346730709076 0.872148871421814 
vn 0.3351278603076935 -0.3564346730709076 0.872148871421814 
vn 0.3351278603076935 -0.3564346730709076 0.872148871421814 
vn 0.3351278603076935 -0.3564346730709076 0.872148871421814 
vn 0.3351278603076935 -0.3564346730709076 0.872148871421814 
vn 0.3351278603076935 -0.3564346730709076 0.872148871421814 
vn 0.3351278603076935 -0.3564346730709076 0.872148871421814 
vn 0.3351278603076935 -0.3564346730709076 0.872148871421814 
vn 0.3351278603076935 -0.3564346730709076 0.872148871421814 
vn 0.3351278603076935 -0.3564346730709076 0.872148871421814 
vn 0.3351278603076935 -0.3564346730709076 0.872148871421814 
vn 0.3351278603076935 -0.3564346730709076 0.872148871421814 
vn 0.3351278603076935 -0.3564346730709076 0.872148871421814 
vn 0.3351278603076935 -0.3564346730709076 0.872148871421814 
vn 0.3351278603076935 -0.3564346730709076 0.872148871421814 
vn 0.3351278603076935 -0.3564346730709076 0.872148871421814 
vn 0.3351278603076935 -0.3564346730709076 0.872148871421814 
vn 0.3351278603076935 -0.3564346730709076 0.872148871421814 
vn 0.3351278603076935 -0.3564346730709076 0.872148871421814 
vn 0.3351278603076935 -0.3564346730709076 0.872148871421814 
vn 0.3351278603076935 -0.3564346730709076 0.872148871421814 
vn 0.3351278603076935 -0.3564346730709076 0.872148871421814 
vn 0.3351278603076935 -0.3564346730709076 0.872148871421814 
vn 0.3351278603076935 -0.3564346730709076 0.872148871421814 
vn 0.3351278603076935 -0.3564346730709076 0.872148871421814 
vn 0.3351278603076935 -0.3564346730709076 0.872148871421814 
vn 0.3351278603076935 -0.3564346730709076 0.872148871421814 
vn 0.3351278603076935 -0.3564346730709076 0.872148871421814 
vn 0.3351278603076935 -0.3564346730709076 0.872148871421814 
vn 0.3351278603076935 -0.3564346730709076 0.872148871421814 
vn 0.3351278603076935 -0.3564346730709076 0.872148871421814 
vn 0.3358478248119354 -0.35049089789390564 0.87427818775177 
vn 0.3351278603076935 -0.3564346730709076 0.872148871421814 
vn 0.3351278603076935 -0.3564346730709076 0.872148871421814 
vn 0.3351278603076935 -0.3564346730709076 0.872148871421814 
vn 0.3351278603076935 -0.3564346730709076 0.872148871421814 
vn 0.3351278603076935 -0.3564346730709076 0.872148871421814 
vn 0.3351278603076935 -0.3564346730709076 0.872148871421814 
vn 0.3351278603076935 -0.3564346730709076 0.872148871421814 
vn 0.3351278603076935 -0.3564346730709076 0.872148871421814 
vn 0.3351278603076935 -0.3564346730709076 0.872148871421814 
vn 0.3351278603076935 -0.3564346730709076 0.872148871421814 
vn 0.3351278603076935 -0.3564346730709076 0.872148871421814 
vn 0.3351278603076935 -0.3564346730709076 0.872148871421814 
vn 0.3351278603076935 -0.3564346730709076 0.872148871421814 
vn 0.3351278603076935 -0.3564346730709076 0.872148871421814 
vn 0.3351278603076935 -0.3564346730709076 0.872148871421814 
vn 0.3351278603076935 -0.3564346730709076 0.872148871421814 
vn 0.3351278603076935 -0.3564346730709076 0.872148871421814 
vn 0.3351278603076935 -0.3564346730709076 0.872148871421814 
vn 0.3351278603076935 -0.3564346730709076 0.872148871421814 
vn 0.3351278603076935 -0.3564346730709076 0.872148871421814 
vn 0.3351278603076935 -0.3564346730709076 0.872148871421814 
vn 0.3351278603076935 -0.3564346730709076 0.872148871421814 
vn 0.3351278603076935 -0.3564346730709076 0.872148871421814 
vn 0.3351278603076935 -0.3564346730709076 0.872148871421814 
vn 0.3351278603076935 -0.3564346730709076 0.872148871421814 
vn 0.3351278603076935 -0.3564346730709076 0.872148871421814 
vn 0.3351278603076935 -0.3564346730709076 0.872148871421814 
vn 0.3351278603076935 -0.3564346730709076 0.872148871421814 
vn 0.3351278603076935 -0.3564346730709076 0.872148871421814 
vn 0.3351278603076935 -0.3564346730709076 0.872148871421814 
vn 0.3351278603076935 -0.3564346730709076 0.872148871421814 
vn 0.3351278603076935 -0.3564346730709076 0.872148871421814 
vn 0.3351278603076935 -0.3564346730709076 0.872148871421814 
vn 0.3351278603076935 -0.3564346730709076 0.872148871421814 
vn 0.3351278603076935 -0.3564346730709076 0.872148871421814 
vn 0.3351278603076935 -0.3564346730709076 0.872148871421814 
vn 0.3351278603076935 -0.3564346730709076 0.872148871421814 
vn 0.3351278603076935 -0.3564346730709076 0.872148871421814 
vn 0.3351278603076935 -0.3564346730709076 0.872148871421814 
vn 0.3351278603076935 -0.3564346730709076 0.872148871421814 
vn 0.3351278603076935 -0.3564346730709076 0.872148871421814 
vn 0.3351278603076935 -0.3564346730709076 0.872148871421814 
vn 0.3351278603076935 -0.3564346730709076 0.872148871421814 
vn 0.3351278603076935 -0.3564346730709076 0.872148871421814 
vn 0.3351278603076935 -0.3564346730709076 0.872148871421814 
vn 0.3351278603076935 -0.3564346730709076 0.872148871421814 
vn 0.3351278603076935 -0.3564346730709076 0.872148871421814 
vn 0.3351278603076935 -0.3564346730709076 0.872148871421814 
vn 0.3351278603076935 -0.3564346730709076 0.872148871421814 
vn 0.3351278603076935 -0.3564346730709076 0.872148871421814 
vn 0.3351278603076935 -0.3564346730709076 0.872148871421814 
vn 0.3351278603076935 -0.3564346730709076 0.872148871421814 
vn 0.3351278603076935 -0.3564346730709076 0.872148871421814 
vn 0.3351278603076935 -0.3564346730709076 0.872148871421814 
vn 0.3351278603076935 -0.3564346730709076 0.872148871421814 
vn 0.3351278603076935 -0.3564346730709076 0.872148871421814 
vn 0.3351278603076935 -0.3564346730709076 0.872148871421814 
vn 0.3351278603076935 -0.3564346730709076 0.872148871421814 
vn 0.3351278603076935 -0.3564346730709076 0.872148871421814 
vn 0.3351278603076935 -0.3564346730709076 0.872148871421814 
vn 0.3351278603076935 -0.3564346730709076 0.872148871421814 
vn 0.3351278603076935 -0.3564346730709076 0.872148871421814 
vn 0.3351278603076935 -0.3564346730709076 0.872148871421814 
vn 0.3351278603076935 -0.3564346730709076 0.872148871421814 
vn 0.3351278603076935 -0.3564346730709076 0.872148871421814 
vn 0.3351278603076935 -0.3564346730709076 0.872148871421814 
vn 0.3351278603076935 -0.3564346730709076 0.872148871421814 
vn 0.3351278603076935 -0.3564346730709076 0.872148871421814 
vn 0.3351278603076935 -0.3564346730709076 0.872148871421814 
vn 0.3351278603076935 -0.3564346730709076 0.872148871421814 
vn 0.3351278603076935 -0.3564346730709076 0.872148871421814 
vn 0.3351278603076935 -0.3564346730709076 0.872148871421814 
vn 0.3351278603076935 -0.3564346730709076 0.872148871421814 
vn 0.3351278603076935 -0.3564346730709076 0.872148871421814 
vn 0.3351278603076935 -0.3564346730709076 0.872148871421814 
vn 0.3351278603076935 -0.3564346730709076 0.872148871421814 
vn 0.3351278603076935 -0.3564346730709076 0.872148871421814 
vn 0.3351278603076935 -0.3564346730709076 0.872148871421814 
vn 0.3351278603076935 -0.3564346730709076 0.872148871421814 
vn 0.3351278603076935 -0.3564346730709076 0.872148871421814 
vn 0.3351278603076935 -0.3564346730709076 0.872148871421814 
vn 0.3351278603076935 -0.3564346730709076 0.872148871421814 
vn 0.3351278603076935 -0.3564346730709076 0.872148871421814 
vn 0.3351278603076935 -0.3564346730709076 0.872148871421814 
vn 0.3351278603076935 -0.3564346730709076 0.872148871421814 
vn 0.3351278603076935 -0.3564346730709076 0.872148871421814 
vn 0.3351278603076935 -0.3564346730709076 0.872148871421814 
vn 0.3351278603076935 -0.3564346730709076 0.872148871421814 
vn 0.3351278603076935 -0.3564346730709076 0.872148871421814 
vn 0.3351278603076935 -0.3564346730709076 0.872148871421814 
vn 0.3351278603076935 -0.3564346730709076 0.872148871421814 
vn 0.3351278603076935 -0.3564346730709076 0.872148871421814 
vn 0.3351278603076935 -0.3564346730709076 0.872148871421814 
vn 0.3351278603076935 -0.3564346730709076 0.872148871421814 
vn 0.3351278603076935 -0.3564346730709076 0.872148871421814 
vn -0.013179107569158077 -0.42296290397644043 0.9060511589050293 
vn 0.02632211707532406 -0.4183780550956726 0.9078915119171143 
vn -0.052534181624650955 -0.42785659432411194 0.9023185968399048 
vn -0.09347038716077805 -0.4288707673549652 0.8985171914100647 
vn -0.1354447901248932 -0.43392691016197205 0.8907088041305542 
vn -0.18336330354213715 -0.4328339099884033 0.882628321647644 
vn -0.2333548665046692 -0.4343276917934418 0.8700028657913208 
vn -0.29142987728118896 -0.4344593584537506 0.8522403836250305 
vn -0.3484969735145569 -0.4335496723651886 0.8310141563415527 
vn -0.40827491879463196 -0.4335588216781616 0.8033295273780823 
vn -0.4755100607872009 -0.4235883355140686 0.7710143327713013 
vn -0.5468630790710449 -0.41408267617225647 0.7276512384414673 
vn -0.6152388453483582 -0.40231087803840637 0.677958071231842 
vn -0.6914374828338623 -0.3796044588088989 0.6146662831306458 
vn -0.7524535655975342 -0.3611660897731781 0.5507928133010864 
vn -0.795256495475769 -0.3447135388851166 0.4987381398677826 
vn -0.821479856967926 -0.331086128950119 0.4642767012119293 
vn -0.8142605423927307 -0.40768563747406006 0.41324591636657715 
vn -0.8037611842155457 -0.42414000630378723 0.417220801115036 
vn -0.7871004939079285 -0.4972742199897766 0.3649536371231079 
vn -0.7775204181671143 -0.43656671047210693 0.45262736082077026 
vn -0.7371630668640137 -0.45173412561416626 0.5025205612182617 
vn -0.6740997433662415 -0.4711144268512726 0.5688942670822144 
vn -0.5991622805595398 -0.48745468258857727 0.6351318359375 
vn -0.531561017036438 -0.4902796745300293 0.6907016038894653 
vn -0.4628777503967285 -0.49754321575164795 0.7336177229881287 
vn -0.3932506740093231 -0.5008900165557861 0.7710143327713013 
vn -0.335742324590683 -0.49610984325408936 0.8007197380065918 
vn -0.27918779850006104 -0.49361148476600647 0.8236515522003174 
vn -0.22441203892230988 -0.488922655582428 0.8429672718048096 
vn -0.17361749708652496 -0.48557788133621216 0.8567795157432556 
vn -0.12828974425792694 -0.47999486327171326 0.8678402304649353 
vn -0.08419789373874664 -0.4702889323234558 0.8784868121147156 
vn -0.04323701187968254 -0.46420130133628845 0.8846737742424011 
vn -0.001880282536149025 -0.4584580361843109 0.888714075088501 
vn -0.033837806433439255 -0.49948567152023315 0.865661084651947 
vn -0.07135462760925293 -0.5107224583625793 0.8567795157432556 
vn -0.10838132351636887 -0.5231680274009705 0.8453097939491272 
vn -0.1560569405555725 -0.5339116454124451 0.8310141563415527 
vn -0.20454266667366028 -0.544236421585083 0.8136147856712341 
vn -0.25567948818206787 -0.5532612204551697 0.7927988767623901 
vn -0.313544899225235 -0.5581404566764832 0.7682244777679443 
vn -0.37654295563697815 -0.5618410706520081 0.736579954624176 
vn -0.4377727210521698 -0.5679380893707275 0.6969945430755615 
vn -0.5067111253738403 -0.5680208206176758 0.6485338807106018 
vn -0.5729460120201111 -0.5649425983428955 0.5937783122062683 
vn -0.6435516476631165 -0.5569602251052856 0.5250110030174255 
vn -0.7044195532798767 -0.543491780757904 0.456519216299057 
vn -0.7489242553710938 -0.5273438692092896 0.401274174451828 
vn -0.7709475755691528 -0.5191006064414978 0.3690181374549866 
vn -0.7448738813400269 -0.5878118276596069 0.31565824151039124 
vn -0.7314422726631165 -0.6022618412971497 0.3198012113571167 
vn -0.695747971534729 -0.6690795421600342 0.2612801790237427 
vn -0.707289457321167 -0.6126428246498108 0.3527185618877411 
vn -0.6661547422409058 -0.6234914064407349 0.40926313400268555 
vn -0.6084325909614563 -0.6351221203804016 0.4758462607860565 
vn -0.5398035049438477 -0.639725923538208 0.5471406579017639 
vn -0.4686044454574585 -0.6411317586898804 0.607749879360199 
vn -0.40848174691200256 -0.6321224570274353 0.6584556698799133 
vn -0.3416688144207001 -0.6269712448120117 0.7001210451126099 
vn -0.28852424025535583 -0.6152713298797607 0.7336177229881287 
vn -0.23046737909317017 -0.6044210195541382 0.762600839138031 
vn -0.18363837897777557 -0.5919943451881409 0.7847417593002319 
vn -0.1380210518836975 -0.5757054090499878 0.8059239983558655 
vn -0.09001948684453964 -0.5635451674461365 0.8211658596992493 
vn -0.05076828598976135 -0.5502779483795166 0.8334367275238037 
vn -0.06584466993808746 -0.6024258136749268 0.7954543828964233 
vn -0.11064548790454865 -0.6202644109725952 0.7765498161315918 
vn -0.15484698116779327 -0.6348985433578491 0.7569189071655273 
vn -0.19875875115394592 -0.6531906723976135 0.7306414246559143 
vn -0.2542788088321686 -0.670478105545044 0.6969945430755615 
vn -0.3055185079574585 -0.6846615672111511 0.661737859249115 
vn -0.36797991394996643 -0.697693407535553 0.6146662831306458 
vn -0.42882657051086426 -0.7075428366661072 0.5616858005523682 
vn -0.49589425325393677 -0.7082104086875916 0.5025205612182617 
vn -0.5597941875457764 -0.7088764905929565 0.42909738421440125 
vn -0.6179536581039429 -0.700588583946228 0.3568037748336792 
vn -0.6544354557991028 -0.6944761872291565 0.2990269064903259 
vn -0.6810631155967712 -0.6823967099189758 0.26549527049064636 
vn -0.6344892978668213 -0.7437629699707031 0.2103329300880432 
vn -0.6170976161956787 -0.7582549452781677 0.2103329300880432 
vn -0.5702930688858032 -0.8067824840545654 0.15449213981628418 
vn -0.5988417267799377 -0.7613041400909424 0.24860523641109467 
vn -0.5567527413368225 -0.773369312286377 0.30319350957870483 
vn -0.5017306804656982 -0.7784872055053711 0.37712597846984863 
vn -0.44148921966552734 -0.7747359275817871 0.45262736082077026 
vn -0.37682363390922546 -0.7682071924209595 0.5175535082817078 
vn -0.3210636079311371 -0.7517139315605164 0.5760593414306641 
vn -0.2641919255256653 -0.7374929785728455 0.6215357780456543 
vn -0.21368899941444397 -0.7186376452445984 0.661737859249115 
vn -0.16061368584632874 -0.6988575458526611 0.6969945430755615 
vn -0.11636139452457428 -0.679224967956543 0.7246471047401428 
vn -0.07333803921937943 -0.6593078374862671 0.7482877969741821 
vn -0.07527251541614532 -0.7161701321601868 0.6938546895980835 
vn -0.11645843088626862 -0.737700879573822 0.6650074124336243 
vn -0.16468961536884308 -0.7602919340133667 0.6283578276634216 
vn -0.21419170498847961 -0.7835959196090698 0.5831804275512695 
vn -0.2651599645614624 -0.8038719892501831 0.5324283838272095 
vn -0.3173081874847412 -0.8202961683273315 0.4758462607860565 
vn -0.380278617143631 -0.8293924927711487 0.40926313400268555 
vn -0.43707501888275146 -0.8374582529067993 0.3280687630176544 
vn -0.49461326003074646 -0.8315240144729614 0.25283506512641907 
vn -0.5271307826042175 -0.8275271058082581 0.19321508705615997 
vn -0.5512620210647583 -0.8190789818763733 0.15880759060382843 
vn -0.49081510305404663 -0.8652133941650391 0.10250037163496017 
vn -0.47077634930610657 -0.8757588863372803 0.10684575140476227 
vn -0.4051882326602936 -0.9128525257110596 0.05022686347365379 
vn -0.4504794478416443 -0.8807924389839172 0.1458524912595749 
vn -0.41838717460632324 -0.8855711817741394 0.2017817199230194 
vn -0.369294673204422 -0.8853958249092102 0.28230419754981995 
vn -0.30891165137290955 -0.8799645900726318 0.36088213324546814 
vn -0.2547687292098999 -0.8646208643913269 0.43303996324539185 
vn -0.2090732753276825 -0.8433958888053894 0.4949462115764618 
vn -0.15565970540046692 -0.8224397301673889 0.5471406579017639 
vn -0.11654719710350037 -0.7961432337760925 0.5937783122062683 
vn -0.07152380049228668 -0.7718647718429565 0.6317508816719055 
vn -0.05466345325112343 -0.8279945254325867 0.5580654144287109 
vn -0.09791232645511627 -0.8545498847961426 0.5100564956665039 
vn -0.13707150518894196 -0.8811014890670776 0.45262736082077026 
vn -0.18917763233184814 -0.9015038013458252 0.3892335295677185 
vn -0.23524406552314758 -0.9192497730255127 0.31565824151039124 
vn -0.28622326254844666 -0.929741621017456 0.23163928091526031 
vn -0.33673080801963806 -0.9288403987884521 0.15449213981628418 
vn -0.3665715456008911 -0.9256490468978882 0.09380380809307098 
vn -0.384291410446167 -0.9215964674949646 0.05459024757146835 
vn -0.31905397772789 -0.947733998298645 0.002184694167226553 
vn -0.2974966764450073 -0.9547003507614136 0.006554040592163801 
vn -0.2191297709941864 -0.9746172428131104 -0.04586252197623253 
vn -0.27764567732810974 -0.9595881700515747 0.04586252197623253 
vn -0.246389240026474 -0.9632633924484253 0.10684575140476227 
vn -0.2005956619977951 -0.9612846970558167 0.18892620503902435 
vn -0.15585139393806458 -0.9490435123443604 0.27391019463539124 
vn -0.11297441273927689 -0.9304279685020447 0.34862664341926575 
vn -0.0659448653459549 -0.9064094424247742 0.417220801115036 
vn -0.030192101374268532 -0.8790100812911987 0.4758462607860565 
vn 0.0037719623651355505 -0.9244976043701172 0.3811691105365753 
vn -0.03207336738705635 -0.9497016668319702 0.31150925159454346 
vn -0.07162252813577652 -0.9701615571975708 0.23163928091526031 
vn -0.11290869116783142 -0.9828421473503113 0.1458524912595749 
vn -0.15220659971237183 -0.9863186478614807 0.0633138045668602 
vn -0.18025460839271545 -0.9836175441741943 -0.002184694167226553 
vn -0.20231705904006958 -0.9784404635429382 -0.04149730131030083 
vn -0.12610386312007904 -0.9879757165908813 -0.08945280313491821 
vn -0.10368626564741135 -0.9913270473480225 -0.08074574917554855 
vn -0.02076868712902069 -0.9914867877960205 -0.12854042649269104 
vn -0.08290397375822067 -0.9956932067871094 -0.04149730131030083 
vn -0.06036682799458504 -0.9979826211929321 0.01966099627315998 
vn -0.022632893174886703 -0.9940179586410522 0.10684575140476227 
vn 0.015096031129360199 -0.9801865816116333 0.1975002884864807 
vn 0.0471322275698185 -0.9605996608734131 0.27391019463539124 
vn 0.10170074552297592 -0.9820575714111328 0.15880759060382843 
vn 0.07168927788734436 -0.9951285719871521 0.06767380982637405 
vn 0.037743259221315384 -0.9990940093994141 -0.01966099627315998 
vn 0.01699676923453808 -0.9965897798538208 -0.08074574917554855 
vn -0.003773920238018036 -0.9922492504119873 -0.1242060661315918 
vn 0.08483916521072388 -0.9829517602920532 -0.16312000155448914 
vn 0.10170074552297592 -0.9820575714111328 -0.15880759060382843 
vn 0.18013016879558563 -0.9636113047599792 -0.1975002884864807 
vn 0.11857691407203674 -0.9862009286880493 -0.11553031951189041 
vn 0.14111587405204773 -0.9887181520462036 -0.05022686347365379 
vn 0.16526459157466888 -0.985550045967102 0.03713129088282585 
vn 0.23387661576271057 -0.9689075350761414 -0.08074574917554855 
vn 0.21540507674217224 -0.9655711650848389 -0.1458524912595749 
vn 0.20429058372974396 -0.96050626039505 -0.18892620503902435 
vn 0.2810460031032562 -0.9333950877189636 -0.22312943637371063 
vn 0.30612143874168396 -0.9274887442588806 -0.21460255980491638 
vn 0.38021647930145264 -0.8920304775238037 -0.24437066912651062 
vn 0.3187479078769684 -0.9321516752243042 -0.17173540592193604 
vn 0.4047411382198334 -0.8846060633659363 -0.23163928091526031 
vn 0.47664254903793335 -0.840673565864563 -0.25706008076667786 
vn 0.5398820638656616 -0.3502280116081238 -0.7654199600219727 
vn 0.5405382513999939 -0.32371091842651367 -0.7765498161315918 
vn 0.5050170421600342 -0.32863765954971313 -0.7980946898460388 
vn 0.5049766302108765 -0.3090067207813263 -0.8059239983558655 
vn 0.5399991869926453 -0.2972123324871063 -0.7874425053596497 
vn 0.5004273653030396 -0.28892189264297485 -0.8161473870277405 
vn 0.5388185977935791 -0.26966533064842224 -0.7980946898460388 
vn 0.5697084069252014 -0.28455090522766113 -0.7710143327713013 
vn 0.5742695927619934 -0.3119105100631714 -0.7569189071655273 
vn 0.5997593402862549 -0.3055926263332367 -0.7395281791687012 
vn 0.5959290862083435 -0.3396943211555481 -0.7276512384414673 
vn 0.5702700614929199 -0.3452499508857727 -0.7453821301460266 
vn 0.5909842848777771 -0.37245526909828186 -0.715552031993866 
vn 0.5652364492416382 -0.37142664194107056 -0.736579954624176 
vn 0.5344179272651672 -0.37612664699554443 -0.7569189071655273 
vn 0.500281035900116 -0.35414159297943115 -0.790128231048584 
vn 0.44986477494239807 -0.3511528968811035 -0.8211658596992493 
vn 0.45047956705093384 -0.33851343393325806 -0.8261215686798096 
vn 0.4510425925254822 -0.31928643584251404 -0.8334367275238037 
vn 0.4469168782234192 -0.306010365486145 -0.8406086564064026 
vn 0.4953867495059967 -0.26854264736175537 -0.8261215686798096 
vn 0.5325201749801636 -0.242060124874115 -0.8110666871070862 
vn 0.5641671419143677 -0.256701797246933 -0.7847417593002319 
vn 0.598166823387146 -0.27128514647483826 -0.7540562748908997 
vn 0.6241898536682129 -0.2993966341018677 -0.7216291427612305 
vn 0.6207549571990967 -0.3402288556098938 -0.7063339352607727 
vn 0.6156212687492371 -0.3735988438129425 -0.6938546895980835 
vn 0.6426781415939331 -0.3746834695339203 -0.6682642698287964 
vn 0.6512156128883362 -0.3345661163330078 -0.681163489818573 
vn 0.6542593836784363 -0.29350170493125916 -0.6969945430755615 
vn 0.6223044991493225 -0.2649284303188324 -0.736579954624176 
vn 0.5921704769134521 -0.24323910474777222 -0.7682244777679443 
vn 0.5575664639472961 -0.22839561104774475 -0.7980946898460388 
vn 0.5222854018211365 -0.2209436446428299 -0.8236515522003174 
vn 0.4898190498352051 -0.24787737429141998 -0.8358433246612549 
vn 0.44259774684906006 -0.2926090955734253 -0.8476362228393555 
vn 0.39377760887145996 -0.32713308930397034 -0.8590245246887207 
vn 0.39300209283828735 -0.33962950110435486 -0.8545181155204773 
vn 0.39254578948020935 -0.34582382440567017 -0.8522403836250305 
vn 0.39204540848731995 -0.3519822359085083 -0.8499464392662048 
vn 0.3909168839454651 -0.36419129371643066 -0.8453097939491272 
vn 0.44427046179771423 -0.36949583888053894 -0.8161473870277405 
vn 0.4988309442996979 -0.37363478541374207 -0.7820260524749756 
vn 0.5245522856712341 -0.40071767568588257 -0.7511792182922363 
vn 0.5549430251121521 -0.4031897187232971 -0.7276512384414673 
vn 0.5810009837150574 -0.4043886363506317 -0.7063339352607727 
vn 0.6054757833480835 -0.4062708020210266 -0.6843559741973877 
vn 0.6318168044090271 -0.414212167263031 -0.6551609039306641 
vn 0.6607903838157654 -0.41568028926849365 -0.6249527335166931 
vn 0.6751509308815002 -0.3694429099559784 -0.6385006904602051 
vn 0.6802031993865967 -0.3287671208381653 -0.6551609039306641 
vn 0.6860291957855225 -0.2800721824169159 -0.6715083718299866 
vn 0.6550966501235962 -0.25140053033828735 -0.7124928832054138 
vn 0.6189874410629272 -0.2293127477169037 -0.7511792182922363 
vn 0.5814306139945984 -0.2147529572248459 -0.7847417593002319 
vn 0.5496767163276672 -0.2000659555196762 -0.8110666871070862 
vn 0.507516622543335 -0.19947579503059387 -0.838234007358551 
vn 0.4763820469379425 -0.2336086481809616 -0.8476362228393555 
vn 0.4380757510662079 -0.27908504009246826 -0.8545181155204773 
vn 0.3890867531299591 -0.320997029542923 -0.8634653687477112 
vn 0.33988645672798157 -0.3465758264064789 -0.87427818775177 
vn 0.33988526463508606 -0.3519010841846466 -0.872148871421814 
vn 0.33988526463508606 -0.3519010841846466 -0.872148871421814 
vn 0.3344123959541321 -0.3571060299873352 -0.872148871421814 
vn 0.3391624987125397 -0.3578600585460663 -0.8700028657913208 
vn 0.3336387574672699 -0.36301547288894653 -0.8700028657913208 
vn 0.3902909457683563 -0.3702419698238373 -0.8429672718048096 
vn 0.4432021677494049 -0.38176262378692627 -0.8110666871070862 
vn 0.4885340631008148 -0.3978753983974457 -0.7765498161315918 
vn 0.5174556374549866 -0.425428569316864 -0.7424622178077698 
vn 0.5398982763290405 -0.43331417441368103 -0.7216291427612305 
vn 0.5658982396125793 -0.4354189932346344 -0.7001210451126099 
vn 0.589917004108429 -0.4435361325740814 -0.67473965883255 
vn 0.6158695816993713 -0.4521275758743286 -0.6452018022537231 
vn 0.6451722383499146 -0.45380401611328125 -0.6146662831306458 
vn 0.6685448884963989 -0.46146324276924133 -0.5831804275512695 
vn 0.6881722807884216 -0.4169486463069916 -0.5937783122062683 
vn 0.7058495879173279 -0.36389073729515076 -0.607749879360199 
vn 0.7139881253242493 -0.3156818449497223 -0.6249527335166931 
vn 0.7164766788482666 -0.2732769846916199 -0.641857385635376 
vn 0.683048665523529 -0.23743577301502228 -0.6907016038894653 
vn 0.6479300260543823 -0.21528999507427216 -0.7306414246559143 
vn 0.6102344393730164 -0.19350726902484894 -0.7682244777679443 
vn 0.5694860816001892 -0.1858319342136383 -0.8007197380065918 
vn 0.5344926714897156 -0.17843987047672272 -0.8261215686798096 
vn 0.4959510564804077 -0.17783039808273315 -0.8499464392662048 
vn 0.46581441164016724 -0.21235300600528717 -0.8590245246887207 
vn 0.4287393093109131 -0.2657257914543152 -0.8634653687477112 
vn 0.3848879635334015 -0.31418874859809875 -0.8678402304649353 
vn 0.3351519703865051 -0.34584999084472656 -0.8763908743858337 
vn 0.3144870102405548 -0.35454410314559937 -0.8805659413337708 
vn 0.3144870102405548 -0.35454410314559937 -0.8805659413337708 
vn 0.3144870102405548 -0.35454410314559937 -0.8805659413337708 
vn 0.3144870102405548 -0.35454410314559937 -0.8805659413337708 
vn 0.3144870102405548 -0.35454410314559937 -0.8805659413337708 
vn 0.3144870102405548 -0.35454410314559937 -0.8805659413337708 
vn 0.3144870102405548 -0.35454410314559937 -0.8805659413337708 
vn 0.33840078115463257 -0.36378321051597595 -0.8678402304649353 
vn 0.3843339681625366 -0.381660133600235 -0.8406086564064026 
vn 0.4369076192378998 -0.39949753880500793 -0.8059239983558655 
vn 0.4818372130393982 -0.4163770079612732 -0.7710143327713013 
vn 0.5019108653068542 -0.4485349655151367 -0.7395281791687012 
vn 0.5280484557151794 -0.4573293924331665 -0.715552031993866 
vn 0.5494762063026428 -0.46544772386550903 -0.6938546895980835 
vn 0.5687987208366394 -0.479469358921051 -0.6682642698287964 
vn 0.5949252843856812 -0.4882425367832184 -0.6385006904602051 
vn 0.6195256114006042 -0.4968179762363434 -0.607749879360199 
vn 0.646051824092865 -0.5048574805259705 -0.5724822878837585 
vn 0.6730838418006897 -0.5133011937141418 -0.5324283838272095 
vn 0.6997862458229065 -0.4636062979698181 -0.5434780716896057 
vn 0.7194674015045166 -0.41829314827919006 -0.5544344186782837 
vn 0.7344541549682617 -0.36447376012802124 -0.5724822878837585 
vn 0.7455888986587524 -0.3093443810939789 -0.590256929397583 
vn 0.7504521012306213 -0.25973400473594666 -0.607749879360199 
vn 0.715787947177887 -0.22304853796958923 -0.661737859249115 
vn 0.6775760650634766 -0.19394241273403168 -0.7094202041625977 
vn 0.6373609304428101 -0.1717579960823059 -0.7511792182922363 
vn 0.5940601229667664 -0.16439856588840485 -0.7874425053596497 
vn 0.5561487674713135 -0.1568501740694046 -0.8161473870277405 
vn 0.5146971940994263 -0.15650209784507751 -0.8429672718048096 
vn 0.4772070348262787 -0.16340447962284088 -0.8634653687477112 
vn 0.45143911242485046 -0.19823667407035828 -0.8700028657913208 
vn 0.4198971390724182 -0.25842103362083435 -0.8700028657913208 
vn 0.380646675825119 -0.3073507249355316 -0.872148871421814 
vn 0.3351519703865051 -0.34584999084472656 -0.8763908743858337 
vn 0.3144870102405548 -0.35454410314559937 -0.8805659413337708 
vn 0.3039206564426422 -0.35860776901245117 -0.882628321647644 
vn 0.3039206564426422 -0.35860776901245117 -0.882628321647644 
vn 0.3039206564426422 -0.35860776901245117 -0.882628321647644 
vn 0.3039206564426422 -0.35860776901245117 -0.882628321647644 
vn 0.3039206564426422 -0.35860776901245117 -0.882628321647644 
vn 0.30964383482933044 -0.35367780923843384 -0.882628321647644 
vn 0.3040008246898651 -0.3534625768661499 -0.8846737742424011 
vn 0.3040008246898651 -0.3534625768661499 -0.8846737742424011 
vn 0.3144870102405548 -0.35454410314559937 -0.8805659413337708 
vn 0.3328274190425873 -0.368889182806015 -0.8678402304649353 
vn 0.38358208537101746 -0.38759323954582214 -0.838234007358551 
vn 0.43100878596305847 -0.41096606850624084 -0.8033295273780823 
vn 0.465842604637146 -0.43911483883857727 -0.7682244777679443 
vn 0.48912784457206726 -0.4717616140842438 -0.7336177229881287 
vn 0.5102354288101196 -0.48619210720062256 -0.7094202041625977 
vn 0.5266445875167847 -0.4999406039714813 -0.6875353455543518 
vn 0.5510596632957458 -0.5083662867546082 -0.661737859249115 
vn 0.5684106349945068 -0.5229884386062622 -0.6351318359375 
vn 0.5919662714004517 -0.5372437238693237 -0.6007870435714722 
vn 0.618208110332489 -0.5461316704750061 -0.5652954578399658 
vn 0.6405095458030701 -0.5604560375213623 -0.5250110030174255 
vn 0.6629007458686829 -0.5748609900474548 -0.4796847105026245 
vn 0.7001757025718689 -0.5217849016189575 -0.48733407258987427 
vn 0.7272968888282776 -0.47148653864860535 -0.4987381398677826 
vn 0.7522230744361877 -0.41250431537628174 -0.5138099193572998 
vn 0.7693566679954529 -0.3585253655910492 -0.528724730014801 
vn 0.7777978181838989 -0.30275052785873413 -0.5507928133010864 
vn 0.7823150753974915 -0.24545294046401978 -0.5724822878837585 
vn 0.7485133409500122 -0.2015407383441925 -0.6317508816719055 
vn 0.7085134387016296 -0.1722370982170105 -0.6843559741973877 
vn 0.6644219160079956 -0.15718340873718262 -0.7306414246559143 
vn 0.6206706166267395 -0.142495259642601 -0.7710143327713013 
vn 0.5764462351799011 -0.13489361107349396 -0.8059239983558655 
vn 0.5359242558479309 -0.1347903609275818 -0.8334367275238037 
vn 0.49786630272865295 -0.1343802660703659 -0.8567795157432556 
vn 0.45802929997444153 -0.14882273972034454 -0.8763908743858337 
vn 0.4367559254169464 -0.183977872133255 -0.8805659413337708 
vn 0.4102489650249481 -0.2448606789112091 -0.8784868121147156 
vn 0.3758556842803955 -0.3011171817779541 -0.8763908743858337 
vn 0.3358210623264313 -0.33983108401298523 -0.8784868121147156 
vn 0.3144870102405548 -0.35454410314559937 -0.8805659413337708 
vn 0.30302104353904724 -0.3643924593925476 -0.8805659413337708 
vn 0.2478269338607788 -0.3764208257198334 -0.8926864862442017 
vn 0.25538870692253113 -0.3618033528327942 -0.8965907096862793 
vn 0.26656973361968994 -0.358534574508667 -0.8946471214294434 
vn 0.272603303194046 -0.3539687991142273 -0.8946471214294434 
vn 0.2785586714744568 -0.3493015170097351 -0.8946471214294434 
vn 0.2785586714744568 -0.3493015170097351 -0.8946471214294434 
vn 0.2685803771018982 -0.34717634320259094 -0.8985171914100647 
vn 0.2646147608757019 -0.3352806270122528 -0.9041935205459595 
vn 0.2605801224708557 -0.32329174876213074 -0.9097144603729248 
vn 0.3040008246898651 -0.3534625768661499 -0.8846737742424011 
vn 0.3144870102405548 -0.35454410314559937 -0.8805659413337708 
vn 0.3376011848449707 -0.3696706295013428 -0.865661084651947 
vn 0.3773356080055237 -0.3987276554107666 -0.8358433246612549 
vn 0.41955751180648804 -0.4275738298892975 -0.8007197380065918 
vn 0.4543766975402832 -0.4557127356529236 -0.7654199600219727 
vn 0.4676656723022461 -0.49304550886154175 -0.7336177229881287 
vn 0.48892050981521606 -0.5076215863227844 -0.7094202041625977 
vn 0.5034184455871582 -0.5274720788002014 -0.6843559741973877 
vn 0.5227530598640442 -0.5414474606513977 -0.6584556698799133 
vn 0.5407382249832153 -0.5554214715957642 -0.6317508816719055 
vn 0.5637696385383606 -0.5704475045204163 -0.5972883701324463 
vn 0.5850252509117126 -0.5850252509117126 -0.5616858005523682 
vn 0.6020951867103577 -0.6047652363777161 -0.5212872624397278 
vn 0.6245839595794678 -0.6192456483840942 -0.4758462607860565 
vn 0.6459993720054626 -0.6339835524559021 -0.42514660954475403 
vn 0.6892298460006714 -0.5838130712509155 -0.42909738421440125 
vn 0.7268005013465881 -0.5299193263053894 -0.43697428703308105 
vn 0.7560263872146606 -0.4728134572505951 -0.45262736082077026 
vn 0.7831573486328125 -0.4136565625667572 -0.4642767012119293 
vn 0.8012901544570923 -0.35234683752059937 -0.4835140109062195 
vn 0.8124868273735046 -0.2890194058418274 -0.5062933564186096 
vn 0.8187198638916016 -0.2239372581243515 -0.528724730014801 
vn 0.7825508117675781 -0.18719379603862762 -0.5937783122062683 
vn 0.7388752102851868 -0.15756794810295105 -0.6551609039306641 
vn 0.6962705254554749 -0.12767013907432556 -0.7063339352607727 
vn 0.6503952145576477 -0.11276442557573318 -0.7511792182922363 
vn 0.6038469076156616 -0.105196513235569 -0.790128231048584 
vn 0.5572348237037659 -0.1052970290184021 -0.8236515522003174 
vn 0.514718770980835 -0.11249758303165436 -0.8499464392662048 
vn 0.47439172863960266 -0.11961971968412399 -0.872148871421814 
vn 0.4343789219856262 -0.1339881420135498 -0.8907088041305542 
vn 0.4188794791698456 -0.1765725016593933 -0.8907088041305542 
vn 0.396562784910202 -0.23769058287143707 -0.8867024183273315 
vn 0.371535986661911 -0.29421862959861755 -0.8805659413337708 
vn 0.33108264207839966 -0.33909863233566284 -0.8805659413337708 
vn 0.3144870102405548 -0.35454410314559937 -0.8805659413337708 
vn 0.308793306350708 -0.3595139980316162 -0.8805659413337708 
vn 0.25686269998550415 -0.3844221830368042 -0.8867024183273315 
vn 0.06768976897001266 -0.417719304561615 -0.9060511589050293 
vn 0.1155276745557785 -0.3653578758239746 -0.9236704111099243 
vn 0.1645968109369278 -0.3504958748817444 -0.9219872951507568 
vn 0.19544140994548798 -0.34356218576431274 -0.9185682535171509 
vn 0.2019864320755005 -0.33975550532341003 -0.9185682535171509 
vn 0.19671323895454407 -0.3381960093975067 -0.9202865362167358 
vn 0.18097133934497833 -0.32855844497680664 -0.926983654499054 
vn 0.14426712691783905 -0.28772827982902527 -0.946783721446991 
vn 0.1231677308678627 -0.21838179230690002 -0.9680594801902771 
vn 0.19291144609451294 -0.20896929502487183 -0.9587059020996094 
vn 0.27711185812950134 -0.31455060839653015 -0.9078915119171143 
vn 0.3096991777420044 -0.34848055243492126 -0.8846737742424011 
vn 0.3144870102405548 -0.35454410314559937 -0.8805659413337708 
vn 0.3319794535636902 -0.374727338552475 -0.865661084651947 
vn 0.37180593609809875 -0.40388891100883484 -0.8358433246612549 
vn 0.40863582491874695 -0.43802356719970703 -0.8007197380065918 
vn 0.44248202443122864 -0.4718576669692993 -0.762600839138031 
vn 0.4497024714946747 -0.5137419700622559 -0.7306414246559143 
vn 0.4653751850128174 -0.5334025621414185 -0.7063339352607727 
vn 0.4811158776283264 -0.5478909015655518 -0.6843559741973877 
vn 0.49493369460105896 -0.5669892430305481 -0.6584556698799133 
vn 0.5107285380363464 -0.5867902636528015 -0.6283578276634216 
vn 0.5249561071395874 -0.6063560247421265 -0.5972883701324463 
vn 0.5464563369750977 -0.6212040781974792 -0.5616858005523682 
vn 0.5635009407997131 -0.6408793330192566 -0.5212872624397278 
vn 0.5806226134300232 -0.6606419086456299 -0.4758462607860565 
vn 0.5966125726699829 -0.6806642413139343 -0.42514660954475403 
vn 0.6135722994804382 -0.7002413272857666 -0.3649536371231079 
vn 0.6658238172531128 -0.6484630107879639 -0.3690181374549866 
vn 0.7096569538116455 -0.5976634621620178 -0.37307560443878174 
vn 0.751916229724884 -0.5378959774971008 -0.3811691105365753 
vn 0.78546541929245 -0.4745756685733795 -0.3972681760787964 
vn 0.8142605423927307 -0.40768563747406006 -0.41324591636657715 
vn 0.8323999643325806 -0.3458130359649658 -0.43303996324539185 
vn 0.8482899069786072 -0.274832159280777 -0.45262736082077026 
vn 0.8520829081535339 -0.20942124724388123 -0.4796847105026245 
vn 0.8156788945198059 -0.16513778269290924 -0.5544344186782837 
vn 0.7728967070579529 -0.12776516377925873 -0.6215357780456543 
vn 0.727495551109314 -0.10546592622995377 -0.677958071231842 
vn 0.6767548322677612 -0.09036610275506973 -0.7306414246559143 
vn 0.62894606590271 -0.07534376531839371 -0.7737894654273987 
vn 0.5800719857215881 -0.07541445642709732 -0.8110666871070862 
vn 0.531546950340271 -0.08284895867109299 -0.8429672718048096 
vn 0.4885866940021515 -0.09020184725522995 -0.8678402304649353 
vn 0.4502629041671753 -0.10498658567667007 -0.8867024183273315 
vn 0.41202452778816223 -0.12671571969985962 -0.9023185968399048 
vn 0.3964230418205261 -0.16932180523872375 -0.9023185968399048 
vn 0.3866014778614044 -0.22393254935741425 -0.8946471214294434 
vn 0.3621452748775482 -0.287418931722641 -0.8867024183273315 
vn 0.33108264207839966 -0.33909863233566284 -0.8805659413337708 
vn 0.3144870102405548 -0.35454410314559937 -0.8805659413337708 
vn 0.308793306350708 -0.3595139980316162 -0.8805659413337708 
vn 0.27415788173675537 -0.3818438947200775 -0.882628321647644 
vn 0.1397409588098526 -0.44477492570877075 -0.8846737742424011 
vn -0.30839091539382935 -0.45856109261512756 -0.8334367275238037 
vn -0.21282291412353516 -0.3282971978187561 -0.9202865362167358 
vn -0.06766658276319504 -0.30619677901268005 -0.949560284614563 
vn 0.0018912545638158917 -0.3094267249107361 -0.9509214162826538 
vn 0.024560600519180298 -0.3084562420845032 -0.9509214162826538 
vn 0.018906909972429276 -0.3005167543888092 -0.953589141368866 
vn -0.020760536193847656 -0.2794375717639923 -0.9599394202232361 
vn -0.12963317334651947 -0.18421900272369385 -0.9742990136146545 
vn -0.18490365147590637 0.026411283761262894 -0.9824016690254211 
vn -4.968388219150346e-15 0.048044804483652115 -0.9988451600074768 
vn 0.12075912952423096 -0.037249255925416946 -0.9919826984405518 
vn 0.23993003368377686 -0.23859256505966187 -0.9410139322280884 
vn 0.28693950176239014 -0.32169368863105774 -0.9023185968399048 
vn 0.3096991777420044 -0.34848055243492126 -0.8846737742424011 
vn 0.3144870102405548 -0.35454410314559937 -0.8805659413337708 
vn 0.3271770179271698 -0.3739098012447357 -0.8678402304649353 
vn 0.3605358600616455 -0.4139804244041443 -0.8358433246612549 
vn 0.3974539637565613 -0.4481944143772125 -0.8007197380065918 
vn 0.4256816804409027 -0.487067848443985 -0.762600839138031 
vn 0.42790713906288147 -0.5279209613800049 -0.7336177229881287 
vn 0.4377366304397583 -0.5523672699928284 -0.7094202041625977 
vn 0.45207875967025757 -0.5720853805541992 -0.6843559741973877 
vn 0.4623759090900421 -0.5901792645454407 -0.661737859249115 
vn 0.47823435068130493 -0.6100678443908691 -0.6317508816719055 
vn 0.4898645877838135 -0.6350427269935608 -0.5972883701324463 
vn 0.5056549310684204 -0.654845118522644 -0.5616858005523682 
vn 0.5167552828788757 -0.6791344285011292 -0.5212872624397278 
vn 0.5279055237770081 -0.7034813761711121 -0.4758462607860565 
vn 0.5438626408576965 -0.7235079407691956 -0.42514660954475403 
vn 0.5520905256271362 -0.7476775050163269 -0.3690181374549866 
vn 0.5659046173095703 -0.766697883605957 -0.30319350957870483 
vn 0.6248135566711426 -0.7195010185241699 -0.30319350957870483 
vn 0.6850717067718506 -0.6623824238777161 -0.30319350957870483 
vn 0.7337937951087952 -0.6058712601661682 -0.30735430121421814 
vn 0.7787728905677795 -0.5396665334701538 -0.3198012113571167 
vn 0.8146341443061829 -0.4754143953323364 -0.33219319581985474 
vn 0.8467694520950317 -0.4017971158027649 -0.34862664341926575 
vn 0.8662669658660889 -0.3322591185569763 -0.37307560443878174 
vn 0.8798487186431885 -0.2608529329299927 -0.3972681760787964 
vn 0.8855020999908447 -0.18744714558124542 -0.42514660954475403 
vn 0.8481793999671936 -0.1429477483034134 -0.5100564956665039 
vn 0.8054748773574829 -0.10540813952684402 -0.5831804275512695 
vn 0.7574390172958374 -0.07543162256479263 -0.6485338807106018 
vn 0.7053025960922241 -0.06033733859658241 -0.7063339352607727 
vn 0.6552448272705078 -0.045314062386751175 -0.7540562748908997 
vn 0.6043189764022827 -0.045287445187568665 -0.7954543828964233 
vn 0.5537325143814087 -0.05287504196166992 -0.8310141563415527 
vn 0.5045754313468933 -0.06038711220026016 -0.8612531423568726 
vn 0.46401530504226685 -0.07521359622478485 -0.882628321647644 
vn 0.4215446412563324 -0.09011772274971008 -0.9023185968399048 
vn 0.3874196708202362 -0.11196508258581161 -0.9150791168212891 
vn 0.3781184256076813 -0.16173294186592102 -0.9115201234817505 
vn 0.373542845249176 -0.2229301631450653 -0.9004265069961548 
vn 0.3577437996864319 -0.2804589569568634 -0.8907088041305542 
vn 0.32632777094841003 -0.3383451998233795 -0.882628321647644 
vn 0.3144870102405548 -0.35454410314559937 -0.8805659413337708 
vn 0.308793306350708 -0.3595139980316162 -0.8805659413337708 
vn 0.27917638421058655 -0.3829675614833832 -0.8805659413337708 
vn 0.19282737374305725 -0.4371253252029419 -0.8784868121147156 
vn -0.11828779429197311 -0.5619577765464783 -0.8186644315719604 
vn -0.7439082860946655 -0.39896586537361145 -0.5361219048500061 
vn -0.691138744354248 -0.17932572960853577 -0.7001210451126099 
vn -0.5561487674713135 -0.1568501740694046 -0.8161473870277405 
vn -0.47072550654411316 -0.17043599486351013 -0.865661084651947 
vn -0.4326869249343872 -0.17359232902526855 -0.8846737742424011 
vn -0.4380946159362793 -0.1594534069299698 -0.8846737742424011 
vn -0.48608312010765076 -0.11980872601270676 -0.865661084651947 
vn -0.5804083943367004 0.034015387296676636 -0.8136147856712341 
vn -0.5440582036972046 0.3373897075653076 -0.7682244777679443 
vn -0.3075339198112488 0.4721716642379761 -0.8261215686798096 
vn -0.15859158337116241 0.40506890416145325 -0.9004265069961548 
vn -0.09167484194040298 0.33847835659980774 -0.9364978075027466 
vn 0.1651143580675125 -0.08731646090745926 -0.9824016690254211 
vn 0.25528407096862793 -0.25795361399650574 -0.931820809841156 
vn 0.2974311113357544 -0.32280272245407104 -0.8985171914100647 
vn 0.3096991777420044 -0.34848055243492126 -0.8846737742424011 
vn 0.3144870102405548 -0.35454410314559937 -0.8805659413337708 
vn 0.3271770179271698 -0.3739098012447357 -0.8678402304649353 
vn 0.35580164194107056 -0.4132419526576996 -0.838234007358551 
vn 0.38020896911621094 -0.4629136621952057 -0.8007197380065918 
vn 0.4083588421344757 -0.5016801953315735 -0.762600839138031 
vn 0.40400823950767517 -0.5464269518852234 -0.7336177229881287 
vn 0.4090646505355835 -0.570105254650116 -0.7124928832054138 
vn 0.4243726134300232 -0.5892393589019775 -0.6875353455543518 
vn 0.4275939166545868 -0.6123141646385193 -0.6650074124336243 
vn 0.4435484707355499 -0.6323545575141907 -0.6351318359375 
vn 0.4498029947280884 -0.6608571410179138 -0.6007870435714722 
vn 0.45946070551872253 -0.6850817203521729 -0.5652954578399658 
vn 0.4704855978488922 -0.7092296481132507 -0.5250110030174255 
vn 0.4815772771835327 -0.7334752082824707 -0.4796847105026245 
vn 0.48501041531562805 -0.7619975805282593 -0.42909738421440125 
vn 0.4940764904022217 -0.7853044271469116 -0.37307560443878174 
vn 0.4999553859233856 -0.8080882430076599 -0.31150925159454346 
vn 0.5042904615402222 -0.830691397190094 -0.23588760197162628 
vn 0.5739357471466064 -0.7854559421539307 -0.23163928091526031 
vn 0.6402972936630249 -0.7336993217468262 -0.22738653421401978 
vn 0.6991332173347473 -0.6764288544654846 -0.23163928091526031 
vn 0.7535102367401123 -0.6136606335639954 -0.23588760197162628 
vn 0.8035255670547485 -0.5408716201782227 -0.24860523641109467 
vn 0.8430861234664917 -0.470040887594223 -0.2612801790237427 
vn 0.8739117980003357 -0.39570513367652893 -0.28230419754981995 
vn 0.8981548547744751 -0.3184204399585724 -0.30319350957870483 
vn 0.912441611289978 -0.23895180225372314 -0.33219319581985474 
vn 0.9178542494773865 -0.16525034606456757 -0.36088213324546814 
vn 0.8825072646141052 -0.11300947517156601 -0.456519216299057 
vn 0.838401198387146 -0.07545747607946396 -0.5398051738739014 
vn 0.7901667952537537 -0.04532100632786751 -0.6112139225006104 
vn 0.7374376058578491 -0.030202258378267288 -0.67473965883255 
vn 0.6825942993164062 -0.01510410662740469 -0.7306414246559143 
vn 0.6264744997024536 -0.015113316476345062 -0.7792953848838806 
vn 0.5740728974342346 -0.015127216465771198 -0.8186644315719604 
vn 0.5226593017578125 -0.022662222385406494 -0.8522403836250305 
vn 0.47627151012420654 -0.037767812609672546 -0.8784868121147156 
vn 0.43478265404701233 -0.06025691330432892 -0.8985171914100647 
vn 0.39472198486328125 -0.08261196315288544 -0.9150791168212891 
vn 0.3623039424419403 -0.11175596714019775 -0.9253358840942383 
vn 0.359441339969635 -0.15451394021511078 -0.9202865362167358 
vn 0.35919904708862305 -0.21612289547920227 -0.9078915119171143 
vn 0.34811899065971375 -0.2800350785255432 -0.8946471214294434 
vn 0.3262985646724701 -0.33298876881599426 -0.8846737742424011 
vn 0.3144870102405548 -0.35454410314559937 -0.8805659413337708 
vn 0.308793306350708 -0.3595139980316162 -0.8805659413337708 
vn 0.28524789214134216 -0.37846696376800537 -0.8805659413337708 
vn 0.21864205598831177 -0.4291091859340668 -0.8763908743858337 
vn 0.02268609032034874 -0.5484991073608398 -0.8358433246612549 
vn -0.5489998459815979 -0.6503557562828064 -0.5250110030174255 
vn -0.8968863487243652 -0.32197609543800354 -0.30319350957870483 
vn -0.8979195356369019 -0.05285847559571266 -0.43697428703308105 
vn -0.8577711582183838 0.015098296105861664 -0.5138099193572998 
vn -0.8320901989936829 0.015111999586224556 -0.5544344186782837 
vn -0.8196039199829102 0.022658511996269226 -0.5724822878837585 
vn -0.8193604350090027 0.03020835854113102 -0.5724822878837585 
vn -0.827596127986908 0.06039603054523468 -0.5580654144287109 
vn -0.8223327994346619 0.17994199693202972 -0.5398051738739014 
vn -0.6857391595840454 0.4758036136627197 -0.5507928133010864 
vn -0.4556962549686432 0.678598940372467 -0.5760593414306641 
vn -0.35675495862960815 0.7034992575645447 -0.6146662831306458 
vn -0.32393190264701843 0.6919413208961487 -0.6452018022537231 
vn -0.31139957904815674 0.6851762533187866 -0.6584556698799133 
vn -0.06013089045882225 0.3119886815547943 -0.9481810927391052 
vn 0.1818581521511078 -0.10135797411203384 -0.9780870079994202 
vn 0.2650328576564789 -0.2596806287765503 -0.9286137819290161 
vn 0.2974311113357544 -0.32280272245407104 -0.8985171914100647 
vn 0.3096991777420044 -0.34848055243492126 -0.8846737742424011 
vn 0.3144870102405548 -0.35454410314559937 -0.8805659413337708 
vn 0.3214508891105652 -0.37884384393692017 -0.8678402304649353 
vn 0.34420275688171387 -0.42295175790786743 -0.838234007358551 
vn 0.3684081435203552 -0.4723593294620514 -0.8007197380065918 
vn 0.38586005568504333 -0.5150187611579895 -0.7654199600219727 
vn 0.37710246443748474 -0.5575767159461975 -0.7395281791687012 
vn 0.38672372698783875 -0.5817474722862244 -0.715552031993866 
vn 0.39119917154312134 -0.6045898199081421 -0.6938546895980835 
vn 0.3988693952560425 -0.6279538869857788 -0.6682642698287964 
vn 0.4021259844303131 -0.6562100052833557 -0.6385006904602051 
vn 0.4100859463214874 -0.6800511479377747 -0.607749879360199 
vn 0.4143119752407074 -0.7075377106666565 -0.5724822878837585 
vn 0.4188683032989502 -0.7355741262435913 -0.5324283838272095 
vn 0.4234534800052643 -0.7636705040931702 -0.48733407258987427 
vn 0.4257035553455353 -0.7901793718338013 -0.4409002661705017 
vn 0.4283466339111328 -0.8173960447311401 -0.3852050006389618 
vn 0.4294757544994354 -0.8445577025413513 -0.3198012113571167 
vn 0.43333402276039124 -0.866266131401062 -0.24860523641109467 
vn 0.42386576533317566 -0.8901153206825256 -0.16742929816246033 
vn 0.506667971611023 -0.847388744354248 -0.15880759060382843 
vn 0.5777559280395508 -0.8022754788398743 -0.15017375349998474 
vn 0.6491541862487793 -0.7465426325798035 -0.1458524912595749 
vn 0.7142626643180847 -0.6835763454437256 -0.15017375349998474 
vn 0.7722456455230713 -0.6151558756828308 -0.15880759060382843 
vn 0.8233864903450012 -0.5422195792198181 -0.16742929816246033 
vn 0.8664249181747437 -0.46391624212265015 -0.18463370203971863 
vn 0.9007667899131775 -0.382307231426239 -0.2060592919588089 
vn 0.9238969087600708 -0.304561585187912 -0.23163928091526031 
vn 0.9416833519935608 -0.2171463668346405 -0.25706008076667786 
vn 0.9471797347068787 -0.13549022376537323 -0.29067665338516235 
vn 0.9156797528266907 -0.08295425027608871 -0.3932546079158783 
vn 0.8720386028289795 -0.04532322287559509 -0.48733407258987427 
vn 0.8222718834877014 -0.015108385123312473 -0.5688942670822144 
vn 0.7667868733406067 0.007551754824817181 -0.641857385635376 
vn 0.7105966806411743 0.02267170138657093 -0.7032341957092285 
vn 0.6531150937080383 0.02268117293715477 -0.7569189071655273 
vn 0.5951030254364014 0.02267243154346943 -0.8033295273780823 
vn 0.5415900945663452 0.0075625162571668625 -0.8406086564064026 
vn 0.48918232321739197 -0.007552499417215586 -0.872148871421814 
vn 0.4418276846408844 -0.030221842229366302 -0.8965907096862793 
vn 0.4038256108760834 -0.052846476435661316 -0.913308322429657 
vn 0.36752113699913025 -0.07502997666597366 -0.926983654499054 
vn 0.3368102014064789 -0.11142248660326004 -0.9349566102027893 
vn 0.3375169336795807 -0.15413881838321686 -0.9286137819290161 
vn 0.34110233187675476 -0.2151263952255249 -0.9150791168212891 
vn 0.33892911672592163 -0.2789155840873718 -0.8985171914100647 
vn 0.32153138518333435 -0.33222946524620056 -0.8867024183273315 
vn 0.3144870102405548 -0.35454410314559937 -0.8805659413337708 
vn 0.30790624022483826 -0.3653145432472229 -0.8784868121147156 
vn 0.2841780483722687 -0.3840622305870056 -0.8784868121147156 
vn 0.22391128540039062 -0.4306986927986145 -0.87427818775177 
vn 0.06413266807794571 -0.5378327369689941 -0.8406086564064026 
vn -0.38602763414382935 -0.7089283466339111 -0.590256929397583 
vn -0.7696014046669006 -0.6058034300804138 -0.2017817199230194 
vn -0.9273033738136292 -0.29732784628868103 -0.22738653421401978 
vn -0.9372312426567078 -0.007549903821200132 -0.34862664341926575 
vn -0.9197443723678589 0.07541473954916 -0.3852050006389618 
vn -0.9135905504226685 0.0867772325873375 -0.3972681760787964 
vn -0.9093314409255981 0.09418316185474396 -0.405272513628006 
vn -0.9067245125770569 0.10175612568855286 -0.40926313400268555 
vn -0.9039180874824524 0.1242406815290451 -0.40926313400268555 
vn -0.8758866190910339 0.22067631781101227 -0.42909738421440125 
vn -0.7142773270606995 0.5096179246902466 -0.4796847105026245 
vn -0.4878782033920288 0.7242101430892944 -0.48733407258987427 
vn -0.41017231345176697 0.7708853483200073 -0.48733407258987427 
vn -0.3912513554096222 0.7782667279243469 -0.4911448359489441 
vn -0.38113725185394287 0.7808730006217957 -0.4949462115764618 
vn -0.374336838722229 0.7841557264328003 -0.4949462115764618 
vn -0.3012892007827759 0.6928123831748962 -0.6551609039306641 
vn -0.056498222053050995 0.32526132464408875 -0.9439348578453064 
vn 0.1805630624294281 -0.09476681053638458 -0.9789873361587524 
vn 0.2654426693916321 -0.25341561436653137 -0.9302261471748352 
vn 0.2974311113357544 -0.32280272245407104 -0.8985171914100647 
vn 0.3096991777420044 -0.34848055243492126 -0.8846737742424011 
vn 0.3144870102405548 -0.35454410314559937 -0.8805659413337708 
vn 0.3214508891105652 -0.37884384393692017 -0.8678402304649353 
vn 0.33830344676971436 -0.42768508195877075 -0.838234007358551 
vn 0.3576466739177704 -0.47618329524993896 -0.8033295273780823 
vn 0.36270609498023987 -0.5275182127952576 -0.7682244777679443 
vn 0.3484782576560974 -0.5683030486106873 -0.7453821301460266 
vn 0.35265907645225525 -0.5957205295562744 -0.7216291427612305 
vn 0.3570120930671692 -0.618363082408905 -0.7001210451126099 
vn 0.3580734133720398 -0.6453757286071777 -0.67473965883255 
vn 0.36411911249160767 -0.6684467792510986 -0.6485338807106018 
vn 0.36660146713256836 -0.6953755617141724 -0.6181069612503052 
vn 0.3640788495540619 -0.7261867523193359 -0.5831804275512695 
vn 0.368582546710968 -0.7541740536689758 -0.5434780716896057 
vn 0.36754110455513 -0.7849674224853516 -0.4987381398677826 
vn 0.36980095505714417 -0.8114035725593567 -0.45262736082077026 
vn 0.3655383586883545 -0.8417598605155945 -0.3972681760787964 
vn 0.3603924512863159 -0.870064377784729 -0.3363112509250641 
vn 0.35055503249168396 -0.8981221914291382 -0.26549527049064636 
vn 0.3436167240142822 -0.920781135559082 -0.18463370203971863 
vn 0.32613733410835266 -0.9402129650115967 -0.0981530249118805 
vn 0.4190499186515808 -0.9043656587600708 -0.08074574917554855 
vn 0.5010324716567993 -0.8627784848213196 -0.06767380982637405 
vn 0.5783342123031616 -0.813339352607727 -0.0633138045668602 
vn 0.6555349230766296 -0.7528602480888367 -0.058952588587999344 
vn 0.7262524366378784 -0.6848955750465393 -0.058952588587999344 
vn 0.7843925356864929 -0.6165619492530823 -0.06767380982637405 
vn 0.8399885892868042 -0.536562442779541 -0.08074574917554855 
vn 0.887046754360199 -0.4511253237724304 -0.0981530249118805 
vn 0.9218441247940063 -0.3685576915740967 -0.11986933648586273 
vn 0.9479654431343079 -0.2829992175102234 -0.1458524912595749 
vn 0.9648654460906982 -0.19505175948143005 -0.1760382205247879 
vn 0.9719129800796509 -0.10557086765766144 -0.2103329300880432 
vn 0.9446012377738953 -0.05284503102302551 -0.3239381015300751 
vn 0.9032266139984131 -0.007556954398751259 -0.42909738421440125 
vn 0.8530805706977844 0.022653477266430855 -0.5212872624397278 
vn 0.7954886555671692 0.04528141766786575 -0.6042742133140564 
vn 0.7355839610099792 0.06035391986370087 -0.67473965883255 
vn 0.6768748760223389 0.06037785857915878 -0.7336177229881287 
vn 0.6168728470802307 0.06040048971772194 -0.7847417593002319 
vn 0.5580379366874695 0.04534139484167099 -0.8285757899284363 
vn 0.5035009980201721 0.030237611383199692 -0.8634653687477112 
vn 0.4545115828514099 0.007555670570582151 -0.8907088041305542 
vn 0.41097790002822876 -0.015107679180800915 -0.9115201234817505 
vn 0.3723667860031128 -0.04521351307630539 -0.926983654499054 
vn 0.3383629024028778 -0.07501325011253357 -0.9380210638046265 
vn 0.306487113237381 -0.11110532283782959 -0.9453682899475098 
vn 0.31523850560188293 -0.1536116898059845 -0.9364978075027466 
vn 0.3272647559642792 -0.21440714597702026 -0.9202865362167358 
vn 0.32913535833358765 -0.2783720791339874 -0.9023185968399048 
vn 0.32153138518333435 -0.33222946524620056 -0.8867024183273315 
vn 0.3144870102405548 -0.35454410314559937 -0.8805659413337708 
vn 0.30790624022483826 -0.3653145432472229 -0.8784868121147156 
vn 0.2769228219985962 -0.39402133226394653 -0.8763908743858337 
vn 0.21687938272953033 -0.4385427236557007 -0.872148871421814 
vn 0.07163573801517487 -0.5368849039077759 -0.8406086564064026 
vn -0.32917138934135437 -0.7108723521232605 -0.6215357780456543 
vn -0.6892169117927551 -0.6958909630775452 -0.2017817199230194 
vn -0.8162888288497925 -0.5706756711006165 -0.08945280313491821 
vn -0.9315440058708191 -0.2935498058795929 -0.21460255980491638 
vn -0.9417508840560913 -1.9477584963737554e-13 -0.3363112509250641 
vn -0.9269821047782898 0.08667788654565811 -0.3649536371231079 
vn -0.9238321185112 0.10178299993276596 -0.3690181374549866 
vn -0.9208954572677612 0.1129872128367424 -0.37307560443878174 
vn -0.9187830090522766 0.1166779026389122 -0.37712597846984863 
vn -0.9150707721710205 0.1317407488822937 -0.3811691105365753 
vn -0.8834875822067261 0.22793281078338623 -0.40926313400268555 
vn -0.7218267321586609 0.5132380127906799 -0.4642767012119293 
vn -0.49625080823898315 0.728664755821228 -0.4719987213611603 
vn -0.4186555743217468 0.7804964184761047 -0.4642767012119293 
vn -0.40528735518455505 0.7875210046768188 -0.4642767012119293 
vn -0.39180129766464233 0.7943165898323059 -0.4642767012119293 
vn -0.3837032914161682 0.800500750541687 -0.46040233969688416 
vn -0.37001773715019226 0.8069179058074951 -0.46040233969688416 
vn -0.36404240131378174 0.791359543800354 -0.4911448359489441 
vn -0.29121559858322144 0.7154027223587036 -0.6351318359375 
vn -0.07331199944019318 0.38431498408317566 -0.9202865362167358 
vn 0.17243877053260803 -0.04489956423640251 -0.9839963912963867 
vn 0.26573580503463745 -0.23503312468528748 -0.9349566102027893 
vn 0.2981136739253998 -0.31679701805114746 -0.9004265069961548 
vn 0.3096991777420044 -0.34848055243492126 -0.8846737742424011 
vn 0.3144870102405548 -0.35454410314559937 -0.8805659413337708 
vn 0.3214508891105652 -0.37884384393692017 -0.8678402304649353 
vn 0.32747682929039 -0.4314347803592682 -0.8406086564064026 
vn 0.34059959650039673 -0.48422977328300476 -0.8059239983558655 
vn 0.3414537012577057 -0.5335346460342407 -0.7737894654273987 
vn 0.3267725110054016 -0.5735412240028381 -0.7511792182922363 
vn 0.32314491271972656 -0.6050628423690796 -0.7276512384414673 
vn 0.32366371154785156 -0.6260709166526794 -0.7094202041625977 
vn 0.3246111273765564 -0.6529046893119812 -0.6843559741973877 
vn 0.3250901997089386 -0.6787875294685364 -0.6584556698799133 
vn 0.32066062092781067 -0.7087617516517639 -0.6283578276634216 
vn 0.31792595982551575 -0.7391551733016968 -0.5937783122062683 
vn 0.3131813108921051 -0.7684272527694702 -0.5580654144287109 
vn 0.30638784170150757 -0.8013275861740112 -0.5138099193572998 
vn 0.3016355633735657 -0.8305774331092834 -0.46814218163490295 
vn 0.29285794496536255 -0.8622424602508545 -0.41324591636657715 
vn 0.28627994656562805 -0.8908610343933105 -0.3527185618877411 
vn 0.27191978693008423 -0.9199804067611694 -0.28230419754981995 
vn 0.2575180232524872 -0.9440466165542603 -0.2060592919588089 
vn 0.23561549186706543 -0.9644255638122559 -0.11986933648586273 
vn 0.21717113256454468 -0.9757204055786133 -0.028397228568792343 
vn 0.3118877410888672 -0.9501164555549622 -0.002184694167226553 
vn 0.40346741676330566 -0.9148662090301514 0.0152922747656703 
vn 0.49105650186538696 -0.8706647753715515 0.028397228568792343 
vn 0.5800294280052185 -0.813748836517334 0.03713129088282585 
vn 0.6568847894668579 -0.7528481483459473 0.04149730131030083 
vn 0.727638840675354 -0.6849547624588013 0.03713129088282585 
vn 0.7960869669914246 -0.6045156121253967 0.028397228568792343 
vn 0.8517504334449768 -0.5237245559692383 0.0152922747656703 
vn 0.8990859389305115 -0.4377666711807251 -0.002184694167226553 
vn 0.937396764755249 -0.34743332862854004 -0.024029340595006943 
vn 0.9659174084663391 -0.2539306581020355 -0.05022686347365379 
vn 0.982553243637085 -0.16536948084831238 -0.08510008454322815 
vn 0.9904640316963196 -0.06791415065526962 -0.11986933648586273 
vn 0.9684871435165405 -0.015100936405360699 -0.24860523641109467 
vn 0.9321223497390747 0.030199721455574036 -0.36088213324546814 
vn 0.8836310505867004 0.06035975366830826 -0.4642767012119293 
vn 0.8248477578163147 0.09049388766288757 -0.5580654144287109 
vn 0.7661606073379517 0.09800770878791809 -0.6351318359375 
vn 0.6999990940093994 0.10532606393098831 -0.7063339352607727 
vn 0.6382421851158142 0.10529445111751556 -0.762600839138031 
vn 0.577928364276886 0.09038634598255157 -0.8110666871070862 
vn 0.517702579498291 0.07530190795660019 -0.8522403836250305 
vn 0.46710073947906494 0.05276535823941231 -0.882628321647644 
vn 0.4185904562473297 0.02269531600177288 -0.9078915119171143 
vn 0.3750256299972534 -0.007553442846983671 -0.926983654499054 
vn 0.33532729744911194 -0.04525956138968468 -0.9410139322280884 
vn 0.3087741732597351 -0.0749078020453453 -0.9481810927391052 
vn 0.28167441487312317 -0.11769507825374603 -0.9522643685340881 
vn 0.29377731680870056 -0.15943643450737 -0.9424833655357361 
vn 0.31326714158058167 -0.21358193457126617 -0.9253358840942383 
vn 0.3198091685771942 -0.27711623907089233 -0.9060511589050293 
vn 0.3167478144168854 -0.3314485251903534 -0.888714075088501 
vn 0.3144870102405548 -0.35454410314559937 -0.8805659413337708 
vn 0.30790624022483826 -0.3653145432472229 -0.8784868121147156 
vn 0.275524765253067 -0.4042802155017853 -0.872148871421814 
vn 0.20389367640018463 -0.4613620638847351 -0.8634653687477112 
vn 0.06415937095880508 -0.5525386929512024 -0.8310141563415527 
vn -0.3154100477695465 -0.7170842289924622 -0.6215357780456543 
vn -0.6647593379020691 -0.7168368697166443 -0.2103329300880432 
vn -0.7595444917678833 -0.6488364338874817 -0.04586252197623253 
vn -0.8230599761009216 -0.5644144415855408 -0.0633138045668602 
vn -0.9301307797431946 -0.3010261654853821 -0.2103329300880432 
vn -0.9432038068771362 -0.0037747491151094437 -0.33219319581985474 
vn -0.9269821047782898 0.08667788654565811 -0.3649536371231079 
vn -0.9238321185112 0.10178299993276596 -0.3690181374549866 
vn -0.921784520149231 0.10548853129148483 -0.37307560443878174 
vn -0.9187830090522766 0.1166779026389122 -0.37712597846984863 
vn -0.9150707721710205 0.1317407488822937 -0.3811691105365753 
vn -0.8853620290756226 0.22778990864753723 -0.405272513628006 
vn -0.7261760234832764 0.5070656538009644 -0.4642767012119293 
vn -0.5024785399436951 0.7243842482566833 -0.4719987213611603 
vn -0.4186555743217468 0.7804964184761047 -0.4642767012119293 
vn -0.40528735518455505 0.7875210046768188 -0.4642767012119293 
vn -0.3972776234149933 0.7938514947891235 -0.46040233969688416 
vn -0.3905046284198761 0.7972050309181213 -0.46040233969688416 
vn -0.37001773715019226 0.8069179058074951 -0.46040233969688416 
vn -0.28035154938697815 0.8506116271018982 -0.44481781125068665 
vn -0.28035154938697815 0.8506116271018982 -0.44481781125068665 
vn -0.2694692313671112 0.8415635824203491 -0.46814218163490295 
vn -0.2201039046049118 0.7898216843605042 -0.5724822878837585 
vn -0.05475384742021561 0.549895703792572 -0.8334367275238037 
vn 0.16640815138816833 0.09389617294073105 -0.9815762042999268 
vn 0.2727564871311188 -0.17855709791183472 -0.9453682899475098 
vn 0.30347195267677307 -0.3061468005180359 -0.9023185968399048 
vn 0.3096991777420044 -0.34848055243492126 -0.8846737742424011 
vn 0.3144870102405548 -0.35454410314559937 -0.8805659413337708 
vn 0.3156503438949585 -0.38369020819664 -0.8678402304649353 
vn 0.32259663939476013 -0.43050846457481384 -0.8429672718048096 
vn 0.3245897889137268 -0.48663368821144104 -0.8110666871070862 
vn 0.3187665641307831 -0.5395244359970093 -0.7792953848838806 
vn 0.29971498250961304 -0.576996386051178 -0.7597671151161194 
vn 0.2958882749080658 -0.60819411277771 -0.736579954624176 
vn 0.28951552510261536 -0.6322962045669556 -0.7185974717140198 
vn 0.2865881621837616 -0.6573171615600586 -0.6969945430755615 
vn 0.285123348236084 -0.6871153712272644 -0.6682642698287964 
vn 0.2768016755580902 -0.7151223421096802 -0.641857385635376 
vn 0.26686641573905945 -0.7479454278945923 -0.607749879360199 
vn 0.2634046971797943 -0.776454746723175 -0.5724822878837585 
vn 0.25293833017349243 -0.807800829410553 -0.5324283838272095 
vn 0.2423854023218155 -0.8389009833335876 -0.48733407258987427 
vn 0.2278178483247757 -0.8721097707748413 -0.43303996324539185 
vn 0.20960897207260132 -0.9038134217262268 -0.37307560443878174 
vn 0.1948930323123932 -0.9314236640930176 -0.30735430121421814 
vn 0.1747092604637146 -0.95698481798172 -0.23163928091526031 
vn 0.14860419929027557 -0.9780817031860352 -0.1458524912595749 
vn 0.11862722039222717 -0.9914370775222778 -0.05459024757146835 
vn 0.09045028686523438 -0.995361864566803 0.03276457265019417 
vn 0.19307971000671387 -0.979138195514679 0.0633138045668602 
vn 0.29194146394729614 -0.9522438645362854 0.08945280313491821 
vn 0.38918882608413696 -0.9149404764175415 0.10684575140476227 
vn 0.4810571074485779 -0.8684557676315308 0.11986933648586273 
vn 0.5690759420394897 -0.8121760487556458 0.12854042649269104 
vn 0.6519018411636353 -0.74657142162323 0.1328723281621933 
vn 0.7280705571174622 -0.6733428835868835 0.12854042649269104 
vn 0.796923816204071 -0.5920673608779907 0.11986933648586273 
vn 0.8534241318702698 -0.510148286819458 0.10684575140476227 
vn 0.9044827222824097 -0.4170241951942444 0.08945280313491821 
vn 0.9432730078697205 -0.3259255290031433 0.0633138045668602 
vn 0.9720506072044373 -0.23181647062301636 0.03713129088282585 
vn 0.991767942905426 -0.1280297040939331 0.002184694167226553 
vn 0.9990071058273315 -0.030186811462044716 -0.03276457265019417 
vn 0.9868481159210205 0.03018239513039589 -0.15880759060382843 
vn 0.9556717276573181 0.0679207444190979 -0.2864931523799896 
vn 0.9098616242408752 0.1055026724934578 -0.401274174451828 
vn 0.8538914918899536 0.1354343593120575 -0.5025205612182617 
vn 0.7904754281044006 0.15025272965431213 -0.5937783122062683 
vn 0.7256317734718323 0.15011674165725708 -0.6715083718299866 
vn 0.6595129370689392 0.1499755084514618 -0.736579954624176 
vn 0.5943818688392639 0.1348336935043335 -0.7927988767623901 
vn 0.5335510969161987 0.11263652890920639 -0.838234007358551 
vn 0.4769541323184967 0.09029044210910797 -0.87427818775177 
vn 0.42682763934135437 0.060326267033815384 -0.9023185968399048 
vn 0.37794229388237 0.030218834057450294 -0.9253358840942383 
vn 0.3382833003997803 -0.007565306033939123 -0.9410139322280884 
vn 0.3019183576107025 -0.045143209397792816 -0.9522643685340881 
vn 0.27670156955718994 -0.08196273446083069 -0.9574540853500366 
vn 0.25576379895210266 -0.12436991930007935 -0.9587059020996094 
vn 0.2713041305541992 -0.16536849737167358 -0.9481810927391052 
vn 0.2946609556674957 -0.2187560498714447 -0.9302261471748352 
vn 0.31455060839653015 -0.27711185812950134 -0.9078915119171143 
vn 0.3167478144168854 -0.3314485251903534 -0.888714075088501 
vn 0.3144870102405548 -0.35454410314559937 -0.8805659413337708 
vn 0.31277450919151306 -0.3662118911743164 -0.8763908743858337 
vn 0.2831752598285675 -0.4174198806285858 -0.8634653687477112 
vn 0.176275834441185 -0.5082646608352661 -0.8429672718048096 
vn 0.013227693736553192 -0.595387876033783 -0.8033295273780823 
vn -0.3387635350227356 -0.7326909303665161 -0.590256929397583 
vn -0.6591995358467102 -0.7219529151916504 -0.2103329300880432 
vn -0.7478659749031067 -0.6625514626502991 -0.04149730131030083 
vn -0.7681077718734741 -0.6401379704475403 -0.0152922747656703 
vn -0.8230599761009216 -0.5644144415855408 -0.0633138045668602 
vn -0.9299436807632446 -0.30453959107398987 -0.2060592919588089 
vn -0.943143367767334 -0.011324005201458931 -0.33219319581985474 
vn -0.9269821047782898 0.08667788654565811 -0.3649536371231079 
vn -0.9238321185112 0.10178299993276596 -0.3690181374549866 
vn -0.921784520149231 0.10548853129148483 -0.37307560443878174 
vn -0.9187830090522766 0.1166779026389122 -0.37712597846984863 
vn -0.9150707721710205 0.1317407488822937 -0.3811691105365753 
vn -0.8853620290756226 0.22778990864753723 -0.405272513628006 
vn -0.7304725050926208 0.5008563995361328 -0.4642767012119293 
vn -0.5024785399436951 0.7243842482566833 -0.4719987213611603 
vn -0.4186555743217468 0.7804964184761047 -0.4642767012119293 
vn -0.40528735518455505 0.7875210046768188 -0.4642767012119293 
vn -0.3972776234149933 0.7938514947891235 -0.46040233969688416 
vn -0.3905046284198761 0.7972050309181213 -0.46040233969688416 
vn -0.37001773715019226 0.8069179058074951 -0.46040233969688416 
vn -0.28751540184020996 0.8482169508934021 -0.44481781125068665 
vn 0.016996977850794792 0.9292667508125305 -0.3690181374549866 
vn 0.024549704045057297 0.9290978908538818 -0.3690181374549866 
vn 0.02830115705728531 0.9305954575538635 -0.3649536371231079 
vn 0.039645057171583176 0.9236549139022827 -0.3811691105365753 
vn 0.0641266405582428 0.8893909454345703 -0.45262736082077026 
vn 0.15751023590564728 0.7240628600120544 -0.6715083718299866 
vn 0.2697697579860687 0.2777836322784424 -0.9219872951507568 
vn 0.31522759795188904 -0.11116044968366623 -0.9424833655357361 
vn 0.31916332244873047 -0.28975141048431396 -0.9023185968399048 
vn 0.3153159022331238 -0.34340670704841614 -0.8846737742424011 
vn 0.3144870102405548 -0.35454410314559937 -0.8805659413337708 
vn 0.31077340245246887 -0.38277268409729004 -0.8700028657913208 
vn 0.3115880787372589 -0.4340094029903412 -0.8453097939491272 
vn 0.3069205582141876 -0.49379220604896545 -0.8136147856712341 
vn 0.30223986506462097 -0.5411390066146851 -0.7847417593002319 
vn 0.2709326446056366 -0.5800229907035828 -0.7682244777679443 
vn 0.264288991689682 -0.6084542870521545 -0.7482877969741821 
vn 0.25778859853744507 -0.6322247385978699 -0.7306414246559143 
vn 0.24774503707885742 -0.6598070859909058 -0.7094202041625977 
vn 0.24107716977596283 -0.6881414651870728 -0.6843559741973877 
vn 0.23058168590068817 -0.7194416522979736 -0.6551609039306641 
vn 0.21812449395656586 -0.749570369720459 -0.6249527335166931 
vn 0.20740126073360443 -0.7801163196563721 -0.590256929397583 
vn 0.1909835785627365 -0.8124977350234985 -0.5507928133010864 
vn 0.1744873970746994 -0.8445242047309875 -0.5062933564186096 
vn 0.1578025221824646 -0.8756075501441956 -0.456519216299057 
vn 0.14113396406173706 -0.9067850708961487 -0.3972681760787964 
vn 0.11484447866678238 -0.936193585395813 -0.33219319581985474 
vn 0.08862083405256271 -0.9611862301826477 -0.2612801790237427 
vn 0.05849328637123108 -0.9826439023017883 -0.1760382205247879 
vn 0.024540673941373825 -0.996070146560669 -0.08510008454322815 
vn -0.007551815826445818 -0.9999691247940063 0.002184694167226553 
vn -0.02452145703136921 -0.997692346572876 0.0633138045668602 
vn 0.07544500380754471 -0.9923074245452881 0.0981530249118805 
vn 0.17468643188476562 -0.9761977195739746 0.12854042649269104 
vn 0.2793380320072174 -0.9476826786994934 0.15449213981628418 
vn 0.3752537667751312 -0.91087406873703 0.17173540592193604 
vn 0.47234976291656494 -0.8609254360198975 0.18892620503902435 
vn 0.5602156519889832 -0.8044576048851013 0.1975002884864807 
vn 0.642168402671814 -0.7395294904708862 0.2017817199230194 
vn 0.7193458676338196 -0.6659843921661377 0.1975002884864807 
vn 0.7886373400688171 -0.5851137042045593 0.18892620503902435 
vn 0.8496549129486084 -0.49708864092826843 0.1760382205247879 
vn 0.9019620418548584 -0.40323272347450256 0.15449213981628418 
vn 0.9432051181793213 -0.3044816851615906 0.1328723281621933 
vn 0.9723634123802185 -0.20976904034614563 0.10250037163496017 
vn 0.9921095967292786 -0.10554064065217972 0.06767380982637405 
vn 0.9994345903396606 -0.007547779008746147 0.03276457265019417 
vn 0.9950882792472839 0.0679013803601265 -0.07203252613544464 
vn 0.9728888869285583 0.11301048845052719 -0.2017817199230194 
vn 0.9326064586639404 0.15038630366325378 -0.3280687630176544 
vn 0.8793298602104187 0.17996101081371307 -0.4409002661705017 
vn 0.8165376782417297 0.19467344880104065 -0.5434780716896057 
vn 0.7513357996940613 0.20164570212364197 -0.6283578276634216 
vn 0.6808255314826965 0.19382703304290771 -0.7063339352607727 
vn 0.6124772429466248 0.18628676235675812 -0.7682244777679443 
vn 0.5465940237045288 0.16407820582389832 -0.8211658596992493 
vn 0.48614439368247986 0.13450361788272858 -0.8634653687477112 
vn 0.4302682876586914 0.10485351085662842 -0.8965907096862793 
vn 0.381264328956604 0.06765343248844147 -0.9219872951507568 
vn 0.33701539039611816 0.030223412439227104 -0.9410139322280884 
vn 0.30101582407951355 -0.007566946092993021 -0.953589141368866 
vn 0.2709355652332306 -0.052685968577861786 -0.961154580116272 
vn 0.24793201684951782 -0.08889959752559662 -0.9646899104118347 
vn 0.22903971374034882 -0.13005472719669342 -0.9646899104118347 
vn 0.24797464907169342 -0.17081087827682495 -0.953589141368866 
vn 0.28021812438964844 -0.22415772080421448 -0.933397650718689 
vn 0.30511632561683655 -0.27574464678764343 -0.9115201234817505 
vn 0.3167478144168854 -0.3314485251903534 -0.888714075088501 
vn 0.3144870102405548 -0.35454410314559937 -0.8805659413337708 
vn 0.31277450919151306 -0.3662118911743164 -0.8763908743858337 
vn 0.3005318343639374 -0.40978485345840454 -0.8612531423568726 
vn 0.19120468199253082 -0.5640057325363159 -0.8033295273780823 
vn -0.056634772568941116 -0.693116307258606 -0.7185974717140198 
vn -0.39585694670677185 -0.7611153721809387 -0.5138099193572998 
vn -0.6595087647438049 -0.7275679111480713 -0.18892620503902435 
vn -0.7429689168930054 -0.6682952046394348 -0.03713129088282585 
vn -0.7584244012832642 -0.651728093624115 -0.006554040592163801 
vn -0.7681077718734741 -0.6401379704475403 -0.0152922747656703 
vn -0.8187689185142517 -0.5706214308738708 -0.0633138045668602 
vn -0.9275652766227722 -0.31170859932899475 -0.2060592919588089 
vn -0.943143367767334 -0.011324005201458931 -0.33219319581985474 
vn -0.9269821047782898 0.08667788654565811 -0.3649536371231079 
vn -0.9238321185112 0.10178299993276596 -0.3690181374549866 
vn -0.921784520149231 0.10548853129148483 -0.37307560443878174 
vn -0.9199454188346863 0.12047841399908066 -0.37307560443878174 
vn -0.9150707721710205 0.1317407488822937 -0.3811691105365753 
vn -0.8872125744819641 0.22047224640846252 -0.405272513628006 
vn -0.7347158789634705 0.4946106970310211 -0.4642767012119293 
vn -0.5024785399436951 0.7243842482566833 -0.4719987213611603 
vn -0.4186555743217468 0.7804964184761047 -0.4642767012119293 
vn -0.40528735518455505 0.7875210046768188 -0.4642767012119293 
vn -0.3985588252544403 0.7909475564956665 -0.4642767012119293 
vn -0.3905046284198761 0.7972050309181213 -0.46040233969688416 
vn -0.376874178647995 0.8037384748458862 -0.46040233969688416 
vn -0.28751540184020996 0.8482169508934021 -0.44481781125068665 
vn 0.01510178204625845 0.9276780486106873 -0.37307560443878174 
vn 0.31867095828056335 0.9123425483703613 -0.25706008076667786 
vn 0.31867095828056335 0.9123425483703613 -0.25706008076667786 
vn 0.31867095828056335 0.9123425483703613 -0.25706008076667786 
vn 0.3204389214515686 0.9129037857055664 -0.25283506512641907 
vn 0.32757073640823364 0.9055144786834717 -0.26970529556274414 
vn 0.35340380668640137 0.8630583882331848 -0.36088213324546814 
vn 0.421275794506073 0.6440834999084473 -0.6385006904602051 
vn 0.4119831919670105 0.16246509552001953 -0.8965907096862793 
vn 0.3563871681690216 -0.16143368184566498 -0.9202865362167358 
vn 0.3287716805934906 -0.2967056632041931 -0.8965907096862793 
vn 0.3152870237827301 -0.3486565351486206 -0.882628321647644 
vn 0.3144870102405548 -0.35454410314559937 -0.8805659413337708 
vn 0.31077340245246887 -0.38277268409729004 -0.8700028657913208 
vn 0.30044472217559814 -0.4373166263103485 -0.8476362228393555 
vn 0.29187092185020447 -0.49040597677230835 -0.8211658596992493 
vn 0.2748472988605499 -0.5439934730529785 -0.7927988767623901 
vn 0.24285578727722168 -0.5813702940940857 -0.7765498161315918 
vn 0.2308339774608612 -0.6078401207923889 -0.7597671151161194 
vn 0.22417700290679932 -0.6312642097473145 -0.7424622178077698 
vn 0.21536211669445038 -0.6579289436340332 -0.7216291427612305 
vn 0.1975376456975937 -0.6861554980278015 -0.7001210451126099 
vn 0.1869126558303833 -0.717035710811615 -0.6715083718299866 
vn 0.1705351024866104 -0.7447364926338196 -0.6452018022537231 
vn 0.15394394099712372 -0.776349663734436 -0.6112139225006104 
vn 0.13906969130039215 -0.8080369234085083 -0.5724822878837585 
vn 0.11298338323831558 -0.8389009237289429 -0.5324283838272095 
vn 0.09049574285745621 -0.8706461787223816 -0.4835140109062195 
vn 0.06225927919149399 -0.9029806852340698 -0.42514660954475403 
vn 0.035844795405864716 -0.9303354024887085 -0.3649536371231079 
vn 0.007552541792392731 -0.9567915201187134 -0.29067665338516235 
vn -0.028329195454716682 -0.97721928358078 -0.2103329300880432 
vn -0.07164226472377777 -0.989666759967804 -0.1242060661315918 
vn -0.10545703768730164 -0.993730366230011 -0.03713129088282585 
vn -0.1279783844947815 -0.9913703203201294 0.028397228568792343 
vn -0.14674429595470428 -0.9868568181991577 0.06767380982637405 
vn -0.04525405541062355 -0.9932451844215393 0.10684575140476227 
vn 0.06035032123327255 -0.9880928993225098 0.1415284425020218 
vn 0.15962666273117065 -0.9728755354881287 0.16742929816246033 
vn 0.26273784041404724 -0.945323646068573 0.19321508705615997 
vn 0.36284399032592773 -0.9068020582199097 0.21460255980491638 
vn 0.4616452753543854 -0.8574258089065552 0.22738653421401978 
vn 0.5533533096313477 -0.7975819706916809 0.2401314377784729 
vn 0.6367363929748535 -0.732737123966217 0.2401314377784729 
vn 0.7176848649978638 -0.6536553502082825 0.2401314377784729 
vn 0.7870131731033325 -0.5717985033988953 0.23163928091526031 
vn 0.8486647009849548 -0.48343977332115173 0.21460255980491638 
vn 0.8997973203659058 -0.3890480697154999 0.1975002884864807 
vn 0.9414818286895752 -0.2900325357913971 0.17173540592193604 
vn 0.9705429673194885 -0.19497708976268768 0.1415284425020218 
vn 0.9901561737060547 -0.09041431546211243 0.10684575140476227 
vn 0.9734570980072021 -0.17271123826503754 0.15017375349998474 
vn 0.9442436099052429 -0.27546754479408264 0.18033768236637115 
vn 0.9067354798316956 -0.36792701482772827 0.2060592919588089 
vn 0.8529149293899536 -0.4699271023273468 0.22738653421401978 
vn 0.7932549118995667 -0.559538722038269 0.2401314377784729 
vn 0.728603720664978 -0.6365618705749512 0.25283506512641907 
vn 0.6492586135864258 -0.7173128128051758 0.25283506512641907 
vn 0.5610240697860718 -0.7882425785064697 0.25283506512641907 
vn 0.47500061988830566 -0.8453741073608398 0.24437066912651062 
vn 0.3783666789531708 -0.8962041735649109 0.23163928091526031 
vn 0.2773077189922333 -0.9365074038505554 0.21460255980491638 
vn 0.17465128004550934 -0.9663352370262146 0.18892620503902435 
vn 0.07163137197494507 -0.9847075939178467 0.15880759060382843 
vn -0.026414383202791214 -0.9919047951698303 0.1242060661315918 
vn -0.1336394101381302 -0.9873694777488708 0.08510008454322815 
vn -0.23384229838848114 -0.9711922407150269 0.04586252197623253 
vn -0.24657002091407776 -0.9688270092010498 0.024029340595006943 
vn -0.32620200514793396 -0.9452975392341614 -0.002184694167226553 
vn -0.2245977371931076 -0.9743315577507019 -0.0152922747656703 
vn -0.19868265092372894 -0.9770823121070862 -0.0763898640871048 
vn -0.1634678989648819 -0.9729697108268738 -0.16312000155448914 
vn -0.11675241589546204 -0.9615426659584045 -0.24860523641109467 
vn -0.07919709384441376 -0.9413281679153442 -0.3280687630176544 
vn -0.03966261073946953 -0.9168450832366943 -0.3972681760787964 
vn -0.007554281037300825 -0.8896814584732056 -0.456519216299057 
vn 0.028339754790067673 -0.8596739172935486 -0.5100564956665039 
vn 0.05662734806537628 -0.8278625011444092 -0.5580654144287109 
vn 0.08107906579971313 -0.7979177832603455 -0.5972883701324463 
vn 0.09977627545595169 -0.7687233090400696 -0.6317508816719055 
vn 0.12223874777555466 -0.7367651462554932 -0.6650074124336243 
vn 0.1445515900850296 -0.7085450291633606 -0.6907016038894653 
vn 0.15912437438964844 -0.6801946759223938 -0.715552031993866 
vn 0.17566096782684326 -0.6531410217285156 -0.736579954624176 
vn 0.19185073673725128 -0.6247135996818542 -0.7569189071655273 
vn 0.20253342390060425 -0.6037525534629822 -0.7710143327713013 
vn 0.22183501720428467 -0.5750856399536133 -0.7874425053596497 
vn 0.2525939345359802 -0.5431797504425049 -0.8007197380065918 
vn 0.27516910433769226 -0.49173685908317566 -0.8261215686798096 
vn 0.29045039415359497 -0.4351148009300232 -0.8522403836250305 
vn 0.3058793544769287 -0.3818300664424896 -0.872148871421814 
vn 0.3144870102405548 -0.35454410314559937 -0.8805659413337708 
vn 0.3152870237827301 -0.3486565351486206 -0.882628321647644 
vn 0.3280414044857025 -0.31468507647514343 -0.8907088041305542 
vn 0.36393067240715027 -0.2159300446510315 -0.9060511589050293 
vn 0.4347460865974426 0.01509772427380085 -0.9004265069961548 
vn 0.5073781609535217 0.498025119304657 -0.7032341957092285 
vn 0.4504643380641937 0.8129621744155884 -0.3690181374549866 
vn 0.41116708517074585 0.8805104494094849 -0.23588760197162628 
vn 0.40448763966560364 0.8890081644058228 -0.21460255980491638 
vn 0.40448763966560364 0.8890081644058228 -0.21460255980491638 
vn 0.40448763966560364 0.8890081644058228 -0.21460255980491638 
vn 0.40448763966560364 0.8890081644058228 -0.21460255980491638 
vn 0.4185774624347687 0.8834890723228455 -0.2103329300880432 
vn 0.4185774624347687 0.8834890723228455 -0.2103329300880432 
vn 0.4185774624347687 0.8834890723228455 -0.2103329300880432 
vn 0.4201923608779907 0.8837295770645142 -0.2060592919588089 
vn 0.431569367647171 0.8706921935081482 -0.23588760197162628 
vn 0.47941771149635315 0.7825194001197815 -0.3972681760787964 
vn 0.519318699836731 0.41276314854621887 -0.7482877969741821 
vn 0.42782062292099 -0.05282619595527649 -0.9023185968399048 
vn 0.3614336848258972 -0.242069810628891 -0.9004265069961548 
vn 0.32750558853149414 -0.32082298398017883 -0.888714075088501 
vn 0.3152870237827301 -0.3486565351486206 -0.882628321647644 
vn 0.3144870102405548 -0.35454410314559937 -0.8805659413337708 
vn 0.306026816368103 -0.3768092393875122 -0.87427818775177 
vn 0.28669431805610657 -0.42864352464675903 -0.8567795157432556 
vn 0.2597709000110626 -0.4877523183822632 -0.8334367275238037 
vn 0.23168833553791046 -0.5371139645576477 -0.8110666871070862 
vn 0.19657568633556366 -0.5658673644065857 -0.8007197380065918 
vn 0.17709630727767944 -0.5939842462539673 -0.7847417593002319 
vn 0.15902940928936005 -0.6166413426399231 -0.7710143327713013 
vn 0.14615394175052643 -0.6403422355651855 -0.7540562748908997 
vn 0.122137151658535 -0.6684964895248413 -0.7336177229881287 
vn 0.10360053926706314 -0.6939890384674072 -0.7124928832054138 
vn 0.07922350615262985 -0.7248314023017883 -0.6843559741973877 
vn 0.0528678372502327 -0.7536373138427734 -0.6551609039306641 
vn 0.022644812241196632 -0.7830584049224854 -0.6215357780456543 
vn -0.007550334557890892 -0.812307596206665 -0.5831804275512695 
vn -0.03776676580309868 -0.8409423828125 -0.5398051738739014 
vn -0.07351679354906082 -0.8679700493812561 -0.4911448359489441 
vn -0.109225332736969 -0.8947324752807617 -0.43303996324539185 
vn -0.15216410160064697 -0.918506920337677 -0.3649536371231079 
vn -0.20238052308559418 -0.9351733326911926 -0.29067665338516235 
vn -0.24832524359226227 -0.9474273920059204 -0.2017817199230194 
vn -0.2866103947162628 -0.9505187273025513 -0.11986933648586273 
vn -0.32065704464912415 -0.9453589916229248 -0.058952588587999344 
vn -0.3403768539428711 -0.9400835037231445 -0.01966099627315998 
vn -0.41903358697891235 -0.9068117141723633 -0.04586252197623253 
vn -0.427534818649292 -0.9014622569084167 -0.06767380982637405 
vn -0.5041112899780273 -0.8580430150032043 -0.0981530249118805 
vn -0.40521326661109924 -0.907957136631012 -0.10684575140476227 
vn -0.3755359947681427 -0.9115591645240784 -0.16742929816246033 
vn -0.32931065559387207 -0.9109060764312744 -0.24860523641109467 
vn -0.28067755699157715 -0.9004819989204407 -0.33219319581985474 
vn -0.2296169102191925 -0.8848899602890015 -0.405272513628006 
vn -0.18187418580055237 -0.864733874797821 -0.46814218163490295 
vn -0.13537821173667908 -0.8402596116065979 -0.5250110030174255 
vn -0.09421392530202866 -0.8144862055778503 -0.5724822878837585 
vn -0.060381073504686356 -0.7864727973937988 -0.6146662831306458 
vn -0.020775217562913895 -0.7609022259712219 -0.6485338807106018 
vn 0.009441685862839222 -0.7320704460144043 -0.681163489818573 
vn 0.033992521464824677 -0.7039655447006226 -0.7094202041625977 
vn 0.06034252047538757 -0.6800895929336548 -0.7306414246559143 
vn 0.09224197268486023 -0.6536216139793396 -0.7511792182922363 
vn 0.11471807956695557 -0.6263997554779053 -0.7710143327713013 
vn 0.1350513994693756 -0.6014111638069153 -0.7874425053596497 
vn 0.15321685373783112 -0.5791135430335999 -0.8007197380065918 
vn 0.16956420242786407 -0.5561285018920898 -0.8136147856712341 
vn 0.21751955151557922 -0.527609646320343 -0.8211658596992493 
vn 0.24421462416648865 -0.48346278071403503 -0.8406086564064026 
vn 0.2753274738788605 -0.43159201741218567 -0.8590245246887207 
vn 0.306026816368103 -0.3768092393875122 -0.87427818775177 
vn 0.3144870102405548 -0.35454410314559937 -0.8805659413337708 
vn 0.3201007544994354 -0.34948405623435974 -0.8805659413337708 
vn 0.33222946524620056 -0.32153138518333435 -0.8867024183273315 
vn 0.36165139079093933 -0.2487471103668213 -0.8985171914100647 
vn 0.42847204208374023 -0.07512524724006653 -0.9004265069961548 
vn 0.5228397846221924 0.37519440054893494 -0.7654199600219727 
vn 0.48832017183303833 0.7728502750396729 -0.405272513628006 
vn 0.4383186101913452 0.8673141598701477 -0.23588760197162628 
vn 0.4270012080669403 0.8804598450660706 -0.2060592919588089 
vn 0.4270012080669403 0.8804598450660706 -0.2060592919588089 
vn 0.4270012080669403 0.8804598450660706 -0.2060592919588089 
vn 0.42859983444213867 0.8806737661361694 -0.2017817199230194 
vn 0.43537652492523193 0.8773433566093445 -0.2017817199230194 
vn 0.43537652492523193 0.8773433566093445 -0.2017817199230194 
vn 0.43537652492523193 0.8773433566093445 -0.2017817199230194 
vn 0.43537652492523193 0.8773433566093445 -0.2017817199230194 
vn 0.4455091655254364 0.8647918105125427 -0.23163928091526031 
vn 0.4966474175453186 0.7696235179901123 -0.401274174451828 
vn 0.5344179272651672 0.37612664699554443 -0.7569189071655273 
vn 0.43764176964759827 -0.06778453290462494 -0.8965907096862793 
vn 0.3661108911037445 -0.24917438626289368 -0.8965907096862793 
vn 0.33222946524620056 -0.32153138518333435 -0.8867024183273315 
vn 0.3201007544994354 -0.34948405623435974 -0.8805659413337708 
vn 0.3144870102405548 -0.35454410314559937 -0.8805659413337708 
vn 0.3011171817779541 -0.3758556842803955 -0.8763908743858337 
vn 0.2705308198928833 -0.42572370171546936 -0.8634653687477112 
vn 0.23530398309230804 -0.4755469262599945 -0.8476362228393555 
vn 0.19616076350212097 -0.520515501499176 -0.8310141563415527 
vn 0.14949285984039307 -0.5433001518249512 -0.8261215686798096 
vn 0.12568508088588715 -0.5676567554473877 -0.8136147856712341 
vn 0.10341352969408035 -0.5864872932434082 -0.8033295273780823 
vn 0.07906898111104965 -0.6078202724456787 -0.790128231048584 
vn 0.0584467351436615 -0.6307407021522522 -0.7737894654273987 
vn 0.02644706517457962 -0.6562771797180176 -0.7540562748908997 
vn -0.005667832214385271 -0.6795387864112854 -0.7336177229881287 
vn -0.03585347160696983 -0.70697021484375 -0.7063339352607727 
vn -0.06981874257326126 -0.7317774295806885 -0.677958071231842 
vn -0.10736959427595139 -0.7564300298690796 -0.6452018022537231 
vn -0.15197034180164337 -0.7821493744850159 -0.6042742133140564 
vn -0.19830122590065002 -0.8057540655136108 -0.5580654144287109 
vn -0.24410857260227203 -0.8270900845527649 -0.5062933564186096 
vn -0.2946587800979614 -0.8457619547843933 -0.44481781125068665 
vn -0.3533092141151428 -0.8578969836235046 -0.37307560443878174 
vn -0.4041147232055664 -0.8658822774887085 -0.2948545813560486 
vn -0.45530906319618225 -0.8640829920768738 -0.21460255980491638 
vn -0.48744240403175354 -0.8593788743019104 -0.15449213981628418 
vn -0.5072548985481262 -0.8534188866615295 -0.11986933648586273 
vn -0.5808141827583313 -0.800064206123352 -0.15017375349998474 
vn -0.5851424932479858 -0.7925372123718262 -0.17173540592193604 
vn -0.6506773233413696 -0.7320541143417358 -0.2017817199230194 
vn -0.5634993314743042 -0.8000050783157349 -0.2060592919588089 
vn -0.5313065648078918 -0.804503321647644 -0.26549527049064636 
vn -0.4788326919078827 -0.8092166185379028 -0.34042292833328247 
vn -0.4159550368785858 -0.8059666752815247 -0.42118772864341736 
vn -0.36274686455726624 -0.7943048477172852 -0.48733407258987427 
vn -0.3027884066104889 -0.7803565263748169 -0.5471406579017639 
vn -0.25429767370224 -0.7606439590454102 -0.5972883701324463 
vn -0.2016243189573288 -0.7427411675453186 -0.6385006904602051 
vn -0.1536966860294342 -0.7218751311302185 -0.67473965883255 
vn -0.11837468296289444 -0.6979110240936279 -0.7063339352607727 
vn -0.0735383853316307 -0.6755717396736145 -0.7336177229881287 
vn -0.03967561200261116 -0.6523032784461975 -0.7569189071655273 
vn -0.007554699666798115 -0.6300105452537537 -0.7765498161315918 
vn 0.028314486145973206 -0.6088253259658813 -0.7927988767623901 
vn 0.05474207550287247 -0.585940420627594 -0.8085030317306519 
vn 0.07730060070753098 -0.5690458416938782 -0.8186644315719604 
vn 0.10713896155357361 -0.5495302081108093 -0.8285757899284363 
vn 0.12922997772693634 -0.5297766923904419 -0.838234007358551 
vn 0.18169496953487396 -0.5102587342262268 -0.8406086564064026 
vn 0.2195170670747757 -0.4707558751106262 -0.8545181155204773 
vn 0.2603245973587036 -0.4231836795806885 -0.8678402304649353 
vn 0.3011171817779541 -0.3758556842803955 -0.8763908743858337 
vn 0.3144870102405548 -0.35454410314559937 -0.8805659413337708 
vn 0.3201007544994354 -0.34948405623435974 -0.8805659413337708 
vn 0.33744582533836365 -0.31605249643325806 -0.8867024183273315 
vn 0.38275372982025146 -0.23044753074645996 -0.8946471214294434 
vn 0.4613507091999054 -0.030238524079322815 -0.8867024183273315 
vn 0.5565909743309021 0.42212775349617004 -0.715552031993866 
vn 0.5131016969680786 0.7730079293251038 -0.37307560443878174 
vn 0.4621118903160095 0.8582924008369446 -0.22312943637371063 
vn 0.45081236958503723 0.8714563250541687 -0.19321508705615997 
vn 0.45081236958503723 0.8714563250541687 -0.19321508705615997 
vn 0.45081236958503723 0.8714563250541687 -0.19321508705615997 
vn 0.45081236958503723 0.8714563250541687 -0.19321508705615997 
vn 0.527709424495697 0.8360446095466614 -0.15017375349998474 
vn 0.5340767502784729 0.8319914937019348 -0.15017375349998474 
vn 0.5344260931015015 0.8325357437133789 -0.1458524912595749 
vn 0.5344260931015015 0.8325357437133789 -0.1458524912595749 
vn 0.5485127568244934 0.8192076683044434 -0.16742929816246033 
vn 0.5878615975379944 0.759653627872467 -0.2781098484992981 
vn 0.6366403102874756 0.5166751146316528 -0.5724822878837585 
vn 0.5484263896942139 0.06790990382432938 -0.8334367275238037 
vn 0.42651596665382385 -0.19761431217193604 -0.882628321647644 
vn 0.3524309992790222 -0.31106218695640564 -0.882628321647644 
vn 0.3201007544994354 -0.34948405623435974 -0.8805659413337708 
vn 0.3144870102405548 -0.35454410314559937 -0.8805659413337708 
vn 0.2961905002593994 -0.3748761713504791 -0.8784868121147156 
vn 0.2565124034881592 -0.41660264134407043 -0.872148871421814 
vn 0.20922520756721497 -0.4631066918373108 -0.8612531423568726 
vn 0.16166235506534576 -0.4975455701351166 -0.8522403836250305 
vn 0.11061619222164154 -0.5113222002983093 -0.8522403836250305 
vn 0.08283240348100662 -0.5278163552284241 -0.8453097939491272 
vn 0.06039099767804146 -0.5456361770629883 -0.8358433246612549 
vn 0.030246349051594734 -0.5626795887947083 -0.8261215686798096 
vn -0.0018908201018348336 -0.5814012289047241 -0.8136147856712341 
vn -0.035872284322977066 -0.601463258266449 -0.7980946898460388 
vn -0.07165912538766861 -0.619112491607666 -0.7820260524749756 
vn -0.11083890497684479 -0.6406782865524292 -0.7597671151161194 
vn -0.153659850358963 -0.6586642861366272 -0.736579954624176 
vn -0.19926781952381134 -0.6792530417442322 -0.7063339352607727 
vn -0.24808788299560547 -0.6951106190681458 -0.67473965883255 
vn -0.29820311069488525 -0.7125183939933777 -0.6351318359375 
vn -0.35378044843673706 -0.7284188270568848 -0.5867242813110352 
vn -0.4156443774700165 -0.7400607466697693 -0.528724730014801 
vn -0.4772511422634125 -0.746108889579773 -0.4642767012119293 
vn -0.5408205389976501 -0.7456610798835754 -0.3892335295677185 
vn -0.5954129099845886 -0.7405710220336914 -0.31150925159454346 
vn -0.6307763457298279 -0.7321484088897705 -0.25706008076667786 
vn -0.6544020175933838 -0.7237780690193176 -0.21886809170246124 
vn -0.7058007121086121 -0.6617550849914551 -0.25283506512641907 
vn -0.7113441228866577 -0.6472733616828918 -0.27391019463539124 
vn -0.7564879655838013 -0.5794822573661804 -0.30319350957870483 
vn -0.6887018084526062 -0.6566758155822754 -0.30735430121421814 
vn -0.6496044993400574 -0.6669504046440125 -0.3649536371231079 
vn -0.5947194695472717 -0.6748053431510925 -0.43697428703308105 
vn -0.5282309651374817 -0.6788331270217896 -0.5100564956665039 
vn -0.4652876853942871 -0.6751084327697754 -0.5724822878837585 
vn -0.40118882060050964 -0.6696876883506775 -0.6249527335166931 
vn -0.3417818248271942 -0.6574661135673523 -0.6715083718299866 
vn -0.2827449440956116 -0.6455836892127991 -0.7094202041625977 
vn -0.23651939630508423 -0.6302036643028259 -0.7395281791687012 
vn -0.18804989755153656 -0.6154425740242004 -0.7654199600219727 
vn -0.14242146909236908 -0.599708616733551 -0.7874425053596497 
vn -0.09783560782670975 -0.5838790535926819 -0.8059239983558655 
vn -0.06416543573141098 -0.5670709609985352 -0.8211658596992493 
vn -0.024577056989073753 -0.5520681142807007 -0.8334367275238037 
vn 0.00756046362221241 -0.5342229604721069 -0.8453097939491272 
vn 0.04339958727359772 -0.5213471055030823 -0.8522403836250305 
vn 0.07149673253297806 -0.5069172382354736 -0.8590245246887207 
vn 0.09766817092895508 -0.4910110533237457 -0.865661084651947 
vn 0.14721344411373138 -0.48244771361351013 -0.8634653687477112 
vn 0.2016899436712265 -0.4499068856239319 -0.8700028657913208 
vn 0.24515460431575775 -0.414533793926239 -0.8763908743858337 
vn 0.2961905002593994 -0.3748761713504791 -0.8784868121147156 
vn 0.3144870102405548 -0.35454410314559937 -0.8805659413337708 
vn 0.3201007544994354 -0.34948405623435974 -0.8805659413337708 
vn 0.3662118911743164 -0.31277450919151306 -0.8763908743858337 
vn 0.4933491051197052 -0.1849263608455658 -0.8499464392662048 
vn 0.706209123134613 0.1053527444601059 -0.7001210451126099 
vn 0.8267688751220703 0.46279633045196533 -0.3198012113571167 
vn 0.7923887372016907 0.6046488285064697 -0.08074574917554855 
vn 0.7681810855865479 0.6401990652084351 -0.006554040592163801 
vn 0.7584244012832642 0.651728093624115 0.006554040592163801 
vn 0.7584388852119446 0.651740550994873 0.002184694167226553 
vn 0.7534953951835632 0.6574495434761047 0.002184694167226553 
vn 0.7485089898109436 0.6631211042404175 -0.002184694167226553 
vn 0.8965166211128235 0.4167802035808563 0.15017375349998474 
vn 0.8965166211128235 0.4167802035808563 0.15017375349998474 
vn 0.8988535404205322 0.4101152718067169 0.15449213981628418 
vn 0.8988535404205322 0.4101152718067169 0.15449213981628418 
vn 0.9041450619697571 0.40310218930244446 0.1415284425020218 
vn 0.9311696887016296 0.3616899847984314 0.04586252197623253 
vn 0.9385930895805359 0.20980040729045868 -0.27391019463539124 
vn 0.718363344669342 -0.08297795057296753 -0.6907016038894653 
vn 0.486357182264328 -0.2546028196811676 -0.8358433246612549 
vn 0.3660091757774353 -0.32464390993118286 -0.872148871421814 
vn 0.3248978555202484 -0.3502889573574066 -0.8784868121147156 
vn 0.3144870102405548 -0.35454410314559937 -0.8805659413337708 
vn 0.29124683141708374 -0.3738701343536377 -0.8805659413337708 
vn 0.24131180346012115 -0.4078875184059143 -0.8805659413337708 
vn 0.18588528037071228 -0.4401222765445709 -0.8784868121147156 
vn 0.13262879848480225 -0.4669552743434906 -0.87427818775177 
vn 0.08461758494377136 -0.4702135920524597 -0.8784868121147156 
vn 0.05099163576960564 -0.48273953795433044 -0.87427818775177 
vn 0.026432842016220093 -0.4923376441001892 -0.8700028657913208 
vn -0.009454368613660336 -0.5043195486068726 -0.8634653687477112 
vn -0.04527057707309723 -0.5174450874328613 -0.8545181155204773 
vn -0.08471634238958359 -0.5312525629997253 -0.8429672718048096 
vn -0.12377754598855972 -0.5423048734664917 -0.8310141563415527 
vn -0.16594339907169342 -0.5572196841239929 -0.8136147856712341 
vn -0.2143518626689911 -0.566838264465332 -0.7954543828964233 
vn -0.2623526155948639 -0.580265462398529 -0.7710143327713013 
vn -0.3173438310623169 -0.5899514555931091 -0.7424622178077698 
vn -0.3776412606239319 -0.598731517791748 -0.7063339352607727 
vn -0.43683725595474243 -0.6057543754577637 -0.6650074124336243 
vn -0.5018599033355713 -0.6085408329963684 -0.6146662831306458 
vn -0.5694785118103027 -0.6068745851516724 -0.5544344186782837 
vn -0.6399516463279724 -0.5972236394882202 -0.4835140109062195 
vn -0.6937867999076843 -0.5898200869560242 -0.41324591636657715 
vn -0.7338898777961731 -0.5780110359191895 -0.3568037748336792 
vn -0.7573232650756836 -0.5670322775840759 -0.3239381015300751 
vn -0.7981365323066711 -0.48843395709991455 -0.3527185618877411 
vn -0.7971327900886536 -0.47475671768188477 -0.37307560443878174 
vn -0.8266488909721375 -0.3945004940032959 -0.401274174451828 
vn -0.7718406915664673 -0.4899143874645233 -0.405272513628006 
vn -0.7346749305725098 -0.4982794225215912 -0.46040233969688416 
vn -0.6712797284126282 -0.5194551348686218 -0.528724730014801 
vn -0.6026321053504944 -0.5292268991470337 -0.5972883701324463 
vn -0.5315325856208801 -0.5368773937225342 -0.6551609039306641 
vn -0.46609771251678467 -0.5368561744689941 -0.7032341957092285 
vn -0.40617635846138 -0.5327011942863464 -0.7424622178077698 
vn -0.3429417610168457 -0.5285463929176331 -0.7765498161315918 
vn -0.2863348126411438 -0.5261751413345337 -0.8007197380065918 
vn -0.2365182787179947 -0.5154194831848145 -0.8236515522003174 
vn -0.18169496953487396 -0.5102587342262268 -0.8406086564064026 
vn -0.1417189985513687 -0.4997144639492035 -0.8545181155204773 
vn -0.09766817092895508 -0.4910110533237457 -0.865661084651947 
vn -0.05475325137376785 -0.4823273718357086 -0.87427818775177 
vn -0.018889347091317177 -0.4735470414161682 -0.8805659413337708 
vn 0.013244349509477615 -0.46602240204811096 -0.8846737742424011 
vn 0.039643749594688416 -0.45674464106559753 -0.888714075088501 
vn 0.07329702377319336 -0.44467782974243164 -0.8926864862442017 
vn 0.1252274513244629 -0.4490772485733032 -0.8846737742424011 
vn 0.1838952749967575 -0.42419499158859253 -0.8867024183273315 
vn 0.23769058287143707 -0.396562784910202 -0.8867024183273315 
vn 0.2922403812408447 -0.36818861961364746 -0.882628321647644 
vn 0.3144870102405548 -0.35454410314559937 -0.8805659413337708 
vn 0.3248978555202484 -0.3502889573574066 -0.8784868121147156 
vn 0.3558127284049988 -0.33578813076019287 -0.872148871421814 
vn 0.4510722756385803 -0.29315516352653503 -0.8429672718048096 
vn 0.6412822008132935 -0.19366712868213654 -0.7424622178077698 
vn 0.9258349537849426 0.060367122292518616 -0.37307560443878174 
vn 0.9646055698394775 0.2610695958137512 0.03713129088282585 
vn 0.9313045144081116 0.3188767731189728 0.1760382205247879 
vn 0.9245769381523132 0.3258083462715149 0.1975002884864807 
vn 0.9245769381523132 0.3258083462715149 0.1975002884864807 
vn 0.9245769381523132 0.3258083462715149 0.1975002884864807 
vn 0.9245769381523132 0.3258083462715149 0.1975002884864807 
vn 0.9285339117050171 0.31162309646606445 0.2017817199230194 
vn 0.9285339117050171 0.31162309646606445 0.2017817199230194 
vn 0.9285339117050171 0.31162309646606445 0.2017817199230194 
vn 0.9276891946792603 0.3113395869731903 0.2060592919588089 
vn 0.9383962750434875 0.2973599135875702 0.1760382205247879 
vn 0.9744246006011963 0.22461917996406555 0.006554040592163801 
vn 0.8955892324447632 -0.007553404662758112 -0.44481781125068665 
vn 0.5913714170455933 -0.23625563085079193 -0.7710143327713013 
vn 0.4296903908252716 -0.31125393509864807 -0.8476362228393555 
vn 0.3505867123603821 -0.34124088287353516 -0.872148871421814 
vn 0.3193134665489197 -0.3553869128227234 -0.8784868121147156 
vn 0.3144870102405548 -0.35454410314559937 -0.8805659413337708 
vn 0.2922403812408447 -0.36818861961364746 -0.882628321647644 
vn 0.23379918932914734 -0.3898407518863678 -0.8907088041305542 
vn 0.1746448278427124 -0.4154636263847351 -0.8926864862442017 
vn 0.11948221921920776 -0.426437646150589 -0.8965907096862793 
vn 0.06588327139616013 -0.42201122641563416 -0.9041935205459595 
vn 0.034009892493486404 -0.4297259747982025 -0.9023185968399048 
vn 0.003775141667574644 -0.4349917769432068 -0.9004265069961548 
vn -0.030221842229366302 -0.4418276846408844 -0.8965907096862793 
vn -0.0695691704750061 -0.44527629017829895 -0.8926864862442017 
vn -0.10690169036388397 -0.4537888467311859 -0.8846737742424011 
vn -0.15599879622459412 -0.4556351900100708 -0.8763908743858337 
vn -0.19854673743247986 -0.4595760107040405 -0.865661084651947 
vn -0.2502370774745941 -0.46365126967430115 -0.8499464392662048 
vn -0.303907185792923 -0.4658925533294678 -0.8310141563415527 
vn -0.35889700055122375 -0.4708285331726074 -0.8059239983558655 
vn -0.4208405315876007 -0.46889615058898926 -0.7765498161315918 
vn -0.48653173446655273 -0.4651719629764557 -0.7395281791687012 
vn -0.5567312836647034 -0.45674487948417664 -0.6938546895980835 
vn -0.6270477175712585 -0.44623759388923645 -0.6385006904602051 
vn -0.6978083848953247 -0.43049681186676025 -0.5724822878837585 
vn -0.7588024139404297 -0.40973883867263794 -0.5062933564186096 
vn -0.8000887632369995 -0.39368313550949097 -0.45262736082077026 
vn -0.821775496006012 -0.38377854228019714 -0.42118772864341736 
vn -0.8438812494277954 -0.3000026047229767 -0.44481781125068665 
vn -0.8384082317352295 -0.2855149209499359 -0.4642767012119293 
vn -0.8512020111083984 -0.19483499228954315 -0.48733407258987427 
vn -0.8133268356323242 -0.2995992600917816 -0.4987381398677826 
vn -0.772188663482666 -0.3167838454246521 -0.5507928133010864 
vn -0.7102038264274597 -0.3432140350341797 -0.6146662831306458 
vn -0.6419025659561157 -0.35823726654052734 -0.677958071231842 
vn -0.5687421560287476 -0.3777504861354828 -0.7306414246559143 
vn -0.49975332617759705 -0.38922548294067383 -0.7737894654273987 
vn -0.4350506365299225 -0.3963001072406769 -0.8085030317306519 
vn -0.37180593609809875 -0.40388891100883484 -0.8358433246612549 
vn -0.3123942017555237 -0.4055696427822113 -0.8590245246887207 
vn -0.25997599959373474 -0.40993914008140564 -0.87427818775177 
vn -0.20931537449359894 -0.4078901410102844 -0.888714075088501 
vn -0.16052962839603424 -0.4085303843021393 -0.8985171914100647 
vn -0.11389070004224777 -0.4116588234901428 -0.9041935205459595 
vn -0.07334558665752411 -0.4087052643299103 -0.9097144603729248 
vn -0.03402907773852348 -0.40584465861320496 -0.913308322429657 
vn -0.0018909238278865814 -0.40326988697052 -0.9150791168212891 
vn 0.030196450650691986 -0.3981286287307739 -0.916832447052002 
vn 0.06767860054969788 -0.3934943974018097 -0.916832447052002 
vn 0.11195408552885056 -0.40809017419815063 -0.9060511589050293 
vn 0.17255467176437378 -0.39932066202163696 -0.9004265069961548 
vn 0.23529048264026642 -0.3797958195209503 -0.8946471214294434 
vn 0.2923652231693268 -0.3631457984447479 -0.8846737742424011 
vn 0.3144870102405548 -0.35454410314559937 -0.8805659413337708 
vn 0.3193134665489197 -0.3553869128227234 -0.8784868121147156 
vn 0.3505867123603821 -0.34124088287353516 -0.872148871421814 
vn 0.4208522140979767 -0.3169771432876587 -0.8499464392662048 
vn 0.5747112035751343 -0.24981142580509186 -0.7792953848838806 
vn 0.8807896375656128 -0.03777322918176651 -0.4719987213611603 
vn 0.9777058959007263 0.20987659692764282 -0.006554040592163801 
vn 0.9406499266624451 0.29015207290649414 0.1760382205247879 
vn 0.9300618171691895 0.30417847633361816 0.2060592919588089 
vn 0.9300618171691895 0.30417847633361816 0.2060592919588089 
vn 0.9300618171691895 0.30417847633361816 0.2060592919588089 
vn 0.9300618171691895 0.30417847633361816 0.2060592919588089 
vn 0.931399941444397 0.297076016664505 0.2103329300880432 
vn 0.931399941444397 0.297076016664505 0.2103329300880432 
vn 0.931399941444397 0.297076016664505 0.2103329300880432 
vn 0.931399941444397 0.297076016664505 0.2103329300880432 
vn 0.9428482055664062 0.28292715549468994 0.1760382205247879 
vn 0.9792816638946533 0.20249100029468536 0.002184694167226553 
vn 0.8869061470031738 -0.03777753561735153 -0.46040233969688416 
vn 0.5855928659439087 -0.2502356469631195 -0.7710143327713013 
vn 0.4250180125236511 -0.3237452805042267 -0.8453097939491272 
vn 0.3499698042869568 -0.34729841351509094 -0.8700028657913208 
vn 0.3193134665489197 -0.3553869128227234 -0.8784868121147156 
vn 0.3144870102405548 -0.35454410314559937 -0.8805659413337708 
vn 0.287418931722641 -0.3621452748775482 -0.8867024183273315 
vn 0.23135460913181305 -0.373017281293869 -0.8985171914100647 
vn 0.1691221445798874 -0.38357627391815186 -0.9078915119171143 
vn 0.11014726758003235 -0.3879404067993164 -0.9150791168212891 
vn 0.06017054244875908 -0.37024423480033875 -0.926983654499054 
vn 0.03024383820593357 -0.36981314420700073 -0.9286137819290161 
vn 1.1494710077438602e-13 -0.3710477650165558 -0.9286137819290161 
vn -0.03778119012713432 -0.369119256734848 -0.9286137819290161 
vn -0.07502997666597366 -0.36752113699913025 -0.926983654499054 
vn -0.1155276745557785 -0.3653578758239746 -0.9236704111099243 
vn -0.16168943047523499 -0.3606783151626587 -0.9185682535171509 
vn -0.20761717855930328 -0.35960349440574646 -0.9097144603729248 
vn -0.2595272958278656 -0.3539949655532837 -0.8985171914100647 
vn -0.31251785159111023 -0.3459550142288208 -0.8846737742424011 
vn -0.3696706295013428 -0.3376011848449707 -0.865661084651947 
vn -0.43576985597610474 -0.3278236985206604 -0.838234007358551 
vn -0.5049766302108765 -0.3090067207813263 -0.8059239983558655 
vn -0.5720981955528259 -0.2946794331073761 -0.7654199600219727 
vn -0.6418986320495605 -0.27559298276901245 -0.715552031993866 
vn -0.7146839499473572 -0.244930699467659 -0.6551609039306641 
vn -0.7766130566596985 -0.2201564908027649 -0.590256929397583 
vn -0.8171898126602173 -0.20201781392097473 -0.5398051738739014 
vn -0.8425622582435608 -0.18372762203216553 -0.5062933564186096 
vn -0.8431189060211182 -0.09798309952020645 -0.528724730014801 
vn -0.8329169750213623 -0.08298429101705551 -0.5471406579017639 
vn -0.8273161053657532 0.007555705029517412 -0.5616858005523682 
vn -0.8115178942680359 -0.09795085340738297 -0.5760593414306641 
vn -0.7679589986801147 -0.1241186112165451 -0.6283578276634216 
vn -0.7065955996513367 -0.15379838645458221 -0.6907016038894653 
vn -0.636695921421051 -0.18623536825180054 -0.7482877969741821 
vn -0.5644521713256836 -0.21080473065376282 -0.7980946898460388 
vn -0.49646317958831787 -0.2342866212129593 -0.8358433246612549 
vn -0.4299636781215668 -0.2489669770002365 -0.8678402304649353 
vn -0.36686810851097107 -0.2684132158756256 -0.8907088041305542 
vn -0.30949631333351135 -0.2827456295490265 -0.9078915119171143 
vn -0.2551700472831726 -0.29658201336860657 -0.9202865362167358 
vn -0.20486804842948914 -0.30448049306869507 -0.9302261471748352 
vn -0.15531107783317566 -0.3144047260284424 -0.9364978075027466 
vn -0.11671552807092667 -0.31760087609291077 -0.9410139322280884 
vn -0.0712183490395546 -0.326577752828598 -0.9424833655357361 
vn -0.033937036991119385 -0.33252573013305664 -0.9424833655357361 
vn -0.0037772103678435087 -0.3342316746711731 -0.9424833655357361 
vn 0.032041944563388824 -0.3409740924835205 -0.9395264387130737 
vn 0.065858393907547 -0.34443366527557373 -0.9364978075027466 
vn 0.10828668624162674 -0.36756905913352966 -0.9236704111099243 
vn 0.17230980098247528 -0.3690219521522522 -0.913308322429657 
vn 0.23276451230049133 -0.3628247380256653 -0.9023185968399048 
vn 0.287418931722641 -0.3621452748775482 -0.8867024183273315 
vn 0.3144870102405548 -0.35454410314559937 -0.8805659413337708 
vn 0.3193134665489197 -0.3553869128227234 -0.8784868121147156 
vn 0.35464590787887573 -0.34796494245529175 -0.8678402304649353 
vn 0.4467769265174866 -0.31899258494377136 -0.8358433246612549 
vn 0.6240074038505554 -0.24364852905273438 -0.7424622178077698 
vn 0.9154598116874695 -0.030205199494957924 -0.401274174451828 
vn 0.9803897738456726 0.19501164555549622 0.028397228568792343 
vn 0.9445955157279968 0.2684141993522644 0.18892620503902435 
vn 0.9338756799697876 0.2827949523925781 0.21886809170246124 
vn 0.9338756799697876 0.2827949523925781 0.21886809170246124 
vn 0.9338756799697876 0.2827949523925781 0.21886809170246124 
vn 0.9338756799697876 0.2827949523925781 0.21886809170246124 
vn 0.946564257144928 0.19477230310440063 0.25706008076667786 
vn 0.9468992352485657 0.1873885691165924 0.2612801790237427 
vn 0.9468992352485657 0.1873885691165924 0.2612801790237427 
vn 0.9468992352485657 0.1873885691165924 0.2612801790237427 
vn 0.9552555084228516 0.17269571125507355 0.2401314377784729 
vn 0.9843505620956421 0.12054599076509476 0.12854042649269104 
vn 0.9737358093261719 -0.04529647156596184 -0.22312943637371063 
vn 0.7211829423904419 -0.2522098124027252 -0.6452018022537231 
vn 0.492770254611969 -0.32812196016311646 -0.8059239983558655 
vn 0.36860430240631104 -0.3552572727203369 -0.8590245246887207 
vn 0.32412317395210266 -0.3562067151069641 -0.8763908743858337 
vn 0.3144870102405548 -0.35454410314559937 -0.8805659413337708 
vn 0.2883724868297577 -0.3564107120037079 -0.888714075088501 
vn 0.22878199815750122 -0.3559917211532593 -0.9060511589050293 
vn 0.1699981838464737 -0.35238227248191833 -0.9202865362167358 
vn 0.11501657217741013 -0.34421098232269287 -0.931820809841156 
vn 0.0730690136551857 -0.3177100121974945 -0.9453682899475098 
vn 0.0377984344959259 -0.31129810214042664 -0.949560284614563 
vn 0.0037837717682123184 -0.3010871410369873 -0.953589141368866 
vn -0.024521229788661003 -0.2959272563457489 -0.9548956751823425 
vn -0.061979763209819794 -0.286130428314209 -0.9561840295791626 
vn -0.10529688745737076 -0.277645081281662 -0.9548956751823425 
vn -0.14825685322284698 -0.26685670018196106 -0.9522643685340881 
vn -0.1964079588651657 -0.24975304305553436 -0.9481810927391052 
vn -0.2480984777212143 -0.23608721792697906 -0.9395264387130737 
vn -0.29929161071777344 -0.21931932866573334 -0.9286137819290161 
vn -0.35333433747291565 -0.20254066586494446 -0.913308322429657 
vn -0.4188794791698456 -0.1765725016593933 -0.8907088041305542 
vn -0.4807615578174591 -0.15262998640537262 -0.8634653687477112 
vn -0.5488790273666382 -0.12749512493610382 -0.8261215686798096 
vn -0.6195498704910278 -0.09410999715328217 -0.7792953848838806 
vn -0.6896454691886902 -0.0603361614048481 -0.7216291427612305 
vn -0.7493932843208313 -0.022644275799393654 -0.661737859249115 
vn -0.7914654612541199 -1.633418606535736e-13 -0.6112139225006104 
vn -0.8147431015968323 0.015102560631930828 -0.5796254277229309 
vn -0.7981697916984558 0.1017463356256485 -0.5937783122062683 
vn -0.7860454320907593 0.1130162701010704 -0.607749879360199 
vn -0.7597950100898743 0.20163178443908691 -0.6181069612503052 
vn -0.7633616924285889 0.09795816242694855 -0.6385006904602051 
vn -0.7222254276275635 0.07540258765220642 -0.6875353455543518 
vn -0.6626867055892944 0.030193211510777473 -0.7482877969741821 
vn -0.5919708013534546 -0.007560293190181255 -0.8059239983558655 
vn -0.524918794631958 -0.0452921986579895 -0.8499464392662048 
vn -0.4594525694847107 -0.07909239828586578 -0.8846737742424011 
vn -0.39573800563812256 -0.11190404742956161 -0.9115201234817505 
vn -0.33776581287384033 -0.13275644183158875 -0.931820809841156 
vn -0.27779632806777954 -0.16257232427597046 -0.946783721446991 
vn -0.23140034079551697 -0.17934879660606384 -0.9561840295791626 
vn -0.17679716646671295 -0.20088060200214386 -0.9635298252105713 
vn -0.13609729707241058 -0.21558316051959991 -0.9669547080993652 
vn -0.09594667702913284 -0.23163577914237976 -0.9680594801902771 
vn -0.052621547132730484 -0.24513642489910126 -0.9680594801902771 
vn -0.017029304057359695 -0.25861066579818726 -0.9658315181732178 
vn 0.018876634538173676 -0.271152138710022 -0.962351381778717 
vn 0.04523755609989166 -0.2807784974575043 -0.9587059020996094 
vn 0.07854222506284714 -0.2906869351863861 -0.953589141368866 
vn 0.11298548430204391 -0.32330217957496643 -0.9395264387130737 
vn 0.17297156155109406 -0.33739352226257324 -0.9253358840942383 
vn 0.23525257408618927 -0.3469716012477875 -0.9078915119171143 
vn 0.2892906069755554 -0.35064056515693665 -0.8907088041305542 
vn 0.3144870102405548 -0.35454410314559937 -0.8805659413337708 
vn 0.32412317395210266 -0.3562067151069641 -0.8763908743858337 
vn 0.37719663977622986 -0.3625037968158722 -0.8522403836250305 
vn 0.5344179272651672 -0.37612664699554443 -0.7569189071655273 
vn 0.8028739094734192 -0.3591153025627136 -0.4758462607860565 
vn 0.9671035408973694 -0.2539230287075043 0.0152922747656703 
vn 0.9437443614006042 -0.16513092815876007 0.2864931523799896 
vn 0.9221969842910767 -0.1279124766588211 0.3649536371231079 
vn 0.9182999730110168 -0.12042068690061569 0.37712597846984863 
vn 0.9209132790565491 -0.11284177005290985 0.37307560443878174 
vn 0.9218000769615173 -0.10535265505313873 0.37307560443878174 
vn 0.9234263300895691 -0.10540098696947098 0.3690181374549866 
vn 0.8045743107795715 -0.39344289898872375 0.44481781125068665 
vn 0.8012320399284363 -0.4002053737640381 0.44481781125068665 
vn 0.7989877462387085 -0.4003283381462097 0.4487268626689911 
vn 0.7989877462387085 -0.4003283381462097 0.4487268626689911 
vn 0.8042404651641846 -0.40703025460243225 0.43303996324539185 
vn 0.8314379453659058 -0.44227334856987 0.3363112509250641 
vn 0.8595631718635559 -0.5108006000518799 -0.0152922747656703 
vn 0.6909759044647217 -0.4889502227306366 -0.5324283838272095 
vn 0.4818372130393982 -0.4163770079612732 -0.7710143327713013 
vn 0.3665686547756195 -0.37324756383895874 -0.8522403836250305 
vn 0.32412317395210266 -0.3562067151069641 -0.8763908743858337 
vn 0.3144870102405548 -0.35454410314559937 -0.8805659413337708 
vn 0.2892906069755554 -0.35064056515693665 -0.8907088041305542 
vn 0.23743125796318054 -0.3357938230037689 -0.9115201234817505 
vn 0.17580263316631317 -0.3221377432346344 -0.9302261471748352 
vn 0.12344589829444885 -0.30172809958457947 -0.9453682899475098 
vn 0.09088924527168274 -0.2650575339794159 -0.9599394202232361 
vn 0.0581982284784317 -0.2525518536567688 -0.9658315181732178 
vn 0.032089367508888245 -0.2401168942451477 -0.9702134728431702 
vn -0.0018921449081972241 -0.22525057196617126 -0.9742990136146545 
vn -0.037724416702985764 -0.2090923935174942 -0.9771679639816284 
vn -0.07231137901544571 -0.19066943228244781 -0.9789873361587524 
vn -0.11270076781511307 -0.16994795203208923 -0.9789873361587524 
vn -0.15590672194957733 -0.15055736899375916 -0.976230263710022 
vn -0.20420870184898376 -0.12226039916276932 -0.9712626934051514 
vn -0.25424817204475403 -0.09611277282238007 -0.962351381778717 
vn -0.30619677901268005 -0.06766658276319504 -0.949560284614563 
vn -0.3646336495876312 -0.04149191826581955 -0.9302261471748352 
vn -0.4271062910556793 -0.0037798001430928707 -0.9041935205459595 
vn -0.49160000681877136 0.03774235397577286 -0.8700028657913208 
vn -0.5542513728141785 0.07916820794343948 -0.8285757899284363 
vn -0.6246275901794434 0.12400515377521515 -0.7710143327713013 
vn -0.6811503171920776 0.16848759353160858 -0.7124928832054138 
vn -0.7201521992683411 0.19785350561141968 -0.6650074124336243 
vn -0.741502046585083 0.21629217267036438 -0.6351318359375 
vn -0.7081116437911987 0.30148759484291077 -0.6385006904602051 
vn -0.6914451122283936 0.3114330470561981 -0.651853621006012 
vn -0.647883415222168 0.38860175013542175 -0.6551609039306641 
vn -0.6703444719314575 0.2868713438510895 -0.6843559741973877 
vn -0.6322247385978699 0.25778859853744507 -0.7306414246559143 
vn -0.5742354393005371 0.21436192095279694 -0.790128231048584 
vn -0.5085923075675964 0.16366170346736908 -0.8453097939491272 
vn -0.448484867811203 0.11233960837125778 -0.8867024183273315 
vn -0.3846648037433624 0.07145367562770844 -0.9202865362167358 
vn -0.32874396443367004 0.030239000916481018 -0.9439348578453064 
vn -0.2717033624649048 -0.007555763237178326 -0.962351381778717 
vn -0.22142307460308075 -0.041391145437955856 -0.9742990136146545 
vn -0.17310087382793427 -0.07016412913799286 -0.9824016690254211 
vn -0.13005682826042175 -0.10198560357093811 -0.9862475395202637 
vn -0.08892360329627991 -0.12368520349264145 -0.9883291721343994 
vn -0.04840758815407753 -0.14898322522640228 -0.9876541495323181 
vn -0.013211137615144253 -0.1690673679113388 -0.9855159521102905 
vn 0.02072312869131565 -0.18994398415088654 -0.9815762042999268 
vn 0.04516337439417839 -0.20761269330978394 -0.9771679639816284 
vn 0.0707954466342926 -0.22278602421283722 -0.9722933769226074 
vn 0.10123053938150406 -0.24315796792507172 -0.9646899104118347 
vn 0.133527010679245 -0.27913978695869446 -0.9509214162826538 
vn 0.18377229571342468 -0.3082152307033539 -0.933397650718689 
vn 0.23754540085792542 -0.33081725239753723 -0.913308322429657 
vn 0.2892906069755554 -0.35064056515693665 -0.8907088041305542 
vn 0.3144870102405548 -0.35454410314559937 -0.8805659413337708 
vn 0.31848812103271484 -0.36125388741493225 -0.8763908743858337 
vn 0.3517409563064575 -0.377103716135025 -0.8567795157432556 
vn 0.4302120506763458 -0.41685187816619873 -0.8007197380065918 
vn 0.5802894234657288 -0.5055502653121948 -0.6385006904602051 
vn 0.7906902432441711 -0.591260552406311 -0.15880759060382843 
vn 0.7910577654838562 -0.5336763858795166 0.2990269064903259 
vn 0.7529551982879639 -0.4920487701892853 0.43697428703308105 
vn 0.7475305199623108 -0.4787774384021759 0.46040233969688416 
vn 0.7475305199623108 -0.4787774384021759 0.46040233969688416 
vn 0.7475305199623108 -0.4787774384021759 0.46040233969688416 
vn 0.7475305199623108 -0.4787774384021759 0.46040233969688416 
vn 0.7372090816497803 -0.4908868968486786 0.4642767012119293 
vn 0.739281415939331 -0.4914190471172333 0.46040233969688416 
vn 0.739281415939331 -0.4914190471172333 0.46040233969688416 
vn 0.739281415939331 -0.4914190471172333 0.46040233969688416 
vn 0.7469688057899475 -0.504493772983551 0.43303996324539185 
vn 0.7870748043060303 -0.5587896704673767 0.2612801790237427 
vn 0.7576049566268921 -0.6017550826072693 -0.25283506512641907 
vn 0.5318166613578796 -0.4944351613521576 -0.6875353455543518 
vn 0.40321385860443115 -0.4139105975627899 -0.8161473870277405 
vn 0.34701603651046753 -0.37637314200401306 -0.8590245246887207 
vn 0.31848812103271484 -0.36125388741493225 -0.8763908743858337 
vn 0.3144870102405548 -0.35454410314559937 -0.8805659413337708 
vn 0.2950787842273712 -0.34578371047973633 -0.8907088041305542 
vn 0.24462182819843292 -0.32060933113098145 -0.9150791168212891 
vn 0.19146645069122314 -0.2937898337841034 -0.9364978075027466 
vn 0.14298643171787262 -0.2602481544017792 -0.9548956751823425 
vn 0.11775246262550354 -0.21654321253299713 -0.9691457152366638 
vn 0.08815440535545349 -0.197998046875 -0.976230263710022 
vn 0.0647585466504097 -0.1797623336315155 -0.9815762042999268 
vn 0.039411358535289764 -0.16050727665424347 -0.9862475395202637 
vn 0.007571603637188673 -0.13482490181922913 -0.990840494632721 
vn -0.026279127225279808 -0.11027190089225769 -0.9935539960861206 
vn -0.058741308748722076 -0.08663694560527802 -0.9945066571235657 
vn -0.09753510355949402 -0.05777013301849365 -0.9935539960861206 
vn -0.1424407958984375 -0.01891211047768593 -0.9896226525306702 
vn -0.18213078379631042 0.011382614262402058 -0.983208417892456 
vn -0.23216213285923004 0.05243612825870514 -0.9712626934051514 
vn -0.28205591440200806 0.09283686429262161 -0.9548956751823425 
vn -0.3406561613082886 0.13650153577327728 -0.9302261471748352 
vn -0.39732396602630615 0.18654893338680267 -0.8985171914100647 
vn -0.4583572745323181 0.23629960417747498 -0.8567795157432556 
vn -0.5185595750808716 0.2928440570831299 -0.8033295273780823 
vn -0.5702700614929199 0.3452499508857727 -0.7453821301460266 
vn -0.6080262660980225 0.38013505935668945 -0.6969945430755615 
vn -0.6289640665054321 0.39727458357810974 -0.6682642698287964 
vn -0.5793297290802002 0.47131967544555664 -0.6650074124336243 
vn -0.561589777469635 0.4788980484008789 -0.67473965883255 
vn -0.5035535097122192 0.5475917458534241 -0.6682642698287964 
vn -0.5419968366622925 0.4553369879722595 -0.7063339352607727 
vn -0.5063696503639221 0.4183168113231659 -0.7540562748908997 
vn -0.45292404294013977 0.3701765537261963 -0.8110666871070862 
vn -0.3962080478668213 0.31216463446617126 -0.8634653687477112 
vn -0.33876359462738037 0.253595232963562 -0.9060511589050293 
vn -0.2863472104072571 0.20242813229560852 -0.9364978075027466 
vn -0.23441721498966217 0.15350869297981262 -0.9599394202232361 
vn -0.182725727558136 0.10841618478298187 -0.9771679639816284 
vn -0.14206208288669586 0.06601258367300034 -0.9876541495323181 
vn -0.10134710371494293 0.026177607476711273 -0.9945066571235657 
vn -0.06065128743648529 -0.007662039250135422 -0.9981296062469482 
vn -0.02396346628665924 -0.04660924896597862 -0.9986256957054138 
vn 0.001910788007080555 -0.074186772108078 -0.9972425103187561 
vn 0.033688317984342575 -0.10368198156356812 -0.9940398335456848 
vn 0.06404850631952286 -0.1286267340183258 -0.9896226525306702 
vn 0.08690157532691956 -0.15556097030639648 -0.9839963912963867 
vn 0.11586423963308334 -0.1729777604341507 -0.9780870079994202 
vn 0.13805939257144928 -0.19387729465961456 -0.9712626934051514 
vn 0.1571749746799469 -0.24202823638916016 -0.9574540853500366 
vn 0.19977238774299622 -0.27817443013191223 -0.9395264387130737 
vn 0.2505917251110077 -0.31596511602401733 -0.9150791168212891 
vn 0.2950787842273712 -0.34578371047973633 -0.8907088041305542 
vn 0.3144870102405548 -0.35454410314559937 -0.8805659413337708 
vn 0.31848812103271484 -0.36125388741493225 -0.8763908743858337 
vn 0.34153294563293457 -0.37629541754722595 -0.8612531423568726 
vn 0.3986508250236511 -0.41335949301719666 -0.8186644315719604 
vn 0.5178521275520325 -0.487125039100647 -0.7032341957092285 
vn 0.7399322986602783 -0.6066360473632812 -0.29067665338516235 
vn 0.7844571471214294 -0.5718076229095459 0.2401314377784729 
vn 0.7427219152450562 -0.5107254981994629 0.43303996324539185 
vn 0.7287439703941345 -0.5033680200576782 0.4642767012119293 
vn 0.7287439703941345 -0.5033680200576782 0.4642767012119293 
vn 0.7287439703941345 -0.5033680200576782 0.4642767012119293 
vn 0.7287439703941345 -0.5033680200576782 0.4642767012119293 
vn 0.7244320511817932 -0.5095540881156921 0.4642767012119293 
vn 0.7244320511817932 -0.5095540881156921 0.4642767012119293 
vn 0.7244320511817932 -0.5095540881156921 0.4642767012119293 
vn 0.7244320511817932 -0.5095540881156921 0.4642767012119293 
vn 0.7360376715660095 -0.5235685110092163 0.42909738421440125 
vn 0.7786800861358643 -0.5778756737709045 0.24437066912651062 
vn 0.7347433567047119 -0.6187140941619873 -0.2781098484992981 
vn 0.5191138386726379 -0.49908560514450073 -0.6938546895980835 
vn 0.39776140451431274 -0.4191530644893646 -0.8161473870277405 
vn 0.34153294563293457 -0.37629541754722595 -0.8612531423568726 
vn 0.31848812103271484 -0.36125388741493225 -0.8763908743858337 
vn 0.3144870102405548 -0.35454410314559937 -0.8805659413337708 
vn 0.2950787842273712 -0.34578371047973633 -0.8907088041305542 
vn 0.2572897672653198 -0.3053198456764221 -0.916832447052002 
vn 0.2118396759033203 -0.2690984606742859 -0.9395264387130737 
vn 0.1756235957145691 -0.22369475662708282 -0.9587059020996094 
vn 0.16149207949638367 -0.17484024167060852 -0.9712626934051514 
vn 0.13380010426044464 -0.1538873016834259 -0.9789873361587524 
vn 0.11747650802135468 -0.1282031089067459 -0.9847655892372131 
vn 0.09584151208400726 -0.10117865353822708 -0.9902410507202148 
vn 0.06750723719596863 -0.07421769946813583 -0.994954526424408 
vn 0.03946715220808983 -0.04080873727798462 -0.9983872175216675 
vn 0.0106044327840209 -0.007704571355134249 -0.9999141097068787 
vn -0.019612373784184456 0.02892608754336834 -0.999389111995697 
vn -0.05610034987330437 0.06685779243707657 -0.9961841106414795 
vn -0.09252401441335678 0.10993796586990356 -0.9896226525306702 
vn -0.13091649115085602 0.1563478261232376 -0.9789873361587524 
vn -0.17695601284503937 0.20631620287895203 -0.962351381778717 
vn -0.22062115371227264 0.2619471848011017 -0.9395264387130737 
vn -0.2713877260684967 0.3195023536682129 -0.9078915119171143 
vn -0.32628199458122253 0.3796985447406769 -0.865661084651947 
vn -0.38281309604644775 0.437590092420578 -0.8136147856712341 
vn -0.43106594681739807 0.49117809534072876 -0.7569189071655273 
vn -0.4610171318054199 0.5330911874771118 -0.7094202041625977 
vn -0.48034894466400146 0.5564510226249695 -0.677958071231842 
vn -0.41825205087661743 0.6187328696250916 -0.6650074124336243 
vn -0.3969993591308594 0.6221880316734314 -0.67473965883255 
vn -0.3250901997089386 0.6787875294685364 -0.6584556698799133 
vn -0.3776412606239319 0.598731517791748 -0.7063339352607727 
vn -0.3478424847126007 0.5571398138999939 -0.7540562748908997 
vn -0.299001544713974 0.5027613043785095 -0.8110666871070862 
vn -0.25438442826271057 0.43556416034698486 -0.8634653687477112 
vn -0.20280292630195618 0.37140583992004395 -0.9060511589050293 
vn -0.15531107783317566 0.3144047260284424 -0.9364978075027466 
vn -0.11546441912651062 0.2553122043609619 -0.9599394202232361 
vn -0.07412802428007126 0.20366507768630981 -0.976230263710022 
vn -0.04115317389369011 0.1511479914188385 -0.9876541495323181 
vn -0.009436621330678463 0.1042470708489418 -0.9945066571235657 
vn 0.02594083361327648 0.060137610882520676 -0.9978529810905457 
vn 0.05226672440767288 0.02216300554573536 -0.9983872175216675 
vn 0.07710427790880203 -0.01509501039981842 -0.9969087839126587 
vn 0.10436485707759857 -0.044254522770643234 -0.9935539960861206 
vn 0.12525470554828644 -0.07886220514774323 -0.9889853596687317 
vn 0.14326295256614685 -0.10595672577619553 -0.9839963912963867 
vn 0.16056273877620697 -0.13253465294837952 -0.9780870079994202 
vn 0.18229036033153534 -0.15954959392547607 -0.9702134728431702 
vn 0.187869593501091 -0.20789748430252075 -0.9599394202232361 
vn 0.22339756786823273 -0.2541384696960449 -0.9410139322280884 
vn 0.2630216181278229 -0.3003961741924286 -0.916832447052002 
vn 0.2959088683128357 -0.3399246633052826 -0.8926864862442017 
vn 0.3144870102405548 -0.35454410314559937 -0.8805659413337708 
vn 0.31848812103271484 -0.36125388741493225 -0.8763908743858337 
vn 0.3461803197860718 -0.3822147250175476 -0.8567795157432556 
vn 0.40407595038414 -0.43747490644454956 -0.8033295273780823 
vn 0.5354540944099426 -0.5247780084609985 -0.661737859249115 
vn 0.7387728691101074 -0.6374256610870361 -0.21886809170246124 
vn 0.7618441581726074 -0.5889418721199036 0.26970529556274414 
vn 0.7252174615859985 -0.5352905988693237 0.43303996324539185 
vn 0.7156509160995483 -0.5218150019645691 0.4642767012119293 
vn 0.7156509160995483 -0.5218150019645691 0.4642767012119293 
vn 0.7156509160995483 -0.5218150019645691 0.4642767012119293 
vn 0.7131126523017883 -0.5218364596366882 0.46814218163490295 
vn 0.6533011198043823 -0.5919584631919861 0.4719987213611603 
vn 0.6482099890708923 -0.5975291132926941 0.4719987213611603 
vn 0.6482099890708923 -0.5975291132926941 0.4719987213611603 
vn 0.6430712938308716 -0.6030559539794922 0.4719987213611603 
vn 0.6529014110565186 -0.6102163195610046 0.4487268626689911 
vn 0.6781980395317078 -0.6555113196372986 0.33219319581985474 
vn 0.7000211477279663 -0.7120324969291687 -0.05459024757146835 
vn 0.5639448165893555 -0.6120201945304871 -0.5544344186782837 
vn 0.41780591011047363 -0.48059871792793274 -0.7710143327713013 
vn 0.3434654772281647 -0.3995279371738434 -0.8499464392662048 
vn 0.31762582063674927 -0.3670850694179535 -0.87427818775177 
vn 0.3144870102405548 -0.35454410314559937 -0.8805659413337708 
vn 0.3015625774860382 -0.33491915464401245 -0.8926864862442017 
vn 0.2686592638492584 -0.29536494612693787 -0.916832447052002 
vn 0.2345355600118637 -0.24389733374118805 -0.9410139322280884 
vn 0.20896929502487183 -0.19291144609451294 -0.9587059020996094 
vn 0.20633913576602936 -0.14242562651634216 -0.9680594801902771 
vn 0.18848241865634918 -0.11539093405008316 -0.9752739667892456 
vn 0.17457842826843262 -0.08767657727003098 -0.9807319641113281 
vn 0.15427489578723907 -0.05928824469447136 -0.9862475395202637 
vn 0.13752947747707367 -0.022546812891960144 -0.9902410507202148 
vn 0.11671379953622818 0.015205458737909794 -0.9930492043495178 
vn 0.09625690430402756 0.051180705428123474 -0.9940398335456848 
vn 0.07253015786409378 0.09269677847623825 -0.9930492043495178 
vn 0.0428529754281044 0.14167430996894836 -0.9889853596687317 
vn 0.013238939456641674 0.18631061911582947 -0.9824016690254211 
vn -0.01132497563958168 0.23774050176143646 -0.9712626934051514 
vn -0.04897182434797287 0.2971019148826599 -0.953589141368866 
vn -0.08796683698892593 0.35628798604011536 -0.9302261471748352 
vn -0.12481614202260971 0.4208180010318756 -0.8985171914100647 
vn -0.1686633676290512 0.48732081055641174 -0.8567795157432556 
vn -0.21606460213661194 0.5549574494361877 -0.8033295273780823 
vn -0.26121044158935547 0.6133307218551636 -0.7453821301460266 
vn -0.2865881621837616 0.6573171615600586 -0.6969945430755615 
vn -0.30246615409851074 0.6796595454216003 -0.6682642698287964 
vn -0.2324950098991394 0.7277779579162598 -0.6452018022537231 
vn -0.21051979064941406 0.728538453578949 -0.651853621006012 
vn -0.1334926337003708 0.7691643238067627 -0.6249527335166931 
vn -0.19054237008094788 0.7038114070892334 -0.6843559741973877 
vn -0.1645234376192093 0.6626425385475159 -0.7306414246559143 
vn -0.12766098976135254 0.6030231714248657 -0.7874425053596497 
vn -0.08471634238958359 0.5312525629997253 -0.8429672718048096 
vn -0.052839506417512894 0.45931127667427063 -0.8867024183273315 
vn -0.015139628201723099 0.3949722945690155 -0.9185682535171509 
vn 0.018915539607405663 0.3295894265174866 -0.9439348578453064 
vn 0.04709986597299576 0.27196231484413147 -0.961154580116272 
vn 0.0723581314086914 0.21780891716480255 -0.9733054637908936 
vn 0.09767907857894897 0.16918513178825378 -0.9807319641113281 
vn 0.12320587784051895 0.11652734130620956 -0.9855159521102905 
vn 0.14333373308181763 0.07324554026126862 -0.986960232257843 
vn 0.15809880197048187 0.030236372724175453 -0.986960232257843 
vn 0.1738872230052948 0 -0.9847655892372131 
vn 0.19169622659683228 -0.03764791041612625 -0.9807319641113281 
vn 0.20366507768630981 -0.07412802428007126 -0.976230263710022 
vn 0.21490561962127686 -0.10229552537202835 -0.9712626934051514 
vn 0.22906239330768585 -0.1823253631591797 -0.9561840295791626 
vn 0.265359103679657 -0.22925187647342682 -0.9364978075027466 
vn 0.2945959270000458 -0.281213641166687 -0.913308322429657 
vn 0.31194785237312317 -0.3306454122066498 -0.8907088041305542 
vn 0.3144870102405548 -0.35454410314559937 -0.8805659413337708 
vn 0.31277450919151306 -0.3662118911743164 -0.8763908743858337 
vn 0.30768895149230957 -0.3996937572956085 -0.8634653687477112 
vn 0.26269060373306274 -0.5305470824241638 -0.8059239983558655 
vn -0.015100016258656979 -0.8122023344039917 -0.5831804275512695 
vn -0.4458825886249542 -0.8226653933525085 -0.3527185618877411 
vn -0.6688682436943054 -0.7289323210716248 -0.1458524912595749 
vn -0.738196849822998 -0.6741572618484497 -0.024029340595006943 
vn -0.7534953951835632 -0.6574495434761047 -0.002184694167226553 
vn -0.7584244012832642 -0.651728093624115 -0.006554040592163801 
vn -0.7681077718734741 -0.6401379704475403 -0.0152922747656703 
vn -0.8189880847930908 -0.5707741379737854 -0.058952588587999344 
vn -0.9273257851600647 -0.31520000100135803 -0.2017817199230194 
vn -0.943143367767334 -0.011324005201458931 -0.33219319581985474 
vn -0.9269821047782898 0.08667788654565811 -0.3649536371231079 
vn -0.9238321185112 0.10178299993276596 -0.3690181374549866 
vn -0.921784520149231 0.10548853129148483 -0.37307560443878174 
vn -0.9199454188346863 0.12047841399908066 -0.37307560443878174 
vn -0.9150707721710205 0.1317407488822937 -0.3811691105365753 
vn -0.8872125744819641 0.22047224640846252 -0.405272513628006 
vn -0.7389058470726013 0.48832911252975464 -0.4642767012119293 
vn -0.5086693167686462 0.7200505137443542 -0.4719987213611603 
vn -0.4186555743217468 0.7804964184761047 -0.4642767012119293 
vn -0.40528735518455505 0.7875210046768188 -0.4642767012119293 
vn -0.3985588252544403 0.7909475564956665 -0.4642767012119293 
vn -0.3905046284198761 0.7972050309181213 -0.46040233969688416 
vn -0.376874178647995 0.8037384748458862 -0.46040233969688416 
vn -0.28751540184020996 0.8482169508934021 -0.44481781125068665 
vn 0.007551141083240509 0.92777019739151 -0.37307560443878174 
vn 0.30975207686424255 0.9142134785652161 -0.2612801790237427 
vn 0.40448763966560364 0.8890081644058228 -0.21460255980491638 
vn 0.4185774624347687 0.8834890723228455 -0.2103329300880432 
vn 0.4270012080669403 0.8804598450660706 -0.2060592919588089 
vn 0.43537652492523193 0.8773433566093445 -0.2017817199230194 
vn 0.45081236958503723 0.8714563250541687 -0.19321508705615997 
vn 0.527709424495697 0.8360446095466614 -0.15017375349998474 
vn 0.7434656620025635 0.6687420010566711 -0.006554040592163801 
vn 0.8965166211128235 0.4167802035808563 0.15017375349998474 
vn 0.9245769381523132 0.3258083462715149 0.1975002884864807 
vn 0.9276891946792603 0.3113395869731903 0.2060592919588089 
vn 0.9300618171691895 0.30417847633361816 0.2060592919588089 
vn 0.931399941444397 0.297076016664505 0.2103329300880432 
vn 0.9338756799697876 0.2827949523925781 0.21886809170246124 
vn 0.946564257144928 0.19477230310440063 0.25706008076667786 
vn 0.9242515563964844 -0.09790139645338058 0.3690181374549866 
vn 0.8045743107795715 -0.39344289898872375 0.44481781125068665 
vn 0.7475305199623108 -0.4787774384021759 0.46040233969688416 
vn 0.739281415939331 -0.4914190471172333 0.46040233969688416 
vn 0.7330030798912048 -0.49714550375938416 0.4642767012119293 
vn 0.7244320511817932 -0.5095540881156921 0.4642767012119293 
vn 0.7156509160995483 -0.5218150019645691 0.4642767012119293 
vn 0.6533011198043823 -0.5919584631919861 0.4719987213611603 
vn 0.40980207920074463 -0.7851811051368713 0.4642767012119293 
vn 0.40310242772102356 -0.788641631603241 0.4642767012119293 
vn 0.39637354016304016 -0.7920449376106262 0.4642767012119293 
vn 0.39170733094215393 -0.7966147661209106 0.46040233969688416 
vn 0.384920209646225 -0.7999163269996643 0.46040233969688416 
vn 0.38677674531936646 -0.8056350946426392 0.4487268626689911 
vn 0.41149580478668213 -0.8333647847175598 0.3690181374549866 
vn 0.4662490487098694 -0.8805508613586426 0.08510008454322815 
vn 0.48166945576667786 -0.7663190364837646 -0.42514660954475403 
vn 0.3993818461894989 -0.5458425879478455 -0.736579954624176 
vn 0.34149184823036194 -0.41089490056037903 -0.8453097939491272 
vn 0.31762582063674927 -0.3670850694179535 -0.87427818775177 
vn 0.3144870102405548 -0.35454410314559937 -0.8805659413337708 
vn 0.3015625774860382 -0.33491915464401245 -0.8926864862442017 
vn 0.27964386343955994 -0.2849869132041931 -0.916832447052002 
vn 0.25068578124046326 -0.2333381026983261 -0.9395264387130737 
vn 0.2844886779785156 -0.2858257591724396 -0.9150791168212891 
vn 0.3015625774860382 -0.33491915464401245 -0.8926864862442017 
vn 0.30640897154808044 -0.33578476309776306 -0.8907088041305542 
vn 0.3144870102405548 -0.35454410314559937 -0.8805659413337708 
vn 0.31277450919151306 -0.3662118911743164 -0.8763908743858337 
vn 0.3087483048439026 -0.39408808946609497 -0.865661084651947 
vn 0.2933180630207062 -0.4853479564189911 -0.8236515522003174 
vn 0.18875186145305634 -0.7518401145935059 -0.6317508816719055 
vn -0.2935890555381775 -0.94264817237854 -0.15880759060382843 
vn -0.6297011971473694 -0.77491694688797 -0.05459024757146835 
vn -0.7280974984169006 -0.6853865385055542 -0.010923261754214764 
vn -0.7485089898109436 -0.6631211042404175 0.002184694167226553 
vn -0.7534953951835632 -0.6574495434761047 -0.002184694167226553 
vn -0.7584244012832642 -0.651728093624115 -0.006554040592163801 
vn -0.7681077718734741 -0.6401379704475403 -0.0152922747656703 
vn -0.8189880847930908 -0.5707741379737854 -0.058952588587999344 
vn -0.9150769710540771 -0.33306077122688293 -0.22738653421401978 
vn -0.9338052272796631 -0.026436209678649902 -0.3568037748336792 
vn -0.9166322350502014 0.07166709005832672 -0.3932546079158783 
vn -0.9153313636779785 0.08671391755342484 -0.3932546079158783 
vn -0.9120374917984009 0.10181132704019547 -0.3972681760787964 
vn -0.9098616242408752 0.1055026724934578 -0.401274174451828 
vn -0.9079981446266174 0.12049245089292526 -0.401274174451828 
vn -0.8794564008712769 0.2059900164604187 -0.42909738421440125 
vn -0.7304825186729431 0.47843581438064575 -0.48733407258987427 
vn -0.5011798143386841 0.7071626782417297 -0.4987381398677826 
vn -0.4113512933254242 0.7678325772285461 -0.4911448359489441 
vn -0.3979814052581787 0.7748467922210693 -0.4911448359489441 
vn -0.3900213837623596 0.7812738418579102 -0.48733407258987427 
vn -0.37979432940483093 0.7886510491371155 -0.4835140109062195 
vn -0.3661251366138458 0.795089066028595 -0.4835140109062195 
vn -0.28032273054122925 0.8358446955680847 -0.4719987213611603 
vn 0.011328714899718761 0.9158879518508911 -0.401274174451828 
vn 0.32037803530693054 0.902928352355957 -0.2864931523799896 
vn 0.4146457612514496 0.8765568137168884 -0.24437066912651062 
vn 0.431569367647171 0.8706921935081482 -0.23588760197162628 
vn 0.4387792944908142 0.8682257533073425 -0.23163928091526031 
vn 0.4420401155948639 0.8688002228736877 -0.22312943637371063 
vn 0.4586446285247803 0.8623171448707581 -0.21460255980491638 
vn 0.5340734720230103 0.8269075155258179 -0.1760382205247879 
vn 0.7530926465988159 0.657098114490509 -0.03276457265019417 
vn 0.9040688276290894 0.4102327823638916 0.11986933648586273 
vn 0.9329807162284851 0.3186132609844208 0.16742929816246033 
vn 0.9353470802307129 0.3043093979358673 0.18033768236637115 
vn 0.9376540780067444 0.2971247434616089 0.18033768236637115 
vn 0.9412380456924438 0.28280967473983765 0.18463370203971863 
vn 0.9417020678520203 0.27543628215789795 0.19321508705615997 
vn 0.9545668959617615 0.18747082352638245 0.23163928091526031 
vn 0.9343450665473938 -0.10541100054979324 0.34042292833328247 
vn 0.815741777420044 -0.40061473846435547 0.417220801115036 
vn 0.7553054690361023 -0.49192482233047485 0.43303996324539185 
vn 0.7445942163467407 -0.5046116709709167 0.43697428703308105 
vn 0.7403349876403809 -0.5108400583267212 0.43697428703308105 
vn 0.7336074113845825 -0.5171335339546204 0.4409002661705017 
vn 0.7248045802116394 -0.5294008851051331 0.4409002661705017 
vn 0.6631144881248474 -0.5991021394729614 0.4487268626689911 
vn 0.4222404360771179 -0.7942081093788147 0.43697428703308105 
vn 0.11854954063892365 -0.9185433983802795 0.37712597846984863 
vn 0.1073116660118103 -0.9078757762908936 0.405272513628006 
vn 0.1073116660118103 -0.9078757762908936 0.405272513628006 
vn 0.09981222450733185 -0.9087308049201965 0.405272513628006 
vn 0.09981222450733185 -0.9087308049201965 0.405272513628006 
vn 0.09599372744560242 -0.9109139442443848 0.401274174451828 
vn 0.10353655368089676 -0.9153018593788147 0.3892335295677185 
vn 0.13530908524990082 -0.9459134340286255 0.2948545813560486 
vn 0.2448417991399765 -0.968477725982666 -0.04586252197623253 
vn 0.34459200501441956 -0.7628194093704224 -0.5471406579017639 
vn 0.3414537012577057 -0.5335346460342407 -0.7737894654273987 
vn 0.3270222246646881 -0.40834152698516846 -0.8522403836250305 
vn 0.31277450919151306 -0.3662118911743164 -0.8763908743858337 
vn 0.3144870102405548 -0.35454410314559937 -0.8805659413337708 
vn 0.3144870102405548 -0.35454410314559937 -0.8805659413337708 
vn 0.31277450919151306 -0.3662118911743164 -0.8763908743858337 
vn 0.3146650791168213 -0.3893800377845764 -0.865661084651947 
vn 0.3025476634502411 -0.4710913896560669 -0.8285757899284363 
vn 0.27076205611228943 -0.6573808193206787 -0.7032341957092285 
vn 0.024541640654206276 -0.9816845655441284 -0.18892620503902435 
vn -0.4099149703979492 -0.9058442115783691 0.10684575140476227 
vn -0.6738868951797485 -0.7379008531570435 0.03713129088282585 
vn -0.7383660078048706 -0.6743116974830627 0.010923261754214764 
vn -0.7485089898109436 -0.6631211042404175 0.002184694167226553 
vn -0.7534953951835632 -0.6574495434761047 -0.002184694167226553 
vn -0.7584244012832642 -0.651728093624115 -0.006554040592163801 
vn -0.7681077718734741 -0.6401379704475403 -0.0152922747656703 
vn -0.8081477880477905 -0.583418607711792 -0.08074574917554855 
vn -0.8395206928253174 -0.39112791419029236 -0.37712597846984863 
vn -0.8594123125076294 -0.09425290673971176 -0.5025205612182617 
vn -0.8441067337989807 0.007555300369858742 -0.5361219048500061 
vn -0.8438363075256348 0.022663479670882225 -0.5361219048500061 
vn -0.8432953953742981 0.03776439651846886 -0.5361219048500061 
vn -0.842923641204834 0.045310620218515396 -0.5361219048500061 
vn -0.8419775366783142 0.06039157509803772 -0.5361219048500061 
vn -0.8124293684959412 0.14282700419425964 -0.5652954578399658 
vn -0.664613664150238 0.39897310733795166 -0.6317508816719055 
vn -0.43520405888557434 0.6279427409172058 -0.6452018022537231 
vn -0.3462788164615631 0.6904335618019104 -0.6351318359375 
vn -0.33777183294296265 0.7007685899734497 -0.6283578276634216 
vn -0.32773256301879883 0.7085375189781189 -0.6249527335166931 
vn -0.3190431594848633 0.7184394598007202 -0.6181069612503052 
vn -0.31245505809783936 0.7271790504455566 -0.6112139225006104 
vn -0.22530102729797363 0.7642591595649719 -0.6042742133140564 
vn 0.06416686624288559 0.8321717977523804 -0.5507928133010864 
vn 0.36676910519599915 0.8213001489639282 -0.43697428703308105 
vn 0.45838668942451477 0.7989861965179443 -0.3892335295677185 
vn 0.47285085916519165 0.7963592410087585 -0.37712597846984863 
vn 0.48122864961624146 0.7932424545288086 -0.37307560443878174 
vn 0.4860572814941406 0.7940763235092163 -0.3649536371231079 
vn 0.49806657433509827 0.7921611666679382 -0.3527185618877411 
vn 0.572001039981842 0.757082998752594 -0.31565824151039124 
vn 0.7931138277053833 0.5790314078330994 -0.18892620503902435 
vn 0.9394553303718567 0.3401494026184082 -0.04149730131030083 
vn 0.9690860509872437 0.24663592875003815 0.006554040592163801 
vn 0.970661461353302 0.23924656212329865 0.024029340595006943 
vn 0.9720506072044373 0.23181647062301636 0.03713129088282585 
vn 0.9736061692237854 0.22443051636219025 0.04149730131030083 
vn 0.9764394760131836 0.20986466109752655 0.05022686347365379 
vn 0.9884923696517944 0.12791776657104492 0.08074574917554855 
vn 0.9703958034515381 -0.1653556376695633 0.1760382205247879 
vn 0.8528774380683899 -0.45680904388427734 0.25283506512641907 
vn 0.7958517074584961 -0.5399937629699707 0.27391019463539124 
vn 0.7858731150627136 -0.5523208975791931 0.2781098484992981 
vn 0.7800815105438232 -0.5583701133728027 0.28230419754981995 
vn 0.7727524638175964 -0.5642346739768982 0.29067665338516235 
vn 0.7622716426849365 -0.5761967897415161 0.2948545813560486 
vn 0.7021952271461487 -0.6461461186408997 0.2990269064903259 
vn 0.4710443913936615 -0.8385048508644104 0.27391019463539124 
vn 0.1745559275150299 -0.9609765410423279 0.21460255980491638 
vn 0.06979764997959137 -0.9795076251029968 0.18892620503902435 
vn 0.015099317766726017 -0.9371400475502014 0.34862664341926575 
vn 0.005660711321979761 -0.9261446595191956 0.37712597846984863 
vn 0.005660711321979761 -0.9261446595191956 0.37712597846984863 
vn 0.005660711321979761 -0.9261446595191956 0.37712597846984863 
vn 0.005660711321979761 -0.9261446595191956 0.37712597846984863 
vn 0.005660711321979761 -0.9261446595191956 0.37712597846984863 
vn 0.011316475458443165 -0.9341108202934265 0.3568037748336792 
vn 0.060363855212926865 -0.9738854765892029 0.21886809170246124 
vn 0.20057649910449982 -0.9539299607276917 -0.22312943637371063 
vn 0.3027300536632538 -0.6827295422554016 -0.6650074124336243 
vn 0.3232061266899109 -0.49179330468177795 -0.8085030317306519 
vn 0.31834185123443604 -0.4009180963039398 -0.8590245246887207 
vn 0.31277450919151306 -0.3662118911743164 -0.8763908743858337 
vn 0.3136478066444397 -0.3950349986553192 -0.8634653687477112 
vn 0.3102149963378906 -0.4617164433002472 -0.8310141563415527 
vn 0.28752002120018005 -0.6262737512588501 -0.7246471047401428 
vn 0.15968799591064453 -0.9394537806510925 -0.30319350957870483 
vn -0.10173026472330093 -0.9775281548500061 0.18463370203971863 
vn -0.4336969554424286 -0.8819395303726196 0.18463370203971863 
vn -0.6809353828430176 -0.7303060293197632 0.05459024757146835 
vn -0.7383660078048706 -0.6743116974830627 0.010923261754214764 
vn -0.7485089898109436 -0.6631211042404175 0.002184694167226553 
vn -0.7534953951835632 -0.6574495434761047 -0.002184694167226553 
vn -0.7584244012832642 -0.651728093624115 -0.006554040592163801 
vn -0.7579176425933838 -0.651292622089386 -0.03713129088282585 
vn -0.7399462461471558 -0.6345808506011963 -0.22312943637371063 
vn -0.4706014394760132 -0.48128199577331543 -0.7395281791687012 
vn -0.486357182264328 -0.2546028196811676 -0.8358433246612549 
vn -0.4854387640953064 -0.17400610446929932 -0.8567795157432556 
vn -0.4953812062740326 -0.1561930924654007 -0.8545181155204773 
vn -0.4976004660129547 -0.1489717960357666 -0.8545181155204773 
vn -0.5094022750854492 -0.13453777134418488 -0.8499464392662048 
vn -0.515984058380127 -0.1235852763056755 -0.8476362228393555 
vn -0.4811687767505646 -0.06414223462343216 -0.87427818775177 
vn -0.34104618430137634 0.11160816252231598 -0.933397650718689 
vn -0.1693025678396225 0.2882043123245239 -0.9424833655357361 
vn -0.10076795518398285 0.34440484642982483 -0.933397650718689 
vn -0.09904366731643677 0.3659834563732147 -0.9253358840942383 
vn -0.1027829498052597 0.3775027394294739 -0.9202865362167358 
vn -0.0972442552447319 0.38724902272224426 -0.916832447052002 
vn -0.09555521607398987 0.4040900468826294 -0.9097144603729248 
vn -0.02269531600177288 0.4185904562473297 -0.9078915119171143 
vn 0.21008367836475372 0.44183847308158875 -0.872148871421814 
vn 0.44028154015541077 0.43627116084098816 -0.7847417593002319 
vn 0.5097883343696594 0.42447754740715027 -0.7482877969741821 
vn 0.5235645771026611 0.4382273554801941 -0.7306414246559143 
vn 0.5303171277046204 0.444988876581192 -0.7216291427612305 
vn 0.5378156900405884 0.445802241563797 -0.715552031993866 
vn 0.5430026650428772 0.4589223265647888 -0.7032341957092285 
vn 0.6049152612686157 0.4124242663383484 -0.681163489818573 
vn 0.7585136294364929 0.252412348985672 -0.6007870435714722 
vn 0.8720784783363342 0.07545434683561325 -0.4835140109062195 
vn 0.8994422554969788 0.007555474992841482 -0.43697428703308105 
vn 0.9051244854927063 0 -0.42514660954475403 
vn 0.9106194972991943 0 -0.41324591636657715 
vn 0.9177025556564331 0 -0.3972681760787964 
vn 0.9244744777679443 -0.007553671952337027 -0.3811691105365753 
vn 0.9263535737991333 -0.0754631757736206 -0.3690181374549866 
vn 0.8958447575569153 -0.30418139696121216 -0.3239381015300751 
vn 0.8065783977508545 -0.5281510949134827 -0.26549527049064636 
vn 0.766294538974762 -0.5959275364875793 -0.2401314377784729 
vn 0.7616158127784729 -0.6084033250808716 -0.22312943637371063 
vn 0.7593957185745239 -0.6142180562019348 -0.21460255980491638 
vn 0.7577832341194153 -0.6205229759216309 -0.2017817199230194 
vn 0.7560111284255981 -0.6267009377479553 -0.18892620503902435 
vn 0.706462562084198 -0.677089512348175 -0.2060592919588089 
vn 0.5171416401863098 -0.8177034854888916 -0.25283506512641907 
vn 0.29711028933525085 -0.9095232486724854 -0.29067665338516235 
vn 0.21152083575725555 -0.9291569590568542 -0.30319350957870483 
vn 0.20051473379135132 -0.9342668652534485 -0.2948545813560486 
vn 0.05467754602432251 -0.9796317219734192 0.19321508705615997 
vn 2.9035484411764345e-13 -0.937261700630188 0.34862664341926575 
vn -0.005656056571751833 -0.927783727645874 0.37307560443878174 
vn -0.005656056571751833 -0.927783727645874 0.37307560443878174 
vn -0.005656056571751833 -0.927783727645874 0.37307560443878174 
vn -0.005656056571751833 -0.927783727645874 0.37307560443878174 
vn -0.005656056571751833 -0.927783727645874 0.37307560443878174 
vn 0.003771411720663309 -0.9387684464454651 0.34452807903289795 
vn 0.06035083904862404 -0.983292818069458 0.17173540592193604 
vn 0.20978282392024994 -0.9239687919616699 -0.3198012113571167 
vn 0.29834991693496704 -0.6350914835929871 -0.7124928832054138 
vn 0.3138451874256134 -0.4680004119873047 -0.8261215686798096 
vn 0.29234474897384644 -0.6170070171356201 -0.7306414246559143 
vn 0.198735773563385 -0.9143816232681274 -0.3527185618877411 
vn 0.02451890893280506 -0.9855791330337524 0.16742929816246033 
vn -0.14104892313480377 -0.9424324631690979 0.30319350957870483 
vn -0.43695858120918274 -0.877531111240387 0.1975002884864807 
vn -0.6753941178321838 -0.7354336380958557 0.05459024757146835 
vn -0.7383660078048706 -0.6743116974830627 0.010923261754214764 
vn -0.7485089898109436 -0.6631211042404175 0.002184694167226553 
vn -0.7534953951835632 -0.6574495434761047 -0.002184694167226553 
vn -0.7481088638305664 -0.6627666354179382 -0.03276457265019417 
vn -0.6953963041305542 -0.6967313289642334 -0.1760382205247879 
vn -0.42295897006988525 -0.6721203923225403 -0.607749879360199 
vn 0.01699669286608696 -0.43860912322998047 -0.8985171914100647 
vn 0.007560563273727894 -0.34649571776390076 -0.9380210638046265 
vn 0.00757737597450614 -0.31349292397499084 -0.949560284614563 
vn 0.003775685327127576 -0.30525127053260803 -0.9522643685340881 
vn -0.0037837717682123184 -0.3010871410369873 -0.953589141368866 
vn -0.009440403431653976 -0.29679134488105774 -0.9548956751823425 
vn -0.00946082640439272 -0.2926134169101715 -0.9561840295791626 
vn 0.011357305571436882 -0.26735982298851013 -0.9635298252105713 
vn 0.07572747021913528 -0.19393602013587952 -0.9780870079994202 
vn 0.1441577821969986 -0.11876636743545532 -0.9824016690254211 
vn 0.16640815138816833 -0.09389617294073105 -0.9815762042999268 
vn 0.1651143580675125 -0.08731646090745926 -0.9824016690254211 
vn 0.16851727664470673 -0.08055337518453598 -0.9824016690254211 
vn 0.16691464185714722 -0.07376105338335037 -0.983208417892456 
vn 0.16983850300312042 -0.0667538121342659 -0.983208417892456 
vn 0.20159538090229034 -0.06709738820791245 -0.9771679639816284 
vn 0.2993164360523224 -0.060018956661224365 -0.9522643685340881 
vn 0.3906300365924835 -0.060336511582136154 -0.9185682535171509 
vn 0.42284858226776123 -0.06027571111917496 -0.9041935205459595 
vn 0.43180137872695923 -0.052722711116075516 -0.9004265069961548 
vn 0.4357554614543915 -0.0527639165520668 -0.8985171914100647 
vn 0.44053828716278076 -0.04528871178627014 -0.8965907096862793 
vn 0.44446879625320435 -0.04532072693109512 -0.8946471214294434 
vn 0.4651639759540558 -0.06774770468473434 -0.882628321647644 
vn 0.5246261954307556 -0.13470111787319183 -0.8406086564064026 
vn 0.5705437064170837 -0.2143591344356537 -0.7927988767623901 
vn 0.587897777557373 -0.23585179448127747 -0.7737894654273987 
vn 0.5950018763542175 -0.23622846603393555 -0.7682244777679443 
vn 0.5986179113388062 -0.23619674146175385 -0.7654199600219727 
vn 0.6022194027900696 -0.23616047203540802 -0.762600839138031 
vn 0.6064407825469971 -0.2435227483510971 -0.7569189071655273 
vn 0.601794421672821 -0.27124395966529846 -0.7511792182922363 
vn 0.5803767442703247 -0.36563166975975037 -0.7276512384414673 
vn 0.5430026650428772 -0.4589223265647888 -0.7032341957092285 
vn 0.5294691324234009 -0.48808613419532776 -0.6938546895980835 
vn 0.5352373719215393 -0.49515438079833984 -0.6843559741973877 
vn 0.5341142416000366 -0.500737726688385 -0.681163489818573 
vn 0.5375182628631592 -0.5014448761940002 -0.677958071231842 
vn 0.5345430374145508 -0.5131668448448181 -0.6715083718299866 
vn 0.5075840950012207 -0.5276122093200684 -0.681163489818573 
vn 0.42030367255210876 -0.5772134065628052 -0.7001210451126099 
vn 0.3321232497692108 -0.6181003451347351 -0.7124928832054138 
vn 0.2963716983795166 -0.6291117072105408 -0.7185974717140198 
vn 0.29455816745758057 -0.633419930934906 -0.715552031993866 
vn 0.2914881110191345 -0.6382699608802795 -0.7124928832054138 
vn 0.18945837020874023 -0.9391630291938782 -0.2864931523799896 
vn 0.03960384801030159 -0.9803568124771118 0.19321508705615997 
vn -0.011313991621136665 -0.9387078285217285 0.34452807903289795 
vn -0.018860887736082077 -0.929230809211731 0.3690181374549866 
vn -0.018860887736082077 -0.929230809211731 0.3690181374549866 
vn -0.018860887736082077 -0.929230809211731 0.3690181374549866 
vn -0.018860887736082077 -0.929230809211731 0.3690181374549866 
vn -0.018860887736082077 -0.929230809211731 0.3690181374549866 
vn -0.007547362241894007 -0.9417206645011902 0.3363112509250641 
vn 0.058462195098400116 -0.9869295954704285 0.15017375349998474 
vn 0.2096284180879593 -0.9087464213371277 -0.36088213324546814 
vn 0.0433865562081337 -0.9877071976661682 0.15017375349998474 
vn -0.013211225159466267 -0.9431188702583313 0.33219319581985474 
vn -0.03585157170891762 -0.9425297379493713 0.33219319581985474 
vn -0.1446097493171692 -0.9335196614265442 0.3280687630176544 
vn -0.4319913983345032 -0.8790150880813599 0.2017817199230194 
vn -0.6752263307571411 -0.7352509498596191 0.058952588587999344 
vn -0.7383660078048706 -0.6743116974830627 0.010923261754214764 
vn -0.7485089898109436 -0.6631211042404175 0.002184694167226553 
vn -0.7431817650794983 -0.6684866547584534 -0.028397228568792343 
vn -0.6885490417480469 -0.7045616507530212 -0.17173540592193604 
vn -0.39831432700157166 -0.7251584529876709 -0.5616858005523682 
vn 0.0358649305999279 -0.5219195485115051 -0.8522403836250305 
vn 0.20374444127082825 -0.39320892095565796 -0.8965907096862793 
vn 0.1992478370666504 -0.3552015721797943 -0.913308322429657 
vn 0.20181339979171753 -0.34451356530189514 -0.916832447052002 
vn 0.19544140994548798 -0.34356218576431274 -0.9185682535171509 
vn 0.19671323895454407 -0.3381960093975067 -0.9202865362167358 
vn 0.19671323895454407 -0.3381960093975067 -0.9202865362167358 
vn 0.19142483174800873 -0.33659473061561584 -0.9219872951507568 
vn 0.19811300933361053 -0.32800039649009705 -0.9236704111099243 
vn 0.22533944249153137 -0.29987233877182007 -0.926983654499054 
vn 0.24928432703018188 -0.26932621002197266 -0.9302261471748352 
vn 0.260166198015213 -0.2588297426700592 -0.9302261471748352 
vn 0.260166198015213 -0.2588297426700592 -0.9302261471748352 
vn 0.2605952322483063 -0.25258690118789673 -0.931820809841156 
vn 0.2605952322483063 -0.25258690118789673 -0.931820809841156 
vn 0.2605952322483063 -0.25258690118789673 -0.931820809841156 
vn 0.27540430426597595 -0.24865420162677765 -0.9286137819290161 
vn 0.3097018003463745 -0.24559544026851654 -0.9185682535171509 
vn 0.3477579653263092 -0.24798886477947235 -0.9041935205459595 
vn 0.35717788338661194 -0.24830639362335205 -0.9004265069961548 
vn 0.36165139079093933 -0.2487471103668213 -0.8985171914100647 
vn 0.3658795654773712 -0.24248503148555756 -0.8985171914100647 
vn 0.3658795654773712 -0.24248503148555756 -0.8985171914100647 
vn 0.3658795654773712 -0.24248503148555756 -0.8985171914100647 
vn 0.37537944316864014 -0.2494015097618103 -0.8926864862442017 
vn 0.39841926097869873 -0.27730798721313477 -0.87427818775177 
vn 0.416751891374588 -0.30372154712677 -0.8567795157432556 
vn 0.4208522140979767 -0.3169771432876587 -0.8499464392662048 
vn 0.4252123236656189 -0.31734418869018555 -0.8476362228393555 
vn 0.4296903908252716 -0.31125393509864807 -0.8476362228393555 
vn 0.4295567274093628 -0.31769847869873047 -0.8453097939491272 
vn 0.4295567274093628 -0.31769847869873047 -0.8453097939491272 
vn 0.42913806438446045 -0.33048081398010254 -0.8406086564064026 
vn 0.4178999364376068 -0.3671172857284546 -0.8310141563415527 
vn 0.4048735797405243 -0.40219900012016296 -0.8211658596992493 
vn 0.3986508250236511 -0.41335949301719666 -0.8186644315719604 
vn 0.40321385860443115 -0.4139105975627899 -0.8161473870277405 
vn 0.40321385860443115 -0.4139105975627899 -0.8161473870277405 
vn 0.4023331105709076 -0.41971302032470703 -0.8136147856712341 
vn 0.4023331105709076 -0.41971302032470703 -0.8136147856712341 
vn 0.39127838611602783 -0.43003740906715393 -0.8136147856712341 
vn 0.3600277602672577 -0.44279417395591736 -0.8211658596992493 
vn 0.32629692554473877 -0.4594056010246277 -0.8261215686798096 
vn 0.3088853657245636 -0.46696043014526367 -0.8285757899284363 
vn 0.3138451874256134 -0.4680004119873047 -0.8261215686798096 
vn 0.3075339198112488 -0.4721716642379761 -0.8261215686798096 
vn 0.3075339198112488 -0.4721716642379761 -0.8261215686798096 
vn 0.2896506190299988 -0.6425150036811829 -0.7094202041625977 
vn 0.1783563643693924 -0.943845272064209 -0.2781098484992981 
vn 0.032063260674476624 -0.9806323647499084 0.19321508705615997 
vn -0.01885583996772766 -0.9385866522789001 0.34452807903289795 
vn -0.026403503492474556 -0.9290470480918884 0.3690181374549866 
vn -0.026403503492474556 -0.9290470480918884 0.3690181374549866 
vn -0.026403503492474556 -0.9290470480918884 0.3690181374549866 
vn -0.026403503492474556 -0.9290470480918884 0.3690181374549866 
vn -0.026403503492474556 -0.9290470480918884 0.3690181374549866 
vn -0.04334818571805954 -0.9316034913063049 0.36088213324546814 
vn -0.1371522694826126 -0.9346444010734558 0.3280687630176544 
vn -0.4252019226551056 -0.8823193907737732 0.2017817199230194 
vn -0.6752263307571411 -0.7352509498596191 0.058952588587999344 
vn -0.7383660078048706 -0.6743116974830627 0.010923261754214764 
vn -0.738196849822998 -0.6741572618484497 -0.024029340595006943 
vn -0.6781810522079468 -0.7155682444572449 -0.16742929816246033 
vn -0.3847636878490448 -0.726853609085083 -0.5688942670822144 
vn 0.035906851291656494 -0.5514471530914307 -0.8334367275238037 
vn 0.20805630087852478 -0.42581239342689514 -0.8805659413337708 
vn 0.27541598677635193 -0.37135547399520874 -0.8867024183273315 
vn 0.2724796235561371 -0.35897865891456604 -0.8926864862442017 
vn 0.272603303194046 -0.3539687991142273 -0.8946471214294434 
vn 0.272603303194046 -0.3539687991142273 -0.8946471214294434 
vn 0.272603303194046 -0.3539687991142273 -0.8946471214294434 
vn 0.27357780933380127 -0.34825313091278076 -0.8965907096862793 
vn 0.27357780933380127 -0.34825313091278076 -0.8965907096862793 
vn 0.27357780933380127 -0.34825313091278076 -0.8965907096862793 
vn 0.2853080630302429 -0.33870986104011536 -0.8965907096862793 
vn 0.29183050990104675 -0.32787466049194336 -0.8985171914100647 
vn 0.2974311113357544 -0.32280272245407104 -0.8985171914100647 
vn 0.2974311113357544 -0.32280272245407104 -0.8985171914100647 
vn 0.2974311113357544 -0.32280272245407104 -0.8985171914100647 
vn 0.29257044196128845 -0.3219233751296997 -0.9004265069961548 
vn 0.2981136739253998 -0.31679701805114746 -0.9004265069961548 
vn 0.30294355750083923 -0.31763508915901184 -0.8985171914100647 
vn 0.3125549256801605 -0.3192426860332489 -0.8946471214294434 
vn 0.3227655589580536 -0.32009413838386536 -0.8907088041305542 
vn 0.32750558853149414 -0.32082298398017883 -0.888714075088501 
vn 0.332751601934433 -0.3153786063194275 -0.888714075088501 
vn 0.332751601934433 -0.3153786063194275 -0.888714075088501 
vn 0.332751601934433 -0.3153786063194275 -0.888714075088501 
vn 0.332751601934433 -0.3153786063194275 -0.888714075088501 
vn 0.33222946524620056 -0.32153138518333435 -0.8867024183273315 
vn 0.34172776341438293 -0.32836830615997314 -0.8805659413337708 
vn 0.35052645206451416 -0.33581072092056274 -0.87427818775177 
vn 0.3552507758140564 -0.34189459681510925 -0.8700028657913208 
vn 0.3552507758140564 -0.34189459681510925 -0.8700028657913208 
vn 0.3552507758140564 -0.34189459681510925 -0.8700028657913208 
vn 0.3552507758140564 -0.34189459681510925 -0.8700028657913208 
vn 0.3552507758140564 -0.34189459681510925 -0.8700028657913208 
vn 0.35464590787887573 -0.34796494245529175 -0.8678402304649353 
vn 0.34861233830451965 -0.35930541157722473 -0.865661084651947 
vn 0.34709757566452026 -0.3711687922477722 -0.8612531423568726 
vn 0.34153294563293457 -0.37629541754722595 -0.8612531423568726 
vn 0.34701603651046753 -0.37637314200401306 -0.8590245246887207 
vn 0.34701603651046753 -0.37637314200401306 -0.8590245246887207 
vn 0.34701603651046753 -0.37637314200401306 -0.8590245246887207 
vn 0.34701603651046753 -0.37637314200401306 -0.8590245246887207 
vn 0.3414272665977478 -0.38145023584365845 -0.8590245246887207 
vn 0.33017781376838684 -0.3862972855567932 -0.8612531423568726 
vn 0.31953611969947815 -0.3902873992919922 -0.8634653687477112 
vn 0.3136478066444397 -0.3950349986553192 -0.8634653687477112 
vn 0.3136478066444397 -0.3950349986553192 -0.8634653687477112 
vn 0.3136478066444397 -0.3950349986553192 -0.8634653687477112 
vn 0.3136478066444397 -0.3950349986553192 -0.8634653687477112 
vn 0.30768895149230957 -0.3996937572956085 -0.8634653687477112 
vn 0.3075339198112488 -0.4721716642379761 -0.8261215686798096 
vn 0.28088998794555664 -0.6497639417648315 -0.7063339352607727 
vn 0.16721327602863312 -0.9483136534690857 -0.26970529556274414 
vn 0.015096031129360199 -0.9801865816116333 0.1975002884864807 
vn -0.03206096217036247 -0.9397256970405579 0.34042292833328247 
vn -0.04334818571805954 -0.9316034913063049 0.36088213324546814 
vn -0.04334818571805954 -0.9316034913063049 0.36088213324546814 
vn -0.04334818571805954 -0.9316034913063049 0.36088213324546814 
vn -0.04334818571805954 -0.9316034913063049 0.36088213324546814 
vn -0.1371522694826126 -0.9346444010734558 0.3280687630176544 
vn -0.4248151183128357 -0.881516695022583 0.2060592919588089 
vn -0.6696478724479675 -0.7403352856636047 0.058952588587999344 
vn -0.7280558347702026 -0.6853472590446472 -0.0152922747656703 
vn -0.6721726059913635 -0.7202019691467285 -0.17173540592193604 
vn -0.3713458478450775 -0.733799397945404 -0.5688942670822144 
vn 0.043451931327581406 -0.5509039759635925 -0.8334367275238037 
vn 0.21037453413009644 -0.4374701976776123 -0.87427818775177 
vn 0.27917638421058655 -0.3829675614833832 -0.8805659413337708 
vn 0.308793306350708 -0.3595139980316162 -0.8805659413337708 
vn 0.3039206564426422 -0.35860776901245117 -0.882628321647644 
vn 0.3039206564426422 -0.35860776901245117 -0.882628321647644 
vn 0.3039206564426422 -0.35860776901245117 -0.882628321647644 
vn 0.3039206564426422 -0.35860776901245117 -0.882628321647644 
vn 0.3039206564426422 -0.35860776901245117 -0.882628321647644 
vn 0.3040008246898651 -0.3534625768661499 -0.8846737742424011 
vn 0.3040008246898651 -0.3534625768661499 -0.8846737742424011 
vn 0.3040008246898651 -0.3534625768661499 -0.8846737742424011 
vn 0.3096991777420044 -0.34848055243492126 -0.8846737742424011 
vn 0.3096991777420044 -0.34848055243492126 -0.8846737742424011 
vn 0.3096991777420044 -0.34848055243492126 -0.8846737742424011 
vn 0.3096991777420044 -0.34848055243492126 -0.8846737742424011 
vn 0.3096991777420044 -0.34848055243492126 -0.8846737742424011 
vn 0.3096991777420044 -0.34848055243492126 -0.8846737742424011 
vn 0.3096991777420044 -0.34848055243492126 -0.8846737742424011 
vn 0.3152870237827301 -0.3486565351486206 -0.882628321647644 
vn 0.3152870237827301 -0.3486565351486206 -0.882628321647644 
vn 0.3152870237827301 -0.3486565351486206 -0.882628321647644 
vn 0.3152870237827301 -0.3486565351486206 -0.882628321647644 
vn 0.3152870237827301 -0.3486565351486206 -0.882628321647644 
vn 0.3152870237827301 -0.3486565351486206 -0.882628321647644 
vn 0.3152870237827301 -0.3486565351486206 -0.882628321647644 
vn 0.3152870237827301 -0.3486565351486206 -0.882628321647644 
vn 0.3201007544994354 -0.34948405623435974 -0.8805659413337708 
vn 0.3193134665489197 -0.3553869128227234 -0.8784868121147156 
vn 0.3193134665489197 -0.3553869128227234 -0.8784868121147156 
vn 0.3193134665489197 -0.3553869128227234 -0.8784868121147156 
vn 0.3193134665489197 -0.3553869128227234 -0.8784868121147156 
vn 0.3193134665489197 -0.3553869128227234 -0.8784868121147156 
vn 0.3193134665489197 -0.3553869128227234 -0.8784868121147156 
vn 0.3193134665489197 -0.3553869128227234 -0.8784868121147156 
vn 0.32412317395210266 -0.3562067151069641 -0.8763908743858337 
vn 0.31848812103271484 -0.36125388741493225 -0.8763908743858337 
vn 0.31848812103271484 -0.36125388741493225 -0.8763908743858337 
vn 0.31848812103271484 -0.36125388741493225 -0.8763908743858337 
vn 0.31848812103271484 -0.36125388741493225 -0.8763908743858337 
vn 0.31848812103271484 -0.36125388741493225 -0.8763908743858337 
vn 0.3233102262020111 -0.36208853125572205 -0.87427818775177 
vn 0.3233102262020111 -0.36208853125572205 -0.87427818775177 
vn 0.31848812103271484 -0.36125388741493225 -0.8763908743858337 
vn 0.31277450919151306 -0.3662118911743164 -0.8763908743858337 
vn 0.31277450919151306 -0.3662118911743164 -0.8763908743858337 
vn 0.31277450919151306 -0.3662118911743164 -0.8763908743858337 
vn 0.31277450919151306 -0.3662118911743164 -0.8763908743858337 
vn 0.31277450919151306 -0.3662118911743164 -0.8763908743858337 
vn 0.31277450919151306 -0.3662118911743164 -0.8763908743858337 
vn 0.31277450919151306 -0.3662118911743164 -0.8763908743858337 
vn 0.3087483048439026 -0.39408808946609497 -0.865661084651947 
vn 0.29754316806793213 -0.46998244524002075 -0.8310141563415527 
vn 0.2527684271335602 -0.6410886645317078 -0.7246471047401428 
vn 0.105473093688488 -0.9457318782806396 -0.30735430121421814 
vn -0.06410246342420578 -0.9852263927459717 0.15880759060382843 
vn -0.1204647645354271 -0.9439393877983093 0.30735430121421814 
vn -0.133553609251976 -0.9337082505226135 0.33219319581985474 
vn -0.133553609251976 -0.9337082505226135 0.33219319581985474 
vn -0.4198017418384552 -0.8829079866409302 0.2103329300880432 
vn -0.657098114490509 -0.7530926465988159 0.03276457265019417 
vn -0.6559340357780457 -0.7360149621963501 -0.16742929816246033 
vn -0.3610866963863373 -0.7361252903938293 -0.5724822878837585 
vn 0.05098887160420418 -0.5502575635910034 -0.8334367275238037 
vn 0.21716929972171783 -0.4341371953487396 -0.87427818775177 
vn 0.27917638421058655 -0.3829675614833832 -0.8805659413337708 
vn 0.30302104353904724 -0.3643924593925476 -0.8805659413337708 
vn 0.3144870102405548 -0.35454410314559937 -0.8805659413337708 
vn 0.3144870102405548 -0.35454410314559937 -0.8805659413337708 
vn 0.3144870102405548 -0.35454410314559937 -0.8805659413337708 
vn 0.3144870102405548 -0.35454410314559937 -0.8805659413337708 
vn 0.3144870102405548 -0.35454410314559937 -0.8805659413337708 
vn 0.3144870102405548 -0.35454410314559937 -0.8805659413337708 
vn 0.3144870102405548 -0.35454410314559937 -0.8805659413337708 
vn 0.3144870102405548 -0.35454410314559937 -0.8805659413337708 
vn 0.3144870102405548 -0.35454410314559937 -0.8805659413337708 
vn 0.3144870102405548 -0.35454410314559937 -0.8805659413337708 
vn 0.3144870102405548 -0.35454410314559937 -0.8805659413337708 
vn 0.3144870102405548 -0.35454410314559937 -0.8805659413337708 
vn 0.3144870102405548 -0.35454410314559937 -0.8805659413337708 
vn 0.3144870102405548 -0.35454410314559937 -0.8805659413337708 
vn 0.3144870102405548 -0.35454410314559937 -0.8805659413337708 
vn 0.3144870102405548 -0.35454410314559937 -0.8805659413337708 
vn 0.3144870102405548 -0.35454410314559937 -0.8805659413337708 
vn 0.3144870102405548 -0.35454410314559937 -0.8805659413337708 
vn 0.3144870102405548 -0.35454410314559937 -0.8805659413337708 
vn 0.3144870102405548 -0.35454410314559937 -0.8805659413337708 
vn 0.3144870102405548 -0.35454410314559937 -0.8805659413337708 
vn 0.3144870102405548 -0.35454410314559937 -0.8805659413337708 
vn 0.3144870102405548 -0.35454410314559937 -0.8805659413337708 
vn 0.3144870102405548 -0.35454410314559937 -0.8805659413337708 
vn 0.3144870102405548 -0.35454410314559937 -0.8805659413337708 
vn 0.3144870102405548 -0.35454410314559937 -0.8805659413337708 
vn 0.3144870102405548 -0.35454410314559937 -0.8805659413337708 
vn 0.3144870102405548 -0.35454410314559937 -0.8805659413337708 
vn 0.3144870102405548 -0.35454410314559937 -0.8805659413337708 
vn 0.3144870102405548 -0.35454410314559937 -0.8805659413337708 
vn 0.3144870102405548 -0.35454410314559937 -0.8805659413337708 
vn 0.3144870102405548 -0.35454410314559937 -0.8805659413337708 
vn 0.3144870102405548 -0.35454410314559937 -0.8805659413337708 
vn 0.3144870102405548 -0.35454410314559937 -0.8805659413337708 
vn 0.3144870102405548 -0.35454410314559937 -0.8805659413337708 
vn 0.3144870102405548 -0.35454410314559937 -0.8805659413337708 
vn 0.3144870102405548 -0.35454410314559937 -0.8805659413337708 
vn 0.3144870102405548 -0.35454410314559937 -0.8805659413337708 
vn 0.3144870102405548 -0.35454410314559937 -0.8805659413337708 
vn 0.3144870102405548 -0.35454410314559937 -0.8805659413337708 
vn 0.3144870102405548 -0.35454410314559937 -0.8805659413337708 
vn 0.3144870102405548 -0.35454410314559937 -0.8805659413337708 
vn 0.3144870102405548 -0.35454410314559937 -0.8805659413337708 
vn 0.3144870102405548 -0.35454410314559937 -0.8805659413337708 
vn 0.3144870102405548 -0.35454410314559937 -0.8805659413337708 
vn 0.3144870102405548 -0.35454410314559937 -0.8805659413337708 
vn 0.3144870102405548 -0.35454410314559937 -0.8805659413337708 
vn 0.3144870102405548 -0.35454410314559937 -0.8805659413337708 
vn 0.3144870102405548 -0.35454410314559937 -0.8805659413337708 
vn 0.30790624022483826 -0.3653145432472229 -0.8784868121147156 
vn 0.2988974452018738 -0.392116516828537 -0.8700028657913208 
vn 0.2634345591068268 -0.4562820494174957 -0.8499464392662048 
vn 0.1715679168701172 -0.6062464714050293 -0.7765498161315918 
vn -0.09051330387592316 -0.8949082493782043 -0.43697428703308105 
vn -0.3403053879737854 -0.9398860931396484 0.028397228568792343 
vn -0.40639927983283997 -0.8948463797569275 0.18463370203971863 
vn -0.5890320539474487 -0.7991698980331421 -0.11986933648586273 
vn -0.2815457880496979 -0.7882696390151978 -0.5471406579017639 
vn -0.34392961859703064 -0.7415308952331543 -0.5760593414306641 
vn 0.058516256511211395 -0.5495080351829529 -0.8334367275238037 
vn 0.21716929972171783 -0.4341371953487396 -0.87427818775177 
vn 0.27917638421058655 -0.3829675614833832 -0.8805659413337708 
vn 0.30302104353904724 -0.3643924593925476 -0.8805659413337708 
vn 0.3144870102405548 -0.35454410314559937 -0.8805659413337708 
vn 0.3144870102405548 -0.35454410314559937 -0.8805659413337708 
vn 0.3144870102405548 -0.35454410314559937 -0.8805659413337708 
vn 0.3144870102405548 -0.35454410314559937 -0.8805659413337708 
vn 0.3144870102405548 -0.35454410314559937 -0.8805659413337708 
vn 0.3144870102405548 -0.35454410314559937 -0.8805659413337708 
vn 0.3144870102405548 -0.35454410314559937 -0.8805659413337708 
vn 0.3144870102405548 -0.35454410314559937 -0.8805659413337708 
vn 0.3144870102405548 -0.35454410314559937 -0.8805659413337708 
vn 0.3144870102405548 -0.35454410314559937 -0.8805659413337708 
vn 0.3144870102405548 -0.35454410314559937 -0.8805659413337708 
vn 0.3144870102405548 -0.35454410314559937 -0.8805659413337708 
vn 0.3144870102405548 -0.35454410314559937 -0.8805659413337708 
vn 0.3144870102405548 -0.35454410314559937 -0.8805659413337708 
vn 0.3144870102405548 -0.35454410314559937 -0.8805659413337708 
vn 0.3144870102405548 -0.35454410314559937 -0.8805659413337708 
vn 0.3144870102405548 -0.35454410314559937 -0.8805659413337708 
vn 0.3144870102405548 -0.35454410314559937 -0.8805659413337708 
vn 0.3144870102405548 -0.35454410314559937 -0.8805659413337708 
vn 0.3144870102405548 -0.35454410314559937 -0.8805659413337708 
vn 0.3144870102405548 -0.35454410314559937 -0.8805659413337708 
vn 0.3144870102405548 -0.35454410314559937 -0.8805659413337708 
vn 0.3144870102405548 -0.35454410314559937 -0.8805659413337708 
vn 0.3144870102405548 -0.35454410314559937 -0.8805659413337708 
vn 0.3144870102405548 -0.35454410314559937 -0.8805659413337708 
vn 0.3144870102405548 -0.35454410314559937 -0.8805659413337708 
vn 0.3144870102405548 -0.35454410314559937 -0.8805659413337708 
vn 0.3144870102405548 -0.35454410314559937 -0.8805659413337708 
vn 0.3144870102405548 -0.35454410314559937 -0.8805659413337708 
vn 0.3144870102405548 -0.35454410314559937 -0.8805659413337708 
vn 0.3144870102405548 -0.35454410314559937 -0.8805659413337708 
vn 0.3144870102405548 -0.35454410314559937 -0.8805659413337708 
vn 0.3144870102405548 -0.35454410314559937 -0.8805659413337708 
vn 0.3144870102405548 -0.35454410314559937 -0.8805659413337708 
vn 0.3144870102405548 -0.35454410314559937 -0.8805659413337708 
vn 0.3144870102405548 -0.35454410314559937 -0.8805659413337708 
vn 0.3144870102405548 -0.35454410314559937 -0.8805659413337708 
vn 0.3144870102405548 -0.35454410314559937 -0.8805659413337708 
vn 0.3144870102405548 -0.35454410314559937 -0.8805659413337708 
vn 0.3144870102405548 -0.35454410314559937 -0.8805659413337708 
vn 0.3144870102405548 -0.35454410314559937 -0.8805659413337708 
vn 0.3144870102405548 -0.35454410314559937 -0.8805659413337708 
vn 0.3144870102405548 -0.35454410314559937 -0.8805659413337708 
vn 0.3144870102405548 -0.35454410314559937 -0.8805659413337708 
vn 0.3144870102405548 -0.35454410314559937 -0.8805659413337708 
vn 0.3144870102405548 -0.35454410314559937 -0.8805659413337708 
vn 0.3144870102405548 -0.35454410314559937 -0.8805659413337708 
vn 0.3144870102405548 -0.35454410314559937 -0.8805659413337708 
vn 0.3144870102405548 -0.35454410314559937 -0.8805659413337708 
vn 0.3144870102405548 -0.35454410314559937 -0.8805659413337708 
vn 0.3144870102405548 -0.35454410314559937 -0.8805659413337708 
vn 0.3144870102405548 -0.35454410314559937 -0.8805659413337708 
vn 0.30790624022483826 -0.3653145432472229 -0.8784868121147156 
vn 0.28916269540786743 -0.38512852787971497 -0.8763908743858337 
vn 0.2326546162366867 -0.44328632950782776 -0.865661084651947 
vn 0.09226331859827042 -0.5668121576309204 -0.8186644315719604 
vn 0.06603267788887024 -0.5486555695533752 -0.8334367275238037 
vn 0.21687938272953033 -0.4385427236557007 -0.872148871421814 
vn 0.2841780483722687 -0.3840622305870056 -0.8784868121147156 
vn 0.30302104353904724 -0.3643924593925476 -0.8805659413337708 
vn 0.3144870102405548 -0.35454410314559937 -0.8805659413337708 
vn 0.3144870102405548 -0.35454410314559937 -0.8805659413337708 
vn 0.3144870102405548 -0.35454410314559937 -0.8805659413337708 
vn 0.3144870102405548 -0.35454410314559937 -0.8805659413337708 
vn 0.3144870102405548 -0.35454410314559937 -0.8805659413337708 
vn 0.3144870102405548 -0.35454410314559937 -0.8805659413337708 
vn 0.3144870102405548 -0.35454410314559937 -0.8805659413337708 
vn 0.3144870102405548 -0.35454410314559937 -0.8805659413337708 
vn 0.3144870102405548 -0.35454410314559937 -0.8805659413337708 
vn 0.3144870102405548 -0.35454410314559937 -0.8805659413337708 
vn 0.3144870102405548 -0.35454410314559937 -0.8805659413337708 
vn 0.3144870102405548 -0.35454410314559937 -0.8805659413337708 
vn 0.3144870102405548 -0.35454410314559937 -0.8805659413337708 
vn 0.3144870102405548 -0.35454410314559937 -0.8805659413337708 
vn 0.3144870102405548 -0.35454410314559937 -0.8805659413337708 
vn 0.3144870102405548 -0.35454410314559937 -0.8805659413337708 
vn 0.3144870102405548 -0.35454410314559937 -0.8805659413337708 
vn 0.3144870102405548 -0.35454410314559937 -0.8805659413337708 
vn 0.3144870102405548 -0.35454410314559937 -0.8805659413337708 
vn 0.3144870102405548 -0.35454410314559937 -0.8805659413337708 
vn 0.3144870102405548 -0.35454410314559937 -0.8805659413337708 
vn 0.3144870102405548 -0.35454410314559937 -0.8805659413337708 
vn 0.3144870102405548 -0.35454410314559937 -0.8805659413337708 
vn 0.3144870102405548 -0.35454410314559937 -0.8805659413337708 
vn 0.3144870102405548 -0.35454410314559937 -0.8805659413337708 
vn 0.3144870102405548 -0.35454410314559937 -0.8805659413337708 
vn 0.3144870102405548 -0.35454410314559937 -0.8805659413337708 
vn 0.3144870102405548 -0.35454410314559937 -0.8805659413337708 
vn 0.3144870102405548 -0.35454410314559937 -0.8805659413337708 
vn 0.3144870102405548 -0.35454410314559937 -0.8805659413337708 
vn 0.3144870102405548 -0.35454410314559937 -0.8805659413337708 
vn 0.3144870102405548 -0.35454410314559937 -0.8805659413337708 
vn 0.3144870102405548 -0.35454410314559937 -0.8805659413337708 
vn 0.3144870102405548 -0.35454410314559937 -0.8805659413337708 
vn 0.3144870102405548 -0.35454410314559937 -0.8805659413337708 
vn 0.3144870102405548 -0.35454410314559937 -0.8805659413337708 
vn 0.3144870102405548 -0.35454410314559937 -0.8805659413337708 
vn 0.3144870102405548 -0.35454410314559937 -0.8805659413337708 
vn 0.3144870102405548 -0.35454410314559937 -0.8805659413337708 
vn 0.3144870102405548 -0.35454410314559937 -0.8805659413337708 
vn 0.3144870102405548 -0.35454410314559937 -0.8805659413337708 
vn 0.3144870102405548 -0.35454410314559937 -0.8805659413337708 
vn 0.3144870102405548 -0.35454410314559937 -0.8805659413337708 
vn 0.3144870102405548 -0.35454410314559937 -0.8805659413337708 
vn 0.3144870102405548 -0.35454410314559937 -0.8805659413337708 
vn 0.3144870102405548 -0.35454410314559937 -0.8805659413337708 
vn 0.3144870102405548 -0.35454410314559937 -0.8805659413337708 
vn 0.3144870102405548 -0.35454410314559937 -0.8805659413337708 
vn 0.3144870102405548 -0.35454410314559937 -0.8805659413337708 
vn 0.3144870102405548 -0.35454410314559937 -0.8805659413337708 
vn 0.3144870102405548 -0.35454410314559937 -0.8805659413337708 
vn 0.3144870102405548 -0.35454410314559937 -0.8805659413337708 
vn 0.3144870102405548 -0.35454410314559937 -0.8805659413337708 
vn 0.3144870102405548 -0.35454410314559937 -0.8805659413337708 
vn 0.3144870102405548 -0.35454410314559937 -0.8805659413337708 
vn 0.308793306350708 -0.3595139980316162 -0.8805659413337708 
vn 0.2841780483722687 -0.3840622305870056 -0.8784868121147156 
vn 0.22362340986728668 -0.435142457485199 -0.872148871421814 
vn 0.2841780483722687 -0.3840622305870056 -0.8784868121147156 
vn 0.30302104353904724 -0.3643924593925476 -0.8805659413337708 
vn 0.3144870102405548 -0.35454410314559937 -0.8805659413337708 
vn 0.3144870102405548 -0.35454410314559937 -0.8805659413337708 
vn 0.3144870102405548 -0.35454410314559937 -0.8805659413337708 
vn 0.3144870102405548 -0.35454410314559937 -0.8805659413337708 
vn 0.3144870102405548 -0.35454410314559937 -0.8805659413337708 
vn 0.3144870102405548 -0.35454410314559937 -0.8805659413337708 
vn 0.3144870102405548 -0.35454410314559937 -0.8805659413337708 
vn 0.3144870102405548 -0.35454410314559937 -0.8805659413337708 
vn 0.3144870102405548 -0.35454410314559937 -0.8805659413337708 
vn 0.3144870102405548 -0.35454410314559937 -0.8805659413337708 
vn 0.3144870102405548 -0.35454410314559937 -0.8805659413337708 
vn 0.3144870102405548 -0.35454410314559937 -0.8805659413337708 
vn 0.3144870102405548 -0.35454410314559937 -0.8805659413337708 
vn 0.3144870102405548 -0.35454410314559937 -0.8805659413337708 
vn 0.3144870102405548 -0.35454410314559937 -0.8805659413337708 
vn 0.3144870102405548 -0.35454410314559937 -0.8805659413337708 
vn 0.3144870102405548 -0.35454410314559937 -0.8805659413337708 
vn 0.3144870102405548 -0.35454410314559937 -0.8805659413337708 
vn 0.3144870102405548 -0.35454410314559937 -0.8805659413337708 
vn 0.3144870102405548 -0.35454410314559937 -0.8805659413337708 
vn 0.3144870102405548 -0.35454410314559937 -0.8805659413337708 
vn 0.3144870102405548 -0.35454410314559937 -0.8805659413337708 
vn 0.3144870102405548 -0.35454410314559937 -0.8805659413337708 
vn 0.3144870102405548 -0.35454410314559937 -0.8805659413337708 
vn 0.3144870102405548 -0.35454410314559937 -0.8805659413337708 
vn 0.3144870102405548 -0.35454410314559937 -0.8805659413337708 
vn 0.3144870102405548 -0.35454410314559937 -0.8805659413337708 
vn 0.3144870102405548 -0.35454410314559937 -0.8805659413337708 
vn 0.3144870102405548 -0.35454410314559937 -0.8805659413337708 
vn 0.3144870102405548 -0.35454410314559937 -0.8805659413337708 
vn 0.3144870102405548 -0.35454410314559937 -0.8805659413337708 
vn 0.3144870102405548 -0.35454410314559937 -0.8805659413337708 
vn 0.3144870102405548 -0.35454410314559937 -0.8805659413337708 
vn 0.3144870102405548 -0.35454410314559937 -0.8805659413337708 
vn 0.3144870102405548 -0.35454410314559937 -0.8805659413337708 
vn 0.3144870102405548 -0.35454410314559937 -0.8805659413337708 
vn 0.3144870102405548 -0.35454410314559937 -0.8805659413337708 
vn 0.3144870102405548 -0.35454410314559937 -0.8805659413337708 
vn 0.3144870102405548 -0.35454410314559937 -0.8805659413337708 
vn 0.3144870102405548 -0.35454410314559937 -0.8805659413337708 
vn 0.3144870102405548 -0.35454410314559937 -0.8805659413337708 
vn 0.3144870102405548 -0.35454410314559937 -0.8805659413337708 
vn 0.3144870102405548 -0.35454410314559937 -0.8805659413337708 
vn 0.3144870102405548 -0.35454410314559937 -0.8805659413337708 
vn 0.3144870102405548 -0.35454410314559937 -0.8805659413337708 
vn 0.3144870102405548 -0.35454410314559937 -0.8805659413337708 
vn 0.3144870102405548 -0.35454410314559937 -0.8805659413337708 
vn 0.3144870102405548 -0.35454410314559937 -0.8805659413337708 
vn 0.3144870102405548 -0.35454410314559937 -0.8805659413337708 
vn 0.3144870102405548 -0.35454410314559937 -0.8805659413337708 
vn 0.3144870102405548 -0.35454410314559937 -0.8805659413337708 
vn 0.3144870102405548 -0.35454410314559937 -0.8805659413337708 
vn 0.3144870102405548 -0.35454410314559937 -0.8805659413337708 
vn 0.3144870102405548 -0.35454410314559937 -0.8805659413337708 
vn 0.3144870102405548 -0.35454410314559937 -0.8805659413337708 
vn 0.3144870102405548 -0.35454410314559937 -0.8805659413337708 
vn 0.3144870102405548 -0.35454410314559937 -0.8805659413337708 
vn 0.3144870102405548 -0.35454410314559937 -0.8805659413337708 
vn 0.308793306350708 -0.3595139980316162 -0.8805659413337708 
vn 0.3144870102405548 -0.35454410314559937 -0.8805659413337708 
vn 0.3144870102405548 -0.35454410314559937 -0.8805659413337708 
vn 0.3144870102405548 -0.35454410314559937 -0.8805659413337708 
vn 0.3144870102405548 -0.35454410314559937 -0.8805659413337708 
vn 0.3144870102405548 -0.35454410314559937 -0.8805659413337708 
vn 0.3144870102405548 -0.35454410314559937 -0.8805659413337708 
vn 0.3144870102405548 -0.35454410314559937 -0.8805659413337708 
vn 0.3144870102405548 -0.35454410314559937 -0.8805659413337708 
vn 0.3144870102405548 -0.35454410314559937 -0.8805659413337708 
vn 0.3144870102405548 -0.35454410314559937 -0.8805659413337708 
vn 0.3144870102405548 -0.35454410314559937 -0.8805659413337708 
vn 0.3144870102405548 -0.35454410314559937 -0.8805659413337708 
vn 0.3144870102405548 -0.35454410314559937 -0.8805659413337708 
vn 0.3144870102405548 -0.35454410314559937 -0.8805659413337708 
vn 0.3144870102405548 -0.35454410314559937 -0.8805659413337708 
vn 0.3144870102405548 -0.35454410314559937 -0.8805659413337708 
vn 0.3144870102405548 -0.35454410314559937 -0.8805659413337708 
vn 0.3144870102405548 -0.35454410314559937 -0.8805659413337708 
vn 0.3144870102405548 -0.35454410314559937 -0.8805659413337708 
vn 0.3144870102405548 -0.35454410314559937 -0.8805659413337708 
vn 0.3144870102405548 -0.35454410314559937 -0.8805659413337708 
vn 0.3144870102405548 -0.35454410314559937 -0.8805659413337708 
vn 0.3144870102405548 -0.35454410314559937 -0.8805659413337708 
vn 0.3144870102405548 -0.35454410314559937 -0.8805659413337708 
vn 0.3144870102405548 -0.35454410314559937 -0.8805659413337708 
vn 0.3144870102405548 -0.35454410314559937 -0.8805659413337708 
vn 0.3144870102405548 -0.35454410314559937 -0.8805659413337708 
vn 0.3144870102405548 -0.35454410314559937 -0.8805659413337708 
vn 0.3144870102405548 -0.35454410314559937 -0.8805659413337708 
vn 0.3144870102405548 -0.35454410314559937 -0.8805659413337708 
vn 0.3144870102405548 -0.35454410314559937 -0.8805659413337708 
vn 0.3144870102405548 -0.35454410314559937 -0.8805659413337708 
vn 0.3144870102405548 -0.35454410314559937 -0.8805659413337708 
vn 0.3144870102405548 -0.35454410314559937 -0.8805659413337708 
vn 0.3144870102405548 -0.35454410314559937 -0.8805659413337708 
vn 0.3144870102405548 -0.35454410314559937 -0.8805659413337708 
vn 0.3144870102405548 -0.35454410314559937 -0.8805659413337708 
vn 0.3144870102405548 -0.35454410314559937 -0.8805659413337708 
vn 0.3144870102405548 -0.35454410314559937 -0.8805659413337708 
vn 0.3144870102405548 -0.35454410314559937 -0.8805659413337708 
vn 0.3144870102405548 -0.35454410314559937 -0.8805659413337708 
vn 0.3144870102405548 -0.35454410314559937 -0.8805659413337708 
vn 0.3144870102405548 -0.35454410314559937 -0.8805659413337708 
vn 0.3144870102405548 -0.35454410314559937 -0.8805659413337708 
vn 0.3144870102405548 -0.35454410314559937 -0.8805659413337708 
vn 0.3144870102405548 -0.35454410314559937 -0.8805659413337708 
vn 0.3144870102405548 -0.35454410314559937 -0.8805659413337708 
vn 0.3144870102405548 -0.35454410314559937 -0.8805659413337708 
vn 0.3144870102405548 -0.35454410314559937 -0.8805659413337708 
vn 0.3144870102405548 -0.35454410314559937 -0.8805659413337708 
vn 0.3144870102405548 -0.35454410314559937 -0.8805659413337708 
vn 0.3144870102405548 -0.35454410314559937 -0.8805659413337708 
vn 0.3144870102405548 -0.35454410314559937 -0.8805659413337708 
vn 0.3144870102405548 -0.35454410314559937 -0.8805659413337708 
vn 0.3144870102405548 -0.35454410314559937 -0.8805659413337708 
vn 0.3144870102405548 -0.35454410314559937 -0.8805659413337708 
vn 0.3144870102405548 -0.35454410314559937 -0.8805659413337708 
vn 0.3144870102405548 -0.35454410314559937 -0.8805659413337708 
vn 0.3144870102405548 -0.35454410314559937 -0.8805659413337708 
vn 0.3144870102405548 -0.35454410314559937 -0.8805659413337708 
vn 0.3144870102405548 -0.35454410314559937 -0.8805659413337708 
vn 0.3144870102405548 -0.35454410314559937 -0.8805659413337708 
vn 0.3144870102405548 -0.35454410314559937 -0.8805659413337708 
vn 0.3144870102405548 -0.35454410314559937 -0.8805659413337708 
vn 0.3144870102405548 -0.35454410314559937 -0.8805659413337708 
vn 0.3144870102405548 -0.35454410314559937 -0.8805659413337708 
vn 0.3144870102405548 -0.35454410314559937 -0.8805659413337708 
vn 0.3144870102405548 -0.35454410314559937 -0.8805659413337708 
vn 0.3144870102405548 -0.35454410314559937 -0.8805659413337708 
vn 0.3144870102405548 -0.35454410314559937 -0.8805659413337708 
vn 0.3144870102405548 -0.35454410314559937 -0.8805659413337708 
vn 0.3144870102405548 -0.35454410314559937 -0.8805659413337708 
vn 0.3144870102405548 -0.35454410314559937 -0.8805659413337708 
vn 0.3144870102405548 -0.35454410314559937 -0.8805659413337708 
vn 0.3144870102405548 -0.35454410314559937 -0.8805659413337708 
vn 0.3144870102405548 -0.35454410314559937 -0.8805659413337708 
vn 0.3144870102405548 -0.35454410314559937 -0.8805659413337708 
vn 0.3144870102405548 -0.35454410314559937 -0.8805659413337708 
vn 0.3144870102405548 -0.35454410314559937 -0.8805659413337708 
vn 0.3144870102405548 -0.35454410314559937 -0.8805659413337708 
vn 0.3144870102405548 -0.35454410314559937 -0.8805659413337708 
vn 0.3144870102405548 -0.35454410314559937 -0.8805659413337708 
vn 0.3144870102405548 -0.35454410314559937 -0.8805659413337708 
vn 0.3144870102405548 -0.35454410314559937 -0.8805659413337708 
vn 0.3144870102405548 -0.35454410314559937 -0.8805659413337708 
vn 0.3144870102405548 -0.35454410314559937 -0.8805659413337708 
vn 0.3144870102405548 -0.35454410314559937 -0.8805659413337708 
vn 0.3144870102405548 -0.35454410314559937 -0.8805659413337708 
vn 0.3144870102405548 -0.35454410314559937 -0.8805659413337708 
vn 0.3144870102405548 -0.35454410314559937 -0.8805659413337708 
vn 0.3144870102405548 -0.35454410314559937 -0.8805659413337708 
vn 0.3144870102405548 -0.35454410314559937 -0.8805659413337708 
vn 0.3144870102405548 -0.35454410314559937 -0.8805659413337708 
vn 0.3144870102405548 -0.35454410314559937 -0.8805659413337708 
vn 0.3144870102405548 -0.35454410314559937 -0.8805659413337708 
vn 0.2283966839313507 -0.022613652050495148 -0.9733054637908936 
vn 0.23471599817276 -0.05995209142565727 -0.9702134728431702 
vn 0.21620787680149078 0.015118728391826153 -0.976230263710022 
vn 0.2015044391155243 0.05236208811402321 -0.9780870079994202 
vn 0.18999448418617249 0.09510444849729538 -0.9771679639816284 
vn 0.17090995609760284 0.14010879397392273 -0.9752739667892456 
vn 0.15523239970207214 0.18598051369190216 -0.9702134728431702 
vn 0.1390969604253769 0.23839867115020752 -0.961154580116272 
vn 0.118088498711586 0.2949708104133606 -0.9481810927391052 
vn 0.0899277850985527 0.3599853217601776 -0.9286137819290161 
vn 0.0640694797039032 0.4262818396091461 -0.9023185968399048 
vn 0.03397443890571594 0.4918747544288635 -0.8700028657913208 
vn -5.827157739625097e-14 0.563491940498352 -0.8261215686798096 
vn -0.03590893745422363 0.6358045935630798 -0.7710143327713013 
vn -0.06983483582735062 0.6981955170631409 -0.7124928832054138 
vn -0.09786009788513184 0.7433212399482727 -0.661737859249115 
vn -0.11099785566329956 0.7671833634376526 -0.6317508816719055 
vn -0.028318334370851517 0.7989073991775513 -0.6007870435714722 
vn -0.007559971418231726 0.7940925359725952 -0.607749879360199 
vn 0.07166951149702072 0.8167787194252014 -0.5724822878837585 
vn 0.007555617485195398 0.7695841789245605 -0.6385006904602051 
vn 0.03020678274333477 0.7255223393440247 -0.6875353455543518 
vn 0.05663660541176796 0.6642271876335144 -0.7453821301460266 
vn 0.08849288523197174 0.5889233350753784 -0.8033295273780823 
vn 0.12174661457538605 0.5164209604263306 -0.8476362228393555 
vn 0.14669618010520935 0.4465954899787903 -0.882628321647644 
vn 0.16369405388832092 0.3816068768501282 -0.9097144603729248 
vn 0.18240109086036682 0.318448007106781 -0.9302261471748352 
vn 0.20156744122505188 0.256221204996109 -0.9453682899475098 
vn 0.21459046006202698 0.20524413883686066 -0.9548956751823425 
vn 0.22678452730178833 0.14982850849628448 -0.962351381778717 
vn 0.2377798855304718 0.10310286283493042 -0.9658315181732178 
vn 0.24781547486782074 0.05988376960158348 -0.9669547080993652 
vn 0.2581753134727478 0.022693010047078133 -0.9658315181732178 
vn 0.26295486092567444 -0.015105112455785275 -0.9646899104118347 
vn 0.2954055964946747 0.030162272974848747 -0.9548956751823425 
vn 0.29344066977500916 0.06753037124872208 -0.953589141368866 
vn 0.2888575494289398 0.1109495535492897 -0.9509214162826538 
vn 0.2796899378299713 0.15929251909255981 -0.946783721446991 
vn 0.2749589681625366 0.21098344027996063 -0.9380210638046265 
vn 0.2652369439601898 0.2652369439601898 -0.926983654499054 
vn 0.24960654973983765 0.3268449902534485 -0.9115201234817505 
vn 0.23898135125637054 0.39124825596809387 -0.888714075088501 
vn 0.22292086482048035 0.45667195320129395 -0.8612531423568726 
vn 0.20516996085643768 0.5286808013916016 -0.8236515522003174 
vn 0.1788247972726822 0.6041457056999207 -0.7765498161315918 
vn 0.15369383990764618 0.6782299876213074 -0.7185974717140198 
vn 0.13151751458644867 0.7410393357276917 -0.6584556698799133 
vn 0.10552812367677689 0.7870857119560242 -0.607749879360199 
vn 0.09795085340738297 0.8115178942680359 -0.5760593414306641 
vn 0.17994199693202972 0.8223327994346619 -0.5398051738739014 
vn 0.1983465701341629 0.8156532049179077 -0.5434780716896057 
vn 0.2764469087123871 0.8214848637580872 -0.4987381398677826 
vn 0.20912790298461914 0.7902032136917114 -0.5760593414306641 
vn 0.22537100315093994 0.747423529624939 -0.6249527335166931 
vn 0.2515103816986084 0.6812030673027039 -0.6875353455543518 
vn 0.27119752764701843 0.605406641960144 -0.7482877969741821 
vn 0.289828360080719 0.5322141051292419 -0.7954543828964233 
vn 0.29891079664230347 0.4647962749004364 -0.8334367275238037 
vn 0.3136478066444397 0.3950349986553192 -0.8634653687477112 
vn 0.3167478144168854 0.3314485251903534 -0.888714075088501 
vn 0.32470446825027466 0.2713637948036194 -0.9060511589050293 
vn 0.33176955580711365 0.21485178172588348 -0.9185682535171509 
vn 0.33430248498916626 0.1609915941953659 -0.9286137819290161 
vn 0.334360808134079 0.11857037246227264 -0.9349566102027893 
vn 0.3383629024028778 0.07501325011253357 -0.9380210638046265 
vn 0.3832917809486389 0.11182868480682373 -0.916832447052002 
vn 0.3865671157836914 0.1621694415807724 -0.9078915119171143 
vn 0.3896730840206146 0.21042801439762115 -0.8965907096862793 
vn 0.3894016742706299 0.26331278681755066 -0.882628321647644 
vn 0.388744592666626 0.32729288935661316 -0.8612531423568726 
vn 0.3881790339946747 0.3881790339946747 -0.8358433246612549 
vn 0.3813527524471283 0.4574185609817505 -0.8033295273780823 
vn 0.3722313642501831 0.5290404558181763 -0.762600839138031 
vn 0.35845232009887695 0.6032128930091858 -0.7124928832054138 
vn 0.34040701389312744 0.6776503324508667 -0.651853621006012 
vn 0.32637885212898254 0.7411015033721924 -0.5867242813110352 
vn 0.3134165108203888 0.7838006019592285 -0.5361219048500061 
vn 0.3014104962348938 0.8103238940238953 -0.5025205612182617 
vn 0.38018813729286194 0.8043924570083618 -0.456519216299057 
vn 0.3972776234149933 0.7938514947891235 -0.46040233969688416 
vn 0.4769231677055359 0.7757397294044495 -0.41324591636657715 
vn 0.40470874309539795 0.7689207196235657 -0.4949462115764618 
vn 0.41852033138275146 0.7248985171318054 -0.5471406579017639 
vn 0.4385356903076172 0.6588656902313232 -0.6112139225006104 
vn 0.4465486705303192 0.5876399278640747 -0.67473965883255 
vn 0.45334142446517944 0.5147866010665894 -0.7276512384414673 
vn 0.45627474784851074 0.4442411959171295 -0.7710143327713013 
vn 0.456736296415329 0.37666764855384827 -0.8059239983558655 
vn 0.45537084341049194 0.3130824565887451 -0.8334367275238037 
vn 0.44939982891082764 0.25292035937309265 -0.8567795157432556 
vn 0.4442412257194519 0.20495393872261047 -0.872148871421814 
vn 0.43780428171157837 0.1486145257949829 -0.8867024183273315 
vn 0.4972746968269348 0.1850154548883438 -0.8476362228393555 
vn 0.5051329731941223 0.241459921002388 -0.8285757899284363 
vn 0.5166905522346497 0.2961292564868927 -0.8033295273780823 
vn 0.5241840481758118 0.35564157366752625 -0.7737894654273987 
vn 0.5298008322715759 0.4204295575618744 -0.736579954624176 
vn 0.5329062938690186 0.48881709575653076 -0.6907016038894653 
vn 0.5312762260437012 0.5606719851493835 -0.6351318359375 
vn 0.5228259563446045 0.634832501411438 -0.5688942670822144 
vn 0.5133601427078247 0.6956539750099182 -0.5025205612182617 
vn 0.5033473372459412 0.7384346127510071 -0.4487268626689911 
vn 0.4930688440799713 0.7634198665618896 -0.417220801115036 
vn 0.5668972730636597 0.7385365962982178 -0.3649536371231079 
vn 0.5820130705833435 0.7246284484863281 -0.3690181374549866 
vn 0.6471758484840393 0.6939188241958618 -0.31565824151039124 
vn 0.5878016352653503 0.702472984790802 -0.401274174451828 
vn 0.5990676879882812 0.6578055620193481 -0.456519216299057 
vn 0.6044798493385315 0.5991390347480774 -0.5250110030174255 
vn 0.6082102060317993 0.5267899036407471 -0.5937783122062683 
vn 0.6049714088439941 0.45727068185806274 -0.651853621006012 
vn 0.5965584516525269 0.39236268401145935 -0.7001210451126099 
vn 0.5891352891921997 0.32560357451438904 -0.7395281791687012 
vn 0.5763065218925476 0.2709384858608246 -0.7710143327713013 
vn 0.5631192326545715 0.21434003114700317 -0.7980946898460388 
vn 0.6302036643028259 0.23651939630508423 -0.7395281791687012 
vn 0.6476348638534546 0.29330989718437195 -0.7032341957092285 
vn 0.660315752029419 0.3550861179828644 -0.661737859249115 
vn 0.673151433467865 0.4162748157978058 -0.6112139225006104 
vn 0.681403398513794 0.4819924235343933 -0.5507928133010864 
vn 0.682295560836792 0.5517022013664246 -0.4796847105026245 
vn 0.6757785081863403 0.6130474209785461 -0.40926313400268555 
vn 0.673573911190033 0.6495289206504822 -0.3527185618877411 
vn 0.6672964692115784 0.6726385354995728 -0.3198012113571167 
vn 0.7243388891220093 0.6362746357917786 -0.26549527049064636 
vn 0.7424896359443665 0.6131624579429626 -0.26970529556274414 
vn 0.7958959341049194 0.5661231279373169 -0.21460255980491638 
vn 0.7448617219924927 0.5943523049354553 -0.30319350957870483 
vn 0.7527191638946533 0.5506160259246826 -0.36088213324546814 
vn 0.7507741451263428 0.4988131523132324 -0.43303996324539185 
vn 0.7458803653717041 0.4328157603740692 -0.5062933564186096 
vn 0.7371795773506165 0.3645896315574646 -0.5688942670822144 
vn 0.720090389251709 0.30848512053489685 -0.6215357780456543 
vn 0.7000588178634644 0.2516755163669586 -0.6682642698287964 
vn 0.7721158266067505 0.2524634301662445 -0.5831804275512695 
vn 0.7926559448242188 0.30993539094924927 -0.5250110030174255 
vn 0.805335521697998 0.37344932556152344 -0.46040233969688416 
vn 0.8138642907142639 0.43501952290534973 -0.3852050006389618 
vn 0.8149597644805908 0.4886743128299713 -0.31150925159454346 
vn 0.8105637431144714 0.5282621383666992 -0.25283506512641907 
vn 0.8088065385818481 0.5475196242332458 -0.21460255980491638 
vn 0.8559947609901428 0.49057602882385254 -0.16312000155448914 
vn 0.8661112189292908 0.4709763526916504 -0.16742929816246033 
vn 0.9051995873451233 0.41018375754356384 -0.1111890971660614 
vn 0.8696596622467041 0.4505288600921631 -0.2017817199230194 
vn 0.8708388805389404 0.41637998819351196 -0.2612801790237427 
vn 0.870064377784729 0.3603924512863159 -0.3363112509250641 
vn 0.8565512895584106 0.3037213683128357 -0.417220801115036 
vn 0.8400725722312927 0.24595177173614502 -0.4835140109062195 
vn 0.9000722169876099 0.23172323405742645 -0.3690181374549866 
vn 0.914100170135498 0.2827152907848358 -0.29067665338516235 
vn 0.9191014766693115 0.33318549394607544 -0.2103329300880432 
vn 0.9174994826316833 0.36829686164855957 -0.15017375349998474 
vn 0.9138571619987488 0.3892529606819153 -0.11553031951189041 
vn 0.945963442325592 0.3188695013523102 -0.058952588587999344 
vn 0.9526973962783813 0.29725250601768494 -0.0633138045668602 
vn 0.9743873476982117 0.2246105968952179 -0.010923261754214764 
vn 0.9536623358726501 0.2828812897205353 -0.10250037163496017 
vn 0.9553090333938599 0.24652895331382751 -0.16312000155448914 
vn 0.9483347535133362 0.20234662294387817 -0.24437066912651062 
vn 0.9806880354881287 0.15780897438526154 -0.11553031951189041 
vn 0.9807233214378357 0.18762099742889404 -0.05459024757146835 
vn 0.9790947437286377 0.20245234668254852 -0.01966099627315998 
vn 0.9912378191947937 0.12796127796173096 0.03276457265019417 
vn 0.994015097618103 0.10548725724220276 0.028397228568792343 
vn 0.9966209530830383 0.030187318101525307 0.0763898640871048 
vn 0.9958371520042419 0.09049347788095474 -0.010923261754214764 
vn 0.9976789355278015 0.007552676368504763 0.06767380982637405 
vn 0.9904385209083557 -0.07539431750774384 0.11553031951189041 
s on 
f 1//1 2//2 3//3 
f 2//2 4//4 3//3 
f 3//3 4//4 5//5 
f 4//4 6//6 5//5 
f 5//5 6//6 5//5 
f 6//6 7//7 5//5 
f 5//5 7//7 5//5 
f 7//7 8//8 5//5 
f 5//5 8//8 9//9 
f 8//8 10//10 9//9 
f 9//9 10//10 9//9 
f 10//10 11//11 9//9 
f 9//9 11//11 12//12 
f 11//11 13//13 12//12 
f 12//12 13//13 12//12 
f 13//13 14//14 12//12 
f 12//12 14//14 1//1 
f 14//14 15//15 1//1 
f 1//1 15//15 1//1 
f 15//15 16//16 1//1 
f 1//1 16//16 2//2 
f 16//16 17//17 2//2 
f 2//2 17//17 2//2 
f 17//17 18//18 2//2 
f 2//2 18//18 4//4 
f 18//18 19//19 4//4 
f 4//4 19//19 6//6 
f 19//19 20//20 6//6 
f 6//6 20//20 6//6 
f 20//20 21//21 6//6 
f 6//6 21//21 7//7 
f 21//21 22//22 7//7 
f 7//7 22//22 7//7 
f 22//22 23//23 7//7 
f 7//7 23//23 8//8 
f 23//23 24//24 8//8 
f 8//8 24//24 10//10 
f 24//24 25//25 10//10 
f 10//10 25//25 10//10 
f 25//25 26//26 10//10 
f 10//10 26//26 11//11 
f 26//26 27//27 11//11 
f 11//11 27//27 13//13 
f 27//27 13//13 13//13 
f 13//13 13//13 1//1 
f 13//13 1//1 1//1 
f 1//1 1//1 12//12 
f 1//1 3//3 12//12 
f 12//12 3//3 9//9 
f 3//3 5//5 9//9 
f 9//9 5//5 5//5 
f 5//5 27//27 5//5 
f 5//5 27//27 27//27 
f 27//27 26//26 27//27 
f 27//27 26//26 28//28 
f 26//26 26//26 28//28 
f 28//28 26//26 29//29 
f 26//26 25//25 29//29 
f 29//29 25//25 30//30 
f 25//25 25//25 30//30 
f 30//30 25//25 31//31 
f 25//25 24//24 31//31 
f 31//31 24//24 32//32 
f 24//24 23//23 32//32 
f 32//32 23//23 33//33 
f 23//23 22//22 33//33 
f 33//33 22//22 34//34 
f 22//22 22//22 34//34 
f 34//34 22//22 35//35 
f 22//22 21//21 35//35 
f 35//35 21//21 36//36 
f 21//21 20//20 36//36 
f 36//36 20//20 37//37 
f 20//20 20//20 37//37 
f 37//37 20//20 38//38 
f 20//20 19//19 38//38 
f 38//38 19//19 39//39 
f 19//19 18//18 39//39 
f 39//39 18//18 40//40 
f 18//18 17//17 40//40 
f 40//40 17//17 41//41 
f 17//17 17//17 41//41 
f 41//41 17//17 42//42 
f 17//17 16//16 42//42 
f 42//42 16//16 43//43 
f 16//16 15//15 43//43 
f 43//43 15//15 44//44 
f 15//15 15//15 44//44 
f 44//44 15//15 45//45 
f 15//15 14//14 45//45 
f 45//45 14//14 46//46 
f 14//14 13//13 46//46 
f 46//46 13//13 47//47 
f 13//13 27//27 47//47 
f 47//47 27//27 48//48 
f 27//27 28//28 48//48 
f 48//48 28//28 49//49 
f 28//28 28//28 49//49 
f 49//49 28//28 50//50 
f 28//28 29//29 50//50 
f 50//50 29//29 51//51 
f 29//29 30//30 51//51 
f 51//51 30//30 52//52 
f 30//30 30//30 52//52 
f 52//52 30//30 53//53 
f 30//30 31//31 53//53 
f 53//53 31//31 54//54 
f 31//31 32//32 54//54 
f 54//54 32//32 55//55 
f 32//32 33//33 55//55 
f 55//55 33//33 56//56 
f 33//33 34//34 56//56 
f 56//56 34//34 57//57 
f 34//34 34//34 57//57 
f 57//57 34//34 58//58 
f 34//34 35//35 58//58 
f 58//58 35//35 59//59 
f 35//35 36//36 59//59 
f 59//59 36//36 60//60 
f 36//36 37//37 60//60 
f 60//60 37//37 61//61 
f 37//37 37//37 61//61 
f 61//61 37//37 62//62 
f 37//37 38//38 62//62 
f 62//62 38//38 63//63 
f 38//38 39//39 63//63 
f 63//63 39//39 64//64 
f 39//39 40//40 64//64 
f 64//64 40//40 65//65 
f 40//40 41//41 65//65 
f 65//65 41//41 66//66 
f 41//41 41//41 66//66 
f 66//66 41//41 67//67 
f 41//41 42//42 67//67 
f 67//67 42//42 68//68 
f 42//42 43//43 68//68 
f 68//68 43//43 69//69 
f 43//43 44//44 69//69 
f 69//69 44//44 70//70 
f 44//44 44//44 70//70 
f 70//70 44//44 71//71 
f 44//44 45//45 71//71 
f 71//71 45//45 72//72 
f 45//45 46//46 72//72 
f 72//72 46//46 73//73 
f 46//46 47//47 73//73 
f 73//73 47//47 74//74 
f 47//47 48//48 74//74 
f 74//74 48//48 75//75 
f 48//48 49//49 75//75 
f 75//75 49//49 76//76 
f 49//49 49//49 76//76 
f 76//76 49//49 77//77 
f 49//49 50//50 77//77 
f 77//77 50//50 78//78 
f 50//50 51//51 78//78 
f 78//78 51//51 79//79 
f 51//51 52//52 79//79 
f 79//79 52//52 80//80 
f 52//52 52//52 80//80 
f 80//80 52//52 81//81 
f 52//52 53//53 81//81 
f 81//81 53//53 82//82 
f 53//53 54//54 82//82 
f 82//82 54//54 83//83 
f 54//54 55//55 83//83 
f 83//83 55//55 84//84 
f 55//55 56//56 84//84 
f 84//84 56//56 85//85 
f 56//56 57//57 85//85 
f 85//85 57//57 86//86 
f 57//57 57//57 86//86 
f 86//86 57//57 87//87 
f 57//57 58//58 87//87 
f 87//87 58//58 88//88 
f 58//58 59//59 88//88 
f 88//88 59//59 89//89 
f 59//59 60//60 89//89 
f 89//89 60//60 90//90 
f 60//60 61//61 90//90 
f 90//90 61//61 91//91 
f 61//61 61//61 91//91 
f 91//91 61//61 92//92 
f 61//61 62//62 92//92 
f 92//92 62//62 93//93 
f 62//62 63//63 93//93 
f 93//93 63//63 94//94 
f 63//63 64//64 94//94 
f 94//94 64//64 95//95 
f 64//64 65//65 95//95 
f 95//95 65//65 96//96 
f 65//65 66//66 96//96 
f 96//96 66//66 97//97 
f 66//66 66//66 97//97 
f 97//97 66//66 98//98 
f 66//66 67//67 98//98 
f 98//98 67//67 99//99 
f 67//67 68//68 99//99 
f 99//99 68//68 100//100 
f 68//68 69//69 100//100 
f 100//100 69//69 101//101 
f 69//69 70//70 101//101 
f 101//101 70//70 102//102 
f 70//70 70//70 102//102 
f 102//102 70//70 103//103 
f 70//70 71//71 103//103 
f 103//103 71//71 104//104 
f 71//71 72//72 104//104 
f 104//104 72//72 105//105 
f 72//72 73//73 105//105 
f 105//105 73//73 106//106 
f 73//73 74//74 106//106 
f 106//106 74//74 107//107 
f 74//74 75//75 107//107 
f 107//107 75//75 108//108 
f 75//75 76//76 108//108 
f 108//108 76//76 109//109 
f 76//76 76//76 109//109 
f 109//109 76//76 110//110 
f 76//76 77//77 110//110 
f 110//110 77//77 111//111 
f 77//77 78//78 111//111 
f 111//111 78//78 112//112 
f 78//78 79//79 112//112 
f 112//112 79//79 113//113 
f 79//79 80//80 113//113 
f 113//113 80//80 114//114 
f 80//80 80//80 114//114 
f 114//114 80//80 115//115 
f 80//80 81//81 115//115 
f 115//115 81//81 116//116 
f 81//81 82//82 116//116 
f 116//116 82//82 117//117 
f 82//82 83//83 117//117 
f 117//117 83//83 118//118 
f 83//83 84//84 118//118 
f 118//118 84//84 119//119 
f 84//84 85//85 119//119 
f 119//119 85//85 120//120 
f 85//85 86//86 120//120 
f 120//120 86//86 121//121 
f 86//86 86//86 121//121 
f 121//121 86//86 122//122 
f 86//86 87//87 122//122 
f 122//122 87//87 123//123 
f 87//87 88//88 123//123 
f 123//123 88//88 124//124 
f 88//88 89//89 124//124 
f 124//124 89//89 125//125 
f 89//89 90//90 125//125 
f 125//125 90//90 126//126 
f 90//90 91//91 126//126 
f 126//126 91//91 127//127 
f 91//91 91//91 127//127 
f 127//127 91//91 128//128 
f 91//91 92//92 128//128 
f 128//128 92//92 129//129 
f 92//92 93//93 129//129 
f 129//129 93//93 130//130 
f 93//93 94//94 130//130 
f 130//130 94//94 131//131 
f 94//94 95//95 131//131 
f 131//131 95//95 132//132 
f 95//95 96//96 132//132 
f 132//132 96//96 133//133 
f 96//96 97//97 133//133 
f 133//133 97//97 134//134 
f 97//97 97//97 134//134 
f 134//134 97//97 135//135 
f 97//97 98//98 135//135 
f 135//135 98//98 136//136 
f 98//98 99//99 136//136 
f 136//136 99//99 137//137 
f 99//99 100//100 137//137 
f 137//137 100//100 138//138 
f 100//100 101//101 138//138 
f 138//138 101//101 139//139 
f 101//101 102//102 139//139 
f 139//139 102//102 140//140 
f 102//102 102//102 140//140 
f 140//140 102//102 141//141 
f 102//102 103//103 141//141 
f 141//141 103//103 142//142 
f 103//103 104//104 142//142 
f 142//142 104//104 143//143 
f 104//104 105//105 143//143 
f 143//143 105//105 144//144 
f 105//105 106//106 144//144 
f 144//144 106//106 145//145 
f 106//106 107//107 145//145 
f 145//145 107//107 146//146 
f 107//107 108//108 146//146 
f 146//146 108//108 147//147 
f 108//108 109//109 147//147 
f 147//147 109//109 148//148 
f 109//109 109//109 148//148 
f 148//148 109//109 149//149 
f 109//109 110//110 149//149 
f 149//149 110//110 150//150 
f 110//110 111//111 150//150 
f 150//150 111//111 151//151 
f 111//111 112//112 151//151 
f 151//151 112//112 152//152 
f 112//112 113//113 152//152 
f 152//152 113//113 153//153 
f 113//113 114//114 153//153 
f 153//153 114//114 154//154 
f 114//114 114//114 154//154 
f 154//154 114//114 155//155 
f 114//114 115//115 155//155 
f 155//155 115//115 156//156 
f 115//115 116//116 156//156 
f 156//156 116//116 157//157 
f 116//116 117//117 157//157 
f 157//157 117//117 158//158 
f 117//117 118//118 158//158 
f 158//158 118//118 159//159 
f 118//118 119//119 159//159 
f 159//159 119//119 160//160 
f 119//119 120//120 160//160 
f 160//160 120//120 161//161 
f 120//120 121//121 161//161 
f 161//161 121//121 162//162 
f 121//121 121//121 162//162 
f 162//162 121//121 163//163 
f 121//121 122//122 163//163 
f 163//163 122//122 164//164 
f 122//122 123//123 164//164 
f 164//164 123//123 165//165 
f 123//123 124//124 165//165 
f 165//165 124//124 166//166 
f 124//124 125//125 166//166 
f 166//166 125//125 167//167 
f 125//125 126//126 167//167 
f 167//167 126//126 168//168 
f 126//126 127//127 168//168 
f 168//168 127//127 169//169 
f 127//127 127//127 169//169 
f 169//169 127//127 170//170 
f 127//127 128//128 170//170 
f 170//170 128//128 171//171 
f 128//128 129//129 171//171 
f 171//171 129//129 172//172 
f 129//129 130//130 172//172 
f 172//172 130//130 173//173 
f 130//130 131//131 173//173 
f 173//173 131//131 174//174 
f 131//131 132//132 174//174 
f 174//174 132//132 175//175 
f 132//132 133//133 175//175 
f 175//175 133//133 176//176 
f 133//133 134//134 176//176 
f 176//176 134//134 177//177 
f 134//134 134//134 177//177 
f 177//177 134//134 178//178 
f 134//134 135//135 178//178 
f 178//178 135//135 179//179 
f 135//135 136//136 179//179 
f 179//179 136//136 180//180 
f 136//136 137//137 180//180 
f 180//180 137//137 181//181 
f 137//137 138//138 181//181 
f 181//181 138//138 182//182 
f 138//138 139//139 182//182 
f 182//182 139//139 183//183 
f 139//139 140//140 183//183 
f 183//183 140//140 184//184 
f 140//140 140//140 184//184 
f 184//184 140//140 185//185 
f 140//140 141//141 185//185 
f 185//185 141//141 186//186 
f 141//141 142//142 186//186 
f 186//186 142//142 187//187 
f 142//142 143//143 187//187 
f 187//187 143//143 188//188 
f 143//143 144//144 188//188 
f 188//188 144//144 189//189 
f 144//144 145//145 189//189 
f 189//189 145//145 190//190 
f 145//145 146//146 190//190 
f 190//190 146//146 191//191 
f 146//146 147//147 191//191 
f 191//191 147//147 192//192 
f 147//147 148//148 192//192 
f 192//192 148//148 193//193 
f 148//148 148//148 193//193 
f 193//193 148//148 194//194 
f 148//148 149//149 194//194 
f 194//194 149//149 195//195 
f 149//149 150//150 195//195 
f 195//195 150//150 196//196 
f 150//150 151//151 196//196 
f 196//196 151//151 197//197 
f 151//151 152//152 197//197 
f 197//197 152//152 198//198 
f 152//152 153//153 198//198 
f 198//198 153//153 199//199 
f 153//153 154//154 199//199 
f 199//199 154//154 200//200 
f 154//154 154//154 200//200 
f 200//200 154//154 201//201 
f 154//154 155//155 201//201 
f 201//201 155//155 202//202 
f 155//155 156//156 202//202 
f 202//202 156//156 203//203 
f 156//156 157//157 203//203 
f 203//203 157//157 204//204 
f 157//157 158//158 204//204 
f 204//204 158//158 205//205 
f 158//158 159//159 205//205 
f 205//205 159//159 206//206 
f 159//159 160//160 206//206 
f 206//206 160//160 207//207 
f 160//160 161//161 207//207 
f 207//207 161//161 208//208 
f 161//161 162//162 208//208 
f 208//208 162//162 209//209 
f 162//162 162//162 209//209 
f 209//209 162//162 210//210 
f 162//162 163//163 210//210 
f 210//210 163//163 211//211 
f 163//163 164//164 211//211 
f 211//211 164//164 212//212 
f 164//164 165//165 212//212 
f 212//212 165//165 213//213 
f 165//165 166//166 213//213 
f 213//213 166//166 214//214 
f 166//166 167//167 214//214 
f 214//214 167//167 215//215 
f 167//167 168//168 215//215 
f 215//215 168//168 216//216 
f 168//168 169//169 216//216 
f 216//216 169//169 217//217 
f 169//169 169//169 217//217 
f 217//217 169//169 218//218 
f 169//169 170//170 218//218 
f 218//218 170//170 219//219 
f 170//170 171//171 219//219 
f 219//219 171//171 220//220 
f 171//171 172//172 220//220 
f 220//220 172//172 221//221 
f 172//172 173//173 221//221 
f 221//221 173//173 222//222 
f 173//173 174//174 222//222 
f 222//222 174//174 223//223 
f 174//174 175//175 223//223 
f 223//223 175//175 224//224 
f 175//175 176//176 224//224 
f 224//224 176//176 225//225 
f 176//176 177//177 225//225 
f 225//225 177//177 226//226 
f 177//177 177//177 226//226 
f 226//226 177//177 227//227 
f 177//177 178//178 227//227 
f 227//227 178//178 228//228 
f 178//178 179//179 228//228 
f 228//228 179//179 229//229 
f 179//179 180//180 229//229 
f 229//229 180//180 230//230 
f 180//180 181//181 230//230 
f 230//230 181//181 231//231 
f 181//181 182//182 231//231 
f 231//231 182//182 232//232 
f 182//182 183//183 232//232 
f 232//232 183//183 233//233 
f 183//183 184//184 233//233 
f 233//233 184//184 234//234 
f 184//184 184//184 234//234 
f 234//234 184//184 235//235 
f 184//184 185//185 235//235 
f 235//235 185//185 236//236 
f 185//185 186//186 236//236 
f 236//236 186//186 237//237 
f 186//186 187//187 237//237 
f 237//237 187//187 238//238 
f 187//187 188//188 238//238 
f 238//238 188//188 239//239 
f 188//188 189//189 239//239 
f 239//239 189//189 240//240 
f 189//189 190//190 240//240 
f 240//240 190//190 241//241 
f 190//190 191//191 241//241 
f 241//241 191//191 242//242 
f 191//191 192//192 242//242 
f 242//242 192//192 243//243 
f 192//192 193//193 243//243 
f 243//243 193//193 244//244 
f 193//193 193//193 244//244 
f 244//244 193//193 245//245 
f 193//193 194//194 245//245 
f 245//245 194//194 246//246 
f 194//194 195//195 246//246 
f 246//246 195//195 247//247 
f 195//195 196//196 247//247 
f 247//247 196//196 248//248 
f 196//196 197//197 248//248 
f 248//248 197//197 249//249 
f 197//197 198//198 249//249 
f 249//249 198//198 250//250 
f 198//198 199//199 250//250 
f 250//250 199//199 251//251 
f 199//199 200//200 251//251 
f 251//251 200//200 252//252 
f 200//200 200//200 252//252 
f 252//252 200//200 253//253 
f 200//200 201//201 253//253 
f 253//253 201//201 254//254 
f 201//201 202//202 254//254 
f 254//254 202//202 255//255 
f 202//202 203//203 255//255 
f 255//255 203//203 256//256 
f 203//203 204//204 256//256 
f 256//256 204//204 257//257 
f 204//204 205//205 257//257 
f 257//257 205//205 258//258 
f 205//205 206//206 258//258 
f 258//258 206//206 259//259 
f 206//206 207//207 259//259 
f 259//259 207//207 260//260 
f 207//207 208//208 260//260 
f 260//260 208//208 261//261 
f 208//208 209//209 261//261 
f 261//261 209//209 262//262 
f 209//209 209//209 262//262 
f 262//262 209//209 263//263 
f 209//209 210//210 263//263 
f 263//263 210//210 264//264 
f 210//210 211//211 264//264 
f 264//264 211//211 265//265 
f 211//211 212//212 265//265 
f 265//265 212//212 266//266 
f 212//212 213//213 266//266 
f 266//266 213//213 267//267 
f 213//213 214//214 267//267 
f 267//267 214//214 268//268 
f 214//214 215//215 268//268 
f 268//268 215//215 269//269 
f 215//215 216//216 269//269 
f 269//269 216//216 270//270 
f 216//216 217//217 270//270 
f 270//270 217//217 271//271 
f 217//217 217//217 271//271 
f 271//271 217//217 272//272 
f 217//217 218//218 272//272 
f 272//272 218//218 273//273 
f 218//218 219//219 273//273 
f 273//273 219//219 274//274 
f 219//219 220//220 274//274 
f 274//274 220//220 275//275 
f 220//220 221//221 275//275 
f 275//275 221//221 276//276 
f 221//221 222//222 276//276 
f 276//276 222//222 277//277 
f 222//222 223//223 277//277 
f 277//277 223//223 278//278 
f 223//223 224//224 278//278 
f 278//278 224//224 279//279 
f 224//224 225//225 279//279 
f 279//279 225//225 280//280 
f 225//225 226//226 280//280 
f 280//280 226//226 281//281 
f 226//226 226//226 281//281 
f 281//281 226//226 282//282 
f 226//226 227//227 282//282 
f 282//282 227//227 283//283 
f 227//227 228//228 283//283 
f 283//283 228//228 284//284 
f 228//228 229//229 284//284 
f 284//284 229//229 285//285 
f 229//229 230//230 285//285 
f 285//285 230//230 286//286 
f 230//230 231//231 286//286 
f 286//286 231//231 287//287 
f 231//231 232//232 287//287 
f 287//287 232//232 288//288 
f 232//232 233//233 288//288 
f 288//288 233//233 289//289 
f 233//233 234//234 289//289 
f 289//289 234//234 290//290 
f 234//234 234//234 290//290 
f 290//290 234//234 291//291 
f 234//234 235//235 291//291 
f 291//291 235//235 292//292 
f 235//235 236//236 292//292 
f 292//292 236//236 293//293 
f 236//236 237//237 293//293 
f 293//293 237//237 294//294 
f 237//237 238//238 294//294 
f 294//294 238//238 295//295 
f 238//238 239//239 295//295 
f 295//295 239//239 296//296 
f 239//239 240//240 296//296 
f 296//296 240//240 297//297 
f 240//240 241//241 297//297 
f 297//297 241//241 298//298 
f 241//241 242//242 298//298 
f 298//298 242//242 299//299 
f 242//242 243//243 299//299 
f 299//299 243//243 300//300 
f 243//243 244//244 300//300 
f 300//300 244//244 301//301 
f 244//244 244//244 301//301 
f 301//301 244//244 302//302 
f 244//244 245//245 302//302 
f 302//302 245//245 303//303 
f 245//245 246//246 303//303 
f 303//303 246//246 304//304 
f 246//246 247//247 304//304 
f 304//304 247//247 305//305 
f 247//247 248//248 305//305 
f 305//305 248//248 306//306 
f 248//248 249//249 306//306 
f 306//306 249//249 307//307 
f 249//249 250//250 307//307 
f 307//307 250//250 308//308 
f 250//250 251//251 308//308 
f 308//308 251//251 309//309 
f 251//251 252//252 309//309 
f 309//309 252//252 310//310 
f 252//252 252//252 310//310 
f 310//310 252//252 311//311 
f 252//252 253//253 311//311 
f 311//311 253//253 312//312 
f 253//253 254//254 312//312 
f 312//312 254//254 313//313 
f 254//254 255//255 313//313 
f 313//313 255//255 314//314 
f 255//255 256//256 314//314 
f 314//314 256//256 315//315 
f 256//256 257//257 315//315 
f 315//315 257//257 316//316 
f 257//257 258//258 316//316 
f 316//316 258//258 317//317 
f 258//258 259//259 317//317 
f 317//317 259//259 318//318 
f 259//259 260//260 318//318 
f 318//318 260//260 319//319 
f 260//260 261//261 319//319 
f 319//319 261//261 320//320 
f 261//261 262//262 320//320 
f 320//320 262//262 321//321 
f 262//262 262//262 321//321 
f 321//321 262//262 322//322 
f 262//262 263//263 322//322 
f 322//322 263//263 323//323 
f 263//263 264//264 323//323 
f 323//323 264//264 324//324 
f 264//264 265//265 324//324 
f 324//324 265//265 325//325 
f 265//265 266//266 325//325 
f 325//325 266//266 326//326 
f 266//266 267//267 326//326 
f 326//326 267//267 327//327 
f 267//267 268//268 327//327 
f 327//327 268//268 328//328 
f 268//268 269//269 328//328 
f 328//328 269//269 329//329 
f 269//269 270//270 329//329 
f 329//329 270//270 330//330 
f 270//270 271//271 330//330 
f 330//330 271//271 331//331 
f 271//271 271//271 331//331 
f 331//331 271//271 332//332 
f 271//271 272//272 332//332 
f 332//332 272//272 333//333 
f 272//272 273//273 333//333 
f 333//333 273//273 334//334 
f 273//273 274//274 334//334 
f 334//334 274//274 335//335 
f 274//274 275//275 335//335 
f 335//335 275//275 336//336 
f 275//275 276//276 336//336 
f 336//336 276//276 337//337 
f 276//276 277//277 337//337 
f 337//337 277//277 338//338 
f 277//277 278//278 338//338 
f 338//338 278//278 339//339 
f 278//278 279//279 339//339 
f 339//339 279//279 340//340 
f 279//279 280//280 340//340 
f 340//340 280//280 341//341 
f 280//280 281//281 341//341 
f 341//341 281//281 342//342 
f 281//281 281//281 342//342 
f 342//342 281//281 343//343 
f 281//281 282//282 343//343 
f 343//343 282//282 344//344 
f 282//282 283//283 344//344 
f 344//344 283//283 345//345 
f 283//283 284//284 345//345 
f 345//345 284//284 346//346 
f 284//284 285//285 346//346 
f 346//346 285//285 347//347 
f 285//285 286//286 347//347 
f 347//347 286//286 348//348 
f 286//286 287//287 348//348 
f 348//348 287//287 349//349 
f 287//287 288//288 349//349 
f 349//349 288//288 350//350 
f 288//288 289//289 350//350 
f 350//350 289//289 351//351 
f 289//289 290//290 351//351 
f 351//351 290//290 352//352 
f 290//290 290//290 352//352 
f 352//352 290//290 353//353 
f 290//290 291//291 353//353 
f 353//353 291//291 354//354 
f 291//291 292//292 354//354 
f 354//354 292//292 355//355 
f 292//292 293//293 355//355 
f 355//355 293//293 356//356 
f 293//293 294//294 356//356 
f 356//356 294//294 357//357 
f 294//294 295//295 357//357 
f 357//357 295//295 358//358 
f 295//295 296//296 358//358 
f 358//358 296//296 359//359 
f 296//296 297//297 359//359 
f 359//359 297//297 360//360 
f 297//297 298//298 360//360 
f 360//360 298//298 361//361 
f 298//298 299//299 361//361 
f 361//361 299//299 362//362 
f 299//299 300//300 362//362 
f 362//362 300//300 363//363 
f 300//300 301//301 363//363 
f 363//363 301//301 364//364 
f 301//301 301//301 364//364 
f 364//364 301//301 365//365 
f 301//301 302//302 365//365 
f 365//365 302//302 366//366 
f 302//302 303//303 366//366 
f 366//366 303//303 367//367 
f 303//303 304//304 367//367 
f 367//367 304//304 368//368 
f 304//304 305//305 368//368 
f 368//368 305//305 369//369 
f 305//305 306//306 369//369 
f 369//369 306//306 370//370 
f 306//306 307//307 370//370 
f 370//370 307//307 371//371 
f 307//307 308//308 371//371 
f 371//371 308//308 372//372 
f 308//308 309//309 372//372 
f 372//372 309//309 373//373 
f 309//309 310//310 373//373 
f 373//373 310//310 374//374 
f 310//310 310//310 374//374 
f 374//374 310//310 375//375 
f 310//310 311//311 375//375 
f 375//375 311//311 376//376 
f 311//311 312//312 376//376 
f 376//376 312//312 377//377 
f 312//312 313//313 377//377 
f 377//377 313//313 378//378 
f 313//313 314//314 378//378 
f 378//378 314//314 379//379 
f 314//314 315//315 379//379 
f 379//379 315//315 380//380 
f 315//315 316//316 380//380 
f 380//380 316//316 381//381 
f 316//316 317//317 381//381 
f 381//381 317//317 382//382 
f 317//317 318//318 382//382 
f 382//382 318//318 383//383 
f 318//318 319//319 383//383 
f 383//383 319//319 384//384 
f 319//319 320//320 384//384 
f 384//384 320//320 385//385 
f 320//320 321//321 385//385 
f 385//385 321//321 386//386 
f 321//321 321//321 386//386 
f 386//386 321//321 387//387 
f 321//321 322//322 387//387 
f 387//387 322//322 388//388 
f 322//322 323//323 388//388 
f 388//388 323//323 389//389 
f 323//323 324//324 389//389 
f 389//389 324//324 390//390 
f 324//324 325//325 390//390 
f 390//390 325//325 391//391 
f 325//325 326//326 391//391 
f 391//391 326//326 392//392 
f 326//326 327//327 392//392 
f 392//392 327//327 393//393 
f 327//327 328//328 393//393 
f 393//393 328//328 394//394 
f 328//328 329//329 394//394 
f 394//394 329//329 395//395 
f 329//329 330//330 395//395 
f 395//395 330//330 396//396 
f 330//330 331//331 396//396 
f 396//396 331//331 397//397 
f 331//331 331//331 397//397 
f 397//397 331//331 398//398 
f 331//331 332//332 398//398 
f 398//398 332//332 399//399 
f 332//332 333//333 399//399 
f 399//399 333//333 400//400 
f 333//333 334//334 400//400 
f 400//400 334//334 401//401 
f 334//334 335//335 401//401 
f 401//401 335//335 402//402 
f 335//335 336//336 402//402 
f 402//402 336//336 403//403 
f 336//336 337//337 403//403 
f 403//403 337//337 404//404 
f 337//337 338//338 404//404 
f 404//404 338//338 405//405 
f 338//338 339//339 405//405 
f 405//405 339//339 406//406 
f 339//339 340//340 406//406 
f 406//406 340//340 407//407 
f 340//340 341//341 407//407 
f 407//407 341//341 408//408 
f 341//341 342//342 408//408 
f 408//408 342//342 409//409 
f 342//342 342//342 409//409 
f 409//409 342//342 410//410 
f 342//342 343//343 410//410 
f 410//410 343//343 411//411 
f 343//343 344//344 411//411 
f 411//411 344//344 412//412 
f 344//344 345//345 412//412 
f 412//412 345//345 413//413 
f 345//345 346//346 413//413 
f 413//413 346//346 414//414 
f 346//346 347//347 414//414 
f 414//414 347//347 415//415 
f 347//347 348//348 415//415 
f 415//415 348//348 416//416 
f 348//348 349//349 416//416 
f 416//416 349//349 417//417 
f 349//349 350//350 417//417 
f 417//417 350//350 418//418 
f 350//350 351//351 418//418 
f 418//418 351//351 419//419 
f 351//351 352//352 419//419 
f 419//419 352//352 420//420 
f 352//352 352//352 420//420 
f 420//420 352//352 421//421 
f 352//352 353//353 421//421 
f 421//421 353//353 422//422 
f 353//353 354//354 422//422 
f 422//422 354//354 423//423 
f 354//354 355//355 423//423 
f 423//423 355//355 424//424 
f 355//355 356//356 424//424 
f 424//424 356//356 425//425 
f 356//356 357//357 425//425 
f 425//425 357//357 426//426 
f 357//357 358//358 426//426 
f 426//426 358//358 427//427 
f 358//358 359//359 427//427 
f 427//427 359//359 428//428 
f 359//359 360//360 428//428 
f 428//428 360//360 429//429 
f 360//360 361//361 429//429 
f 429//429 361//361 430//430 
f 361//361 362//362 430//430 
f 430//430 362//362 431//431 
f 362//362 363//363 431//431 
f 431//431 363//363 432//432 
f 363//363 364//364 432//432 
f 432//432 364//364 433//433 
f 364//364 364//364 433//433 
f 433//433 364//364 434//434 
f 364//364 365//365 434//434 
f 434//434 365//365 435//435 
f 365//365 366//366 435//435 
f 435//435 366//366 436//436 
f 366//366 367//367 436//436 
f 436//436 367//367 437//437 
f 367//367 368//368 437//437 
f 437//437 368//368 438//438 
f 368//368 369//369 438//438 
f 438//438 369//369 439//439 
f 369//369 370//370 439//439 
f 439//439 370//370 440//440 
f 370//370 371//371 440//440 
f 440//440 371//371 441//441 
f 371//371 372//372 441//441 
f 441//441 372//372 442//442 
f 372//372 373//373 442//442 
f 442//442 373//373 443//443 
f 373//373 374//374 443//443 
f 443//443 374//374 444//444 
f 374//374 374//374 444//444 
f 444//444 374//374 445//445 
f 374//374 375//375 445//445 
f 445//445 375//375 446//446 
f 375//375 376//376 446//446 
f 446//446 376//376 447//447 
f 376//376 377//377 447//447 
f 447//447 377//377 448//448 
f 377//377 378//378 448//448 
f 448//448 378//378 449//449 
f 378//378 379//379 449//449 
f 449//449 379//379 450//450 
f 379//379 380//380 450//450 
f 450//450 380//380 451//451 
f 380//380 381//381 451//451 
f 451//451 381//381 452//452 
f 381//381 382//382 452//452 
f 452//452 382//382 453//453 
f 382//382 383//383 453//453 
f 453//453 383//383 454//454 
f 383//383 384//384 454//454 
f 454//454 384//384 455//455 
f 384//384 385//385 455//455 
f 455//455 385//385 456//456 
f 385//385 386//386 456//456 
f 456//456 386//386 457//457 
f 386//386 386//386 457//457 
f 457//457 386//386 458//458 
f 386//386 387//387 458//458 
f 458//458 387//387 459//459 
f 387//387 388//388 459//459 
f 459//459 388//388 460//460 
f 388//388 389//389 460//460 
f 460//460 389//389 461//461 
f 389//389 390//390 461//461 
f 461//461 390//390 462//462 
f 390//390 391//391 462//462 
f 462//462 391//391 463//463 
f 391//391 392//392 463//463 
f 463//463 392//392 464//464 
f 392//392 393//393 464//464 
f 464//464 393//393 465//465 
f 393//393 394//394 465//465 
f 465//465 394//394 466//466 
f 394//394 395//395 466//466 
f 466//466 395//395 467//467 
f 395//395 396//396 467//467 
f 467//467 396//396 468//468 
f 396//396 397//397 468//468 
f 468//468 397//397 469//469 
f 397//397 397//397 469//469 
f 469//469 397//397 470//470 
f 397//397 398//398 470//470 
f 470//470 398//398 471//471 
f 398//398 399//399 471//471 
f 471//471 399//399 472//472 
f 399//399 400//400 472//472 
f 472//472 400//400 473//473 
f 400//400 401//401 473//473 
f 473//473 401//401 474//474 
f 401//401 402//402 474//474 
f 474//474 402//402 475//475 
f 402//402 403//403 475//475 
f 475//475 403//403 476//476 
f 403//403 404//404 476//476 
f 476//476 404//404 477//477 
f 404//404 405//405 477//477 
f 477//477 405//405 478//478 
f 405//405 406//406 478//478 
f 478//478 406//406 479//479 
f 406//406 407//407 479//479 
f 479//479 407//407 480//480 
f 407//407 408//408 480//480 
f 480//480 408//408 481//481 
f 408//408 409//409 481//481 
f 481//481 409//409 482//482 
f 409//409 409//409 482//482 
f 482//482 409//409 483//483 
f 409//409 410//410 483//483 
f 483//483 410//410 484//484 
f 410//410 411//411 484//484 
f 484//484 411//411 485//485 
f 411//411 412//412 485//485 
f 485//485 412//412 486//486 
f 412//412 413//413 486//486 
f 486//486 413//413 487//487 
f 413//413 414//414 487//487 
f 487//487 414//414 488//488 
f 414//414 415//415 488//488 
f 488//488 415//415 489//489 
f 415//415 416//416 489//489 
f 489//489 416//416 490//490 
f 416//416 417//417 490//490 
f 490//490 417//417 491//491 
f 417//417 418//418 491//491 
f 491//491 418//418 492//492 
f 418//418 419//419 492//492 
f 492//492 419//419 493//493 
f 419//419 420//420 493//493 
f 493//493 420//420 494//494 
f 420//420 420//420 494//494 
f 494//494 420//420 495//495 
f 420//420 421//421 495//495 
f 495//495 421//421 496//496 
f 421//421 422//422 496//496 
f 496//496 422//422 497//497 
f 422//422 423//423 497//497 
f 497//497 423//423 498//498 
f 423//423 424//424 498//498 
f 498//498 424//424 499//499 
f 424//424 425//425 499//499 
f 499//499 425//425 500//500 
f 425//425 426//426 500//500 
f 500//500 426//426 501//501 
f 426//426 427//427 501//501 
f 501//501 427//427 502//502 
f 427//427 428//428 502//502 
f 502//502 428//428 503//503 
f 428//428 429//429 503//503 
f 503//503 429//429 504//504 
f 429//429 430//430 504//504 
f 504//504 430//430 505//505 
f 430//430 431//431 505//505 
f 505//505 431//431 506//506 
f 431//431 432//432 506//506 
f 506//506 432//432 507//507 
f 432//432 433//433 507//507 
f 507//507 433//433 508//508 
f 433//433 433//433 508//508 
f 508//508 433//433 509//509 
f 433//433 434//434 509//509 
f 509//509 434//434 510//510 
f 434//434 435//435 510//510 
f 510//510 435//435 511//511 
f 435//435 436//436 511//511 
f 511//511 436//436 512//512 
f 436//436 437//437 512//512 
f 512//512 437//437 513//513 
f 437//437 438//438 513//513 
f 513//513 438//438 514//514 
f 438//438 439//439 514//514 
f 514//514 439//439 515//515 
f 439//439 440//440 515//515 
f 515//515 440//440 516//516 
f 440//440 441//441 516//516 
f 516//516 441//441 517//517 
f 441//441 442//442 517//517 
f 517//517 442//442 518//518 
f 442//442 443//443 518//518 
f 518//518 443//443 519//519 
f 443//443 444//444 519//519 
f 519//519 444//444 520//520 
f 444//444 444//444 520//520 
f 520//520 444//444 521//521 
f 444//444 445//445 521//521 
f 521//521 445//445 522//522 
f 445//445 446//446 522//522 
f 522//522 446//446 523//523 
f 446//446 447//447 523//523 
f 523//523 447//447 524//524 
f 447//447 448//448 524//524 
f 524//524 448//448 525//525 
f 448//448 449//449 525//525 
f 525//525 449//449 526//526 
f 449//449 450//450 526//526 
f 526//526 450//450 527//527 
f 450//450 451//451 527//527 
f 527//527 451//451 528//528 
f 451//451 452//452 528//528 
f 528//528 452//452 529//529 
f 452//452 453//453 529//529 
f 529//529 453//453 530//530 
f 453//453 454//454 530//530 
f 530//530 454//454 531//531 
f 454//454 455//455 531//531 
f 531//531 455//455 532//532 
f 455//455 456//456 532//532 
f 532//532 456//456 533//533 
f 456//456 457//457 533//533 
f 533//533 457//457 534//534 
f 457//457 457//457 534//534 
f 534//534 457//457 535//535 
f 457//457 458//458 535//535 
f 535//535 458//458 536//536 
f 458//458 459//459 536//536 
f 536//536 459//459 537//537 
f 459//459 460//460 537//537 
f 537//537 460//460 538//538 
f 460//460 461//461 538//538 
f 538//538 461//461 539//539 
f 461//461 462//462 539//539 
f 539//539 462//462 540//540 
f 462//462 463//463 540//540 
f 540//540 463//463 541//541 
f 463//463 464//464 541//541 
f 541//541 464//464 542//542 
f 464//464 465//465 542//542 
f 542//542 465//465 543//543 
f 465//465 466//466 543//543 
f 543//543 466//466 544//544 
f 466//466 467//467 544//544 
f 544//544 467//467 545//545 
f 467//467 468//468 545//545 
f 545//545 468//468 546//546 
f 468//468 469//469 546//546 
f 546//546 469//469 547//547 
f 469//469 469//469 547//547 
f 547//547 469//469 548//548 
f 469//469 470//470 548//548 
f 548//548 470//470 549//549 
f 470//470 471//471 549//549 
f 549//549 471//471 550//550 
f 471//471 472//472 550//550 
f 550//550 472//472 551//551 
f 472//472 473//473 551//551 
f 551//551 473//473 552//552 
f 473//473 474//474 552//552 
f 552//552 474//474 553//553 
f 474//474 475//475 553//553 
f 553//553 475//475 554//554 
f 475//475 476//476 554//554 
f 554//554 476//476 555//555 
f 476//476 477//477 555//555 
f 555//555 477//477 556//556 
f 477//477 478//478 556//556 
f 556//556 478//478 557//557 
f 478//478 479//479 557//557 
f 557//557 479//479 558//558 
f 479//479 480//480 558//558 
f 558//558 480//480 559//559 
f 480//480 481//481 559//559 
f 559//559 481//481 560//560 
f 481//481 482//482 560//560 
f 560//560 482//482 561//561 
f 482//482 482//482 561//561 
f 561//561 482//482 562//562 
f 482//482 483//483 562//562 
f 562//562 483//483 563//563 
f 483//483 484//484 563//563 
f 563//563 484//484 564//564 
f 484//484 485//485 564//564 
f 564//564 485//485 565//565 
f 485//485 486//486 565//565 
f 565//565 486//486 566//566 
f 486//486 487//487 566//566 
f 566//566 487//487 567//567 
f 487//487 488//488 567//567 
f 567//567 488//488 568//568 
f 488//488 489//489 568//568 
f 568//568 489//489 569//569 
f 489//489 490//490 569//569 
f 569//569 490//490 570//570 
f 490//490 491//491 570//570 
f 570//570 491//491 571//571 
f 491//491 492//492 571//571 
f 571//571 492//492 572//572 
f 492//492 493//493 572//572 
f 572//572 493//493 573//573 
f 493//493 494//494 573//573 
f 573//573 494//494 574//574 
f 494//494 494//494 574//574 
f 574//574 494//494 575//575 
f 494//494 495//495 575//575 
f 575//575 495//495 576//576 
f 495//495 496//496 576//576 
f 576//576 496//496 577//577 
f 496//496 497//497 577//577 
f 577//577 497//497 578//578 
f 497//497 498//498 578//578 
f 578//578 498//498 579//579 
f 498//498 499//499 579//579 
f 579//579 499//499 580//580 
f 499//499 500//500 580//580 
f 580//580 500//500 581//581 
f 500//500 501//501 581//581 
f 581//581 501//501 582//582 
f 501//501 502//502 582//582 
f 582//582 502//502 583//583 
f 502//502 503//503 583//583 
f 583//583 503//503 584//584 
f 503//503 504//504 584//584 
f 584//584 504//504 585//585 
f 504//504 505//505 585//585 
f 585//585 505//505 586//586 
f 505//505 506//506 586//586 
f 586//586 506//506 587//587 
f 506//506 507//507 587//587 
f 587//587 507//507 588//588 
f 507//507 508//508 588//588 
f 588//588 508//508 589//589 
f 508//508 508//508 589//589 
f 589//589 508//508 590//590 
f 508//508 509//509 590//590 
f 590//590 509//509 591//591 
f 509//509 510//510 591//591 
f 591//591 510//510 592//592 
f 510//510 511//511 592//592 
f 592//592 511//511 593//593 
f 511//511 512//512 593//593 
f 593//593 512//512 594//594 
f 512//512 513//513 594//594 
f 594//594 513//513 595//595 
f 513//513 514//514 595//595 
f 595//595 514//514 596//596 
f 514//514 515//515 596//596 
f 596//596 515//515 597//597 
f 515//515 516//516 597//597 
f 597//597 516//516 598//598 
f 516//516 517//517 598//598 
f 598//598 517//517 599//599 
f 517//517 518//518 599//599 
f 599//599 518//518 600//600 
f 518//518 519//519 600//600 
f 600//600 519//519 601//601 
f 519//519 520//520 601//601 
f 601//601 520//520 602//602 
f 520//520 520//520 602//602 
f 602//602 520//520 603//603 
f 520//520 521//521 603//603 
f 603//603 521//521 604//604 
f 521//521 522//522 604//604 
f 604//604 522//522 605//605 
f 522//522 523//523 605//605 
f 605//605 523//523 606//606 
f 523//523 524//524 606//606 
f 606//606 524//524 607//607 
f 524//524 525//525 607//607 
f 607//607 525//525 608//608 
f 525//525 526//526 608//608 
f 608//608 526//526 609//609 
f 526//526 527//527 609//609 
f 609//609 527//527 610//610 
f 527//527 528//528 610//610 
f 610//610 528//528 611//611 
f 528//528 529//529 611//611 
f 611//611 529//529 612//612 
f 529//529 530//530 612//612 
f 612//612 530//530 613//613 
f 530//530 531//531 613//613 
f 613//613 531//531 614//614 
f 531//531 532//532 614//614 
f 614//614 532//532 615//615 
f 532//532 533//533 615//615 
f 615//615 533//533 616//616 
f 533//533 534//534 616//616 
f 616//616 534//534 617//617 
f 534//534 534//534 617//617 
f 617//617 534//534 618//618 
f 534//534 535//535 618//618 
f 618//618 535//535 619//619 
f 535//535 536//536 619//619 
f 619//619 536//536 620//620 
f 536//536 537//537 620//620 
f 620//620 537//537 621//621 
f 537//537 538//538 621//621 
f 621//621 538//538 622//622 
f 538//538 539//539 622//622 
f 622//622 539//539 623//623 
f 539//539 540//540 623//623 
f 623//623 540//540 624//624 
f 540//540 541//541 624//624 
f 624//624 541//541 625//625 
f 541//541 542//542 625//625 
f 625//625 542//542 626//626 
f 542//542 543//543 626//626 
f 626//626 543//543 627//627 
f 543//543 544//544 627//627 
f 627//627 544//544 628//628 
f 544//544 545//545 628//628 
f 628//628 545//545 629//629 
f 545//545 546//546 629//629 
f 629//629 546//546 630//630 
f 546//546 547//547 630//630 
f 630//630 547//547 631//631 
f 547//547 547//547 631//631 
f 631//631 547//547 632//632 
f 547//547 548//548 632//632 
f 632//632 548//548 633//633 
f 548//548 549//549 633//633 
f 633//633 549//549 634//634 
f 549//549 550//550 634//634 
f 634//634 550//550 635//635 
f 550//550 551//551 635//635 
f 635//635 551//551 636//636 
f 551//551 552//552 636//636 
f 636//636 552//552 637//637 
f 552//552 553//553 637//637 
f 637//637 553//553 638//638 
f 553//553 554//554 638//638 
f 638//638 554//554 639//639 
f 554//554 555//555 639//639 
f 639//639 555//555 640//640 
f 555//555 556//556 640//640 
f 640//640 556//556 641//641 
f 556//556 557//557 641//641 
f 641//641 557//557 642//642 
f 557//557 558//558 642//642 
f 642//642 558//558 643//643 
f 558//558 559//559 643//643 
f 643//643 559//559 644//644 
f 559//559 560//560 644//644 
f 644//644 560//560 645//645 
f 560//560 561//561 645//645 
f 645//645 561//561 646//646 
f 561//561 561//561 646//646 
f 646//646 561//561 647//647 
f 561//561 562//562 647//647 
f 647//647 562//562 648//648 
f 562//562 563//563 648//648 
f 648//648 563//563 649//649 
f 563//563 564//564 649//649 
f 649//649 564//564 650//650 
f 564//564 565//565 650//650 
f 650//650 565//565 651//651 
f 565//565 566//566 651//651 
f 651//651 566//566 652//652 
f 566//566 567//567 652//652 
f 652//652 567//567 653//653 
f 567//567 568//568 653//653 
f 653//653 568//568 654//654 
f 568//568 569//569 654//654 
f 654//654 569//569 655//655 
f 569//569 570//570 655//655 
f 655//655 570//570 656//656 
f 570//570 571//571 656//656 
f 656//656 571//571 657//657 
f 571//571 572//572 657//657 
f 657//657 572//572 658//658 
f 572//572 573//573 658//658 
f 658//658 573//573 659//659 
f 573//573 574//574 659//659 
f 659//659 574//574 660//660 
f 574//574 574//574 660//660 
f 660//660 574//574 661//661 
f 574//574 575//575 661//661 
f 661//661 575//575 662//662 
f 575//575 576//576 662//662 
f 662//662 576//576 663//663 
f 576//576 577//577 663//663 
f 663//663 577//577 664//664 
f 577//577 578//578 664//664 
f 664//664 578//578 665//665 
f 578//578 579//579 665//665 
f 665//665 579//579 666//666 
f 579//579 580//580 666//666 
f 666//666 580//580 667//667 
f 580//580 581//581 667//667 
f 667//667 581//581 668//668 
f 581//581 582//582 668//668 
f 668//668 582//582 669//669 
f 582//582 583//583 669//669 
f 669//669 583//583 670//670 
f 583//583 584//584 670//670 
f 670//670 584//584 671//671 
f 584//584 585//585 671//671 
f 671//671 585//585 672//672 
f 585//585 586//586 672//672 
f 672//672 586//586 673//673 
f 586//586 587//587 673//673 
f 673//673 587//587 674//674 
f 587//587 588//588 674//674 
f 674//674 588//588 675//675 
f 588//588 589//589 675//675 
f 675//675 589//589 676//676 
f 589//589 589//589 676//676 
f 676//676 589//589 677//677 
f 589//589 590//590 677//677 
f 677//677 590//590 678//678 
f 590//590 591//591 678//678 
f 678//678 591//591 679//679 
f 591//591 592//592 679//679 
f 679//679 592//592 680//680 
f 592//592 593//593 680//680 
f 680//680 593//593 681//681 
f 593//593 594//594 681//681 
f 681//681 594//594 682//682 
f 594//594 595//595 682//682 
f 682//682 595//595 683//683 
f 595//595 596//596 683//683 
f 683//683 596//596 684//684 
f 596//596 597//597 684//684 
f 684//684 597//597 685//685 
f 597//597 598//598 685//685 
f 685//685 598//598 686//686 
f 598//598 599//599 686//686 
f 686//686 599//599 687//687 
f 599//599 600//600 687//687 
f 687//687 600//600 688//688 
f 600//600 601//601 688//688 
f 688//688 601//601 689//689 
f 601//601 602//602 689//689 
f 689//689 602//602 690//690 
f 602//602 602//602 690//690 
f 690//690 602//602 691//691 
f 602//602 603//603 691//691 
f 691//691 603//603 692//692 
f 603//603 604//604 692//692 
f 692//692 604//604 693//693 
f 604//604 605//605 693//693 
f 693//693 605//605 694//694 
f 605//605 606//606 694//694 
f 694//694 606//606 695//695 
f 606//606 607//607 695//695 
f 695//695 607//607 696//696 
f 607//607 608//608 696//696 
f 696//696 608//608 697//697 
f 608//608 609//609 697//697 
f 697//697 609//609 698//698 
f 609//609 610//610 698//698 
f 698//698 610//610 699//699 
f 610//610 611//611 699//699 
f 699//699 611//611 700//700 
f 611//611 612//612 700//700 
f 700//700 612//612 701//701 
f 612//612 613//613 701//701 
f 701//701 613//613 702//702 
f 613//613 614//614 702//702 
f 702//702 614//614 703//703 
f 614//614 615//615 703//703 
f 703//703 615//615 704//704 
f 615//615 616//616 704//704 
f 704//704 616//616 705//705 
f 616//616 617//617 705//705 
f 705//705 617//617 706//706 
f 617//617 617//617 706//706 
f 706//706 617//617 707//707 
f 617//617 618//618 707//707 
f 707//707 618//618 708//708 
f 618//618 619//619 708//708 
f 708//708 619//619 709//709 
f 619//619 620//620 709//709 
f 709//709 620//620 710//710 
f 620//620 621//621 710//710 
f 710//710 621//621 711//711 
f 621//621 622//622 711//711 
f 711//711 622//622 712//712 
f 622//622 623//623 712//712 
f 712//712 623//623 713//713 
f 623//623 624//624 713//713 
f 713//713 624//624 714//714 
f 624//624 625//625 714//714 
f 714//714 625//625 715//715 
f 625//625 626//626 715//715 
f 715//715 626//626 716//716 
f 626//626 627//627 716//716 
f 716//716 627//627 717//717 
f 627//627 628//628 717//717 
f 717//717 628//628 718//718 
f 628//628 629//629 718//718 
f 718//718 629//629 719//719 
f 629//629 630//630 719//719 
f 719//719 630//630 720//720 
f 630//630 631//631 720//720 
f 720//720 631//631 721//721 
f 631//631 631//631 721//721 
f 721//721 631//631 722//722 
f 631//631 632//632 722//722 
f 722//722 632//632 723//723 
f 632//632 633//633 723//723 
f 723//723 633//633 724//724 
f 633//633 634//634 724//724 
f 724//724 634//634 725//725 
f 634//634 635//635 725//725 
f 725//725 635//635 726//726 
f 635//635 636//636 726//726 
f 726//726 636//636 727//727 
f 636//636 637//637 727//727 
f 727//727 637//637 728//728 
f 637//637 638//638 728//728 
f 728//728 638//638 729//729 
f 638//638 639//639 729//729 
f 729//729 639//639 730//730 
f 639//639 640//640 730//730 
f 730//730 640//640 731//731 
f 640//640 641//641 731//731 
f 731//731 641//641 732//732 
f 641//641 642//642 732//732 
f 732//732 642//642 733//733 
f 642//642 643//643 733//733 
f 733//733 643//643 734//734 
f 643//643 644//644 734//734 
f 734//734 644//644 735//735 
f 644//644 645//645 735//735 
f 735//735 645//645 736//736 
f 645//645 646//646 736//736 
f 736//736 646//646 737//737 
f 646//646 646//646 737//737 
f 737//737 646//646 738//738 
f 646//646 647//647 738//738 
f 738//738 647//647 739//739 
f 647//647 648//648 739//739 
f 739//739 648//648 740//740 
f 648//648 649//649 740//740 
f 740//740 649//649 741//741 
f 649//649 650//650 741//741 
f 741//741 650//650 742//742 
f 650//650 651//651 742//742 
f 742//742 651//651 743//743 
f 651//651 652//652 743//743 
f 743//743 652//652 744//744 
f 652//652 653//653 744//744 
f 744//744 653//653 745//745 
f 653//653 654//654 745//745 
f 745//745 654//654 746//746 
f 654//654 655//655 746//746 
f 746//746 655//655 747//747 
f 655//655 656//656 747//747 
f 747//747 656//656 748//748 
f 656//656 657//657 748//748 
f 748//748 657//657 749//749 
f 657//657 658//658 749//749 
f 749//749 658//658 750//750 
f 658//658 659//659 750//750 
f 750//750 659//659 751//751 
f 659//659 660//660 751//751 
f 751//751 660//660 752//752 
f 660//660 660//660 752//752 
f 752//752 660//660 753//753 
f 660//660 661//661 753//753 
f 753//753 661//661 754//754 
f 661//661 662//662 754//754 
f 754//754 662//662 755//755 
f 662//662 663//663 755//755 
f 755//755 663//663 756//756 
f 663//663 664//664 756//756 
f 756//756 664//664 757//757 
f 664//664 665//665 757//757 
f 757//757 665//665 758//758 
f 665//665 666//666 758//758 
f 758//758 666//666 759//759 
f 666//666 667//667 759//759 
f 759//759 667//667 760//760 
f 667//667 668//668 760//760 
f 760//760 668//668 761//761 
f 668//668 669//669 761//761 
f 761//761 669//669 762//762 
f 669//669 670//670 762//762 
f 762//762 670//670 763//763 
f 670//670 671//671 763//763 
f 763//763 671//671 764//764 
f 671//671 672//672 764//764 
f 764//764 672//672 765//765 
f 672//672 673//673 765//765 
f 765//765 673//673 766//766 
f 673//673 674//674 766//766 
f 766//766 674//674 767//767 
f 674//674 675//675 767//767 
f 767//767 675//675 768//768 
f 675//675 676//676 768//768 
f 768//768 676//676 769//769 
f 676//676 676//676 769//769 
f 769//769 676//676 770//770 
f 676//676 677//677 770//770 
f 770//770 677//677 771//771 
f 677//677 678//678 771//771 
f 771//771 678//678 772//772 
f 678//678 679//679 772//772 
f 772//772 679//679 773//773 
f 679//679 680//680 773//773 
f 773//773 680//680 774//774 
f 680//680 681//681 774//774 
f 774//774 681//681 775//775 
f 681//681 682//682 775//775 
f 775//775 682//682 776//776 
f 682//682 683//683 776//776 
f 776//776 683//683 777//777 
f 683//683 684//684 777//777 
f 777//777 684//684 778//778 
f 684//684 685//685 778//778 
f 778//778 685//685 779//779 
f 685//685 686//686 779//779 
f 779//779 686//686 780//780 
f 686//686 687//687 780//780 
f 780//780 687//687 781//781 
f 687//687 688//688 781//781 
f 781//781 688//688 782//782 
f 688//688 689//689 782//782 
f 782//782 689//689 783//783 
f 689//689 690//690 783//783 
f 783//783 690//690 784//784 
f 690//690 690//690 784//784 
f 784//784 690//690 785//785 
f 690//690 691//691 785//785 
f 785//785 691//691 786//786 
f 691//691 692//692 786//786 
f 786//786 692//692 787//787 
f 692//692 693//693 787//787 
f 787//787 693//693 788//788 
f 693//693 694//694 788//788 
f 788//788 694//694 789//789 
f 694//694 695//695 789//789 
f 789//789 695//695 790//790 
f 695//695 696//696 790//790 
f 790//790 696//696 791//791 
f 696//696 697//697 791//791 
f 791//791 697//697 792//792 
f 697//697 698//698 792//792 
f 792//792 698//698 793//793 
f 698//698 699//699 793//793 
f 793//793 699//699 794//794 
f 699//699 700//700 794//794 
f 794//794 700//700 795//795 
f 700//700 701//701 795//795 
f 795//795 701//701 796//796 
f 701//701 702//702 796//796 
f 796//796 702//702 797//797 
f 702//702 703//703 797//797 
f 797//797 703//703 798//798 
f 703//703 704//704 798//798 
f 798//798 704//704 799//799 
f 704//704 705//705 799//799 
f 799//799 705//705 800//800 
f 705//705 706//706 800//800 
f 800//800 706//706 801//801 
f 706//706 706//706 801//801 
f 801//801 706//706 802//802 
f 706//706 707//707 802//802 
f 802//802 707//707 803//803 
f 707//707 708//708 803//803 
f 803//803 708//708 804//804 
f 708//708 709//709 804//804 
f 804//804 709//709 805//805 
f 709//709 710//710 805//805 
f 805//805 710//710 806//806 
f 710//710 711//711 806//806 
f 806//806 711//711 807//807 
f 711//711 712//712 807//807 
f 807//807 712//712 808//808 
f 712//712 713//713 808//808 
f 808//808 713//713 809//809 
f 713//713 714//714 809//809 
f 809//809 714//714 810//810 
f 714//714 715//715 810//810 
f 810//810 715//715 811//811 
f 715//715 716//716 811//811 
f 811//811 716//716 812//812 
f 716//716 717//717 812//812 
f 812//812 717//717 813//813 
f 717//717 718//718 813//813 
f 813//813 718//718 814//814 
f 718//718 719//719 814//814 
f 814//814 719//719 815//815 
f 719//719 720//720 815//815 
f 815//815 720//720 816//816 
f 720//720 721//721 816//816 
f 816//816 721//721 817//817 
f 721//721 721//721 817//817 
f 817//817 721//721 818//818 
f 721//721 722//722 818//818 
f 818//818 722//722 819//819 
f 722//722 723//723 819//819 
f 819//819 723//723 820//820 
f 723//723 724//724 820//820 
f 820//820 724//724 821//821 
f 724//724 725//725 821//821 
f 821//821 725//725 822//822 
f 725//725 726//726 822//822 
f 822//822 726//726 823//823 
f 726//726 727//727 823//823 
f 823//823 727//727 824//824 
f 727//727 728//728 824//824 
f 824//824 728//728 825//825 
f 728//728 729//729 825//825 
f 825//825 729//729 826//826 
f 729//729 730//730 826//826 
f 826//826 730//730 827//827 
f 730//730 731//731 827//827 
f 827//827 731//731 828//828 
f 731//731 732//732 828//828 
f 828//828 732//732 829//829 
f 732//732 733//733 829//829 
f 829//829 733//733 830//830 
f 733//733 734//734 830//830 
f 830//830 734//734 831//831 
f 734//734 735//735 831//831 
f 831//831 735//735 832//832 
f 735//735 736//736 832//832 
f 832//832 736//736 833//833 
f 736//736 737//737 833//833 
f 833//833 737//737 834//834 
f 737//737 737//737 834//834 
f 834//834 737//737 835//835 
f 737//737 738//738 835//835 
f 835//835 738//738 836//836 
f 738//738 739//739 836//836 
f 836//836 739//739 837//837 
f 739//739 740//740 837//837 
f 837//837 740//740 838//838 
f 740//740 741//741 838//838 
f 838//838 741//741 839//839 
f 741//741 742//742 839//839 
f 839//839 742//742 840//840 
f 742//742 743//743 840//840 
f 840//840 743//743 841//841 
f 743//743 744//744 841//841 
f 841//841 744//744 842//842 
f 744//744 745//745 842//842 
f 842//842 745//745 843//843 
f 745//745 746//746 843//843 
f 843//843 746//746 844//844 
f 746//746 747//747 844//844 
f 844//844 747//747 845//845 
f 747//747 748//748 845//845 
f 845//845 748//748 846//846 
f 748//748 749//749 846//846 
f 846//846 749//749 847//847 
f 749//749 750//750 847//847 
f 847//847 750//750 848//848 
f 750//750 751//751 848//848 
f 848//848 751//751 849//849 
f 751//751 752//752 849//849 
f 849//849 752//752 850//850 
f 752//752 752//752 850//850 
f 850//850 752//752 851//851 
f 752//752 753//753 851//851 
f 851//851 753//753 852//852 
f 753//753 754//754 852//852 
f 852//852 754//754 853//853 
f 754//754 755//755 853//853 
f 853//853 755//755 854//854 
f 755//755 756//756 854//854 
f 854//854 756//756 855//855 
f 756//756 757//757 855//855 
f 855//855 757//757 856//856 
f 757//757 758//758 856//856 
f 856//856 758//758 857//857 
f 758//758 759//759 857//857 
f 857//857 759//759 858//858 
f 759//759 760//760 858//858 
f 858//858 760//760 859//859 
f 760//760 761//761 859//859 
f 859//859 761//761 860//860 
f 761//761 762//762 860//860 
f 860//860 762//762 861//861 
f 762//762 763//763 861//861 
f 861//861 763//763 862//862 
f 763//763 764//764 862//862 
f 862//862 764//764 863//863 
f 764//764 765//765 863//863 
f 863//863 765//765 864//864 
f 765//765 766//766 864//864 
f 864//864 766//766 865//865 
f 766//766 767//767 865//865 
f 865//865 767//767 866//866 
f 767//767 768//768 866//866 
f 866//866 768//768 867//867 
f 768//768 769//769 867//867 
f 867//867 769//769 868//868 
f 769//769 769//769 868//868 
f 868//868 769//769 869//869 
f 769//769 770//770 869//869 
f 869//869 770//770 870//870 
f 770//770 771//771 870//870 
f 870//870 771//771 871//871 
f 771//771 772//772 871//871 
f 871//871 772//772 872//872 
f 772//772 773//773 872//872 
f 872//872 773//773 873//873 
f 773//773 774//774 873//873 
f 873//873 774//774 874//874 
f 774//774 775//775 874//874 
f 874//874 775//775 875//875 
f 775//775 776//776 875//875 
f 875//875 776//776 876//876 
f 776//776 777//777 876//876 
f 876//876 777//777 877//877 
f 777//777 778//778 877//877 
f 877//877 778//778 878//878 
f 778//778 779//779 878//878 
f 878//878 779//779 879//879 
f 779//779 780//780 879//879 
f 879//879 780//780 880//880 
f 780//780 781//781 880//880 
f 880//880 781//781 881//881 
f 781//781 782//782 881//881 
f 881//881 782//782 882//882 
f 782//782 783//783 882//882 
f 882//882 783//783 883//883 
f 783//783 784//784 883//883 
f 883//883 784//784 784//784 
f 784//784 883//883 784//784 
f 784//784 883//883 883//883 
f 883//883 884//884 883//883 
f 883//883 884//884 882//882 
f 884//884 885//885 882//882 
f 882//882 885//885 881//881 
f 885//885 886//886 881//881 
f 881//881 886//886 880//880 
f 886//886 887//887 880//880 
f 880//880 887//887 879//879 
f 887//887 888//888 879//879 
f 879//879 888//888 878//878 
f 888//888 889//889 878//878 
f 878//878 889//889 877//877 
f 889//889 890//890 877//877 
f 877//877 890//890 876//876 
f 890//890 891//891 876//876 
f 876//876 891//891 875//875 
f 891//891 892//892 875//875 
f 875//875 892//892 874//874 
f 892//892 893//893 874//874 
f 874//874 893//893 873//873 
f 893//893 894//894 873//873 
f 873//873 894//894 872//872 
f 894//894 895//895 872//872 
f 872//872 895//895 871//871 
f 895//895 896//896 871//871 
f 871//871 896//896 870//870 
f 896//896 897//897 870//870 
f 870//870 897//897 869//869 
f 897//897 898//898 869//869 
f 869//869 898//898 868//868 
f 898//898 899//899 868//868 
f 868//868 899//899 900//900 
f 899//899 901//901 900//900 
f 900//900 901//901 901//901 
f 901//901 868//868 901//901 
f 901//901 868//868 868//868 
f 868//868 900//900 868//868 
f 868//868 900//900 867//867 
f 900//900 902//902 867//867 
f 867//867 902//902 866//866 
f 902//902 903//903 866//866 
f 866//866 903//903 865//865 
f 903//903 904//904 865//865 
f 865//865 904//904 864//864 
f 904//904 905//905 864//864 
f 864//864 905//905 863//863 
f 905//905 906//906 863//863 
f 863//863 906//906 862//862 
f 906//906 907//907 862//862 
f 862//862 907//907 861//861 
f 907//907 908//908 861//861 
f 861//861 908//908 860//860 
f 908//908 909//909 860//860 
f 860//860 909//909 859//859 
f 909//909 910//910 859//859 
f 859//859 910//910 858//858 
f 910//910 911//911 858//858 
f 858//858 911//911 857//857 
f 911//911 912//912 857//857 
f 857//857 912//912 856//856 
f 912//912 913//913 856//856 
f 856//856 913//913 855//855 
f 913//913 914//914 855//855 
f 855//855 914//914 854//854 
f 914//914 915//915 854//854 
f 854//854 915//915 853//853 
f 915//915 916//916 853//853 
f 853//853 916//916 852//852 
f 916//916 917//917 852//852 
f 852//852 917//917 851//851 
f 917//917 918//918 851//851 
f 851//851 918//918 850//850 
f 918//918 919//919 850//850 
f 850//850 919//919 850//850 
f 919//919 920//920 850//850 
f 850//850 920//920 849//849 
f 920//920 921//921 849//849 
f 849//849 921//921 848//848 
f 921//921 922//922 848//848 
f 848//848 922//922 847//847 
f 922//922 923//923 847//847 
f 847//847 923//923 846//846 
f 923//923 924//924 846//846 
f 846//846 924//924 845//845 
f 924//924 925//925 845//845 
f 845//845 925//925 844//844 
f 925//925 926//926 844//844 
f 844//844 926//926 843//843 
f 926//926 927//927 843//843 
f 843//843 927//927 842//842 
f 927//927 928//928 842//842 
f 842//842 928//928 841//841 
f 928//928 929//929 841//841 
f 841//841 929//929 840//840 
f 929//929 930//930 840//840 
f 840//840 930//930 839//839 
f 930//930 931//931 839//839 
f 839//839 931//931 838//838 
f 931//931 932//932 838//838 
f 838//838 932//932 837//837 
f 932//932 933//933 837//837 
f 837//837 933//933 836//836 
f 933//933 934//934 836//836 
f 836//836 934//934 835//835 
f 934//934 935//935 835//835 
f 835//835 935//935 834//834 
f 935//935 834//834 834//834 
f 834//834 834//834 935//935 
f 834//834 935//935 935//935 
f 935//935 935//935 936//936 
f 935//935 934//934 936//936 
f 936//936 934//934 937//937 
f 934//934 933//933 937//937 
f 937//937 933//933 938//938 
f 933//933 932//932 938//938 
f 938//938 932//932 939//939 
f 932//932 931//931 939//939 
f 939//939 931//931 940//940 
f 931//931 930//930 940//940 
f 940//940 930//930 941//941 
f 930//930 929//929 941//941 
f 941//941 929//929 942//942 
f 929//929 928//928 942//942 
f 942//942 928//928 943//943 
f 928//928 927//927 943//943 
f 943//943 927//927 944//944 
f 927//927 926//926 944//944 
f 944//944 926//926 945//945 
f 926//926 925//925 945//945 
f 945//945 925//925 946//946 
f 925//925 924//924 946//946 
f 946//946 924//924 947//947 
f 924//924 923//923 947//947 
f 947//947 923//923 948//948 
f 923//923 922//922 948//948 
f 948//948 922//922 949//949 
f 922//922 921//921 949//949 
f 949//949 921//921 950//950 
f 921//921 920//920 950//950 
f 950//950 920//920 951//951 
f 920//920 919//919 951//951 
f 951//951 919//919 952//952 
f 919//919 919//919 952//952 
f 952//952 919//919 953//953 
f 919//919 918//918 953//953 
f 953//953 918//918 954//954 
f 918//918 917//917 954//954 
f 954//954 917//917 955//955 
f 917//917 916//916 955//955 
f 955//955 916//916 956//956 
f 916//916 915//915 956//956 
f 956//956 915//915 957//957 
f 915//915 914//914 957//957 
f 957//957 914//914 958//958 
f 914//914 913//913 958//958 
f 958//958 913//913 959//959 
f 913//913 912//912 959//959 
f 959//959 912//912 960//960 
f 912//912 911//911 960//960 
f 960//960 911//911 961//961 
f 911//911 910//910 961//961 
f 961//961 910//910 962//962 
f 910//910 909//909 962//962 
f 962//962 909//909 963//963 
f 909//909 908//908 963//963 
f 963//963 908//908 964//964 
f 908//908 907//907 964//964 
f 964//964 907//907 965//965 
f 907//907 906//906 965//965 
f 965//965 906//906 966//966 
f 906//906 905//905 966//966 
f 966//966 905//905 967//967 
f 905//905 904//904 967//967 
f 967//967 904//904 968//968 
f 904//904 903//903 968//968 
f 968//968 903//903 969//969 
f 903//903 902//902 969//969 
f 969//969 902//902 970//970 
f 902//902 900//900 970//970 
f 970//970 900//900 970//970 
f 900//900 901//901 970//970 
f 970//970 901//901 970//970 
f 901//901 971//971 970//970 
f 970//970 971//971 972//972 
f 971//971 973//973 972//972 
f 972//972 973//973 973//973 
f 973//973 970//970 973//973 
f 973//973 970//970 970//970 
f 970//970 972//972 970//970 
f 970//970 972//972 969//969 
f 972//972 974//974 969//969 
f 969//969 974//974 968//968 
f 974//974 975//975 968//968 
f 968//968 975//975 967//967 
f 975//975 976//976 967//967 
f 967//967 976//976 966//966 
f 976//976 977//977 966//966 
f 966//966 977//977 965//965 
f 977//977 978//978 965//965 
f 965//965 978//978 964//964 
f 978//978 979//979 964//964 
f 964//964 979//979 963//963 
f 979//979 980//980 963//963 
f 963//963 980//980 962//962 
f 980//980 981//981 962//962 
f 962//962 981//981 961//961 
f 981//981 982//982 961//961 
f 961//961 982//982 960//960 
f 982//982 983//983 960//960 
f 960//960 983//983 959//959 
f 983//983 984//984 959//959 
f 959//959 984//984 958//958 
f 984//984 985//985 958//958 
f 958//958 985//985 957//957 
f 985//985 986//986 957//957 
f 957//957 986//986 956//956 
f 986//986 987//987 956//956 
f 956//956 987//987 955//955 
f 987//987 988//988 955//955 
f 955//955 988//988 954//954 
f 988//988 989//989 954//954 
f 954//954 989//989 953//953 
f 989//989 990//990 953//953 
f 953//953 990//990 952//952 
f 990//990 991//991 952//952 
f 952//952 991//991 952//952 
f 991//991 992//992 952//952 
f 952//952 992//992 951//951 
f 992//992 993//993 951//951 
f 951//951 993//993 950//950 
f 993//993 994//994 950//950 
f 950//950 994//994 949//949 
f 994//994 995//995 949//949 
f 949//949 995//995 948//948 
f 995//995 996//996 948//948 
f 948//948 996//996 947//947 
f 996//996 997//997 947//947 
f 947//947 997//997 946//946 
f 997//997 998//998 946//946 
f 946//946 998//998 945//945 
f 998//998 999//999 945//945 
f 945//945 999//999 944//944 
f 999//999 1000//1000 944//944 
f 944//944 1000//1000 943//943 
f 1000//1000 1001//1001 943//943 
f 943//943 1001//1001 942//942 
f 1001//1001 1002//1002 942//942 
f 942//942 1002//1002 941//941 
f 1002//1002 1003//1003 941//941 
f 941//941 1003//1003 940//940 
f 1003//1003 1004//1004 940//940 
f 940//940 1004//1004 939//939 
f 1004//1004 1005//1005 939//939 
f 939//939 1005//1005 938//938 
f 1005//1005 1006//1006 938//938 
f 938//938 1006//1006 937//937 
f 1006//1006 1007//1007 937//937 
f 937//937 1007//1007 936//936 
f 1007//1007 936//936 936//936 
f 936//936 936//936 1007//1007 
f 936//936 1007//1007 1007//1007 
f 1007//1007 1007//1007 1008//1008 
f 1007//1007 1006//1006 1008//1008 
f 1008//1008 1006//1006 1009//1009 
f 1006//1006 1005//1005 1009//1009 
f 1009//1009 1005//1005 1010//1010 
f 1005//1005 1004//1004 1010//1010 
f 1010//1010 1004//1004 1011//1011 
f 1004//1004 1003//1003 1011//1011 
f 1011//1011 1003//1003 1012//1012 
f 1003//1003 1002//1002 1012//1012 
f 1012//1012 1002//1002 1013//1013 
f 1002//1002 1001//1001 1013//1013 
f 1013//1013 1001//1001 1014//1014 
f 1001//1001 1000//1000 1014//1014 
f 1014//1014 1000//1000 1015//1015 
f 1000//1000 999//999 1015//1015 
f 1015//1015 999//999 1016//1016 
f 999//999 998//998 1016//1016 
f 1016//1016 998//998 1017//1017 
f 998//998 997//997 1017//1017 
f 1017//1017 997//997 1018//1018 
f 997//997 996//996 1018//1018 
f 1018//1018 996//996 1019//1019 
f 996//996 995//995 1019//1019 
f 1019//1019 995//995 1020//1020 
f 995//995 994//994 1020//1020 
f 1020//1020 994//994 1021//1021 
f 994//994 993//993 1021//1021 
f 1021//1021 993//993 1022//1022 
f 993//993 992//992 1022//1022 
f 1022//1022 992//992 1023//1023 
f 992//992 991//991 1023//1023 
f 1023//1023 991//991 1024//1024 
f 991//991 991//991 1024//1024 
f 1024//1024 991//991 1025//1025 
f 991//991 990//990 1025//1025 
f 1025//1025 990//990 1026//1026 
f 990//990 989//989 1026//1026 
f 1026//1026 989//989 1027//1027 
f 989//989 988//988 1027//1027 
f 1027//1027 988//988 1028//1028 
f 988//988 987//987 1028//1028 
f 1028//1028 987//987 1029//1029 
f 987//987 986//986 1029//1029 
f 1029//1029 986//986 1030//1030 
f 986//986 985//985 1030//1030 
f 1030//1030 985//985 1031//1031 
f 985//985 984//984 1031//1031 
f 1031//1031 984//984 1032//1032 
f 984//984 983//983 1032//1032 
f 1032//1032 983//983 1033//1033 
f 983//983 982//982 1033//1033 
f 1033//1033 982//982 1034//1034 
f 982//982 981//981 1034//1034 
f 1034//1034 981//981 1035//1035 
f 981//981 980//980 1035//1035 
f 1035//1035 980//980 1036//1036 
f 980//980 979//979 1036//1036 
f 1036//1036 979//979 1037//1037 
f 979//979 978//978 1037//1037 
f 1037//1037 978//978 1038//1038 
f 978//978 977//977 1038//1038 
f 1038//1038 977//977 1039//1039 
f 977//977 976//976 1039//1039 
f 1039//1039 976//976 1040//1040 
f 976//976 975//975 1040//1040 
f 1040//1040 975//975 1041//1041 
f 975//975 974//974 1041//1041 
f 1041//1041 974//974 1042//1042 
f 974//974 972//972 1042//1042 
f 1042//1042 972//972 1042//1042 
f 972//972 973//973 1042//1042 
f 1042//1042 973//973 1042//1042 
f 973//973 1043//1043 1042//1042 
f 1042//1042 1043//1043 1044//1044 
f 1043//1043 1045//1045 1044//1044 
f 1044//1044 1045//1045 1045//1045 
f 1045//1045 1042//1042 1045//1045 
f 1045//1045 1042//1042 1042//1042 
f 1042//1042 1044//1044 1042//1042 
f 1042//1042 1044//1044 1041//1041 
f 1044//1044 1046//1046 1041//1041 
f 1041//1041 1046//1046 1040//1040 
f 1046//1046 1047//1047 1040//1040 
f 1040//1040 1047//1047 1039//1039 
f 1047//1047 1048//1048 1039//1039 
f 1039//1039 1048//1048 1038//1038 
f 1048//1048 1049//1049 1038//1038 
f 1038//1038 1049//1049 1037//1037 
f 1049//1049 1050//1050 1037//1037 
f 1037//1037 1050//1050 1036//1036 
f 1050//1050 1051//1051 1036//1036 
f 1036//1036 1051//1051 1035//1035 
f 1051//1051 1052//1052 1035//1035 
f 1035//1035 1052//1052 1034//1034 
f 1052//1052 1053//1053 1034//1034 
f 1034//1034 1053//1053 1033//1033 
f 1053//1053 1054//1054 1033//1033 
f 1033//1033 1054//1054 1032//1032 
f 1054//1054 1055//1055 1032//1032 
f 1032//1032 1055//1055 1031//1031 
f 1055//1055 1056//1056 1031//1031 
f 1031//1031 1056//1056 1030//1030 
f 1056//1056 1057//1057 1030//1030 
f 1030//1030 1057//1057 1029//1029 
f 1057//1057 1058//1058 1029//1029 
f 1029//1029 1058//1058 1028//1028 
f 1058//1058 1059//1059 1028//1028 
f 1028//1028 1059//1059 1027//1027 
f 1059//1059 1060//1060 1027//1027 
f 1027//1027 1060//1060 1026//1026 
f 1060//1060 1061//1061 1026//1026 
f 1026//1026 1061//1061 1025//1025 
f 1061//1061 1062//1062 1025//1025 
f 1025//1025 1062//1062 1024//1024 
f 1062//1062 1063//1063 1024//1024 
f 1024//1024 1063//1063 1024//1024 
f 1063//1063 1064//1064 1024//1024 
f 1024//1024 1064//1064 1023//1023 
f 1064//1064 1065//1065 1023//1023 
f 1023//1023 1065//1065 1022//1022 
f 1065//1065 1066//1066 1022//1022 
f 1022//1022 1066//1066 1021//1021 
f 1066//1066 1067//1067 1021//1021 
f 1021//1021 1067//1067 1020//1020 
f 1067//1067 1068//1068 1020//1020 
f 1020//1020 1068//1068 1019//1019 
f 1068//1068 1069//1069 1019//1019 
f 1019//1019 1069//1069 1018//1018 
f 1069//1069 1070//1070 1018//1018 
f 1018//1018 1070//1070 1017//1017 
f 1070//1070 1071//1071 1017//1017 
f 1017//1017 1071//1071 1016//1016 
f 1071//1071 1072//1072 1016//1016 
f 1016//1016 1072//1072 1015//1015 
f 1072//1072 1073//1073 1015//1015 
f 1015//1015 1073//1073 1014//1014 
f 1073//1073 1074//1074 1014//1014 
f 1014//1014 1074//1074 1013//1013 
f 1074//1074 1075//1075 1013//1013 
f 1013//1013 1075//1075 1012//1012 
f 1075//1075 1076//1076 1012//1012 
f 1012//1012 1076//1076 1011//1011 
f 1076//1076 1077//1077 1011//1011 
f 1011//1011 1077//1077 1010//1010 
f 1077//1077 1078//1078 1010//1010 
f 1010//1010 1078//1078 1009//1009 
f 1078//1078 1079//1079 1009//1009 
f 1009//1009 1079//1079 1008//1008 
f 1079//1079 1008//1008 1008//1008 
f 1008//1008 1008//1008 1079//1079 
f 1008//1008 1079//1079 1079//1079 
f 1079//1079 1079//1079 1080//1080 
f 1079//1079 1078//1078 1080//1080 
f 1080//1080 1078//1078 1081//1081 
f 1078//1078 1077//1077 1081//1081 
f 1081//1081 1077//1077 1082//1082 
f 1077//1077 1076//1076 1082//1082 
f 1082//1082 1076//1076 1083//1083 
f 1076//1076 1075//1075 1083//1083 
f 1083//1083 1075//1075 1084//1084 
f 1075//1075 1074//1074 1084//1084 
f 1084//1084 1074//1074 1085//1085 
f 1074//1074 1073//1073 1085//1085 
f 1085//1085 1073//1073 1086//1086 
f 1073//1073 1072//1072 1086//1086 
f 1086//1086 1072//1072 1087//1087 
f 1072//1072 1071//1071 1087//1087 
f 1087//1087 1071//1071 1088//1088 
f 1071//1071 1070//1070 1088//1088 
f 1088//1088 1070//1070 1089//1089 
f 1070//1070 1069//1069 1089//1089 
f 1089//1089 1069//1069 1090//1090 
f 1069//1069 1068//1068 1090//1090 
f 1090//1090 1068//1068 1091//1091 
f 1068//1068 1067//1067 1091//1091 
f 1091//1091 1067//1067 1092//1092 
f 1067//1067 1066//1066 1092//1092 
f 1092//1092 1066//1066 1093//1093 
f 1066//1066 1065//1065 1093//1093 
f 1093//1093 1065//1065 1094//1094 
f 1065//1065 1064//1064 1094//1094 
f 1094//1094 1064//1064 1095//1095 
f 1064//1064 1063//1063 1095//1095 
f 1095//1095 1063//1063 1096//1096 
f 1063//1063 1063//1063 1096//1096 
f 1096//1096 1063//1063 1097//1097 
f 1063//1063 1062//1062 1097//1097 
f 1097//1097 1062//1062 1098//1098 
f 1062//1062 1061//1061 1098//1098 
f 1098//1098 1061//1061 1099//1099 
f 1061//1061 1060//1060 1099//1099 
f 1099//1099 1060//1060 1100//1100 
f 1060//1060 1059//1059 1100//1100 
f 1100//1100 1059//1059 1101//1101 
f 1059//1059 1058//1058 1101//1101 
f 1101//1101 1058//1058 1102//1102 
f 1058//1058 1057//1057 1102//1102 
f 1102//1102 1057//1057 1103//1103 
f 1057//1057 1056//1056 1103//1103 
f 1103//1103 1056//1056 1104//1104 
f 1056//1056 1055//1055 1104//1104 
f 1104//1104 1055//1055 1105//1105 
f 1055//1055 1054//1054 1105//1105 
f 1105//1105 1054//1054 1106//1106 
f 1054//1054 1053//1053 1106//1106 
f 1106//1106 1053//1053 1107//1107 
f 1053//1053 1052//1052 1107//1107 
f 1107//1107 1052//1052 1108//1108 
f 1052//1052 1051//1051 1108//1108 
f 1108//1108 1051//1051 1109//1109 
f 1051//1051 1050//1050 1109//1109 
f 1109//1109 1050//1050 1110//1110 
f 1050//1050 1049//1049 1110//1110 
f 1110//1110 1049//1049 1111//1111 
f 1049//1049 1048//1048 1111//1111 
f 1111//1111 1048//1048 1112//1112 
f 1048//1048 1047//1047 1112//1112 
f 1112//1112 1047//1047 1113//1113 
f 1047//1047 1046//1046 1113//1113 
f 1113//1113 1046//1046 1114//1114 
f 1046//1046 1044//1044 1114//1114 
f 1114//1114 1044//1044 1114//1114 
f 1044//1044 1045//1045 1114//1114 
f 1114//1114 1045//1045 1114//1114 
f 1045//1045 1115//1115 1114//1114 
f 1114//1114 1115//1115 1116//1116 
f 1115//1115 1117//1117 1116//1116 
f 1116//1116 1117//1117 1117//1117 
f 1117//1117 1114//1114 1117//1117 
f 1117//1117 1114//1114 1114//1114 
f 1114//1114 1116//1116 1114//1114 
f 1114//1114 1116//1116 1113//1113 
f 1116//1116 1118//1118 1113//1113 
f 1113//1113 1118//1118 1112//1112 
f 1118//1118 1119//1119 1112//1112 
f 1112//1112 1119//1119 1111//1111 
f 1119//1119 1120//1120 1111//1111 
f 1111//1111 1120//1120 1110//1110 
f 1120//1120 1121//1121 1110//1110 
f 1110//1110 1121//1121 1109//1109 
f 1121//1121 1122//1122 1109//1109 
f 1109//1109 1122//1122 1108//1108 
f 1122//1122 1123//1123 1108//1108 
f 1108//1108 1123//1123 1107//1107 
f 1123//1123 1124//1124 1107//1107 
f 1107//1107 1124//1124 1106//1106 
f 1124//1124 1125//1125 1106//1106 
f 1106//1106 1125//1125 1105//1105 
f 1125//1125 1126//1126 1105//1105 
f 1105//1105 1126//1126 1104//1104 
f 1126//1126 1127//1127 1104//1104 
f 1104//1104 1127//1127 1103//1103 
f 1127//1127 1128//1128 1103//1103 
f 1103//1103 1128//1128 1102//1102 
f 1128//1128 1129//1129 1102//1102 
f 1102//1102 1129//1129 1101//1101 
f 1129//1129 1130//1130 1101//1101 
f 1101//1101 1130//1130 1100//1100 
f 1130//1130 1131//1131 1100//1100 
f 1100//1100 1131//1131 1099//1099 
f 1131//1131 1132//1132 1099//1099 
f 1099//1099 1132//1132 1098//1098 
f 1132//1132 1133//1133 1098//1098 
f 1098//1098 1133//1133 1097//1097 
f 1133//1133 1134//1134 1097//1097 
f 1097//1097 1134//1134 1096//1096 
f 1134//1134 1135//1135 1096//1096 
f 1096//1096 1135//1135 1096//1096 
f 1135//1135 1136//1136 1096//1096 
f 1096//1096 1136//1136 1095//1095 
f 1136//1136 1137//1137 1095//1095 
f 1095//1095 1137//1137 1094//1094 
f 1137//1137 1138//1138 1094//1094 
f 1094//1094 1138//1138 1093//1093 
f 1138//1138 1139//1139 1093//1093 
f 1093//1093 1139//1139 1092//1092 
f 1139//1139 1140//1140 1092//1092 
f 1092//1092 1140//1140 1091//1091 
f 1140//1140 1141//1141 1091//1091 
f 1091//1091 1141//1141 1090//1090 
f 1141//1141 1142//1142 1090//1090 
f 1090//1090 1142//1142 1089//1089 
f 1142//1142 1143//1143 1089//1089 
f 1089//1089 1143//1143 1088//1088 
f 1143//1143 1144//1144 1088//1088 
f 1088//1088 1144//1144 1087//1087 
f 1144//1144 1145//1145 1087//1087 
f 1087//1087 1145//1145 1086//1086 
f 1145//1145 1146//1146 1086//1086 
f 1086//1086 1146//1146 1085//1085 
f 1146//1146 1147//1147 1085//1085 
f 1085//1085 1147//1147 1084//1084 
f 1147//1147 1148//1148 1084//1084 
f 1084//1084 1148//1148 1083//1083 
f 1148//1148 1149//1149 1083//1083 
f 1083//1083 1149//1149 1082//1082 
f 1149//1149 1150//1150 1082//1082 
f 1082//1082 1150//1150 1081//1081 
f 1150//1150 1151//1151 1081//1081 
f 1081//1081 1151//1151 1080//1080 
f 1151//1151 1080//1080 1080//1080 
f 1080//1080 1080//1080 1151//1151 
f 1080//1080 1151//1151 1151//1151 
f 1151//1151 1151//1151 1152//1152 
f 1151//1151 1150//1150 1152//1152 
f 1152//1152 1150//1150 1153//1153 
f 1150//1150 1149//1149 1153//1153 
f 1153//1153 1149//1149 1154//1154 
f 1149//1149 1148//1148 1154//1154 
f 1154//1154 1148//1148 1155//1155 
f 1148//1148 1147//1147 1155//1155 
f 1155//1155 1147//1147 1156//1156 
f 1147//1147 1146//1146 1156//1156 
f 1156//1156 1146//1146 1157//1157 
f 1146//1146 1145//1145 1157//1157 
f 1157//1157 1145//1145 1158//1158 
f 1145//1145 1144//1144 1158//1158 
f 1158//1158 1144//1144 1159//1159 
f 1144//1144 1143//1143 1159//1159 
f 1159//1159 1143//1143 1160//1160 
f 1143//1143 1142//1142 1160//1160 
f 1160//1160 1142//1142 1161//1161 
f 1142//1142 1141//1141 1161//1161 
f 1161//1161 1141//1141 1162//1162 
f 1141//1141 1140//1140 1162//1162 
f 1162//1162 1140//1140 1163//1163 
f 1140//1140 1139//1139 1163//1163 
f 1163//1163 1139//1139 1164//1164 
f 1139//1139 1138//1138 1164//1164 
f 1164//1164 1138//1138 1165//1165 
f 1138//1138 1137//1137 1165//1165 
f 1165//1165 1137//1137 1166//1166 
f 1137//1137 1136//1136 1166//1166 
f 1166//1166 1136//1136 1167//1167 
f 1136//1136 1135//1135 1167//1167 
f 1167//1167 1135//1135 1168//1168 
f 1135//1135 1135//1135 1168//1168 
f 1168//1168 1135//1135 1169//1169 
f 1135//1135 1134//1134 1169//1169 
f 1169//1169 1134//1134 1170//1170 
f 1134//1134 1133//1133 1170//1170 
f 1170//1170 1133//1133 1171//1171 
f 1133//1133 1132//1132 1171//1171 
f 1171//1171 1132//1132 1172//1172 
f 1132//1132 1131//1131 1172//1172 
f 1172//1172 1131//1131 1173//1173 
f 1131//1131 1130//1130 1173//1173 
f 1173//1173 1130//1130 1174//1174 
f 1130//1130 1129//1129 1174//1174 
f 1174//1174 1129//1129 1175//1175 
f 1129//1129 1128//1128 1175//1175 
f 1175//1175 1128//1128 1176//1176 
f 1128//1128 1127//1127 1176//1176 
f 1176//1176 1127//1127 1177//1177 
f 1127//1127 1126//1126 1177//1177 
f 1177//1177 1126//1126 1178//1178 
f 1126//1126 1125//1125 1178//1178 
f 1178//1178 1125//1125 1179//1179 
f 1125//1125 1124//1124 1179//1179 
f 1179//1179 1124//1124 1180//1180 
f 1124//1124 1123//1123 1180//1180 
f 1180//1180 1123//1123 1181//1181 
f 1123//1123 1122//1122 1181//1181 
f 1181//1181 1122//1122 1182//1182 
f 1122//1122 1121//1121 1182//1182 
f 1182//1182 1121//1121 1183//1183 
f 1121//1121 1120//1120 1183//1183 
f 1183//1183 1120//1120 1184//1184 
f 1120//1120 1119//1119 1184//1184 
f 1184//1184 1119//1119 1185//1185 
f 1119//1119 1118//1118 1185//1185 
f 1185//1185 1118//1118 1186//1186 
f 1118//1118 1116//1116 1186//1186 
f 1186//1186 1116//1116 1186//1186 
f 1116//1116 1117//1117 1186//1186 
f 1186//1186 1117//1117 1186//1186 
f 1117//1117 1187//1187 1186//1186 
f 1186//1186 1187//1187 1188//1188 
f 1187//1187 1189//1189 1188//1188 
f 1188//1188 1189//1189 1189//1189 
f 1189//1189 1186//1186 1189//1189 
f 1189//1189 1186//1186 1186//1186 
f 1186//1186 1188//1188 1186//1186 
f 1186//1186 1188//1188 1185//1185 
f 1188//1188 1190//1190 1185//1185 
f 1185//1185 1190//1190 1184//1184 
f 1190//1190 1191//1191 1184//1184 
f 1184//1184 1191//1191 1183//1183 
f 1191//1191 1192//1192 1183//1183 
f 1183//1183 1192//1192 1182//1182 
f 1192//1192 1193//1193 1182//1182 
f 1182//1182 1193//1193 1181//1181 
f 1193//1193 1194//1194 1181//1181 
f 1181//1181 1194//1194 1180//1180 
f 1194//1194 1195//1195 1180//1180 
f 1180//1180 1195//1195 1179//1179 
f 1195//1195 1196//1196 1179//1179 
f 1179//1179 1196//1196 1178//1178 
f 1196//1196 1197//1197 1178//1178 
f 1178//1178 1197//1197 1177//1177 
f 1197//1197 1198//1198 1177//1177 
f 1177//1177 1198//1198 1176//1176 
f 1198//1198 1199//1199 1176//1176 
f 1176//1176 1199//1199 1175//1175 
f 1199//1199 1200//1200 1175//1175 
f 1175//1175 1200//1200 1174//1174 
f 1200//1200 1201//1201 1174//1174 
f 1174//1174 1201//1201 1173//1173 
f 1201//1201 1202//1202 1173//1173 
f 1173//1173 1202//1202 1172//1172 
f 1202//1202 1203//1203 1172//1172 
f 1172//1172 1203//1203 1171//1171 
f 1203//1203 1204//1204 1171//1171 
f 1171//1171 1204//1204 1170//1170 
f 1204//1204 1205//1205 1170//1170 
f 1170//1170 1205//1205 1169//1169 
f 1205//1205 1206//1206 1169//1169 
f 1169//1169 1206//1206 1168//1168 
f 1206//1206 1207//1207 1168//1168 
f 1168//1168 1207//1207 1168//1168 
f 1207//1207 1208//1208 1168//1168 
f 1168//1168 1208//1208 1167//1167 
f 1208//1208 1209//1209 1167//1167 
f 1167//1167 1209//1209 1166//1166 
f 1209//1209 1210//1210 1166//1166 
f 1166//1166 1210//1210 1165//1165 
f 1210//1210 1211//1211 1165//1165 
f 1165//1165 1211//1211 1164//1164 
f 1211//1211 1212//1212 1164//1164 
f 1164//1164 1212//1212 1163//1163 
f 1212//1212 1213//1213 1163//1163 
f 1163//1163 1213//1213 1162//1162 
f 1213//1213 1214//1214 1162//1162 
f 1162//1162 1214//1214 1161//1161 
f 1214//1214 1215//1215 1161//1161 
f 1161//1161 1215//1215 1160//1160 
f 1215//1215 1216//1216 1160//1160 
f 1160//1160 1216//1216 1159//1159 
f 1216//1216 1217//1217 1159//1159 
f 1159//1159 1217//1217 1158//1158 
f 1217//1217 1218//1218 1158//1158 
f 1158//1158 1218//1218 1157//1157 
f 1218//1218 1219//1219 1157//1157 
f 1157//1157 1219//1219 1156//1156 
f 1219//1219 1220//1220 1156//1156 
f 1156//1156 1220//1220 1155//1155 
f 1220//1220 1221//1221 1155//1155 
f 1155//1155 1221//1221 1154//1154 
f 1221//1221 1222//1222 1154//1154 
f 1154//1154 1222//1222 1153//1153 
f 1222//1222 1223//1223 1153//1153 
f 1153//1153 1223//1223 1152//1152 
f 1223//1223 1152//1152 1152//1152 
f 1152//1152 1152//1152 1223//1223 
f 1152//1152 1223//1223 1223//1223 
f 1223//1223 1223//1223 1224//1224 
f 1223//1223 1222//1222 1224//1224 
f 1224//1224 1222//1222 1225//1225 
f 1222//1222 1221//1221 1225//1225 
f 1225//1225 1221//1221 1226//1226 
f 1221//1221 1220//1220 1226//1226 
f 1226//1226 1220//1220 1227//1227 
f 1220//1220 1219//1219 1227//1227 
f 1227//1227 1219//1219 1228//1228 
f 1219//1219 1218//1218 1228//1228 
f 1228//1228 1218//1218 1229//1229 
f 1218//1218 1217//1217 1229//1229 
f 1229//1229 1217//1217 1230//1230 
f 1217//1217 1216//1216 1230//1230 
f 1230//1230 1216//1216 1231//1231 
f 1216//1216 1215//1215 1231//1231 
f 1231//1231 1215//1215 1232//1232 
f 1215//1215 1214//1214 1232//1232 
f 1232//1232 1214//1214 1233//1233 
f 1214//1214 1213//1213 1233//1233 
f 1233//1233 1213//1213 1234//1234 
f 1213//1213 1212//1212 1234//1234 
f 1234//1234 1212//1212 1235//1235 
f 1212//1212 1211//1211 1235//1235 
f 1235//1235 1211//1211 1236//1236 
f 1211//1211 1210//1210 1236//1236 
f 1236//1236 1210//1210 1237//1237 
f 1210//1210 1209//1209 1237//1237 
f 1237//1237 1209//1209 1238//1238 
f 1209//1209 1208//1208 1238//1238 
f 1238//1238 1208//1208 1239//1239 
f 1208//1208 1207//1207 1239//1239 
f 1239//1239 1207//1207 1240//1240 
f 1207//1207 1207//1207 1240//1240 
f 1240//1240 1207//1207 1241//1241 
f 1207//1207 1206//1206 1241//1241 
f 1241//1241 1206//1206 1242//1242 
f 1206//1206 1205//1205 1242//1242 
f 1242//1242 1205//1205 1243//1243 
f 1205//1205 1204//1204 1243//1243 
f 1243//1243 1204//1204 1244//1244 
f 1204//1204 1203//1203 1244//1244 
f 1244//1244 1203//1203 1245//1245 
f 1203//1203 1202//1202 1245//1245 
f 1245//1245 1202//1202 1246//1246 
f 1202//1202 1201//1201 1246//1246 
f 1246//1246 1201//1201 1247//1247 
f 1201//1201 1200//1200 1247//1247 
f 1247//1247 1200//1200 1248//1248 
f 1200//1200 1199//1199 1248//1248 
f 1248//1248 1199//1199 1249//1249 
f 1199//1199 1198//1198 1249//1249 
f 1249//1249 1198//1198 1250//1250 
f 1198//1198 1197//1197 1250//1250 
f 1250//1250 1197//1197 1251//1251 
f 1197//1197 1196//1196 1251//1251 
f 1251//1251 1196//1196 1252//1252 
f 1196//1196 1195//1195 1252//1252 
f 1252//1252 1195//1195 1253//1253 
f 1195//1195 1194//1194 1253//1253 
f 1253//1253 1194//1194 1254//1254 
f 1194//1194 1193//1193 1254//1254 
f 1254//1254 1193//1193 1255//1255 
f 1193//1193 1192//1192 1255//1255 
f 1255//1255 1192//1192 1256//1256 
f 1192//1192 1191//1191 1256//1256 
f 1256//1256 1191//1191 1257//1257 
f 1191//1191 1190//1190 1257//1257 
f 1257//1257 1190//1190 1258//1258 
f 1190//1190 1188//1188 1258//1258 
f 1258//1258 1188//1188 1258//1258 
f 1188//1188 1189//1189 1258//1258 
f 1258//1258 1189//1189 1258//1258 
f 1189//1189 1259//1259 1258//1258 
f 1258//1258 1259//1259 1260//1260 
f 1259//1259 1261//1261 1260//1260 
f 1260//1260 1261//1261 1261//1261 
f 1261//1261 1258//1258 1261//1261 
f 1261//1261 1258//1258 1258//1258 
f 1258//1258 1260//1260 1258//1258 
f 1258//1258 1260//1260 1257//1257 
f 1260//1260 1262//1262 1257//1257 
f 1257//1257 1262//1262 1256//1256 
f 1262//1262 1263//1263 1256//1256 
f 1256//1256 1263//1263 1255//1255 
f 1263//1263 1264//1264 1255//1255 
f 1255//1255 1264//1264 1254//1254 
f 1264//1264 1265//1265 1254//1254 
f 1254//1254 1265//1265 1253//1253 
f 1265//1265 1266//1266 1253//1253 
f 1253//1253 1266//1266 1252//1252 
f 1266//1266 1267//1267 1252//1252 
f 1252//1252 1267//1267 1251//1251 
f 1267//1267 1268//1268 1251//1251 
f 1251//1251 1268//1268 1250//1250 
f 1268//1268 1269//1269 1250//1250 
f 1250//1250 1269//1269 1249//1249 
f 1269//1269 1270//1270 1249//1249 
f 1249//1249 1270//1270 1248//1248 
f 1270//1270 1271//1271 1248//1248 
f 1248//1248 1271//1271 1247//1247 
f 1271//1271 1272//1272 1247//1247 
f 1247//1247 1272//1272 1246//1246 
f 1272//1272 1273//1273 1246//1246 
f 1246//1246 1273//1273 1245//1245 
f 1273//1273 1274//1274 1245//1245 
f 1245//1245 1274//1274 1244//1244 
f 1274//1274 1275//1275 1244//1244 
f 1244//1244 1275//1275 1243//1243 
f 1275//1275 1276//1276 1243//1243 
f 1243//1243 1276//1276 1242//1242 
f 1276//1276 1277//1277 1242//1242 
f 1242//1242 1277//1277 1241//1241 
f 1277//1277 1278//1278 1241//1241 
f 1241//1241 1278//1278 1240//1240 
f 1278//1278 1279//1279 1240//1240 
f 1240//1240 1279//1279 1240//1240 
f 1279//1279 1280//1280 1240//1240 
f 1240//1240 1280//1280 1239//1239 
f 1280//1280 1281//1281 1239//1239 
f 1239//1239 1281//1281 1238//1238 
f 1281//1281 1282//1282 1238//1238 
f 1238//1238 1282//1282 1237//1237 
f 1282//1282 1283//1283 1237//1237 
f 1237//1237 1283//1283 1236//1236 
f 1283//1283 1284//1284 1236//1236 
f 1236//1236 1284//1284 1235//1235 
f 1284//1284 1285//1285 1235//1235 
f 1235//1235 1285//1285 1234//1234 
f 1285//1285 1286//1286 1234//1234 
f 1234//1234 1286//1286 1233//1233 
f 1286//1286 1287//1287 1233//1233 
f 1233//1233 1287//1287 1232//1232 
f 1287//1287 1288//1288 1232//1232 
f 1232//1232 1288//1288 1231//1231 
f 1288//1288 1289//1289 1231//1231 
f 1231//1231 1289//1289 1230//1230 
f 1289//1289 1290//1290 1230//1230 
f 1230//1230 1290//1290 1229//1229 
f 1290//1290 1291//1291 1229//1229 
f 1229//1229 1291//1291 1228//1228 
f 1291//1291 1292//1292 1228//1228 
f 1228//1228 1292//1292 1227//1227 
f 1292//1292 1293//1293 1227//1227 
f 1227//1227 1293//1293 1226//1226 
f 1293//1293 1294//1294 1226//1226 
f 1226//1226 1294//1294 1225//1225 
f 1294//1294 1295//1295 1225//1225 
f 1225//1225 1295//1295 1224//1224 
f 1295//1295 1224//1224 1224//1224 
f 1224//1224 1224//1224 1295//1295 
f 1224//1224 1295//1295 1295//1295 
f 1295//1295 1295//1295 1296//1296 
f 1295//1295 1294//1294 1296//1296 
f 1296//1296 1294//1294 1297//1297 
f 1294//1294 1293//1293 1297//1297 
f 1297//1297 1293//1293 1298//1298 
f 1293//1293 1292//1292 1298//1298 
f 1298//1298 1292//1292 1299//1299 
f 1292//1292 1291//1291 1299//1299 
f 1299//1299 1291//1291 1300//1300 
f 1291//1291 1290//1290 1300//1300 
f 1300//1300 1290//1290 1301//1301 
f 1290//1290 1289//1289 1301//1301 
f 1301//1301 1289//1289 1302//1302 
f 1289//1289 1288//1288 1302//1302 
f 1302//1302 1288//1288 1303//1303 
f 1288//1288 1287//1287 1303//1303 
f 1303//1303 1287//1287 1304//1304 
f 1287//1287 1286//1286 1304//1304 
f 1304//1304 1286//1286 1305//1305 
f 1286//1286 1285//1285 1305//1305 
f 1305//1305 1285//1285 1306//1306 
f 1285//1285 1284//1284 1306//1306 
f 1306//1306 1284//1284 1307//1307 
f 1284//1284 1283//1283 1307//1307 
f 1307//1307 1283//1283 1308//1308 
f 1283//1283 1282//1282 1308//1308 
f 1308//1308 1282//1282 1309//1309 
f 1282//1282 1281//1281 1309//1309 
f 1309//1309 1281//1281 1310//1310 
f 1281//1281 1280//1280 1310//1310 
f 1310//1310 1280//1280 1311//1311 
f 1280//1280 1279//1279 1311//1311 
f 1311//1311 1279//1279 1312//1312 
f 1279//1279 1279//1279 1312//1312 
f 1312//1312 1279//1279 1313//1313 
f 1279//1279 1278//1278 1313//1313 
f 1313//1313 1278//1278 1314//1314 
f 1278//1278 1277//1277 1314//1314 
f 1314//1314 1277//1277 1315//1315 
f 1277//1277 1276//1276 1315//1315 
f 1315//1315 1276//1276 1316//1316 
f 1276//1276 1275//1275 1316//1316 
f 1316//1316 1275//1275 1317//1317 
f 1275//1275 1274//1274 1317//1317 
f 1317//1317 1274//1274 1318//1318 
f 1274//1274 1273//1273 1318//1318 
f 1318//1318 1273//1273 1319//1319 
f 1273//1273 1272//1272 1319//1319 
f 1319//1319 1272//1272 1320//1320 
f 1272//1272 1271//1271 1320//1320 
f 1320//1320 1271//1271 1321//1321 
f 1271//1271 1270//1270 1321//1321 
f 1321//1321 1270//1270 1322//1322 
f 1270//1270 1269//1269 1322//1322 
f 1322//1322 1269//1269 1323//1323 
f 1269//1269 1268//1268 1323//1323 
f 1323//1323 1268//1268 1324//1324 
f 1268//1268 1267//1267 1324//1324 
f 1324//1324 1267//1267 1325//1325 
f 1267//1267 1266//1266 1325//1325 
f 1325//1325 1266//1266 1326//1326 
f 1266//1266 1265//1265 1326//1326 
f 1326//1326 1265//1265 1327//1327 
f 1265//1265 1264//1264 1327//1327 
f 1327//1327 1264//1264 1328//1328 
f 1264//1264 1263//1263 1328//1328 
f 1328//1328 1263//1263 1329//1329 
f 1263//1263 1262//1262 1329//1329 
f 1329//1329 1262//1262 1330//1330 
f 1262//1262 1260//1260 1330//1330 
f 1330//1330 1260//1260 1330//1330 
f 1260//1260 1261//1261 1330//1330 
f 1330//1330 1261//1261 1330//1330 
f 1261//1261 1331//1331 1330//1330 
f 1330//1330 1331//1331 1332//1332 
f 1331//1331 1333//1333 1332//1332 
f 1332//1332 1333//1333 1333//1333 
f 1333//1333 1330//1330 1333//1333 
f 1333//1333 1330//1330 1330//1330 
f 1330//1330 1332//1332 1330//1330 
f 1330//1330 1332//1332 1329//1329 
f 1332//1332 1334//1334 1329//1329 
f 1329//1329 1334//1334 1328//1328 
f 1334//1334 1335//1335 1328//1328 
f 1328//1328 1335//1335 1327//1327 
f 1335//1335 1336//1336 1327//1327 
f 1327//1327 1336//1336 1326//1326 
f 1336//1336 1337//1337 1326//1326 
f 1326//1326 1337//1337 1325//1325 
f 1337//1337 1338//1338 1325//1325 
f 1325//1325 1338//1338 1324//1324 
f 1338//1338 1339//1339 1324//1324 
f 1324//1324 1339//1339 1323//1323 
f 1339//1339 1340//1340 1323//1323 
f 1323//1323 1340//1340 1322//1322 
f 1340//1340 1341//1341 1322//1322 
f 1322//1322 1341//1341 1321//1321 
f 1341//1341 1342//1342 1321//1321 
f 1321//1321 1342//1342 1320//1320 
f 1342//1342 1343//1343 1320//1320 
f 1320//1320 1343//1343 1319//1319 
f 1343//1343 1344//1344 1319//1319 
f 1319//1319 1344//1344 1318//1318 
f 1344//1344 1345//1345 1318//1318 
f 1318//1318 1345//1345 1317//1317 
f 1345//1345 1346//1346 1317//1317 
f 1317//1317 1346//1346 1316//1316 
f 1346//1346 1347//1347 1316//1316 
f 1316//1316 1347//1347 1315//1315 
f 1347//1347 1348//1348 1315//1315 
f 1315//1315 1348//1348 1314//1314 
f 1348//1348 1349//1349 1314//1314 
f 1314//1314 1349//1349 1313//1313 
f 1349//1349 1350//1350 1313//1313 
f 1313//1313 1350//1350 1312//1312 
f 1350//1350 1351//1351 1312//1312 
f 1312//1312 1351//1351 1312//1312 
f 1351//1351 1352//1352 1312//1312 
f 1312//1312 1352//1352 1311//1311 
f 1352//1352 1353//1353 1311//1311 
f 1311//1311 1353//1353 1310//1310 
f 1353//1353 1354//1354 1310//1310 
f 1310//1310 1354//1354 1309//1309 
f 1354//1354 1355//1355 1309//1309 
f 1309//1309 1355//1355 1308//1308 
f 1355//1355 1356//1356 1308//1308 
f 1308//1308 1356//1356 1307//1307 
f 1356//1356 1357//1357 1307//1307 
f 1307//1307 1357//1357 1306//1306 
f 1357//1357 1358//1358 1306//1306 
f 1306//1306 1358//1358 1305//1305 
f 1358//1358 1359//1359 1305//1305 
f 1305//1305 1359//1359 1304//1304 
f 1359//1359 1360//1360 1304//1304 
f 1304//1304 1360//1360 1303//1303 
f 1360//1360 1361//1361 1303//1303 
f 1303//1303 1361//1361 1302//1302 
f 1361//1361 1362//1362 1302//1302 
f 1302//1302 1362//1362 1301//1301 
f 1362//1362 1363//1363 1301//1301 
f 1301//1301 1363//1363 1300//1300 
f 1363//1363 1364//1364 1300//1300 
f 1300//1300 1364//1364 1299//1299 
f 1364//1364 1365//1365 1299//1299 
f 1299//1299 1365//1365 1298//1298 
f 1365//1365 1366//1366 1298//1298 
f 1298//1298 1366//1366 1297//1297 
f 1366//1366 1367//1367 1297//1297 
f 1297//1297 1367//1367 1296//1296 
f 1367//1367 1296//1296 1296//1296 
f 1296//1296 1296//1296 1367//1367 
f 1296//1296 1367//1367 1367//1367 
f 1367//1367 1367//1367 1368//1368 
f 1367//1367 1366//1366 1368//1368 
f 1368//1368 1366//1366 1369//1369 
f 1366//1366 1365//1365 1369//1369 
f 1369//1369 1365//1365 1370//1370 
f 1365//1365 1364//1364 1370//1370 
f 1370//1370 1364//1364 1371//1371 
f 1364//1364 1363//1363 1371//1371 
f 1371//1371 1363//1363 1372//1372 
f 1363//1363 1362//1362 1372//1372 
f 1372//1372 1362//1362 1373//1373 
f 1362//1362 1361//1361 1373//1373 
f 1373//1373 1361//1361 1374//1374 
f 1361//1361 1360//1360 1374//1374 
f 1374//1374 1360//1360 1375//1375 
f 1360//1360 1359//1359 1375//1375 
f 1375//1375 1359//1359 1376//1376 
f 1359//1359 1358//1358 1376//1376 
f 1376//1376 1358//1358 1377//1377 
f 1358//1358 1357//1357 1377//1377 
f 1377//1377 1357//1357 1378//1378 
f 1357//1357 1356//1356 1378//1378 
f 1378//1378 1356//1356 1379//1379 
f 1356//1356 1355//1355 1379//1379 
f 1379//1379 1355//1355 1380//1380 
f 1355//1355 1354//1354 1380//1380 
f 1380//1380 1354//1354 1381//1381 
f 1354//1354 1353//1353 1381//1381 
f 1381//1381 1353//1353 1382//1382 
f 1353//1353 1352//1352 1382//1382 
f 1382//1382 1352//1352 1383//1383 
f 1352//1352 1351//1351 1383//1383 
f 1383//1383 1351//1351 1384//1384 
f 1351//1351 1351//1351 1384//1384 
f 1384//1384 1351//1351 1385//1385 
f 1351//1351 1350//1350 1385//1385 
f 1385//1385 1350//1350 1386//1386 
f 1350//1350 1349//1349 1386//1386 
f 1386//1386 1349//1349 1387//1387 
f 1349//1349 1348//1348 1387//1387 
f 1387//1387 1348//1348 1388//1388 
f 1348//1348 1347//1347 1388//1388 
f 1388//1388 1347//1347 1389//1389 
f 1347//1347 1346//1346 1389//1389 
f 1389//1389 1346//1346 1390//1390 
f 1346//1346 1345//1345 1390//1390 
f 1390//1390 1345//1345 1391//1391 
f 1345//1345 1344//1344 1391//1391 
f 1391//1391 1344//1344 1392//1392 
f 1344//1344 1343//1343 1392//1392 
f 1392//1392 1343//1343 1393//1393 
f 1343//1343 1342//1342 1393//1393 
f 1393//1393 1342//1342 1394//1394 
f 1342//1342 1341//1341 1394//1394 
f 1394//1394 1341//1341 1395//1395 
f 1341//1341 1340//1340 1395//1395 
f 1395//1395 1340//1340 1396//1396 
f 1340//1340 1339//1339 1396//1396 
f 1396//1396 1339//1339 1397//1397 
f 1339//1339 1338//1338 1397//1397 
f 1397//1397 1338//1338 1398//1398 
f 1338//1338 1337//1337 1398//1398 
f 1398//1398 1337//1337 1399//1399 
f 1337//1337 1336//1336 1399//1399 
f 1399//1399 1336//1336 1400//1400 
f 1336//1336 1335//1335 1400//1400 
f 1400//1400 1335//1335 1401//1401 
f 1335//1335 1334//1334 1401//1401 
f 1401//1401 1334//1334 1402//1402 
f 1334//1334 1332//1332 1402//1402 
f 1402//1402 1332//1332 1402//1402 
f 1332//1332 1333//1333 1402//1402 
f 1402//1402 1333//1333 1402//1402 
f 1333//1333 1403//1403 1402//1402 
f 1402//1402 1403//1403 1404//1404 
f 1403//1403 1405//1405 1404//1404 
f 1404//1404 1405//1405 1405//1405 
f 1405//1405 1402//1402 1405//1405 
f 1405//1405 1402//1402 1402//1402 
f 1402//1402 1404//1404 1402//1402 
f 1402//1402 1404//1404 1401//1401 
f 1404//1404 1406//1406 1401//1401 
f 1401//1401 1406//1406 1400//1400 
f 1406//1406 1407//1407 1400//1400 
f 1400//1400 1407//1407 1399//1399 
f 1407//1407 1408//1408 1399//1399 
f 1399//1399 1408//1408 1398//1398 
f 1408//1408 1409//1409 1398//1398 
f 1398//1398 1409//1409 1397//1397 
f 1409//1409 1410//1410 1397//1397 
f 1397//1397 1410//1410 1396//1396 
f 1410//1410 1411//1411 1396//1396 
f 1396//1396 1411//1411 1395//1395 
f 1411//1411 1412//1412 1395//1395 
f 1395//1395 1412//1412 1394//1394 
f 1412//1412 1413//1413 1394//1394 
f 1394//1394 1413//1413 1393//1393 
f 1413//1413 1414//1414 1393//1393 
f 1393//1393 1414//1414 1392//1392 
f 1414//1414 1415//1415 1392//1392 
f 1392//1392 1415//1415 1391//1391 
f 1415//1415 1416//1416 1391//1391 
f 1391//1391 1416//1416 1390//1390 
f 1416//1416 1417//1417 1390//1390 
f 1390//1390 1417//1417 1389//1389 
f 1417//1417 1418//1418 1389//1389 
f 1389//1389 1418//1418 1388//1388 
f 1418//1418 1419//1419 1388//1388 
f 1388//1388 1419//1419 1387//1387 
f 1419//1419 1420//1420 1387//1387 
f 1387//1387 1420//1420 1386//1386 
f 1420//1420 1421//1421 1386//1386 
f 1386//1386 1421//1421 1385//1385 
f 1421//1421 1422//1422 1385//1385 
f 1385//1385 1422//1422 1384//1384 
f 1422//1422 1423//1423 1384//1384 
f 1384//1384 1423//1423 1384//1384 
f 1423//1423 1424//1424 1384//1384 
f 1384//1384 1424//1424 1383//1383 
f 1424//1424 1425//1425 1383//1383 
f 1383//1383 1425//1425 1382//1382 
f 1425//1425 1426//1426 1382//1382 
f 1382//1382 1426//1426 1381//1381 
f 1426//1426 1427//1427 1381//1381 
f 1381//1381 1427//1427 1380//1380 
f 1427//1427 1428//1428 1380//1380 
f 1380//1380 1428//1428 1379//1379 
f 1428//1428 1429//1429 1379//1379 
f 1379//1379 1429//1429 1378//1378 
f 1429//1429 1430//1430 1378//1378 
f 1378//1378 1430//1430 1377//1377 
f 1430//1430 1431//1431 1377//1377 
f 1377//1377 1431//1431 1376//1376 
f 1431//1431 1432//1432 1376//1376 
f 1376//1376 1432//1432 1375//1375 
f 1432//1432 1433//1433 1375//1375 
f 1375//1375 1433//1433 1374//1374 
f 1433//1433 1434//1434 1374//1374 
f 1374//1374 1434//1434 1373//1373 
f 1434//1434 1435//1435 1373//1373 
f 1373//1373 1435//1435 1372//1372 
f 1435//1435 1436//1436 1372//1372 
f 1372//1372 1436//1436 1371//1371 
f 1436//1436 1437//1437 1371//1371 
f 1371//1371 1437//1437 1370//1370 
f 1437//1437 1438//1438 1370//1370 
f 1370//1370 1438//1438 1369//1369 
f 1438//1438 1439//1439 1369//1369 
f 1369//1369 1439//1439 1368//1368 
f 1439//1439 1368//1368 1368//1368 
f 1368//1368 1368//1368 1439//1439 
f 1368//1368 1439//1439 1439//1439 
f 1439//1439 1439//1439 1440//1440 
f 1439//1439 1438//1438 1440//1440 
f 1440//1440 1438//1438 1441//1441 
f 1438//1438 1437//1437 1441//1441 
f 1441//1441 1437//1437 1442//1442 
f 1437//1437 1436//1436 1442//1442 
f 1442//1442 1436//1436 1443//1443 
f 1436//1436 1435//1435 1443//1443 
f 1443//1443 1435//1435 1444//1444 
f 1435//1435 1434//1434 1444//1444 
f 1444//1444 1434//1434 1445//1445 
f 1434//1434 1433//1433 1445//1445 
f 1445//1445 1433//1433 1446//1446 
f 1433//1433 1432//1432 1446//1446 
f 1446//1446 1432//1432 1447//1447 
f 1432//1432 1431//1431 1447//1447 
f 1447//1447 1431//1431 1448//1448 
f 1431//1431 1430//1430 1448//1448 
f 1448//1448 1430//1430 1449//1449 
f 1430//1430 1429//1429 1449//1449 
f 1449//1449 1429//1429 1450//1450 
f 1429//1429 1428//1428 1450//1450 
f 1450//1450 1428//1428 1451//1451 
f 1428//1428 1427//1427 1451//1451 
f 1451//1451 1427//1427 1452//1452 
f 1427//1427 1426//1426 1452//1452 
f 1452//1452 1426//1426 1453//1453 
f 1426//1426 1425//1425 1453//1453 
f 1453//1453 1425//1425 1454//1454 
f 1425//1425 1424//1424 1454//1454 
f 1454//1454 1424//1424 1455//1455 
f 1424//1424 1423//1423 1455//1455 
f 1455//1455 1423//1423 1456//1456 
f 1423//1423 1423//1423 1456//1456 
f 1456//1456 1423//1423 1457//1457 
f 1423//1423 1422//1422 1457//1457 
f 1457//1457 1422//1422 1458//1458 
f 1422//1422 1421//1421 1458//1458 
f 1458//1458 1421//1421 1459//1459 
f 1421//1421 1420//1420 1459//1459 
f 1459//1459 1420//1420 1460//1460 
f 1420//1420 1419//1419 1460//1460 
f 1460//1460 1419//1419 1461//1461 
f 1419//1419 1418//1418 1461//1461 
f 1461//1461 1418//1418 1462//1462 
f 1418//1418 1417//1417 1462//1462 
f 1462//1462 1417//1417 1463//1463 
f 1417//1417 1416//1416 1463//1463 
f 1463//1463 1416//1416 1464//1464 
f 1416//1416 1415//1415 1464//1464 
f 1464//1464 1415//1415 1465//1465 
f 1415//1415 1414//1414 1465//1465 
f 1465//1465 1414//1414 1466//1466 
f 1414//1414 1413//1413 1466//1466 
f 1466//1466 1413//1413 1467//1467 
f 1413//1413 1412//1412 1467//1467 
f 1467//1467 1412//1412 1468//1468 
f 1412//1412 1411//1411 1468//1468 
f 1468//1468 1411//1411 1469//1469 
f 1411//1411 1410//1410 1469//1469 
f 1469//1469 1410//1410 1470//1470 
f 1410//1410 1409//1409 1470//1470 
f 1470//1470 1409//1409 1471//1471 
f 1409//1409 1408//1408 1471//1471 
f 1471//1471 1408//1408 1472//1472 
f 1408//1408 1407//1407 1472//1472 
f 1472//1472 1407//1407 1473//1473 
f 1407//1407 1406//1406 1473//1473 
f 1473//1473 1406//1406 1474//1474 
f 1406//1406 1404//1404 1474//1474 
f 1474//1474 1404//1404 1474//1474 
f 1404//1404 1405//1405 1474//1474 
f 1474//1474 1405//1405 1474//1474 
f 1405//1405 1475//1475 1474//1474 
f 1474//1474 1475//1475 1476//1476 
f 1475//1475 1477//1477 1476//1476 
f 1476//1476 1477//1477 1477//1477 
f 1477//1477 1474//1474 1477//1477 
f 1477//1477 1474//1474 1474//1474 
f 1474//1474 1476//1476 1474//1474 
f 1474//1474 1476//1476 1473//1473 
f 1476//1476 1478//1478 1473//1473 
f 1473//1473 1478//1478 1472//1472 
f 1478//1478 1479//1479 1472//1472 
f 1472//1472 1479//1479 1471//1471 
f 1479//1479 1480//1480 1471//1471 
f 1471//1471 1480//1480 1470//1470 
f 1480//1480 1481//1481 1470//1470 
f 1470//1470 1481//1481 1469//1469 
f 1481//1481 1482//1482 1469//1469 
f 1469//1469 1482//1482 1468//1468 
f 1482//1482 1483//1483 1468//1468 
f 1468//1468 1483//1483 1467//1467 
f 1483//1483 1484//1484 1467//1467 
f 1467//1467 1484//1484 1466//1466 
f 1484//1484 1485//1485 1466//1466 
f 1466//1466 1485//1485 1465//1465 
f 1485//1485 1486//1486 1465//1465 
f 1465//1465 1486//1486 1464//1464 
f 1486//1486 1487//1487 1464//1464 
f 1464//1464 1487//1487 1463//1463 
f 1487//1487 1488//1488 1463//1463 
f 1463//1463 1488//1488 1462//1462 
f 1488//1488 1489//1489 1462//1462 
f 1462//1462 1489//1489 1461//1461 
f 1489//1489 1490//1490 1461//1461 
f 1461//1461 1490//1490 1460//1460 
f 1490//1490 1491//1491 1460//1460 
f 1460//1460 1491//1491 1459//1459 
f 1491//1491 1492//1492 1459//1459 
f 1459//1459 1492//1492 1458//1458 
f 1492//1492 1493//1493 1458//1458 
f 1458//1458 1493//1493 1457//1457 
f 1493//1493 1494//1494 1457//1457 
f 1457//1457 1494//1494 1456//1456 
f 1494//1494 1495//1495 1456//1456 
f 1456//1456 1495//1495 1456//1456 
f 1495//1495 1496//1496 1456//1456 
f 1456//1456 1496//1496 1455//1455 
f 1496//1496 1497//1497 1455//1455 
f 1455//1455 1497//1497 1454//1454 
f 1497//1497 1498//1498 1454//1454 
f 1454//1454 1498//1498 1453//1453 
f 1498//1498 1499//1499 1453//1453 
f 1453//1453 1499//1499 1452//1452 
f 1499//1499 1500//1500 1452//1452 
f 1452//1452 1500//1500 1451//1451 
f 1500//1500 1501//1501 1451//1451 
f 1451//1451 1501//1501 1450//1450 
f 1501//1501 1502//1502 1450//1450 
f 1450//1450 1502//1502 1449//1449 
f 1502//1502 1503//1503 1449//1449 
f 1449//1449 1503//1503 1448//1448 
f 1503//1503 1504//1504 1448//1448 
f 1448//1448 1504//1504 1447//1447 
f 1504//1504 1505//1505 1447//1447 
f 1447//1447 1505//1505 1446//1446 
f 1505//1505 1506//1506 1446//1446 
f 1446//1446 1506//1506 1445//1445 
f 1506//1506 1507//1507 1445//1445 
f 1445//1445 1507//1507 1444//1444 
f 1507//1507 1508//1508 1444//1444 
f 1444//1444 1508//1508 1443//1443 
f 1508//1508 1509//1509 1443//1443 
f 1443//1443 1509//1509 1442//1442 
f 1509//1509 1510//1510 1442//1442 
f 1442//1442 1510//1510 1441//1441 
f 1510//1510 1511//1511 1441//1441 
f 1441//1441 1511//1511 1440//1440 
f 1511//1511 1440//1440 1440//1440 
f 1440//1440 1440//1440 1511//1511 
f 1440//1440 1511//1511 1511//1511 
f 1511//1511 1511//1511 1512//1512 
f 1511//1511 1510//1510 1512//1512 
f 1512//1512 1510//1510 1513//1513 
f 1510//1510 1509//1509 1513//1513 
f 1513//1513 1509//1509 1514//1514 
f 1509//1509 1508//1508 1514//1514 
f 1514//1514 1508//1508 1515//1515 
f 1508//1508 1507//1507 1515//1515 
f 1515//1515 1507//1507 1516//1516 
f 1507//1507 1506//1506 1516//1516 
f 1516//1516 1506//1506 1517//1517 
f 1506//1506 1505//1505 1517//1517 
f 1517//1517 1505//1505 1518//1518 
f 1505//1505 1504//1504 1518//1518 
f 1518//1518 1504//1504 1519//1519 
f 1504//1504 1503//1503 1519//1519 
f 1519//1519 1503//1503 1520//1520 
f 1503//1503 1502//1502 1520//1520 
f 1520//1520 1502//1502 1521//1521 
f 1502//1502 1501//1501 1521//1521 
f 1521//1521 1501//1501 1522//1522 
f 1501//1501 1500//1500 1522//1522 
f 1522//1522 1500//1500 1523//1523 
f 1500//1500 1499//1499 1523//1523 
f 1523//1523 1499//1499 1524//1524 
f 1499//1499 1498//1498 1524//1524 
f 1524//1524 1498//1498 1525//1525 
f 1498//1498 1497//1497 1525//1525 
f 1525//1525 1497//1497 1526//1526 
f 1497//1497 1496//1496 1526//1526 
f 1526//1526 1496//1496 1527//1527 
f 1496//1496 1495//1495 1527//1527 
f 1527//1527 1495//1495 1528//1528 
f 1495//1495 1495//1495 1528//1528 
f 1528//1528 1495//1495 1529//1529 
f 1495//1495 1494//1494 1529//1529 
f 1529//1529 1494//1494 1530//1530 
f 1494//1494 1493//1493 1530//1530 
f 1530//1530 1493//1493 1531//1531 
f 1493//1493 1492//1492 1531//1531 
f 1531//1531 1492//1492 1532//1532 
f 1492//1492 1491//1491 1532//1532 
f 1532//1532 1491//1491 1533//1533 
f 1491//1491 1490//1490 1533//1533 
f 1533//1533 1490//1490 1534//1534 
f 1490//1490 1489//1489 1534//1534 
f 1534//1534 1489//1489 1535//1535 
f 1489//1489 1488//1488 1535//1535 
f 1535//1535 1488//1488 1536//1536 
f 1488//1488 1487//1487 1536//1536 
f 1536//1536 1487//1487 1537//1537 
f 1487//1487 1486//1486 1537//1537 
f 1537//1537 1486//1486 1538//1538 
f 1486//1486 1485//1485 1538//1538 
f 1538//1538 1485//1485 1539//1539 
f 1485//1485 1484//1484 1539//1539 
f 1539//1539 1484//1484 1540//1540 
f 1484//1484 1483//1483 1540//1540 
f 1540//1540 1483//1483 1541//1541 
f 1483//1483 1482//1482 1541//1541 
f 1541//1541 1482//1482 1542//1542 
f 1482//1482 1481//1481 1542//1542 
f 1542//1542 1481//1481 1543//1543 
f 1481//1481 1480//1480 1543//1543 
f 1543//1543 1480//1480 1544//1544 
f 1480//1480 1479//1479 1544//1544 
f 1544//1544 1479//1479 1545//1545 
f 1479//1479 1478//1478 1545//1545 
f 1545//1545 1478//1478 1546//1546 
f 1478//1478 1476//1476 1546//1546 
f 1546//1546 1476//1476 1546//1546 
f 1476//1476 1477//1477 1546//1546 
f 1546//1546 1477//1477 1546//1546 
f 1477//1477 1547//1547 1546//1546 
f 1546//1546 1547//1547 1548//1548 
f 1547//1547 1549//1549 1548//1548 
f 1548//1548 1549//1549 1549//1549 
f 1549//1549 1546//1546 1549//1549 
f 1549//1549 1546//1546 1546//1546 
f 1546//1546 1548//1548 1546//1546 
f 1546//1546 1548//1548 1545//1545 
f 1548//1548 1550//1550 1545//1545 
f 1545//1545 1550//1550 1544//1544 
f 1550//1550 1551//1551 1544//1544 
f 1544//1544 1551//1551 1543//1543 
f 1551//1551 1552//1552 1543//1543 
f 1543//1543 1552//1552 1542//1542 
f 1552//1552 1553//1553 1542//1542 
f 1542//1542 1553//1553 1541//1541 
f 1553//1553 1554//1554 1541//1541 
f 1541//1541 1554//1554 1540//1540 
f 1554//1554 1555//1555 1540//1540 
f 1540//1540 1555//1555 1539//1539 
f 1555//1555 1556//1556 1539//1539 
f 1539//1539 1556//1556 1538//1538 
f 1556//1556 1557//1557 1538//1538 
f 1538//1538 1557//1557 1537//1537 
f 1557//1557 1558//1558 1537//1537 
f 1537//1537 1558//1558 1536//1536 
f 1558//1558 1559//1559 1536//1536 
f 1536//1536 1559//1559 1535//1535 
f 1559//1559 1560//1560 1535//1535 
f 1535//1535 1560//1560 1534//1534 
f 1560//1560 1561//1561 1534//1534 
f 1534//1534 1561//1561 1533//1533 
f 1561//1561 1562//1562 1533//1533 
f 1533//1533 1562//1562 1532//1532 
f 1562//1562 1563//1563 1532//1532 
f 1532//1532 1563//1563 1531//1531 
f 1563//1563 1564//1564 1531//1531 
f 1531//1531 1564//1564 1530//1530 
f 1564//1564 1565//1565 1530//1530 
f 1530//1530 1565//1565 1529//1529 
f 1565//1565 1566//1566 1529//1529 
f 1529//1529 1566//1566 1528//1528 
f 1566//1566 1567//1567 1528//1528 
f 1528//1528 1567//1567 1528//1528 
f 1567//1567 1568//1568 1528//1528 
f 1528//1528 1568//1568 1527//1527 
f 1568//1568 1569//1569 1527//1527 
f 1527//1527 1569//1569 1526//1526 
f 1569//1569 1570//1570 1526//1526 
f 1526//1526 1570//1570 1525//1525 
f 1570//1570 1571//1571 1525//1525 
f 1525//1525 1571//1571 1524//1524 
f 1571//1571 1572//1572 1524//1524 
f 1524//1524 1572//1572 1523//1523 
f 1572//1572 1573//1573 1523//1523 
f 1523//1523 1573//1573 1522//1522 
f 1573//1573 1574//1574 1522//1522 
f 1522//1522 1574//1574 1521//1521 
f 1574//1574 1575//1575 1521//1521 
f 1521//1521 1575//1575 1520//1520 
f 1575//1575 1576//1576 1520//1520 
f 1520//1520 1576//1576 1519//1519 
f 1576//1576 1577//1577 1519//1519 
f 1519//1519 1577//1577 1518//1518 
f 1577//1577 1578//1578 1518//1518 
f 1518//1518 1578//1578 1517//1517 
f 1578//1578 1579//1579 1517//1517 
f 1517//1517 1579//1579 1516//1516 
f 1579//1579 1580//1580 1516//1516 
f 1516//1516 1580//1580 1515//1515 
f 1580//1580 1581//1581 1515//1515 
f 1515//1515 1581//1581 1514//1514 
f 1581//1581 1582//1582 1514//1514 
f 1514//1514 1582//1582 1513//1513 
f 1582//1582 1583//1583 1513//1513 
f 1513//1513 1583//1583 1512//1512 
f 1583//1583 1512//1512 1512//1512 
f 1512//1512 1512//1512 1583//1583 
f 1512//1512 1583//1583 1583//1583 
f 1583//1583 1583//1583 1584//1584 
f 1583//1583 1582//1582 1584//1584 
f 1584//1584 1582//1582 1585//1585 
f 1582//1582 1581//1581 1585//1585 
f 1585//1585 1581//1581 1586//1586 
f 1581//1581 1580//1580 1586//1586 
f 1586//1586 1580//1580 1587//1587 
f 1580//1580 1579//1579 1587//1587 
f 1587//1587 1579//1579 1588//1588 
f 1579//1579 1578//1578 1588//1588 
f 1588//1588 1578//1578 1589//1589 
f 1578//1578 1577//1577 1589//1589 
f 1589//1589 1577//1577 1590//1590 
f 1577//1577 1576//1576 1590//1590 
f 1590//1590 1576//1576 1591//1591 
f 1576//1576 1575//1575 1591//1591 
f 1591//1591 1575//1575 1592//1592 
f 1575//1575 1574//1574 1592//1592 
f 1592//1592 1574//1574 1593//1593 
f 1574//1574 1573//1573 1593//1593 
f 1593//1593 1573//1573 1594//1594 
f 1573//1573 1572//1572 1594//1594 
f 1594//1594 1572//1572 1595//1595 
f 1572//1572 1571//1571 1595//1595 
f 1595//1595 1571//1571 1596//1596 
f 1571//1571 1570//1570 1596//1596 
f 1596//1596 1570//1570 1597//1597 
f 1570//1570 1569//1569 1597//1597 
f 1597//1597 1569//1569 1598//1598 
f 1569//1569 1568//1568 1598//1598 
f 1598//1598 1568//1568 1599//1599 
f 1568//1568 1567//1567 1599//1599 
f 1599//1599 1567//1567 1600//1600 
f 1567//1567 1567//1567 1600//1600 
f 1600//1600 1567//1567 1601//1601 
f 1567//1567 1566//1566 1601//1601 
f 1601//1601 1566//1566 1602//1602 
f 1566//1566 1565//1565 1602//1602 
f 1602//1602 1565//1565 1603//1603 
f 1565//1565 1564//1564 1603//1603 
f 1603//1603 1564//1564 1604//1604 
f 1564//1564 1563//1563 1604//1604 
f 1604//1604 1563//1563 1605//1605 
f 1563//1563 1562//1562 1605//1605 
f 1605//1605 1562//1562 1606//1606 
f 1562//1562 1561//1561 1606//1606 
f 1606//1606 1561//1561 1607//1607 
f 1561//1561 1560//1560 1607//1607 
f 1607//1607 1560//1560 1608//1608 
f 1560//1560 1559//1559 1608//1608 
f 1608//1608 1559//1559 1609//1609 
f 1559//1559 1558//1558 1609//1609 
f 1609//1609 1558//1558 1610//1610 
f 1558//1558 1557//1557 1610//1610 
f 1610//1610 1557//1557 1611//1611 
f 1557//1557 1556//1556 1611//1611 
f 1611//1611 1556//1556 1612//1612 
f 1556//1556 1555//1555 1612//1612 
f 1612//1612 1555//1555 1613//1613 
f 1555//1555 1554//1554 1613//1613 
f 1613//1613 1554//1554 1614//1614 
f 1554//1554 1553//1553 1614//1614 
f 1614//1614 1553//1553 1615//1615 
f 1553//1553 1552//1552 1615//1615 
f 1615//1615 1552//1552 1616//1616 
f 1552//1552 1551//1551 1616//1616 
f 1616//1616 1551//1551 1617//1617 
f 1551//1551 1550//1550 1617//1617 
f 1617//1617 1550//1550 1618//1618 
f 1550//1550 1548//1548 1618//1618 
f 1618//1618 1548//1548 1618//1618 
f 1548//1548 1549//1549 1618//1618 
f 1618//1618 1549//1549 1618//1618 
f 1549//1549 1619//1619 1618//1618 
f 1618//1618 1619//1619 1620//1620 
f 1619//1619 1621//1621 1620//1620 
f 1620//1620 1621//1621 1621//1621 
f 1621//1621 1618//1618 1621//1621 
f 1621//1621 1618//1618 1618//1618 
f 1618//1618 1620//1620 1618//1618 
f 1618//1618 1620//1620 1617//1617 
f 1620//1620 1622//1622 1617//1617 
f 1617//1617 1622//1622 1616//1616 
f 1622//1622 1623//1623 1616//1616 
f 1616//1616 1623//1623 1615//1615 
f 1623//1623 1624//1624 1615//1615 
f 1615//1615 1624//1624 1614//1614 
f 1624//1624 1625//1625 1614//1614 
f 1614//1614 1625//1625 1613//1613 
f 1625//1625 1626//1626 1613//1613 
f 1613//1613 1626//1626 1612//1612 
f 1626//1626 1627//1627 1612//1612 
f 1612//1612 1627//1627 1611//1611 
f 1627//1627 1628//1628 1611//1611 
f 1611//1611 1628//1628 1610//1610 
f 1628//1628 1629//1629 1610//1610 
f 1610//1610 1629//1629 1609//1609 
f 1629//1629 1630//1630 1609//1609 
f 1609//1609 1630//1630 1608//1608 
f 1630//1630 1631//1631 1608//1608 
f 1608//1608 1631//1631 1607//1607 
f 1631//1631 1632//1632 1607//1607 
f 1607//1607 1632//1632 1606//1606 
f 1632//1632 1633//1633 1606//1606 
f 1606//1606 1633//1633 1605//1605 
f 1633//1633 1634//1634 1605//1605 
f 1605//1605 1634//1634 1604//1604 
f 1634//1634 1635//1635 1604//1604 
f 1604//1604 1635//1635 1603//1603 
f 1635//1635 1636//1636 1603//1603 
f 1603//1603 1636//1636 1602//1602 
f 1636//1636 1637//1637 1602//1602 
f 1602//1602 1637//1637 1601//1601 
f 1637//1637 1638//1638 1601//1601 
f 1601//1601 1638//1638 1600//1600 
f 1638//1638 1639//1639 1600//1600 
f 1600//1600 1639//1639 1600//1600 
f 1639//1639 1640//1640 1600//1600 
f 1600//1600 1640//1640 1599//1599 
f 1640//1640 1641//1641 1599//1599 
f 1599//1599 1641//1641 1598//1598 
f 1641//1641 1642//1642 1598//1598 
f 1598//1598 1642//1642 1597//1597 
f 1642//1642 1643//1643 1597//1597 
f 1597//1597 1643//1643 1596//1596 
f 1643//1643 1644//1644 1596//1596 
f 1596//1596 1644//1644 1595//1595 
f 1644//1644 1645//1645 1595//1595 
f 1595//1595 1645//1645 1594//1594 
f 1645//1645 1646//1646 1594//1594 
f 1594//1594 1646//1646 1593//1593 
f 1646//1646 1647//1647 1593//1593 
f 1593//1593 1647//1647 1592//1592 
f 1647//1647 1648//1648 1592//1592 
f 1592//1592 1648//1648 1591//1591 
f 1648//1648 1649//1649 1591//1591 
f 1591//1591 1649//1649 1590//1590 
f 1649//1649 1650//1650 1590//1590 
f 1590//1590 1650//1650 1589//1589 
f 1650//1650 1651//1651 1589//1589 
f 1589//1589 1651//1651 1588//1588 
f 1651//1651 1652//1652 1588//1588 
f 1588//1588 1652//1652 1587//1587 
f 1652//1652 1653//1653 1587//1587 
f 1587//1587 1653//1653 1586//1586 
f 1653//1653 1654//1654 1586//1586 
f 1586//1586 1654//1654 1585//1585 
f 1654//1654 1655//1655 1585//1585 
f 1585//1585 1655//1655 1584//1584 
f 1655//1655 1584//1584 1584//1584 
f 1584//1584 1584//1584 1655//1655 
f 1584//1584 1655//1655 1655//1655 
f 1655//1655 1655//1655 1656//1656 
f 1655//1655 1654//1654 1656//1656 
f 1656//1656 1654//1654 1657//1657 
f 1654//1654 1653//1653 1657//1657 
f 1657//1657 1653//1653 1658//1658 
f 1653//1653 1652//1652 1658//1658 
f 1658//1658 1652//1652 1659//1659 
f 1652//1652 1651//1651 1659//1659 
f 1659//1659 1651//1651 1660//1660 
f 1651//1651 1650//1650 1660//1660 
f 1660//1660 1650//1650 1661//1661 
f 1650//1650 1649//1649 1661//1661 
f 1661//1661 1649//1649 1662//1662 
f 1649//1649 1648//1648 1662//1662 
f 1662//1662 1648//1648 1663//1663 
f 1648//1648 1647//1647 1663//1663 
f 1663//1663 1647//1647 1664//1664 
f 1647//1647 1646//1646 1664//1664 
f 1664//1664 1646//1646 1665//1665 
f 1646//1646 1645//1645 1665//1665 
f 1665//1665 1645//1645 1666//1666 
f 1645//1645 1644//1644 1666//1666 
f 1666//1666 1644//1644 1667//1667 
f 1644//1644 1643//1643 1667//1667 
f 1667//1667 1643//1643 1668//1668 
f 1643//1643 1642//1642 1668//1668 
f 1668//1668 1642//1642 1669//1669 
f 1642//1642 1641//1641 1669//1669 
f 1669//1669 1641//1641 1670//1670 
f 1641//1641 1640//1640 1670//1670 
f 1670//1670 1640//1640 1671//1671 
f 1640//1640 1639//1639 1671//1671 
f 1671//1671 1639//1639 1672//1672 
f 1639//1639 1639//1639 1672//1672 
f 1672//1672 1639//1639 1673//1673 
f 1639//1639 1638//1638 1673//1673 
f 1673//1673 1638//1638 1674//1674 
f 1638//1638 1637//1637 1674//1674 
f 1674//1674 1637//1637 1675//1675 
f 1637//1637 1636//1636 1675//1675 
f 1675//1675 1636//1636 1676//1676 
f 1636//1636 1635//1635 1676//1676 
f 1676//1676 1635//1635 1677//1677 
f 1635//1635 1634//1634 1677//1677 
f 1677//1677 1634//1634 1678//1678 
f 1634//1634 1633//1633 1678//1678 
f 1678//1678 1633//1633 1679//1679 
f 1633//1633 1632//1632 1679//1679 
f 1679//1679 1632//1632 1680//1680 
f 1632//1632 1631//1631 1680//1680 
f 1680//1680 1631//1631 1681//1681 
f 1631//1631 1630//1630 1681//1681 
f 1681//1681 1630//1630 1682//1682 
f 1630//1630 1629//1629 1682//1682 
f 1682//1682 1629//1629 1683//1683 
f 1629//1629 1628//1628 1683//1683 
f 1683//1683 1628//1628 1684//1684 
f 1628//1628 1627//1627 1684//1684 
f 1684//1684 1627//1627 1685//1685 
f 1627//1627 1626//1626 1685//1685 
f 1685//1685 1626//1626 1686//1686 
f 1626//1626 1625//1625 1686//1686 
f 1686//1686 1625//1625 1687//1687 
f 1625//1625 1624//1624 1687//1687 
f 1687//1687 1624//1624 1688//1688 
f 1624//1624 1623//1623 1688//1688 
f 1688//1688 1623//1623 1689//1689 
f 1623//1623 1622//1622 1689//1689 
f 1689//1689 1622//1622 1690//1690 
f 1622//1622 1620//1620 1690//1690 
f 1690//1690 1620//1620 1690//1690 
f 1620//1620 1621//1621 1690//1690 
f 1690//1690 1621//1621 1690//1690 
f 1621//1621 1691//1691 1690//1690 
f 1690//1690 1691//1691 1692//1692 
f 1691//1691 1693//1693 1692//1692 
f 1692//1692 1693//1693 1693//1693 
f 1693//1693 1690//1690 1693//1693 
f 1693//1693 1690//1690 1690//1690 
f 1690//1690 1692//1692 1690//1690 
f 1690//1690 1692//1692 1689//1689 
f 1692//1692 1694//1694 1689//1689 
f 1689//1689 1694//1694 1688//1688 
f 1694//1694 1695//1695 1688//1688 
f 1688//1688 1695//1695 1687//1687 
f 1695//1695 1696//1696 1687//1687 
f 1687//1687 1696//1696 1686//1686 
f 1696//1696 1697//1697 1686//1686 
f 1686//1686 1697//1697 1685//1685 
f 1697//1697 1698//1698 1685//1685 
f 1685//1685 1698//1698 1684//1684 
f 1698//1698 1699//1699 1684//1684 
f 1684//1684 1699//1699 1683//1683 
f 1699//1699 1700//1700 1683//1683 
f 1683//1683 1700//1700 1682//1682 
f 1700//1700 1701//1701 1682//1682 
f 1682//1682 1701//1701 1681//1681 
f 1701//1701 1702//1702 1681//1681 
f 1681//1681 1702//1702 1680//1680 
f 1702//1702 1703//1703 1680//1680 
f 1680//1680 1703//1703 1679//1679 
f 1703//1703 1704//1704 1679//1679 
f 1679//1679 1704//1704 1678//1678 
f 1704//1704 1705//1705 1678//1678 
f 1678//1678 1705//1705 1677//1677 
f 1705//1705 1706//1706 1677//1677 
f 1677//1677 1706//1706 1676//1676 
f 1706//1706 1707//1707 1676//1676 
f 1676//1676 1707//1707 1675//1675 
f 1707//1707 1708//1708 1675//1675 
f 1675//1675 1708//1708 1674//1674 
f 1708//1708 1709//1709 1674//1674 
f 1674//1674 1709//1709 1673//1673 
f 1709//1709 1710//1710 1673//1673 
f 1673//1673 1710//1710 1672//1672 
f 1710//1710 801//801 1672//1672 
f 1672//1672 801//801 1711//1711 
f 801//801 802//802 1711//1711 
f 1711//1711 802//802 1712//1712 
f 802//802 803//803 1712//1712 
f 1712//1712 803//803 1713//1713 
f 803//803 804//804 1713//1713 
f 1713//1713 804//804 1714//1714 
f 804//804 805//805 1714//1714 
f 1714//1714 805//805 1715//1715 
f 805//805 806//806 1715//1715 
f 1715//1715 806//806 1716//1716 
f 806//806 807//807 1716//1716 
f 1716//1716 807//807 1717//1717 
f 807//807 808//808 1717//1717 
f 1717//1717 808//808 1718//1718 
f 808//808 809//809 1718//1718 
f 1718//1718 809//809 1719//1719 
f 809//809 810//810 1719//1719 
f 1719//1719 810//810 1720//1720 
f 810//810 811//811 1720//1720 
f 1720//1720 811//811 1721//1721 
f 811//811 812//812 1721//1721 
f 1721//1721 812//812 1722//1722 
f 812//812 813//813 1722//1722 
f 1722//1722 813//813 1723//1723 
f 813//813 814//814 1723//1723 
f 1723//1723 814//814 1724//1724 
f 814//814 815//815 1724//1724 
f 1724//1724 815//815 1725//1725 
f 815//815 816//816 1725//1725 
f 1725//1725 816//816 1726//1726 
f 816//816 817//817 1726//1726 
f 1726//1726 817//817 1727//1727 
f 817//817 817//817 1727//1727 
f 1727//1727 817//817 1728//1728 
f 817//817 818//818 1728//1728 
f 1728//1728 818//818 1729//1729 
f 818//818 819//819 1729//1729 
f 1729//1729 819//819 1730//1730 
f 819//819 820//820 1730//1730 
f 1730//1730 820//820 1731//1731 
f 820//820 821//821 1731//1731 
f 1731//1731 821//821 1732//1732 
f 821//821 822//822 1732//1732 
f 1732//1732 822//822 1733//1733 
f 822//822 823//823 1733//1733 
f 1733//1733 823//823 1734//1734 
f 823//823 824//824 1734//1734 
f 1734//1734 824//824 1735//1735 
f 824//824 825//825 1735//1735 
f 1735//1735 825//825 1736//1736 
f 825//825 826//826 1736//1736 
f 1736//1736 826//826 1737//1737 
f 826//826 827//827 1737//1737 
f 1737//1737 827//827 1738//1738 
f 827//827 828//828 1738//1738 
f 1738//1738 828//828 1739//1739 
f 828//828 829//829 1739//1739 
f 1739//1739 829//829 1740//1740 
f 829//829 830//830 1740//1740 
f 1740//1740 830//830 1741//1741 
f 830//830 831//831 1741//1741 
f 1741//1741 831//831 1742//1742 
f 831//831 832//832 1742//1742 
f 1742//1742 832//832 1743//1743 
f 832//832 833//833 1743//1743 
f 1743//1743 833//833 1744//1744 
f 833//833 834//834 1744//1744 
f 1744//1744 834//834 1745//1745 
f 834//834 935//935 1745//1745 
f 1745//1745 935//935 1746//1746 
f 935//935 936//936 1746//1746 
f 1746//1746 936//936 1747//1747 
f 936//936 1007//1007 1747//1747 
f 1747//1747 1007//1007 1748//1748 
f 1007//1007 1008//1008 1748//1748 
f 1748//1748 1008//1008 1749//1749 
f 1008//1008 1079//1079 1749//1749 
f 1749//1749 1079//1079 1750//1750 
f 1079//1079 1080//1080 1750//1750 
f 1750//1750 1080//1080 1751//1751 
f 1080//1080 1151//1151 1751//1751 
f 1751//1751 1151//1151 1752//1752 
f 1151//1151 1152//1152 1752//1752 
f 1752//1752 1152//1152 1753//1753 
f 1152//1152 1223//1223 1753//1753 
f 1753//1753 1223//1223 1754//1754 
f 1223//1223 1224//1224 1754//1754 
f 1754//1754 1224//1224 1755//1755 
f 1224//1224 1295//1295 1755//1755 
f 1755//1755 1295//1295 1756//1756 
f 1295//1295 1296//1296 1756//1756 
f 1756//1756 1296//1296 1757//1757 
f 1296//1296 1367//1367 1757//1757 
f 1757//1757 1367//1367 1758//1758 
f 1367//1367 1368//1368 1758//1758 
f 1758//1758 1368//1368 1759//1759 
f 1368//1368 1439//1439 1759//1759 
f 1759//1759 1439//1439 1760//1760 
f 1439//1439 1440//1440 1760//1760 
f 1760//1760 1440//1440 1761//1761 
f 1440//1440 1511//1511 1761//1761 
f 1761//1761 1511//1511 1762//1762 
f 1511//1511 1512//1512 1762//1762 
f 1762//1762 1512//1512 1763//1763 
f 1512//1512 1583//1583 1763//1763 
f 1763//1763 1583//1583 1764//1764 
f 1583//1583 1584//1584 1764//1764 
f 1764//1764 1584//1584 1765//1765 
f 1584//1584 1655//1655 1765//1765 
f 1765//1765 1655//1655 1766//1766 
f 1655//1655 1656//1656 1766//1766 
f 1766//1766 1656//1656 1767//1767 
f 1656//1656 1656//1656 1767//1767 
f 1767//1767 1656//1656 1768//1768 
f 1656//1656 1657//1657 1768//1768 
f 1768//1768 1657//1657 1769//1769 
f 1657//1657 1658//1658 1769//1769 
f 1769//1769 1658//1658 1770//1770 
f 1658//1658 1659//1659 1770//1770 
f 1770//1770 1659//1659 1771//1771 
f 1659//1659 1660//1660 1771//1771 
f 1771//1771 1660//1660 1772//1772 
f 1660//1660 1661//1661 1772//1772 
f 1772//1772 1661//1661 1773//1773 
f 1661//1661 1662//1662 1773//1773 
f 1773//1773 1662//1662 1774//1774 
f 1662//1662 1663//1663 1774//1774 
f 1774//1774 1663//1663 1775//1775 
f 1663//1663 1664//1664 1775//1775 
f 1775//1775 1664//1664 1776//1776 
f 1664//1664 1665//1665 1776//1776 
f 1776//1776 1665//1665 1777//1777 
f 1665//1665 1666//1666 1777//1777 
f 1777//1777 1666//1666 1778//1778 
f 1666//1666 1667//1667 1778//1778 
f 1778//1778 1667//1667 1779//1779 
f 1667//1667 1668//1668 1779//1779 
f 1779//1779 1668//1668 1780//1780 
f 1668//1668 1669//1669 1780//1780 
f 1780//1780 1669//1669 1781//1781 
f 1669//1669 1670//1670 1781//1781 
f 1781//1781 1670//1670 1782//1782 
f 1670//1670 1671//1671 1782//1782 
f 1782//1782 1671//1671 1711//1711 
f 1671//1671 1672//1672 1711//1711 
f 1711//1711 1672//1672 1672//1672 
f 1672//1672 1711//1711 1672//1672 
f 1672//1672 1711//1711 1711//1711 
f 1711//1711 1712//1712 1711//1711 
f 1711//1711 1712//1712 1782//1782 
f 1712//1712 1783//1783 1782//1782 
f 1782//1782 1783//1783 1781//1781 
f 1783//1783 1784//1784 1781//1781 
f 1781//1781 1784//1784 1780//1780 
f 1784//1784 1780//1780 1780//1780 
f 1780//1780 1780//1780 1712//1712 
f 1780//1780 1712//1712 1712//1712 
f 1712//1712 1712//1712 1783//1783 
f 1712//1712 1713//1713 1783//1783 
f 1783//1783 1713//1713 1785//1785 
f 1713//1713 1714//1714 1785//1785 
f 1785//1785 1714//1714 1786//1786 
f 1714//1714 1715//1715 1786//1786 
f 1786//1786 1715//1715 1787//1787 
f 1715//1715 1716//1716 1787//1787 
f 1787//1787 1716//1716 1788//1788 
f 1716//1716 1717//1717 1788//1788 
f 1788//1788 1717//1717 1789//1789 
f 1717//1717 1718//1718 1789//1789 
f 1789//1789 1718//1718 1790//1790 
f 1718//1718 1719//1719 1790//1790 
f 1790//1790 1719//1719 1791//1791 
f 1719//1719 1720//1720 1791//1791 
f 1791//1791 1720//1720 1792//1792 
f 1720//1720 1721//1721 1792//1792 
f 1792//1792 1721//1721 1793//1793 
f 1721//1721 1722//1722 1793//1793 
f 1793//1793 1722//1722 1794//1794 
f 1722//1722 1723//1723 1794//1794 
f 1794//1794 1723//1723 1795//1795 
f 1723//1723 1724//1724 1795//1795 
f 1795//1795 1724//1724 1796//1796 
f 1724//1724 1725//1725 1796//1796 
f 1796//1796 1725//1725 1797//1797 
f 1725//1725 1726//1726 1797//1797 
f 1797//1797 1726//1726 1798//1798 
f 1726//1726 1727//1727 1798//1798 
f 1798//1798 1727//1727 1799//1799 
f 1727//1727 1727//1727 1799//1799 
f 1799//1799 1727//1727 1800//1800 
f 1727//1727 1728//1728 1800//1800 
f 1800//1800 1728//1728 1801//1801 
f 1728//1728 1729//1729 1801//1801 
f 1801//1801 1729//1729 1802//1802 
f 1729//1729 1730//1730 1802//1802 
f 1802//1802 1730//1730 1803//1803 
f 1730//1730 1731//1731 1803//1803 
f 1803//1803 1731//1731 1804//1804 
f 1731//1731 1732//1732 1804//1804 
f 1804//1804 1732//1732 1805//1805 
f 1732//1732 1733//1733 1805//1805 
f 1805//1805 1733//1733 1806//1806 
f 1733//1733 1734//1734 1806//1806 
f 1806//1806 1734//1734 1807//1807 
f 1734//1734 1735//1735 1807//1807 
f 1807//1807 1735//1735 1808//1808 
f 1735//1735 1736//1736 1808//1808 
f 1808//1808 1736//1736 1809//1809 
f 1736//1736 1737//1737 1809//1809 
f 1809//1809 1737//1737 1810//1810 
f 1737//1737 1738//1738 1810//1810 
f 1810//1810 1738//1738 1811//1811 
f 1738//1738 1739//1739 1811//1811 
f 1811//1811 1739//1739 1812//1812 
f 1739//1739 1740//1740 1812//1812 
f 1812//1812 1740//1740 1813//1813 
f 1740//1740 1741//1741 1813//1813 
f 1813//1813 1741//1741 1814//1814 
f 1741//1741 1742//1742 1814//1814 
f 1814//1814 1742//1742 1815//1815 
f 1742//1742 1743//1743 1815//1815 
f 1815//1815 1743//1743 1816//1816 
f 1743//1743 1744//1744 1816//1816 
f 1816//1816 1744//1744 1817//1817 
f 1744//1744 1745//1745 1817//1817 
f 1817//1817 1745//1745 1818//1818 
f 1745//1745 1746//1746 1818//1818 
f 1818//1818 1746//1746 1819//1819 
f 1746//1746 1747//1747 1819//1819 
f 1819//1819 1747//1747 1820//1820 
f 1747//1747 1748//1748 1820//1820 
f 1820//1820 1748//1748 1821//1821 
f 1748//1748 1749//1749 1821//1821 
f 1821//1821 1749//1749 1822//1822 
f 1749//1749 1750//1750 1822//1822 
f 1822//1822 1750//1750 1823//1823 
f 1750//1750 1751//1751 1823//1823 
f 1823//1823 1751//1751 1824//1824 
f 1751//1751 1752//1752 1824//1824 
f 1824//1824 1752//1752 1825//1825 
f 1752//1752 1753//1753 1825//1825 
f 1825//1825 1753//1753 1826//1826 
f 1753//1753 1754//1754 1826//1826 
f 1826//1826 1754//1754 1827//1827 
f 1754//1754 1755//1755 1827//1827 
f 1827//1827 1755//1755 1828//1828 
f 1755//1755 1756//1756 1828//1828 
f 1828//1828 1756//1756 1829//1829 
f 1756//1756 1757//1757 1829//1829 
f 1829//1829 1757//1757 1830//1830 
f 1757//1757 1758//1758 1830//1830 
f 1830//1830 1758//1758 1831//1831 
f 1758//1758 1759//1759 1831//1831 
f 1831//1831 1759//1759 1832//1832 
f 1759//1759 1760//1760 1832//1832 
f 1832//1832 1760//1760 1833//1833 
f 1760//1760 1761//1761 1833//1833 
f 1833//1833 1761//1761 1834//1834 
f 1761//1761 1762//1762 1834//1834 
f 1834//1834 1762//1762 1835//1835 
f 1762//1762 1763//1763 1835//1835 
f 1835//1835 1763//1763 1836//1836 
f 1763//1763 1764//1764 1836//1836 
f 1836//1836 1764//1764 1837//1837 
f 1764//1764 1765//1765 1837//1837 
f 1837//1837 1765//1765 1838//1838 
f 1765//1765 1766//1766 1838//1838 
f 1838//1838 1766//1766 1839//1839 
f 1766//1766 1767//1767 1839//1839 
f 1839//1839 1767//1767 1840//1840 
f 1767//1767 1767//1767 1840//1840 
f 1840//1840 1767//1767 1841//1841 
f 1767//1767 1768//1768 1841//1841 
f 1841//1841 1768//1768 1842//1842 
f 1768//1768 1769//1769 1842//1842 
f 1842//1842 1769//1769 1843//1843 
f 1769//1769 1770//1770 1843//1843 
f 1843//1843 1770//1770 1844//1844 
f 1770//1770 1771//1771 1844//1844 
f 1844//1844 1771//1771 1845//1845 
f 1771//1771 1772//1772 1845//1845 
f 1845//1845 1772//1772 1846//1846 
f 1772//1772 1773//1773 1846//1846 
f 1846//1846 1773//1773 1847//1847 
f 1773//1773 1774//1774 1847//1847 
f 1847//1847 1774//1774 1848//1848 
f 1774//1774 1775//1775 1848//1848 
f 1848//1848 1775//1775 1849//1849 
f 1775//1775 1776//1776 1849//1849 
f 1849//1849 1776//1776 1850//1850 
f 1776//1776 1777//1777 1850//1850 
f 1850//1850 1777//1777 1851//1851 
f 1777//1777 1778//1778 1851//1851 
f 1851//1851 1778//1778 1852//1852 
f 1778//1778 1779//1779 1852//1852 
f 1852//1852 1779//1779 1853//1853 
f 1779//1779 1780//1780 1853//1853 
f 1853//1853 1780//1780 1853//1853 
f 1780//1780 1784//1784 1853//1853 
f 1853//1853 1784//1784 1854//1854 
f 1784//1784 1785//1785 1854//1854 
f 1854//1854 1785//1785 1854//1854 
f 1785//1785 1786//1786 1854//1854 
f 1854//1854 1786//1786 1855//1855 
f 1786//1786 1787//1787 1855//1855 
f 1855//1855 1787//1787 1856//1856 
f 1787//1787 1788//1788 1856//1856 
f 1856//1856 1788//1788 1857//1857 
f 1788//1788 1789//1789 1857//1857 
f 1857//1857 1789//1789 1858//1858 
f 1789//1789 1790//1790 1858//1858 
f 1858//1858 1790//1790 1859//1859 
f 1790//1790 1791//1791 1859//1859 
f 1859//1859 1791//1791 1860//1860 
f 1791//1791 1792//1792 1860//1860 
f 1860//1860 1792//1792 1861//1861 
f 1792//1792 1793//1793 1861//1861 
f 1861//1861 1793//1793 1862//1862 
f 1793//1793 1794//1794 1862//1862 
f 1862//1862 1794//1794 1863//1863 
f 1794//1794 1795//1795 1863//1863 
f 1863//1863 1795//1795 1864//1864 
f 1795//1795 1796//1796 1864//1864 
f 1864//1864 1796//1796 1865//1865 
f 1796//1796 1797//1797 1865//1865 
f 1865//1865 1797//1797 1866//1866 
f 1797//1797 1798//1798 1866//1866 
f 1866//1866 1798//1798 1867//1867 
f 1798//1798 1799//1799 1867//1867 
f 1867//1867 1799//1799 1868//1868 
f 1799//1799 1799//1799 1868//1868 
f 1868//1868 1799//1799 1869//1869 
f 1799//1799 1800//1800 1869//1869 
f 1869//1869 1800//1800 1870//1870 
f 1800//1800 1801//1801 1870//1870 
f 1870//1870 1801//1801 1871//1871 
f 1801//1801 1802//1802 1871//1871 
f 1871//1871 1802//1802 1872//1872 
f 1802//1802 1803//1803 1872//1872 
f 1872//1872 1803//1803 1873//1873 
f 1803//1803 1804//1804 1873//1873 
f 1873//1873 1804//1804 1874//1874 
f 1804//1804 1805//1805 1874//1874 
f 1874//1874 1805//1805 1875//1875 
f 1805//1805 1806//1806 1875//1875 
f 1875//1875 1806//1806 1876//1876 
f 1806//1806 1807//1807 1876//1876 
f 1876//1876 1807//1807 1877//1877 
f 1807//1807 1808//1808 1877//1877 
f 1877//1877 1808//1808 1878//1878 
f 1808//1808 1809//1809 1878//1878 
f 1878//1878 1809//1809 1879//1879 
f 1809//1809 1810//1810 1879//1879 
f 1879//1879 1810//1810 1880//1880 
f 1810//1810 1811//1811 1880//1880 
f 1880//1880 1811//1811 1881//1881 
f 1811//1811 1812//1812 1881//1881 
f 1881//1881 1812//1812 1882//1882 
f 1812//1812 1813//1813 1882//1882 
f 1882//1882 1813//1813 1883//1883 
f 1813//1813 1814//1814 1883//1883 
f 1883//1883 1814//1814 1884//1884 
f 1814//1814 1815//1815 1884//1884 
f 1884//1884 1815//1815 1885//1885 
f 1815//1815 1816//1816 1885//1885 
f 1885//1885 1816//1816 1886//1886 
f 1816//1816 1817//1817 1886//1886 
f 1886//1886 1817//1817 1887//1887 
f 1817//1817 1818//1818 1887//1887 
f 1887//1887 1818//1818 1888//1888 
f 1818//1818 1819//1819 1888//1888 
f 1888//1888 1819//1819 1889//1889 
f 1819//1819 1820//1820 1889//1889 
f 1889//1889 1820//1820 1890//1890 
f 1820//1820 1821//1821 1890//1890 
f 1890//1890 1821//1821 1891//1891 
f 1821//1821 1822//1822 1891//1891 
f 1891//1891 1822//1822 1892//1892 
f 1822//1822 1823//1823 1892//1892 
f 1892//1892 1823//1823 1893//1893 
f 1823//1823 1824//1824 1893//1893 
f 1893//1893 1824//1824 1894//1894 
f 1824//1824 1825//1825 1894//1894 
f 1894//1894 1825//1825 1895//1895 
f 1825//1825 1826//1826 1895//1895 
f 1895//1895 1826//1826 1896//1896 
f 1826//1826 1827//1827 1896//1896 
f 1896//1896 1827//1827 1897//1897 
f 1827//1827 1828//1828 1897//1897 
f 1897//1897 1828//1828 1898//1898 
f 1828//1828 1829//1829 1898//1898 
f 1898//1898 1829//1829 1899//1899 
f 1829//1829 1830//1830 1899//1899 
f 1899//1899 1830//1830 1900//1900 
f 1830//1830 1831//1831 1900//1900 
f 1900//1900 1831//1831 1901//1901 
f 1831//1831 1832//1832 1901//1901 
f 1901//1901 1832//1832 1902//1902 
f 1832//1832 1833//1833 1902//1902 
f 1902//1902 1833//1833 1903//1903 
f 1833//1833 1834//1834 1903//1903 
f 1903//1903 1834//1834 1904//1904 
f 1834//1834 1835//1835 1904//1904 
f 1904//1904 1835//1835 1905//1905 
f 1835//1835 1836//1836 1905//1905 
f 1905//1905 1836//1836 1906//1906 
f 1836//1836 1837//1837 1906//1906 
f 1906//1906 1837//1837 1907//1907 
f 1837//1837 1838//1838 1907//1907 
f 1907//1907 1838//1838 1908//1908 
f 1838//1838 1839//1839 1908//1908 
f 1908//1908 1839//1839 1909//1909 
f 1839//1839 1840//1840 1909//1909 
f 1909//1909 1840//1840 1910//1910 
f 1840//1840 1840//1840 1910//1910 
f 1910//1910 1840//1840 1911//1911 
f 1840//1840 1841//1841 1911//1911 
f 1911//1911 1841//1841 1912//1912 
f 1841//1841 1842//1842 1912//1912 
f 1912//1912 1842//1842 1913//1913 
f 1842//1842 1843//1843 1913//1913 
f 1913//1913 1843//1843 1914//1914 
f 1843//1843 1844//1844 1914//1914 
f 1914//1914 1844//1844 1915//1915 
f 1844//1844 1845//1845 1915//1915 
f 1915//1915 1845//1845 1916//1916 
f 1845//1845 1846//1846 1916//1916 
f 1916//1916 1846//1846 1917//1917 
f 1846//1846 1847//1847 1917//1917 
f 1917//1917 1847//1847 1918//1918 
f 1847//1847 1848//1848 1918//1918 
f 1918//1918 1848//1848 1919//1919 
f 1848//1848 1849//1849 1919//1919 
f 1919//1919 1849//1849 1920//1920 
f 1849//1849 1850//1850 1920//1920 
f 1920//1920 1850//1850 1921//1921 
f 1850//1850 1851//1851 1921//1921 
f 1921//1921 1851//1851 1922//1922 
f 1851//1851 1852//1852 1922//1922 
f 1922//1922 1852//1852 1923//1923 
f 1852//1852 1853//1853 1923//1923 
f 1923//1923 1853//1853 1923//1923 
f 1853//1853 1854//1854 1923//1923 
f 1923//1923 1854//1854 1923//1923 
f 1854//1854 1855//1855 1923//1923 
f 1923//1923 1855//1855 1924//1924 
f 1855//1855 1856//1856 1924//1924 
f 1924//1924 1856//1856 1925//1925 
f 1856//1856 1857//1857 1925//1925 
f 1925//1925 1857//1857 1926//1926 
f 1857//1857 1858//1858 1926//1926 
f 1926//1926 1858//1858 1927//1927 
f 1858//1858 1859//1859 1927//1927 
f 1927//1927 1859//1859 1928//1928 
f 1859//1859 1860//1860 1928//1928 
f 1928//1928 1860//1860 1929//1929 
f 1860//1860 1861//1861 1929//1929 
f 1929//1929 1861//1861 1930//1930 
f 1861//1861 1862//1862 1930//1930 
f 1930//1930 1862//1862 1931//1931 
f 1862//1862 1863//1863 1931//1931 
f 1931//1931 1863//1863 1932//1932 
f 1863//1863 1864//1864 1932//1932 
f 1932//1932 1864//1864 1933//1933 
f 1864//1864 1865//1865 1933//1933 
f 1933//1933 1865//1865 1934//1934 
f 1865//1865 1866//1866 1934//1934 
f 1934//1934 1866//1866 1935//1935 
f 1866//1866 1867//1867 1935//1935 
f 1935//1935 1867//1867 1936//1936 
f 1867//1867 1868//1868 1936//1936 
f 1936//1936 1868//1868 1937//1937 
f 1868//1868 1868//1868 1937//1937 
f 1937//1937 1868//1868 1938//1938 
f 1868//1868 1869//1869 1938//1938 
f 1938//1938 1869//1869 1939//1939 
f 1869//1869 1870//1870 1939//1939 
f 1939//1939 1870//1870 1940//1940 
f 1870//1870 1871//1871 1940//1940 
f 1940//1940 1871//1871 1941//1941 
f 1871//1871 1872//1872 1941//1941 
f 1941//1941 1872//1872 1942//1942 
f 1872//1872 1873//1873 1942//1942 
f 1942//1942 1873//1873 1943//1943 
f 1873//1873 1874//1874 1943//1943 
f 1943//1943 1874//1874 1944//1944 
f 1874//1874 1875//1875 1944//1944 
f 1944//1944 1875//1875 1945//1945 
f 1875//1875 1876//1876 1945//1945 
f 1945//1945 1876//1876 1946//1946 
f 1876//1876 1877//1877 1946//1946 
f 1946//1946 1877//1877 1947//1947 
f 1877//1877 1878//1878 1947//1947 
f 1947//1947 1878//1878 1948//1948 
f 1878//1878 1879//1879 1948//1948 
f 1948//1948 1879//1879 1949//1949 
f 1879//1879 1880//1880 1949//1949 
f 1949//1949 1880//1880 1950//1950 
f 1880//1880 1881//1881 1950//1950 
f 1950//1950 1881//1881 1951//1951 
f 1881//1881 1882//1882 1951//1951 
f 1951//1951 1882//1882 1952//1952 
f 1882//1882 1883//1883 1952//1952 
f 1952//1952 1883//1883 1953//1953 
f 1883//1883 1884//1884 1953//1953 
f 1953//1953 1884//1884 1954//1954 
f 1884//1884 1885//1885 1954//1954 
f 1954//1954 1885//1885 1955//1955 
f 1885//1885 1886//1886 1955//1955 
f 1955//1955 1886//1886 1956//1956 
f 1886//1886 1887//1887 1956//1956 
f 1956//1956 1887//1887 1957//1957 
f 1887//1887 1888//1888 1957//1957 
f 1957//1957 1888//1888 1958//1958 
f 1888//1888 1889//1889 1958//1958 
f 1958//1958 1889//1889 1959//1959 
f 1889//1889 1890//1890 1959//1959 
f 1959//1959 1890//1890 1960//1960 
f 1890//1890 1891//1891 1960//1960 
f 1960//1960 1891//1891 1961//1961 
f 1891//1891 1892//1892 1961//1961 
f 1961//1961 1892//1892 1962//1962 
f 1892//1892 1893//1893 1962//1962 
f 1962//1962 1893//1893 1963//1963 
f 1893//1893 1894//1894 1963//1963 
f 1963//1963 1894//1894 1964//1964 
f 1894//1894 1895//1895 1964//1964 
f 1964//1964 1895//1895 1965//1965 
f 1895//1895 1896//1896 1965//1965 
f 1965//1965 1896//1896 1966//1966 
f 1896//1896 1897//1897 1966//1966 
f 1966//1966 1897//1897 1967//1967 
f 1897//1897 1898//1898 1967//1967 
f 1967//1967 1898//1898 1968//1968 
f 1898//1898 1899//1899 1968//1968 
f 1968//1968 1899//1899 1969//1969 
f 1899//1899 1900//1900 1969//1969 
f 1969//1969 1900//1900 1970//1970 
f 1900//1900 1901//1901 1970//1970 
f 1970//1970 1901//1901 1971//1971 
f 1901//1901 1902//1902 1971//1971 
f 1971//1971 1902//1902 1972//1972 
f 1902//1902 1903//1903 1972//1972 
f 1972//1972 1903//1903 1973//1973 
f 1903//1903 1904//1904 1973//1973 
f 1973//1973 1904//1904 1974//1974 
f 1904//1904 1905//1905 1974//1974 
f 1974//1974 1905//1905 1975//1975 
f 1905//1905 1906//1906 1975//1975 
f 1975//1975 1906//1906 1976//1976 
f 1906//1906 1907//1907 1976//1976 
f 1976//1976 1907//1907 1977//1977 
f 1907//1907 1908//1908 1977//1977 
f 1977//1977 1908//1908 1978//1978 
f 1908//1908 1909//1909 1978//1978 
f 1978//1978 1909//1909 1979//1979 
f 1909//1909 1910//1910 1979//1979 
f 1979//1979 1910//1910 1980//1980 
f 1910//1910 1910//1910 1980//1980 
f 1980//1980 1910//1910 1981//1981 
f 1910//1910 1911//1911 1981//1981 
f 1981//1981 1911//1911 1982//1982 
f 1911//1911 1912//1912 1982//1982 
f 1982//1982 1912//1912 1983//1983 
f 1912//1912 1913//1913 1983//1983 
f 1983//1983 1913//1913 1984//1984 
f 1913//1913 1914//1914 1984//1984 
f 1984//1984 1914//1914 1985//1985 
f 1914//1914 1915//1915 1985//1985 
f 1985//1985 1915//1915 1986//1986 
f 1915//1915 1916//1916 1986//1986 
f 1986//1986 1916//1916 1987//1987 
f 1916//1916 1917//1917 1987//1987 
f 1987//1987 1917//1917 1988//1988 
f 1917//1917 1918//1918 1988//1988 
f 1988//1988 1918//1918 1989//1989 
f 1918//1918 1919//1919 1989//1989 
f 1989//1989 1919//1919 1990//1990 
f 1919//1919 1920//1920 1990//1990 
f 1990//1990 1920//1920 1991//1991 
f 1920//1920 1921//1921 1991//1991 
f 1991//1991 1921//1921 1992//1992 
f 1921//1921 1922//1922 1992//1992 
f 1992//1992 1922//1922 1924//1924 
f 1922//1922 1923//1923 1924//1924 
f 1924//1924 1923//1923 1923//1923 
f 1923//1923 1785//1785 1923//1923 
f 1923//1923 1785//1785 1785//1785 
f 1785//1785 1784//1784 1785//1785 
f 1785//1785 1784//1784 1783//1783 
f 1784//1784 1783//1783 1783//1783 
f 1783//1783 1783//1783 1924//1924 
f 1783//1783 1924//1924 1924//1924 
f 1924//1924 1924//1924 1992//1992 
f 1924//1924 1925//1925 1992//1992 
f 1992//1992 1925//1925 1993//1993 
f 1925//1925 1926//1926 1993//1993 
f 1993//1993 1926//1926 1994//1994 
f 1926//1926 1927//1927 1994//1994 
f 1994//1994 1927//1927 1995//1995 
f 1927//1927 1928//1928 1995//1995 
f 1995//1995 1928//1928 1996//1996 
f 1928//1928 1929//1929 1996//1996 
f 1996//1996 1929//1929 1997//1997 
f 1929//1929 1930//1930 1997//1997 
f 1997//1997 1930//1930 1998//1998 
f 1930//1930 1931//1931 1998//1998 
f 1998//1998 1931//1931 1999//1999 
f 1931//1931 1932//1932 1999//1999 
f 1999//1999 1932//1932 2000//2000 
f 1932//1932 1933//1933 2000//2000 
f 2000//2000 1933//1933 2001//2001 
f 1933//1933 1934//1934 2001//2001 
f 2001//2001 1934//1934 2002//2002 
f 1934//1934 1935//1935 2002//2002 
f 2002//2002 1935//1935 2003//2003 
f 1935//1935 1936//1936 2003//2003 
f 2003//2003 1936//1936 2004//2004 
f 1936//1936 1937//1937 2004//2004 
f 2004//2004 1937//1937 2005//2005 
f 1937//1937 1937//1937 2005//2005 
f 2005//2005 1937//1937 2006//2006 
f 1937//1937 1938//1938 2006//2006 
f 2006//2006 1938//1938 2007//2007 
f 1938//1938 1939//1939 2007//2007 
f 2007//2007 1939//1939 2008//2008 
f 1939//1939 1940//1940 2008//2008 
f 2008//2008 1940//1940 2009//2009 
f 1940//1940 1941//1941 2009//2009 
f 2009//2009 1941//1941 2010//2010 
f 1941//1941 1942//1942 2010//2010 
f 2010//2010 1942//1942 2011//2011 
f 1942//1942 1943//1943 2011//2011 
f 2011//2011 1943//1943 2012//2012 
f 1943//1943 1944//1944 2012//2012 
f 2012//2012 1944//1944 2013//2013 
f 1944//1944 1945//1945 2013//2013 
f 2013//2013 1945//1945 2014//2014 
f 1945//1945 1946//1946 2014//2014 
f 2014//2014 1946//1946 2015//2015 
f 1946//1946 1947//1947 2015//2015 
f 2015//2015 1947//1947 2016//2016 
f 1947//1947 1948//1948 2016//2016 
f 2016//2016 1948//1948 2017//2017 
f 1948//1948 1949//1949 2017//2017 
f 2017//2017 1949//1949 2018//2018 
f 1949//1949 1950//1950 2018//2018 
f 2018//2018 1950//1950 2019//2019 
f 1950//1950 1951//1951 2019//2019 
f 2019//2019 1951//1951 2020//2020 
f 1951//1951 1952//1952 2020//2020 
f 2020//2020 1952//1952 2021//2021 
f 1952//1952 1953//1953 2021//2021 
f 2021//2021 1953//1953 2022//2022 
f 1953//1953 1954//1954 2022//2022 
f 2022//2022 1954//1954 2023//2023 
f 1954//1954 1955//1955 2023//2023 
f 2023//2023 1955//1955 2024//2024 
f 1955//1955 1956//1956 2024//2024 
f 2024//2024 1956//1956 2025//2025 
f 1956//1956 1957//1957 2025//2025 
f 2025//2025 1957//1957 2026//2026 
f 1957//1957 1958//1958 2026//2026 
f 2026//2026 1958//1958 2027//2027 
f 1958//1958 1959//1959 2027//2027 
f 2027//2027 1959//1959 2028//2028 
f 1959//1959 1960//1960 2028//2028 
f 2028//2028 1960//1960 2029//2029 
f 1960//1960 1961//1961 2029//2029 
f 2029//2029 1961//1961 2030//2030 
f 1961//1961 1962//1962 2030//2030 
f 2030//2030 1962//1962 2031//2031 
f 1962//1962 1963//1963 2031//2031 
f 2031//2031 1963//1963 2032//2032 
f 1963//1963 1964//1964 2032//2032 
f 2032//2032 1964//1964 2033//2033 
f 1964//1964 1965//1965 2033//2033 
f 2033//2033 1965//1965 2034//2034 
f 1965//1965 1966//1966 2034//2034 
f 2034//2034 1966//1966 2035//2035 
f 1966//1966 1967//1967 2035//2035 
f 2035//2035 1967//1967 2036//2036 
f 1967//1967 1968//1968 2036//2036 
f 2036//2036 1968//1968 2037//2037 
f 1968//1968 1969//1969 2037//2037 
f 2037//2037 1969//1969 2038//2038 
f 1969//1969 1970//1970 2038//2038 
f 2038//2038 1970//1970 2039//2039 
f 1970//1970 1971//1971 2039//2039 
f 2039//2039 1971//1971 2040//2040 
f 1971//1971 1972//1972 2040//2040 
f 2040//2040 1972//1972 2041//2041 
f 1972//1972 1973//1973 2041//2041 
f 2041//2041 1973//1973 2042//2042 
f 1973//1973 1974//1974 2042//2042 
f 2042//2042 1974//1974 2043//2043 
f 1974//1974 1975//1975 2043//2043 
f 2043//2043 1975//1975 2044//2044 
f 1975//1975 1976//1976 2044//2044 
f 2044//2044 1976//1976 2045//2045 
f 1976//1976 1977//1977 2045//2045 
f 2045//2045 1977//1977 2046//2046 
f 1977//1977 1978//1978 2046//2046 
f 2046//2046 1978//1978 2047//2047 
f 1978//1978 1979//1979 2047//2047 
f 2047//2047 1979//1979 2048//2048 
f 1979//1979 1980//1980 2048//2048 
f 2048//2048 1980//1980 2049//2049 
f 1980//1980 1980//1980 2049//2049 
f 2049//2049 1980//1980 2050//2050 
f 1980//1980 1981//1981 2050//2050 
f 2050//2050 1981//1981 2051//2051 
f 1981//1981 1982//1982 2051//2051 
f 2051//2051 1982//1982 2052//2052 
f 1982//1982 1983//1983 2052//2052 
f 2052//2052 1983//1983 2053//2053 
f 1983//1983 1984//1984 2053//2053 
f 2053//2053 1984//1984 2054//2054 
f 1984//1984 1985//1985 2054//2054 
f 2054//2054 1985//1985 2055//2055 
f 1985//1985 1986//1986 2055//2055 
f 2055//2055 1986//1986 2056//2056 
f 1986//1986 1987//1987 2056//2056 
f 2056//2056 1987//1987 2057//2057 
f 1987//1987 1988//1988 2057//2057 
f 2057//2057 1988//1988 2058//2058 
f 1988//1988 1989//1989 2058//2058 
f 2058//2058 1989//1989 2059//2059 
f 1989//1989 1990//1990 2059//2059 
f 2059//2059 1990//1990 2060//2060 
f 1990//1990 1991//1991 2060//2060 
f 2060//2060 1991//1991 1993//1993 
f 1991//1991 1992//1992 1993//1993 
f 1993//1993 1992//1992 1992//1992 
f 1992//1992 1993//1993 1992//1992 
f 1992//1992 1993//1993 1993//1993 
f 1993//1993 1994//1994 1993//1993 
f 1993//1993 1994//1994 2060//2060 
f 1994//1994 2061//2061 2060//2060 
f 2060//2060 2061//2061 2059//2059 
f 2061//2061 2062//2062 2059//2059 
f 2059//2059 2062//2062 2058//2058 
f 2062//2062 2058//2058 2058//2058 
f 2058//2058 2058//2058 1994//1994 
f 2058//2058 1994//1994 1994//1994 
f 1994//1994 1994//1994 2061//2061 
f 1994//1994 1995//1995 2061//2061 
f 2061//2061 1995//1995 2063//2063 
f 1995//1995 1996//1996 2063//2063 
f 2063//2063 1996//1996 2064//2064 
f 1996//1996 1997//1997 2064//2064 
f 2064//2064 1997//1997 2065//2065 
f 1997//1997 1998//1998 2065//2065 
f 2065//2065 1998//1998 2066//2066 
f 1998//1998 1999//1999 2066//2066 
f 2066//2066 1999//1999 2067//2067 
f 1999//1999 2000//2000 2067//2067 
f 2067//2067 2000//2000 2068//2068 
f 2000//2000 2001//2001 2068//2068 
f 2068//2068 2001//2001 2069//2069 
f 2001//2001 2002//2002 2069//2069 
f 2069//2069 2002//2002 2070//2070 
f 2002//2002 2003//2003 2070//2070 
f 2070//2070 2003//2003 2071//2071 
f 2003//2003 2004//2004 2071//2071 
f 2071//2071 2004//2004 2072//2072 
f 2004//2004 2005//2005 2072//2072 
f 2072//2072 2005//2005 2073//2073 
f 2005//2005 2005//2005 2073//2073 
f 2073//2073 2005//2005 2074//2074 
f 2005//2005 2006//2006 2074//2074 
f 2074//2074 2006//2006 2075//2075 
f 2006//2006 2007//2007 2075//2075 
f 2075//2075 2007//2007 2076//2076 
f 2007//2007 2008//2008 2076//2076 
f 2076//2076 2008//2008 2077//2077 
f 2008//2008 2009//2009 2077//2077 
f 2077//2077 2009//2009 2078//2078 
f 2009//2009 2010//2010 2078//2078 
f 2078//2078 2010//2010 2079//2079 
f 2010//2010 2011//2011 2079//2079 
f 2079//2079 2011//2011 2080//2080 
f 2011//2011 2012//2012 2080//2080 
f 2080//2080 2012//2012 2081//2081 
f 2012//2012 2013//2013 2081//2081 
f 2081//2081 2013//2013 2082//2082 
f 2013//2013 2014//2014 2082//2082 
f 2082//2082 2014//2014 2083//2083 
f 2014//2014 2015//2015 2083//2083 
f 2083//2083 2015//2015 2084//2084 
f 2015//2015 2016//2016 2084//2084 
f 2084//2084 2016//2016 2085//2085 
f 2016//2016 2017//2017 2085//2085 
f 2085//2085 2017//2017 2086//2086 
f 2017//2017 2018//2018 2086//2086 
f 2086//2086 2018//2018 2087//2087 
f 2018//2018 2019//2019 2087//2087 
f 2087//2087 2019//2019 2088//2088 
f 2019//2019 2020//2020 2088//2088 
f 2088//2088 2020//2020 2089//2089 
f 2020//2020 2021//2021 2089//2089 
f 2089//2089 2021//2021 2090//2090 
f 2021//2021 2022//2022 2090//2090 
f 2090//2090 2022//2022 2091//2091 
f 2022//2022 2023//2023 2091//2091 
f 2091//2091 2023//2023 2092//2092 
f 2023//2023 2024//2024 2092//2092 
f 2092//2092 2024//2024 2093//2093 
f 2024//2024 2025//2025 2093//2093 
f 2093//2093 2025//2025 2094//2094 
f 2025//2025 2026//2026 2094//2094 
f 2094//2094 2026//2026 2095//2095 
f 2026//2026 2027//2027 2095//2095 
f 2095//2095 2027//2027 2096//2096 
f 2027//2027 2028//2028 2096//2096 
f 2096//2096 2028//2028 2097//2097 
f 2028//2028 2029//2029 2097//2097 
f 2097//2097 2029//2029 2098//2098 
f 2029//2029 2030//2030 2098//2098 
f 2098//2098 2030//2030 2099//2099 
f 2030//2030 2031//2031 2099//2099 
f 2099//2099 2031//2031 2100//2100 
f 2031//2031 2032//2032 2100//2100 
f 2100//2100 2032//2032 2101//2101 
f 2032//2032 2033//2033 2101//2101 
f 2101//2101 2033//2033 2102//2102 
f 2033//2033 2034//2034 2102//2102 
f 2102//2102 2034//2034 2103//2103 
f 2034//2034 2035//2035 2103//2103 
f 2103//2103 2035//2035 2104//2104 
f 2035//2035 2036//2036 2104//2104 
f 2104//2104 2036//2036 2105//2105 
f 2036//2036 2037//2037 2105//2105 
f 2105//2105 2037//2037 2106//2106 
f 2037//2037 2038//2038 2106//2106 
f 2106//2106 2038//2038 2107//2107 
f 2038//2038 2039//2039 2107//2107 
f 2107//2107 2039//2039 2108//2108 
f 2039//2039 2040//2040 2108//2108 
f 2108//2108 2040//2040 2109//2109 
f 2040//2040 2041//2041 2109//2109 
f 2109//2109 2041//2041 2110//2110 
f 2041//2041 2042//2042 2110//2110 
f 2110//2110 2042//2042 2111//2111 
f 2042//2042 2043//2043 2111//2111 
f 2111//2111 2043//2043 2112//2112 
f 2043//2043 2044//2044 2112//2112 
f 2112//2112 2044//2044 2113//2113 
f 2044//2044 2045//2045 2113//2113 
f 2113//2113 2045//2045 2114//2114 
f 2045//2045 2046//2046 2114//2114 
f 2114//2114 2046//2046 2115//2115 
f 2046//2046 2047//2047 2115//2115 
f 2115//2115 2047//2047 2116//2116 
f 2047//2047 2048//2048 2116//2116 
f 2116//2116 2048//2048 2117//2117 
f 2048//2048 2049//2049 2117//2117 
f 2117//2117 2049//2049 2118//2118 
f 2049//2049 2049//2049 2118//2118 
f 2118//2118 2049//2049 2119//2119 
f 2049//2049 2050//2050 2119//2119 
f 2119//2119 2050//2050 2120//2120 
f 2050//2050 2051//2051 2120//2120 
f 2120//2120 2051//2051 2121//2121 
f 2051//2051 2052//2052 2121//2121 
f 2121//2121 2052//2052 2122//2122 
f 2052//2052 2053//2053 2122//2122 
f 2122//2122 2053//2053 2123//2123 
f 2053//2053 2054//2054 2123//2123 
f 2123//2123 2054//2054 2124//2124 
f 2054//2054 2055//2055 2124//2124 
f 2124//2124 2055//2055 2125//2125 
f 2055//2055 2056//2056 2125//2125 
f 2125//2125 2056//2056 2126//2126 
f 2056//2056 2057//2057 2126//2126 
f 2126//2126 2057//2057 2127//2127 
f 2057//2057 2058//2058 2127//2127 
f 2127//2127 2058//2058 2127//2127 
f 2058//2058 2062//2062 2127//2127 
f 2127//2127 2062//2062 2128//2128 
f 2062//2062 2063//2063 2128//2128 
f 2128//2128 2063//2063 2128//2128 
f 2063//2063 2064//2064 2128//2128 
f 2128//2128 2064//2064 2129//2129 
f 2064//2064 2065//2065 2129//2129 
f 2129//2129 2065//2065 2130//2130 
f 2065//2065 2066//2066 2130//2130 
f 2130//2130 2066//2066 2131//2131 
f 2066//2066 2067//2067 2131//2131 
f 2131//2131 2067//2067 2132//2132 
f 2067//2067 2068//2068 2132//2132 
f 2132//2132 2068//2068 2133//2133 
f 2068//2068 2069//2069 2133//2133 
f 2133//2133 2069//2069 2134//2134 
f 2069//2069 2070//2070 2134//2134 
f 2134//2134 2070//2070 2135//2135 
f 2070//2070 2071//2071 2135//2135 
f 2135//2135 2071//2071 2136//2136 
f 2071//2071 2072//2072 2136//2136 
f 2136//2136 2072//2072 2137//2137 
f 2072//2072 2073//2073 2137//2137 
f 2137//2137 2073//2073 2138//2138 
f 2073//2073 2073//2073 2138//2138 
f 2138//2138 2073//2073 2139//2139 
f 2073//2073 2074//2074 2139//2139 
f 2139//2139 2074//2074 2140//2140 
f 2074//2074 2075//2075 2140//2140 
f 2140//2140 2075//2075 2141//2141 
f 2075//2075 2076//2076 2141//2141 
f 2141//2141 2076//2076 2142//2142 
f 2076//2076 2077//2077 2142//2142 
f 2142//2142 2077//2077 2143//2143 
f 2077//2077 2078//2078 2143//2143 
f 2143//2143 2078//2078 2144//2144 
f 2078//2078 2079//2079 2144//2144 
f 2144//2144 2079//2079 2145//2145 
f 2079//2079 2080//2080 2145//2145 
f 2145//2145 2080//2080 2146//2146 
f 2080//2080 2081//2081 2146//2146 
f 2146//2146 2081//2081 2147//2147 
f 2081//2081 2082//2082 2147//2147 
f 2147//2147 2082//2082 2148//2148 
f 2082//2082 2083//2083 2148//2148 
f 2148//2148 2083//2083 2149//2149 
f 2083//2083 2084//2084 2149//2149 
f 2149//2149 2084//2084 2150//2150 
f 2084//2084 2085//2085 2150//2150 
f 2150//2150 2085//2085 2151//2151 
f 2085//2085 2086//2086 2151//2151 
f 2151//2151 2086//2086 2152//2152 
f 2086//2086 2087//2087 2152//2152 
f 2152//2152 2087//2087 2153//2153 
f 2087//2087 2088//2088 2153//2153 
f 2153//2153 2088//2088 2154//2154 
f 2088//2088 2089//2089 2154//2154 
f 2154//2154 2089//2089 2155//2155 
f 2089//2089 2090//2090 2155//2155 
f 2155//2155 2090//2090 2156//2156 
f 2090//2090 2091//2091 2156//2156 
f 2156//2156 2091//2091 2157//2157 
f 2091//2091 2092//2092 2157//2157 
f 2157//2157 2092//2092 2158//2158 
f 2092//2092 2093//2093 2158//2158 
f 2158//2158 2093//2093 2159//2159 
f 2093//2093 2094//2094 2159//2159 
f 2159//2159 2094//2094 2160//2160 
f 2094//2094 2095//2095 2160//2160 
f 2160//2160 2095//2095 2161//2161 
f 2095//2095 2096//2096 2161//2161 
f 2161//2161 2096//2096 2162//2162 
f 2096//2096 2097//2097 2162//2162 
f 2162//2162 2097//2097 2163//2163 
f 2097//2097 2098//2098 2163//2163 
f 2163//2163 2098//2098 2164//2164 
f 2098//2098 2099//2099 2164//2164 
f 2164//2164 2099//2099 2165//2165 
f 2099//2099 2100//2100 2165//2165 
f 2165//2165 2100//2100 2166//2166 
f 2100//2100 2101//2101 2166//2166 
f 2166//2166 2101//2101 2167//2167 
f 2101//2101 2102//2102 2167//2167 
f 2167//2167 2102//2102 2168//2168 
f 2102//2102 2103//2103 2168//2168 
f 2168//2168 2103//2103 2169//2169 
f 2103//2103 2104//2104 2169//2169 
f 2169//2169 2104//2104 2170//2170 
f 2104//2104 2105//2105 2170//2170 
f 2170//2170 2105//2105 2171//2171 
f 2105//2105 2106//2106 2171//2171 
f 2171//2171 2106//2106 2172//2172 
f 2106//2106 2107//2107 2172//2172 
f 2172//2172 2107//2107 2173//2173 
f 2107//2107 2108//2108 2173//2173 
f 2173//2173 2108//2108 2174//2174 
f 2108//2108 2109//2109 2174//2174 
f 2174//2174 2109//2109 2175//2175 
f 2109//2109 2110//2110 2175//2175 
f 2175//2175 2110//2110 2176//2176 
f 2110//2110 2111//2111 2176//2176 
f 2176//2176 2111//2111 2177//2177 
f 2111//2111 2112//2112 2177//2177 
f 2177//2177 2112//2112 2178//2178 
f 2112//2112 2113//2113 2178//2178 
f 2178//2178 2113//2113 2179//2179 
f 2113//2113 2114//2114 2179//2179 
f 2179//2179 2114//2114 2180//2180 
f 2114//2114 2115//2115 2180//2180 
f 2180//2180 2115//2115 2181//2181 
f 2115//2115 2116//2116 2181//2181 
f 2181//2181 2116//2116 2182//2182 
f 2116//2116 2117//2117 2182//2182 
f 2182//2182 2117//2117 2183//2183 
f 2117//2117 2118//2118 2183//2183 
f 2183//2183 2118//2118 2184//2184 
f 2118//2118 2118//2118 2184//2184 
f 2184//2184 2118//2118 2185//2185 
f 2118//2118 2119//2119 2185//2185 
f 2185//2185 2119//2119 2186//2186 
f 2119//2119 2120//2120 2186//2186 
f 2186//2186 2120//2120 2187//2187 
f 2120//2120 2121//2121 2187//2187 
f 2187//2187 2121//2121 2188//2188 
f 2121//2121 2122//2122 2188//2188 
f 2188//2188 2122//2122 2189//2189 
f 2122//2122 2123//2123 2189//2189 
f 2189//2189 2123//2123 2190//2190 
f 2123//2123 2124//2124 2190//2190 
f 2190//2190 2124//2124 2191//2191 
f 2124//2124 2125//2125 2191//2191 
f 2191//2191 2125//2125 2192//2192 
f 2125//2125 2126//2126 2192//2192 
f 2192//2192 2126//2126 2193//2193 
f 2126//2126 2127//2127 2193//2193 
f 2193//2193 2127//2127 2193//2193 
f 2127//2127 2128//2128 2193//2193 
f 2193//2193 2128//2128 2193//2193 
f 2128//2128 2129//2129 2193//2193 
f 2193//2193 2129//2129 2194//2194 
f 2129//2129 2130//2130 2194//2194 
f 2194//2194 2130//2130 2195//2195 
f 2130//2130 2131//2131 2195//2195 
f 2195//2195 2131//2131 2196//2196 
f 2131//2131 2132//2132 2196//2196 
f 2196//2196 2132//2132 2197//2197 
f 2132//2132 2133//2133 2197//2197 
f 2197//2197 2133//2133 2198//2198 
f 2133//2133 2134//2134 2198//2198 
f 2198//2198 2134//2134 2199//2199 
f 2134//2134 2135//2135 2199//2199 
f 2199//2199 2135//2135 2200//2200 
f 2135//2135 2136//2136 2200//2200 
f 2200//2200 2136//2136 2201//2201 
f 2136//2136 2137//2137 2201//2201 
f 2201//2201 2137//2137 2202//2202 
f 2137//2137 2138//2138 2202//2202 
f 2202//2202 2138//2138 2203//2203 
f 2138//2138 2138//2138 2203//2203 
f 2203//2203 2138//2138 2204//2204 
f 2138//2138 2139//2139 2204//2204 
f 2204//2204 2139//2139 2205//2205 
f 2139//2139 2140//2140 2205//2205 
f 2205//2205 2140//2140 2206//2206 
f 2140//2140 2141//2141 2206//2206 
f 2206//2206 2141//2141 2207//2207 
f 2141//2141 2142//2142 2207//2207 
f 2207//2207 2142//2142 2208//2208 
f 2142//2142 2143//2143 2208//2208 
f 2208//2208 2143//2143 2209//2209 
f 2143//2143 2144//2144 2209//2209 
f 2209//2209 2144//2144 2210//2210 
f 2144//2144 2145//2145 2210//2210 
f 2210//2210 2145//2145 2211//2211 
f 2145//2145 2146//2146 2211//2211 
f 2211//2211 2146//2146 2212//2212 
f 2146//2146 2147//2147 2212//2212 
f 2212//2212 2147//2147 2213//2213 
f 2147//2147 2148//2148 2213//2213 
f 2213//2213 2148//2148 2214//2214 
f 2148//2148 2149//2149 2214//2214 
f 2214//2214 2149//2149 2215//2215 
f 2149//2149 2150//2150 2215//2215 
f 2215//2215 2150//2150 2216//2216 
f 2150//2150 2151//2151 2216//2216 
f 2216//2216 2151//2151 2217//2217 
f 2151//2151 2152//2152 2217//2217 
f 2217//2217 2152//2152 2218//2218 
f 2152//2152 2153//2153 2218//2218 
f 2218//2218 2153//2153 2219//2219 
f 2153//2153 2154//2154 2219//2219 
f 2219//2219 2154//2154 2220//2220 
f 2154//2154 2155//2155 2220//2220 
f 2220//2220 2155//2155 2221//2221 
f 2155//2155 2156//2156 2221//2221 
f 2221//2221 2156//2156 2222//2222 
f 2156//2156 2157//2157 2222//2222 
f 2222//2222 2157//2157 2223//2223 
f 2157//2157 2158//2158 2223//2223 
f 2223//2223 2158//2158 2224//2224 
f 2158//2158 2159//2159 2224//2224 
f 2224//2224 2159//2159 2225//2225 
f 2159//2159 2160//2160 2225//2225 
f 2225//2225 2160//2160 2226//2226 
f 2160//2160 2161//2161 2226//2226 
f 2226//2226 2161//2161 2227//2227 
f 2161//2161 2162//2162 2227//2227 
f 2227//2227 2162//2162 2228//2228 
f 2162//2162 2163//2163 2228//2228 
f 2228//2228 2163//2163 2229//2229 
f 2163//2163 2164//2164 2229//2229 
f 2229//2229 2164//2164 2230//2230 
f 2164//2164 2165//2165 2230//2230 
f 2230//2230 2165//2165 2231//2231 
f 2165//2165 2166//2166 2231//2231 
f 2231//2231 2166//2166 2232//2232 
f 2166//2166 2167//2167 2232//2232 
f 2232//2232 2167//2167 2233//2233 
f 2167//2167 2168//2168 2233//2233 
f 2233//2233 2168//2168 2234//2234 
f 2168//2168 2169//2169 2234//2234 
f 2234//2234 2169//2169 2235//2235 
f 2169//2169 2170//2170 2235//2235 
f 2235//2235 2170//2170 2236//2236 
f 2170//2170 2171//2171 2236//2236 
f 2236//2236 2171//2171 2237//2237 
f 2171//2171 2172//2172 2237//2237 
f 2237//2237 2172//2172 2238//2238 
f 2172//2172 2173//2173 2238//2238 
f 2238//2238 2173//2173 2239//2239 
f 2173//2173 2174//2174 2239//2239 
f 2239//2239 2174//2174 2240//2240 
f 2174//2174 2175//2175 2240//2240 
f 2240//2240 2175//2175 2241//2241 
f 2175//2175 2176//2176 2241//2241 
f 2241//2241 2176//2176 2242//2242 
f 2176//2176 2177//2177 2242//2242 
f 2242//2242 2177//2177 2243//2243 
f 2177//2177 2178//2178 2243//2243 
f 2243//2243 2178//2178 2244//2244 
f 2178//2178 2179//2179 2244//2244 
f 2244//2244 2179//2179 2245//2245 
f 2179//2179 2180//2180 2245//2245 
f 2245//2245 2180//2180 2246//2246 
f 2180//2180 2181//2181 2246//2246 
f 2246//2246 2181//2181 2247//2247 
f 2181//2181 2182//2182 2247//2247 
f 2247//2247 2182//2182 2248//2248 
f 2182//2182 2183//2183 2248//2248 
f 2248//2248 2183//2183 2249//2249 
f 2183//2183 2184//2184 2249//2249 
f 2249//2249 2184//2184 2250//2250 
f 2184//2184 2184//2184 2250//2250 
f 2250//2250 2184//2184 2251//2251 
f 2184//2184 2185//2185 2251//2251 
f 2251//2251 2185//2185 2252//2252 
f 2185//2185 2186//2186 2252//2252 
f 2252//2252 2186//2186 2253//2253 
f 2186//2186 2187//2187 2253//2253 
f 2253//2253 2187//2187 2254//2254 
f 2187//2187 2188//2188 2254//2254 
f 2254//2254 2188//2188 2255//2255 
f 2188//2188 2189//2189 2255//2255 
f 2255//2255 2189//2189 2256//2256 
f 2189//2189 2190//2190 2256//2256 
f 2256//2256 2190//2190 2257//2257 
f 2190//2190 2191//2191 2257//2257 
f 2257//2257 2191//2191 2258//2258 
f 2191//2191 2192//2192 2258//2258 
f 2258//2258 2192//2192 2194//2194 
f 2192//2192 2193//2193 2194//2194 
f 2194//2194 2193//2193 2193//2193 
f 2193//2193 2063//2063 2193//2193 
f 2193//2193 2063//2063 2063//2063 
f 2063//2063 2062//2062 2063//2063 
f 2063//2063 2062//2062 2061//2061 
f 2062//2062 2061//2061 2061//2061 
f 2061//2061 2061//2061 2194//2194 
f 2061//2061 2194//2194 2194//2194 
f 2194//2194 2194//2194 2258//2258 
f 2194//2194 2195//2195 2258//2258 
f 2258//2258 2195//2195 2259//2259 
f 2195//2195 2196//2196 2259//2259 
f 2259//2259 2196//2196 2260//2260 
f 2196//2196 2197//2197 2260//2260 
f 2260//2260 2197//2197 2261//2261 
f 2197//2197 2198//2198 2261//2261 
f 2261//2261 2198//2198 2262//2262 
f 2198//2198 2199//2199 2262//2262 
f 2262//2262 2199//2199 2263//2263 
f 2199//2199 2200//2200 2263//2263 
f 2263//2263 2200//2200 2264//2264 
f 2200//2200 2201//2201 2264//2264 
f 2264//2264 2201//2201 2265//2265 
f 2201//2201 2202//2202 2265//2265 
f 2265//2265 2202//2202 2266//2266 
f 2202//2202 2203//2203 2266//2266 
f 2266//2266 2203//2203 2267//2267 
f 2203//2203 2203//2203 2267//2267 
f 2267//2267 2203//2203 2268//2268 
f 2203//2203 2204//2204 2268//2268 
f 2268//2268 2204//2204 2269//2269 
f 2204//2204 2205//2205 2269//2269 
f 2269//2269 2205//2205 2270//2270 
f 2205//2205 2206//2206 2270//2270 
f 2270//2270 2206//2206 2271//2271 
f 2206//2206 2207//2207 2271//2271 
f 2271//2271 2207//2207 2272//2272 
f 2207//2207 2208//2208 2272//2272 
f 2272//2272 2208//2208 2273//2273 
f 2208//2208 2209//2209 2273//2273 
f 2273//2273 2209//2209 2274//2274 
f 2209//2209 2210//2210 2274//2274 
f 2274//2274 2210//2210 2275//2275 
f 2210//2210 2211//2211 2275//2275 
f 2275//2275 2211//2211 2276//2276 
f 2211//2211 2212//2212 2276//2276 
f 2276//2276 2212//2212 2277//2277 
f 2212//2212 2213//2213 2277//2277 
f 2277//2277 2213//2213 2278//2278 
f 2213//2213 2214//2214 2278//2278 
f 2278//2278 2214//2214 2279//2279 
f 2214//2214 2215//2215 2279//2279 
f 2279//2279 2215//2215 2280//2280 
f 2215//2215 2216//2216 2280//2280 
f 2280//2280 2216//2216 2281//2281 
f 2216//2216 2217//2217 2281//2281 
f 2281//2281 2217//2217 2282//2282 
f 2217//2217 2218//2218 2282//2282 
f 2282//2282 2218//2218 2283//2283 
f 2218//2218 2219//2219 2283//2283 
f 2283//2283 2219//2219 2284//2284 
f 2219//2219 2220//2220 2284//2284 
f 2284//2284 2220//2220 2285//2285 
f 2220//2220 2221//2221 2285//2285 
f 2285//2285 2221//2221 2286//2286 
f 2221//2221 2222//2222 2286//2286 
f 2286//2286 2222//2222 2287//2287 
f 2222//2222 2223//2223 2287//2287 
f 2287//2287 2223//2223 2288//2288 
f 2223//2223 2224//2224 2288//2288 
f 2288//2288 2224//2224 2289//2289 
f 2224//2224 2225//2225 2289//2289 
f 2289//2289 2225//2225 2290//2290 
f 2225//2225 2226//2226 2290//2290 
f 2290//2290 2226//2226 2291//2291 
f 2226//2226 2227//2227 2291//2291 
f 2291//2291 2227//2227 2292//2292 
f 2227//2227 2228//2228 2292//2292 
f 2292//2292 2228//2228 2293//2293 
f 2228//2228 2229//2229 2293//2293 
f 2293//2293 2229//2229 2294//2294 
f 2229//2229 2230//2230 2294//2294 
f 2294//2294 2230//2230 2295//2295 
f 2230//2230 2231//2231 2295//2295 
f 2295//2295 2231//2231 2296//2296 
f 2231//2231 2232//2232 2296//2296 
f 2296//2296 2232//2232 2297//2297 
f 2232//2232 2233//2233 2297//2297 
f 2297//2297 2233//2233 2298//2298 
f 2233//2233 2234//2234 2298//2298 
f 2298//2298 2234//2234 2299//2299 
f 2234//2234 2235//2235 2299//2299 
f 2299//2299 2235//2235 2300//2300 
f 2235//2235 2236//2236 2300//2300 
f 2300//2300 2236//2236 2301//2301 
f 2236//2236 2237//2237 2301//2301 
f 2301//2301 2237//2237 2302//2302 
f 2237//2237 2238//2238 2302//2302 
f 2302//2302 2238//2238 2303//2303 
f 2238//2238 2239//2239 2303//2303 
f 2303//2303 2239//2239 2304//2304 
f 2239//2239 2240//2240 2304//2304 
f 2304//2304 2240//2240 2305//2305 
f 2240//2240 2241//2241 2305//2305 
f 2305//2305 2241//2241 2306//2306 
f 2241//2241 2242//2242 2306//2306 
f 2306//2306 2242//2242 2307//2307 
f 2242//2242 2243//2243 2307//2307 
f 2307//2307 2243//2243 2308//2308 
f 2243//2243 2244//2244 2308//2308 
f 2308//2308 2244//2244 2309//2309 
f 2244//2244 2245//2245 2309//2309 
f 2309//2309 2245//2245 2310//2310 
f 2245//2245 2246//2246 2310//2310 
f 2310//2310 2246//2246 2311//2311 
f 2246//2246 2247//2247 2311//2311 
f 2311//2311 2247//2247 2312//2312 
f 2247//2247 2248//2248 2312//2312 
f 2312//2312 2248//2248 2313//2313 
f 2248//2248 2249//2249 2313//2313 
f 2313//2313 2249//2249 2314//2314 
f 2249//2249 2250//2250 2314//2314 
f 2314//2314 2250//2250 2315//2315 
f 2250//2250 2250//2250 2315//2315 
f 2315//2315 2250//2250 2316//2316 
f 2250//2250 2251//2251 2316//2316 
f 2316//2316 2251//2251 2317//2317 
f 2251//2251 2252//2252 2317//2317 
f 2317//2317 2252//2252 2318//2318 
f 2252//2252 2253//2253 2318//2318 
f 2318//2318 2253//2253 2319//2319 
f 2253//2253 2254//2254 2319//2319 
f 2319//2319 2254//2254 2320//2320 
f 2254//2254 2255//2255 2320//2320 
f 2320//2320 2255//2255 2321//2321 
f 2255//2255 2256//2256 2321//2321 
f 2321//2321 2256//2256 2322//2322 
f 2256//2256 2257//2257 2322//2322 
f 2322//2322 2257//2257 2259//2259 
f 2257//2257 2258//2258 2259//2259 
f 2259//2259 2258//2258 2258//2258 
f 2258//2258 2259//2259 2258//2258 
f 2258//2258 2259//2259 2259//2259 
f 2259//2259 2260//2260 2259//2259 
f 2259//2259 2260//2260 2322//2322 
f 2260//2260 2323//2323 2322//2322 
f 2322//2322 2323//2323 2321//2321 
f 2323//2323 2324//2324 2321//2321 
f 2321//2321 2324//2324 2320//2320 
f 2324//2324 2320//2320 2320//2320 
f 2320//2320 2320//2320 2260//2260 
f 2320//2320 2260//2260 2260//2260 
f 2260//2260 2260//2260 2323//2323 
f 2260//2260 2261//2261 2323//2323 
f 2323//2323 2261//2261 2325//2325 
f 2261//2261 2262//2262 2325//2325 
f 2325//2325 2262//2262 2326//2326 
f 2262//2262 2263//2263 2326//2326 
f 2326//2326 2263//2263 2327//2327 
f 2263//2263 2264//2264 2327//2327 
f 2327//2327 2264//2264 2328//2328 
f 2264//2264 2265//2265 2328//2328 
f 2328//2328 2265//2265 2329//2329 
f 2265//2265 2266//2266 2329//2329 
f 2329//2329 2266//2266 2330//2330 
f 2266//2266 2267//2267 2330//2330 
f 2330//2330 2267//2267 2331//2331 
f 2267//2267 2267//2267 2331//2331 
f 2331//2331 2267//2267 2332//2332 
f 2267//2267 2268//2268 2332//2332 
f 2332//2332 2268//2268 2333//2333 
f 2268//2268 2269//2269 2333//2333 
f 2333//2333 2269//2269 2334//2334 
f 2269//2269 2270//2270 2334//2334 
f 2334//2334 2270//2270 2335//2335 
f 2270//2270 2271//2271 2335//2335 
f 2335//2335 2271//2271 2336//2336 
f 2271//2271 2272//2272 2336//2336 
f 2336//2336 2272//2272 2337//2337 
f 2272//2272 2273//2273 2337//2337 
f 2337//2337 2273//2273 2338//2338 
f 2273//2273 2274//2274 2338//2338 
f 2338//2338 2274//2274 2339//2339 
f 2274//2274 2275//2275 2339//2339 
f 2339//2339 2275//2275 2340//2340 
f 2275//2275 2276//2276 2340//2340 
f 2340//2340 2276//2276 2341//2341 
f 2276//2276 2277//2277 2341//2341 
f 2341//2341 2277//2277 2342//2342 
f 2277//2277 2278//2278 2342//2342 
f 2342//2342 2278//2278 2343//2343 
f 2278//2278 2279//2279 2343//2343 
f 2343//2343 2279//2279 2344//2344 
f 2279//2279 2280//2280 2344//2344 
f 2344//2344 2280//2280 2345//2345 
f 2280//2280 2281//2281 2345//2345 
f 2345//2345 2281//2281 2346//2346 
f 2281//2281 2282//2282 2346//2346 
f 2346//2346 2282//2282 2347//2347 
f 2282//2282 2283//2283 2347//2347 
f 2347//2347 2283//2283 2348//2348 
f 2283//2283 2284//2284 2348//2348 
f 2348//2348 2284//2284 2349//2349 
f 2284//2284 2285//2285 2349//2349 
f 2349//2349 2285//2285 2350//2350 
f 2285//2285 2286//2286 2350//2350 
f 2350//2350 2286//2286 2351//2351 
f 2286//2286 2287//2287 2351//2351 
f 2351//2351 2287//2287 2352//2352 
f 2287//2287 2288//2288 2352//2352 
f 2352//2352 2288//2288 2353//2353 
f 2288//2288 2289//2289 2353//2353 
f 2353//2353 2289//2289 2354//2354 
f 2289//2289 2290//2290 2354//2354 
f 2354//2354 2290//2290 2355//2355 
f 2290//2290 2291//2291 2355//2355 
f 2355//2355 2291//2291 2356//2356 
f 2291//2291 2292//2292 2356//2356 
f 2356//2356 2292//2292 2357//2357 
f 2292//2292 2293//2293 2357//2357 
f 2357//2357 2293//2293 2358//2358 
f 2293//2293 2294//2294 2358//2358 
f 2358//2358 2294//2294 2359//2359 
f 2294//2294 2295//2295 2359//2359 
f 2359//2359 2295//2295 2360//2360 
f 2295//2295 2296//2296 2360//2360 
f 2360//2360 2296//2296 2361//2361 
f 2296//2296 2297//2297 2361//2361 
f 2361//2361 2297//2297 2362//2362 
f 2297//2297 2298//2298 2362//2362 
f 2362//2362 2298//2298 2363//2363 
f 2298//2298 2299//2299 2363//2363 
f 2363//2363 2299//2299 2364//2364 
f 2299//2299 2300//2300 2364//2364 
f 2364//2364 2300//2300 2365//2365 
f 2300//2300 2301//2301 2365//2365 
f 2365//2365 2301//2301 2366//2366 
f 2301//2301 2302//2302 2366//2366 
f 2366//2366 2302//2302 2367//2367 
f 2302//2302 2303//2303 2367//2367 
f 2367//2367 2303//2303 2368//2368 
f 2303//2303 2304//2304 2368//2368 
f 2368//2368 2304//2304 2369//2369 
f 2304//2304 2305//2305 2369//2369 
f 2369//2369 2305//2305 2370//2370 
f 2305//2305 2306//2306 2370//2370 
f 2370//2370 2306//2306 2371//2371 
f 2306//2306 2307//2307 2371//2371 
f 2371//2371 2307//2307 2372//2372 
f 2307//2307 2308//2308 2372//2372 
f 2372//2372 2308//2308 2373//2373 
f 2308//2308 2309//2309 2373//2373 
f 2373//2373 2309//2309 2374//2374 
f 2309//2309 2310//2310 2374//2374 
f 2374//2374 2310//2310 2375//2375 
f 2310//2310 2311//2311 2375//2375 
f 2375//2375 2311//2311 2376//2376 
f 2311//2311 2312//2312 2376//2376 
f 2376//2376 2312//2312 2377//2377 
f 2312//2312 2313//2313 2377//2377 
f 2377//2377 2313//2313 2378//2378 
f 2313//2313 2314//2314 2378//2378 
f 2378//2378 2314//2314 2379//2379 
f 2314//2314 2315//2315 2379//2379 
f 2379//2379 2315//2315 2380//2380 
f 2315//2315 2315//2315 2380//2380 
f 2380//2380 2315//2315 2381//2381 
f 2315//2315 2316//2316 2381//2381 
f 2381//2381 2316//2316 2382//2382 
f 2316//2316 2317//2317 2382//2382 
f 2382//2382 2317//2317 2383//2383 
f 2317//2317 2318//2318 2383//2383 
f 2383//2383 2318//2318 2384//2384 
f 2318//2318 2319//2319 2384//2384 
f 2384//2384 2319//2319 2385//2385 
f 2319//2319 2320//2320 2385//2385 
f 2385//2385 2320//2320 2385//2385 
f 2320//2320 2324//2324 2385//2385 
f 2385//2385 2324//2324 2386//2386 
f 2324//2324 2325//2325 2386//2386 
f 2386//2386 2325//2325 2386//2386 
f 2325//2325 2326//2326 2386//2386 
f 2386//2386 2326//2326 2387//2387 
f 2326//2326 2327//2327 2387//2387 
f 2387//2387 2327//2327 2388//2388 
f 2327//2327 2328//2328 2388//2388 
f 2388//2388 2328//2328 2389//2389 
f 2328//2328 2329//2329 2389//2389 
f 2389//2389 2329//2329 2390//2390 
f 2329//2329 2330//2330 2390//2390 
f 2390//2390 2330//2330 2391//2391 
f 2330//2330 2331//2331 2391//2391 
f 2391//2391 2331//2331 2392//2392 
f 2331//2331 2331//2331 2392//2392 
f 2392//2392 2331//2331 2393//2393 
f 2331//2331 2332//2332 2393//2393 
f 2393//2393 2332//2332 2394//2394 
f 2332//2332 2333//2333 2394//2394 
f 2394//2394 2333//2333 2395//2395 
f 2333//2333 2334//2334 2395//2395 
f 2395//2395 2334//2334 2396//2396 
f 2334//2334 2335//2335 2396//2396 
f 2396//2396 2335//2335 2397//2397 
f 2335//2335 2336//2336 2397//2397 
f 2397//2397 2336//2336 2398//2398 
f 2336//2336 2337//2337 2398//2398 
f 2398//2398 2337//2337 2399//2399 
f 2337//2337 2338//2338 2399//2399 
f 2399//2399 2338//2338 2400//2400 
f 2338//2338 2339//2339 2400//2400 
f 2400//2400 2339//2339 2401//2401 
f 2339//2339 2340//2340 2401//2401 
f 2401//2401 2340//2340 2402//2402 
f 2340//2340 2341//2341 2402//2402 
f 2402//2402 2341//2341 2403//2403 
f 2341//2341 2342//2342 2403//2403 
f 2403//2403 2342//2342 2404//2404 
f 2342//2342 2343//2343 2404//2404 
f 2404//2404 2343//2343 2405//2405 
f 2343//2343 2344//2344 2405//2405 
f 2405//2405 2344//2344 2406//2406 
f 2344//2344 2345//2345 2406//2406 
f 2406//2406 2345//2345 2407//2407 
f 2345//2345 2346//2346 2407//2407 
f 2407//2407 2346//2346 2408//2408 
f 2346//2346 2347//2347 2408//2408 
f 2408//2408 2347//2347 2409//2409 
f 2347//2347 2348//2348 2409//2409 
f 2409//2409 2348//2348 2410//2410 
f 2348//2348 2349//2349 2410//2410 
f 2410//2410 2349//2349 2411//2411 
f 2349//2349 2350//2350 2411//2411 
f 2411//2411 2350//2350 2412//2412 
f 2350//2350 2351//2351 2412//2412 
f 2412//2412 2351//2351 2413//2413 
f 2351//2351 2352//2352 2413//2413 
f 2413//2413 2352//2352 2414//2414 
f 2352//2352 2353//2353 2414//2414 
f 2414//2414 2353//2353 2415//2415 
f 2353//2353 2354//2354 2415//2415 
f 2415//2415 2354//2354 2416//2416 
f 2354//2354 2355//2355 2416//2416 
f 2416//2416 2355//2355 2417//2417 
f 2355//2355 2356//2356 2417//2417 
f 2417//2417 2356//2356 2418//2418 
f 2356//2356 2357//2357 2418//2418 
f 2418//2418 2357//2357 2419//2419 
f 2357//2357 2358//2358 2419//2419 
f 2419//2419 2358//2358 2420//2420 
f 2358//2358 2359//2359 2420//2420 
f 2420//2420 2359//2359 2421//2421 
f 2359//2359 2360//2360 2421//2421 
f 2421//2421 2360//2360 2422//2422 
f 2360//2360 2361//2361 2422//2422 
f 2422//2422 2361//2361 2423//2423 
f 2361//2361 2362//2362 2423//2423 
f 2423//2423 2362//2362 2424//2424 
f 2362//2362 2363//2363 2424//2424 
f 2424//2424 2363//2363 2425//2425 
f 2363//2363 2364//2364 2425//2425 
f 2425//2425 2364//2364 2426//2426 
f 2364//2364 2365//2365 2426//2426 
f 2426//2426 2365//2365 2427//2427 
f 2365//2365 2366//2366 2427//2427 
f 2427//2427 2366//2366 2428//2428 
f 2366//2366 2367//2367 2428//2428 
f 2428//2428 2367//2367 2429//2429 
f 2367//2367 2368//2368 2429//2429 
f 2429//2429 2368//2368 2430//2430 
f 2368//2368 2369//2369 2430//2430 
f 2430//2430 2369//2369 2431//2431 
f 2369//2369 2370//2370 2431//2431 
f 2431//2431 2370//2370 2432//2432 
f 2370//2370 2371//2371 2432//2432 
f 2432//2432 2371//2371 2433//2433 
f 2371//2371 2372//2372 2433//2433 
f 2433//2433 2372//2372 2434//2434 
f 2372//2372 2373//2373 2434//2434 
f 2434//2434 2373//2373 2435//2435 
f 2373//2373 2374//2374 2435//2435 
f 2435//2435 2374//2374 2436//2436 
f 2374//2374 2375//2375 2436//2436 
f 2436//2436 2375//2375 2437//2437 
f 2375//2375 2376//2376 2437//2437 
f 2437//2437 2376//2376 2438//2438 
f 2376//2376 2377//2377 2438//2438 
f 2438//2438 2377//2377 2439//2439 
f 2377//2377 2378//2378 2439//2439 
f 2439//2439 2378//2378 2440//2440 
f 2378//2378 2379//2379 2440//2440 
f 2440//2440 2379//2379 2441//2441 
f 2379//2379 2380//2380 2441//2441 
f 2441//2441 2380//2380 2442//2442 
f 2380//2380 2380//2380 2442//2442 
f 2442//2442 2380//2380 2443//2443 
f 2380//2380 2381//2381 2443//2443 
f 2443//2443 2381//2381 2444//2444 
f 2381//2381 2382//2382 2444//2444 
f 2444//2444 2382//2382 2445//2445 
f 2382//2382 2383//2383 2445//2445 
f 2445//2445 2383//2383 2446//2446 
f 2383//2383 2384//2384 2446//2446 
f 2446//2446 2384//2384 2447//2447 
f 2384//2384 2385//2385 2447//2447 
f 2447//2447 2385//2385 2447//2447 
f 2385//2385 2386//2386 2447//2447 
f 2447//2447 2386//2386 2447//2447 
f 2386//2386 2387//2387 2447//2447 
f 2447//2447 2387//2387 2448//2448 
f 2387//2387 2388//2388 2448//2448 
f 2448//2448 2388//2388 2449//2449 
f 2388//2388 2389//2389 2449//2449 
f 2449//2449 2389//2389 2450//2450 
f 2389//2389 2390//2390 2450//2450 
f 2450//2450 2390//2390 2451//2451 
f 2390//2390 2391//2391 2451//2451 
f 2451//2451 2391//2391 2452//2452 
f 2391//2391 2392//2392 2452//2452 
f 2452//2452 2392//2392 2453//2453 
f 2392//2392 2392//2392 2453//2453 
f 2453//2453 2392//2392 2454//2454 
f 2392//2392 2393//2393 2454//2454 
f 2454//2454 2393//2393 2455//2455 
f 2393//2393 2394//2394 2455//2455 
f 2455//2455 2394//2394 2456//2456 
f 2394//2394 2395//2395 2456//2456 
f 2456//2456 2395//2395 2457//2457 
f 2395//2395 2396//2396 2457//2457 
f 2457//2457 2396//2396 2458//2458 
f 2396//2396 2397//2397 2458//2458 
f 2458//2458 2397//2397 2459//2459 
f 2397//2397 2398//2398 2459//2459 
f 2459//2459 2398//2398 2460//2460 
f 2398//2398 2399//2399 2460//2460 
f 2460//2460 2399//2399 2461//2461 
f 2399//2399 2400//2400 2461//2461 
f 2461//2461 2400//2400 2462//2462 
f 2400//2400 2401//2401 2462//2462 
f 2462//2462 2401//2401 2463//2463 
f 2401//2401 2402//2402 2463//2463 
f 2463//2463 2402//2402 2464//2464 
f 2402//2402 2403//2403 2464//2464 
f 2464//2464 2403//2403 2465//2465 
f 2403//2403 2404//2404 2465//2465 
f 2465//2465 2404//2404 2466//2466 
f 2404//2404 2405//2405 2466//2466 
f 2466//2466 2405//2405 2467//2467 
f 2405//2405 2406//2406 2467//2467 
f 2467//2467 2406//2406 2468//2468 
f 2406//2406 2407//2407 2468//2468 
f 2468//2468 2407//2407 2469//2469 
f 2407//2407 2408//2408 2469//2469 
f 2469//2469 2408//2408 2470//2470 
f 2408//2408 2409//2409 2470//2470 
f 2470//2470 2409//2409 2471//2471 
f 2409//2409 2410//2410 2471//2471 
f 2471//2471 2410//2410 2472//2472 
f 2410//2410 2411//2411 2472//2472 
f 2472//2472 2411//2411 2473//2473 
f 2411//2411 2412//2412 2473//2473 
f 2473//2473 2412//2412 2474//2474 
f 2412//2412 2413//2413 2474//2474 
f 2474//2474 2413//2413 2475//2475 
f 2413//2413 2414//2414 2475//2475 
f 2475//2475 2414//2414 2476//2476 
f 2414//2414 2415//2415 2476//2476 
f 2476//2476 2415//2415 2477//2477 
f 2415//2415 2416//2416 2477//2477 
f 2477//2477 2416//2416 2478//2478 
f 2416//2416 2417//2417 2478//2478 
f 2478//2478 2417//2417 2479//2479 
f 2417//2417 2418//2418 2479//2479 
f 2479//2479 2418//2418 2480//2480 
f 2418//2418 2419//2419 2480//2480 
f 2480//2480 2419//2419 2481//2481 
f 2419//2419 2420//2420 2481//2481 
f 2481//2481 2420//2420 2482//2482 
f 2420//2420 2421//2421 2482//2482 
f 2482//2482 2421//2421 2483//2483 
f 2421//2421 2422//2422 2483//2483 
f 2483//2483 2422//2422 2484//2484 
f 2422//2422 2423//2423 2484//2484 
f 2484//2484 2423//2423 2485//2485 
f 2423//2423 2424//2424 2485//2485 
f 2485//2485 2424//2424 2486//2486 
f 2424//2424 2425//2425 2486//2486 
f 2486//2486 2425//2425 2487//2487 
f 2425//2425 2426//2426 2487//2487 
f 2487//2487 2426//2426 2488//2488 
f 2426//2426 2427//2427 2488//2488 
f 2488//2488 2427//2427 2489//2489 
f 2427//2427 2428//2428 2489//2489 
f 2489//2489 2428//2428 2490//2490 
f 2428//2428 2429//2429 2490//2490 
f 2490//2490 2429//2429 2491//2491 
f 2429//2429 2430//2430 2491//2491 
f 2491//2491 2430//2430 2492//2492 
f 2430//2430 2431//2431 2492//2492 
f 2492//2492 2431//2431 2493//2493 
f 2431//2431 2432//2432 2493//2493 
f 2493//2493 2432//2432 2494//2494 
f 2432//2432 2433//2433 2494//2494 
f 2494//2494 2433//2433 2495//2495 
f 2433//2433 2434//2434 2495//2495 
f 2495//2495 2434//2434 2496//2496 
f 2434//2434 2435//2435 2496//2496 
f 2496//2496 2435//2435 2497//2497 
f 2435//2435 2436//2436 2497//2497 
f 2497//2497 2436//2436 2498//2498 
f 2436//2436 2437//2437 2498//2498 
f 2498//2498 2437//2437 2499//2499 
f 2437//2437 2438//2438 2499//2499 
f 2499//2499 2438//2438 2500//2500 
f 2438//2438 2439//2439 2500//2500 
f 2500//2500 2439//2439 2501//2501 
f 2439//2439 2440//2440 2501//2501 
f 2501//2501 2440//2440 2502//2502 
f 2440//2440 2441//2441 2502//2502 
f 2502//2502 2441//2441 2503//2503 
f 2441//2441 2442//2442 2503//2503 
f 2503//2503 2442//2442 2504//2504 
f 2442//2442 2442//2442 2504//2504 
f 2504//2504 2442//2442 2505//2505 
f 2442//2442 2443//2443 2505//2505 
f 2505//2505 2443//2443 2506//2506 
f 2443//2443 2444//2444 2506//2506 
f 2506//2506 2444//2444 2507//2507 
f 2444//2444 2445//2445 2507//2507 
f 2507//2507 2445//2445 2508//2508 
f 2445//2445 2446//2446 2508//2508 
f 2508//2508 2446//2446 2448//2448 
f 2446//2446 2447//2447 2448//2448 
f 2448//2448 2447//2447 2447//2447 
f 2447//2447 2325//2325 2447//2447 
f 2447//2447 2325//2325 2325//2325 
f 2325//2325 2324//2324 2325//2325 
f 2325//2325 2324//2324 2323//2323 
f 2324//2324 2323//2323 2323//2323 
f 2323//2323 2323//2323 2448//2448 
f 2323//2323 2448//2448 2448//2448 
f 2448//2448 2448//2448 2508//2508 
f 2448//2448 2449//2449 2508//2508 
f 2508//2508 2449//2449 2509//2509 
f 2449//2449 2450//2450 2509//2509 
f 2509//2509 2450//2450 2510//2510 
f 2450//2450 2451//2451 2510//2510 
f 2510//2510 2451//2451 2511//2511 
f 2451//2451 2452//2452 2511//2511 
f 2511//2511 2452//2452 2512//2512 
f 2452//2452 2453//2453 2512//2512 
f 2512//2512 2453//2453 2513//2513 
f 2453//2453 2453//2453 2513//2513 
f 2513//2513 2453//2453 2514//2514 
f 2453//2453 2454//2454 2514//2514 
f 2514//2514 2454//2454 2515//2515 
f 2454//2454 2455//2455 2515//2515 
f 2515//2515 2455//2455 2516//2516 
f 2455//2455 2456//2456 2516//2516 
f 2516//2516 2456//2456 2517//2517 
f 2456//2456 2457//2457 2517//2517 
f 2517//2517 2457//2457 2518//2518 
f 2457//2457 2458//2458 2518//2518 
f 2518//2518 2458//2458 2519//2519 
f 2458//2458 2459//2459 2519//2519 
f 2519//2519 2459//2459 2520//2520 
f 2459//2459 2460//2460 2520//2520 
f 2520//2520 2460//2460 2521//2521 
f 2460//2460 2461//2461 2521//2521 
f 2521//2521 2461//2461 2522//2522 
f 2461//2461 2462//2462 2522//2522 
f 2522//2522 2462//2462 2523//2523 
f 2462//2462 2463//2463 2523//2523 
f 2523//2523 2463//2463 2524//2524 
f 2463//2463 2464//2464 2524//2524 
f 2524//2524 2464//2464 2464//2464 
f 2464//2464 2509//2509 2464//2464 
f 2464//2464 2509//2509 2509//2509 
f 2509//2509 2507//2507 2509//2509 
f 2509//2509 2507//2507 2508//2508 
f 2507//2507 2508//2508 2508//2508 
f 2508//2508 2508//2508 2515//2515 
f 2508//2508 2515//2515 2515//2515 
f 2515//2515 2515//2515 2514//2514 
f 2515//2515 2516//2516 2514//2514 
f 2514//2514 2516//2516 2525//2525 
f 2516//2516 2517//2517 2525//2525 
f 2525//2525 2517//2517 2517//2517 
f 2517//2517 2513//2513 2517//2517 
f 2517//2517 2513//2513 2513//2513 
f 2513//2513 2514//2514 2513//2513 
f 2513//2513 2514//2514 2525//2525 
f 2514//2514 2525//2525 2525//2525 
f 2525//2525 2525//2525 2523//2523 
f 2525//2525 2523//2523 2523//2523 
f 2523//2523 2523//2523 2522//2522 
f 2523//2523 2524//2524 2522//2522 
f 2522//2522 2524//2524 2522//2522 
f 2524//2524 2526//2526 2522//2522 
f 2522//2522 2526//2526 2521//2521 
f 2526//2526 2527//2527 2521//2521 
f 2521//2521 2527//2527 2520//2520 
f 2527//2527 2528//2528 2520//2520 
f 2520//2520 2528//2528 2519//2519 
f 2528//2528 2528//2528 2519//2519 
f 2519//2519 2528//2528 2518//2518 
f 2528//2528 2529//2529 2518//2518 
f 2518//2518 2529//2529 2517//2517 
f 2529//2529 2529//2529 2517//2517 
f 2517//2517 2529//2529 2525//2525 
f 2529//2529 2530//2530 2525//2525 
f 2525//2525 2530//2530 2513//2513 
f 2530//2530 2531//2531 2513//2513 
f 2513//2513 2531//2531 2512//2512 
f 2531//2531 2532//2532 2512//2512 
f 2512//2512 2532//2532 2511//2511 
f 2532//2532 2533//2533 2511//2511 
f 2511//2511 2533//2533 2510//2510 
f 2533//2533 2534//2534 2510//2510 
f 2510//2510 2534//2534 2509//2509 
f 2534//2534 2534//2534 2509//2509 
f 2509//2509 2534//2534 2507//2507 
f 2534//2534 2534//2534 2507//2507 
f 2507//2507 2534//2534 2506//2506 
f 2534//2534 2535//2535 2506//2506 
f 2506//2506 2535//2535 2505//2505 
f 2535//2535 2505//2505 2505//2505 
f 2505//2505 2505//2505 2534//2534 
f 2505//2505 2534//2534 2534//2534 
f 2534//2534 2534//2534 2535//2535 
f 2534//2534 2533//2533 2535//2535 
f 2535//2535 2533//2533 2536//2536 
f 2533//2533 2532//2532 2536//2536 
f 2536//2536 2532//2532 2537//2537 
f 2532//2532 2531//2531 2537//2537 
f 2537//2537 2531//2531 2538//2538 
f 2531//2531 2530//2530 2538//2538 
f 2538//2538 2530//2530 2530//2530 
f 2530//2530 2538//2538 2530//2530 
f 2530//2530 2538//2538 2538//2538 
f 2538//2538 2539//2539 2538//2538 
f 2538//2538 2539//2539 2537//2537 
f 2539//2539 2539//2539 2537//2537 
f 2537//2537 2539//2539 2536//2536 
f 2539//2539 2540//2540 2536//2536 
f 2536//2536 2540//2540 2535//2535 
f 2540//2540 2540//2540 2535//2535 
f 2535//2535 2540//2540 2505//2505 
f 2540//2540 2540//2540 2505//2505 
f 2505//2505 2540//2540 2504//2504 
f 2540//2540 2540//2540 2504//2504 
f 2504//2504 2540//2540 2541//2541 
f 2540//2540 2539//2539 2541//2541 
f 2541//2541 2539//2539 2542//2542 
f 2539//2539 2538//2538 2542//2542 
f 2542//2542 2538//2538 2543//2543 
f 2538//2538 2530//2530 2543//2543 
f 2543//2543 2530//2530 2543//2543 
f 2530//2530 2529//2529 2543//2543 
f 2543//2543 2529//2529 2543//2543 
f 2529//2529 2528//2528 2543//2543 
f 2543//2543 2528//2528 2543//2543 
f 2528//2528 2527//2527 2543//2543 
f 2543//2543 2527//2527 2544//2544 
f 2527//2527 2526//2526 2544//2544 
f 2544//2544 2526//2526 2545//2545 
f 2526//2526 2524//2524 2545//2545 
f 2545//2545 2524//2524 2545//2545 
f 2524//2524 2464//2464 2545//2545 
f 2545//2545 2464//2464 2545//2545 
f 2464//2464 2465//2465 2545//2545 
f 2545//2545 2465//2465 2546//2546 
f 2465//2465 2466//2466 2546//2546 
f 2546//2546 2466//2466 2547//2547 
f 2466//2466 2467//2467 2547//2547 
f 2547//2547 2467//2467 2467//2467 
f 2467//2467 2545//2545 2467//2467 
f 2467//2467 2545//2545 2545//2545 
f 2545//2545 2546//2546 2545//2545 
f 2545//2545 2546//2546 2544//2544 
f 2546//2546 2548//2548 2544//2544 
f 2544//2544 2548//2548 2543//2543 
f 2548//2548 2548//2548 2543//2543 
f 2543//2543 2548//2548 2549//2549 
f 2548//2548 2550//2550 2549//2549 
f 2549//2549 2550//2550 2551//2551 
f 2550//2550 2468//2468 2551//2551 
f 2551//2551 2468//2468 2551//2551 
f 2468//2468 2469//2469 2551//2551 
f 2551//2551 2469//2469 2552//2552 
f 2469//2469 2470//2470 2552//2552 
f 2552//2552 2470//2470 2553//2553 
f 2470//2470 2471//2471 2553//2553 
f 2553//2553 2471//2471 2554//2554 
f 2471//2471 2472//2472 2554//2554 
f 2554//2554 2472//2472 2472//2472 
f 2472//2472 2546//2546 2472//2472 
f 2472//2472 2546//2546 2546//2546 
f 2546//2546 2547//2547 2546//2546 
f 2546//2546 2547//2547 2548//2548 
f 2547//2547 2547//2547 2548//2548 
f 2548//2548 2547//2547 2550//2550 
f 2547//2547 2467//2467 2550//2550 
f 2550//2550 2467//2467 2468//2468 
f 2467//2467 2468//2468 2468//2468 
f 2468//2468 2468//2468 2553//2553 
f 2468//2468 2553//2553 2553//2553 
f 2553//2553 2553//2553 2552//2552 
f 2553//2553 2554//2554 2552//2552 
f 2552//2552 2554//2554 2555//2555 
f 2554//2554 2556//2556 2555//2555 
f 2555//2555 2556//2556 2555//2555 
f 2556//2556 2557//2557 2555//2555 
f 2555//2555 2557//2557 2549//2549 
f 2557//2557 2543//2543 2549//2549 
f 2549//2549 2543//2543 2543//2543 
f 2543//2543 2552//2552 2543//2543 
f 2543//2543 2552//2552 2552//2552 
f 2552//2552 2555//2555 2552//2552 
f 2552//2552 2555//2555 2551//2551 
f 2555//2555 2549//2549 2551//2551 
f 2551//2551 2549//2549 2549//2549 
f 2549//2549 2554//2554 2549//2549 
f 2549//2549 2554//2554 2554//2554 
f 2554//2554 2472//2472 2554//2554 
f 2554//2554 2472//2472 2556//2556 
f 2472//2472 2473//2473 2556//2556 
f 2556//2556 2473//2473 2558//2558 
f 2473//2473 2474//2474 2558//2558 
f 2558//2558 2474//2474 2559//2559 
f 2474//2474 2475//2475 2559//2559 
f 2559//2559 2475//2475 2475//2475 
f 2475//2475 2556//2556 2475//2475 
f 2475//2475 2556//2556 2556//2556 
f 2556//2556 2558//2558 2556//2556 
f 2556//2556 2558//2558 2557//2557 
f 2558//2558 2560//2560 2557//2557 
f 2557//2557 2560//2560 2543//2543 
f 2560//2560 2560//2560 2543//2543 
f 2543//2543 2560//2560 2561//2561 
f 2560//2560 2562//2562 2561//2561 
f 2561//2561 2562//2562 2563//2563 
f 2562//2562 2476//2476 2563//2563 
f 2563//2563 2476//2476 2563//2563 
f 2476//2476 2477//2477 2563//2563 
f 2563//2563 2477//2477 2564//2564 
f 2477//2477 2478//2478 2564//2564 
f 2564//2564 2478//2478 2565//2565 
f 2478//2478 2479//2479 2565//2565 
f 2565//2565 2479//2479 2566//2566 
f 2479//2479 2480//2480 2566//2566 
f 2566//2566 2480//2480 2480//2480 
f 2480//2480 2558//2558 2480//2480 
f 2480//2480 2558//2558 2558//2558 
f 2558//2558 2559//2559 2558//2558 
f 2558//2558 2559//2559 2560//2560 
f 2559//2559 2559//2559 2560//2560 
f 2560//2560 2559//2559 2562//2562 
f 2559//2559 2475//2475 2562//2562 
f 2562//2562 2475//2475 2476//2476 
f 2475//2475 2476//2476 2476//2476 
f 2476//2476 2476//2476 2565//2565 
f 2476//2476 2565//2565 2565//2565 
f 2565//2565 2565//2565 2564//2564 
f 2565//2565 2566//2566 2564//2564 
f 2564//2564 2566//2566 2567//2567 
f 2566//2566 2568//2568 2567//2567 
f 2567//2567 2568//2568 2567//2567 
f 2568//2568 2569//2569 2567//2567 
f 2567//2567 2569//2569 2561//2561 
f 2569//2569 2543//2543 2561//2561 
f 2561//2561 2543//2543 2543//2543 
f 2543//2543 2564//2564 2543//2543 
f 2543//2543 2564//2564 2564//2564 
f 2564//2564 2567//2567 2564//2564 
f 2564//2564 2567//2567 2563//2563 
f 2567//2567 2561//2561 2563//2563 
f 2563//2563 2561//2561 2561//2561 
f 2561//2561 2566//2566 2561//2561 
f 2561//2561 2566//2566 2566//2566 
f 2566//2566 2480//2480 2566//2566 
f 2566//2566 2480//2480 2568//2568 
f 2480//2480 2481//2481 2568//2568 
f 2568//2568 2481//2481 2570//2570 
f 2481//2481 2482//2482 2570//2570 
f 2570//2570 2482//2482 2571//2571 
f 2482//2482 2483//2483 2571//2571 
f 2571//2571 2483//2483 2483//2483 
f 2483//2483 2568//2568 2483//2483 
f 2483//2483 2568//2568 2568//2568 
f 2568//2568 2570//2570 2568//2568 
f 2568//2568 2570//2570 2569//2569 
f 2570//2570 2572//2572 2569//2569 
f 2569//2569 2572//2572 2543//2543 
f 2572//2572 2572//2572 2543//2543 
f 2543//2543 2572//2572 2573//2573 
f 2572//2572 2574//2574 2573//2573 
f 2573//2573 2574//2574 2575//2575 
f 2574//2574 2484//2484 2575//2575 
f 2575//2575 2484//2484 2575//2575 
f 2484//2484 2485//2485 2575//2575 
f 2575//2575 2485//2485 2576//2576 
f 2485//2485 2486//2486 2576//2576 
f 2576//2576 2486//2486 2577//2577 
f 2486//2486 2487//2487 2577//2577 
f 2577//2577 2487//2487 2578//2578 
f 2487//2487 2488//2488 2578//2578 
f 2578//2578 2488//2488 2488//2488 
f 2488//2488 2570//2570 2488//2488 
f 2488//2488 2570//2570 2570//2570 
f 2570//2570 2571//2571 2570//2570 
f 2570//2570 2571//2571 2572//2572 
f 2571//2571 2571//2571 2572//2572 
f 2572//2572 2571//2571 2574//2574 
f 2571//2571 2483//2483 2574//2574 
f 2574//2574 2483//2483 2484//2484 
f 2483//2483 2484//2484 2484//2484 
f 2484//2484 2484//2484 2577//2577 
f 2484//2484 2577//2577 2577//2577 
f 2577//2577 2577//2577 2576//2576 
f 2577//2577 2578//2578 2576//2576 
f 2576//2576 2578//2578 2579//2579 
f 2578//2578 2580//2580 2579//2579 
f 2579//2579 2580//2580 2579//2579 
f 2580//2580 2581//2581 2579//2579 
f 2579//2579 2581//2581 2573//2573 
f 2581//2581 2543//2543 2573//2573 
f 2573//2573 2543//2543 2543//2543 
f 2543//2543 2576//2576 2543//2543 
f 2543//2543 2576//2576 2576//2576 
f 2576//2576 2579//2579 2576//2576 
f 2576//2576 2579//2579 2575//2575 
f 2579//2579 2573//2573 2575//2575 
f 2575//2575 2573//2573 2573//2573 
f 2573//2573 2578//2578 2573//2573 
f 2573//2573 2578//2578 2578//2578 
f 2578//2578 2488//2488 2578//2578 
f 2578//2578 2488//2488 2580//2580 
f 2488//2488 2489//2489 2580//2580 
f 2580//2580 2489//2489 2582//2582 
f 2489//2489 2490//2490 2582//2582 
f 2582//2582 2490//2490 2583//2583 
f 2490//2490 2491//2491 2583//2583 
f 2583//2583 2491//2491 2491//2491 
f 2491//2491 2580//2580 2491//2491 
f 2491//2491 2580//2580 2580//2580 
f 2580//2580 2582//2582 2580//2580 
f 2580//2580 2582//2582 2581//2581 
f 2582//2582 2584//2584 2581//2581 
f 2581//2581 2584//2584 2543//2543 
f 2584//2584 2584//2584 2543//2543 
f 2543//2543 2584//2584 2585//2585 
f 2584//2584 2586//2586 2585//2585 
f 2585//2585 2586//2586 2587//2587 
f 2586//2586 2492//2492 2587//2587 
f 2587//2587 2492//2492 2587//2587 
f 2492//2492 2493//2493 2587//2587 
f 2587//2587 2493//2493 2588//2588 
f 2493//2493 2494//2494 2588//2588 
f 2588//2588 2494//2494 2589//2589 
f 2494//2494 2495//2495 2589//2589 
f 2589//2589 2495//2495 2590//2590 
f 2495//2495 2496//2496 2590//2590 
f 2590//2590 2496//2496 2496//2496 
f 2496//2496 2582//2582 2496//2496 
f 2496//2496 2582//2582 2582//2582 
f 2582//2582 2583//2583 2582//2582 
f 2582//2582 2583//2583 2584//2584 
f 2583//2583 2583//2583 2584//2584 
f 2584//2584 2583//2583 2586//2586 
f 2583//2583 2491//2491 2586//2586 
f 2586//2586 2491//2491 2492//2492 
f 2491//2491 2492//2492 2492//2492 
f 2492//2492 2492//2492 2589//2589 
f 2492//2492 2589//2589 2589//2589 
f 2589//2589 2589//2589 2588//2588 
f 2589//2589 2590//2590 2588//2588 
f 2588//2588 2590//2590 2591//2591 
f 2590//2590 2592//2592 2591//2591 
f 2591//2591 2592//2592 2591//2591 
f 2592//2592 2593//2593 2591//2591 
f 2591//2591 2593//2593 2585//2585 
f 2593//2593 2543//2543 2585//2585 
f 2585//2585 2543//2543 2543//2543 
f 2543//2543 2588//2588 2543//2543 
f 2543//2543 2588//2588 2588//2588 
f 2588//2588 2591//2591 2588//2588 
f 2588//2588 2591//2591 2587//2587 
f 2591//2591 2585//2585 2587//2587 
f 2587//2587 2585//2585 2585//2585 
f 2585//2585 2590//2590 2585//2585 
f 2585//2585 2590//2590 2590//2590 
f 2590//2590 2496//2496 2590//2590 
f 2590//2590 2496//2496 2592//2592 
f 2496//2496 2497//2497 2592//2592 
f 2592//2592 2497//2497 2594//2594 
f 2497//2497 2498//2498 2594//2594 
f 2594//2594 2498//2498 2595//2595 
f 2498//2498 2499//2499 2595//2595 
f 2595//2595 2499//2499 2499//2499 
f 2499//2499 2592//2592 2499//2499 
f 2499//2499 2592//2592 2592//2592 
f 2592//2592 2594//2594 2592//2592 
f 2592//2592 2594//2594 2593//2593 
f 2594//2594 2596//2596 2593//2593 
f 2593//2593 2596//2596 2543//2543 
f 2596//2596 2597//2597 2543//2543 
f 2543//2543 2597//2597 2542//2542 
f 2597//2597 2598//2598 2542//2542 
f 2542//2542 2598//2598 2541//2541 
f 2598//2598 2599//2599 2541//2541 
f 2541//2541 2599//2599 2504//2504 
f 2599//2599 2599//2599 2504//2504 
f 2504//2504 2599//2599 2503//2503 
f 2599//2599 2600//2600 2503//2503 
f 2503//2503 2600//2600 2502//2502 
f 2600//2600 2600//2600 2502//2502 
f 2502//2502 2600//2600 2601//2601 
f 2600//2600 2599//2599 2601//2601 
f 2601//2601 2599//2599 2601//2601 
f 2599//2599 2598//2598 2601//2601 
f 2601//2601 2598//2598 2602//2602 
f 2598//2598 2597//2597 2602//2602 
f 2602//2602 2597//2597 2603//2603 
f 2597//2597 2596//2596 2603//2603 
f 2603//2603 2596//2596 2595//2595 
f 2596//2596 2594//2594 2595//2595 
f 2595//2595 2594//2594 2594//2594 
f 2594//2594 2595//2595 2594//2594 
f 2594//2594 2595//2595 2595//2595 
f 2595//2595 2499//2499 2595//2595 
f 2595//2595 2499//2499 2603//2603 
f 2499//2499 2500//2500 2603//2603 
f 2603//2603 2500//2500 2602//2602 
f 2500//2500 2501//2501 2602//2602 
f 2602//2602 2501//2501 2601//2601 
f 2501//2501 2502//2502 2601//2601 
f 2601//2601 2502//2502 2502//2502 
f 2502//2502 2604//2604 2502//2502 
f 2502//2502 2604//2604 2604//2604 
f 2604//2604 2605//2605 2604//2604 
f 2604//2604 2605//2605 1709//1709 
f 2605//2605 1710//1710 1709//1709 
f 1709//1709 1710//1710 1710//1710 
f 1710//1710 1709//1709 1710//1710 
f 1710//1710 1709//1709 1709//1709 
f 1709//1709 1708//1708 1709//1709 
f 1709//1709 1708//1708 2604//2604 
f 1708//1708 1708//1708 2604//2604 
f 2604//2604 1708//1708 2606//2606 
f 1708//1708 1707//1707 2606//2606 
f 2606//2606 1707//1707 2607//2607 
f 1707//1707 1706//1706 2607//2607 
f 2607//2607 1706//1706 2608//2608 
f 1706//1706 1705//1705 2608//2608 
f 2608//2608 1705//1705 2609//2609 
f 1705//1705 1704//1704 2609//2609 
f 2609//2609 1704//1704 2610//2610 
f 1704//1704 1703//1703 2610//2610 
f 2610//2610 1703//1703 2611//2611 
f 1703//1703 1702//1702 2611//2611 
f 2611//2611 1702//1702 2612//2612 
f 1702//1702 1701//1701 2612//2612 
f 2612//2612 1701//1701 2613//2613 
f 1701//1701 1700//1700 2613//2613 
f 2613//2613 1700//1700 2614//2614 
f 1700//1700 1699//1699 2614//2614 
f 2614//2614 1699//1699 2615//2615 
f 1699//1699 1698//1698 2615//2615 
f 2615//2615 1698//1698 2616//2616 
f 1698//1698 1697//1697 2616//2616 
f 2616//2616 1697//1697 2617//2617 
f 1697//1697 1696//1696 2617//2617 
f 2617//2617 1696//1696 2618//2618 
f 1696//1696 1695//1695 2618//2618 
f 2618//2618 1695//1695 2619//2619 
f 1695//1695 1694//1694 2619//2619 
f 2619//2619 1694//1694 2620//2620 
f 1694//1694 1692//1692 2620//2620 
f 2620//2620 1692//1692 2620//2620 
f 1692//1692 1693//1693 2620//2620 
f 2620//2620 1693//1693 2620//2620 
f 1693//1693 2621//2621 2620//2620 
f 2620//2620 2621//2621 2622//2622 
f 2621//2621 2623//2623 2622//2622 
f 2622//2622 2623//2623 2623//2623 
f 2623//2623 2620//2620 2623//2623 
f 2623//2623 2620//2620 2620//2620 
f 2620//2620 2622//2622 2620//2620 
f 2620//2620 2622//2622 2619//2619 
f 2622//2622 2624//2624 2619//2619 
f 2619//2619 2624//2624 2618//2618 
f 2624//2624 2625//2625 2618//2618 
f 2618//2618 2625//2625 2617//2617 
f 2625//2625 2626//2626 2617//2617 
f 2617//2617 2626//2626 2616//2616 
f 2626//2626 2627//2627 2616//2616 
f 2616//2616 2627//2627 2615//2615 
f 2627//2627 2628//2628 2615//2615 
f 2615//2615 2628//2628 2614//2614 
f 2628//2628 2629//2629 2614//2614 
f 2614//2614 2629//2629 2613//2613 
f 2629//2629 2630//2630 2613//2613 
f 2613//2613 2630//2630 2612//2612 
f 2630//2630 2631//2631 2612//2612 
f 2612//2612 2631//2631 2611//2611 
f 2631//2631 2632//2632 2611//2611 
f 2611//2611 2632//2632 2610//2610 
f 2632//2632 2633//2633 2610//2610 
f 2610//2610 2633//2633 2609//2609 
f 2633//2633 2634//2634 2609//2609 
f 2609//2609 2634//2634 2608//2608 
f 2634//2634 2635//2635 2608//2608 
f 2608//2608 2635//2635 2607//2607 
f 2635//2635 2636//2636 2607//2607 
f 2607//2607 2636//2636 2606//2606 
f 2636//2636 2637//2637 2606//2606 
f 2606//2606 2637//2637 2604//2604 
f 2637//2637 2638//2638 2604//2604 
f 2604//2604 2638//2638 2605//2605 
f 2638//2638 799//799 2605//2605 
f 2605//2605 799//799 2605//2605 
f 799//799 800//800 2605//2605 
f 2605//2605 800//800 1710//1710 
f 800//800 801//801 1710//1710 
f 1710//1710 801//801 801//801 
f 801//801 799//799 801//801 
f 801//801 799//799 799//799 
f 799//799 2638//2638 799//799 
f 799//799 2638//2638 798//798 
f 2638//2638 2639//2639 798//798 
f 798//798 2639//2639 797//797 
f 2639//2639 797//797 797//797 
f 797//797 797//797 2638//2638 
f 797//797 2638//2638 2638//2638 
f 2638//2638 2638//2638 2639//2639 
f 2638//2638 2637//2637 2639//2639 
f 2639//2639 2637//2637 2640//2640 
f 2637//2637 2636//2636 2640//2640 
f 2640//2640 2636//2636 2641//2641 
f 2636//2636 2635//2635 2641//2641 
f 2641//2641 2635//2635 2642//2642 
f 2635//2635 2634//2634 2642//2642 
f 2642//2642 2634//2634 2643//2643 
f 2634//2634 2633//2633 2643//2643 
f 2643//2643 2633//2633 2644//2644 
f 2633//2633 2632//2632 2644//2644 
f 2644//2644 2632//2632 2645//2645 
f 2632//2632 2631//2631 2645//2645 
f 2645//2645 2631//2631 2646//2646 
f 2631//2631 2630//2630 2646//2646 
f 2646//2646 2630//2630 2647//2647 
f 2630//2630 2629//2629 2647//2647 
f 2647//2647 2629//2629 2648//2648 
f 2629//2629 2628//2628 2648//2648 
f 2648//2648 2628//2628 2649//2649 
f 2628//2628 2627//2627 2649//2649 
f 2649//2649 2627//2627 2650//2650 
f 2627//2627 2626//2626 2650//2650 
f 2650//2650 2626//2626 2651//2651 
f 2626//2626 2625//2625 2651//2651 
f 2651//2651 2625//2625 2652//2652 
f 2625//2625 2624//2624 2652//2652 
f 2652//2652 2624//2624 2653//2653 
f 2624//2624 2622//2622 2653//2653 
f 2653//2653 2622//2622 2653//2653 
f 2622//2622 2623//2623 2653//2653 
f 2653//2653 2623//2623 2653//2653 
f 2623//2623 2654//2654 2653//2653 
f 2653//2653 2654//2654 2655//2655 
f 2654//2654 2656//2656 2655//2655 
f 2655//2655 2656//2656 2656//2656 
f 2656//2656 2653//2653 2656//2656 
f 2656//2656 2653//2653 2653//2653 
f 2653//2653 2655//2655 2653//2653 
f 2653//2653 2655//2655 2652//2652 
f 2655//2655 2657//2657 2652//2652 
f 2652//2652 2657//2657 2651//2651 
f 2657//2657 2658//2658 2651//2651 
f 2651//2651 2658//2658 2650//2650 
f 2658//2658 2659//2659 2650//2650 
f 2650//2650 2659//2659 2649//2649 
f 2659//2659 2660//2660 2649//2649 
f 2649//2649 2660//2660 2648//2648 
f 2660//2660 2661//2661 2648//2648 
f 2648//2648 2661//2661 2647//2647 
f 2661//2661 2662//2662 2647//2647 
f 2647//2647 2662//2662 2646//2646 
f 2662//2662 2663//2663 2646//2646 
f 2646//2646 2663//2663 2645//2645 
f 2663//2663 2664//2664 2645//2645 
f 2645//2645 2664//2664 2644//2644 
f 2664//2664 2665//2665 2644//2644 
f 2644//2644 2665//2665 2643//2643 
f 2665//2665 2666//2666 2643//2643 
f 2643//2643 2666//2666 2642//2642 
f 2666//2666 2667//2667 2642//2642 
f 2642//2642 2667//2667 2641//2641 
f 2667//2667 2668//2668 2641//2641 
f 2641//2641 2668//2668 2640//2640 
f 2668//2668 2669//2669 2640//2640 
f 2640//2640 2669//2669 2639//2639 
f 2669//2669 2669//2669 2639//2639 
f 2639//2639 2669//2669 797//797 
f 2669//2669 2669//2669 797//797 
f 797//797 2669//2669 796//796 
f 2669//2669 2670//2670 796//796 
f 796//796 2670//2670 795//795 
f 2670//2670 795//795 795//795 
f 795//795 795//795 2669//2669 
f 795//795 2669//2669 2669//2669 
f 2669//2669 2669//2669 2670//2670 
f 2669//2669 2668//2668 2670//2670 
f 2670//2670 2668//2668 2671//2671 
f 2668//2668 2667//2667 2671//2671 
f 2671//2671 2667//2667 2672//2672 
f 2667//2667 2666//2666 2672//2672 
f 2672//2672 2666//2666 2673//2673 
f 2666//2666 2665//2665 2673//2673 
f 2673//2673 2665//2665 2674//2674 
f 2665//2665 2664//2664 2674//2674 
f 2674//2674 2664//2664 2675//2675 
f 2664//2664 2663//2663 2675//2675 
f 2675//2675 2663//2663 2676//2676 
f 2663//2663 2662//2662 2676//2676 
f 2676//2676 2662//2662 2677//2677 
f 2662//2662 2661//2661 2677//2677 
f 2677//2677 2661//2661 2678//2678 
f 2661//2661 2660//2660 2678//2678 
f 2678//2678 2660//2660 2679//2679 
f 2660//2660 2659//2659 2679//2679 
f 2679//2679 2659//2659 2680//2680 
f 2659//2659 2658//2658 2680//2680 
f 2680//2680 2658//2658 2681//2681 
f 2658//2658 2657//2657 2681//2681 
f 2681//2681 2657//2657 2682//2682 
f 2657//2657 2655//2655 2682//2682 
f 2682//2682 2655//2655 2682//2682 
f 2655//2655 2656//2656 2682//2682 
f 2682//2682 2656//2656 2682//2682 
f 2656//2656 2683//2683 2682//2682 
f 2682//2682 2683//2683 2684//2684 
f 2683//2683 2685//2685 2684//2684 
f 2684//2684 2685//2685 2685//2685 
f 2685//2685 2682//2682 2685//2685 
f 2685//2685 2682//2682 2682//2682 
f 2682//2682 2684//2684 2682//2682 
f 2682//2682 2684//2684 2681//2681 
f 2684//2684 2686//2686 2681//2681 
f 2681//2681 2686//2686 2680//2680 
f 2686//2686 2687//2687 2680//2680 
f 2680//2680 2687//2687 2679//2679 
f 2687//2687 2688//2688 2679//2679 
f 2679//2679 2688//2688 2678//2678 
f 2688//2688 2689//2689 2678//2678 
f 2678//2678 2689//2689 2677//2677 
f 2689//2689 2690//2690 2677//2677 
f 2677//2677 2690//2690 2676//2676 
f 2690//2690 2691//2691 2676//2676 
f 2676//2676 2691//2691 2675//2675 
f 2691//2691 2692//2692 2675//2675 
f 2675//2675 2692//2692 2674//2674 
f 2692//2692 2693//2693 2674//2674 
f 2674//2674 2693//2693 2673//2673 
f 2693//2693 2694//2694 2673//2673 
f 2673//2673 2694//2694 2672//2672 
f 2694//2694 2695//2695 2672//2672 
f 2672//2672 2695//2695 2671//2671 
f 2695//2695 2696//2696 2671//2671 
f 2671//2671 2696//2696 2670//2670 
f 2696//2696 2696//2696 2670//2670 
f 2670//2670 2696//2696 795//795 
f 2696//2696 2696//2696 795//795 
f 795//795 2696//2696 794//794 
f 2696//2696 2697//2697 794//794 
f 794//794 2697//2697 793//793 
f 2697//2697 793//793 793//793 
f 793//793 793//793 2696//2696 
f 793//793 2696//2696 2696//2696 
f 2696//2696 2696//2696 2697//2697 
f 2696//2696 2695//2695 2697//2697 
f 2697//2697 2695//2695 2698//2698 
f 2695//2695 2694//2694 2698//2698 
f 2698//2698 2694//2694 2699//2699 
f 2694//2694 2693//2693 2699//2699 
f 2699//2699 2693//2693 2700//2700 
f 2693//2693 2692//2692 2700//2700 
f 2700//2700 2692//2692 2701//2701 
f 2692//2692 2691//2691 2701//2701 
f 2701//2701 2691//2691 2702//2702 
f 2691//2691 2690//2690 2702//2702 
f 2702//2702 2690//2690 2703//2703 
f 2690//2690 2689//2689 2703//2703 
f 2703//2703 2689//2689 2704//2704 
f 2689//2689 2688//2688 2704//2704 
f 2704//2704 2688//2688 2705//2705 
f 2688//2688 2687//2687 2705//2705 
f 2705//2705 2687//2687 2706//2706 
f 2687//2687 2686//2686 2706//2706 
f 2706//2706 2686//2686 2707//2707 
f 2686//2686 2684//2684 2707//2707 
f 2707//2707 2684//2684 2707//2707 
f 2684//2684 2685//2685 2707//2707 
f 2707//2707 2685//2685 2707//2707 
f 2685//2685 2708//2708 2707//2707 
f 2707//2707 2708//2708 2709//2709 
f 2708//2708 2710//2710 2709//2709 
f 2709//2709 2710//2710 2710//2710 
f 2710//2710 2707//2707 2710//2710 
f 2710//2710 2707//2707 2707//2707 
f 2707//2707 2709//2709 2707//2707 
f 2707//2707 2709//2709 2706//2706 
f 2709//2709 2711//2711 2706//2706 
f 2706//2706 2711//2711 2705//2705 
f 2711//2711 2712//2712 2705//2705 
f 2705//2705 2712//2712 2704//2704 
f 2712//2712 2713//2713 2704//2704 
f 2704//2704 2713//2713 2703//2703 
f 2713//2713 2714//2714 2703//2703 
f 2703//2703 2714//2714 2702//2702 
f 2714//2714 2715//2715 2702//2702 
f 2702//2702 2715//2715 2701//2701 
f 2715//2715 2716//2716 2701//2701 
f 2701//2701 2716//2716 2700//2700 
f 2716//2716 2717//2717 2700//2700 
f 2700//2700 2717//2717 2699//2699 
f 2717//2717 2718//2718 2699//2699 
f 2699//2699 2718//2718 2698//2698 
f 2718//2718 2719//2719 2698//2698 
f 2698//2698 2719//2719 2697//2697 
f 2719//2719 2719//2719 2697//2697 
f 2697//2697 2719//2719 793//793 
f 2719//2719 2719//2719 793//793 
f 793//793 2719//2719 792//792 
f 2719//2719 2720//2720 792//792 
f 792//792 2720//2720 791//791 
f 2720//2720 791//791 791//791 
f 791//791 791//791 2719//2719 
f 791//791 2719//2719 2719//2719 
f 2719//2719 2719//2719 2720//2720 
f 2719//2719 2718//2718 2720//2720 
f 2720//2720 2718//2718 2721//2721 
f 2718//2718 2717//2717 2721//2721 
f 2721//2721 2717//2717 2722//2722 
f 2717//2717 2716//2716 2722//2722 
f 2722//2722 2716//2716 2723//2723 
f 2716//2716 2715//2715 2723//2723 
f 2723//2723 2715//2715 2724//2724 
f 2715//2715 2714//2714 2724//2724 
f 2724//2724 2714//2714 2725//2725 
f 2714//2714 2713//2713 2725//2725 
f 2725//2725 2713//2713 2726//2726 
f 2713//2713 2712//2712 2726//2726 
f 2726//2726 2712//2712 2727//2727 
f 2712//2712 2711//2711 2727//2727 
f 2727//2727 2711//2711 2728//2728 
f 2711//2711 2709//2709 2728//2728 
f 2728//2728 2709//2709 2728//2728 
f 2709//2709 2710//2710 2728//2728 
f 2728//2728 2710//2710 2728//2728 
f 2710//2710 2729//2729 2728//2728 
f 2728//2728 2729//2729 2730//2730 
f 2729//2729 2731//2731 2730//2730 
f 2730//2730 2731//2731 2731//2731 
f 2731//2731 2728//2728 2731//2731 
f 2731//2731 2728//2728 2728//2728 
f 2728//2728 2730//2730 2728//2728 
f 2728//2728 2730//2730 2727//2727 
f 2730//2730 2732//2732 2727//2727 
f 2727//2727 2732//2732 2726//2726 
f 2732//2732 2733//2733 2726//2726 
f 2726//2726 2733//2733 2725//2725 
f 2733//2733 2734//2734 2725//2725 
f 2725//2725 2734//2734 2724//2724 
f 2734//2734 2735//2735 2724//2724 
f 2724//2724 2735//2735 2723//2723 
f 2735//2735 2736//2736 2723//2723 
f 2723//2723 2736//2736 2722//2722 
f 2736//2736 2737//2737 2722//2722 
f 2722//2722 2737//2737 2721//2721 
f 2737//2737 2738//2738 2721//2721 
f 2721//2721 2738//2738 2720//2720 
f 2738//2738 2738//2738 2720//2720 
f 2720//2720 2738//2738 791//791 
f 2738//2738 2738//2738 791//791 
f 791//791 2738//2738 790//790 
f 2738//2738 2739//2739 790//790 
f 790//790 2739//2739 789//789 
f 2739//2739 789//789 789//789 
f 789//789 789//789 2738//2738 
f 789//789 2738//2738 2738//2738 
f 2738//2738 2738//2738 2739//2739 
f 2738//2738 2737//2737 2739//2739 
f 2739//2739 2737//2737 2740//2740 
f 2737//2737 2736//2736 2740//2740 
f 2740//2740 2736//2736 2741//2741 
f 2736//2736 2735//2735 2741//2741 
f 2741//2741 2735//2735 2742//2742 
f 2735//2735 2734//2734 2742//2742 
f 2742//2742 2734//2734 2743//2743 
f 2734//2734 2733//2733 2743//2743 
f 2743//2743 2733//2733 2744//2744 
f 2733//2733 2732//2732 2744//2744 
f 2744//2744 2732//2732 2745//2745 
f 2732//2732 2730//2730 2745//2745 
f 2745//2745 2730//2730 2745//2745 
f 2730//2730 2731//2731 2745//2745 
f 2745//2745 2731//2731 2745//2745 
f 2731//2731 2746//2746 2745//2745 
f 2745//2745 2746//2746 2747//2747 
f 2746//2746 2748//2748 2747//2747 
f 2747//2747 2748//2748 2748//2748 
f 2748//2748 2745//2745 2748//2748 
f 2748//2748 2745//2745 2745//2745 
f 2745//2745 2747//2747 2745//2745 
f 2745//2745 2747//2747 2744//2744 
f 2747//2747 2749//2749 2744//2744 
f 2744//2744 2749//2749 2743//2743 
f 2749//2749 2750//2750 2743//2743 
f 2743//2743 2750//2750 2742//2742 
f 2750//2750 2751//2751 2742//2742 
f 2742//2742 2751//2751 2741//2741 
f 2751//2751 2752//2752 2741//2741 
f 2741//2741 2752//2752 2740//2740 
f 2752//2752 2753//2753 2740//2740 
f 2740//2740 2753//2753 2739//2739 
f 2753//2753 2753//2753 2739//2739 
f 2739//2739 2753//2753 789//789 
f 2753//2753 2753//2753 789//789 
f 789//789 2753//2753 788//788 
f 2753//2753 2754//2754 788//788 
f 788//788 2754//2754 787//787 
f 2754//2754 787//787 787//787 
f 787//787 787//787 2753//2753 
f 787//787 2753//2753 2753//2753 
f 2753//2753 2753//2753 2754//2754 
f 2753//2753 2752//2752 2754//2754 
f 2754//2754 2752//2752 2755//2755 
f 2752//2752 2751//2751 2755//2755 
f 2755//2755 2751//2751 2756//2756 
f 2751//2751 2750//2750 2756//2756 
f 2756//2756 2750//2750 2757//2757 
f 2750//2750 2749//2749 2757//2757 
f 2757//2757 2749//2749 2758//2758 
f 2749//2749 2747//2747 2758//2758 
f 2758//2758 2747//2747 2758//2758 
f 2747//2747 2748//2748 2758//2758 
f 2758//2758 2748//2748 2758//2758 
f 2748//2748 2759//2759 2758//2758 
f 2758//2758 2759//2759 2760//2760 
f 2759//2759 2761//2761 2760//2760 
f 2760//2760 2761//2761 2761//2761 
f 2761//2761 2758//2758 2761//2761 
f 2761//2761 2758//2758 2758//2758 
f 2758//2758 2760//2760 2758//2758 
f 2758//2758 2760//2760 2757//2757 
f 2760//2760 2762//2762 2757//2757 
f 2757//2757 2762//2762 2756//2756 
f 2762//2762 2763//2763 2756//2756 
f 2756//2756 2763//2763 2755//2755 
f 2763//2763 2764//2764 2755//2755 
f 2755//2755 2764//2764 2754//2754 
f 2764//2764 2764//2764 2754//2754 
f 2754//2754 2764//2764 787//787 
f 2764//2764 2764//2764 787//787 
f 787//787 2764//2764 786//786 
f 2764//2764 2765//2765 786//786 
f 786//786 2765//2765 785//785 
f 2765//2765 785//785 785//785 
f 785//785 785//785 2764//2764 
f 785//785 2764//2764 2764//2764 
f 2764//2764 2764//2764 2765//2765 
f 2764//2764 2763//2763 2765//2765 
f 2765//2765 2763//2763 2766//2766 
f 2763//2763 2762//2762 2766//2766 
f 2766//2766 2762//2762 2767//2767 
f 2762//2762 2760//2760 2767//2767 
f 2767//2767 2760//2760 2767//2767 
f 2760//2760 2761//2761 2767//2767 
f 2767//2767 2761//2761 2767//2767 
f 2761//2761 2768//2768 2767//2767 
f 2767//2767 2768//2768 2769//2769 
f 2768//2768 2770//2770 2769//2769 
f 2769//2769 2770//2770 2770//2770 
f 2770//2770 2767//2767 2770//2770 
f 2770//2770 2767//2767 2767//2767 
f 2767//2767 2769//2769 2767//2767 
f 2767//2767 2769//2769 2766//2766 
f 2769//2769 2771//2771 2766//2766 
f 2766//2766 2771//2771 2765//2765 
f 2771//2771 2771//2771 2765//2765 
f 2765//2765 2771//2771 785//785 
f 2771//2771 2771//2771 785//785 
f 785//785 2771//2771 784//784 
f 2771//2771 2772//2772 784//784 
f 784//784 2772//2772 883//883 
f 2772//2772 2773//2773 883//883 
f 883//883 2773//2773 884//884 
f 2773//2773 884//884 884//884 
f 884//884 884//884 2771//2771 
f 884//884 2771//2771 2771//2771 
f 2771//2771 2771//2771 2772//2772 
f 2771//2771 2769//2769 2772//2772 
f 2772//2772 2769//2769 2772//2772 
f 2769//2769 2770//2770 2772//2772 
f 2772//2772 2770//2770 2773//2773 
f 2770//2770 2773//2773 2773//2773 
f 2773//2773 2773//2773 2774//2774 
f 2773//2773 2774//2774 2774//2774 
f 2774//2774 2774//2774 2775//2775 
f 2774//2774 2776//2776 2775//2775 
f 2775//2775 2776//2776 2775//2775 
f 2776//2776 2777//2777 2775//2775 
f 2775//2775 2777//2777 2778//2778 
f 2777//2777 2779//2779 2778//2778 
f 2778//2778 2779//2779 2778//2778 
f 2779//2779 2780//2780 2778//2778 
f 2778//2778 2780//2780 2778//2778 
f 2780//2780 2781//2781 2778//2778 
f 2778//2778 2781//2781 2782//2782 
f 2781//2781 2783//2783 2782//2782 
f 2782//2782 2783//2783 2782//2782 
f 2783//2783 2784//2784 2782//2782 
f 2782//2782 2784//2784 2785//2785 
f 2784//2784 2786//2786 2785//2785 
f 2785//2785 2786//2786 2785//2785 
f 2786//2786 2787//2787 2785//2785 
f 2785//2785 2787//2787 2774//2774 
f 2787//2787 2788//2788 2774//2774 
f 2774//2774 2788//2788 2774//2774 
f 2788//2788 2789//2789 2774//2774 
f 2774//2774 2789//2789 2776//2776 
f 2789//2789 2790//2790 2776//2776 
f 2776//2776 2790//2790 2776//2776 
f 2790//2790 2791//2791 2776//2776 
f 2776//2776 2791//2791 2777//2777 
f 2791//2791 2792//2792 2777//2777 
f 2777//2777 2792//2792 2779//2779 
f 2792//2792 2793//2793 2779//2779 
f 2779//2779 2793//2793 2779//2779 
f 2793//2793 2794//2794 2779//2779 
f 2779//2779 2794//2794 2780//2780 
f 2794//2794 2795//2795 2780//2780 
f 2780//2780 2795//2795 2780//2780 
f 2795//2795 2796//2796 2780//2780 
f 2780//2780 2796//2796 2781//2781 
f 2796//2796 2797//2797 2781//2781 
f 2781//2781 2797//2797 2783//2783 
f 2797//2797 2798//2798 2783//2783 
f 2783//2783 2798//2798 2783//2783 
f 2798//2798 2799//2799 2783//2783 
f 2783//2783 2799//2799 2784//2784 
f 2799//2799 2800//2800 2784//2784 
f 2784//2784 2800//2800 2786//2786 
f 2800//2800 2786//2786 2786//2786 
f 2786//2786 2786//2786 2774//2774 
f 2786//2786 2774//2774 2774//2774 
f 2774//2774 2774//2774 2785//2785 
f 2774//2774 2775//2775 2785//2785 
f 2785//2785 2775//2775 2782//2782 
f 2775//2775 2778//2778 2782//2782 
f 2782//2782 2778//2778 2778//2778 
f 2778//2778 2800//2800 2778//2778 
f 2778//2778 2800//2800 2800//2800 
f 2800//2800 2799//2799 2800//2800 
f 2800//2800 2799//2799 2801//2801 
f 2799//2799 2799//2799 2801//2801 
f 2801//2801 2799//2799 2802//2802 
f 2799//2799 2798//2798 2802//2802 
f 2802//2802 2798//2798 2803//2803 
f 2798//2798 2798//2798 2803//2803 
f 2803//2803 2798//2798 2804//2804 
f 2798//2798 2797//2797 2804//2804 
f 2804//2804 2797//2797 2805//2805 
f 2797//2797 2796//2796 2805//2805 
f 2805//2805 2796//2796 2806//2806 
f 2796//2796 2795//2795 2806//2806 
f 2806//2806 2795//2795 2807//2807 
f 2795//2795 2795//2795 2807//2807 
f 2807//2807 2795//2795 2808//2808 
f 2795//2795 2794//2794 2808//2808 
f 2808//2808 2794//2794 2809//2809 
f 2794//2794 2793//2793 2809//2809 
f 2809//2809 2793//2793 2810//2810 
f 2793//2793 2793//2793 2810//2810 
f 2810//2810 2793//2793 2811//2811 
f 2793//2793 2792//2792 2811//2811 
f 2811//2811 2792//2792 2812//2812 
f 2792//2792 2791//2791 2812//2812 
f 2812//2812 2791//2791 2813//2813 
f 2791//2791 2790//2790 2813//2813 
f 2813//2813 2790//2790 2814//2814 
f 2790//2790 2790//2790 2814//2814 
f 2814//2814 2790//2790 2815//2815 
f 2790//2790 2789//2789 2815//2815 
f 2815//2815 2789//2789 2816//2816 
f 2789//2789 2788//2788 2816//2816 
f 2816//2816 2788//2788 2817//2817 
f 2788//2788 2788//2788 2817//2817 
f 2817//2817 2788//2788 2818//2818 
f 2788//2788 2787//2787 2818//2818 
f 2818//2818 2787//2787 2819//2819 
f 2787//2787 2786//2786 2819//2819 
f 2819//2819 2786//2786 2820//2820 
f 2786//2786 2800//2800 2820//2820 
f 2820//2820 2800//2800 2821//2821 
f 2800//2800 2801//2801 2821//2821 
f 2821//2821 2801//2801 2822//2822 
f 2801//2801 2801//2801 2822//2822 
f 2822//2822 2801//2801 2823//2823 
f 2801//2801 2802//2802 2823//2823 
f 2823//2823 2802//2802 2824//2824 
f 2802//2802 2803//2803 2824//2824 
f 2824//2824 2803//2803 2825//2825 
f 2803//2803 2803//2803 2825//2825 
f 2825//2825 2803//2803 2826//2826 
f 2803//2803 2804//2804 2826//2826 
f 2826//2826 2804//2804 2827//2827 
f 2804//2804 2805//2805 2827//2827 
f 2827//2827 2805//2805 2828//2828 
f 2805//2805 2806//2806 2828//2828 
f 2828//2828 2806//2806 2829//2829 
f 2806//2806 2807//2807 2829//2829 
f 2829//2829 2807//2807 2830//2830 
f 2807//2807 2807//2807 2830//2830 
f 2830//2830 2807//2807 2831//2831 
f 2807//2807 2808//2808 2831//2831 
f 2831//2831 2808//2808 2832//2832 
f 2808//2808 2809//2809 2832//2832 
f 2832//2832 2809//2809 2833//2833 
f 2809//2809 2810//2810 2833//2833 
f 2833//2833 2810//2810 2834//2834 
f 2810//2810 2810//2810 2834//2834 
f 2834//2834 2810//2810 2835//2835 
f 2810//2810 2811//2811 2835//2835 
f 2835//2835 2811//2811 2836//2836 
f 2811//2811 2812//2812 2836//2836 
f 2836//2836 2812//2812 2837//2837 
f 2812//2812 2813//2813 2837//2837 
f 2837//2837 2813//2813 2838//2838 
f 2813//2813 2814//2814 2838//2838 
f 2838//2838 2814//2814 2839//2839 
f 2814//2814 2814//2814 2839//2839 
f 2839//2839 2814//2814 2840//2840 
f 2814//2814 2815//2815 2840//2840 
f 2840//2840 2815//2815 2841//2841 
f 2815//2815 2816//2816 2841//2841 
f 2841//2841 2816//2816 2842//2842 
f 2816//2816 2817//2817 2842//2842 
f 2842//2842 2817//2817 2843//2843 
f 2817//2817 2817//2817 2843//2843 
f 2843//2843 2817//2817 2844//2844 
f 2817//2817 2818//2818 2844//2844 
f 2844//2844 2818//2818 2845//2845 
f 2818//2818 2819//2819 2845//2845 
f 2845//2845 2819//2819 2846//2846 
f 2819//2819 2820//2820 2846//2846 
f 2846//2846 2820//2820 2847//2847 
f 2820//2820 2821//2821 2847//2847 
f 2847//2847 2821//2821 2848//2848 
f 2821//2821 2822//2822 2848//2848 
f 2848//2848 2822//2822 2849//2849 
f 2822//2822 2822//2822 2849//2849 
f 2849//2849 2822//2822 2850//2850 
f 2822//2822 2823//2823 2850//2850 
f 2850//2850 2823//2823 2851//2851 
f 2823//2823 2824//2824 2851//2851 
f 2851//2851 2824//2824 2852//2852 
f 2824//2824 2825//2825 2852//2852 
f 2852//2852 2825//2825 2853//2853 
f 2825//2825 2825//2825 2853//2853 
f 2853//2853 2825//2825 2854//2854 
f 2825//2825 2826//2826 2854//2854 
f 2854//2854 2826//2826 2855//2855 
f 2826//2826 2827//2827 2855//2855 
f 2855//2855 2827//2827 2856//2856 
f 2827//2827 2828//2828 2856//2856 
f 2856//2856 2828//2828 2857//2857 
f 2828//2828 2829//2829 2857//2857 
f 2857//2857 2829//2829 2858//2858 
f 2829//2829 2830//2830 2858//2858 
f 2858//2858 2830//2830 2859//2859 
f 2830//2830 2830//2830 2859//2859 
f 2859//2859 2830//2830 2860//2860 
f 2830//2830 2831//2831 2860//2860 
f 2860//2860 2831//2831 2861//2861 
f 2831//2831 2832//2832 2861//2861 
f 2861//2861 2832//2832 2862//2862 
f 2832//2832 2833//2833 2862//2862 
f 2862//2862 2833//2833 2863//2863 
f 2833//2833 2834//2834 2863//2863 
f 2863//2863 2834//2834 2864//2864 
f 2834//2834 2834//2834 2864//2864 
f 2864//2864 2834//2834 2865//2865 
f 2834//2834 2835//2835 2865//2865 
f 2865//2865 2835//2835 2866//2866 
f 2835//2835 2836//2836 2866//2866 
f 2866//2866 2836//2836 2867//2867 
f 2836//2836 2837//2837 2867//2867 
f 2867//2867 2837//2837 2868//2868 
f 2837//2837 2838//2838 2868//2868 
f 2868//2868 2838//2838 2869//2869 
f 2838//2838 2839//2839 2869//2869 
f 2869//2869 2839//2839 2870//2870 
f 2839//2839 2839//2839 2870//2870 
f 2870//2870 2839//2839 2871//2871 
f 2839//2839 2840//2840 2871//2871 
f 2871//2871 2840//2840 2872//2872 
f 2840//2840 2841//2841 2872//2872 
f 2872//2872 2841//2841 2873//2873 
f 2841//2841 2842//2842 2873//2873 
f 2873//2873 2842//2842 2874//2874 
f 2842//2842 2843//2843 2874//2874 
f 2874//2874 2843//2843 2875//2875 
f 2843//2843 2843//2843 2875//2875 
f 2875//2875 2843//2843 2876//2876 
f 2843//2843 2844//2844 2876//2876 
f 2876//2876 2844//2844 2877//2877 
f 2844//2844 2845//2845 2877//2877 
f 2877//2877 2845//2845 2878//2878 
f 2845//2845 2846//2846 2878//2878 
f 2878//2878 2846//2846 2879//2879 
f 2846//2846 2847//2847 2879//2879 
f 2879//2879 2847//2847 2880//2880 
f 2847//2847 2848//2848 2880//2880 
f 2880//2880 2848//2848 2881//2881 
f 2848//2848 2849//2849 2881//2881 
f 2881//2881 2849//2849 2882//2882 
f 2849//2849 2849//2849 2882//2882 
f 2882//2882 2849//2849 2883//2883 
f 2849//2849 2850//2850 2883//2883 
f 2883//2883 2850//2850 2884//2884 
f 2850//2850 2851//2851 2884//2884 
f 2884//2884 2851//2851 2885//2885 
f 2851//2851 2852//2852 2885//2885 
f 2885//2885 2852//2852 2886//2886 
f 2852//2852 2853//2853 2886//2886 
f 2886//2886 2853//2853 2887//2887 
f 2853//2853 2853//2853 2887//2887 
f 2887//2887 2853//2853 2888//2888 
f 2853//2853 2854//2854 2888//2888 
f 2888//2888 2854//2854 2889//2889 
f 2854//2854 2855//2855 2889//2889 
f 2889//2889 2855//2855 2890//2890 
f 2855//2855 2856//2856 2890//2890 
f 2890//2890 2856//2856 2891//2891 
f 2856//2856 2857//2857 2891//2891 
f 2891//2891 2857//2857 2892//2892 
f 2857//2857 2858//2858 2892//2892 
f 2892//2892 2858//2858 2893//2893 
f 2858//2858 2859//2859 2893//2893 
f 2893//2893 2859//2859 2894//2894 
f 2859//2859 2859//2859 2894//2894 
f 2894//2894 2859//2859 2895//2895 
f 2859//2859 2860//2860 2895//2895 
f 2895//2895 2860//2860 2896//2896 
f 2860//2860 2861//2861 2896//2896 
f 2896//2896 2861//2861 2897//2897 
f 2861//2861 2862//2862 2897//2897 
f 2897//2897 2862//2862 2898//2898 
f 2862//2862 2863//2863 2898//2898 
f 2898//2898 2863//2863 2899//2899 
f 2863//2863 2864//2864 2899//2899 
f 2899//2899 2864//2864 2900//2900 
f 2864//2864 2864//2864 2900//2900 
f 2900//2900 2864//2864 2901//2901 
f 2864//2864 2865//2865 2901//2901 
f 2901//2901 2865//2865 2902//2902 
f 2865//2865 2866//2866 2902//2902 
f 2902//2902 2866//2866 2903//2903 
f 2866//2866 2867//2867 2903//2903 
f 2903//2903 2867//2867 2904//2904 
f 2867//2867 2868//2868 2904//2904 
f 2904//2904 2868//2868 2905//2905 
f 2868//2868 2869//2869 2905//2905 
f 2905//2905 2869//2869 2906//2906 
f 2869//2869 2870//2870 2906//2906 
f 2906//2906 2870//2870 2907//2907 
f 2870//2870 2870//2870 2907//2907 
f 2907//2907 2870//2870 2908//2908 
f 2870//2870 2871//2871 2908//2908 
f 2908//2908 2871//2871 2909//2909 
f 2871//2871 2872//2872 2909//2909 
f 2909//2909 2872//2872 2910//2910 
f 2872//2872 2873//2873 2910//2910 
f 2910//2910 2873//2873 2911//2911 
f 2873//2873 2874//2874 2911//2911 
f 2911//2911 2874//2874 2912//2912 
f 2874//2874 2875//2875 2912//2912 
f 2912//2912 2875//2875 2913//2913 
f 2875//2875 2875//2875 2913//2913 
f 2913//2913 2875//2875 2914//2914 
f 2875//2875 2876//2876 2914//2914 
f 2914//2914 2876//2876 2915//2915 
f 2876//2876 2877//2877 2915//2915 
f 2915//2915 2877//2877 2916//2916 
f 2877//2877 2878//2878 2916//2916 
f 2916//2916 2878//2878 2917//2917 
f 2878//2878 2879//2879 2917//2917 
f 2917//2917 2879//2879 2918//2918 
f 2879//2879 2880//2880 2918//2918 
f 2918//2918 2880//2880 2919//2919 
f 2880//2880 2881//2881 2919//2919 
f 2919//2919 2881//2881 2920//2920 
f 2881//2881 2882//2882 2920//2920 
f 2920//2920 2882//2882 2921//2921 
f 2882//2882 2882//2882 2921//2921 
f 2921//2921 2882//2882 2922//2922 
f 2882//2882 2883//2883 2922//2922 
f 2922//2922 2883//2883 2923//2923 
f 2883//2883 2884//2884 2923//2923 
f 2923//2923 2884//2884 2924//2924 
f 2884//2884 2885//2885 2924//2924 
f 2924//2924 2885//2885 2925//2925 
f 2885//2885 2886//2886 2925//2925 
f 2925//2925 2886//2886 2926//2926 
f 2886//2886 2887//2887 2926//2926 
f 2926//2926 2887//2887 2927//2927 
f 2887//2887 2887//2887 2927//2927 
f 2927//2927 2887//2887 2928//2928 
f 2887//2887 2888//2888 2928//2928 
f 2928//2928 2888//2888 2929//2929 
f 2888//2888 2889//2889 2929//2929 
f 2929//2929 2889//2889 2930//2930 
f 2889//2889 2890//2890 2930//2930 
f 2930//2930 2890//2890 2931//2931 
f 2890//2890 2891//2891 2931//2931 
f 2931//2931 2891//2891 2932//2932 
f 2891//2891 2892//2892 2932//2932 
f 2932//2932 2892//2892 2933//2933 
f 2892//2892 2893//2893 2933//2933 
f 2933//2933 2893//2893 2934//2934 
f 2893//2893 2894//2894 2934//2934 
f 2934//2934 2894//2894 2935//2935 
f 2894//2894 2894//2894 2935//2935 
f 2935//2935 2894//2894 2936//2936 
f 2894//2894 2895//2895 2936//2936 
f 2936//2936 2895//2895 2937//2937 
f 2895//2895 2896//2896 2937//2937 
f 2937//2937 2896//2896 2938//2938 
f 2896//2896 2897//2897 2938//2938 
f 2938//2938 2897//2897 2939//2939 
f 2897//2897 2898//2898 2939//2939 
f 2939//2939 2898//2898 2940//2940 
f 2898//2898 2899//2899 2940//2940 
f 2940//2940 2899//2899 2941//2941 
f 2899//2899 2900//2900 2941//2941 
f 2941//2941 2900//2900 2942//2942 
f 2900//2900 2900//2900 2942//2942 
f 2942//2942 2900//2900 2943//2943 
f 2900//2900 2901//2901 2943//2943 
f 2943//2943 2901//2901 2944//2944 
f 2901//2901 2902//2902 2944//2944 
f 2944//2944 2902//2902 2945//2945 
f 2902//2902 2903//2903 2945//2945 
f 2945//2945 2903//2903 2946//2946 
f 2903//2903 2904//2904 2946//2946 
f 2946//2946 2904//2904 2947//2947 
f 2904//2904 2905//2905 2947//2947 
f 2947//2947 2905//2905 2948//2948 
f 2905//2905 2906//2906 2948//2948 
f 2948//2948 2906//2906 2949//2949 
f 2906//2906 2907//2907 2949//2949 
f 2949//2949 2907//2907 2950//2950 
f 2907//2907 2907//2907 2950//2950 
f 2950//2950 2907//2907 2951//2951 
f 2907//2907 2908//2908 2951//2951 
f 2951//2951 2908//2908 2952//2952 
f 2908//2908 2909//2909 2952//2952 
f 2952//2952 2909//2909 2953//2953 
f 2909//2909 2910//2910 2953//2953 
f 2953//2953 2910//2910 2954//2954 
f 2910//2910 2911//2911 2954//2954 
f 2954//2954 2911//2911 2955//2955 
f 2911//2911 2912//2912 2955//2955 
f 2955//2955 2912//2912 2956//2956 
f 2912//2912 2913//2913 2956//2956 
f 2956//2956 2913//2913 2957//2957 
f 2913//2913 2913//2913 2957//2957 
f 2957//2957 2913//2913 2958//2958 
f 2913//2913 2914//2914 2958//2958 
f 2958//2958 2914//2914 2959//2959 
f 2914//2914 2915//2915 2959//2959 
f 2959//2959 2915//2915 2960//2960 
f 2915//2915 2916//2916 2960//2960 
f 2960//2960 2916//2916 2961//2961 
f 2916//2916 2917//2917 2961//2961 
f 2961//2961 2917//2917 2962//2962 
f 2917//2917 2918//2918 2962//2962 
f 2962//2962 2918//2918 2963//2963 
f 2918//2918 2919//2919 2963//2963 
f 2963//2963 2919//2919 2964//2964 
f 2919//2919 2920//2920 2964//2964 
f 2964//2964 2920//2920 2965//2965 
f 2920//2920 2921//2921 2965//2965 
f 2965//2965 2921//2921 2966//2966 
f 2921//2921 2921//2921 2966//2966 
f 2966//2966 2921//2921 2967//2967 
f 2921//2921 2922//2922 2967//2967 
f 2967//2967 2922//2922 2968//2968 
f 2922//2922 2923//2923 2968//2968 
f 2968//2968 2923//2923 2969//2969 
f 2923//2923 2924//2924 2969//2969 
f 2969//2969 2924//2924 2970//2970 
f 2924//2924 2925//2925 2970//2970 
f 2970//2970 2925//2925 2971//2971 
f 2925//2925 2926//2926 2971//2971 
f 2971//2971 2926//2926 2972//2972 
f 2926//2926 2927//2927 2972//2972 
f 2972//2972 2927//2927 2973//2973 
f 2927//2927 2927//2927 2973//2973 
f 2973//2973 2927//2927 2974//2974 
f 2927//2927 2928//2928 2974//2974 
f 2974//2974 2928//2928 2975//2975 
f 2928//2928 2929//2929 2975//2975 
f 2975//2975 2929//2929 2976//2976 
f 2929//2929 2930//2930 2976//2976 
f 2976//2976 2930//2930 2977//2977 
f 2930//2930 2931//2931 2977//2977 
f 2977//2977 2931//2931 2978//2978 
f 2931//2931 2932//2932 2978//2978 
f 2978//2978 2932//2932 2979//2979 
f 2932//2932 2933//2933 2979//2979 
f 2979//2979 2933//2933 2980//2980 
f 2933//2933 2934//2934 2980//2980 
f 2980//2980 2934//2934 2981//2981 
f 2934//2934 2935//2935 2981//2981 
f 2981//2981 2935//2935 2982//2982 
f 2935//2935 2935//2935 2982//2982 
f 2982//2982 2935//2935 2983//2983 
f 2935//2935 2936//2936 2983//2983 
f 2983//2983 2936//2936 2984//2984 
f 2936//2936 2937//2937 2984//2984 
f 2984//2984 2937//2937 2985//2985 
f 2937//2937 2938//2938 2985//2985 
f 2985//2985 2938//2938 2986//2986 
f 2938//2938 2939//2939 2986//2986 
f 2986//2986 2939//2939 2987//2987 
f 2939//2939 2940//2940 2987//2987 
f 2987//2987 2940//2940 2988//2988 
f 2940//2940 2941//2941 2988//2988 
f 2988//2988 2941//2941 2989//2989 
f 2941//2941 2942//2942 2989//2989 
f 2989//2989 2942//2942 2990//2990 
f 2942//2942 2942//2942 2990//2990 
f 2990//2990 2942//2942 2991//2991 
f 2942//2942 2943//2943 2991//2991 
f 2991//2991 2943//2943 2992//2992 
f 2943//2943 2944//2944 2992//2992 
f 2992//2992 2944//2944 2993//2993 
f 2944//2944 2945//2945 2993//2993 
f 2993//2993 2945//2945 2994//2994 
f 2945//2945 2946//2946 2994//2994 
f 2994//2994 2946//2946 2995//2995 
f 2946//2946 2947//2947 2995//2995 
f 2995//2995 2947//2947 2996//2996 
f 2947//2947 2948//2948 2996//2996 
f 2996//2996 2948//2948 2997//2997 
f 2948//2948 2949//2949 2997//2997 
f 2997//2997 2949//2949 2998//2998 
f 2949//2949 2950//2950 2998//2998 
f 2998//2998 2950//2950 2999//2999 
f 2950//2950 2950//2950 2999//2999 
f 2999//2999 2950//2950 3000//3000 
f 2950//2950 2951//2951 3000//3000 
f 3000//3000 2951//2951 3001//3001 
f 2951//2951 2952//2952 3001//3001 
f 3001//3001 2952//2952 3002//3002 
f 2952//2952 2953//2953 3002//3002 
f 3002//3002 2953//2953 3003//3003 
f 2953//2953 2954//2954 3003//3003 
f 3003//3003 2954//2954 3004//3004 
f 2954//2954 2955//2955 3004//3004 
f 3004//3004 2955//2955 3005//3005 
f 2955//2955 2956//2956 3005//3005 
f 3005//3005 2956//2956 3006//3006 
f 2956//2956 2957//2957 3006//3006 
f 3006//3006 2957//2957 3007//3007 
f 2957//2957 2957//2957 3007//3007 
f 3007//3007 2957//2957 3008//3008 
f 2957//2957 2958//2958 3008//3008 
f 3008//3008 2958//2958 3009//3009 
f 2958//2958 2959//2959 3009//3009 
f 3009//3009 2959//2959 3010//3010 
f 2959//2959 2960//2960 3010//3010 
f 3010//3010 2960//2960 3011//3011 
f 2960//2960 2961//2961 3011//3011 
f 3011//3011 2961//2961 3012//3012 
f 2961//2961 2962//2962 3012//3012 
f 3012//3012 2962//2962 3013//3013 
f 2962//2962 2963//2963 3013//3013 
f 3013//3013 2963//2963 3014//3014 
f 2963//2963 2964//2964 3014//3014 
f 3014//3014 2964//2964 3015//3015 
f 2964//2964 2965//2965 3015//3015 
f 3015//3015 2965//2965 3016//3016 
f 2965//2965 2966//2966 3016//3016 
f 3016//3016 2966//2966 3017//3017 
f 2966//2966 2966//2966 3017//3017 
f 3017//3017 2966//2966 3018//3018 
f 2966//2966 2967//2967 3018//3018 
f 3018//3018 2967//2967 3019//3019 
f 2967//2967 2968//2968 3019//3019 
f 3019//3019 2968//2968 3020//3020 
f 2968//2968 2969//2969 3020//3020 
f 3020//3020 2969//2969 3021//3021 
f 2969//2969 2970//2970 3021//3021 
f 3021//3021 2970//2970 3022//3022 
f 2970//2970 2971//2971 3022//3022 
f 3022//3022 2971//2971 3023//3023 
f 2971//2971 2972//2972 3023//3023 
f 3023//3023 2972//2972 3024//3024 
f 2972//2972 2973//2973 3024//3024 
f 3024//3024 2973//2973 3025//3025 
f 2973//2973 2973//2973 3025//3025 
f 3025//3025 2973//2973 3026//3026 
f 2973//2973 2974//2974 3026//3026 
f 3026//3026 2974//2974 3027//3027 
f 2974//2974 2975//2975 3027//3027 
f 3027//3027 2975//2975 3028//3028 
f 2975//2975 2976//2976 3028//3028 
f 3028//3028 2976//2976 3029//3029 
f 2976//2976 2977//2977 3029//3029 
f 3029//3029 2977//2977 3030//3030 
f 2977//2977 2978//2978 3030//3030 
f 3030//3030 2978//2978 3031//3031 
f 2978//2978 2979//2979 3031//3031 
f 3031//3031 2979//2979 3032//3032 
f 2979//2979 2980//2980 3032//3032 
f 3032//3032 2980//2980 3033//3033 
f 2980//2980 2981//2981 3033//3033 
f 3033//3033 2981//2981 3034//3034 
f 2981//2981 2982//2982 3034//3034 
f 3034//3034 2982//2982 3035//3035 
f 2982//2982 2982//2982 3035//3035 
f 3035//3035 2982//2982 3036//3036 
f 2982//2982 2983//2983 3036//3036 
f 3036//3036 2983//2983 3037//3037 
f 2983//2983 2984//2984 3037//3037 
f 3037//3037 2984//2984 3038//3038 
f 2984//2984 2985//2985 3038//3038 
f 3038//3038 2985//2985 3039//3039 
f 2985//2985 2986//2986 3039//3039 
f 3039//3039 2986//2986 3040//3040 
f 2986//2986 2987//2987 3040//3040 
f 3040//3040 2987//2987 3041//3041 
f 2987//2987 2988//2988 3041//3041 
f 3041//3041 2988//2988 3042//3042 
f 2988//2988 2989//2989 3042//3042 
f 3042//3042 2989//2989 3043//3043 
f 2989//2989 2990//2990 3043//3043 
f 3043//3043 2990//2990 3044//3044 
f 2990//2990 2990//2990 3044//3044 
f 3044//3044 2990//2990 3045//3045 
f 2990//2990 2991//2991 3045//3045 
f 3045//3045 2991//2991 3046//3046 
f 2991//2991 2992//2992 3046//3046 
f 3046//3046 2992//2992 3047//3047 
f 2992//2992 2993//2993 3047//3047 
f 3047//3047 2993//2993 3048//3048 
f 2993//2993 2994//2994 3048//3048 
f 3048//3048 2994//2994 3049//3049 
f 2994//2994 2995//2995 3049//3049 
f 3049//3049 2995//2995 3050//3050 
f 2995//2995 2996//2996 3050//3050 
f 3050//3050 2996//2996 3051//3051 
f 2996//2996 2997//2997 3051//3051 
f 3051//3051 2997//2997 3052//3052 
f 2997//2997 2998//2998 3052//3052 
f 3052//3052 2998//2998 3053//3053 
f 2998//2998 2999//2999 3053//3053 
f 3053//3053 2999//2999 3054//3054 
f 2999//2999 2999//2999 3054//3054 
f 3054//3054 2999//2999 3055//3055 
f 2999//2999 3000//3000 3055//3055 
f 3055//3055 3000//3000 3056//3056 
f 3000//3000 3001//3001 3056//3056 
f 3056//3056 3001//3001 3057//3057 
f 3001//3001 3002//3002 3057//3057 
f 3057//3057 3002//3002 3058//3058 
f 3002//3002 3003//3003 3058//3058 
f 3058//3058 3003//3003 3059//3059 
f 3003//3003 3004//3004 3059//3059 
f 3059//3059 3004//3004 3060//3060 
f 3004//3004 3005//3005 3060//3060 
f 3060//3060 3005//3005 3061//3061 
f 3005//3005 3006//3006 3061//3061 
f 3061//3061 3006//3006 3062//3062 
f 3006//3006 3007//3007 3062//3062 
f 3062//3062 3007//3007 3063//3063 
f 3007//3007 3007//3007 3063//3063 
f 3063//3063 3007//3007 3064//3064 
f 3007//3007 3008//3008 3064//3064 
f 3064//3064 3008//3008 3065//3065 
f 3008//3008 3009//3009 3065//3065 
f 3065//3065 3009//3009 3066//3066 
f 3009//3009 3010//3010 3066//3066 
f 3066//3066 3010//3010 3067//3067 
f 3010//3010 3011//3011 3067//3067 
f 3067//3067 3011//3011 3068//3068 
f 3011//3011 3012//3012 3068//3068 
f 3068//3068 3012//3012 3069//3069 
f 3012//3012 3013//3013 3069//3069 
f 3069//3069 3013//3013 3070//3070 
f 3013//3013 3014//3014 3070//3070 
f 3070//3070 3014//3014 3071//3071 
f 3014//3014 3015//3015 3071//3071 
f 3071//3071 3015//3015 3072//3072 
f 3015//3015 3016//3016 3072//3072 
f 3072//3072 3016//3016 3073//3073 
f 3016//3016 3017//3017 3073//3073 
f 3073//3073 3017//3017 3074//3074 
f 3017//3017 3017//3017 3074//3074 
f 3074//3074 3017//3017 3075//3075 
f 3017//3017 3018//3018 3075//3075 
f 3075//3075 3018//3018 3076//3076 
f 3018//3018 3019//3019 3076//3076 
f 3076//3076 3019//3019 3077//3077 
f 3019//3019 3020//3020 3077//3077 
f 3077//3077 3020//3020 3078//3078 
f 3020//3020 3021//3021 3078//3078 
f 3078//3078 3021//3021 3079//3079 
f 3021//3021 3022//3022 3079//3079 
f 3079//3079 3022//3022 3080//3080 
f 3022//3022 3023//3023 3080//3080 
f 3080//3080 3023//3023 3081//3081 
f 3023//3023 3024//3024 3081//3081 
f 3081//3081 3024//3024 3082//3082 
f 3024//3024 3025//3025 3082//3082 
f 3082//3082 3025//3025 3083//3083 
f 3025//3025 3025//3025 3083//3083 
f 3083//3083 3025//3025 3084//3084 
f 3025//3025 3026//3026 3084//3084 
f 3084//3084 3026//3026 3085//3085 
f 3026//3026 3027//3027 3085//3085 
f 3085//3085 3027//3027 3086//3086 
f 3027//3027 3028//3028 3086//3086 
f 3086//3086 3028//3028 3087//3087 
f 3028//3028 3029//3029 3087//3087 
f 3087//3087 3029//3029 3088//3088 
f 3029//3029 3030//3030 3088//3088 
f 3088//3088 3030//3030 3089//3089 
f 3030//3030 3031//3031 3089//3089 
f 3089//3089 3031//3031 3090//3090 
f 3031//3031 3032//3032 3090//3090 
f 3090//3090 3032//3032 3091//3091 
f 3032//3032 3033//3033 3091//3091 
f 3091//3091 3033//3033 3092//3092 
f 3033//3033 3034//3034 3092//3092 
f 3092//3092 3034//3034 3093//3093 
f 3034//3034 3035//3035 3093//3093 
f 3093//3093 3035//3035 3094//3094 
f 3035//3035 3035//3035 3094//3094 
f 3094//3094 3035//3035 3095//3095 
f 3035//3035 3036//3036 3095//3095 
f 3095//3095 3036//3036 3096//3096 
f 3036//3036 3037//3037 3096//3096 
f 3096//3096 3037//3037 3097//3097 
f 3037//3037 3038//3038 3097//3097 
f 3097//3097 3038//3038 3098//3098 
f 3038//3038 3039//3039 3098//3098 
f 3098//3098 3039//3039 3099//3099 
f 3039//3039 3040//3040 3099//3099 
f 3099//3099 3040//3040 3100//3100 
f 3040//3040 3041//3041 3100//3100 
f 3100//3100 3041//3041 3101//3101 
f 3041//3041 3042//3042 3101//3101 
f 3101//3101 3042//3042 3102//3102 
f 3042//3042 3043//3043 3102//3102 
f 3102//3102 3043//3043 3103//3103 
f 3043//3043 3044//3044 3103//3103 
f 3103//3103 3044//3044 3104//3104 
f 3044//3044 3044//3044 3104//3104 
f 3104//3104 3044//3044 3105//3105 
f 3044//3044 3045//3045 3105//3105 
f 3105//3105 3045//3045 3106//3106 
f 3045//3045 3046//3046 3106//3106 
f 3106//3106 3046//3046 3107//3107 
f 3046//3046 3047//3047 3107//3107 
f 3107//3107 3047//3047 3108//3108 
f 3047//3047 3048//3048 3108//3108 
f 3108//3108 3048//3048 3109//3109 
f 3048//3048 3049//3049 3109//3109 
f 3109//3109 3049//3049 3110//3110 
f 3049//3049 3050//3050 3110//3110 
f 3110//3110 3050//3050 3111//3111 
f 3050//3050 3051//3051 3111//3111 
f 3111//3111 3051//3051 3112//3112 
f 3051//3051 3052//3052 3112//3112 
f 3112//3112 3052//3052 3113//3113 
f 3052//3052 3053//3053 3113//3113 
f 3113//3113 3053//3053 3114//3114 
f 3053//3053 3054//3054 3114//3114 
f 3114//3114 3054//3054 3115//3115 
f 3054//3054 3054//3054 3115//3115 
f 3115//3115 3054//3054 3116//3116 
f 3054//3054 3055//3055 3116//3116 
f 3116//3116 3055//3055 3117//3117 
f 3055//3055 3056//3056 3117//3117 
f 3117//3117 3056//3056 3118//3118 
f 3056//3056 3057//3057 3118//3118 
f 3118//3118 3057//3057 3119//3119 
f 3057//3057 3058//3058 3119//3119 
f 3119//3119 3058//3058 3120//3120 
f 3058//3058 3059//3059 3120//3120 
f 3120//3120 3059//3059 3121//3121 
f 3059//3059 3060//3060 3121//3121 
f 3121//3121 3060//3060 3122//3122 
f 3060//3060 3061//3061 3122//3122 
f 3122//3122 3061//3061 3123//3123 
f 3061//3061 3062//3062 3123//3123 
f 3123//3123 3062//3062 3124//3124 
f 3062//3062 3063//3063 3124//3124 
f 3124//3124 3063//3063 3125//3125 
f 3063//3063 3063//3063 3125//3125 
f 3125//3125 3063//3063 3126//3126 
f 3063//3063 3064//3064 3126//3126 
f 3126//3126 3064//3064 3127//3127 
f 3064//3064 3065//3065 3127//3127 
f 3127//3127 3065//3065 3128//3128 
f 3065//3065 3066//3066 3128//3128 
f 3128//3128 3066//3066 3129//3129 
f 3066//3066 3067//3067 3129//3129 
f 3129//3129 3067//3067 3130//3130 
f 3067//3067 3068//3068 3130//3130 
f 3130//3130 3068//3068 3131//3131 
f 3068//3068 3069//3069 3131//3131 
f 3131//3131 3069//3069 3132//3132 
f 3069//3069 3070//3070 3132//3132 
f 3132//3132 3070//3070 3133//3133 
f 3070//3070 3071//3071 3133//3133 
f 3133//3133 3071//3071 3134//3134 
f 3071//3071 3072//3072 3134//3134 
f 3134//3134 3072//3072 3135//3135 
f 3072//3072 3073//3073 3135//3135 
f 3135//3135 3073//3073 3136//3136 
f 3073//3073 3074//3074 3136//3136 
f 3136//3136 3074//3074 3137//3137 
f 3074//3074 3074//3074 3137//3137 
f 3137//3137 3074//3074 3138//3138 
f 3074//3074 3075//3075 3138//3138 
f 3138//3138 3075//3075 3139//3139 
f 3075//3075 3076//3076 3139//3139 
f 3139//3139 3076//3076 3140//3140 
f 3076//3076 3077//3077 3140//3140 
f 3140//3140 3077//3077 3141//3141 
f 3077//3077 3078//3078 3141//3141 
f 3141//3141 3078//3078 3142//3142 
f 3078//3078 3079//3079 3142//3142 
f 3142//3142 3079//3079 3143//3143 
f 3079//3079 3080//3080 3143//3143 
f 3143//3143 3080//3080 3144//3144 
f 3080//3080 3081//3081 3144//3144 
f 3144//3144 3081//3081 3145//3145 
f 3081//3081 3082//3082 3145//3145 
f 3145//3145 3082//3082 3146//3146 
f 3082//3082 3083//3083 3146//3146 
f 3146//3146 3083//3083 3147//3147 
f 3083//3083 3083//3083 3147//3147 
f 3147//3147 3083//3083 3148//3148 
f 3083//3083 3084//3084 3148//3148 
f 3148//3148 3084//3084 3149//3149 
f 3084//3084 3085//3085 3149//3149 
f 3149//3149 3085//3085 3150//3150 
f 3085//3085 3086//3086 3150//3150 
f 3150//3150 3086//3086 3151//3151 
f 3086//3086 3087//3087 3151//3151 
f 3151//3151 3087//3087 3152//3152 
f 3087//3087 3088//3088 3152//3152 
f 3152//3152 3088//3088 3153//3153 
f 3088//3088 3089//3089 3153//3153 
f 3153//3153 3089//3089 3154//3154 
f 3089//3089 3090//3090 3154//3154 
f 3154//3154 3090//3090 3155//3155 
f 3090//3090 3091//3091 3155//3155 
f 3155//3155 3091//3091 3156//3156 
f 3091//3091 3092//3092 3156//3156 
f 3156//3156 3092//3092 3157//3157 
f 3092//3092 3093//3093 3157//3157 
f 3157//3157 3093//3093 3158//3158 
f 3093//3093 3094//3094 3158//3158 
f 3158//3158 3094//3094 3159//3159 
f 3094//3094 3094//3094 3159//3159 
f 3159//3159 3094//3094 3160//3160 
f 3094//3094 3095//3095 3160//3160 
f 3160//3160 3095//3095 3161//3161 
f 3095//3095 3096//3096 3161//3161 
f 3161//3161 3096//3096 3162//3162 
f 3096//3096 3097//3097 3162//3162 
f 3162//3162 3097//3097 3163//3163 
f 3097//3097 3098//3098 3163//3163 
f 3163//3163 3098//3098 3164//3164 
f 3098//3098 3099//3099 3164//3164 
f 3164//3164 3099//3099 3165//3165 
f 3099//3099 3100//3100 3165//3165 
f 3165//3165 3100//3100 3166//3166 
f 3100//3100 3101//3101 3166//3166 
f 3166//3166 3101//3101 3167//3167 
f 3101//3101 3102//3102 3167//3167 
f 3167//3167 3102//3102 3168//3168 
f 3102//3102 3103//3103 3168//3168 
f 3168//3168 3103//3103 3169//3169 
f 3103//3103 3104//3104 3169//3169 
f 3169//3169 3104//3104 3170//3170 
f 3104//3104 3104//3104 3170//3170 
f 3170//3170 3104//3104 3171//3171 
f 3104//3104 3105//3105 3171//3171 
f 3171//3171 3105//3105 3172//3172 
f 3105//3105 3106//3106 3172//3172 
f 3172//3172 3106//3106 3173//3173 
f 3106//3106 3107//3107 3173//3173 
f 3173//3173 3107//3107 3174//3174 
f 3107//3107 3108//3108 3174//3174 
f 3174//3174 3108//3108 3175//3175 
f 3108//3108 3109//3109 3175//3175 
f 3175//3175 3109//3109 3176//3176 
f 3109//3109 3110//3110 3176//3176 
f 3176//3176 3110//3110 3177//3177 
f 3110//3110 3111//3111 3177//3177 
f 3177//3177 3111//3111 3178//3178 
f 3111//3111 3112//3112 3178//3178 
f 3178//3178 3112//3112 3179//3179 
f 3112//3112 3113//3113 3179//3179 
f 3179//3179 3113//3113 3180//3180 
f 3113//3113 3114//3114 3180//3180 
f 3180//3180 3114//3114 3181//3181 
f 3114//3114 3115//3115 3181//3181 
f 3181//3181 3115//3115 3182//3182 
f 3115//3115 3115//3115 3182//3182 
f 3182//3182 3115//3115 3183//3183 
f 3115//3115 3116//3116 3183//3183 
f 3183//3183 3116//3116 3184//3184 
f 3116//3116 3117//3117 3184//3184 
f 3184//3184 3117//3117 3185//3185 
f 3117//3117 3118//3118 3185//3185 
f 3185//3185 3118//3118 3186//3186 
f 3118//3118 3119//3119 3186//3186 
f 3186//3186 3119//3119 3187//3187 
f 3119//3119 3120//3120 3187//3187 
f 3187//3187 3120//3120 3188//3188 
f 3120//3120 3121//3121 3188//3188 
f 3188//3188 3121//3121 3189//3189 
f 3121//3121 3122//3122 3189//3189 
f 3189//3189 3122//3122 3190//3190 
f 3122//3122 3123//3123 3190//3190 
f 3190//3190 3123//3123 3191//3191 
f 3123//3123 3124//3124 3191//3191 
f 3191//3191 3124//3124 3192//3192 
f 3124//3124 3125//3125 3192//3192 
f 3192//3192 3125//3125 3193//3193 
f 3125//3125 3125//3125 3193//3193 
f 3193//3193 3125//3125 3194//3194 
f 3125//3125 3126//3126 3194//3194 
f 3194//3194 3126//3126 3195//3195 
f 3126//3126 3127//3127 3195//3195 
f 3195//3195 3127//3127 3196//3196 
f 3127//3127 3128//3128 3196//3196 
f 3196//3196 3128//3128 3197//3197 
f 3128//3128 3129//3129 3197//3197 
f 3197//3197 3129//3129 3198//3198 
f 3129//3129 3130//3130 3198//3198 
f 3198//3198 3130//3130 3199//3199 
f 3130//3130 3131//3131 3199//3199 
f 3199//3199 3131//3131 3200//3200 
f 3131//3131 3132//3132 3200//3200 
f 3200//3200 3132//3132 3201//3201 
f 3132//3132 3133//3133 3201//3201 
f 3201//3201 3133//3133 3202//3202 
f 3133//3133 3134//3134 3202//3202 
f 3202//3202 3134//3134 3203//3203 
f 3134//3134 3135//3135 3203//3203 
f 3203//3203 3135//3135 3204//3204 
f 3135//3135 3136//3136 3204//3204 
f 3204//3204 3136//3136 3205//3205 
f 3136//3136 3137//3137 3205//3205 
f 3205//3205 3137//3137 3206//3206 
f 3137//3137 3137//3137 3206//3206 
f 3206//3206 3137//3137 3207//3207 
f 3137//3137 3138//3138 3207//3207 
f 3207//3207 3138//3138 3208//3208 
f 3138//3138 3139//3139 3208//3208 
f 3208//3208 3139//3139 3209//3209 
f 3139//3139 3140//3140 3209//3209 
f 3209//3209 3140//3140 3210//3210 
f 3140//3140 3141//3141 3210//3210 
f 3210//3210 3141//3141 3211//3211 
f 3141//3141 3142//3142 3211//3211 
f 3211//3211 3142//3142 3212//3212 
f 3142//3142 3143//3143 3212//3212 
f 3212//3212 3143//3143 3213//3213 
f 3143//3143 3144//3144 3213//3213 
f 3213//3213 3144//3144 3214//3214 
f 3144//3144 3145//3145 3214//3214 
f 3214//3214 3145//3145 3215//3215 
f 3145//3145 3146//3146 3215//3215 
f 3215//3215 3146//3146 3216//3216 
f 3146//3146 3147//3147 3216//3216 
f 3216//3216 3147//3147 3217//3217 
f 3147//3147 3147//3147 3217//3217 
f 3217//3217 3147//3147 3218//3218 
f 3147//3147 3148//3148 3218//3218 
f 3218//3218 3148//3148 3219//3219 
f 3148//3148 3149//3149 3219//3219 
f 3219//3219 3149//3149 3220//3220 
f 3149//3149 3150//3150 3220//3220 
f 3220//3220 3150//3150 3221//3221 
f 3150//3150 3151//3151 3221//3221 
f 3221//3221 3151//3151 3222//3222 
f 3151//3151 3152//3152 3222//3222 
f 3222//3222 3152//3152 3223//3223 
f 3152//3152 3153//3153 3223//3223 
f 3223//3223 3153//3153 3224//3224 
f 3153//3153 3154//3154 3224//3224 
f 3224//3224 3154//3154 3225//3225 
f 3154//3154 3155//3155 3225//3225 
f 3225//3225 3155//3155 3226//3226 
f 3155//3155 3156//3156 3226//3226 
f 3226//3226 3156//3156 3227//3227 
f 3156//3156 3157//3157 3227//3227 
f 3227//3227 3157//3157 3228//3228 
f 3157//3157 3158//3158 3228//3228 
f 3228//3228 3158//3158 3229//3229 
f 3158//3158 3159//3159 3229//3229 
f 3229//3229 3159//3159 3230//3230 
f 3159//3159 3159//3159 3230//3230 
f 3230//3230 3159//3159 3231//3231 
f 3159//3159 3160//3160 3231//3231 
f 3231//3231 3160//3160 3232//3232 
f 3160//3160 3161//3161 3232//3232 
f 3232//3232 3161//3161 3233//3233 
f 3161//3161 3162//3162 3233//3233 
f 3233//3233 3162//3162 3234//3234 
f 3162//3162 3163//3163 3234//3234 
f 3234//3234 3163//3163 3235//3235 
f 3163//3163 3164//3164 3235//3235 
f 3235//3235 3164//3164 3236//3236 
f 3164//3164 3165//3165 3236//3236 
f 3236//3236 3165//3165 3237//3237 
f 3165//3165 3166//3166 3237//3237 
f 3237//3237 3166//3166 3238//3238 
f 3166//3166 3167//3167 3238//3238 
f 3238//3238 3167//3167 3239//3239 
f 3167//3167 3168//3168 3239//3239 
f 3239//3239 3168//3168 3240//3240 
f 3168//3168 3169//3169 3240//3240 
f 3240//3240 3169//3169 3241//3241 
f 3169//3169 3170//3170 3241//3241 
f 3241//3241 3170//3170 3242//3242 
f 3170//3170 3170//3170 3242//3242 
f 3242//3242 3170//3170 3243//3243 
f 3170//3170 3171//3171 3243//3243 
f 3243//3243 3171//3171 3244//3244 
f 3171//3171 3172//3172 3244//3244 
f 3244//3244 3172//3172 3245//3245 
f 3172//3172 3173//3173 3245//3245 
f 3245//3245 3173//3173 3246//3246 
f 3173//3173 3174//3174 3246//3246 
f 3246//3246 3174//3174 3247//3247 
f 3174//3174 3175//3175 3247//3247 
f 3247//3247 3175//3175 3248//3248 
f 3175//3175 3176//3176 3248//3248 
f 3248//3248 3176//3176 3249//3249 
f 3176//3176 3177//3177 3249//3249 
f 3249//3249 3177//3177 3250//3250 
f 3177//3177 3178//3178 3250//3250 
f 3250//3250 3178//3178 3251//3251 
f 3178//3178 3179//3179 3251//3251 
f 3251//3251 3179//3179 3252//3252 
f 3179//3179 3180//3180 3252//3252 
f 3252//3252 3180//3180 3253//3253 
f 3180//3180 3181//3181 3253//3253 
f 3253//3253 3181//3181 3254//3254 
f 3181//3181 3182//3182 3254//3254 
f 3254//3254 3182//3182 3255//3255 
f 3182//3182 3182//3182 3255//3255 
f 3255//3255 3182//3182 3256//3256 
f 3182//3182 3183//3183 3256//3256 
f 3256//3256 3183//3183 3257//3257 
f 3183//3183 3184//3184 3257//3257 
f 3257//3257 3184//3184 3258//3258 
f 3184//3184 3185//3185 3258//3258 
f 3258//3258 3185//3185 3259//3259 
f 3185//3185 3186//3186 3259//3259 
f 3259//3259 3186//3186 3260//3260 
f 3186//3186 3187//3187 3260//3260 
f 3260//3260 3187//3187 3261//3261 
f 3187//3187 3188//3188 3261//3261 
f 3261//3261 3188//3188 3262//3262 
f 3188//3188 3189//3189 3262//3262 
f 3262//3262 3189//3189 3263//3263 
f 3189//3189 3190//3190 3263//3263 
f 3263//3263 3190//3190 3264//3264 
f 3190//3190 3191//3191 3264//3264 
f 3264//3264 3191//3191 3265//3265 
f 3191//3191 3192//3192 3265//3265 
f 3265//3265 3192//3192 3266//3266 
f 3192//3192 3193//3193 3266//3266 
f 3266//3266 3193//3193 3267//3267 
f 3193//3193 3193//3193 3267//3267 
f 3267//3267 3193//3193 3268//3268 
f 3193//3193 3194//3194 3268//3268 
f 3268//3268 3194//3194 3269//3269 
f 3194//3194 3195//3195 3269//3269 
f 3269//3269 3195//3195 3270//3270 
f 3195//3195 3196//3196 3270//3270 
f 3270//3270 3196//3196 3271//3271 
f 3196//3196 3197//3197 3271//3271 
f 3271//3271 3197//3197 3272//3272 
f 3197//3197 3198//3198 3272//3272 
f 3272//3272 3198//3198 3273//3273 
f 3198//3198 3199//3199 3273//3273 
f 3273//3273 3199//3199 3274//3274 
f 3199//3199 3200//3200 3274//3274 
f 3274//3274 3200//3200 3275//3275 
f 3200//3200 3201//3201 3275//3275 
f 3275//3275 3201//3201 3276//3276 
f 3201//3201 3202//3202 3276//3276 
f 3276//3276 3202//3202 3277//3277 
f 3202//3202 3203//3203 3277//3277 
f 3277//3277 3203//3203 3278//3278 
f 3203//3203 3204//3204 3278//3278 
f 3278//3278 3204//3204 3279//3279 
f 3204//3204 3205//3205 3279//3279 
f 3279//3279 3205//3205 3280//3280 
f 3205//3205 3206//3206 3280//3280 
f 3280//3280 3206//3206 3281//3281 
f 3206//3206 3206//3206 3281//3281 
f 3281//3281 3206//3206 3282//3282 
f 3206//3206 3207//3207 3282//3282 
f 3282//3282 3207//3207 3283//3283 
f 3207//3207 3208//3208 3283//3283 
f 3283//3283 3208//3208 3284//3284 
f 3208//3208 3209//3209 3284//3284 
f 3284//3284 3209//3209 3285//3285 
f 3209//3209 3210//3210 3285//3285 
f 3285//3285 3210//3210 3286//3286 
f 3210//3210 3211//3211 3286//3286 
f 3286//3286 3211//3211 3287//3287 
f 3211//3211 3212//3212 3287//3287 
f 3287//3287 3212//3212 3288//3288 
f 3212//3212 3213//3213 3288//3288 
f 3288//3288 3213//3213 3289//3289 
f 3213//3213 3214//3214 3289//3289 
f 3289//3289 3214//3214 3290//3290 
f 3214//3214 3215//3215 3290//3290 
f 3290//3290 3215//3215 3291//3291 
f 3215//3215 3216//3216 3291//3291 
f 3291//3291 3216//3216 3292//3292 
f 3216//3216 3217//3217 3292//3292 
f 3292//3292 3217//3217 3293//3293 
f 3217//3217 3217//3217 3293//3293 
f 3293//3293 3217//3217 3294//3294 
f 3217//3217 3218//3218 3294//3294 
f 3294//3294 3218//3218 3295//3295 
f 3218//3218 3219//3219 3295//3295 
f 3295//3295 3219//3219 3296//3296 
f 3219//3219 3220//3220 3296//3296 
f 3296//3296 3220//3220 3297//3297 
f 3220//3220 3221//3221 3297//3297 
f 3297//3297 3221//3221 3298//3298 
f 3221//3221 3222//3222 3298//3298 
f 3298//3298 3222//3222 3299//3299 
f 3222//3222 3223//3223 3299//3299 
f 3299//3299 3223//3223 3300//3300 
f 3223//3223 3224//3224 3300//3300 
f 3300//3300 3224//3224 3301//3301 
f 3224//3224 3225//3225 3301//3301 
f 3301//3301 3225//3225 3302//3302 
f 3225//3225 3226//3226 3302//3302 
f 3302//3302 3226//3226 3303//3303 
f 3226//3226 3227//3227 3303//3303 
f 3303//3303 3227//3227 3304//3304 
f 3227//3227 3228//3228 3304//3304 
f 3304//3304 3228//3228 3305//3305 
f 3228//3228 3229//3229 3305//3305 
f 3305//3305 3229//3229 3306//3306 
f 3229//3229 3230//3230 3306//3306 
f 3306//3306 3230//3230 3307//3307 
f 3230//3230 3230//3230 3307//3307 
f 3307//3307 3230//3230 3308//3308 
f 3230//3230 3231//3231 3308//3308 
f 3308//3308 3231//3231 3309//3309 
f 3231//3231 3232//3232 3309//3309 
f 3309//3309 3232//3232 3310//3310 
f 3232//3232 3233//3233 3310//3310 
f 3310//3310 3233//3233 3311//3311 
f 3233//3233 3234//3234 3311//3311 
f 3311//3311 3234//3234 3312//3312 
f 3234//3234 3235//3235 3312//3312 
f 3312//3312 3235//3235 3313//3313 
f 3235//3235 3236//3236 3313//3313 
f 3313//3313 3236//3236 3314//3314 
f 3236//3236 3237//3237 3314//3314 
f 3314//3314 3237//3237 3315//3315 
f 3237//3237 3238//3238 3315//3315 
f 3315//3315 3238//3238 3316//3316 
f 3238//3238 3239//3239 3316//3316 
f 3316//3316 3239//3239 3317//3317 
f 3239//3239 3240//3240 3317//3317 
f 3317//3317 3240//3240 3318//3318 
f 3240//3240 3241//3241 3318//3318 
f 3318//3318 3241//3241 3319//3319 
f 3241//3241 3242//3242 3319//3319 
f 3319//3319 3242//3242 3320//3320 
f 3242//3242 3242//3242 3320//3320 
f 3320//3320 3242//3242 3321//3321 
f 3242//3242 3243//3243 3321//3321 
f 3321//3321 3243//3243 3322//3322 
f 3243//3243 3244//3244 3322//3322 
f 3322//3322 3244//3244 3323//3323 
f 3244//3244 3245//3245 3323//3323 
f 3323//3323 3245//3245 3324//3324 
f 3245//3245 3246//3246 3324//3324 
f 3324//3324 3246//3246 3325//3325 
f 3246//3246 3247//3247 3325//3325 
f 3325//3325 3247//3247 3326//3326 
f 3247//3247 3248//3248 3326//3326 
f 3326//3326 3248//3248 3327//3327 
f 3248//3248 3249//3249 3327//3327 
f 3327//3327 3249//3249 3328//3328 
f 3249//3249 3250//3250 3328//3328 
f 3328//3328 3250//3250 3329//3329 
f 3250//3250 3251//3251 3329//3329 
f 3329//3329 3251//3251 3330//3330 
f 3251//3251 3252//3252 3330//3330 
f 3330//3330 3252//3252 3331//3331 
f 3252//3252 3253//3253 3331//3331 
f 3331//3331 3253//3253 3332//3332 
f 3253//3253 3254//3254 3332//3332 
f 3332//3332 3254//3254 3333//3333 
f 3254//3254 3255//3255 3333//3333 
f 3333//3333 3255//3255 3334//3334 
f 3255//3255 3255//3255 3334//3334 
f 3334//3334 3255//3255 3335//3335 
f 3255//3255 3256//3256 3335//3335 
f 3335//3335 3256//3256 3336//3336 
f 3256//3256 3257//3257 3336//3336 
f 3336//3336 3257//3257 3337//3337 
f 3257//3257 3258//3258 3337//3337 
f 3337//3337 3258//3258 3338//3338 
f 3258//3258 3259//3259 3338//3338 
f 3338//3338 3259//3259 3339//3339 
f 3259//3259 3260//3260 3339//3339 
f 3339//3339 3260//3260 3340//3340 
f 3260//3260 3261//3261 3340//3340 
f 3340//3340 3261//3261 3341//3341 
f 3261//3261 3262//3262 3341//3341 
f 3341//3341 3262//3262 3342//3342 
f 3262//3262 3263//3263 3342//3342 
f 3342//3342 3263//3263 3343//3343 
f 3263//3263 3264//3264 3343//3343 
f 3343//3343 3264//3264 3344//3344 
f 3264//3264 3265//3265 3344//3344 
f 3344//3344 3265//3265 3345//3345 
f 3265//3265 3266//3266 3345//3345 
f 3345//3345 3266//3266 3346//3346 
f 3266//3266 3267//3267 3346//3346 
f 3346//3346 3267//3267 3347//3347 
f 3267//3267 3267//3267 3347//3347 
f 3347//3347 3267//3267 3348//3348 
f 3267//3267 3268//3268 3348//3348 
f 3348//3348 3268//3268 3349//3349 
f 3268//3268 3269//3269 3349//3349 
f 3349//3349 3269//3269 3350//3350 
f 3269//3269 3270//3270 3350//3350 
f 3350//3350 3270//3270 3351//3351 
f 3270//3270 3271//3271 3351//3351 
f 3351//3351 3271//3271 3352//3352 
f 3271//3271 3272//3272 3352//3352 
f 3352//3352 3272//3272 3353//3353 
f 3272//3272 3273//3273 3353//3353 
f 3353//3353 3273//3273 3354//3354 
f 3273//3273 3274//3274 3354//3354 
f 3354//3354 3274//3274 3355//3355 
f 3274//3274 3275//3275 3355//3355 
f 3355//3355 3275//3275 3356//3356 
f 3275//3275 3276//3276 3356//3356 
f 3356//3356 3276//3276 3357//3357 
f 3276//3276 3277//3277 3357//3357 
f 3357//3357 3277//3277 3358//3358 
f 3277//3277 3278//3278 3358//3358 
f 3358//3358 3278//3278 3359//3359 
f 3278//3278 3279//3279 3359//3359 
f 3359//3359 3279//3279 3360//3360 
f 3279//3279 3280//3280 3360//3360 
f 3360//3360 3280//3280 3361//3361 
f 3280//3280 3281//3281 3361//3361 
f 3361//3361 3281//3281 3362//3362 
f 3281//3281 3281//3281 3362//3362 
f 3362//3362 3281//3281 3363//3363 
f 3281//3281 3282//3282 3363//3363 
f 3363//3363 3282//3282 3364//3364 
f 3282//3282 3283//3283 3364//3364 
f 3364//3364 3283//3283 3365//3365 
f 3283//3283 3284//3284 3365//3365 
f 3365//3365 3284//3284 3366//3366 
f 3284//3284 3285//3285 3366//3366 
f 3366//3366 3285//3285 3367//3367 
f 3285//3285 3286//3286 3367//3367 
f 3367//3367 3286//3286 3368//3368 
f 3286//3286 3287//3287 3368//3368 
f 3368//3368 3287//3287 3369//3369 
f 3287//3287 3288//3288 3369//3369 
f 3369//3369 3288//3288 3370//3370 
f 3288//3288 3289//3289 3370//3370 
f 3370//3370 3289//3289 3371//3371 
f 3289//3289 3290//3290 3371//3371 
f 3371//3371 3290//3290 3372//3372 
f 3290//3290 3291//3291 3372//3372 
f 3372//3372 3291//3291 3373//3373 
f 3291//3291 3292//3292 3373//3373 
f 3373//3373 3292//3292 3374//3374 
f 3292//3292 3293//3293 3374//3374 
f 3374//3374 3293//3293 3375//3375 
f 3293//3293 3293//3293 3375//3375 
f 3375//3375 3293//3293 3376//3376 
f 3293//3293 3294//3294 3376//3376 
f 3376//3376 3294//3294 3377//3377 
f 3294//3294 3295//3295 3377//3377 
f 3377//3377 3295//3295 3378//3378 
f 3295//3295 3296//3296 3378//3378 
f 3378//3378 3296//3296 3379//3379 
f 3296//3296 3297//3297 3379//3379 
f 3379//3379 3297//3297 3380//3380 
f 3297//3297 3298//3298 3380//3380 
f 3380//3380 3298//3298 3381//3381 
f 3298//3298 3299//3299 3381//3381 
f 3381//3381 3299//3299 3382//3382 
f 3299//3299 3300//3300 3382//3382 
f 3382//3382 3300//3300 3383//3383 
f 3300//3300 3301//3301 3383//3383 
f 3383//3383 3301//3301 3384//3384 
f 3301//3301 3302//3302 3384//3384 
f 3384//3384 3302//3302 3385//3385 
f 3302//3302 3303//3303 3385//3385 
f 3385//3385 3303//3303 3386//3386 
f 3303//3303 3304//3304 3386//3386 
f 3386//3386 3304//3304 3387//3387 
f 3304//3304 3305//3305 3387//3387 
f 3387//3387 3305//3305 3388//3388 
f 3305//3305 3306//3306 3388//3388 
f 3388//3388 3306//3306 3389//3389 
f 3306//3306 3307//3307 3389//3389 
f 3389//3389 3307//3307 3390//3390 
f 3307//3307 3307//3307 3390//3390 
f 3390//3390 3307//3307 3391//3391 
f 3307//3307 3308//3308 3391//3391 
f 3391//3391 3308//3308 3392//3392 
f 3308//3308 3309//3309 3392//3392 
f 3392//3392 3309//3309 3393//3393 
f 3309//3309 3310//3310 3393//3393 
f 3393//3393 3310//3310 3394//3394 
f 3310//3310 3311//3311 3394//3394 
f 3394//3394 3311//3311 3395//3395 
f 3311//3311 3312//3312 3395//3395 
f 3395//3395 3312//3312 3396//3396 
f 3312//3312 3313//3313 3396//3396 
f 3396//3396 3313//3313 3397//3397 
f 3313//3313 3314//3314 3397//3397 
f 3397//3397 3314//3314 3398//3398 
f 3314//3314 3315//3315 3398//3398 
f 3398//3398 3315//3315 3399//3399 
f 3315//3315 3316//3316 3399//3399 
f 3399//3399 3316//3316 3400//3400 
f 3316//3316 3317//3317 3400//3400 
f 3400//3400 3317//3317 3401//3401 
f 3317//3317 3318//3318 3401//3401 
f 3401//3401 3318//3318 3402//3402 
f 3318//3318 3319//3319 3402//3402 
f 3402//3402 3319//3319 3403//3403 
f 3319//3319 3320//3320 3403//3403 
f 3403//3403 3320//3320 3404//3404 
f 3320//3320 3320//3320 3404//3404 
f 3404//3404 3320//3320 3405//3405 
f 3320//3320 3321//3321 3405//3405 
f 3405//3405 3321//3321 3406//3406 
f 3321//3321 3322//3322 3406//3406 
f 3406//3406 3322//3322 3407//3407 
f 3322//3322 3323//3323 3407//3407 
f 3407//3407 3323//3323 3408//3408 
f 3323//3323 3324//3324 3408//3408 
f 3408//3408 3324//3324 3409//3409 
f 3324//3324 3325//3325 3409//3409 
f 3409//3409 3325//3325 3410//3410 
f 3325//3325 3326//3326 3410//3410 
f 3410//3410 3326//3326 3411//3411 
f 3326//3326 3327//3327 3411//3411 
f 3411//3411 3327//3327 3412//3412 
f 3327//3327 3328//3328 3412//3412 
f 3412//3412 3328//3328 3413//3413 
f 3328//3328 3329//3329 3413//3413 
f 3413//3413 3329//3329 3414//3414 
f 3329//3329 3330//3330 3414//3414 
f 3414//3414 3330//3330 3415//3415 
f 3330//3330 3331//3331 3415//3415 
f 3415//3415 3331//3331 3416//3416 
f 3331//3331 3332//3332 3416//3416 
f 3416//3416 3332//3332 3417//3417 
f 3332//3332 3333//3333 3417//3417 
f 3417//3417 3333//3333 3418//3418 
f 3333//3333 3334//3334 3418//3418 
f 3418//3418 3334//3334 3419//3419 
f 3334//3334 3334//3334 3419//3419 
f 3419//3419 3334//3334 3420//3420 
f 3334//3334 3335//3335 3420//3420 
f 3420//3420 3335//3335 3421//3421 
f 3335//3335 3336//3336 3421//3421 
f 3421//3421 3336//3336 3422//3422 
f 3336//3336 3337//3337 3422//3422 
f 3422//3422 3337//3337 3423//3423 
f 3337//3337 3338//3338 3423//3423 
f 3423//3423 3338//3338 3424//3424 
f 3338//3338 3339//3339 3424//3424 
f 3424//3424 3339//3339 3425//3425 
f 3339//3339 3340//3340 3425//3425 
f 3425//3425 3340//3340 3426//3426 
f 3340//3340 3341//3341 3426//3426 
f 3426//3426 3341//3341 3427//3427 
f 3341//3341 3342//3342 3427//3427 
f 3427//3427 3342//3342 3428//3428 
f 3342//3342 3343//3343 3428//3428 
f 3428//3428 3343//3343 3429//3429 
f 3343//3343 3344//3344 3429//3429 
f 3429//3429 3344//3344 3430//3430 
f 3344//3344 3345//3345 3430//3430 
f 3430//3430 3345//3345 3431//3431 
f 3345//3345 3346//3346 3431//3431 
f 3431//3431 3346//3346 3432//3432 
f 3346//3346 3347//3347 3432//3432 
f 3432//3432 3347//3347 3433//3433 
f 3347//3347 3347//3347 3433//3433 
f 3433//3433 3347//3347 3434//3434 
f 3347//3347 3348//3348 3434//3434 
f 3434//3434 3348//3348 3435//3435 
f 3348//3348 3349//3349 3435//3435 
f 3435//3435 3349//3349 3436//3436 
f 3349//3349 3350//3350 3436//3436 
f 3436//3436 3350//3350 3437//3437 
f 3350//3350 3351//3351 3437//3437 
f 3437//3437 3351//3351 3438//3438 
f 3351//3351 3352//3352 3438//3438 
f 3438//3438 3352//3352 3439//3439 
f 3352//3352 3353//3353 3439//3439 
f 3439//3439 3353//3353 3440//3440 
f 3353//3353 3354//3354 3440//3440 
f 3440//3440 3354//3354 3441//3441 
f 3354//3354 3355//3355 3441//3441 
f 3441//3441 3355//3355 3442//3442 
f 3355//3355 3356//3356 3442//3442 
f 3442//3442 3356//3356 3443//3443 
f 3356//3356 3357//3357 3443//3443 
f 3443//3443 3357//3357 3444//3444 
f 3357//3357 3358//3358 3444//3444 
f 3444//3444 3358//3358 3445//3445 
f 3358//3358 3359//3359 3445//3445 
f 3445//3445 3359//3359 3446//3446 
f 3359//3359 3360//3360 3446//3446 
f 3446//3446 3360//3360 3447//3447 
f 3360//3360 3361//3361 3447//3447 
f 3447//3447 3361//3361 3448//3448 
f 3361//3361 3362//3362 3448//3448 
f 3448//3448 3362//3362 3449//3449 
f 3362//3362 3362//3362 3449//3449 
f 3449//3449 3362//3362 3450//3450 
f 3362//3362 3363//3363 3450//3450 
f 3450//3450 3363//3363 3451//3451 
f 3363//3363 3364//3364 3451//3451 
f 3451//3451 3364//3364 3452//3452 
f 3364//3364 3365//3365 3452//3452 
f 3452//3452 3365//3365 3453//3453 
f 3365//3365 3366//3366 3453//3453 
f 3453//3453 3366//3366 3454//3454 
f 3366//3366 3367//3367 3454//3454 
f 3454//3454 3367//3367 3455//3455 
f 3367//3367 3368//3368 3455//3455 
f 3455//3455 3368//3368 3456//3456 
f 3368//3368 3369//3369 3456//3456 
f 3456//3456 3369//3369 3457//3457 
f 3369//3369 3370//3370 3457//3457 
f 3457//3457 3370//3370 3458//3458 
f 3370//3370 3371//3371 3458//3458 
f 3458//3458 3371//3371 3459//3459 
f 3371//3371 3372//3372 3459//3459 
f 3459//3459 3372//3372 3460//3460 
f 3372//3372 3373//3373 3460//3460 
f 3460//3460 3373//3373 3461//3461 
f 3373//3373 3374//3374 3461//3461 
f 3461//3461 3374//3374 3462//3462 
f 3374//3374 3375//3375 3462//3462 
f 3462//3462 3375//3375 3463//3463 
f 3375//3375 3375//3375 3463//3463 
f 3463//3463 3375//3375 3464//3464 
f 3375//3375 3376//3376 3464//3464 
f 3464//3464 3376//3376 3465//3465 
f 3376//3376 3377//3377 3465//3465 
f 3465//3465 3377//3377 3466//3466 
f 3377//3377 3378//3378 3466//3466 
f 3466//3466 3378//3378 3467//3467 
f 3378//3378 3379//3379 3467//3467 
f 3467//3467 3379//3379 3468//3468 
f 3379//3379 3380//3380 3468//3468 
f 3468//3468 3380//3380 3469//3469 
f 3380//3380 3381//3381 3469//3469 
f 3469//3469 3381//3381 3470//3470 
f 3381//3381 3382//3382 3470//3470 
f 3470//3470 3382//3382 3471//3471 
f 3382//3382 3383//3383 3471//3471 
f 3471//3471 3383//3383 3472//3472 
f 3383//3383 3384//3384 3472//3472 
f 3472//3472 3384//3384 3473//3473 
f 3384//3384 3385//3385 3473//3473 
f 3473//3473 3385//3385 3474//3474 
f 3385//3385 3386//3386 3474//3474 
f 3474//3474 3386//3386 3475//3475 
f 3386//3386 3387//3387 3475//3475 
f 3475//3475 3387//3387 3476//3476 
f 3387//3387 3388//3388 3476//3476 
f 3476//3476 3388//3388 3477//3477 
f 3388//3388 3389//3389 3477//3477 
f 3477//3477 3389//3389 3478//3478 
f 3389//3389 3390//3390 3478//3478 
f 3478//3478 3390//3390 3479//3479 
f 3390//3390 3390//3390 3479//3479 
f 3479//3479 3390//3390 3480//3480 
f 3390//3390 3391//3391 3480//3480 
f 3480//3480 3391//3391 3481//3481 
f 3391//3391 3392//3392 3481//3481 
f 3481//3481 3392//3392 3482//3482 
f 3392//3392 3393//3393 3482//3482 
f 3482//3482 3393//3393 3483//3483 
f 3393//3393 3394//3394 3483//3483 
f 3483//3483 3394//3394 3484//3484 
f 3394//3394 3395//3395 3484//3484 
f 3484//3484 3395//3395 3485//3485 
f 3395//3395 3396//3396 3485//3485 
f 3485//3485 3396//3396 3486//3486 
f 3396//3396 3397//3397 3486//3486 
f 3486//3486 3397//3397 3487//3487 
f 3397//3397 3398//3398 3487//3487 
f 3487//3487 3398//3398 3488//3488 
f 3398//3398 3399//3399 3488//3488 
f 3488//3488 3399//3399 3489//3489 
f 3399//3399 3400//3400 3489//3489 
f 3489//3489 3400//3400 3490//3490 
f 3400//3400 3401//3401 3490//3490 
f 3490//3490 3401//3401 3491//3491 
f 3401//3401 3402//3402 3491//3491 
f 3491//3491 3402//3402 3492//3492 
f 3402//3402 3403//3403 3492//3492 
f 3492//3492 3403//3403 3493//3493 
f 3403//3403 3404//3404 3493//3493 
f 3493//3493 3404//3404 3494//3494 
f 3404//3404 3404//3404 3494//3494 
f 3494//3494 3404//3404 3495//3495 
f 3404//3404 3405//3405 3495//3495 
f 3495//3495 3405//3405 3496//3496 
f 3405//3405 3406//3406 3496//3496 
f 3496//3496 3406//3406 3497//3497 
f 3406//3406 3407//3407 3497//3497 
f 3497//3497 3407//3407 3498//3498 
f 3407//3407 3408//3408 3498//3498 
f 3498//3498 3408//3408 3499//3499 
f 3408//3408 3409//3409 3499//3499 
f 3499//3499 3409//3409 3500//3500 
f 3409//3409 3410//3410 3500//3500 
f 3500//3500 3410//3410 3501//3501 
f 3410//3410 3411//3411 3501//3501 
f 3501//3501 3411//3411 3502//3502 
f 3411//3411 3412//3412 3502//3502 
f 3502//3502 3412//3412 3503//3503 
f 3412//3412 3413//3413 3503//3503 
f 3503//3503 3413//3413 3504//3504 
f 3413//3413 3414//3414 3504//3504 
f 3504//3504 3414//3414 3505//3505 
f 3414//3414 3415//3415 3505//3505 
f 3505//3505 3415//3415 3506//3506 
f 3415//3415 3416//3416 3506//3506 
f 3506//3506 3416//3416 3507//3507 
f 3416//3416 3417//3417 3507//3507 
f 3507//3507 3417//3417 3508//3508 
f 3417//3417 3418//3418 3508//3508 
f 3508//3508 3418//3418 3509//3509 
f 3418//3418 3419//3419 3509//3509 
f 3509//3509 3419//3419 3510//3510 
f 3419//3419 3419//3419 3510//3510 
f 3510//3510 3419//3419 3511//3511 
f 3419//3419 3420//3420 3511//3511 
f 3511//3511 3420//3420 3512//3512 
f 3420//3420 3421//3421 3512//3512 
f 3512//3512 3421//3421 3513//3513 
f 3421//3421 3422//3422 3513//3513 
f 3513//3513 3422//3422 3514//3514 
f 3422//3422 3423//3423 3514//3514 
f 3514//3514 3423//3423 3515//3515 
f 3423//3423 3424//3424 3515//3515 
f 3515//3515 3424//3424 3516//3516 
f 3424//3424 3425//3425 3516//3516 
f 3516//3516 3425//3425 3517//3517 
f 3425//3425 3426//3426 3517//3517 
f 3517//3517 3426//3426 3518//3518 
f 3426//3426 3427//3427 3518//3518 
f 3518//3518 3427//3427 3519//3519 
f 3427//3427 3428//3428 3519//3519 
f 3519//3519 3428//3428 3520//3520 
f 3428//3428 3429//3429 3520//3520 
f 3520//3520 3429//3429 3521//3521 
f 3429//3429 3430//3430 3521//3521 
f 3521//3521 3430//3430 3522//3522 
f 3430//3430 3431//3431 3522//3522 
f 3522//3522 3431//3431 3523//3523 
f 3431//3431 3432//3432 3523//3523 
f 3523//3523 3432//3432 3524//3524 
f 3432//3432 3433//3433 3524//3524 
f 3524//3524 3433//3433 3525//3525 
f 3433//3433 3433//3433 3525//3525 
f 3525//3525 3433//3433 3526//3526 
f 3433//3433 3434//3434 3526//3526 
f 3526//3526 3434//3434 3527//3527 
f 3434//3434 3435//3435 3527//3527 
f 3527//3527 3435//3435 3528//3528 
f 3435//3435 3436//3436 3528//3528 
f 3528//3528 3436//3436 3529//3529 
f 3436//3436 3437//3437 3529//3529 
f 3529//3529 3437//3437 3530//3530 
f 3437//3437 3438//3438 3530//3530 
f 3530//3530 3438//3438 3531//3531 
f 3438//3438 3439//3439 3531//3531 
f 3531//3531 3439//3439 3532//3532 
f 3439//3439 3440//3440 3532//3532 
f 3532//3532 3440//3440 3533//3533 
f 3440//3440 3441//3441 3533//3533 
f 3533//3533 3441//3441 3534//3534 
f 3441//3441 3442//3442 3534//3534 
f 3534//3534 3442//3442 3535//3535 
f 3442//3442 3443//3443 3535//3535 
f 3535//3535 3443//3443 3536//3536 
f 3443//3443 3444//3444 3536//3536 
f 3536//3536 3444//3444 3537//3537 
f 3444//3444 3445//3445 3537//3537 
f 3537//3537 3445//3445 3538//3538 
f 3445//3445 3446//3446 3538//3538 
f 3538//3538 3446//3446 3539//3539 
f 3446//3446 3447//3447 3539//3539 
f 3539//3539 3447//3447 3540//3540 
f 3447//3447 3448//3448 3540//3540 
f 3540//3540 3448//3448 3541//3541 
f 3448//3448 3449//3449 3541//3541 
f 3541//3541 3449//3449 3542//3542 
f 3449//3449 3449//3449 3542//3542 
f 3542//3542 3449//3449 3543//3543 
f 3449//3449 3450//3450 3543//3543 
f 3543//3543 3450//3450 3544//3544 
f 3450//3450 3451//3451 3544//3544 
f 3544//3544 3451//3451 3545//3545 
f 3451//3451 3452//3452 3545//3545 
f 3545//3545 3452//3452 3546//3546 
f 3452//3452 3453//3453 3546//3546 
f 3546//3546 3453//3453 3547//3547 
f 3453//3453 3454//3454 3547//3547 
f 3547//3547 3454//3454 3548//3548 
f 3454//3454 3455//3455 3548//3548 
f 3548//3548 3455//3455 3549//3549 
f 3455//3455 3456//3456 3549//3549 
f 3549//3549 3456//3456 3550//3550 
f 3456//3456 3457//3457 3550//3550 
f 3550//3550 3457//3457 3551//3551 
f 3457//3457 3458//3458 3551//3551 
f 3551//3551 3458//3458 3552//3552 
f 3458//3458 3459//3459 3552//3552 
f 3552//3552 3459//3459 3553//3553 
f 3459//3459 3460//3460 3553//3553 
f 3553//3553 3460//3460 3554//3554 
f 3460//3460 3461//3461 3554//3554 
f 3554//3554 3461//3461 3555//3555 
f 3461//3461 3462//3462 3555//3555 
f 3555//3555 3462//3462 3556//3556 
f 3462//3462 3463//3463 3556//3556 
f 3556//3556 3463//3463 3557//3557 
f 3463//3463 3463//3463 3557//3557 
f 3557//3557 3463//3463 3558//3558 
f 3463//3463 3464//3464 3558//3558 
f 3558//3558 3464//3464 3559//3559 
f 3464//3464 3465//3465 3559//3559 
f 3559//3559 3465//3465 3560//3560 
f 3465//3465 3466//3466 3560//3560 
f 3560//3560 3466//3466 3561//3561 
f 3466//3466 3467//3467 3561//3561 
f 3561//3561 3467//3467 3562//3562 
f 3467//3467 3468//3468 3562//3562 
f 3562//3562 3468//3468 3563//3563 
f 3468//3468 3469//3469 3563//3563 
f 3563//3563 3469//3469 3564//3564 
f 3469//3469 3470//3470 3564//3564 
f 3564//3564 3470//3470 3565//3565 
f 3470//3470 3471//3471 3565//3565 
f 3565//3565 3471//3471 3566//3566 
f 3471//3471 3472//3472 3566//3566 
f 3566//3566 3472//3472 3567//3567 
f 3472//3472 3473//3473 3567//3567 
f 3567//3567 3473//3473 3568//3568 
f 3473//3473 3474//3474 3568//3568 
f 3568//3568 3474//3474 3569//3569 
f 3474//3474 3475//3475 3569//3569 
f 3569//3569 3475//3475 3570//3570 
f 3475//3475 3476//3476 3570//3570 
f 3570//3570 3476//3476 3571//3571 
f 3476//3476 3477//3477 3571//3571 
f 3571//3571 3477//3477 3572//3572 
f 3477//3477 3478//3478 3572//3572 
f 3572//3572 3478//3478 3573//3573 
f 3478//3478 3479//3479 3573//3573 
f 3573//3573 3479//3479 3574//3574 
f 3479//3479 3479//3479 3574//3574 
f 3574//3574 3479//3479 3575//3575 
f 3479//3479 3480//3480 3575//3575 
f 3575//3575 3480//3480 3576//3576 
f 3480//3480 3481//3481 3576//3576 
f 3576//3576 3481//3481 3577//3577 
f 3481//3481 3482//3482 3577//3577 
f 3577//3577 3482//3482 3578//3578 
f 3482//3482 3483//3483 3578//3578 
f 3578//3578 3483//3483 3579//3579 
f 3483//3483 3484//3484 3579//3579 
f 3579//3579 3484//3484 3580//3580 
f 3484//3484 3485//3485 3580//3580 
f 3580//3580 3485//3485 3581//3581 
f 3485//3485 3486//3486 3581//3581 
f 3581//3581 3486//3486 3582//3582 
f 3486//3486 3487//3487 3582//3582 
f 3582//3582 3487//3487 3583//3583 
f 3487//3487 3488//3488 3583//3583 
f 3583//3583 3488//3488 3584//3584 
f 3488//3488 3489//3489 3584//3584 
f 3584//3584 3489//3489 3585//3585 
f 3489//3489 3490//3490 3585//3585 
f 3585//3585 3490//3490 3586//3586 
f 3490//3490 3491//3491 3586//3586 
f 3586//3586 3491//3491 3587//3587 
f 3491//3491 3492//3492 3587//3587 
f 3587//3587 3492//3492 3588//3588 
f 3492//3492 3493//3493 3588//3588 
f 3588//3588 3493//3493 3589//3589 
f 3493//3493 3494//3494 3589//3589 
f 3589//3589 3494//3494 3590//3590 
f 3494//3494 3494//3494 3590//3590 
f 3590//3590 3494//3494 3591//3591 
f 3494//3494 3495//3495 3591//3591 
f 3591//3591 3495//3495 3592//3592 
f 3495//3495 3496//3496 3592//3592 
f 3592//3592 3496//3496 3593//3593 
f 3496//3496 3497//3497 3593//3593 
f 3593//3593 3497//3497 3594//3594 
f 3497//3497 3498//3498 3594//3594 
f 3594//3594 3498//3498 3595//3595 
f 3498//3498 3499//3499 3595//3595 
f 3595//3595 3499//3499 3596//3596 
f 3499//3499 3500//3500 3596//3596 
f 3596//3596 3500//3500 3597//3597 
f 3500//3500 3501//3501 3597//3597 
f 3597//3597 3501//3501 3598//3598 
f 3501//3501 3502//3502 3598//3598 
f 3598//3598 3502//3502 3599//3599 
f 3502//3502 3503//3503 3599//3599 
f 3599//3599 3503//3503 3600//3600 
f 3503//3503 3504//3504 3600//3600 
f 3600//3600 3504//3504 3601//3601 
f 3504//3504 3505//3505 3601//3601 
f 3601//3601 3505//3505 3602//3602 
f 3505//3505 3506//3506 3602//3602 
f 3602//3602 3506//3506 3603//3603 
f 3506//3506 3507//3507 3603//3603 
f 3603//3603 3507//3507 3604//3604 
f 3507//3507 3508//3508 3604//3604 
f 3604//3604 3508//3508 3605//3605 
f 3508//3508 3509//3509 3605//3605 
f 3605//3605 3509//3509 3606//3606 
f 3509//3509 3510//3510 3606//3606 
f 3606//3606 3510//3510 3607//3607 
f 3510//3510 3510//3510 3607//3607 
f 3607//3607 3510//3510 3608//3608 
f 3510//3510 3511//3511 3608//3608 
f 3608//3608 3511//3511 3609//3609 
f 3511//3511 3512//3512 3609//3609 
f 3609//3609 3512//3512 3610//3610 
f 3512//3512 3513//3513 3610//3610 
f 3610//3610 3513//3513 3611//3611 
f 3513//3513 3514//3514 3611//3611 
f 3611//3611 3514//3514 3612//3612 
f 3514//3514 3515//3515 3612//3612 
f 3612//3612 3515//3515 3613//3613 
f 3515//3515 3516//3516 3613//3613 
f 3613//3613 3516//3516 3614//3614 
f 3516//3516 3517//3517 3614//3614 
f 3614//3614 3517//3517 3615//3615 
f 3517//3517 3518//3518 3615//3615 
f 3615//3615 3518//3518 3616//3616 
f 3518//3518 3519//3519 3616//3616 
f 3616//3616 3519//3519 3617//3617 
f 3519//3519 3520//3520 3617//3617 
f 3617//3617 3520//3520 3618//3618 
f 3520//3520 3521//3521 3618//3618 
f 3618//3618 3521//3521 3619//3619 
f 3521//3521 3522//3522 3619//3619 
f 3619//3619 3522//3522 3620//3620 
f 3522//3522 3523//3523 3620//3620 
f 3620//3620 3523//3523 3621//3621 
f 3523//3523 3524//3524 3621//3621 
f 3621//3621 3524//3524 3622//3622 
f 3524//3524 3525//3525 3622//3622 
f 3622//3622 3525//3525 3623//3623 
f 3525//3525 3525//3525 3623//3623 
f 3623//3623 3525//3525 3624//3624 
f 3525//3525 3526//3526 3624//3624 
f 3624//3624 3526//3526 3625//3625 
f 3526//3526 3527//3527 3625//3625 
f 3625//3625 3527//3527 3626//3626 
f 3527//3527 3528//3528 3626//3626 
f 3626//3626 3528//3528 3627//3627 
f 3528//3528 3529//3529 3627//3627 
f 3627//3627 3529//3529 3628//3628 
f 3529//3529 3530//3530 3628//3628 
f 3628//3628 3530//3530 3629//3629 
f 3530//3530 3531//3531 3629//3629 
f 3629//3629 3531//3531 3630//3630 
f 3531//3531 3532//3532 3630//3630 
f 3630//3630 3532//3532 3631//3631 
f 3532//3532 3533//3533 3631//3631 
f 3631//3631 3533//3533 3632//3632 
f 3533//3533 3534//3534 3632//3632 
f 3632//3632 3534//3534 3633//3633 
f 3534//3534 3535//3535 3633//3633 
f 3633//3633 3535//3535 3634//3634 
f 3535//3535 3536//3536 3634//3634 
f 3634//3634 3536//3536 3635//3635 
f 3536//3536 3537//3537 3635//3635 
f 3635//3635 3537//3537 3636//3636 
f 3537//3537 3538//3538 3636//3636 
f 3636//3636 3538//3538 3637//3637 
f 3538//3538 3539//3539 3637//3637 
f 3637//3637 3539//3539 3638//3638 
f 3539//3539 3540//3540 3638//3638 
f 3638//3638 3540//3540 3639//3639 
f 3540//3540 3541//3541 3639//3639 
f 3639//3639 3541//3541 3640//3640 
f 3541//3541 3542//3542 3640//3640 
f 3640//3640 3542//3542 3641//3641 
f 3542//3542 3542//3542 3641//3641 
f 3641//3641 3542//3542 3642//3642 
f 3542//3542 3543//3543 3642//3642 
f 3642//3642 3543//3543 3643//3643 
f 3543//3543 3544//3544 3643//3643 
f 3643//3643 3544//3544 3644//3644 
f 3544//3544 3545//3545 3644//3644 
f 3644//3644 3545//3545 3645//3645 
f 3545//3545 3546//3546 3645//3645 
f 3645//3645 3546//3546 3646//3646 
f 3546//3546 3547//3547 3646//3646 
f 3646//3646 3547//3547 3647//3647 
f 3547//3547 3548//3548 3647//3647 
f 3647//3647 3548//3548 3648//3648 
f 3548//3548 3549//3549 3648//3648 
f 3648//3648 3549//3549 3649//3649 
f 3549//3549 3550//3550 3649//3649 
f 3649//3649 3550//3550 3650//3650 
f 3550//3550 3551//3551 3650//3650 
f 3650//3650 3551//3551 3651//3651 
f 3551//3551 3552//3552 3651//3651 
f 3651//3651 3552//3552 3652//3652 
f 3552//3552 3553//3553 3652//3652 
f 3652//3652 3553//3553 3653//3653 
f 3553//3553 3554//3554 3653//3653 
f 3653//3653 3554//3554 3654//3654 
f 3554//3554 3555//3555 3654//3654 
f 3654//3654 3555//3555 3655//3655 
f 3555//3555 3556//3556 3655//3655 
f 3655//3655 3556//3556 3656//3656 
f 3556//3556 3557//3557 3656//3656 
f 3656//3656 3557//3557 3557//3557 
f 3557//3557 3656//3656 3557//3557 
f 3557//3557 3656//3656 3656//3656 
f 3656//3656 3657//3657 3656//3656 
f 3656//3656 3657//3657 3655//3655 
f 3657//3657 3658//3658 3655//3655 
f 3655//3655 3658//3658 3654//3654 
f 3658//3658 3659//3659 3654//3654 
f 3654//3654 3659//3659 3653//3653 
f 3659//3659 3660//3660 3653//3653 
f 3653//3653 3660//3660 3652//3652 
f 3660//3660 3661//3661 3652//3652 
f 3652//3652 3661//3661 3651//3651 
f 3661//3661 3662//3662 3651//3651 
f 3651//3651 3662//3662 3650//3650 
f 3662//3662 3663//3663 3650//3650 
f 3650//3650 3663//3663 3649//3649 
f 3663//3663 3664//3664 3649//3649 
f 3649//3649 3664//3664 3648//3648 
f 3664//3664 3665//3665 3648//3648 
f 3648//3648 3665//3665 3647//3647 
f 3665//3665 3666//3666 3647//3647 
f 3647//3647 3666//3666 3646//3646 
f 3666//3666 3667//3667 3646//3646 
f 3646//3646 3667//3667 3645//3645 
f 3667//3667 3668//3668 3645//3645 
f 3645//3645 3668//3668 3644//3644 
f 3668//3668 3669//3669 3644//3644 
f 3644//3644 3669//3669 3643//3643 
f 3669//3669 3670//3670 3643//3643 
f 3643//3643 3670//3670 3642//3642 
f 3670//3670 3671//3671 3642//3642 
f 3642//3642 3671//3671 3641//3641 
f 3671//3671 3672//3672 3641//3641 
f 3641//3641 3672//3672 3673//3673 
f 3672//3672 3674//3674 3673//3673 
f 3673//3673 3674//3674 3674//3674 
f 3674//3674 3641//3641 3674//3674 
f 3674//3674 3641//3641 3641//3641 
f 3641//3641 3673//3673 3641//3641 
f 3641//3641 3673//3673 3640//3640 
f 3673//3673 3675//3675 3640//3640 
f 3640//3640 3675//3675 3639//3639 
f 3675//3675 3676//3676 3639//3639 
f 3639//3639 3676//3676 3638//3638 
f 3676//3676 3677//3677 3638//3638 
f 3638//3638 3677//3677 3637//3637 
f 3677//3677 3678//3678 3637//3637 
f 3637//3637 3678//3678 3636//3636 
f 3678//3678 3679//3679 3636//3636 
f 3636//3636 3679//3679 3635//3635 
f 3679//3679 3680//3680 3635//3635 
f 3635//3635 3680//3680 3634//3634 
f 3680//3680 3681//3681 3634//3634 
f 3634//3634 3681//3681 3633//3633 
f 3681//3681 3682//3682 3633//3633 
f 3633//3633 3682//3682 3632//3632 
f 3682//3682 3683//3683 3632//3632 
f 3632//3632 3683//3683 3631//3631 
f 3683//3683 3684//3684 3631//3631 
f 3631//3631 3684//3684 3630//3630 
f 3684//3684 3685//3685 3630//3630 
f 3630//3630 3685//3685 3629//3629 
f 3685//3685 3686//3686 3629//3629 
f 3629//3629 3686//3686 3628//3628 
f 3686//3686 3687//3687 3628//3628 
f 3628//3628 3687//3687 3627//3627 
f 3687//3687 3688//3688 3627//3627 
f 3627//3627 3688//3688 3626//3626 
f 3688//3688 3689//3689 3626//3626 
f 3626//3626 3689//3689 3625//3625 
f 3689//3689 3690//3690 3625//3625 
f 3625//3625 3690//3690 3624//3624 
f 3690//3690 3691//3691 3624//3624 
f 3624//3624 3691//3691 3623//3623 
f 3691//3691 3692//3692 3623//3623 
f 3623//3623 3692//3692 3623//3623 
f 3692//3692 3693//3693 3623//3623 
f 3623//3623 3693//3693 3622//3622 
f 3693//3693 3694//3694 3622//3622 
f 3622//3622 3694//3694 3621//3621 
f 3694//3694 3695//3695 3621//3621 
f 3621//3621 3695//3695 3620//3620 
f 3695//3695 3696//3696 3620//3620 
f 3620//3620 3696//3696 3619//3619 
f 3696//3696 3697//3697 3619//3619 
f 3619//3619 3697//3697 3618//3618 
f 3697//3697 3698//3698 3618//3618 
f 3618//3618 3698//3698 3617//3617 
f 3698//3698 3699//3699 3617//3617 
f 3617//3617 3699//3699 3616//3616 
f 3699//3699 3700//3700 3616//3616 
f 3616//3616 3700//3700 3615//3615 
f 3700//3700 3701//3701 3615//3615 
f 3615//3615 3701//3701 3614//3614 
f 3701//3701 3702//3702 3614//3614 
f 3614//3614 3702//3702 3613//3613 
f 3702//3702 3703//3703 3613//3613 
f 3613//3613 3703//3703 3612//3612 
f 3703//3703 3704//3704 3612//3612 
f 3612//3612 3704//3704 3611//3611 
f 3704//3704 3705//3705 3611//3611 
f 3611//3611 3705//3705 3610//3610 
f 3705//3705 3706//3706 3610//3610 
f 3610//3610 3706//3706 3609//3609 
f 3706//3706 3707//3707 3609//3609 
f 3609//3609 3707//3707 3608//3608 
f 3707//3707 3708//3708 3608//3608 
f 3608//3608 3708//3708 3607//3607 
f 3708//3708 3607//3607 3607//3607 
f 3607//3607 3607//3607 3708//3708 
f 3607//3607 3708//3708 3708//3708 
f 3708//3708 3708//3708 3709//3709 
f 3708//3708 3707//3707 3709//3709 
f 3709//3709 3707//3707 3710//3710 
f 3707//3707 3706//3706 3710//3710 
f 3710//3710 3706//3706 3711//3711 
f 3706//3706 3705//3705 3711//3711 
f 3711//3711 3705//3705 3712//3712 
f 3705//3705 3704//3704 3712//3712 
f 3712//3712 3704//3704 3713//3713 
f 3704//3704 3703//3703 3713//3713 
f 3713//3713 3703//3703 3714//3714 
f 3703//3703 3702//3702 3714//3714 
f 3714//3714 3702//3702 3715//3715 
f 3702//3702 3701//3701 3715//3715 
f 3715//3715 3701//3701 3716//3716 
f 3701//3701 3700//3700 3716//3716 
f 3716//3716 3700//3700 3717//3717 
f 3700//3700 3699//3699 3717//3717 
f 3717//3717 3699//3699 3718//3718 
f 3699//3699 3698//3698 3718//3718 
f 3718//3718 3698//3698 3719//3719 
f 3698//3698 3697//3697 3719//3719 
f 3719//3719 3697//3697 3720//3720 
f 3697//3697 3696//3696 3720//3720 
f 3720//3720 3696//3696 3721//3721 
f 3696//3696 3695//3695 3721//3721 
f 3721//3721 3695//3695 3722//3722 
f 3695//3695 3694//3694 3722//3722 
f 3722//3722 3694//3694 3723//3723 
f 3694//3694 3693//3693 3723//3723 
f 3723//3723 3693//3693 3724//3724 
f 3693//3693 3692//3692 3724//3724 
f 3724//3724 3692//3692 3725//3725 
f 3692//3692 3692//3692 3725//3725 
f 3725//3725 3692//3692 3726//3726 
f 3692//3692 3691//3691 3726//3726 
f 3726//3726 3691//3691 3727//3727 
f 3691//3691 3690//3690 3727//3727 
f 3727//3727 3690//3690 3728//3728 
f 3690//3690 3689//3689 3728//3728 
f 3728//3728 3689//3689 3729//3729 
f 3689//3689 3688//3688 3729//3729 
f 3729//3729 3688//3688 3730//3730 
f 3688//3688 3687//3687 3730//3730 
f 3730//3730 3687//3687 3731//3731 
f 3687//3687 3686//3686 3731//3731 
f 3731//3731 3686//3686 3732//3732 
f 3686//3686 3685//3685 3732//3732 
f 3732//3732 3685//3685 3733//3733 
f 3685//3685 3684//3684 3733//3733 
f 3733//3733 3684//3684 3734//3734 
f 3684//3684 3683//3683 3734//3734 
f 3734//3734 3683//3683 3735//3735 
f 3683//3683 3682//3682 3735//3735 
f 3735//3735 3682//3682 3736//3736 
f 3682//3682 3681//3681 3736//3736 
f 3736//3736 3681//3681 3737//3737 
f 3681//3681 3680//3680 3737//3737 
f 3737//3737 3680//3680 3738//3738 
f 3680//3680 3679//3679 3738//3738 
f 3738//3738 3679//3679 3739//3739 
f 3679//3679 3678//3678 3739//3739 
f 3739//3739 3678//3678 3740//3740 
f 3678//3678 3677//3677 3740//3740 
f 3740//3740 3677//3677 3741//3741 
f 3677//3677 3676//3676 3741//3741 
f 3741//3741 3676//3676 3742//3742 
f 3676//3676 3675//3675 3742//3742 
f 3742//3742 3675//3675 3743//3743 
f 3675//3675 3673//3673 3743//3743 
f 3743//3743 3673//3673 3743//3743 
f 3673//3673 3674//3674 3743//3743 
f 3743//3743 3674//3674 3743//3743 
f 3674//3674 3744//3744 3743//3743 
f 3743//3743 3744//3744 3745//3745 
f 3744//3744 3746//3746 3745//3745 
f 3745//3745 3746//3746 3746//3746 
f 3746//3746 3743//3743 3746//3746 
f 3746//3746 3743//3743 3743//3743 
f 3743//3743 3745//3745 3743//3743 
f 3743//3743 3745//3745 3742//3742 
f 3745//3745 3747//3747 3742//3742 
f 3742//3742 3747//3747 3741//3741 
f 3747//3747 3748//3748 3741//3741 
f 3741//3741 3748//3748 3740//3740 
f 3748//3748 3749//3749 3740//3740 
f 3740//3740 3749//3749 3739//3739 
f 3749//3749 3750//3750 3739//3739 
f 3739//3739 3750//3750 3738//3738 
f 3750//3750 3751//3751 3738//3738 
f 3738//3738 3751//3751 3737//3737 
f 3751//3751 3752//3752 3737//3737 
f 3737//3737 3752//3752 3736//3736 
f 3752//3752 3753//3753 3736//3736 
f 3736//3736 3753//3753 3735//3735 
f 3753//3753 3754//3754 3735//3735 
f 3735//3735 3754//3754 3734//3734 
f 3754//3754 3755//3755 3734//3734 
f 3734//3734 3755//3755 3733//3733 
f 3755//3755 3756//3756 3733//3733 
f 3733//3733 3756//3756 3732//3732 
f 3756//3756 3757//3757 3732//3732 
f 3732//3732 3757//3757 3731//3731 
f 3757//3757 3758//3758 3731//3731 
f 3731//3731 3758//3758 3730//3730 
f 3758//3758 3759//3759 3730//3730 
f 3730//3730 3759//3759 3729//3729 
f 3759//3759 3760//3760 3729//3729 
f 3729//3729 3760//3760 3728//3728 
f 3760//3760 3761//3761 3728//3728 
f 3728//3728 3761//3761 3727//3727 
f 3761//3761 3762//3762 3727//3727 
f 3727//3727 3762//3762 3726//3726 
f 3762//3762 3763//3763 3726//3726 
f 3726//3726 3763//3763 3725//3725 
f 3763//3763 3764//3764 3725//3725 
f 3725//3725 3764//3764 3725//3725 
f 3764//3764 3765//3765 3725//3725 
f 3725//3725 3765//3765 3724//3724 
f 3765//3765 3766//3766 3724//3724 
f 3724//3724 3766//3766 3723//3723 
f 3766//3766 3767//3767 3723//3723 
f 3723//3723 3767//3767 3722//3722 
f 3767//3767 3768//3768 3722//3722 
f 3722//3722 3768//3768 3721//3721 
f 3768//3768 3769//3769 3721//3721 
f 3721//3721 3769//3769 3720//3720 
f 3769//3769 3770//3770 3720//3720 
f 3720//3720 3770//3770 3719//3719 
f 3770//3770 3771//3771 3719//3719 
f 3719//3719 3771//3771 3718//3718 
f 3771//3771 3772//3772 3718//3718 
f 3718//3718 3772//3772 3717//3717 
f 3772//3772 3773//3773 3717//3717 
f 3717//3717 3773//3773 3716//3716 
f 3773//3773 3774//3774 3716//3716 
f 3716//3716 3774//3774 3715//3715 
f 3774//3774 3775//3775 3715//3715 
f 3715//3715 3775//3775 3714//3714 
f 3775//3775 3776//3776 3714//3714 
f 3714//3714 3776//3776 3713//3713 
f 3776//3776 3777//3777 3713//3713 
f 3713//3713 3777//3777 3712//3712 
f 3777//3777 3778//3778 3712//3712 
f 3712//3712 3778//3778 3711//3711 
f 3778//3778 3779//3779 3711//3711 
f 3711//3711 3779//3779 3710//3710 
f 3779//3779 3780//3780 3710//3710 
f 3710//3710 3780//3780 3709//3709 
f 3780//3780 3709//3709 3709//3709 
f 3709//3709 3709//3709 3780//3780 
f 3709//3709 3780//3780 3780//3780 
f 3780//3780 3780//3780 3781//3781 
f 3780//3780 3779//3779 3781//3781 
f 3781//3781 3779//3779 3782//3782 
f 3779//3779 3778//3778 3782//3782 
f 3782//3782 3778//3778 3783//3783 
f 3778//3778 3777//3777 3783//3783 
f 3783//3783 3777//3777 3784//3784 
f 3777//3777 3776//3776 3784//3784 
f 3784//3784 3776//3776 3785//3785 
f 3776//3776 3775//3775 3785//3785 
f 3785//3785 3775//3775 3786//3786 
f 3775//3775 3774//3774 3786//3786 
f 3786//3786 3774//3774 3787//3787 
f 3774//3774 3773//3773 3787//3787 
f 3787//3787 3773//3773 3788//3788 
f 3773//3773 3772//3772 3788//3788 
f 3788//3788 3772//3772 3789//3789 
f 3772//3772 3771//3771 3789//3789 
f 3789//3789 3771//3771 3790//3790 
f 3771//3771 3770//3770 3790//3790 
f 3790//3790 3770//3770 3791//3791 
f 3770//3770 3769//3769 3791//3791 
f 3791//3791 3769//3769 3792//3792 
f 3769//3769 3768//3768 3792//3792 
f 3792//3792 3768//3768 3793//3793 
f 3768//3768 3767//3767 3793//3793 
f 3793//3793 3767//3767 3794//3794 
f 3767//3767 3766//3766 3794//3794 
f 3794//3794 3766//3766 3795//3795 
f 3766//3766 3765//3765 3795//3795 
f 3795//3795 3765//3765 3796//3796 
f 3765//3765 3764//3764 3796//3796 
f 3796//3796 3764//3764 3797//3797 
f 3764//3764 3764//3764 3797//3797 
f 3797//3797 3764//3764 3798//3798 
f 3764//3764 3763//3763 3798//3798 
f 3798//3798 3763//3763 3799//3799 
f 3763//3763 3762//3762 3799//3799 
f 3799//3799 3762//3762 3800//3800 
f 3762//3762 3761//3761 3800//3800 
f 3800//3800 3761//3761 3801//3801 
f 3761//3761 3760//3760 3801//3801 
f 3801//3801 3760//3760 3802//3802 
f 3760//3760 3759//3759 3802//3802 
f 3802//3802 3759//3759 3803//3803 
f 3759//3759 3758//3758 3803//3803 
f 3803//3803 3758//3758 3804//3804 
f 3758//3758 3757//3757 3804//3804 
f 3804//3804 3757//3757 3805//3805 
f 3757//3757 3756//3756 3805//3805 
f 3805//3805 3756//3756 3806//3806 
f 3756//3756 3755//3755 3806//3806 
f 3806//3806 3755//3755 3807//3807 
f 3755//3755 3754//3754 3807//3807 
f 3807//3807 3754//3754 3808//3808 
f 3754//3754 3753//3753 3808//3808 
f 3808//3808 3753//3753 3809//3809 
f 3753//3753 3752//3752 3809//3809 
f 3809//3809 3752//3752 3810//3810 
f 3752//3752 3751//3751 3810//3810 
f 3810//3810 3751//3751 3811//3811 
f 3751//3751 3750//3750 3811//3811 
f 3811//3811 3750//3750 3812//3812 
f 3750//3750 3749//3749 3812//3812 
f 3812//3812 3749//3749 3813//3813 
f 3749//3749 3748//3748 3813//3813 
f 3813//3813 3748//3748 3814//3814 
f 3748//3748 3747//3747 3814//3814 
f 3814//3814 3747//3747 3815//3815 
f 3747//3747 3745//3745 3815//3815 
f 3815//3815 3745//3745 3815//3815 
f 3745//3745 3746//3746 3815//3815 
f 3815//3815 3746//3746 3815//3815 
f 3746//3746 3816//3816 3815//3815 
f 3815//3815 3816//3816 3817//3817 
f 3816//3816 3818//3818 3817//3817 
f 3817//3817 3818//3818 3818//3818 
f 3818//3818 3815//3815 3818//3818 
f 3818//3818 3815//3815 3815//3815 
f 3815//3815 3817//3817 3815//3815 
f 3815//3815 3817//3817 3814//3814 
f 3817//3817 3819//3819 3814//3814 
f 3814//3814 3819//3819 3813//3813 
f 3819//3819 3820//3820 3813//3813 
f 3813//3813 3820//3820 3812//3812 
f 3820//3820 3821//3821 3812//3812 
f 3812//3812 3821//3821 3811//3811 
f 3821//3821 3822//3822 3811//3811 
f 3811//3811 3822//3822 3810//3810 
f 3822//3822 3823//3823 3810//3810 
f 3810//3810 3823//3823 3809//3809 
f 3823//3823 3824//3824 3809//3809 
f 3809//3809 3824//3824 3808//3808 
f 3824//3824 3825//3825 3808//3808 
f 3808//3808 3825//3825 3807//3807 
f 3825//3825 3826//3826 3807//3807 
f 3807//3807 3826//3826 3806//3806 
f 3826//3826 3827//3827 3806//3806 
f 3806//3806 3827//3827 3805//3805 
f 3827//3827 3828//3828 3805//3805 
f 3805//3805 3828//3828 3804//3804 
f 3828//3828 3829//3829 3804//3804 
f 3804//3804 3829//3829 3803//3803 
f 3829//3829 3830//3830 3803//3803 
f 3803//3803 3830//3830 3802//3802 
f 3830//3830 3831//3831 3802//3802 
f 3802//3802 3831//3831 3801//3801 
f 3831//3831 3832//3832 3801//3801 
f 3801//3801 3832//3832 3800//3800 
f 3832//3832 3833//3833 3800//3800 
f 3800//3800 3833//3833 3799//3799 
f 3833//3833 3834//3834 3799//3799 
f 3799//3799 3834//3834 3798//3798 
f 3834//3834 3835//3835 3798//3798 
f 3798//3798 3835//3835 3797//3797 
f 3835//3835 3836//3836 3797//3797 
f 3797//3797 3836//3836 3797//3797 
f 3836//3836 3837//3837 3797//3797 
f 3797//3797 3837//3837 3796//3796 
f 3837//3837 3838//3838 3796//3796 
f 3796//3796 3838//3838 3795//3795 
f 3838//3838 3839//3839 3795//3795 
f 3795//3795 3839//3839 3794//3794 
f 3839//3839 3840//3840 3794//3794 
f 3794//3794 3840//3840 3793//3793 
f 3840//3840 3841//3841 3793//3793 
f 3793//3793 3841//3841 3792//3792 
f 3841//3841 3842//3842 3792//3792 
f 3792//3792 3842//3842 3791//3791 
f 3842//3842 3843//3843 3791//3791 
f 3791//3791 3843//3843 3790//3790 
f 3843//3843 3844//3844 3790//3790 
f 3790//3790 3844//3844 3789//3789 
f 3844//3844 3845//3845 3789//3789 
f 3789//3789 3845//3845 3788//3788 
f 3845//3845 3846//3846 3788//3788 
f 3788//3788 3846//3846 3787//3787 
f 3846//3846 3847//3847 3787//3787 
f 3787//3787 3847//3847 3786//3786 
f 3847//3847 3848//3848 3786//3786 
f 3786//3786 3848//3848 3785//3785 
f 3848//3848 3849//3849 3785//3785 
f 3785//3785 3849//3849 3784//3784 
f 3849//3849 3850//3850 3784//3784 
f 3784//3784 3850//3850 3783//3783 
f 3850//3850 3851//3851 3783//3783 
f 3783//3783 3851//3851 3782//3782 
f 3851//3851 3852//3852 3782//3782 
f 3782//3782 3852//3852 3781//3781 
f 3852//3852 3781//3781 3781//3781 
f 3781//3781 3781//3781 3852//3852 
f 3781//3781 3852//3852 3852//3852 
f 3852//3852 3852//3852 3853//3853 
f 3852//3852 3851//3851 3853//3853 
f 3853//3853 3851//3851 3854//3854 
f 3851//3851 3850//3850 3854//3854 
f 3854//3854 3850//3850 3855//3855 
f 3850//3850 3849//3849 3855//3855 
f 3855//3855 3849//3849 3856//3856 
f 3849//3849 3848//3848 3856//3856 
f 3856//3856 3848//3848 3857//3857 
f 3848//3848 3847//3847 3857//3857 
f 3857//3857 3847//3847 3858//3858 
f 3847//3847 3846//3846 3858//3858 
f 3858//3858 3846//3846 3859//3859 
f 3846//3846 3845//3845 3859//3859 
f 3859//3859 3845//3845 3860//3860 
f 3845//3845 3844//3844 3860//3860 
f 3860//3860 3844//3844 3861//3861 
f 3844//3844 3843//3843 3861//3861 
f 3861//3861 3843//3843 3862//3862 
f 3843//3843 3842//3842 3862//3862 
f 3862//3862 3842//3842 3863//3863 
f 3842//3842 3841//3841 3863//3863 
f 3863//3863 3841//3841 3864//3864 
f 3841//3841 3840//3840 3864//3864 
f 3864//3864 3840//3840 3865//3865 
f 3840//3840 3839//3839 3865//3865 
f 3865//3865 3839//3839 3866//3866 
f 3839//3839 3838//3838 3866//3866 
f 3866//3866 3838//3838 3867//3867 
f 3838//3838 3837//3837 3867//3867 
f 3867//3867 3837//3837 3868//3868 
f 3837//3837 3836//3836 3868//3868 
f 3868//3868 3836//3836 3869//3869 
f 3836//3836 3836//3836 3869//3869 
f 3869//3869 3836//3836 3870//3870 
f 3836//3836 3835//3835 3870//3870 
f 3870//3870 3835//3835 3871//3871 
f 3835//3835 3834//3834 3871//3871 
f 3871//3871 3834//3834 3872//3872 
f 3834//3834 3833//3833 3872//3872 
f 3872//3872 3833//3833 3873//3873 
f 3833//3833 3832//3832 3873//3873 
f 3873//3873 3832//3832 3874//3874 
f 3832//3832 3831//3831 3874//3874 
f 3874//3874 3831//3831 3875//3875 
f 3831//3831 3830//3830 3875//3875 
f 3875//3875 3830//3830 3876//3876 
f 3830//3830 3829//3829 3876//3876 
f 3876//3876 3829//3829 3877//3877 
f 3829//3829 3828//3828 3877//3877 
f 3877//3877 3828//3828 3878//3878 
f 3828//3828 3827//3827 3878//3878 
f 3878//3878 3827//3827 3879//3879 
f 3827//3827 3826//3826 3879//3879 
f 3879//3879 3826//3826 3880//3880 
f 3826//3826 3825//3825 3880//3880 
f 3880//3880 3825//3825 3881//3881 
f 3825//3825 3824//3824 3881//3881 
f 3881//3881 3824//3824 3882//3882 
f 3824//3824 3823//3823 3882//3882 
f 3882//3882 3823//3823 3883//3883 
f 3823//3823 3822//3822 3883//3883 
f 3883//3883 3822//3822 3884//3884 
f 3822//3822 3821//3821 3884//3884 
f 3884//3884 3821//3821 3885//3885 
f 3821//3821 3820//3820 3885//3885 
f 3885//3885 3820//3820 3886//3886 
f 3820//3820 3819//3819 3886//3886 
f 3886//3886 3819//3819 3887//3887 
f 3819//3819 3817//3817 3887//3887 
f 3887//3887 3817//3817 3887//3887 
f 3817//3817 3818//3818 3887//3887 
f 3887//3887 3818//3818 3887//3887 
f 3818//3818 3888//3888 3887//3887 
f 3887//3887 3888//3888 3889//3889 
f 3888//3888 3890//3890 3889//3889 
f 3889//3889 3890//3890 3890//3890 
f 3890//3890 3887//3887 3890//3890 
f 3890//3890 3887//3887 3887//3887 
f 3887//3887 3889//3889 3887//3887 
f 3887//3887 3889//3889 3886//3886 
f 3889//3889 3891//3891 3886//3886 
f 3886//3886 3891//3891 3885//3885 
f 3891//3891 3892//3892 3885//3885 
f 3885//3885 3892//3892 3884//3884 
f 3892//3892 3893//3893 3884//3884 
f 3884//3884 3893//3893 3883//3883 
f 3893//3893 3894//3894 3883//3883 
f 3883//3883 3894//3894 3882//3882 
f 3894//3894 3895//3895 3882//3882 
f 3882//3882 3895//3895 3881//3881 
f 3895//3895 3896//3896 3881//3881 
f 3881//3881 3896//3896 3880//3880 
f 3896//3896 3897//3897 3880//3880 
f 3880//3880 3897//3897 3879//3879 
f 3897//3897 3898//3898 3879//3879 
f 3879//3879 3898//3898 3878//3878 
f 3898//3898 3899//3899 3878//3878 
f 3878//3878 3899//3899 3877//3877 
f 3899//3899 3900//3900 3877//3877 
f 3877//3877 3900//3900 3876//3876 
f 3900//3900 3901//3901 3876//3876 
f 3876//3876 3901//3901 3875//3875 
f 3901//3901 3902//3902 3875//3875 
f 3875//3875 3902//3902 3874//3874 
f 3902//3902 3903//3903 3874//3874 
f 3874//3874 3903//3903 3873//3873 
f 3903//3903 3904//3904 3873//3873 
f 3873//3873 3904//3904 3872//3872 
f 3904//3904 3905//3905 3872//3872 
f 3872//3872 3905//3905 3871//3871 
f 3905//3905 3906//3906 3871//3871 
f 3871//3871 3906//3906 3870//3870 
f 3906//3906 3907//3907 3870//3870 
f 3870//3870 3907//3907 3869//3869 
f 3907//3907 3908//3908 3869//3869 
f 3869//3869 3908//3908 3869//3869 
f 3908//3908 3909//3909 3869//3869 
f 3869//3869 3909//3909 3868//3868 
f 3909//3909 3910//3910 3868//3868 
f 3868//3868 3910//3910 3867//3867 
f 3910//3910 3911//3911 3867//3867 
f 3867//3867 3911//3911 3866//3866 
f 3911//3911 3912//3912 3866//3866 
f 3866//3866 3912//3912 3865//3865 
f 3912//3912 3913//3913 3865//3865 
f 3865//3865 3913//3913 3864//3864 
f 3913//3913 3914//3914 3864//3864 
f 3864//3864 3914//3914 3863//3863 
f 3914//3914 3915//3915 3863//3863 
f 3863//3863 3915//3915 3862//3862 
f 3915//3915 3916//3916 3862//3862 
f 3862//3862 3916//3916 3861//3861 
f 3916//3916 3917//3917 3861//3861 
f 3861//3861 3917//3917 3860//3860 
f 3917//3917 3918//3918 3860//3860 
f 3860//3860 3918//3918 3859//3859 
f 3918//3918 3919//3919 3859//3859 
f 3859//3859 3919//3919 3858//3858 
f 3919//3919 3920//3920 3858//3858 
f 3858//3858 3920//3920 3857//3857 
f 3920//3920 3921//3921 3857//3857 
f 3857//3857 3921//3921 3856//3856 
f 3921//3921 3922//3922 3856//3856 
f 3856//3856 3922//3922 3855//3855 
f 3922//3922 3923//3923 3855//3855 
f 3855//3855 3923//3923 3854//3854 
f 3923//3923 3924//3924 3854//3854 
f 3854//3854 3924//3924 3853//3853 
f 3924//3924 3853//3853 3853//3853 
f 3853//3853 3853//3853 3924//3924 
f 3853//3853 3924//3924 3924//3924 
f 3924//3924 3924//3924 3925//3925 
f 3924//3924 3923//3923 3925//3925 
f 3925//3925 3923//3923 3926//3926 
f 3923//3923 3922//3922 3926//3926 
f 3926//3926 3922//3922 3927//3927 
f 3922//3922 3921//3921 3927//3927 
f 3927//3927 3921//3921 3928//3928 
f 3921//3921 3920//3920 3928//3928 
f 3928//3928 3920//3920 3929//3929 
f 3920//3920 3919//3919 3929//3929 
f 3929//3929 3919//3919 3930//3930 
f 3919//3919 3918//3918 3930//3930 
f 3930//3930 3918//3918 3931//3931 
f 3918//3918 3917//3917 3931//3931 
f 3931//3931 3917//3917 3932//3932 
f 3917//3917 3916//3916 3932//3932 
f 3932//3932 3916//3916 3933//3933 
f 3916//3916 3915//3915 3933//3933 
f 3933//3933 3915//3915 3934//3934 
f 3915//3915 3914//3914 3934//3934 
f 3934//3934 3914//3914 3935//3935 
f 3914//3914 3913//3913 3935//3935 
f 3935//3935 3913//3913 3936//3936 
f 3913//3913 3912//3912 3936//3936 
f 3936//3936 3912//3912 3937//3937 
f 3912//3912 3911//3911 3937//3937 
f 3937//3937 3911//3911 3938//3938 
f 3911//3911 3910//3910 3938//3938 
f 3938//3938 3910//3910 3939//3939 
f 3910//3910 3909//3909 3939//3939 
f 3939//3939 3909//3909 3940//3940 
f 3909//3909 3908//3908 3940//3940 
f 3940//3940 3908//3908 3941//3941 
f 3908//3908 3908//3908 3941//3941 
f 3941//3941 3908//3908 3942//3942 
f 3908//3908 3907//3907 3942//3942 
f 3942//3942 3907//3907 3943//3943 
f 3907//3907 3906//3906 3943//3943 
f 3943//3943 3906//3906 3944//3944 
f 3906//3906 3905//3905 3944//3944 
f 3944//3944 3905//3905 3945//3945 
f 3905//3905 3904//3904 3945//3945 
f 3945//3945 3904//3904 3946//3946 
f 3904//3904 3903//3903 3946//3946 
f 3946//3946 3903//3903 3947//3947 
f 3903//3903 3902//3902 3947//3947 
f 3947//3947 3902//3902 3948//3948 
f 3902//3902 3901//3901 3948//3948 
f 3948//3948 3901//3901 3949//3949 
f 3901//3901 3900//3900 3949//3949 
f 3949//3949 3900//3900 3950//3950 
f 3900//3900 3899//3899 3950//3950 
f 3950//3950 3899//3899 3951//3951 
f 3899//3899 3898//3898 3951//3951 
f 3951//3951 3898//3898 3952//3952 
f 3898//3898 3897//3897 3952//3952 
f 3952//3952 3897//3897 3953//3953 
f 3897//3897 3896//3896 3953//3953 
f 3953//3953 3896//3896 3954//3954 
f 3896//3896 3895//3895 3954//3954 
f 3954//3954 3895//3895 3955//3955 
f 3895//3895 3894//3894 3955//3955 
f 3955//3955 3894//3894 3956//3956 
f 3894//3894 3893//3893 3956//3956 
f 3956//3956 3893//3893 3957//3957 
f 3893//3893 3892//3892 3957//3957 
f 3957//3957 3892//3892 3958//3958 
f 3892//3892 3891//3891 3958//3958 
f 3958//3958 3891//3891 3959//3959 
f 3891//3891 3889//3889 3959//3959 
f 3959//3959 3889//3889 3959//3959 
f 3889//3889 3890//3890 3959//3959 
f 3959//3959 3890//3890 3959//3959 
f 3890//3890 3960//3960 3959//3959 
f 3959//3959 3960//3960 3961//3961 
f 3960//3960 3962//3962 3961//3961 
f 3961//3961 3962//3962 3962//3962 
f 3962//3962 3959//3959 3962//3962 
f 3962//3962 3959//3959 3959//3959 
f 3959//3959 3961//3961 3959//3959 
f 3959//3959 3961//3961 3958//3958 
f 3961//3961 3963//3963 3958//3958 
f 3958//3958 3963//3963 3957//3957 
f 3963//3963 3964//3964 3957//3957 
f 3957//3957 3964//3964 3956//3956 
f 3964//3964 3965//3965 3956//3956 
f 3956//3956 3965//3965 3955//3955 
f 3965//3965 3966//3966 3955//3955 
f 3955//3955 3966//3966 3954//3954 
f 3966//3966 3967//3967 3954//3954 
f 3954//3954 3967//3967 3953//3953 
f 3967//3967 3968//3968 3953//3953 
f 3953//3953 3968//3968 3952//3952 
f 3968//3968 3969//3969 3952//3952 
f 3952//3952 3969//3969 3951//3951 
f 3969//3969 3970//3970 3951//3951 
f 3951//3951 3970//3970 3950//3950 
f 3970//3970 3971//3971 3950//3950 
f 3950//3950 3971//3971 3949//3949 
f 3971//3971 3972//3972 3949//3949 
f 3949//3949 3972//3972 3948//3948 
f 3972//3972 3973//3973 3948//3948 
f 3948//3948 3973//3973 3947//3947 
f 3973//3973 3974//3974 3947//3947 
f 3947//3947 3974//3974 3946//3946 
f 3974//3974 3975//3975 3946//3946 
f 3946//3946 3975//3975 3945//3945 
f 3975//3975 3976//3976 3945//3945 
f 3945//3945 3976//3976 3944//3944 
f 3976//3976 3977//3977 3944//3944 
f 3944//3944 3977//3977 3943//3943 
f 3977//3977 3978//3978 3943//3943 
f 3943//3943 3978//3978 3942//3942 
f 3978//3978 3979//3979 3942//3942 
f 3942//3942 3979//3979 3941//3941 
f 3979//3979 3980//3980 3941//3941 
f 3941//3941 3980//3980 3941//3941 
f 3980//3980 3981//3981 3941//3941 
f 3941//3941 3981//3981 3940//3940 
f 3981//3981 3982//3982 3940//3940 
f 3940//3940 3982//3982 3939//3939 
f 3982//3982 3983//3983 3939//3939 
f 3939//3939 3983//3983 3938//3938 
f 3983//3983 3984//3984 3938//3938 
f 3938//3938 3984//3984 3937//3937 
f 3984//3984 3985//3985 3937//3937 
f 3937//3937 3985//3985 3936//3936 
f 3985//3985 3986//3986 3936//3936 
f 3936//3936 3986//3986 3935//3935 
f 3986//3986 3987//3987 3935//3935 
f 3935//3935 3987//3987 3934//3934 
f 3987//3987 3988//3988 3934//3934 
f 3934//3934 3988//3988 3933//3933 
f 3988//3988 3989//3989 3933//3933 
f 3933//3933 3989//3989 3932//3932 
f 3989//3989 3990//3990 3932//3932 
f 3932//3932 3990//3990 3931//3931 
f 3990//3990 3991//3991 3931//3931 
f 3931//3931 3991//3991 3930//3930 
f 3991//3991 3992//3992 3930//3930 
f 3930//3930 3992//3992 3929//3929 
f 3992//3992 3993//3993 3929//3929 
f 3929//3929 3993//3993 3928//3928 
f 3993//3993 3994//3994 3928//3928 
f 3928//3928 3994//3994 3927//3927 
f 3994//3994 3995//3995 3927//3927 
f 3927//3927 3995//3995 3926//3926 
f 3995//3995 3996//3996 3926//3926 
f 3926//3926 3996//3996 3925//3925 
f 3996//3996 3925//3925 3925//3925 
f 3925//3925 3925//3925 3996//3996 
f 3925//3925 3996//3996 3996//3996 
f 3996//3996 3996//3996 3997//3997 
f 3996//3996 3995//3995 3997//3997 
f 3997//3997 3995//3995 3998//3998 
f 3995//3995 3994//3994 3998//3998 
f 3998//3998 3994//3994 3999//3999 
f 3994//3994 3993//3993 3999//3999 
f 3999//3999 3993//3993 4000//4000 
f 3993//3993 3992//3992 4000//4000 
f 4000//4000 3992//3992 4001//4001 
f 3992//3992 3991//3991 4001//4001 
f 4001//4001 3991//3991 4002//4002 
f 3991//3991 3990//3990 4002//4002 
f 4002//4002 3990//3990 4003//4003 
f 3990//3990 3989//3989 4003//4003 
f 4003//4003 3989//3989 4004//4004 
f 3989//3989 3988//3988 4004//4004 
f 4004//4004 3988//3988 4005//4005 
f 3988//3988 3987//3987 4005//4005 
f 4005//4005 3987//3987 4006//4006 
f 3987//3987 3986//3986 4006//4006 
f 4006//4006 3986//3986 4007//4007 
f 3986//3986 3985//3985 4007//4007 
f 4007//4007 3985//3985 4008//4008 
f 3985//3985 3984//3984 4008//4008 
f 4008//4008 3984//3984 4009//4009 
f 3984//3984 3983//3983 4009//4009 
f 4009//4009 3983//3983 4010//4010 
f 3983//3983 3982//3982 4010//4010 
f 4010//4010 3982//3982 4011//4011 
f 3982//3982 3981//3981 4011//4011 
f 4011//4011 3981//3981 4012//4012 
f 3981//3981 3980//3980 4012//4012 
f 4012//4012 3980//3980 4013//4013 
f 3980//3980 3980//3980 4013//4013 
f 4013//4013 3980//3980 4014//4014 
f 3980//3980 3979//3979 4014//4014 
f 4014//4014 3979//3979 4015//4015 
f 3979//3979 3978//3978 4015//4015 
f 4015//4015 3978//3978 4016//4016 
f 3978//3978 3977//3977 4016//4016 
f 4016//4016 3977//3977 4017//4017 
f 3977//3977 3976//3976 4017//4017 
f 4017//4017 3976//3976 4018//4018 
f 3976//3976 3975//3975 4018//4018 
f 4018//4018 3975//3975 4019//4019 
f 3975//3975 3974//3974 4019//4019 
f 4019//4019 3974//3974 4020//4020 
f 3974//3974 3973//3973 4020//4020 
f 4020//4020 3973//3973 4021//4021 
f 3973//3973 3972//3972 4021//4021 
f 4021//4021 3972//3972 4022//4022 
f 3972//3972 3971//3971 4022//4022 
f 4022//4022 3971//3971 4023//4023 
f 3971//3971 3970//3970 4023//4023 
f 4023//4023 3970//3970 4024//4024 
f 3970//3970 3969//3969 4024//4024 
f 4024//4024 3969//3969 4025//4025 
f 3969//3969 3968//3968 4025//4025 
f 4025//4025 3968//3968 4026//4026 
f 3968//3968 3967//3967 4026//4026 
f 4026//4026 3967//3967 4027//4027 
f 3967//3967 3966//3966 4027//4027 
f 4027//4027 3966//3966 4028//4028 
f 3966//3966 3965//3965 4028//4028 
f 4028//4028 3965//3965 4029//4029 
f 3965//3965 3964//3964 4029//4029 
f 4029//4029 3964//3964 4030//4030 
f 3964//3964 3963//3963 4030//4030 
f 4030//4030 3963//3963 4031//4031 
f 3963//3963 3961//3961 4031//4031 
f 4031//4031 3961//3961 4031//4031 
f 3961//3961 3962//3962 4031//4031 
f 4031//4031 3962//3962 4031//4031 
f 3962//3962 4032//4032 4031//4031 
f 4031//4031 4032//4032 4033//4033 
f 4032//4032 4034//4034 4033//4033 
f 4033//4033 4034//4034 4034//4034 
f 4034//4034 4031//4031 4034//4034 
f 4034//4034 4031//4031 4031//4031 
f 4031//4031 4033//4033 4031//4031 
f 4031//4031 4033//4033 4030//4030 
f 4033//4033 4035//4035 4030//4030 
f 4030//4030 4035//4035 4029//4029 
f 4035//4035 4036//4036 4029//4029 
f 4029//4029 4036//4036 4028//4028 
f 4036//4036 4037//4037 4028//4028 
f 4028//4028 4037//4037 4027//4027 
f 4037//4037 4038//4038 4027//4027 
f 4027//4027 4038//4038 4026//4026 
f 4038//4038 4039//4039 4026//4026 
f 4026//4026 4039//4039 4025//4025 
f 4039//4039 4040//4040 4025//4025 
f 4025//4025 4040//4040 4024//4024 
f 4040//4040 4041//4041 4024//4024 
f 4024//4024 4041//4041 4023//4023 
f 4041//4041 4042//4042 4023//4023 
f 4023//4023 4042//4042 4022//4022 
f 4042//4042 4043//4043 4022//4022 
f 4022//4022 4043//4043 4021//4021 
f 4043//4043 4044//4044 4021//4021 
f 4021//4021 4044//4044 4020//4020 
f 4044//4044 4045//4045 4020//4020 
f 4020//4020 4045//4045 4019//4019 
f 4045//4045 4046//4046 4019//4019 
f 4019//4019 4046//4046 4018//4018 
f 4046//4046 4047//4047 4018//4018 
f 4018//4018 4047//4047 4017//4017 
f 4047//4047 4048//4048 4017//4017 
f 4017//4017 4048//4048 4016//4016 
f 4048//4048 4049//4049 4016//4016 
f 4016//4016 4049//4049 4015//4015 
f 4049//4049 4050//4050 4015//4015 
f 4015//4015 4050//4050 4014//4014 
f 4050//4050 4051//4051 4014//4014 
f 4014//4014 4051//4051 4013//4013 
f 4051//4051 4052//4052 4013//4013 
f 4013//4013 4052//4052 4013//4013 
f 4052//4052 4053//4053 4013//4013 
f 4013//4013 4053//4053 4012//4012 
f 4053//4053 4054//4054 4012//4012 
f 4012//4012 4054//4054 4011//4011 
f 4054//4054 4055//4055 4011//4011 
f 4011//4011 4055//4055 4010//4010 
f 4055//4055 4056//4056 4010//4010 
f 4010//4010 4056//4056 4009//4009 
f 4056//4056 4057//4057 4009//4009 
f 4009//4009 4057//4057 4008//4008 
f 4057//4057 4058//4058 4008//4008 
f 4008//4008 4058//4058 4007//4007 
f 4058//4058 4059//4059 4007//4007 
f 4007//4007 4059//4059 4006//4006 
f 4059//4059 4060//4060 4006//4006 
f 4006//4006 4060//4060 4005//4005 
f 4060//4060 4061//4061 4005//4005 
f 4005//4005 4061//4061 4004//4004 
f 4061//4061 4062//4062 4004//4004 
f 4004//4004 4062//4062 4003//4003 
f 4062//4062 4063//4063 4003//4003 
f 4003//4003 4063//4063 4002//4002 
f 4063//4063 4064//4064 4002//4002 
f 4002//4002 4064//4064 4001//4001 
f 4064//4064 4065//4065 4001//4001 
f 4001//4001 4065//4065 4000//4000 
f 4065//4065 4066//4066 4000//4000 
f 4000//4000 4066//4066 3999//3999 
f 4066//4066 4067//4067 3999//3999 
f 3999//3999 4067//4067 3998//3998 
f 4067//4067 4068//4068 3998//3998 
f 3998//3998 4068//4068 3997//3997 
f 4068//4068 3997//3997 3997//3997 
f 3997//3997 3997//3997 4068//4068 
f 3997//3997 4068//4068 4068//4068 
f 4068//4068 4068//4068 4069//4069 
f 4068//4068 4067//4067 4069//4069 
f 4069//4069 4067//4067 4070//4070 
f 4067//4067 4066//4066 4070//4070 
f 4070//4070 4066//4066 4071//4071 
f 4066//4066 4065//4065 4071//4071 
f 4071//4071 4065//4065 4072//4072 
f 4065//4065 4064//4064 4072//4072 
f 4072//4072 4064//4064 4073//4073 
f 4064//4064 4063//4063 4073//4073 
f 4073//4073 4063//4063 4074//4074 
f 4063//4063 4062//4062 4074//4074 
f 4074//4074 4062//4062 4075//4075 
f 4062//4062 4061//4061 4075//4075 
f 4075//4075 4061//4061 4076//4076 
f 4061//4061 4060//4060 4076//4076 
f 4076//4076 4060//4060 4077//4077 
f 4060//4060 4059//4059 4077//4077 
f 4077//4077 4059//4059 4078//4078 
f 4059//4059 4058//4058 4078//4078 
f 4078//4078 4058//4058 4079//4079 
f 4058//4058 4057//4057 4079//4079 
f 4079//4079 4057//4057 4080//4080 
f 4057//4057 4056//4056 4080//4080 
f 4080//4080 4056//4056 4081//4081 
f 4056//4056 4055//4055 4081//4081 
f 4081//4081 4055//4055 4082//4082 
f 4055//4055 4054//4054 4082//4082 
f 4082//4082 4054//4054 4083//4083 
f 4054//4054 4053//4053 4083//4083 
f 4083//4083 4053//4053 4084//4084 
f 4053//4053 4052//4052 4084//4084 
f 4084//4084 4052//4052 4085//4085 
f 4052//4052 4052//4052 4085//4085 
f 4085//4085 4052//4052 4086//4086 
f 4052//4052 4051//4051 4086//4086 
f 4086//4086 4051//4051 4087//4087 
f 4051//4051 4050//4050 4087//4087 
f 4087//4087 4050//4050 4088//4088 
f 4050//4050 4049//4049 4088//4088 
f 4088//4088 4049//4049 4089//4089 
f 4049//4049 4048//4048 4089//4089 
f 4089//4089 4048//4048 4090//4090 
f 4048//4048 4047//4047 4090//4090 
f 4090//4090 4047//4047 4091//4091 
f 4047//4047 4046//4046 4091//4091 
f 4091//4091 4046//4046 4092//4092 
f 4046//4046 4045//4045 4092//4092 
f 4092//4092 4045//4045 4093//4093 
f 4045//4045 4044//4044 4093//4093 
f 4093//4093 4044//4044 4094//4094 
f 4044//4044 4043//4043 4094//4094 
f 4094//4094 4043//4043 4095//4095 
f 4043//4043 4042//4042 4095//4095 
f 4095//4095 4042//4042 4096//4096 
f 4042//4042 4041//4041 4096//4096 
f 4096//4096 4041//4041 4097//4097 
f 4041//4041 4040//4040 4097//4097 
f 4097//4097 4040//4040 4098//4098 
f 4040//4040 4039//4039 4098//4098 
f 4098//4098 4039//4039 4099//4099 
f 4039//4039 4038//4038 4099//4099 
f 4099//4099 4038//4038 4100//4100 
f 4038//4038 4037//4037 4100//4100 
f 4100//4100 4037//4037 4101//4101 
f 4037//4037 4036//4036 4101//4101 
f 4101//4101 4036//4036 4102//4102 
f 4036//4036 4035//4035 4102//4102 
f 4102//4102 4035//4035 4103//4103 
f 4035//4035 4033//4033 4103//4103 
f 4103//4103 4033//4033 4103//4103 
f 4033//4033 4034//4034 4103//4103 
f 4103//4103 4034//4034 4103//4103 
f 4034//4034 4104//4104 4103//4103 
f 4103//4103 4104//4104 4105//4105 
f 4104//4104 4106//4106 4105//4105 
f 4105//4105 4106//4106 4106//4106 
f 4106//4106 4103//4103 4106//4106 
f 4106//4106 4103//4103 4103//4103 
f 4103//4103 4105//4105 4103//4103 
f 4103//4103 4105//4105 4102//4102 
f 4105//4105 4107//4107 4102//4102 
f 4102//4102 4107//4107 4101//4101 
f 4107//4107 4108//4108 4101//4101 
f 4101//4101 4108//4108 4100//4100 
f 4108//4108 4109//4109 4100//4100 
f 4100//4100 4109//4109 4099//4099 
f 4109//4109 4110//4110 4099//4099 
f 4099//4099 4110//4110 4098//4098 
f 4110//4110 4111//4111 4098//4098 
f 4098//4098 4111//4111 4097//4097 
f 4111//4111 4112//4112 4097//4097 
f 4097//4097 4112//4112 4096//4096 
f 4112//4112 4113//4113 4096//4096 
f 4096//4096 4113//4113 4095//4095 
f 4113//4113 4114//4114 4095//4095 
f 4095//4095 4114//4114 4094//4094 
f 4114//4114 4115//4115 4094//4094 
f 4094//4094 4115//4115 4093//4093 
f 4115//4115 4116//4116 4093//4093 
f 4093//4093 4116//4116 4092//4092 
f 4116//4116 4117//4117 4092//4092 
f 4092//4092 4117//4117 4091//4091 
f 4117//4117 4118//4118 4091//4091 
f 4091//4091 4118//4118 4090//4090 
f 4118//4118 4119//4119 4090//4090 
f 4090//4090 4119//4119 4089//4089 
f 4119//4119 4120//4120 4089//4089 
f 4089//4089 4120//4120 4088//4088 
f 4120//4120 4121//4121 4088//4088 
f 4088//4088 4121//4121 4087//4087 
f 4121//4121 4122//4122 4087//4087 
f 4087//4087 4122//4122 4086//4086 
f 4122//4122 4123//4123 4086//4086 
f 4086//4086 4123//4123 4085//4085 
f 4123//4123 4124//4124 4085//4085 
f 4085//4085 4124//4124 4085//4085 
f 4124//4124 4125//4125 4085//4085 
f 4085//4085 4125//4125 4084//4084 
f 4125//4125 4126//4126 4084//4084 
f 4084//4084 4126//4126 4083//4083 
f 4126//4126 4127//4127 4083//4083 
f 4083//4083 4127//4127 4082//4082 
f 4127//4127 4128//4128 4082//4082 
f 4082//4082 4128//4128 4081//4081 
f 4128//4128 4129//4129 4081//4081 
f 4081//4081 4129//4129 4080//4080 
f 4129//4129 4130//4130 4080//4080 
f 4080//4080 4130//4130 4079//4079 
f 4130//4130 4131//4131 4079//4079 
f 4079//4079 4131//4131 4078//4078 
f 4131//4131 4132//4132 4078//4078 
f 4078//4078 4132//4132 4077//4077 
f 4132//4132 4133//4133 4077//4077 
f 4077//4077 4133//4133 4076//4076 
f 4133//4133 4134//4134 4076//4076 
f 4076//4076 4134//4134 4075//4075 
f 4134//4134 4135//4135 4075//4075 
f 4075//4075 4135//4135 4074//4074 
f 4135//4135 4136//4136 4074//4074 
f 4074//4074 4136//4136 4073//4073 
f 4136//4136 4137//4137 4073//4073 
f 4073//4073 4137//4137 4072//4072 
f 4137//4137 4138//4138 4072//4072 
f 4072//4072 4138//4138 4071//4071 
f 4138//4138 4139//4139 4071//4071 
f 4071//4071 4139//4139 4070//4070 
f 4139//4139 4140//4140 4070//4070 
f 4070//4070 4140//4140 4069//4069 
f 4140//4140 4069//4069 4069//4069 
f 4069//4069 4069//4069 4140//4140 
f 4069//4069 4140//4140 4140//4140 
f 4140//4140 4140//4140 4141//4141 
f 4140//4140 4139//4139 4141//4141 
f 4141//4141 4139//4139 4142//4142 
f 4139//4139 4138//4138 4142//4142 
f 4142//4142 4138//4138 4143//4143 
f 4138//4138 4137//4137 4143//4143 
f 4143//4143 4137//4137 4144//4144 
f 4137//4137 4136//4136 4144//4144 
f 4144//4144 4136//4136 4145//4145 
f 4136//4136 4135//4135 4145//4145 
f 4145//4145 4135//4135 4146//4146 
f 4135//4135 4134//4134 4146//4146 
f 4146//4146 4134//4134 4147//4147 
f 4134//4134 4133//4133 4147//4147 
f 4147//4147 4133//4133 4148//4148 
f 4133//4133 4132//4132 4148//4148 
f 4148//4148 4132//4132 4149//4149 
f 4132//4132 4131//4131 4149//4149 
f 4149//4149 4131//4131 4150//4150 
f 4131//4131 4130//4130 4150//4150 
f 4150//4150 4130//4130 4151//4151 
f 4130//4130 4129//4129 4151//4151 
f 4151//4151 4129//4129 4152//4152 
f 4129//4129 4128//4128 4152//4152 
f 4152//4152 4128//4128 4153//4153 
f 4128//4128 4127//4127 4153//4153 
f 4153//4153 4127//4127 4154//4154 
f 4127//4127 4126//4126 4154//4154 
f 4154//4154 4126//4126 4155//4155 
f 4126//4126 4125//4125 4155//4155 
f 4155//4155 4125//4125 4156//4156 
f 4125//4125 4124//4124 4156//4156 
f 4156//4156 4124//4124 4157//4157 
f 4124//4124 4124//4124 4157//4157 
f 4157//4157 4124//4124 4158//4158 
f 4124//4124 4123//4123 4158//4158 
f 4158//4158 4123//4123 4159//4159 
f 4123//4123 4122//4122 4159//4159 
f 4159//4159 4122//4122 4160//4160 
f 4122//4122 4121//4121 4160//4160 
f 4160//4160 4121//4121 4161//4161 
f 4121//4121 4120//4120 4161//4161 
f 4161//4161 4120//4120 4162//4162 
f 4120//4120 4119//4119 4162//4162 
f 4162//4162 4119//4119 4163//4163 
f 4119//4119 4118//4118 4163//4163 
f 4163//4163 4118//4118 4164//4164 
f 4118//4118 4117//4117 4164//4164 
f 4164//4164 4117//4117 4165//4165 
f 4117//4117 4116//4116 4165//4165 
f 4165//4165 4116//4116 4166//4166 
f 4116//4116 4115//4115 4166//4166 
f 4166//4166 4115//4115 4167//4167 
f 4115//4115 4114//4114 4167//4167 
f 4167//4167 4114//4114 4168//4168 
f 4114//4114 4113//4113 4168//4168 
f 4168//4168 4113//4113 4169//4169 
f 4113//4113 4112//4112 4169//4169 
f 4169//4169 4112//4112 4170//4170 
f 4112//4112 4111//4111 4170//4170 
f 4170//4170 4111//4111 4171//4171 
f 4111//4111 4110//4110 4171//4171 
f 4171//4171 4110//4110 4172//4172 
f 4110//4110 4109//4109 4172//4172 
f 4172//4172 4109//4109 4173//4173 
f 4109//4109 4108//4108 4173//4173 
f 4173//4173 4108//4108 4174//4174 
f 4108//4108 4107//4107 4174//4174 
f 4174//4174 4107//4107 4175//4175 
f 4107//4107 4105//4105 4175//4175 
f 4175//4175 4105//4105 4175//4175 
f 4105//4105 4106//4106 4175//4175 
f 4175//4175 4106//4106 4175//4175 
f 4106//4106 4176//4176 4175//4175 
f 4175//4175 4176//4176 4177//4177 
f 4176//4176 4178//4178 4177//4177 
f 4177//4177 4178//4178 4178//4178 
f 4178//4178 4175//4175 4178//4178 
f 4178//4178 4175//4175 4175//4175 
f 4175//4175 4177//4177 4175//4175 
f 4175//4175 4177//4177 4174//4174 
f 4177//4177 4179//4179 4174//4174 
f 4174//4174 4179//4179 4173//4173 
f 4179//4179 4180//4180 4173//4173 
f 4173//4173 4180//4180 4172//4172 
f 4180//4180 4181//4181 4172//4172 
f 4172//4172 4181//4181 4171//4171 
f 4181//4181 4182//4182 4171//4171 
f 4171//4171 4182//4182 4170//4170 
f 4182//4182 4183//4183 4170//4170 
f 4170//4170 4183//4183 4169//4169 
f 4183//4183 4184//4184 4169//4169 
f 4169//4169 4184//4184 4168//4168 
f 4184//4184 4185//4185 4168//4168 
f 4168//4168 4185//4185 4167//4167 
f 4185//4185 4186//4186 4167//4167 
f 4167//4167 4186//4186 4166//4166 
f 4186//4186 4187//4187 4166//4166 
f 4166//4166 4187//4187 4165//4165 
f 4187//4187 4188//4188 4165//4165 
f 4165//4165 4188//4188 4164//4164 
f 4188//4188 4189//4189 4164//4164 
f 4164//4164 4189//4189 4163//4163 
f 4189//4189 4190//4190 4163//4163 
f 4163//4163 4190//4190 4162//4162 
f 4190//4190 4191//4191 4162//4162 
f 4162//4162 4191//4191 4161//4161 
f 4191//4191 4192//4192 4161//4161 
f 4161//4161 4192//4192 4160//4160 
f 4192//4192 4193//4193 4160//4160 
f 4160//4160 4193//4193 4159//4159 
f 4193//4193 4194//4194 4159//4159 
f 4159//4159 4194//4194 4158//4158 
f 4194//4194 4195//4195 4158//4158 
f 4158//4158 4195//4195 4157//4157 
f 4195//4195 4196//4196 4157//4157 
f 4157//4157 4196//4196 4157//4157 
f 4196//4196 4197//4197 4157//4157 
f 4157//4157 4197//4197 4156//4156 
f 4197//4197 4198//4198 4156//4156 
f 4156//4156 4198//4198 4155//4155 
f 4198//4198 4199//4199 4155//4155 
f 4155//4155 4199//4199 4154//4154 
f 4199//4199 4200//4200 4154//4154 
f 4154//4154 4200//4200 4153//4153 
f 4200//4200 4201//4201 4153//4153 
f 4153//4153 4201//4201 4152//4152 
f 4201//4201 4202//4202 4152//4152 
f 4152//4152 4202//4202 4151//4151 
f 4202//4202 4203//4203 4151//4151 
f 4151//4151 4203//4203 4150//4150 
f 4203//4203 4204//4204 4150//4150 
f 4150//4150 4204//4204 4149//4149 
f 4204//4204 4205//4205 4149//4149 
f 4149//4149 4205//4205 4148//4148 
f 4205//4205 4206//4206 4148//4148 
f 4148//4148 4206//4206 4147//4147 
f 4206//4206 4207//4207 4147//4147 
f 4147//4147 4207//4207 4146//4146 
f 4207//4207 4208//4208 4146//4146 
f 4146//4146 4208//4208 4145//4145 
f 4208//4208 4209//4209 4145//4145 
f 4145//4145 4209//4209 4144//4144 
f 4209//4209 4210//4210 4144//4144 
f 4144//4144 4210//4210 4143//4143 
f 4210//4210 4211//4211 4143//4143 
f 4143//4143 4211//4211 4142//4142 
f 4211//4211 4212//4212 4142//4142 
f 4142//4142 4212//4212 4141//4141 
f 4212//4212 4141//4141 4141//4141 
f 4141//4141 4141//4141 4212//4212 
f 4141//4141 4212//4212 4212//4212 
f 4212//4212 4212//4212 4213//4213 
f 4212//4212 4211//4211 4213//4213 
f 4213//4213 4211//4211 4214//4214 
f 4211//4211 4210//4210 4214//4214 
f 4214//4214 4210//4210 4215//4215 
f 4210//4210 4209//4209 4215//4215 
f 4215//4215 4209//4209 4216//4216 
f 4209//4209 4208//4208 4216//4216 
f 4216//4216 4208//4208 4217//4217 
f 4208//4208 4207//4207 4217//4217 
f 4217//4217 4207//4207 4218//4218 
f 4207//4207 4206//4206 4218//4218 
f 4218//4218 4206//4206 4219//4219 
f 4206//4206 4205//4205 4219//4219 
f 4219//4219 4205//4205 4220//4220 
f 4205//4205 4204//4204 4220//4220 
f 4220//4220 4204//4204 4221//4221 
f 4204//4204 4203//4203 4221//4221 
f 4221//4221 4203//4203 4222//4222 
f 4203//4203 4202//4202 4222//4222 
f 4222//4222 4202//4202 4223//4223 
f 4202//4202 4201//4201 4223//4223 
f 4223//4223 4201//4201 4224//4224 
f 4201//4201 4200//4200 4224//4224 
f 4224//4224 4200//4200 4225//4225 
f 4200//4200 4199//4199 4225//4225 
f 4225//4225 4199//4199 4226//4226 
f 4199//4199 4198//4198 4226//4226 
f 4226//4226 4198//4198 4227//4227 
f 4198//4198 4197//4197 4227//4227 
f 4227//4227 4197//4197 4228//4228 
f 4197//4197 4196//4196 4228//4228 
f 4228//4228 4196//4196 4229//4229 
f 4196//4196 4196//4196 4229//4229 
f 4229//4229 4196//4196 4230//4230 
f 4196//4196 4195//4195 4230//4230 
f 4230//4230 4195//4195 4231//4231 
f 4195//4195 4194//4194 4231//4231 
f 4231//4231 4194//4194 4232//4232 
f 4194//4194 4193//4193 4232//4232 
f 4232//4232 4193//4193 4233//4233 
f 4193//4193 4192//4192 4233//4233 
f 4233//4233 4192//4192 4234//4234 
f 4192//4192 4191//4191 4234//4234 
f 4234//4234 4191//4191 4235//4235 
f 4191//4191 4190//4190 4235//4235 
f 4235//4235 4190//4190 4236//4236 
f 4190//4190 4189//4189 4236//4236 
f 4236//4236 4189//4189 4237//4237 
f 4189//4189 4188//4188 4237//4237 
f 4237//4237 4188//4188 4238//4238 
f 4188//4188 4187//4187 4238//4238 
f 4238//4238 4187//4187 4239//4239 
f 4187//4187 4186//4186 4239//4239 
f 4239//4239 4186//4186 4240//4240 
f 4186//4186 4185//4185 4240//4240 
f 4240//4240 4185//4185 4241//4241 
f 4185//4185 4184//4184 4241//4241 
f 4241//4241 4184//4184 4242//4242 
f 4184//4184 4183//4183 4242//4242 
f 4242//4242 4183//4183 4243//4243 
f 4183//4183 4182//4182 4243//4243 
f 4243//4243 4182//4182 4244//4244 
f 4182//4182 4181//4181 4244//4244 
f 4244//4244 4181//4181 4245//4245 
f 4181//4181 4180//4180 4245//4245 
f 4245//4245 4180//4180 4246//4246 
f 4180//4180 4179//4179 4246//4246 
f 4246//4246 4179//4179 4247//4247 
f 4179//4179 4177//4177 4247//4247 
f 4247//4247 4177//4177 4247//4247 
f 4177//4177 4178//4178 4247//4247 
f 4247//4247 4178//4178 4247//4247 
f 4178//4178 4248//4248 4247//4247 
f 4247//4247 4248//4248 4249//4249 
f 4248//4248 4250//4250 4249//4249 
f 4249//4249 4250//4250 4250//4250 
f 4250//4250 4247//4247 4250//4250 
f 4250//4250 4247//4247 4247//4247 
f 4247//4247 4249//4249 4247//4247 
f 4247//4247 4249//4249 4246//4246 
f 4249//4249 4251//4251 4246//4246 
f 4246//4246 4251//4251 4245//4245 
f 4251//4251 4252//4252 4245//4245 
f 4245//4245 4252//4252 4244//4244 
f 4252//4252 4253//4253 4244//4244 
f 4244//4244 4253//4253 4243//4243 
f 4253//4253 4254//4254 4243//4243 
f 4243//4243 4254//4254 4242//4242 
f 4254//4254 4255//4255 4242//4242 
f 4242//4242 4255//4255 4241//4241 
f 4255//4255 4256//4256 4241//4241 
f 4241//4241 4256//4256 4240//4240 
f 4256//4256 4257//4257 4240//4240 
f 4240//4240 4257//4257 4239//4239 
f 4257//4257 4258//4258 4239//4239 
f 4239//4239 4258//4258 4238//4238 
f 4258//4258 4259//4259 4238//4238 
f 4238//4238 4259//4259 4237//4237 
f 4259//4259 4260//4260 4237//4237 
f 4237//4237 4260//4260 4236//4236 
f 4260//4260 4261//4261 4236//4236 
f 4236//4236 4261//4261 4235//4235 
f 4261//4261 4262//4262 4235//4235 
f 4235//4235 4262//4262 4234//4234 
f 4262//4262 4263//4263 4234//4234 
f 4234//4234 4263//4263 4233//4233 
f 4263//4263 4264//4264 4233//4233 
f 4233//4233 4264//4264 4232//4232 
f 4264//4264 4265//4265 4232//4232 
f 4232//4232 4265//4265 4231//4231 
f 4265//4265 4266//4266 4231//4231 
f 4231//4231 4266//4266 4230//4230 
f 4266//4266 4267//4267 4230//4230 
f 4230//4230 4267//4267 4229//4229 
f 4267//4267 4268//4268 4229//4229 
f 4229//4229 4268//4268 4229//4229 
f 4268//4268 4269//4269 4229//4229 
f 4229//4229 4269//4269 4228//4228 
f 4269//4269 4270//4270 4228//4228 
f 4228//4228 4270//4270 4227//4227 
f 4270//4270 4271//4271 4227//4227 
f 4227//4227 4271//4271 4226//4226 
f 4271//4271 4272//4272 4226//4226 
f 4226//4226 4272//4272 4225//4225 
f 4272//4272 4273//4273 4225//4225 
f 4225//4225 4273//4273 4224//4224 
f 4273//4273 4274//4274 4224//4224 
f 4224//4224 4274//4274 4223//4223 
f 4274//4274 4275//4275 4223//4223 
f 4223//4223 4275//4275 4222//4222 
f 4275//4275 4276//4276 4222//4222 
f 4222//4222 4276//4276 4221//4221 
f 4276//4276 4277//4277 4221//4221 
f 4221//4221 4277//4277 4220//4220 
f 4277//4277 4278//4278 4220//4220 
f 4220//4220 4278//4278 4219//4219 
f 4278//4278 4279//4279 4219//4219 
f 4219//4219 4279//4279 4218//4218 
f 4279//4279 4280//4280 4218//4218 
f 4218//4218 4280//4280 4217//4217 
f 4280//4280 4281//4281 4217//4217 
f 4217//4217 4281//4281 4216//4216 
f 4281//4281 4282//4282 4216//4216 
f 4216//4216 4282//4282 4215//4215 
f 4282//4282 4283//4283 4215//4215 
f 4215//4215 4283//4283 4214//4214 
f 4283//4283 4284//4284 4214//4214 
f 4214//4214 4284//4284 4213//4213 
f 4284//4284 4213//4213 4213//4213 
f 4213//4213 4213//4213 4284//4284 
f 4213//4213 4284//4284 4284//4284 
f 4284//4284 4284//4284 4285//4285 
f 4284//4284 4283//4283 4285//4285 
f 4285//4285 4283//4283 4286//4286 
f 4283//4283 4282//4282 4286//4286 
f 4286//4286 4282//4282 4287//4287 
f 4282//4282 4281//4281 4287//4287 
f 4287//4287 4281//4281 4288//4288 
f 4281//4281 4280//4280 4288//4288 
f 4288//4288 4280//4280 4289//4289 
f 4280//4280 4279//4279 4289//4289 
f 4289//4289 4279//4279 4290//4290 
f 4279//4279 4278//4278 4290//4290 
f 4290//4290 4278//4278 4291//4291 
f 4278//4278 4277//4277 4291//4291 
f 4291//4291 4277//4277 4292//4292 
f 4277//4277 4276//4276 4292//4292 
f 4292//4292 4276//4276 4293//4293 
f 4276//4276 4275//4275 4293//4293 
f 4293//4293 4275//4275 4294//4294 
f 4275//4275 4274//4274 4294//4294 
f 4294//4294 4274//4274 4295//4295 
f 4274//4274 4273//4273 4295//4295 
f 4295//4295 4273//4273 4296//4296 
f 4273//4273 4272//4272 4296//4296 
f 4296//4296 4272//4272 4297//4297 
f 4272//4272 4271//4271 4297//4297 
f 4297//4297 4271//4271 4298//4298 
f 4271//4271 4270//4270 4298//4298 
f 4298//4298 4270//4270 4299//4299 
f 4270//4270 4269//4269 4299//4299 
f 4299//4299 4269//4269 4300//4300 
f 4269//4269 4268//4268 4300//4300 
f 4300//4300 4268//4268 4301//4301 
f 4268//4268 4268//4268 4301//4301 
f 4301//4301 4268//4268 4302//4302 
f 4268//4268 4267//4267 4302//4302 
f 4302//4302 4267//4267 4303//4303 
f 4267//4267 4266//4266 4303//4303 
f 4303//4303 4266//4266 4304//4304 
f 4266//4266 4265//4265 4304//4304 
f 4304//4304 4265//4265 4305//4305 
f 4265//4265 4264//4264 4305//4305 
f 4305//4305 4264//4264 4306//4306 
f 4264//4264 4263//4263 4306//4306 
f 4306//4306 4263//4263 4307//4307 
f 4263//4263 4262//4262 4307//4307 
f 4307//4307 4262//4262 4308//4308 
f 4262//4262 4261//4261 4308//4308 
f 4308//4308 4261//4261 4309//4309 
f 4261//4261 4260//4260 4309//4309 
f 4309//4309 4260//4260 4310//4310 
f 4260//4260 4259//4259 4310//4310 
f 4310//4310 4259//4259 4311//4311 
f 4259//4259 4258//4258 4311//4311 
f 4311//4311 4258//4258 4312//4312 
f 4258//4258 4257//4257 4312//4312 
f 4312//4312 4257//4257 4313//4313 
f 4257//4257 4256//4256 4313//4313 
f 4313//4313 4256//4256 4314//4314 
f 4256//4256 4255//4255 4314//4314 
f 4314//4314 4255//4255 4315//4315 
f 4255//4255 4254//4254 4315//4315 
f 4315//4315 4254//4254 4316//4316 
f 4254//4254 4253//4253 4316//4316 
f 4316//4316 4253//4253 4317//4317 
f 4253//4253 4252//4252 4317//4317 
f 4317//4317 4252//4252 4318//4318 
f 4252//4252 4251//4251 4318//4318 
f 4318//4318 4251//4251 4319//4319 
f 4251//4251 4249//4249 4319//4319 
f 4319//4319 4249//4249 4319//4319 
f 4249//4249 4250//4250 4319//4319 
f 4319//4319 4250//4250 4319//4319 
f 4250//4250 4320//4320 4319//4319 
f 4319//4319 4320//4320 4321//4321 
f 4320//4320 4322//4322 4321//4321 
f 4321//4321 4322//4322 4322//4322 
f 4322//4322 4319//4319 4322//4322 
f 4322//4322 4319//4319 4319//4319 
f 4319//4319 4321//4321 4319//4319 
f 4319//4319 4321//4321 4318//4318 
f 4321//4321 4323//4323 4318//4318 
f 4318//4318 4323//4323 4317//4317 
f 4323//4323 4324//4324 4317//4317 
f 4317//4317 4324//4324 4316//4316 
f 4324//4324 4325//4325 4316//4316 
f 4316//4316 4325//4325 4315//4315 
f 4325//4325 4326//4326 4315//4315 
f 4315//4315 4326//4326 4314//4314 
f 4326//4326 4327//4327 4314//4314 
f 4314//4314 4327//4327 4313//4313 
f 4327//4327 4328//4328 4313//4313 
f 4313//4313 4328//4328 4312//4312 
f 4328//4328 4329//4329 4312//4312 
f 4312//4312 4329//4329 4311//4311 
f 4329//4329 4330//4330 4311//4311 
f 4311//4311 4330//4330 4310//4310 
f 4330//4330 4331//4331 4310//4310 
f 4310//4310 4331//4331 4309//4309 
f 4331//4331 4332//4332 4309//4309 
f 4309//4309 4332//4332 4308//4308 
f 4332//4332 4333//4333 4308//4308 
f 4308//4308 4333//4333 4307//4307 
f 4333//4333 4334//4334 4307//4307 
f 4307//4307 4334//4334 4306//4306 
f 4334//4334 4335//4335 4306//4306 
f 4306//4306 4335//4335 4305//4305 
f 4335//4335 4336//4336 4305//4305 
f 4305//4305 4336//4336 4304//4304 
f 4336//4336 4337//4337 4304//4304 
f 4304//4304 4337//4337 4303//4303 
f 4337//4337 4338//4338 4303//4303 
f 4303//4303 4338//4338 4302//4302 
f 4338//4338 4339//4339 4302//4302 
f 4302//4302 4339//4339 4301//4301 
f 4339//4339 4340//4340 4301//4301 
f 4301//4301 4340//4340 4301//4301 
f 4340//4340 4341//4341 4301//4301 
f 4301//4301 4341//4341 4300//4300 
f 4341//4341 4342//4342 4300//4300 
f 4300//4300 4342//4342 4299//4299 
f 4342//4342 4343//4343 4299//4299 
f 4299//4299 4343//4343 4298//4298 
f 4343//4343 4344//4344 4298//4298 
f 4298//4298 4344//4344 4297//4297 
f 4344//4344 4345//4345 4297//4297 
f 4297//4297 4345//4345 4296//4296 
f 4345//4345 4346//4346 4296//4296 
f 4296//4296 4346//4346 4295//4295 
f 4346//4346 4347//4347 4295//4295 
f 4295//4295 4347//4347 4294//4294 
f 4347//4347 4348//4348 4294//4294 
f 4294//4294 4348//4348 4293//4293 
f 4348//4348 4349//4349 4293//4293 
f 4293//4293 4349//4349 4292//4292 
f 4349//4349 4350//4350 4292//4292 
f 4292//4292 4350//4350 4291//4291 
f 4350//4350 4351//4351 4291//4291 
f 4291//4291 4351//4351 4290//4290 
f 4351//4351 4352//4352 4290//4290 
f 4290//4290 4352//4352 4289//4289 
f 4352//4352 4353//4353 4289//4289 
f 4289//4289 4353//4353 4288//4288 
f 4353//4353 4354//4354 4288//4288 
f 4288//4288 4354//4354 4287//4287 
f 4354//4354 4355//4355 4287//4287 
f 4287//4287 4355//4355 4286//4286 
f 4355//4355 4356//4356 4286//4286 
f 4286//4286 4356//4356 4285//4285 
f 4356//4356 4285//4285 4285//4285 
f 4285//4285 4285//4285 4356//4356 
f 4285//4285 4356//4356 4356//4356 
f 4356//4356 4356//4356 4357//4357 
f 4356//4356 4355//4355 4357//4357 
f 4357//4357 4355//4355 4358//4358 
f 4355//4355 4354//4354 4358//4358 
f 4358//4358 4354//4354 4359//4359 
f 4354//4354 4353//4353 4359//4359 
f 4359//4359 4353//4353 4360//4360 
f 4353//4353 4352//4352 4360//4360 
f 4360//4360 4352//4352 4361//4361 
f 4352//4352 4351//4351 4361//4361 
f 4361//4361 4351//4351 4362//4362 
f 4351//4351 4350//4350 4362//4362 
f 4362//4362 4350//4350 4363//4363 
f 4350//4350 4349//4349 4363//4363 
f 4363//4363 4349//4349 4364//4364 
f 4349//4349 4348//4348 4364//4364 
f 4364//4364 4348//4348 4365//4365 
f 4348//4348 4347//4347 4365//4365 
f 4365//4365 4347//4347 4366//4366 
f 4347//4347 4346//4346 4366//4366 
f 4366//4366 4346//4346 4367//4367 
f 4346//4346 4345//4345 4367//4367 
f 4367//4367 4345//4345 4368//4368 
f 4345//4345 4344//4344 4368//4368 
f 4368//4368 4344//4344 4369//4369 
f 4344//4344 4343//4343 4369//4369 
f 4369//4369 4343//4343 4370//4370 
f 4343//4343 4342//4342 4370//4370 
f 4370//4370 4342//4342 4371//4371 
f 4342//4342 4341//4341 4371//4371 
f 4371//4371 4341//4341 4372//4372 
f 4341//4341 4340//4340 4372//4372 
f 4372//4372 4340//4340 4373//4373 
f 4340//4340 4340//4340 4373//4373 
f 4373//4373 4340//4340 4374//4374 
f 4340//4340 4339//4339 4374//4374 
f 4374//4374 4339//4339 4375//4375 
f 4339//4339 4338//4338 4375//4375 
f 4375//4375 4338//4338 4376//4376 
f 4338//4338 4337//4337 4376//4376 
f 4376//4376 4337//4337 4377//4377 
f 4337//4337 4336//4336 4377//4377 
f 4377//4377 4336//4336 4378//4378 
f 4336//4336 4335//4335 4378//4378 
f 4378//4378 4335//4335 4379//4379 
f 4335//4335 4334//4334 4379//4379 
f 4379//4379 4334//4334 4380//4380 
f 4334//4334 4333//4333 4380//4380 
f 4380//4380 4333//4333 4381//4381 
f 4333//4333 4332//4332 4381//4381 
f 4381//4381 4332//4332 4382//4382 
f 4332//4332 4331//4331 4382//4382 
f 4382//4382 4331//4331 4383//4383 
f 4331//4331 4330//4330 4383//4383 
f 4383//4383 4330//4330 4384//4384 
f 4330//4330 4329//4329 4384//4384 
f 4384//4384 4329//4329 4385//4385 
f 4329//4329 4328//4328 4385//4385 
f 4385//4385 4328//4328 4386//4386 
f 4328//4328 4327//4327 4386//4386 
f 4386//4386 4327//4327 4387//4387 
f 4327//4327 4326//4326 4387//4387 
f 4387//4387 4326//4326 4388//4388 
f 4326//4326 4325//4325 4388//4388 
f 4388//4388 4325//4325 4389//4389 
f 4325//4325 4324//4324 4389//4389 
f 4389//4389 4324//4324 4390//4390 
f 4324//4324 4323//4323 4390//4390 
f 4390//4390 4323//4323 4391//4391 
f 4323//4323 4321//4321 4391//4391 
f 4391//4391 4321//4321 4391//4391 
f 4321//4321 4322//4322 4391//4391 
f 4391//4391 4322//4322 4391//4391 
f 4322//4322 4392//4392 4391//4391 
f 4391//4391 4392//4392 4393//4393 
f 4392//4392 4394//4394 4393//4393 
f 4393//4393 4394//4394 4394//4394 
f 4394//4394 4391//4391 4394//4394 
f 4394//4394 4391//4391 4391//4391 
f 4391//4391 4393//4393 4391//4391 
f 4391//4391 4393//4393 4390//4390 
f 4393//4393 4395//4395 4390//4390 
f 4390//4390 4395//4395 4389//4389 
f 4395//4395 4396//4396 4389//4389 
f 4389//4389 4396//4396 4388//4388 
f 4396//4396 4397//4397 4388//4388 
f 4388//4388 4397//4397 4387//4387 
f 4397//4397 4398//4398 4387//4387 
f 4387//4387 4398//4398 4386//4386 
f 4398//4398 4399//4399 4386//4386 
f 4386//4386 4399//4399 4385//4385 
f 4399//4399 4400//4400 4385//4385 
f 4385//4385 4400//4400 4384//4384 
f 4400//4400 4401//4401 4384//4384 
f 4384//4384 4401//4401 4383//4383 
f 4401//4401 4402//4402 4383//4383 
f 4383//4383 4402//4402 4382//4382 
f 4402//4402 4403//4403 4382//4382 
f 4382//4382 4403//4403 4381//4381 
f 4403//4403 4404//4404 4381//4381 
f 4381//4381 4404//4404 4380//4380 
f 4404//4404 4405//4405 4380//4380 
f 4380//4380 4405//4405 4379//4379 
f 4405//4405 4406//4406 4379//4379 
f 4379//4379 4406//4406 4378//4378 
f 4406//4406 4407//4407 4378//4378 
f 4378//4378 4407//4407 4377//4377 
f 4407//4407 4408//4408 4377//4377 
f 4377//4377 4408//4408 4376//4376 
f 4408//4408 4409//4409 4376//4376 
f 4376//4376 4409//4409 4375//4375 
f 4409//4409 4410//4410 4375//4375 
f 4375//4375 4410//4410 4374//4374 
f 4410//4410 4411//4411 4374//4374 
f 4374//4374 4411//4411 4373//4373 
f 4411//4411 4412//4412 4373//4373 
f 4373//4373 4412//4412 4373//4373 
f 4412//4412 4413//4413 4373//4373 
f 4373//4373 4413//4413 4372//4372 
f 4413//4413 4414//4414 4372//4372 
f 4372//4372 4414//4414 4371//4371 
f 4414//4414 4415//4415 4371//4371 
f 4371//4371 4415//4415 4370//4370 
f 4415//4415 4416//4416 4370//4370 
f 4370//4370 4416//4416 4369//4369 
f 4416//4416 4417//4417 4369//4369 
f 4369//4369 4417//4417 4368//4368 
f 4417//4417 4418//4418 4368//4368 
f 4368//4368 4418//4418 4367//4367 
f 4418//4418 4419//4419 4367//4367 
f 4367//4367 4419//4419 4366//4366 
f 4419//4419 4420//4420 4366//4366 
f 4366//4366 4420//4420 4365//4365 
f 4420//4420 4421//4421 4365//4365 
f 4365//4365 4421//4421 4364//4364 
f 4421//4421 4422//4422 4364//4364 
f 4364//4364 4422//4422 4363//4363 
f 4422//4422 4423//4423 4363//4363 
f 4363//4363 4423//4423 4362//4362 
f 4423//4423 4424//4424 4362//4362 
f 4362//4362 4424//4424 4361//4361 
f 4424//4424 4425//4425 4361//4361 
f 4361//4361 4425//4425 4360//4360 
f 4425//4425 4426//4426 4360//4360 
f 4360//4360 4426//4426 4359//4359 
f 4426//4426 4427//4427 4359//4359 
f 4359//4359 4427//4427 4358//4358 
f 4427//4427 4428//4428 4358//4358 
f 4358//4358 4428//4428 4357//4357 
f 4428//4428 4357//4357 4357//4357 
f 4357//4357 4357//4357 4428//4428 
f 4357//4357 4428//4428 4428//4428 
f 4428//4428 4428//4428 4429//4429 
f 4428//4428 4427//4427 4429//4429 
f 4429//4429 4427//4427 4430//4430 
f 4427//4427 4426//4426 4430//4430 
f 4430//4430 4426//4426 4431//4431 
f 4426//4426 4425//4425 4431//4431 
f 4431//4431 4425//4425 4432//4432 
f 4425//4425 4424//4424 4432//4432 
f 4432//4432 4424//4424 4433//4433 
f 4424//4424 4423//4423 4433//4433 
f 4433//4433 4423//4423 4434//4434 
f 4423//4423 4422//4422 4434//4434 
f 4434//4434 4422//4422 4435//4435 
f 4422//4422 4421//4421 4435//4435 
f 4435//4435 4421//4421 4436//4436 
f 4421//4421 4420//4420 4436//4436 
f 4436//4436 4420//4420 4437//4437 
f 4420//4420 4419//4419 4437//4437 
f 4437//4437 4419//4419 4438//4438 
f 4419//4419 4418//4418 4438//4438 
f 4438//4438 4418//4418 4439//4439 
f 4418//4418 4417//4417 4439//4439 
f 4439//4439 4417//4417 4440//4440 
f 4417//4417 4416//4416 4440//4440 
f 4440//4440 4416//4416 4441//4441 
f 4416//4416 4415//4415 4441//4441 
f 4441//4441 4415//4415 4442//4442 
f 4415//4415 4414//4414 4442//4442 
f 4442//4442 4414//4414 4443//4443 
f 4414//4414 4413//4413 4443//4443 
f 4443//4443 4413//4413 4444//4444 
f 4413//4413 4412//4412 4444//4444 
f 4444//4444 4412//4412 4445//4445 
f 4412//4412 4412//4412 4445//4445 
f 4445//4445 4412//4412 4446//4446 
f 4412//4412 4411//4411 4446//4446 
f 4446//4446 4411//4411 4447//4447 
f 4411//4411 4410//4410 4447//4447 
f 4447//4447 4410//4410 4448//4448 
f 4410//4410 4409//4409 4448//4448 
f 4448//4448 4409//4409 4449//4449 
f 4409//4409 4408//4408 4449//4449 
f 4449//4449 4408//4408 4450//4450 
f 4408//4408 4407//4407 4450//4450 
f 4450//4450 4407//4407 4451//4451 
f 4407//4407 4406//4406 4451//4451 
f 4451//4451 4406//4406 4452//4452 
f 4406//4406 4405//4405 4452//4452 
f 4452//4452 4405//4405 4453//4453 
f 4405//4405 4404//4404 4453//4453 
f 4453//4453 4404//4404 4454//4454 
f 4404//4404 4403//4403 4454//4454 
f 4454//4454 4403//4403 4455//4455 
f 4403//4403 4402//4402 4455//4455 
f 4455//4455 4402//4402 4456//4456 
f 4402//4402 4401//4401 4456//4456 
f 4456//4456 4401//4401 4457//4457 
f 4401//4401 4400//4400 4457//4457 
f 4457//4457 4400//4400 4458//4458 
f 4400//4400 4399//4399 4458//4458 
f 4458//4458 4399//4399 4459//4459 
f 4399//4399 4398//4398 4459//4459 
f 4459//4459 4398//4398 4460//4460 
f 4398//4398 4397//4397 4460//4460 
f 4460//4460 4397//4397 4461//4461 
f 4397//4397 4396//4396 4461//4461 
f 4461//4461 4396//4396 4462//4462 
f 4396//4396 4395//4395 4462//4462 
f 4462//4462 4395//4395 4463//4463 
f 4395//4395 4393//4393 4463//4463 
f 4463//4463 4393//4393 4463//4463 
f 4393//4393 4394//4394 4463//4463 
f 4463//4463 4394//4394 4463//4463 
f 4394//4394 4464//4464 4463//4463 
f 4463//4463 4464//4464 4465//4465 
f 4464//4464 4466//4466 4465//4465 
f 4465//4465 4466//4466 4466//4466 
f 4466//4466 4463//4463 4466//4466 
f 4466//4466 4463//4463 4463//4463 
f 4463//4463 4465//4465 4463//4463 
f 4463//4463 4465//4465 4462//4462 
f 4465//4465 4467//4467 4462//4462 
f 4462//4462 4467//4467 4461//4461 
f 4467//4467 4468//4468 4461//4461 
f 4461//4461 4468//4468 4460//4460 
f 4468//4468 4469//4469 4460//4460 
f 4460//4460 4469//4469 4459//4459 
f 4469//4469 4470//4470 4459//4459 
f 4459//4459 4470//4470 4458//4458 
f 4470//4470 4471//4471 4458//4458 
f 4458//4458 4471//4471 4457//4457 
f 4471//4471 4472//4472 4457//4457 
f 4457//4457 4472//4472 4456//4456 
f 4472//4472 4473//4473 4456//4456 
f 4456//4456 4473//4473 4455//4455 
f 4473//4473 4474//4474 4455//4455 
f 4455//4455 4474//4474 4454//4454 
f 4474//4474 4475//4475 4454//4454 
f 4454//4454 4475//4475 4453//4453 
f 4475//4475 4476//4476 4453//4453 
f 4453//4453 4476//4476 4452//4452 
f 4476//4476 4477//4477 4452//4452 
f 4452//4452 4477//4477 4451//4451 
f 4477//4477 4478//4478 4451//4451 
f 4451//4451 4478//4478 4450//4450 
f 4478//4478 4479//4479 4450//4450 
f 4450//4450 4479//4479 4449//4449 
f 4479//4479 4480//4480 4449//4449 
f 4449//4449 4480//4480 4448//4448 
f 4480//4480 4481//4481 4448//4448 
f 4448//4448 4481//4481 4447//4447 
f 4481//4481 4482//4482 4447//4447 
f 4447//4447 4482//4482 4446//4446 
f 4482//4482 4483//4483 4446//4446 
f 4446//4446 4483//4483 4445//4445 
f 4483//4483 3574//3574 4445//4445 
f 4445//4445 3574//3574 4484//4484 
f 3574//3574 3575//3575 4484//4484 
f 4484//4484 3575//3575 4485//4485 
f 3575//3575 3576//3576 4485//4485 
f 4485//4485 3576//3576 4486//4486 
f 3576//3576 3577//3577 4486//4486 
f 4486//4486 3577//3577 4487//4487 
f 3577//3577 3578//3578 4487//4487 
f 4487//4487 3578//3578 4488//4488 
f 3578//3578 3579//3579 4488//4488 
f 4488//4488 3579//3579 4489//4489 
f 3579//3579 3580//3580 4489//4489 
f 4489//4489 3580//3580 4490//4490 
f 3580//3580 3581//3581 4490//4490 
f 4490//4490 3581//3581 4491//4491 
f 3581//3581 3582//3582 4491//4491 
f 4491//4491 3582//3582 4492//4492 
f 3582//3582 3583//3583 4492//4492 
f 4492//4492 3583//3583 4493//4493 
f 3583//3583 3584//3584 4493//4493 
f 4493//4493 3584//3584 4494//4494 
f 3584//3584 3585//3585 4494//4494 
f 4494//4494 3585//3585 4495//4495 
f 3585//3585 3586//3586 4495//4495 
f 4495//4495 3586//3586 4496//4496 
f 3586//3586 3587//3587 4496//4496 
f 4496//4496 3587//3587 4497//4497 
f 3587//3587 3588//3588 4497//4497 
f 4497//4497 3588//3588 4498//4498 
f 3588//3588 3589//3589 4498//4498 
f 4498//4498 3589//3589 4499//4499 
f 3589//3589 3590//3590 4499//4499 
f 4499//4499 3590//3590 4500//4500 
f 3590//3590 3590//3590 4500//4500 
f 4500//4500 3590//3590 4501//4501 
f 3590//3590 3591//3591 4501//4501 
f 4501//4501 3591//3591 4502//4502 
f 3591//3591 3592//3592 4502//4502 
f 4502//4502 3592//3592 4503//4503 
f 3592//3592 3593//3593 4503//4503 
f 4503//4503 3593//3593 4504//4504 
f 3593//3593 3594//3594 4504//4504 
f 4504//4504 3594//3594 4505//4505 
f 3594//3594 3595//3595 4505//4505 
f 4505//4505 3595//3595 4506//4506 
f 3595//3595 3596//3596 4506//4506 
f 4506//4506 3596//3596 4507//4507 
f 3596//3596 3597//3597 4507//4507 
f 4507//4507 3597//3597 4508//4508 
f 3597//3597 3598//3598 4508//4508 
f 4508//4508 3598//3598 4509//4509 
f 3598//3598 3599//3599 4509//4509 
f 4509//4509 3599//3599 4510//4510 
f 3599//3599 3600//3600 4510//4510 
f 4510//4510 3600//3600 4511//4511 
f 3600//3600 3601//3601 4511//4511 
f 4511//4511 3601//3601 4512//4512 
f 3601//3601 3602//3602 4512//4512 
f 4512//4512 3602//3602 4513//4513 
f 3602//3602 3603//3603 4513//4513 
f 4513//4513 3603//3603 4514//4514 
f 3603//3603 3604//3604 4514//4514 
f 4514//4514 3604//3604 4515//4515 
f 3604//3604 3605//3605 4515//4515 
f 4515//4515 3605//3605 4516//4516 
f 3605//3605 3606//3606 4516//4516 
f 4516//4516 3606//3606 4517//4517 
f 3606//3606 3607//3607 4517//4517 
f 4517//4517 3607//3607 4518//4518 
f 3607//3607 3708//3708 4518//4518 
f 4518//4518 3708//3708 4519//4519 
f 3708//3708 3709//3709 4519//4519 
f 4519//4519 3709//3709 4520//4520 
f 3709//3709 3780//3780 4520//4520 
f 4520//4520 3780//3780 4521//4521 
f 3780//3780 3781//3781 4521//4521 
f 4521//4521 3781//3781 4522//4522 
f 3781//3781 3852//3852 4522//4522 
f 4522//4522 3852//3852 4523//4523 
f 3852//3852 3853//3853 4523//4523 
f 4523//4523 3853//3853 4524//4524 
f 3853//3853 3924//3924 4524//4524 
f 4524//4524 3924//3924 4525//4525 
f 3924//3924 3925//3925 4525//4525 
f 4525//4525 3925//3925 4526//4526 
f 3925//3925 3996//3996 4526//4526 
f 4526//4526 3996//3996 4527//4527 
f 3996//3996 3997//3997 4527//4527 
f 4527//4527 3997//3997 4528//4528 
f 3997//3997 4068//4068 4528//4528 
f 4528//4528 4068//4068 4529//4529 
f 4068//4068 4069//4069 4529//4529 
f 4529//4529 4069//4069 4530//4530 
f 4069//4069 4140//4140 4530//4530 
f 4530//4530 4140//4140 4531//4531 
f 4140//4140 4141//4141 4531//4531 
f 4531//4531 4141//4141 4532//4532 
f 4141//4141 4212//4212 4532//4532 
f 4532//4532 4212//4212 4533//4533 
f 4212//4212 4213//4213 4533//4533 
f 4533//4533 4213//4213 4534//4534 
f 4213//4213 4284//4284 4534//4534 
f 4534//4534 4284//4284 4535//4535 
f 4284//4284 4285//4285 4535//4535 
f 4535//4535 4285//4285 4536//4536 
f 4285//4285 4356//4356 4536//4536 
f 4536//4536 4356//4356 4537//4537 
f 4356//4356 4357//4357 4537//4537 
f 4537//4537 4357//4357 4538//4538 
f 4357//4357 4428//4428 4538//4538 
f 4538//4538 4428//4428 4539//4539 
f 4428//4428 4429//4429 4539//4539 
f 4539//4539 4429//4429 4540//4540 
f 4429//4429 4429//4429 4540//4540 
f 4540//4540 4429//4429 4541//4541 
f 4429//4429 4430//4430 4541//4541 
f 4541//4541 4430//4430 4542//4542 
f 4430//4430 4431//4431 4542//4542 
f 4542//4542 4431//4431 4543//4543 
f 4431//4431 4432//4432 4543//4543 
f 4543//4543 4432//4432 4544//4544 
f 4432//4432 4433//4433 4544//4544 
f 4544//4544 4433//4433 4545//4545 
f 4433//4433 4434//4434 4545//4545 
f 4545//4545 4434//4434 4546//4546 
f 4434//4434 4435//4435 4546//4546 
f 4546//4546 4435//4435 4547//4547 
f 4435//4435 4436//4436 4547//4547 
f 4547//4547 4436//4436 4548//4548 
f 4436//4436 4437//4437 4548//4548 
f 4548//4548 4437//4437 4549//4549 
f 4437//4437 4438//4438 4549//4549 
f 4549//4549 4438//4438 4550//4550 
f 4438//4438 4439//4439 4550//4550 
f 4550//4550 4439//4439 4551//4551 
f 4439//4439 4440//4440 4551//4551 
f 4551//4551 4440//4440 4552//4552 
f 4440//4440 4441//4441 4552//4552 
f 4552//4552 4441//4441 4553//4553 
f 4441//4441 4442//4442 4553//4553 
f 4553//4553 4442//4442 4554//4554 
f 4442//4442 4443//4443 4554//4554 
f 4554//4554 4443//4443 4555//4555 
f 4443//4443 4444//4444 4555//4555 
f 4555//4555 4444//4444 4484//4484 
f 4444//4444 4445//4445 4484//4484 
f 4484//4484 4445//4445 4445//4445 
f 4445//4445 4484//4484 4445//4445 
f 4445//4445 4484//4484 4484//4484 
f 4484//4484 4485//4485 4484//4484 
f 4484//4484 4485//4485 4555//4555 
f 4485//4485 4556//4556 4555//4555 
f 4555//4555 4556//4556 4554//4554 
f 4556//4556 4557//4557 4554//4554 
f 4554//4554 4557//4557 4553//4553 
f 4557//4557 4553//4553 4553//4553 
f 4553//4553 4553//4553 4485//4485 
f 4553//4553 4485//4485 4485//4485 
f 4485//4485 4485//4485 4556//4556 
f 4485//4485 4486//4486 4556//4556 
f 4556//4556 4486//4486 4558//4558 
f 4486//4486 4487//4487 4558//4558 
f 4558//4558 4487//4487 4559//4559 
f 4487//4487 4488//4488 4559//4559 
f 4559//4559 4488//4488 4560//4560 
f 4488//4488 4489//4489 4560//4560 
f 4560//4560 4489//4489 4561//4561 
f 4489//4489 4490//4490 4561//4561 
f 4561//4561 4490//4490 4562//4562 
f 4490//4490 4491//4491 4562//4562 
f 4562//4562 4491//4491 4563//4563 
f 4491//4491 4492//4492 4563//4563 
f 4563//4563 4492//4492 4564//4564 
f 4492//4492 4493//4493 4564//4564 
f 4564//4564 4493//4493 4565//4565 
f 4493//4493 4494//4494 4565//4565 
f 4565//4565 4494//4494 4566//4566 
f 4494//4494 4495//4495 4566//4566 
f 4566//4566 4495//4495 4567//4567 
f 4495//4495 4496//4496 4567//4567 
f 4567//4567 4496//4496 4568//4568 
f 4496//4496 4497//4497 4568//4568 
f 4568//4568 4497//4497 4569//4569 
f 4497//4497 4498//4498 4569//4569 
f 4569//4569 4498//4498 4570//4570 
f 4498//4498 4499//4499 4570//4570 
f 4570//4570 4499//4499 4571//4571 
f 4499//4499 4500//4500 4571//4571 
f 4571//4571 4500//4500 4572//4572 
f 4500//4500 4500//4500 4572//4572 
f 4572//4572 4500//4500 4573//4573 
f 4500//4500 4501//4501 4573//4573 
f 4573//4573 4501//4501 4574//4574 
f 4501//4501 4502//4502 4574//4574 
f 4574//4574 4502//4502 4575//4575 
f 4502//4502 4503//4503 4575//4575 
f 4575//4575 4503//4503 4576//4576 
f 4503//4503 4504//4504 4576//4576 
f 4576//4576 4504//4504 4577//4577 
f 4504//4504 4505//4505 4577//4577 
f 4577//4577 4505//4505 4578//4578 
f 4505//4505 4506//4506 4578//4578 
f 4578//4578 4506//4506 4579//4579 
f 4506//4506 4507//4507 4579//4579 
f 4579//4579 4507//4507 4580//4580 
f 4507//4507 4508//4508 4580//4580 
f 4580//4580 4508//4508 4581//4581 
f 4508//4508 4509//4509 4581//4581 
f 4581//4581 4509//4509 4582//4582 
f 4509//4509 4510//4510 4582//4582 
f 4582//4582 4510//4510 4583//4583 
f 4510//4510 4511//4511 4583//4583 
f 4583//4583 4511//4511 4584//4584 
f 4511//4511 4512//4512 4584//4584 
f 4584//4584 4512//4512 4585//4585 
f 4512//4512 4513//4513 4585//4585 
f 4585//4585 4513//4513 4586//4586 
f 4513//4513 4514//4514 4586//4586 
f 4586//4586 4514//4514 4587//4587 
f 4514//4514 4515//4515 4587//4587 
f 4587//4587 4515//4515 4588//4588 
f 4515//4515 4516//4516 4588//4588 
f 4588//4588 4516//4516 4589//4589 
f 4516//4516 4517//4517 4589//4589 
f 4589//4589 4517//4517 4590//4590 
f 4517//4517 4518//4518 4590//4590 
f 4590//4590 4518//4518 4591//4591 
f 4518//4518 4519//4519 4591//4591 
f 4591//4591 4519//4519 4592//4592 
f 4519//4519 4520//4520 4592//4592 
f 4592//4592 4520//4520 4593//4593 
f 4520//4520 4521//4521 4593//4593 
f 4593//4593 4521//4521 4594//4594 
f 4521//4521 4522//4522 4594//4594 
f 4594//4594 4522//4522 4595//4595 
f 4522//4522 4523//4523 4595//4595 
f 4595//4595 4523//4523 4596//4596 
f 4523//4523 4524//4524 4596//4596 
f 4596//4596 4524//4524 4597//4597 
f 4524//4524 4525//4525 4597//4597 
f 4597//4597 4525//4525 4598//4598 
f 4525//4525 4526//4526 4598//4598 
f 4598//4598 4526//4526 4599//4599 
f 4526//4526 4527//4527 4599//4599 
f 4599//4599 4527//4527 4600//4600 
f 4527//4527 4528//4528 4600//4600 
f 4600//4600 4528//4528 4601//4601 
f 4528//4528 4529//4529 4601//4601 
f 4601//4601 4529//4529 4602//4602 
f 4529//4529 4530//4530 4602//4602 
f 4602//4602 4530//4530 4603//4603 
f 4530//4530 4531//4531 4603//4603 
f 4603//4603 4531//4531 4604//4604 
f 4531//4531 4532//4532 4604//4604 
f 4604//4604 4532//4532 4605//4605 
f 4532//4532 4533//4533 4605//4605 
f 4605//4605 4533//4533 4606//4606 
f 4533//4533 4534//4534 4606//4606 
f 4606//4606 4534//4534 4607//4607 
f 4534//4534 4535//4535 4607//4607 
f 4607//4607 4535//4535 4608//4608 
f 4535//4535 4536//4536 4608//4608 
f 4608//4608 4536//4536 4609//4609 
f 4536//4536 4537//4537 4609//4609 
f 4609//4609 4537//4537 4610//4610 
f 4537//4537 4538//4538 4610//4610 
f 4610//4610 4538//4538 4611//4611 
f 4538//4538 4539//4539 4611//4611 
f 4611//4611 4539//4539 4612//4612 
f 4539//4539 4540//4540 4612//4612 
f 4612//4612 4540//4540 4613//4613 
f 4540//4540 4540//4540 4613//4613 
f 4613//4613 4540//4540 4614//4614 
f 4540//4540 4541//4541 4614//4614 
f 4614//4614 4541//4541 4615//4615 
f 4541//4541 4542//4542 4615//4615 
f 4615//4615 4542//4542 4616//4616 
f 4542//4542 4543//4543 4616//4616 
f 4616//4616 4543//4543 4617//4617 
f 4543//4543 4544//4544 4617//4617 
f 4617//4617 4544//4544 4618//4618 
f 4544//4544 4545//4545 4618//4618 
f 4618//4618 4545//4545 4619//4619 
f 4545//4545 4546//4546 4619//4619 
f 4619//4619 4546//4546 4620//4620 
f 4546//4546 4547//4547 4620//4620 
f 4620//4620 4547//4547 4621//4621 
f 4547//4547 4548//4548 4621//4621 
f 4621//4621 4548//4548 4622//4622 
f 4548//4548 4549//4549 4622//4622 
f 4622//4622 4549//4549 4623//4623 
f 4549//4549 4550//4550 4623//4623 
f 4623//4623 4550//4550 4624//4624 
f 4550//4550 4551//4551 4624//4624 
f 4624//4624 4551//4551 4625//4625 
f 4551//4551 4552//4552 4625//4625 
f 4625//4625 4552//4552 4626//4626 
f 4552//4552 4553//4553 4626//4626 
f 4626//4626 4553//4553 4626//4626 
f 4553//4553 4557//4557 4626//4626 
f 4626//4626 4557//4557 4627//4627 
f 4557//4557 4558//4558 4627//4627 
f 4627//4627 4558//4558 4627//4627 
f 4558//4558 4559//4559 4627//4627 
f 4627//4627 4559//4559 4628//4628 
f 4559//4559 4560//4560 4628//4628 
f 4628//4628 4560//4560 4629//4629 
f 4560//4560 4561//4561 4629//4629 
f 4629//4629 4561//4561 4630//4630 
f 4561//4561 4562//4562 4630//4630 
f 4630//4630 4562//4562 4631//4631 
f 4562//4562 4563//4563 4631//4631 
f 4631//4631 4563//4563 4632//4632 
f 4563//4563 4564//4564 4632//4632 
f 4632//4632 4564//4564 4633//4633 
f 4564//4564 4565//4565 4633//4633 
f 4633//4633 4565//4565 4634//4634 
f 4565//4565 4566//4566 4634//4634 
f 4634//4634 4566//4566 4635//4635 
f 4566//4566 4567//4567 4635//4635 
f 4635//4635 4567//4567 4636//4636 
f 4567//4567 4568//4568 4636//4636 
f 4636//4636 4568//4568 4637//4637 
f 4568//4568 4569//4569 4637//4637 
f 4637//4637 4569//4569 4638//4638 
f 4569//4569 4570//4570 4638//4638 
f 4638//4638 4570//4570 4639//4639 
f 4570//4570 4571//4571 4639//4639 
f 4639//4639 4571//4571 4640//4640 
f 4571//4571 4572//4572 4640//4640 
f 4640//4640 4572//4572 4641//4641 
f 4572//4572 4572//4572 4641//4641 
f 4641//4641 4572//4572 4642//4642 
f 4572//4572 4573//4573 4642//4642 
f 4642//4642 4573//4573 4643//4643 
f 4573//4573 4574//4574 4643//4643 
f 4643//4643 4574//4574 4644//4644 
f 4574//4574 4575//4575 4644//4644 
f 4644//4644 4575//4575 4645//4645 
f 4575//4575 4576//4576 4645//4645 
f 4645//4645 4576//4576 4646//4646 
f 4576//4576 4577//4577 4646//4646 
f 4646//4646 4577//4577 4647//4647 
f 4577//4577 4578//4578 4647//4647 
f 4647//4647 4578//4578 4648//4648 
f 4578//4578 4579//4579 4648//4648 
f 4648//4648 4579//4579 4649//4649 
f 4579//4579 4580//4580 4649//4649 
f 4649//4649 4580//4580 4650//4650 
f 4580//4580 4581//4581 4650//4650 
f 4650//4650 4581//4581 4651//4651 
f 4581//4581 4582//4582 4651//4651 
f 4651//4651 4582//4582 4652//4652 
f 4582//4582 4583//4583 4652//4652 
f 4652//4652 4583//4583 4653//4653 
f 4583//4583 4584//4584 4653//4653 
f 4653//4653 4584//4584 4654//4654 
f 4584//4584 4585//4585 4654//4654 
f 4654//4654 4585//4585 4655//4655 
f 4585//4585 4586//4586 4655//4655 
f 4655//4655 4586//4586 4656//4656 
f 4586//4586 4587//4587 4656//4656 
f 4656//4656 4587//4587 4657//4657 
f 4587//4587 4588//4588 4657//4657 
f 4657//4657 4588//4588 4658//4658 
f 4588//4588 4589//4589 4658//4658 
f 4658//4658 4589//4589 4659//4659 
f 4589//4589 4590//4590 4659//4659 
f 4659//4659 4590//4590 4660//4660 
f 4590//4590 4591//4591 4660//4660 
f 4660//4660 4591//4591 4661//4661 
f 4591//4591 4592//4592 4661//4661 
f 4661//4661 4592//4592 4662//4662 
f 4592//4592 4593//4593 4662//4662 
f 4662//4662 4593//4593 4663//4663 
f 4593//4593 4594//4594 4663//4663 
f 4663//4663 4594//4594 4664//4664 
f 4594//4594 4595//4595 4664//4664 
f 4664//4664 4595//4595 4665//4665 
f 4595//4595 4596//4596 4665//4665 
f 4665//4665 4596//4596 4666//4666 
f 4596//4596 4597//4597 4666//4666 
f 4666//4666 4597//4597 4667//4667 
f 4597//4597 4598//4598 4667//4667 
f 4667//4667 4598//4598 4668//4668 
f 4598//4598 4599//4599 4668//4668 
f 4668//4668 4599//4599 4669//4669 
f 4599//4599 4600//4600 4669//4669 
f 4669//4669 4600//4600 4670//4670 
f 4600//4600 4601//4601 4670//4670 
f 4670//4670 4601//4601 4671//4671 
f 4601//4601 4602//4602 4671//4671 
f 4671//4671 4602//4602 4672//4672 
f 4602//4602 4603//4603 4672//4672 
f 4672//4672 4603//4603 4673//4673 
f 4603//4603 4604//4604 4673//4673 
f 4673//4673 4604//4604 4674//4674 
f 4604//4604 4605//4605 4674//4674 
f 4674//4674 4605//4605 4675//4675 
f 4605//4605 4606//4606 4675//4675 
f 4675//4675 4606//4606 4676//4676 
f 4606//4606 4607//4607 4676//4676 
f 4676//4676 4607//4607 4677//4677 
f 4607//4607 4608//4608 4677//4677 
f 4677//4677 4608//4608 4678//4678 
f 4608//4608 4609//4609 4678//4678 
f 4678//4678 4609//4609 4679//4679 
f 4609//4609 4610//4610 4679//4679 
f 4679//4679 4610//4610 4680//4680 
f 4610//4610 4611//4611 4680//4680 
f 4680//4680 4611//4611 4681//4681 
f 4611//4611 4612//4612 4681//4681 
f 4681//4681 4612//4612 4682//4682 
f 4612//4612 4613//4613 4682//4682 
f 4682//4682 4613//4613 4683//4683 
f 4613//4613 4613//4613 4683//4683 
f 4683//4683 4613//4613 4684//4684 
f 4613//4613 4614//4614 4684//4684 
f 4684//4684 4614//4614 4685//4685 
f 4614//4614 4615//4615 4685//4685 
f 4685//4685 4615//4615 4686//4686 
f 4615//4615 4616//4616 4686//4686 
f 4686//4686 4616//4616 4687//4687 
f 4616//4616 4617//4617 4687//4687 
f 4687//4687 4617//4617 4688//4688 
f 4617//4617 4618//4618 4688//4688 
f 4688//4688 4618//4618 4689//4689 
f 4618//4618 4619//4619 4689//4689 
f 4689//4689 4619//4619 4690//4690 
f 4619//4619 4620//4620 4690//4690 
f 4690//4690 4620//4620 4691//4691 
f 4620//4620 4621//4621 4691//4691 
f 4691//4691 4621//4621 4692//4692 
f 4621//4621 4622//4622 4692//4692 
f 4692//4692 4622//4622 4693//4693 
f 4622//4622 4623//4623 4693//4693 
f 4693//4693 4623//4623 4694//4694 
f 4623//4623 4624//4624 4694//4694 
f 4694//4694 4624//4624 4695//4695 
f 4624//4624 4625//4625 4695//4695 
f 4695//4695 4625//4625 4696//4696 
f 4625//4625 4626//4626 4696//4696 
f 4696//4696 4626//4626 4696//4696 
f 4626//4626 4627//4627 4696//4696 
f 4696//4696 4627//4627 4696//4696 
f 4627//4627 4628//4628 4696//4696 
f 4696//4696 4628//4628 4697//4697 
f 4628//4628 4629//4629 4697//4697 
f 4697//4697 4629//4629 4698//4698 
f 4629//4629 4630//4630 4698//4698 
f 4698//4698 4630//4630 4699//4699 
f 4630//4630 4631//4631 4699//4699 
f 4699//4699 4631//4631 4700//4700 
f 4631//4631 4632//4632 4700//4700 
f 4700//4700 4632//4632 4701//4701 
f 4632//4632 4633//4633 4701//4701 
f 4701//4701 4633//4633 4702//4702 
f 4633//4633 4634//4634 4702//4702 
f 4702//4702 4634//4634 4703//4703 
f 4634//4634 4635//4635 4703//4703 
f 4703//4703 4635//4635 4704//4704 
f 4635//4635 4636//4636 4704//4704 
f 4704//4704 4636//4636 4705//4705 
f 4636//4636 4637//4637 4705//4705 
f 4705//4705 4637//4637 4706//4706 
f 4637//4637 4638//4638 4706//4706 
f 4706//4706 4638//4638 4707//4707 
f 4638//4638 4639//4639 4707//4707 
f 4707//4707 4639//4639 4708//4708 
f 4639//4639 4640//4640 4708//4708 
f 4708//4708 4640//4640 4709//4709 
f 4640//4640 4641//4641 4709//4709 
f 4709//4709 4641//4641 4710//4710 
f 4641//4641 4641//4641 4710//4710 
f 4710//4710 4641//4641 4711//4711 
f 4641//4641 4642//4642 4711//4711 
f 4711//4711 4642//4642 4712//4712 
f 4642//4642 4643//4643 4712//4712 
f 4712//4712 4643//4643 4713//4713 
f 4643//4643 4644//4644 4713//4713 
f 4713//4713 4644//4644 4714//4714 
f 4644//4644 4645//4645 4714//4714 
f 4714//4714 4645//4645 4715//4715 
f 4645//4645 4646//4646 4715//4715 
f 4715//4715 4646//4646 4716//4716 
f 4646//4646 4647//4647 4716//4716 
f 4716//4716 4647//4647 4717//4717 
f 4647//4647 4648//4648 4717//4717 
f 4717//4717 4648//4648 4718//4718 
f 4648//4648 4649//4649 4718//4718 
f 4718//4718 4649//4649 4719//4719 
f 4649//4649 4650//4650 4719//4719 
f 4719//4719 4650//4650 4720//4720 
f 4650//4650 4651//4651 4720//4720 
f 4720//4720 4651//4651 4721//4721 
f 4651//4651 4652//4652 4721//4721 
f 4721//4721 4652//4652 4722//4722 
f 4652//4652 4653//4653 4722//4722 
f 4722//4722 4653//4653 4723//4723 
f 4653//4653 4654//4654 4723//4723 
f 4723//4723 4654//4654 4724//4724 
f 4654//4654 4655//4655 4724//4724 
f 4724//4724 4655//4655 4725//4725 
f 4655//4655 4656//4656 4725//4725 
f 4725//4725 4656//4656 4726//4726 
f 4656//4656 4657//4657 4726//4726 
f 4726//4726 4657//4657 4727//4727 
f 4657//4657 4658//4658 4727//4727 
f 4727//4727 4658//4658 4728//4728 
f 4658//4658 4659//4659 4728//4728 
f 4728//4728 4659//4659 4729//4729 
f 4659//4659 4660//4660 4729//4729 
f 4729//4729 4660//4660 4730//4730 
f 4660//4660 4661//4661 4730//4730 
f 4730//4730 4661//4661 4731//4731 
f 4661//4661 4662//4662 4731//4731 
f 4731//4731 4662//4662 4732//4732 
f 4662//4662 4663//4663 4732//4732 
f 4732//4732 4663//4663 4733//4733 
f 4663//4663 4664//4664 4733//4733 
f 4733//4733 4664//4664 4734//4734 
f 4664//4664 4665//4665 4734//4734 
f 4734//4734 4665//4665 4735//4735 
f 4665//4665 4666//4666 4735//4735 
f 4735//4735 4666//4666 4736//4736 
f 4666//4666 4667//4667 4736//4736 
f 4736//4736 4667//4667 4737//4737 
f 4667//4667 4668//4668 4737//4737 
f 4737//4737 4668//4668 4738//4738 
f 4668//4668 4669//4669 4738//4738 
f 4738//4738 4669//4669 4739//4739 
f 4669//4669 4670//4670 4739//4739 
f 4739//4739 4670//4670 4740//4740 
f 4670//4670 4671//4671 4740//4740 
f 4740//4740 4671//4671 4741//4741 
f 4671//4671 4672//4672 4741//4741 
f 4741//4741 4672//4672 4742//4742 
f 4672//4672 4673//4673 4742//4742 
f 4742//4742 4673//4673 4743//4743 
f 4673//4673 4674//4674 4743//4743 
f 4743//4743 4674//4674 4744//4744 
f 4674//4674 4675//4675 4744//4744 
f 4744//4744 4675//4675 4745//4745 
f 4675//4675 4676//4676 4745//4745 
f 4745//4745 4676//4676 4746//4746 
f 4676//4676 4677//4677 4746//4746 
f 4746//4746 4677//4677 4747//4747 
f 4677//4677 4678//4678 4747//4747 
f 4747//4747 4678//4678 4748//4748 
f 4678//4678 4679//4679 4748//4748 
f 4748//4748 4679//4679 4749//4749 
f 4679//4679 4680//4680 4749//4749 
f 4749//4749 4680//4680 4750//4750 
f 4680//4680 4681//4681 4750//4750 
f 4750//4750 4681//4681 4751//4751 
f 4681//4681 4682//4682 4751//4751 
f 4751//4751 4682//4682 4752//4752 
f 4682//4682 4683//4683 4752//4752 
f 4752//4752 4683//4683 4753//4753 
f 4683//4683 4683//4683 4753//4753 
f 4753//4753 4683//4683 4754//4754 
f 4683//4683 4684//4684 4754//4754 
f 4754//4754 4684//4684 4755//4755 
f 4684//4684 4685//4685 4755//4755 
f 4755//4755 4685//4685 4756//4756 
f 4685//4685 4686//4686 4756//4756 
f 4756//4756 4686//4686 4757//4757 
f 4686//4686 4687//4687 4757//4757 
f 4757//4757 4687//4687 4758//4758 
f 4687//4687 4688//4688 4758//4758 
f 4758//4758 4688//4688 4759//4759 
f 4688//4688 4689//4689 4759//4759 
f 4759//4759 4689//4689 4760//4760 
f 4689//4689 4690//4690 4760//4760 
f 4760//4760 4690//4690 4761//4761 
f 4690//4690 4691//4691 4761//4761 
f 4761//4761 4691//4691 4762//4762 
f 4691//4691 4692//4692 4762//4762 
f 4762//4762 4692//4692 4763//4763 
f 4692//4692 4693//4693 4763//4763 
f 4763//4763 4693//4693 4764//4764 
f 4693//4693 4694//4694 4764//4764 
f 4764//4764 4694//4694 4765//4765 
f 4694//4694 4695//4695 4765//4765 
f 4765//4765 4695//4695 4697//4697 
f 4695//4695 4696//4696 4697//4697 
f 4697//4697 4696//4696 4696//4696 
f 4696//4696 4558//4558 4696//4696 
f 4696//4696 4558//4558 4558//4558 
f 4558//4558 4557//4557 4558//4558 
f 4558//4558 4557//4557 4556//4556 
f 4557//4557 4556//4556 4556//4556 
f 4556//4556 4556//4556 4697//4697 
f 4556//4556 4697//4697 4697//4697 
f 4697//4697 4697//4697 4765//4765 
f 4697//4697 4698//4698 4765//4765 
f 4765//4765 4698//4698 4766//4766 
f 4698//4698 4699//4699 4766//4766 
f 4766//4766 4699//4699 4767//4767 
f 4699//4699 4700//4700 4767//4767 
f 4767//4767 4700//4700 4768//4768 
f 4700//4700 4701//4701 4768//4768 
f 4768//4768 4701//4701 4769//4769 
f 4701//4701 4702//4702 4769//4769 
f 4769//4769 4702//4702 4770//4770 
f 4702//4702 4703//4703 4770//4770 
f 4770//4770 4703//4703 4771//4771 
f 4703//4703 4704//4704 4771//4771 
f 4771//4771 4704//4704 4772//4772 
f 4704//4704 4705//4705 4772//4772 
f 4772//4772 4705//4705 4773//4773 
f 4705//4705 4706//4706 4773//4773 
f 4773//4773 4706//4706 4774//4774 
f 4706//4706 4707//4707 4774//4774 
f 4774//4774 4707//4707 4775//4775 
f 4707//4707 4708//4708 4775//4775 
f 4775//4775 4708//4708 4776//4776 
f 4708//4708 4709//4709 4776//4776 
f 4776//4776 4709//4709 4777//4777 
f 4709//4709 4710//4710 4777//4777 
f 4777//4777 4710//4710 4778//4778 
f 4710//4710 4710//4710 4778//4778 
f 4778//4778 4710//4710 4779//4779 
f 4710//4710 4711//4711 4779//4779 
f 4779//4779 4711//4711 4780//4780 
f 4711//4711 4712//4712 4780//4780 
f 4780//4780 4712//4712 4781//4781 
f 4712//4712 4713//4713 4781//4781 
f 4781//4781 4713//4713 4782//4782 
f 4713//4713 4714//4714 4782//4782 
f 4782//4782 4714//4714 4783//4783 
f 4714//4714 4715//4715 4783//4783 
f 4783//4783 4715//4715 4784//4784 
f 4715//4715 4716//4716 4784//4784 
f 4784//4784 4716//4716 4785//4785 
f 4716//4716 4717//4717 4785//4785 
f 4785//4785 4717//4717 4786//4786 
f 4717//4717 4718//4718 4786//4786 
f 4786//4786 4718//4718 4787//4787 
f 4718//4718 4719//4719 4787//4787 
f 4787//4787 4719//4719 4788//4788 
f 4719//4719 4720//4720 4788//4788 
f 4788//4788 4720//4720 4789//4789 
f 4720//4720 4721//4721 4789//4789 
f 4789//4789 4721//4721 4790//4790 
f 4721//4721 4722//4722 4790//4790 
f 4790//4790 4722//4722 4791//4791 
f 4722//4722 4723//4723 4791//4791 
f 4791//4791 4723//4723 4792//4792 
f 4723//4723 4724//4724 4792//4792 
f 4792//4792 4724//4724 4793//4793 
f 4724//4724 4725//4725 4793//4793 
f 4793//4793 4725//4725 4794//4794 
f 4725//4725 4726//4726 4794//4794 
f 4794//4794 4726//4726 4795//4795 
f 4726//4726 4727//4727 4795//4795 
f 4795//4795 4727//4727 4796//4796 
f 4727//4727 4728//4728 4796//4796 
f 4796//4796 4728//4728 4797//4797 
f 4728//4728 4729//4729 4797//4797 
f 4797//4797 4729//4729 4798//4798 
f 4729//4729 4730//4730 4798//4798 
f 4798//4798 4730//4730 4799//4799 
f 4730//4730 4731//4731 4799//4799 
f 4799//4799 4731//4731 4800//4800 
f 4731//4731 4732//4732 4800//4800 
f 4800//4800 4732//4732 4801//4801 
f 4732//4732 4733//4733 4801//4801 
f 4801//4801 4733//4733 4802//4802 
f 4733//4733 4734//4734 4802//4802 
f 4802//4802 4734//4734 4803//4803 
f 4734//4734 4735//4735 4803//4803 
f 4803//4803 4735//4735 4804//4804 
f 4735//4735 4736//4736 4804//4804 
f 4804//4804 4736//4736 4805//4805 
f 4736//4736 4737//4737 4805//4805 
f 4805//4805 4737//4737 4806//4806 
f 4737//4737 4738//4738 4806//4806 
f 4806//4806 4738//4738 4807//4807 
f 4738//4738 4739//4739 4807//4807 
f 4807//4807 4739//4739 4808//4808 
f 4739//4739 4740//4740 4808//4808 
f 4808//4808 4740//4740 4809//4809 
f 4740//4740 4741//4741 4809//4809 
f 4809//4809 4741//4741 4810//4810 
f 4741//4741 4742//4742 4810//4810 
f 4810//4810 4742//4742 4811//4811 
f 4742//4742 4743//4743 4811//4811 
f 4811//4811 4743//4743 4812//4812 
f 4743//4743 4744//4744 4812//4812 
f 4812//4812 4744//4744 4813//4813 
f 4744//4744 4745//4745 4813//4813 
f 4813//4813 4745//4745 4814//4814 
f 4745//4745 4746//4746 4814//4814 
f 4814//4814 4746//4746 4815//4815 
f 4746//4746 4747//4747 4815//4815 
f 4815//4815 4747//4747 4816//4816 
f 4747//4747 4748//4748 4816//4816 
f 4816//4816 4748//4748 4817//4817 
f 4748//4748 4749//4749 4817//4817 
f 4817//4817 4749//4749 4818//4818 
f 4749//4749 4750//4750 4818//4818 
f 4818//4818 4750//4750 4819//4819 
f 4750//4750 4751//4751 4819//4819 
f 4819//4819 4751//4751 4820//4820 
f 4751//4751 4752//4752 4820//4820 
f 4820//4820 4752//4752 4821//4821 
f 4752//4752 4753//4753 4821//4821 
f 4821//4821 4753//4753 4822//4822 
f 4753//4753 4753//4753 4822//4822 
f 4822//4822 4753//4753 4823//4823 
f 4753//4753 4754//4754 4823//4823 
f 4823//4823 4754//4754 4824//4824 
f 4754//4754 4755//4755 4824//4824 
f 4824//4824 4755//4755 4825//4825 
f 4755//4755 4756//4756 4825//4825 
f 4825//4825 4756//4756 4826//4826 
f 4756//4756 4757//4757 4826//4826 
f 4826//4826 4757//4757 4827//4827 
f 4757//4757 4758//4758 4827//4827 
f 4827//4827 4758//4758 4828//4828 
f 4758//4758 4759//4759 4828//4828 
f 4828//4828 4759//4759 4829//4829 
f 4759//4759 4760//4760 4829//4829 
f 4829//4829 4760//4760 4830//4830 
f 4760//4760 4761//4761 4830//4830 
f 4830//4830 4761//4761 4831//4831 
f 4761//4761 4762//4762 4831//4831 
f 4831//4831 4762//4762 4832//4832 
f 4762//4762 4763//4763 4832//4832 
f 4832//4832 4763//4763 4833//4833 
f 4763//4763 4764//4764 4833//4833 
f 4833//4833 4764//4764 4766//4766 
f 4764//4764 4765//4765 4766//4766 
f 4766//4766 4765//4765 4765//4765 
f 4765//4765 4766//4766 4765//4765 
f 4765//4765 4766//4766 4766//4766 
f 4766//4766 4767//4767 4766//4766 
f 4766//4766 4767//4767 4833//4833 
f 4767//4767 4834//4834 4833//4833 
f 4833//4833 4834//4834 4832//4832 
f 4834//4834 4835//4835 4832//4832 
f 4832//4832 4835//4835 4831//4831 
f 4835//4835 4831//4831 4831//4831 
f 4831//4831 4831//4831 4767//4767 
f 4831//4831 4767//4767 4767//4767 
f 4767//4767 4767//4767 4834//4834 
f 4767//4767 4768//4768 4834//4834 
f 4834//4834 4768//4768 4836//4836 
f 4768//4768 4769//4769 4836//4836 
f 4836//4836 4769//4769 4837//4837 
f 4769//4769 4770//4770 4837//4837 
f 4837//4837 4770//4770 4838//4838 
f 4770//4770 4771//4771 4838//4838 
f 4838//4838 4771//4771 4839//4839 
f 4771//4771 4772//4772 4839//4839 
f 4839//4839 4772//4772 4840//4840 
f 4772//4772 4773//4773 4840//4840 
f 4840//4840 4773//4773 4841//4841 
f 4773//4773 4774//4774 4841//4841 
f 4841//4841 4774//4774 4842//4842 
f 4774//4774 4775//4775 4842//4842 
f 4842//4842 4775//4775 4843//4843 
f 4775//4775 4776//4776 4843//4843 
f 4843//4843 4776//4776 4844//4844 
f 4776//4776 4777//4777 4844//4844 
f 4844//4844 4777//4777 4845//4845 
f 4777//4777 4778//4778 4845//4845 
f 4845//4845 4778//4778 4846//4846 
f 4778//4778 4778//4778 4846//4846 
f 4846//4846 4778//4778 4847//4847 
f 4778//4778 4779//4779 4847//4847 
f 4847//4847 4779//4779 4848//4848 
f 4779//4779 4780//4780 4848//4848 
f 4848//4848 4780//4780 4849//4849 
f 4780//4780 4781//4781 4849//4849 
f 4849//4849 4781//4781 4850//4850 
f 4781//4781 4782//4782 4850//4850 
f 4850//4850 4782//4782 4851//4851 
f 4782//4782 4783//4783 4851//4851 
f 4851//4851 4783//4783 4852//4852 
f 4783//4783 4784//4784 4852//4852 
f 4852//4852 4784//4784 4853//4853 
f 4784//4784 4785//4785 4853//4853 
f 4853//4853 4785//4785 4854//4854 
f 4785//4785 4786//4786 4854//4854 
f 4854//4854 4786//4786 4855//4855 
f 4786//4786 4787//4787 4855//4855 
f 4855//4855 4787//4787 4856//4856 
f 4787//4787 4788//4788 4856//4856 
f 4856//4856 4788//4788 4857//4857 
f 4788//4788 4789//4789 4857//4857 
f 4857//4857 4789//4789 4858//4858 
f 4789//4789 4790//4790 4858//4858 
f 4858//4858 4790//4790 4859//4859 
f 4790//4790 4791//4791 4859//4859 
f 4859//4859 4791//4791 4860//4860 
f 4791//4791 4792//4792 4860//4860 
f 4860//4860 4792//4792 4861//4861 
f 4792//4792 4793//4793 4861//4861 
f 4861//4861 4793//4793 4862//4862 
f 4793//4793 4794//4794 4862//4862 
f 4862//4862 4794//4794 4863//4863 
f 4794//4794 4795//4795 4863//4863 
f 4863//4863 4795//4795 4864//4864 
f 4795//4795 4796//4796 4864//4864 
f 4864//4864 4796//4796 4865//4865 
f 4796//4796 4797//4797 4865//4865 
f 4865//4865 4797//4797 4866//4866 
f 4797//4797 4798//4798 4866//4866 
f 4866//4866 4798//4798 4867//4867 
f 4798//4798 4799//4799 4867//4867 
f 4867//4867 4799//4799 4868//4868 
f 4799//4799 4800//4800 4868//4868 
f 4868//4868 4800//4800 4869//4869 
f 4800//4800 4801//4801 4869//4869 
f 4869//4869 4801//4801 4870//4870 
f 4801//4801 4802//4802 4870//4870 
f 4870//4870 4802//4802 4871//4871 
f 4802//4802 4803//4803 4871//4871 
f 4871//4871 4803//4803 4872//4872 
f 4803//4803 4804//4804 4872//4872 
f 4872//4872 4804//4804 4873//4873 
f 4804//4804 4805//4805 4873//4873 
f 4873//4873 4805//4805 4874//4874 
f 4805//4805 4806//4806 4874//4874 
f 4874//4874 4806//4806 4875//4875 
f 4806//4806 4807//4807 4875//4875 
f 4875//4875 4807//4807 4876//4876 
f 4807//4807 4808//4808 4876//4876 
f 4876//4876 4808//4808 4877//4877 
f 4808//4808 4809//4809 4877//4877 
f 4877//4877 4809//4809 4878//4878 
f 4809//4809 4810//4810 4878//4878 
f 4878//4878 4810//4810 4879//4879 
f 4810//4810 4811//4811 4879//4879 
f 4879//4879 4811//4811 4880//4880 
f 4811//4811 4812//4812 4880//4880 
f 4880//4880 4812//4812 4881//4881 
f 4812//4812 4813//4813 4881//4881 
f 4881//4881 4813//4813 4882//4882 
f 4813//4813 4814//4814 4882//4882 
f 4882//4882 4814//4814 4883//4883 
f 4814//4814 4815//4815 4883//4883 
f 4883//4883 4815//4815 4884//4884 
f 4815//4815 4816//4816 4884//4884 
f 4884//4884 4816//4816 4885//4885 
f 4816//4816 4817//4817 4885//4885 
f 4885//4885 4817//4817 4886//4886 
f 4817//4817 4818//4818 4886//4886 
f 4886//4886 4818//4818 4887//4887 
f 4818//4818 4819//4819 4887//4887 
f 4887//4887 4819//4819 4888//4888 
f 4819//4819 4820//4820 4888//4888 
f 4888//4888 4820//4820 4889//4889 
f 4820//4820 4821//4821 4889//4889 
f 4889//4889 4821//4821 4890//4890 
f 4821//4821 4822//4822 4890//4890 
f 4890//4890 4822//4822 4891//4891 
f 4822//4822 4822//4822 4891//4891 
f 4891//4891 4822//4822 4892//4892 
f 4822//4822 4823//4823 4892//4892 
f 4892//4892 4823//4823 4893//4893 
f 4823//4823 4824//4824 4893//4893 
f 4893//4893 4824//4824 4894//4894 
f 4824//4824 4825//4825 4894//4894 
f 4894//4894 4825//4825 4895//4895 
f 4825//4825 4826//4826 4895//4895 
f 4895//4895 4826//4826 4896//4896 
f 4826//4826 4827//4827 4896//4896 
f 4896//4896 4827//4827 4897//4897 
f 4827//4827 4828//4828 4897//4897 
f 4897//4897 4828//4828 4898//4898 
f 4828//4828 4829//4829 4898//4898 
f 4898//4898 4829//4829 4899//4899 
f 4829//4829 4830//4830 4899//4899 
f 4899//4899 4830//4830 4900//4900 
f 4830//4830 4831//4831 4900//4900 
f 4900//4900 4831//4831 4900//4900 
f 4831//4831 4835//4835 4900//4900 
f 4900//4900 4835//4835 4901//4901 
f 4835//4835 4836//4836 4901//4901 
f 4901//4901 4836//4836 4901//4901 
f 4836//4836 4837//4837 4901//4901 
f 4901//4901 4837//4837 4902//4902 
f 4837//4837 4838//4838 4902//4902 
f 4902//4902 4838//4838 4903//4903 
f 4838//4838 4839//4839 4903//4903 
f 4903//4903 4839//4839 4904//4904 
f 4839//4839 4840//4840 4904//4904 
f 4904//4904 4840//4840 4905//4905 
f 4840//4840 4841//4841 4905//4905 
f 4905//4905 4841//4841 4906//4906 
f 4841//4841 4842//4842 4906//4906 
f 4906//4906 4842//4842 4907//4907 
f 4842//4842 4843//4843 4907//4907 
f 4907//4907 4843//4843 4908//4908 
f 4843//4843 4844//4844 4908//4908 
f 4908//4908 4844//4844 4909//4909 
f 4844//4844 4845//4845 4909//4909 
f 4909//4909 4845//4845 4910//4910 
f 4845//4845 4846//4846 4910//4910 
f 4910//4910 4846//4846 4911//4911 
f 4846//4846 4846//4846 4911//4911 
f 4911//4911 4846//4846 4912//4912 
f 4846//4846 4847//4847 4912//4912 
f 4912//4912 4847//4847 4913//4913 
f 4847//4847 4848//4848 4913//4913 
f 4913//4913 4848//4848 4914//4914 
f 4848//4848 4849//4849 4914//4914 
f 4914//4914 4849//4849 4915//4915 
f 4849//4849 4850//4850 4915//4915 
f 4915//4915 4850//4850 4916//4916 
f 4850//4850 4851//4851 4916//4916 
f 4916//4916 4851//4851 4917//4917 
f 4851//4851 4852//4852 4917//4917 
f 4917//4917 4852//4852 4918//4918 
f 4852//4852 4853//4853 4918//4918 
f 4918//4918 4853//4853 4919//4919 
f 4853//4853 4854//4854 4919//4919 
f 4919//4919 4854//4854 4920//4920 
f 4854//4854 4855//4855 4920//4920 
f 4920//4920 4855//4855 4921//4921 
f 4855//4855 4856//4856 4921//4921 
f 4921//4921 4856//4856 4922//4922 
f 4856//4856 4857//4857 4922//4922 
f 4922//4922 4857//4857 4923//4923 
f 4857//4857 4858//4858 4923//4923 
f 4923//4923 4858//4858 4924//4924 
f 4858//4858 4859//4859 4924//4924 
f 4924//4924 4859//4859 4925//4925 
f 4859//4859 4860//4860 4925//4925 
f 4925//4925 4860//4860 4926//4926 
f 4860//4860 4861//4861 4926//4926 
f 4926//4926 4861//4861 4927//4927 
f 4861//4861 4862//4862 4927//4927 
f 4927//4927 4862//4862 4928//4928 
f 4862//4862 4863//4863 4928//4928 
f 4928//4928 4863//4863 4929//4929 
f 4863//4863 4864//4864 4929//4929 
f 4929//4929 4864//4864 4930//4930 
f 4864//4864 4865//4865 4930//4930 
f 4930//4930 4865//4865 4931//4931 
f 4865//4865 4866//4866 4931//4931 
f 4931//4931 4866//4866 4932//4932 
f 4866//4866 4867//4867 4932//4932 
f 4932//4932 4867//4867 4933//4933 
f 4867//4867 4868//4868 4933//4933 
f 4933//4933 4868//4868 4934//4934 
f 4868//4868 4869//4869 4934//4934 
f 4934//4934 4869//4869 4935//4935 
f 4869//4869 4870//4870 4935//4935 
f 4935//4935 4870//4870 4936//4936 
f 4870//4870 4871//4871 4936//4936 
f 4936//4936 4871//4871 4937//4937 
f 4871//4871 4872//4872 4937//4937 
f 4937//4937 4872//4872 4938//4938 
f 4872//4872 4873//4873 4938//4938 
f 4938//4938 4873//4873 4939//4939 
f 4873//4873 4874//4874 4939//4939 
f 4939//4939 4874//4874 4940//4940 
f 4874//4874 4875//4875 4940//4940 
f 4940//4940 4875//4875 4941//4941 
f 4875//4875 4876//4876 4941//4941 
f 4941//4941 4876//4876 4942//4942 
f 4876//4876 4877//4877 4942//4942 
f 4942//4942 4877//4877 4943//4943 
f 4877//4877 4878//4878 4943//4943 
f 4943//4943 4878//4878 4944//4944 
f 4878//4878 4879//4879 4944//4944 
f 4944//4944 4879//4879 4945//4945 
f 4879//4879 4880//4880 4945//4945 
f 4945//4945 4880//4880 4946//4946 
f 4880//4880 4881//4881 4946//4946 
f 4946//4946 4881//4881 4947//4947 
f 4881//4881 4882//4882 4947//4947 
f 4947//4947 4882//4882 4948//4948 
f 4882//4882 4883//4883 4948//4948 
f 4948//4948 4883//4883 4949//4949 
f 4883//4883 4884//4884 4949//4949 
f 4949//4949 4884//4884 4950//4950 
f 4884//4884 4885//4885 4950//4950 
f 4950//4950 4885//4885 4951//4951 
f 4885//4885 4886//4886 4951//4951 
f 4951//4951 4886//4886 4952//4952 
f 4886//4886 4887//4887 4952//4952 
f 4952//4952 4887//4887 4953//4953 
f 4887//4887 4888//4888 4953//4953 
f 4953//4953 4888//4888 4954//4954 
f 4888//4888 4889//4889 4954//4954 
f 4954//4954 4889//4889 4955//4955 
f 4889//4889 4890//4890 4955//4955 
f 4955//4955 4890//4890 4956//4956 
f 4890//4890 4891//4891 4956//4956 
f 4956//4956 4891//4891 4957//4957 
f 4891//4891 4891//4891 4957//4957 
f 4957//4957 4891//4891 4958//4958 
f 4891//4891 4892//4892 4958//4958 
f 4958//4958 4892//4892 4959//4959 
f 4892//4892 4893//4893 4959//4959 
f 4959//4959 4893//4893 4960//4960 
f 4893//4893 4894//4894 4960//4960 
f 4960//4960 4894//4894 4961//4961 
f 4894//4894 4895//4895 4961//4961 
f 4961//4961 4895//4895 4962//4962 
f 4895//4895 4896//4896 4962//4962 
f 4962//4962 4896//4896 4963//4963 
f 4896//4896 4897//4897 4963//4963 
f 4963//4963 4897//4897 4964//4964 
f 4897//4897 4898//4898 4964//4964 
f 4964//4964 4898//4898 4965//4965 
f 4898//4898 4899//4899 4965//4965 
f 4965//4965 4899//4899 4966//4966 
f 4899//4899 4900//4900 4966//4966 
f 4966//4966 4900//4900 4966//4966 
f 4900//4900 4901//4901 4966//4966 
f 4966//4966 4901//4901 4966//4966 
f 4901//4901 4902//4902 4966//4966 
f 4966//4966 4902//4902 4967//4967 
f 4902//4902 4903//4903 4967//4967 
f 4967//4967 4903//4903 4968//4968 
f 4903//4903 4904//4904 4968//4968 
f 4968//4968 4904//4904 4969//4969 
f 4904//4904 4905//4905 4969//4969 
f 4969//4969 4905//4905 4970//4970 
f 4905//4905 4906//4906 4970//4970 
f 4970//4970 4906//4906 4971//4971 
f 4906//4906 4907//4907 4971//4971 
f 4971//4971 4907//4907 4972//4972 
f 4907//4907 4908//4908 4972//4972 
f 4972//4972 4908//4908 4973//4973 
f 4908//4908 4909//4909 4973//4973 
f 4973//4973 4909//4909 4974//4974 
f 4909//4909 4910//4910 4974//4974 
f 4974//4974 4910//4910 4975//4975 
f 4910//4910 4911//4911 4975//4975 
f 4975//4975 4911//4911 4976//4976 
f 4911//4911 4911//4911 4976//4976 
f 4976//4976 4911//4911 4977//4977 
f 4911//4911 4912//4912 4977//4977 
f 4977//4977 4912//4912 4978//4978 
f 4912//4912 4913//4913 4978//4978 
f 4978//4978 4913//4913 4979//4979 
f 4913//4913 4914//4914 4979//4979 
f 4979//4979 4914//4914 4980//4980 
f 4914//4914 4915//4915 4980//4980 
f 4980//4980 4915//4915 4981//4981 
f 4915//4915 4916//4916 4981//4981 
f 4981//4981 4916//4916 4982//4982 
f 4916//4916 4917//4917 4982//4982 
f 4982//4982 4917//4917 4983//4983 
f 4917//4917 4918//4918 4983//4983 
f 4983//4983 4918//4918 4984//4984 
f 4918//4918 4919//4919 4984//4984 
f 4984//4984 4919//4919 4985//4985 
f 4919//4919 4920//4920 4985//4985 
f 4985//4985 4920//4920 4986//4986 
f 4920//4920 4921//4921 4986//4986 
f 4986//4986 4921//4921 4987//4987 
f 4921//4921 4922//4922 4987//4987 
f 4987//4987 4922//4922 4988//4988 
f 4922//4922 4923//4923 4988//4988 
f 4988//4988 4923//4923 4989//4989 
f 4923//4923 4924//4924 4989//4989 
f 4989//4989 4924//4924 4990//4990 
f 4924//4924 4925//4925 4990//4990 
f 4990//4990 4925//4925 4991//4991 
f 4925//4925 4926//4926 4991//4991 
f 4991//4991 4926//4926 4992//4992 
f 4926//4926 4927//4927 4992//4992 
f 4992//4992 4927//4927 4993//4993 
f 4927//4927 4928//4928 4993//4993 
f 4993//4993 4928//4928 4994//4994 
f 4928//4928 4929//4929 4994//4994 
f 4994//4994 4929//4929 4995//4995 
f 4929//4929 4930//4930 4995//4995 
f 4995//4995 4930//4930 4996//4996 
f 4930//4930 4931//4931 4996//4996 
f 4996//4996 4931//4931 4997//4997 
f 4931//4931 4932//4932 4997//4997 
f 4997//4997 4932//4932 4998//4998 
f 4932//4932 4933//4933 4998//4998 
f 4998//4998 4933//4933 4999//4999 
f 4933//4933 4934//4934 4999//4999 
f 4999//4999 4934//4934 5000//5000 
f 4934//4934 4935//4935 5000//5000 
f 5000//5000 4935//4935 5001//5001 
f 4935//4935 4936//4936 5001//5001 
f 5001//5001 4936//4936 5002//5002 
f 4936//4936 4937//4937 5002//5002 
f 5002//5002 4937//4937 5003//5003 
f 4937//4937 4938//4938 5003//5003 
f 5003//5003 4938//4938 5004//5004 
f 4938//4938 4939//4939 5004//5004 
f 5004//5004 4939//4939 5005//5005 
f 4939//4939 4940//4940 5005//5005 
f 5005//5005 4940//4940 5006//5006 
f 4940//4940 4941//4941 5006//5006 
f 5006//5006 4941//4941 5007//5007 
f 4941//4941 4942//4942 5007//5007 
f 5007//5007 4942//4942 5008//5008 
f 4942//4942 4943//4943 5008//5008 
f 5008//5008 4943//4943 5009//5009 
f 4943//4943 4944//4944 5009//5009 
f 5009//5009 4944//4944 5010//5010 
f 4944//4944 4945//4945 5010//5010 
f 5010//5010 4945//4945 5011//5011 
f 4945//4945 4946//4946 5011//5011 
f 5011//5011 4946//4946 5012//5012 
f 4946//4946 4947//4947 5012//5012 
f 5012//5012 4947//4947 5013//5013 
f 4947//4947 4948//4948 5013//5013 
f 5013//5013 4948//4948 5014//5014 
f 4948//4948 4949//4949 5014//5014 
f 5014//5014 4949//4949 5015//5015 
f 4949//4949 4950//4950 5015//5015 
f 5015//5015 4950//4950 5016//5016 
f 4950//4950 4951//4951 5016//5016 
f 5016//5016 4951//4951 5017//5017 
f 4951//4951 4952//4952 5017//5017 
f 5017//5017 4952//4952 5018//5018 
f 4952//4952 4953//4953 5018//5018 
f 5018//5018 4953//4953 5019//5019 
f 4953//4953 4954//4954 5019//5019 
f 5019//5019 4954//4954 5020//5020 
f 4954//4954 4955//4955 5020//5020 
f 5020//5020 4955//4955 5021//5021 
f 4955//4955 4956//4956 5021//5021 
f 5021//5021 4956//4956 5022//5022 
f 4956//4956 4957//4957 5022//5022 
f 5022//5022 4957//4957 5023//5023 
f 4957//4957 4957//4957 5023//5023 
f 5023//5023 4957//4957 5024//5024 
f 4957//4957 4958//4958 5024//5024 
f 5024//5024 4958//4958 5025//5025 
f 4958//4958 4959//4959 5025//5025 
f 5025//5025 4959//4959 5026//5026 
f 4959//4959 4960//4960 5026//5026 
f 5026//5026 4960//4960 5027//5027 
f 4960//4960 4961//4961 5027//5027 
f 5027//5027 4961//4961 5028//5028 
f 4961//4961 4962//4962 5028//5028 
f 5028//5028 4962//4962 5029//5029 
f 4962//4962 4963//4963 5029//5029 
f 5029//5029 4963//4963 5030//5030 
f 4963//4963 4964//4964 5030//5030 
f 5030//5030 4964//4964 5031//5031 
f 4964//4964 4965//4965 5031//5031 
f 5031//5031 4965//4965 4967//4967 
f 4965//4965 4966//4966 4967//4967 
f 4967//4967 4966//4966 4966//4966 
f 4966//4966 4836//4836 4966//4966 
f 4966//4966 4836//4836 4836//4836 
f 4836//4836 4835//4835 4836//4836 
f 4836//4836 4835//4835 4834//4834 
f 4835//4835 4834//4834 4834//4834 
f 4834//4834 4834//4834 4967//4967 
f 4834//4834 4967//4967 4967//4967 
f 4967//4967 4967//4967 5031//5031 
f 4967//4967 4968//4968 5031//5031 
f 5031//5031 4968//4968 5032//5032 
f 4968//4968 4969//4969 5032//5032 
f 5032//5032 4969//4969 5033//5033 
f 4969//4969 4970//4970 5033//5033 
f 5033//5033 4970//4970 5034//5034 
f 4970//4970 4971//4971 5034//5034 
f 5034//5034 4971//4971 5035//5035 
f 4971//4971 4972//4972 5035//5035 
f 5035//5035 4972//4972 5036//5036 
f 4972//4972 4973//4973 5036//5036 
f 5036//5036 4973//4973 5037//5037 
f 4973//4973 4974//4974 5037//5037 
f 5037//5037 4974//4974 5038//5038 
f 4974//4974 4975//4975 5038//5038 
f 5038//5038 4975//4975 5039//5039 
f 4975//4975 4976//4976 5039//5039 
f 5039//5039 4976//4976 5040//5040 
f 4976//4976 4976//4976 5040//5040 
f 5040//5040 4976//4976 5041//5041 
f 4976//4976 4977//4977 5041//5041 
f 5041//5041 4977//4977 5042//5042 
f 4977//4977 4978//4978 5042//5042 
f 5042//5042 4978//4978 5043//5043 
f 4978//4978 4979//4979 5043//5043 
f 5043//5043 4979//4979 5044//5044 
f 4979//4979 4980//4980 5044//5044 
f 5044//5044 4980//4980 5045//5045 
f 4980//4980 4981//4981 5045//5045 
f 5045//5045 4981//4981 5046//5046 
f 4981//4981 4982//4982 5046//5046 
f 5046//5046 4982//4982 5047//5047 
f 4982//4982 4983//4983 5047//5047 
f 5047//5047 4983//4983 5048//5048 
f 4983//4983 4984//4984 5048//5048 
f 5048//5048 4984//4984 5049//5049 
f 4984//4984 4985//4985 5049//5049 
f 5049//5049 4985//4985 5050//5050 
f 4985//4985 4986//4986 5050//5050 
f 5050//5050 4986//4986 5051//5051 
f 4986//4986 4987//4987 5051//5051 
f 5051//5051 4987//4987 5052//5052 
f 4987//4987 4988//4988 5052//5052 
f 5052//5052 4988//4988 5053//5053 
f 4988//4988 4989//4989 5053//5053 
f 5053//5053 4989//4989 5054//5054 
f 4989//4989 4990//4990 5054//5054 
f 5054//5054 4990//4990 5055//5055 
f 4990//4990 4991//4991 5055//5055 
f 5055//5055 4991//4991 5056//5056 
f 4991//4991 4992//4992 5056//5056 
f 5056//5056 4992//4992 5057//5057 
f 4992//4992 4993//4993 5057//5057 
f 5057//5057 4993//4993 5058//5058 
f 4993//4993 4994//4994 5058//5058 
f 5058//5058 4994//4994 5059//5059 
f 4994//4994 4995//4995 5059//5059 
f 5059//5059 4995//4995 5060//5060 
f 4995//4995 4996//4996 5060//5060 
f 5060//5060 4996//4996 5061//5061 
f 4996//4996 4997//4997 5061//5061 
f 5061//5061 4997//4997 5062//5062 
f 4997//4997 4998//4998 5062//5062 
f 5062//5062 4998//4998 5063//5063 
f 4998//4998 4999//4999 5063//5063 
f 5063//5063 4999//4999 5064//5064 
f 4999//4999 5000//5000 5064//5064 
f 5064//5064 5000//5000 5065//5065 
f 5000//5000 5001//5001 5065//5065 
f 5065//5065 5001//5001 5066//5066 
f 5001//5001 5002//5002 5066//5066 
f 5066//5066 5002//5002 5067//5067 
f 5002//5002 5003//5003 5067//5067 
f 5067//5067 5003//5003 5068//5068 
f 5003//5003 5004//5004 5068//5068 
f 5068//5068 5004//5004 5069//5069 
f 5004//5004 5005//5005 5069//5069 
f 5069//5069 5005//5005 5070//5070 
f 5005//5005 5006//5006 5070//5070 
f 5070//5070 5006//5006 5071//5071 
f 5006//5006 5007//5007 5071//5071 
f 5071//5071 5007//5007 5072//5072 
f 5007//5007 5008//5008 5072//5072 
f 5072//5072 5008//5008 5073//5073 
f 5008//5008 5009//5009 5073//5073 
f 5073//5073 5009//5009 5074//5074 
f 5009//5009 5010//5010 5074//5074 
f 5074//5074 5010//5010 5075//5075 
f 5010//5010 5011//5011 5075//5075 
f 5075//5075 5011//5011 5076//5076 
f 5011//5011 5012//5012 5076//5076 
f 5076//5076 5012//5012 5077//5077 
f 5012//5012 5013//5013 5077//5077 
f 5077//5077 5013//5013 5078//5078 
f 5013//5013 5014//5014 5078//5078 
f 5078//5078 5014//5014 5079//5079 
f 5014//5014 5015//5015 5079//5079 
f 5079//5079 5015//5015 5080//5080 
f 5015//5015 5016//5016 5080//5080 
f 5080//5080 5016//5016 5081//5081 
f 5016//5016 5017//5017 5081//5081 
f 5081//5081 5017//5017 5082//5082 
f 5017//5017 5018//5018 5082//5082 
f 5082//5082 5018//5018 5083//5083 
f 5018//5018 5019//5019 5083//5083 
f 5083//5083 5019//5019 5084//5084 
f 5019//5019 5020//5020 5084//5084 
f 5084//5084 5020//5020 5085//5085 
f 5020//5020 5021//5021 5085//5085 
f 5085//5085 5021//5021 5086//5086 
f 5021//5021 5022//5022 5086//5086 
f 5086//5086 5022//5022 5087//5087 
f 5022//5022 5023//5023 5087//5087 
f 5087//5087 5023//5023 5088//5088 
f 5023//5023 5023//5023 5088//5088 
f 5088//5088 5023//5023 5089//5089 
f 5023//5023 5024//5024 5089//5089 
f 5089//5089 5024//5024 5090//5090 
f 5024//5024 5025//5025 5090//5090 
f 5090//5090 5025//5025 5091//5091 
f 5025//5025 5026//5026 5091//5091 
f 5091//5091 5026//5026 5092//5092 
f 5026//5026 5027//5027 5092//5092 
f 5092//5092 5027//5027 5093//5093 
f 5027//5027 5028//5028 5093//5093 
f 5093//5093 5028//5028 5094//5094 
f 5028//5028 5029//5029 5094//5094 
f 5094//5094 5029//5029 5095//5095 
f 5029//5029 5030//5030 5095//5095 
f 5095//5095 5030//5030 5032//5032 
f 5030//5030 5031//5031 5032//5032 
f 5032//5032 5031//5031 5031//5031 
f 5031//5031 5032//5032 5031//5031 
f 5031//5031 5032//5032 5032//5032 
f 5032//5032 5033//5033 5032//5032 
f 5032//5032 5033//5033 5095//5095 
f 5033//5033 5096//5096 5095//5095 
f 5095//5095 5096//5096 5094//5094 
f 5096//5096 5097//5097 5094//5094 
f 5094//5094 5097//5097 5093//5093 
f 5097//5097 5093//5093 5093//5093 
f 5093//5093 5093//5093 5033//5033 
f 5093//5093 5033//5033 5033//5033 
f 5033//5033 5033//5033 5096//5096 
f 5033//5033 5034//5034 5096//5096 
f 5096//5096 5034//5034 5098//5098 
f 5034//5034 5035//5035 5098//5098 
f 5098//5098 5035//5035 5099//5099 
f 5035//5035 5036//5036 5099//5099 
f 5099//5099 5036//5036 5100//5100 
f 5036//5036 5037//5037 5100//5100 
f 5100//5100 5037//5037 5101//5101 
f 5037//5037 5038//5038 5101//5101 
f 5101//5101 5038//5038 5102//5102 
f 5038//5038 5039//5039 5102//5102 
f 5102//5102 5039//5039 5103//5103 
f 5039//5039 5040//5040 5103//5103 
f 5103//5103 5040//5040 5104//5104 
f 5040//5040 5040//5040 5104//5104 
f 5104//5104 5040//5040 5105//5105 
f 5040//5040 5041//5041 5105//5105 
f 5105//5105 5041//5041 5106//5106 
f 5041//5041 5042//5042 5106//5106 
f 5106//5106 5042//5042 5107//5107 
f 5042//5042 5043//5043 5107//5107 
f 5107//5107 5043//5043 5108//5108 
f 5043//5043 5044//5044 5108//5108 
f 5108//5108 5044//5044 5109//5109 
f 5044//5044 5045//5045 5109//5109 
f 5109//5109 5045//5045 5110//5110 
f 5045//5045 5046//5046 5110//5110 
f 5110//5110 5046//5046 5111//5111 
f 5046//5046 5047//5047 5111//5111 
f 5111//5111 5047//5047 5112//5112 
f 5047//5047 5048//5048 5112//5112 
f 5112//5112 5048//5048 5113//5113 
f 5048//5048 5049//5049 5113//5113 
f 5113//5113 5049//5049 5114//5114 
f 5049//5049 5050//5050 5114//5114 
f 5114//5114 5050//5050 5115//5115 
f 5050//5050 5051//5051 5115//5115 
f 5115//5115 5051//5051 5116//5116 
f 5051//5051 5052//5052 5116//5116 
f 5116//5116 5052//5052 5117//5117 
f 5052//5052 5053//5053 5117//5117 
f 5117//5117 5053//5053 5118//5118 
f 5053//5053 5054//5054 5118//5118 
f 5118//5118 5054//5054 5119//5119 
f 5054//5054 5055//5055 5119//5119 
f 5119//5119 5055//5055 5120//5120 
f 5055//5055 5056//5056 5120//5120 
f 5120//5120 5056//5056 5121//5121 
f 5056//5056 5057//5057 5121//5121 
f 5121//5121 5057//5057 5122//5122 
f 5057//5057 5058//5058 5122//5122 
f 5122//5122 5058//5058 5123//5123 
f 5058//5058 5059//5059 5123//5123 
f 5123//5123 5059//5059 5124//5124 
f 5059//5059 5060//5060 5124//5124 
f 5124//5124 5060//5060 5125//5125 
f 5060//5060 5061//5061 5125//5125 
f 5125//5125 5061//5061 5126//5126 
f 5061//5061 5062//5062 5126//5126 
f 5126//5126 5062//5062 5127//5127 
f 5062//5062 5063//5063 5127//5127 
f 5127//5127 5063//5063 5128//5128 
f 5063//5063 5064//5064 5128//5128 
f 5128//5128 5064//5064 5129//5129 
f 5064//5064 5065//5065 5129//5129 
f 5129//5129 5065//5065 5130//5130 
f 5065//5065 5066//5066 5130//5130 
f 5130//5130 5066//5066 5131//5131 
f 5066//5066 5067//5067 5131//5131 
f 5131//5131 5067//5067 5132//5132 
f 5067//5067 5068//5068 5132//5132 
f 5132//5132 5068//5068 5133//5133 
f 5068//5068 5069//5069 5133//5133 
f 5133//5133 5069//5069 5134//5134 
f 5069//5069 5070//5070 5134//5134 
f 5134//5134 5070//5070 5135//5135 
f 5070//5070 5071//5071 5135//5135 
f 5135//5135 5071//5071 5136//5136 
f 5071//5071 5072//5072 5136//5136 
f 5136//5136 5072//5072 5137//5137 
f 5072//5072 5073//5073 5137//5137 
f 5137//5137 5073//5073 5138//5138 
f 5073//5073 5074//5074 5138//5138 
f 5138//5138 5074//5074 5139//5139 
f 5074//5074 5075//5075 5139//5139 
f 5139//5139 5075//5075 5140//5140 
f 5075//5075 5076//5076 5140//5140 
f 5140//5140 5076//5076 5141//5141 
f 5076//5076 5077//5077 5141//5141 
f 5141//5141 5077//5077 5142//5142 
f 5077//5077 5078//5078 5142//5142 
f 5142//5142 5078//5078 5143//5143 
f 5078//5078 5079//5079 5143//5143 
f 5143//5143 5079//5079 5144//5144 
f 5079//5079 5080//5080 5144//5144 
f 5144//5144 5080//5080 5145//5145 
f 5080//5080 5081//5081 5145//5145 
f 5145//5145 5081//5081 5146//5146 
f 5081//5081 5082//5082 5146//5146 
f 5146//5146 5082//5082 5147//5147 
f 5082//5082 5083//5083 5147//5147 
f 5147//5147 5083//5083 5148//5148 
f 5083//5083 5084//5084 5148//5148 
f 5148//5148 5084//5084 5149//5149 
f 5084//5084 5085//5085 5149//5149 
f 5149//5149 5085//5085 5150//5150 
f 5085//5085 5086//5086 5150//5150 
f 5150//5150 5086//5086 5151//5151 
f 5086//5086 5087//5087 5151//5151 
f 5151//5151 5087//5087 5152//5152 
f 5087//5087 5088//5088 5152//5152 
f 5152//5152 5088//5088 5153//5153 
f 5088//5088 5088//5088 5153//5153 
f 5153//5153 5088//5088 5154//5154 
f 5088//5088 5089//5089 5154//5154 
f 5154//5154 5089//5089 5155//5155 
f 5089//5089 5090//5090 5155//5155 
f 5155//5155 5090//5090 5156//5156 
f 5090//5090 5091//5091 5156//5156 
f 5156//5156 5091//5091 5157//5157 
f 5091//5091 5092//5092 5157//5157 
f 5157//5157 5092//5092 5158//5158 
f 5092//5092 5093//5093 5158//5158 
f 5158//5158 5093//5093 5158//5158 
f 5093//5093 5097//5097 5158//5158 
f 5158//5158 5097//5097 5159//5159 
f 5097//5097 5098//5098 5159//5159 
f 5159//5159 5098//5098 5159//5159 
f 5098//5098 5099//5099 5159//5159 
f 5159//5159 5099//5099 5160//5160 
f 5099//5099 5100//5100 5160//5160 
f 5160//5160 5100//5100 5161//5161 
f 5100//5100 5101//5101 5161//5161 
f 5161//5161 5101//5101 5162//5162 
f 5101//5101 5102//5102 5162//5162 
f 5162//5162 5102//5102 5163//5163 
f 5102//5102 5103//5103 5163//5163 
f 5163//5163 5103//5103 5164//5164 
f 5103//5103 5104//5104 5164//5164 
f 5164//5164 5104//5104 5165//5165 
f 5104//5104 5104//5104 5165//5165 
f 5165//5165 5104//5104 5166//5166 
f 5104//5104 5105//5105 5166//5166 
f 5166//5166 5105//5105 5167//5167 
f 5105//5105 5106//5106 5167//5167 
f 5167//5167 5106//5106 5168//5168 
f 5106//5106 5107//5107 5168//5168 
f 5168//5168 5107//5107 5169//5169 
f 5107//5107 5108//5108 5169//5169 
f 5169//5169 5108//5108 5170//5170 
f 5108//5108 5109//5109 5170//5170 
f 5170//5170 5109//5109 5171//5171 
f 5109//5109 5110//5110 5171//5171 
f 5171//5171 5110//5110 5172//5172 
f 5110//5110 5111//5111 5172//5172 
f 5172//5172 5111//5111 5173//5173 
f 5111//5111 5112//5112 5173//5173 
f 5173//5173 5112//5112 5174//5174 
f 5112//5112 5113//5113 5174//5174 
f 5174//5174 5113//5113 5175//5175 
f 5113//5113 5114//5114 5175//5175 
f 5175//5175 5114//5114 5176//5176 
f 5114//5114 5115//5115 5176//5176 
f 5176//5176 5115//5115 5177//5177 
f 5115//5115 5116//5116 5177//5177 
f 5177//5177 5116//5116 5178//5178 
f 5116//5116 5117//5117 5178//5178 
f 5178//5178 5117//5117 5179//5179 
f 5117//5117 5118//5118 5179//5179 
f 5179//5179 5118//5118 5180//5180 
f 5118//5118 5119//5119 5180//5180 
f 5180//5180 5119//5119 5181//5181 
f 5119//5119 5120//5120 5181//5181 
f 5181//5181 5120//5120 5182//5182 
f 5120//5120 5121//5121 5182//5182 
f 5182//5182 5121//5121 5183//5183 
f 5121//5121 5122//5122 5183//5183 
f 5183//5183 5122//5122 5184//5184 
f 5122//5122 5123//5123 5184//5184 
f 5184//5184 5123//5123 5185//5185 
f 5123//5123 5124//5124 5185//5185 
f 5185//5185 5124//5124 5186//5186 
f 5124//5124 5125//5125 5186//5186 
f 5186//5186 5125//5125 5187//5187 
f 5125//5125 5126//5126 5187//5187 
f 5187//5187 5126//5126 5188//5188 
f 5126//5126 5127//5127 5188//5188 
f 5188//5188 5127//5127 5189//5189 
f 5127//5127 5128//5128 5189//5189 
f 5189//5189 5128//5128 5190//5190 
f 5128//5128 5129//5129 5190//5190 
f 5190//5190 5129//5129 5191//5191 
f 5129//5129 5130//5130 5191//5191 
f 5191//5191 5130//5130 5192//5192 
f 5130//5130 5131//5131 5192//5192 
f 5192//5192 5131//5131 5193//5193 
f 5131//5131 5132//5132 5193//5193 
f 5193//5193 5132//5132 5194//5194 
f 5132//5132 5133//5133 5194//5194 
f 5194//5194 5133//5133 5195//5195 
f 5133//5133 5134//5134 5195//5195 
f 5195//5195 5134//5134 5196//5196 
f 5134//5134 5135//5135 5196//5196 
f 5196//5196 5135//5135 5197//5197 
f 5135//5135 5136//5136 5197//5197 
f 5197//5197 5136//5136 5198//5198 
f 5136//5136 5137//5137 5198//5198 
f 5198//5198 5137//5137 5199//5199 
f 5137//5137 5138//5138 5199//5199 
f 5199//5199 5138//5138 5200//5200 
f 5138//5138 5139//5139 5200//5200 
f 5200//5200 5139//5139 5201//5201 
f 5139//5139 5140//5140 5201//5201 
f 5201//5201 5140//5140 5202//5202 
f 5140//5140 5141//5141 5202//5202 
f 5202//5202 5141//5141 5203//5203 
f 5141//5141 5142//5142 5203//5203 
f 5203//5203 5142//5142 5204//5204 
f 5142//5142 5143//5143 5204//5204 
f 5204//5204 5143//5143 5205//5205 
f 5143//5143 5144//5144 5205//5205 
f 5205//5205 5144//5144 5206//5206 
f 5144//5144 5145//5145 5206//5206 
f 5206//5206 5145//5145 5207//5207 
f 5145//5145 5146//5146 5207//5207 
f 5207//5207 5146//5146 5208//5208 
f 5146//5146 5147//5147 5208//5208 
f 5208//5208 5147//5147 5209//5209 
f 5147//5147 5148//5148 5209//5209 
f 5209//5209 5148//5148 5210//5210 
f 5148//5148 5149//5149 5210//5210 
f 5210//5210 5149//5149 5211//5211 
f 5149//5149 5150//5150 5211//5211 
f 5211//5211 5150//5150 5212//5212 
f 5150//5150 5151//5151 5212//5212 
f 5212//5212 5151//5151 5213//5213 
f 5151//5151 5152//5152 5213//5213 
f 5213//5213 5152//5152 5214//5214 
f 5152//5152 5153//5153 5214//5214 
f 5214//5214 5153//5153 5215//5215 
f 5153//5153 5153//5153 5215//5215 
f 5215//5215 5153//5153 5216//5216 
f 5153//5153 5154//5154 5216//5216 
f 5216//5216 5154//5154 5217//5217 
f 5154//5154 5155//5155 5217//5217 
f 5217//5217 5155//5155 5218//5218 
f 5155//5155 5156//5156 5218//5218 
f 5218//5218 5156//5156 5219//5219 
f 5156//5156 5157//5157 5219//5219 
f 5219//5219 5157//5157 5220//5220 
f 5157//5157 5158//5158 5220//5220 
f 5220//5220 5158//5158 5220//5220 
f 5158//5158 5159//5159 5220//5220 
f 5220//5220 5159//5159 5220//5220 
f 5159//5159 5160//5160 5220//5220 
f 5220//5220 5160//5160 5221//5221 
f 5160//5160 5161//5161 5221//5221 
f 5221//5221 5161//5161 5222//5222 
f 5161//5161 5162//5162 5222//5222 
f 5222//5222 5162//5162 5223//5223 
f 5162//5162 5163//5163 5223//5223 
f 5223//5223 5163//5163 5224//5224 
f 5163//5163 5164//5164 5224//5224 
f 5224//5224 5164//5164 5225//5225 
f 5164//5164 5165//5165 5225//5225 
f 5225//5225 5165//5165 5226//5226 
f 5165//5165 5165//5165 5226//5226 
f 5226//5226 5165//5165 5227//5227 
f 5165//5165 5166//5166 5227//5227 
f 5227//5227 5166//5166 5228//5228 
f 5166//5166 5167//5167 5228//5228 
f 5228//5228 5167//5167 5229//5229 
f 5167//5167 5168//5168 5229//5229 
f 5229//5229 5168//5168 5230//5230 
f 5168//5168 5169//5169 5230//5230 
f 5230//5230 5169//5169 5231//5231 
f 5169//5169 5170//5170 5231//5231 
f 5231//5231 5170//5170 5232//5232 
f 5170//5170 5171//5171 5232//5232 
f 5232//5232 5171//5171 5233//5233 
f 5171//5171 5172//5172 5233//5233 
f 5233//5233 5172//5172 5234//5234 
f 5172//5172 5173//5173 5234//5234 
f 5234//5234 5173//5173 5235//5235 
f 5173//5173 5174//5174 5235//5235 
f 5235//5235 5174//5174 5236//5236 
f 5174//5174 5175//5175 5236//5236 
f 5236//5236 5175//5175 5237//5237 
f 5175//5175 5176//5176 5237//5237 
f 5237//5237 5176//5176 5238//5238 
f 5176//5176 5177//5177 5238//5238 
f 5238//5238 5177//5177 5239//5239 
f 5177//5177 5178//5178 5239//5239 
f 5239//5239 5178//5178 5240//5240 
f 5178//5178 5179//5179 5240//5240 
f 5240//5240 5179//5179 5241//5241 
f 5179//5179 5180//5180 5241//5241 
f 5241//5241 5180//5180 5242//5242 
f 5180//5180 5181//5181 5242//5242 
f 5242//5242 5181//5181 5243//5243 
f 5181//5181 5182//5182 5243//5243 
f 5243//5243 5182//5182 5244//5244 
f 5182//5182 5183//5183 5244//5244 
f 5244//5244 5183//5183 5245//5245 
f 5183//5183 5184//5184 5245//5245 
f 5245//5245 5184//5184 5246//5246 
f 5184//5184 5185//5185 5246//5246 
f 5246//5246 5185//5185 5247//5247 
f 5185//5185 5186//5186 5247//5247 
f 5247//5247 5186//5186 5248//5248 
f 5186//5186 5187//5187 5248//5248 
f 5248//5248 5187//5187 5249//5249 
f 5187//5187 5188//5188 5249//5249 
f 5249//5249 5188//5188 5250//5250 
f 5188//5188 5189//5189 5250//5250 
f 5250//5250 5189//5189 5251//5251 
f 5189//5189 5190//5190 5251//5251 
f 5251//5251 5190//5190 5252//5252 
f 5190//5190 5191//5191 5252//5252 
f 5252//5252 5191//5191 5253//5253 
f 5191//5191 5192//5192 5253//5253 
f 5253//5253 5192//5192 5254//5254 
f 5192//5192 5193//5193 5254//5254 
f 5254//5254 5193//5193 5255//5255 
f 5193//5193 5194//5194 5255//5255 
f 5255//5255 5194//5194 5256//5256 
f 5194//5194 5195//5195 5256//5256 
f 5256//5256 5195//5195 5257//5257 
f 5195//5195 5196//5196 5257//5257 
f 5257//5257 5196//5196 5258//5258 
f 5196//5196 5197//5197 5258//5258 
f 5258//5258 5197//5197 5259//5259 
f 5197//5197 5198//5198 5259//5259 
f 5259//5259 5198//5198 5260//5260 
f 5198//5198 5199//5199 5260//5260 
f 5260//5260 5199//5199 5261//5261 
f 5199//5199 5200//5200 5261//5261 
f 5261//5261 5200//5200 5262//5262 
f 5200//5200 5201//5201 5262//5262 
f 5262//5262 5201//5201 5263//5263 
f 5201//5201 5202//5202 5263//5263 
f 5263//5263 5202//5202 5264//5264 
f 5202//5202 5203//5203 5264//5264 
f 5264//5264 5203//5203 5265//5265 
f 5203//5203 5204//5204 5265//5265 
f 5265//5265 5204//5204 5266//5266 
f 5204//5204 5205//5205 5266//5266 
f 5266//5266 5205//5205 5267//5267 
f 5205//5205 5206//5206 5267//5267 
f 5267//5267 5206//5206 5268//5268 
f 5206//5206 5207//5207 5268//5268 
f 5268//5268 5207//5207 5269//5269 
f 5207//5207 5208//5208 5269//5269 
f 5269//5269 5208//5208 5270//5270 
f 5208//5208 5209//5209 5270//5270 
f 5270//5270 5209//5209 5271//5271 
f 5209//5209 5210//5210 5271//5271 
f 5271//5271 5210//5210 5272//5272 
f 5210//5210 5211//5211 5272//5272 
f 5272//5272 5211//5211 5273//5273 
f 5211//5211 5212//5212 5273//5273 
f 5273//5273 5212//5212 5274//5274 
f 5212//5212 5213//5213 5274//5274 
f 5274//5274 5213//5213 5275//5275 
f 5213//5213 5214//5214 5275//5275 
f 5275//5275 5214//5214 5276//5276 
f 5214//5214 5215//5215 5276//5276 
f 5276//5276 5215//5215 5277//5277 
f 5215//5215 5215//5215 5277//5277 
f 5277//5277 5215//5215 5278//5278 
f 5215//5215 5216//5216 5278//5278 
f 5278//5278 5216//5216 5279//5279 
f 5216//5216 5217//5217 5279//5279 
f 5279//5279 5217//5217 5280//5280 
f 5217//5217 5218//5218 5280//5280 
f 5280//5280 5218//5218 5281//5281 
f 5218//5218 5219//5219 5281//5281 
f 5281//5281 5219//5219 5221//5221 
f 5219//5219 5220//5220 5221//5221 
f 5221//5221 5220//5220 5220//5220 
f 5220//5220 5098//5098 5220//5220 
f 5220//5220 5098//5098 5098//5098 
f 5098//5098 5097//5097 5098//5098 
f 5098//5098 5097//5097 5096//5096 
f 5097//5097 5096//5096 5096//5096 
f 5096//5096 5096//5096 5221//5221 
f 5096//5096 5221//5221 5221//5221 
f 5221//5221 5221//5221 5281//5281 
f 5221//5221 5222//5222 5281//5281 
f 5281//5281 5222//5222 5282//5282 
f 5222//5222 5223//5223 5282//5282 
f 5282//5282 5223//5223 5283//5283 
f 5223//5223 5224//5224 5283//5283 
f 5283//5283 5224//5224 5284//5284 
f 5224//5224 5225//5225 5284//5284 
f 5284//5284 5225//5225 5285//5285 
f 5225//5225 5226//5226 5285//5285 
f 5285//5285 5226//5226 5286//5286 
f 5226//5226 5226//5226 5286//5286 
f 5286//5286 5226//5226 5287//5287 
f 5226//5226 5227//5227 5287//5287 
f 5287//5287 5227//5227 5288//5288 
f 5227//5227 5228//5228 5288//5288 
f 5288//5288 5228//5228 5289//5289 
f 5228//5228 5229//5229 5289//5289 
f 5289//5289 5229//5229 5290//5290 
f 5229//5229 5230//5230 5290//5290 
f 5290//5290 5230//5230 5291//5291 
f 5230//5230 5231//5231 5291//5291 
f 5291//5291 5231//5231 5292//5292 
f 5231//5231 5232//5232 5292//5292 
f 5292//5292 5232//5232 5293//5293 
f 5232//5232 5233//5233 5293//5293 
f 5293//5293 5233//5233 5294//5294 
f 5233//5233 5234//5234 5294//5294 
f 5294//5294 5234//5234 5295//5295 
f 5234//5234 5235//5235 5295//5295 
f 5295//5295 5235//5235 5296//5296 
f 5235//5235 5236//5236 5296//5296 
f 5296//5296 5236//5236 5297//5297 
f 5236//5236 5237//5237 5297//5297 
f 5297//5297 5237//5237 5237//5237 
f 5237//5237 5282//5282 5237//5237 
f 5237//5237 5282//5282 5282//5282 
f 5282//5282 5280//5280 5282//5282 
f 5282//5282 5280//5280 5281//5281 
f 5280//5280 5281//5281 5281//5281 
f 5281//5281 5281//5281 5288//5288 
f 5281//5281 5288//5288 5288//5288 
f 5288//5288 5288//5288 5287//5287 
f 5288//5288 5289//5289 5287//5287 
f 5287//5287 5289//5289 5298//5298 
f 5289//5289 5290//5290 5298//5298 
f 5298//5298 5290//5290 5290//5290 
f 5290//5290 5286//5286 5290//5290 
f 5290//5290 5286//5286 5286//5286 
f 5286//5286 5287//5287 5286//5286 
f 5286//5286 5287//5287 5298//5298 
f 5287//5287 5298//5298 5298//5298 
f 5298//5298 5298//5298 5296//5296 
f 5298//5298 5296//5296 5296//5296 
f 5296//5296 5296//5296 5295//5295 
f 5296//5296 5297//5297 5295//5295 
f 5295//5295 5297//5297 5295//5295 
f 5297//5297 5299//5299 5295//5295 
f 5295//5295 5299//5299 5294//5294 
f 5299//5299 5300//5300 5294//5294 
f 5294//5294 5300//5300 5293//5293 
f 5300//5300 5301//5301 5293//5293 
f 5293//5293 5301//5301 5292//5292 
f 5301//5301 5301//5301 5292//5292 
f 5292//5292 5301//5301 5291//5291 
f 5301//5301 5302//5302 5291//5291 
f 5291//5291 5302//5302 5290//5290 
f 5302//5302 5302//5302 5290//5290 
f 5290//5290 5302//5302 5298//5298 
f 5302//5302 5303//5303 5298//5298 
f 5298//5298 5303//5303 5286//5286 
f 5303//5303 5304//5304 5286//5286 
f 5286//5286 5304//5304 5285//5285 
f 5304//5304 5305//5305 5285//5285 
f 5285//5285 5305//5305 5284//5284 
f 5305//5305 5306//5306 5284//5284 
f 5284//5284 5306//5306 5283//5283 
f 5306//5306 5307//5307 5283//5283 
f 5283//5283 5307//5307 5282//5282 
f 5307//5307 5307//5307 5282//5282 
f 5282//5282 5307//5307 5280//5280 
f 5307//5307 5307//5307 5280//5280 
f 5280//5280 5307//5307 5279//5279 
f 5307//5307 5308//5308 5279//5279 
f 5279//5279 5308//5308 5278//5278 
f 5308//5308 5278//5278 5278//5278 
f 5278//5278 5278//5278 5307//5307 
f 5278//5278 5307//5307 5307//5307 
f 5307//5307 5307//5307 5308//5308 
f 5307//5307 5306//5306 5308//5308 
f 5308//5308 5306//5306 5309//5309 
f 5306//5306 5305//5305 5309//5309 
f 5309//5309 5305//5305 5310//5310 
f 5305//5305 5304//5304 5310//5310 
f 5310//5310 5304//5304 5311//5311 
f 5304//5304 5303//5303 5311//5311 
f 5311//5311 5303//5303 5303//5303 
f 5303//5303 5311//5311 5303//5303 
f 5303//5303 5311//5311 5311//5311 
f 5311//5311 5312//5312 5311//5311 
f 5311//5311 5312//5312 5310//5310 
f 5312//5312 5312//5312 5310//5310 
f 5310//5310 5312//5312 5309//5309 
f 5312//5312 5313//5313 5309//5309 
f 5309//5309 5313//5313 5308//5308 
f 5313//5313 5313//5313 5308//5308 
f 5308//5308 5313//5313 5278//5278 
f 5313//5313 5313//5313 5278//5278 
f 5278//5278 5313//5313 5277//5277 
f 5313//5313 5313//5313 5277//5277 
f 5277//5277 5313//5313 5314//5314 
f 5313//5313 5312//5312 5314//5314 
f 5314//5314 5312//5312 5315//5315 
f 5312//5312 5311//5311 5315//5315 
f 5315//5315 5311//5311 5316//5316 
f 5311//5311 5303//5303 5316//5316 
f 5316//5316 5303//5303 5316//5316 
f 5303//5303 5302//5302 5316//5316 
f 5316//5316 5302//5302 5316//5316 
f 5302//5302 5301//5301 5316//5316 
f 5316//5316 5301//5301 5316//5316 
f 5301//5301 5300//5300 5316//5316 
f 5316//5316 5300//5300 5317//5317 
f 5300//5300 5299//5299 5317//5317 
f 5317//5317 5299//5299 5318//5318 
f 5299//5299 5297//5297 5318//5318 
f 5318//5318 5297//5297 5318//5318 
f 5297//5297 5237//5237 5318//5318 
f 5318//5318 5237//5237 5318//5318 
f 5237//5237 5238//5238 5318//5318 
f 5318//5318 5238//5238 5319//5319 
f 5238//5238 5239//5239 5319//5319 
f 5319//5319 5239//5239 5320//5320 
f 5239//5239 5240//5240 5320//5320 
f 5320//5320 5240//5240 5240//5240 
f 5240//5240 5318//5318 5240//5240 
f 5240//5240 5318//5318 5318//5318 
f 5318//5318 5319//5319 5318//5318 
f 5318//5318 5319//5319 5317//5317 
f 5319//5319 5321//5321 5317//5317 
f 5317//5317 5321//5321 5316//5316 
f 5321//5321 5321//5321 5316//5316 
f 5316//5316 5321//5321 5322//5322 
f 5321//5321 5323//5323 5322//5322 
f 5322//5322 5323//5323 5324//5324 
f 5323//5323 5241//5241 5324//5324 
f 5324//5324 5241//5241 5324//5324 
f 5241//5241 5242//5242 5324//5324 
f 5324//5324 5242//5242 5325//5325 
f 5242//5242 5243//5243 5325//5325 
f 5325//5325 5243//5243 5326//5326 
f 5243//5243 5244//5244 5326//5326 
f 5326//5326 5244//5244 5327//5327 
f 5244//5244 5245//5245 5327//5327 
f 5327//5327 5245//5245 5245//5245 
f 5245//5245 5319//5319 5245//5245 
f 5245//5245 5319//5319 5319//5319 
f 5319//5319 5320//5320 5319//5319 
f 5319//5319 5320//5320 5321//5321 
f 5320//5320 5320//5320 5321//5321 
f 5321//5321 5320//5320 5323//5323 
f 5320//5320 5240//5240 5323//5323 
f 5323//5323 5240//5240 5241//5241 
f 5240//5240 5241//5241 5241//5241 
f 5241//5241 5241//5241 5326//5326 
f 5241//5241 5326//5326 5326//5326 
f 5326//5326 5326//5326 5325//5325 
f 5326//5326 5327//5327 5325//5325 
f 5325//5325 5327//5327 5328//5328 
f 5327//5327 5329//5329 5328//5328 
f 5328//5328 5329//5329 5328//5328 
f 5329//5329 5330//5330 5328//5328 
f 5328//5328 5330//5330 5322//5322 
f 5330//5330 5316//5316 5322//5322 
f 5322//5322 5316//5316 5316//5316 
f 5316//5316 5325//5325 5316//5316 
f 5316//5316 5325//5325 5325//5325 
f 5325//5325 5328//5328 5325//5325 
f 5325//5325 5328//5328 5324//5324 
f 5328//5328 5322//5322 5324//5324 
f 5324//5324 5322//5322 5322//5322 
f 5322//5322 5327//5327 5322//5322 
f 5322//5322 5327//5327 5327//5327 
f 5327//5327 5245//5245 5327//5327 
f 5327//5327 5245//5245 5329//5329 
f 5245//5245 5246//5246 5329//5329 
f 5329//5329 5246//5246 5331//5331 
f 5246//5246 5247//5247 5331//5331 
f 5331//5331 5247//5247 5332//5332 
f 5247//5247 5248//5248 5332//5332 
f 5332//5332 5248//5248 5248//5248 
f 5248//5248 5329//5329 5248//5248 
f 5248//5248 5329//5329 5329//5329 
f 5329//5329 5331//5331 5329//5329 
f 5329//5329 5331//5331 5330//5330 
f 5331//5331 5333//5333 5330//5330 
f 5330//5330 5333//5333 5316//5316 
f 5333//5333 5333//5333 5316//5316 
f 5316//5316 5333//5333 5334//5334 
f 5333//5333 5335//5335 5334//5334 
f 5334//5334 5335//5335 5336//5336 
f 5335//5335 5249//5249 5336//5336 
f 5336//5336 5249//5249 5336//5336 
f 5249//5249 5250//5250 5336//5336 
f 5336//5336 5250//5250 5337//5337 
f 5250//5250 5251//5251 5337//5337 
f 5337//5337 5251//5251 5338//5338 
f 5251//5251 5252//5252 5338//5338 
f 5338//5338 5252//5252 5339//5339 
f 5252//5252 5253//5253 5339//5339 
f 5339//5339 5253//5253 5253//5253 
f 5253//5253 5331//5331 5253//5253 
f 5253//5253 5331//5331 5331//5331 
f 5331//5331 5332//5332 5331//5331 
f 5331//5331 5332//5332 5333//5333 
f 5332//5332 5332//5332 5333//5333 
f 5333//5333 5332//5332 5335//5335 
f 5332//5332 5248//5248 5335//5335 
f 5335//5335 5248//5248 5249//5249 
f 5248//5248 5249//5249 5249//5249 
f 5249//5249 5249//5249 5338//5338 
f 5249//5249 5338//5338 5338//5338 
f 5338//5338 5338//5338 5337//5337 
f 5338//5338 5339//5339 5337//5337 
f 5337//5337 5339//5339 5340//5340 
f 5339//5339 5341//5341 5340//5340 
f 5340//5340 5341//5341 5340//5340 
f 5341//5341 5342//5342 5340//5340 
f 5340//5340 5342//5342 5334//5334 
f 5342//5342 5316//5316 5334//5334 
f 5334//5334 5316//5316 5316//5316 
f 5316//5316 5337//5337 5316//5316 
f 5316//5316 5337//5337 5337//5337 
f 5337//5337 5340//5340 5337//5337 
f 5337//5337 5340//5340 5336//5336 
f 5340//5340 5334//5334 5336//5336 
f 5336//5336 5334//5334 5334//5334 
f 5334//5334 5339//5339 5334//5334 
f 5334//5334 5339//5339 5339//5339 
f 5339//5339 5253//5253 5339//5339 
f 5339//5339 5253//5253 5341//5341 
f 5253//5253 5254//5254 5341//5341 
f 5341//5341 5254//5254 5343//5343 
f 5254//5254 5255//5255 5343//5343 
f 5343//5343 5255//5255 5344//5344 
f 5255//5255 5256//5256 5344//5344 
f 5344//5344 5256//5256 5256//5256 
f 5256//5256 5341//5341 5256//5256 
f 5256//5256 5341//5341 5341//5341 
f 5341//5341 5343//5343 5341//5341 
f 5341//5341 5343//5343 5342//5342 
f 5343//5343 5345//5345 5342//5342 
f 5342//5342 5345//5345 5316//5316 
f 5345//5345 5345//5345 5316//5316 
f 5316//5316 5345//5345 5346//5346 
f 5345//5345 5347//5347 5346//5346 
f 5346//5346 5347//5347 5348//5348 
f 5347//5347 5257//5257 5348//5348 
f 5348//5348 5257//5257 5348//5348 
f 5257//5257 5258//5258 5348//5348 
f 5348//5348 5258//5258 5349//5349 
f 5258//5258 5259//5259 5349//5349 
f 5349//5349 5259//5259 5350//5350 
f 5259//5259 5260//5260 5350//5350 
f 5350//5350 5260//5260 5351//5351 
f 5260//5260 5261//5261 5351//5351 
f 5351//5351 5261//5261 5261//5261 
f 5261//5261 5343//5343 5261//5261 
f 5261//5261 5343//5343 5343//5343 
f 5343//5343 5344//5344 5343//5343 
f 5343//5343 5344//5344 5345//5345 
f 5344//5344 5344//5344 5345//5345 
f 5345//5345 5344//5344 5347//5347 
f 5344//5344 5256//5256 5347//5347 
f 5347//5347 5256//5256 5257//5257 
f 5256//5256 5257//5257 5257//5257 
f 5257//5257 5257//5257 5350//5350 
f 5257//5257 5350//5350 5350//5350 
f 5350//5350 5350//5350 5349//5349 
f 5350//5350 5351//5351 5349//5349 
f 5349//5349 5351//5351 5352//5352 
f 5351//5351 5353//5353 5352//5352 
f 5352//5352 5353//5353 5352//5352 
f 5353//5353 5354//5354 5352//5352 
f 5352//5352 5354//5354 5346//5346 
f 5354//5354 5316//5316 5346//5346 
f 5346//5346 5316//5316 5316//5316 
f 5316//5316 5349//5349 5316//5316 
f 5316//5316 5349//5349 5349//5349 
f 5349//5349 5352//5352 5349//5349 
f 5349//5349 5352//5352 5348//5348 
f 5352//5352 5346//5346 5348//5348 
f 5348//5348 5346//5346 5346//5346 
f 5346//5346 5351//5351 5346//5346 
f 5346//5346 5351//5351 5351//5351 
f 5351//5351 5261//5261 5351//5351 
f 5351//5351 5261//5261 5353//5353 
f 5261//5261 5262//5262 5353//5353 
f 5353//5353 5262//5262 5355//5355 
f 5262//5262 5263//5263 5355//5355 
f 5355//5355 5263//5263 5356//5356 
f 5263//5263 5264//5264 5356//5356 
f 5356//5356 5264//5264 5264//5264 
f 5264//5264 5353//5353 5264//5264 
f 5264//5264 5353//5353 5353//5353 
f 5353//5353 5355//5355 5353//5353 
f 5353//5353 5355//5355 5354//5354 
f 5355//5355 5357//5357 5354//5354 
f 5354//5354 5357//5357 5316//5316 
f 5357//5357 5357//5357 5316//5316 
f 5316//5316 5357//5357 5358//5358 
f 5357//5357 5359//5359 5358//5358 
f 5358//5358 5359//5359 5360//5360 
f 5359//5359 5265//5265 5360//5360 
f 5360//5360 5265//5265 5360//5360 
f 5265//5265 5266//5266 5360//5360 
f 5360//5360 5266//5266 5361//5361 
f 5266//5266 5267//5267 5361//5361 
f 5361//5361 5267//5267 5362//5362 
f 5267//5267 5268//5268 5362//5362 
f 5362//5362 5268//5268 5363//5363 
f 5268//5268 5269//5269 5363//5363 
f 5363//5363 5269//5269 5269//5269 
f 5269//5269 5355//5355 5269//5269 
f 5269//5269 5355//5355 5355//5355 
f 5355//5355 5356//5356 5355//5355 
f 5355//5355 5356//5356 5357//5357 
f 5356//5356 5356//5356 5357//5357 
f 5357//5357 5356//5356 5359//5359 
f 5356//5356 5264//5264 5359//5359 
f 5359//5359 5264//5264 5265//5265 
f 5264//5264 5265//5265 5265//5265 
f 5265//5265 5265//5265 5362//5362 
f 5265//5265 5362//5362 5362//5362 
f 5362//5362 5362//5362 5361//5361 
f 5362//5362 5363//5363 5361//5361 
f 5361//5361 5363//5363 5364//5364 
f 5363//5363 5365//5365 5364//5364 
f 5364//5364 5365//5365 5364//5364 
f 5365//5365 5366//5366 5364//5364 
f 5364//5364 5366//5366 5358//5358 
f 5366//5366 5316//5316 5358//5358 
f 5358//5358 5316//5316 5316//5316 
f 5316//5316 5361//5361 5316//5316 
f 5316//5316 5361//5361 5361//5361 
f 5361//5361 5364//5364 5361//5361 
f 5361//5361 5364//5364 5360//5360 
f 5364//5364 5358//5358 5360//5360 
f 5360//5360 5358//5358 5358//5358 
f 5358//5358 5363//5363 5358//5358 
f 5358//5358 5363//5363 5363//5363 
f 5363//5363 5269//5269 5363//5363 
f 5363//5363 5269//5269 5365//5365 
f 5269//5269 5270//5270 5365//5365 
f 5365//5365 5270//5270 5367//5367 
f 5270//5270 5271//5271 5367//5367 
f 5367//5367 5271//5271 5368//5368 
f 5271//5271 5272//5272 5368//5368 
f 5368//5368 5272//5272 5272//5272 
f 5272//5272 5365//5365 5272//5272 
f 5272//5272 5365//5365 5365//5365 
f 5365//5365 5367//5367 5365//5365 
f 5365//5365 5367//5367 5366//5366 
f 5367//5367 5369//5369 5366//5366 
f 5366//5366 5369//5369 5316//5316 
f 5369//5369 5370//5370 5316//5316 
f 5316//5316 5370//5370 5315//5315 
f 5370//5370 5371//5371 5315//5315 
f 5315//5315 5371//5371 5314//5314 
f 5371//5371 5372//5372 5314//5314 
f 5314//5314 5372//5372 5277//5277 
f 5372//5372 5372//5372 5277//5277 
f 5277//5277 5372//5372 5276//5276 
f 5372//5372 5373//5373 5276//5276 
f 5276//5276 5373//5373 5275//5275 
f 5373//5373 5373//5373 5275//5275 
f 5275//5275 5373//5373 5374//5374 
f 5373//5373 5372//5372 5374//5374 
f 5374//5374 5372//5372 5374//5374 
f 5372//5372 5371//5371 5374//5374 
f 5374//5374 5371//5371 5375//5375 
f 5371//5371 5370//5370 5375//5375 
f 5375//5375 5370//5370 5376//5376 
f 5370//5370 5369//5369 5376//5376 
f 5376//5376 5369//5369 5368//5368 
f 5369//5369 5367//5367 5368//5368 
f 5368//5368 5367//5367 5367//5367 
f 5367//5367 5368//5368 5367//5367 
f 5367//5367 5368//5368 5368//5368 
f 5368//5368 5272//5272 5368//5368 
f 5368//5368 5272//5272 5376//5376 
f 5272//5272 5273//5273 5376//5376 
f 5376//5376 5273//5273 5375//5375 
f 5273//5273 5274//5274 5375//5375 
f 5375//5375 5274//5274 5374//5374 
f 5274//5274 5275//5275 5374//5374 
f 5374//5374 5275//5275 5275//5275 
f 5275//5275 5377//5377 5275//5275 
f 5275//5275 5377//5377 5377//5377 
f 5377//5377 5378//5378 5377//5377 
f 5377//5377 5378//5378 4482//4482 
f 5378//5378 4483//4483 4482//4482 
f 4482//4482 4483//4483 4483//4483 
f 4483//4483 4482//4482 4483//4483 
f 4483//4483 4482//4482 4482//4482 
f 4482//4482 4481//4481 4482//4482 
f 4482//4482 4481//4481 5377//5377 
f 4481//4481 4481//4481 5377//5377 
f 5377//5377 4481//4481 5379//5379 
f 4481//4481 4480//4480 5379//5379 
f 5379//5379 4480//4480 5380//5380 
f 4480//4480 4479//4479 5380//5380 
f 5380//5380 4479//4479 5381//5381 
f 4479//4479 4478//4478 5381//5381 
f 5381//5381 4478//4478 5382//5382 
f 4478//4478 4477//4477 5382//5382 
f 5382//5382 4477//4477 5383//5383 
f 4477//4477 4476//4476 5383//5383 
f 5383//5383 4476//4476 5384//5384 
f 4476//4476 4475//4475 5384//5384 
f 5384//5384 4475//4475 5385//5385 
f 4475//4475 4474//4474 5385//5385 
f 5385//5385 4474//4474 5386//5386 
f 4474//4474 4473//4473 5386//5386 
f 5386//5386 4473//4473 5387//5387 
f 4473//4473 4472//4472 5387//5387 
f 5387//5387 4472//4472 5388//5388 
f 4472//4472 4471//4471 5388//5388 
f 5388//5388 4471//4471 5389//5389 
f 4471//4471 4470//4470 5389//5389 
f 5389//5389 4470//4470 5390//5390 
f 4470//4470 4469//4469 5390//5390 
f 5390//5390 4469//4469 5391//5391 
f 4469//4469 4468//4468 5391//5391 
f 5391//5391 4468//4468 5392//5392 
f 4468//4468 4467//4467 5392//5392 
f 5392//5392 4467//4467 5393//5393 
f 4467//4467 4465//4465 5393//5393 
f 5393//5393 4465//4465 5393//5393 
f 4465//4465 4466//4466 5393//5393 
f 5393//5393 4466//4466 5393//5393 
f 4466//4466 5394//5394 5393//5393 
f 5393//5393 5394//5394 5395//5395 
f 5394//5394 5396//5396 5395//5395 
f 5395//5395 5396//5396 5396//5396 
f 5396//5396 5393//5393 5396//5396 
f 5396//5396 5393//5393 5393//5393 
f 5393//5393 5395//5395 5393//5393 
f 5393//5393 5395//5395 5392//5392 
f 5395//5395 5397//5397 5392//5392 
f 5392//5392 5397//5397 5391//5391 
f 5397//5397 5398//5398 5391//5391 
f 5391//5391 5398//5398 5390//5390 
f 5398//5398 5399//5399 5390//5390 
f 5390//5390 5399//5399 5389//5389 
f 5399//5399 5400//5400 5389//5389 
f 5389//5389 5400//5400 5388//5388 
f 5400//5400 5401//5401 5388//5388 
f 5388//5388 5401//5401 5387//5387 
f 5401//5401 5402//5402 5387//5387 
f 5387//5387 5402//5402 5386//5386 
f 5402//5402 5403//5403 5386//5386 
f 5386//5386 5403//5403 5385//5385 
f 5403//5403 5404//5404 5385//5385 
f 5385//5385 5404//5404 5384//5384 
f 5404//5404 5405//5405 5384//5384 
f 5384//5384 5405//5405 5383//5383 
f 5405//5405 5406//5406 5383//5383 
f 5383//5383 5406//5406 5382//5382 
f 5406//5406 5407//5407 5382//5382 
f 5382//5382 5407//5407 5381//5381 
f 5407//5407 5408//5408 5381//5381 
f 5381//5381 5408//5408 5380//5380 
f 5408//5408 5409//5409 5380//5380 
f 5380//5380 5409//5409 5379//5379 
f 5409//5409 5410//5410 5379//5379 
f 5379//5379 5410//5410 5377//5377 
f 5410//5410 5411//5411 5377//5377 
f 5377//5377 5411//5411 5378//5378 
f 5411//5411 3572//3572 5378//5378 
f 5378//5378 3572//3572 5378//5378 
f 3572//3572 3573//3573 5378//5378 
f 5378//5378 3573//3573 4483//4483 
f 3573//3573 3574//3574 4483//4483 
f 4483//4483 3574//3574 3574//3574 
f 3574//3574 3572//3572 3574//3574 
f 3574//3574 3572//3572 3572//3572 
f 3572//3572 5411//5411 3572//3572 
f 3572//3572 5411//5411 3571//3571 
f 5411//5411 5412//5412 3571//3571 
f 3571//3571 5412//5412 3570//3570 
f 5412//5412 3570//3570 3570//3570 
f 3570//3570 3570//3570 5411//5411 
f 3570//3570 5411//5411 5411//5411 
f 5411//5411 5411//5411 5412//5412 
f 5411//5411 5410//5410 5412//5412 
f 5412//5412 5410//5410 5413//5413 
f 5410//5410 5409//5409 5413//5413 
f 5413//5413 5409//5409 5414//5414 
f 5409//5409 5408//5408 5414//5414 
f 5414//5414 5408//5408 5415//5415 
f 5408//5408 5407//5407 5415//5415 
f 5415//5415 5407//5407 5416//5416 
f 5407//5407 5406//5406 5416//5416 
f 5416//5416 5406//5406 5417//5417 
f 5406//5406 5405//5405 5417//5417 
f 5417//5417 5405//5405 5418//5418 
f 5405//5405 5404//5404 5418//5418 
f 5418//5418 5404//5404 5419//5419 
f 5404//5404 5403//5403 5419//5419 
f 5419//5419 5403//5403 5420//5420 
f 5403//5403 5402//5402 5420//5420 
f 5420//5420 5402//5402 5421//5421 
f 5402//5402 5401//5401 5421//5421 
f 5421//5421 5401//5401 5422//5422 
f 5401//5401 5400//5400 5422//5422 
f 5422//5422 5400//5400 5423//5423 
f 5400//5400 5399//5399 5423//5423 
f 5423//5423 5399//5399 5424//5424 
f 5399//5399 5398//5398 5424//5424 
f 5424//5424 5398//5398 5425//5425 
f 5398//5398 5397//5397 5425//5425 
f 5425//5425 5397//5397 5426//5426 
f 5397//5397 5395//5395 5426//5426 
f 5426//5426 5395//5395 5426//5426 
f 5395//5395 5396//5396 5426//5426 
f 5426//5426 5396//5396 5426//5426 
f 5396//5396 5427//5427 5426//5426 
f 5426//5426 5427//5427 5428//5428 
f 5427//5427 5429//5429 5428//5428 
f 5428//5428 5429//5429 5429//5429 
f 5429//5429 5426//5426 5429//5429 
f 5429//5429 5426//5426 5426//5426 
f 5426//5426 5428//5428 5426//5426 
f 5426//5426 5428//5428 5425//5425 
f 5428//5428 5430//5430 5425//5425 
f 5425//5425 5430//5430 5424//5424 
f 5430//5430 5431//5431 5424//5424 
f 5424//5424 5431//5431 5423//5423 
f 5431//5431 5432//5432 5423//5423 
f 5423//5423 5432//5432 5422//5422 
f 5432//5432 5433//5433 5422//5422 
f 5422//5422 5433//5433 5421//5421 
f 5433//5433 5434//5434 5421//5421 
f 5421//5421 5434//5434 5420//5420 
f 5434//5434 5435//5435 5420//5420 
f 5420//5420 5435//5435 5419//5419 
f 5435//5435 5436//5436 5419//5419 
f 5419//5419 5436//5436 5418//5418 
f 5436//5436 5437//5437 5418//5418 
f 5418//5418 5437//5437 5417//5417 
f 5437//5437 5438//5438 5417//5417 
f 5417//5417 5438//5438 5416//5416 
f 5438//5438 5439//5439 5416//5416 
f 5416//5416 5439//5439 5415//5415 
f 5439//5439 5440//5440 5415//5415 
f 5415//5415 5440//5440 5414//5414 
f 5440//5440 5441//5441 5414//5414 
f 5414//5414 5441//5441 5413//5413 
f 5441//5441 5442//5442 5413//5413 
f 5413//5413 5442//5442 5412//5412 
f 5442//5442 5442//5442 5412//5412 
f 5412//5412 5442//5442 3570//3570 
f 5442//5442 5442//5442 3570//3570 
f 3570//3570 5442//5442 3569//3569 
f 5442//5442 5443//5443 3569//3569 
f 3569//3569 5443//5443 3568//3568 
f 5443//5443 3568//3568 3568//3568 
f 3568//3568 3568//3568 5442//5442 
f 3568//3568 5442//5442 5442//5442 
f 5442//5442 5442//5442 5443//5443 
f 5442//5442 5441//5441 5443//5443 
f 5443//5443 5441//5441 5444//5444 
f 5441//5441 5440//5440 5444//5444 
f 5444//5444 5440//5440 5445//5445 
f 5440//5440 5439//5439 5445//5445 
f 5445//5445 5439//5439 5446//5446 
f 5439//5439 5438//5438 5446//5446 
f 5446//5446 5438//5438 5447//5447 
f 5438//5438 5437//5437 5447//5447 
f 5447//5447 5437//5437 5448//5448 
f 5437//5437 5436//5436 5448//5448 
f 5448//5448 5436//5436 5449//5449 
f 5436//5436 5435//5435 5449//5449 
f 5449//5449 5435//5435 5450//5450 
f 5435//5435 5434//5434 5450//5450 
f 5450//5450 5434//5434 5451//5451 
f 5434//5434 5433//5433 5451//5451 
f 5451//5451 5433//5433 5452//5452 
f 5433//5433 5432//5432 5452//5452 
f 5452//5452 5432//5432 5453//5453 
f 5432//5432 5431//5431 5453//5453 
f 5453//5453 5431//5431 5454//5454 
f 5431//5431 5430//5430 5454//5454 
f 5454//5454 5430//5430 5455//5455 
f 5430//5430 5428//5428 5455//5455 
f 5455//5455 5428//5428 5455//5455 
f 5428//5428 5429//5429 5455//5455 
f 5455//5455 5429//5429 5455//5455 
f 5429//5429 5456//5456 5455//5455 
f 5455//5455 5456//5456 5457//5457 
f 5456//5456 5458//5458 5457//5457 
f 5457//5457 5458//5458 5458//5458 
f 5458//5458 5455//5455 5458//5458 
f 5458//5458 5455//5455 5455//5455 
f 5455//5455 5457//5457 5455//5455 
f 5455//5455 5457//5457 5454//5454 
f 5457//5457 5459//5459 5454//5454 
f 5454//5454 5459//5459 5453//5453 
f 5459//5459 5460//5460 5453//5453 
f 5453//5453 5460//5460 5452//5452 
f 5460//5460 5461//5461 5452//5452 
f 5452//5452 5461//5461 5451//5451 
f 5461//5461 5462//5462 5451//5451 
f 5451//5451 5462//5462 5450//5450 
f 5462//5462 5463//5463 5450//5450 
f 5450//5450 5463//5463 5449//5449 
f 5463//5463 5464//5464 5449//5449 
f 5449//5449 5464//5464 5448//5448 
f 5464//5464 5465//5465 5448//5448 
f 5448//5448 5465//5465 5447//5447 
f 5465//5465 5466//5466 5447//5447 
f 5447//5447 5466//5466 5446//5446 
f 5466//5466 5467//5467 5446//5446 
f 5446//5446 5467//5467 5445//5445 
f 5467//5467 5468//5468 5445//5445 
f 5445//5445 5468//5468 5444//5444 
f 5468//5468 5469//5469 5444//5444 
f 5444//5444 5469//5469 5443//5443 
f 5469//5469 5469//5469 5443//5443 
f 5443//5443 5469//5469 3568//3568 
f 5469//5469 5469//5469 3568//3568 
f 3568//3568 5469//5469 3567//3567 
f 5469//5469 5470//5470 3567//3567 
f 3567//3567 5470//5470 3566//3566 
f 5470//5470 3566//3566 3566//3566 
f 3566//3566 3566//3566 5469//5469 
f 3566//3566 5469//5469 5469//5469 
f 5469//5469 5469//5469 5470//5470 
f 5469//5469 5468//5468 5470//5470 
f 5470//5470 5468//5468 5471//5471 
f 5468//5468 5467//5467 5471//5471 
f 5471//5471 5467//5467 5472//5472 
f 5467//5467 5466//5466 5472//5472 
f 5472//5472 5466//5466 5473//5473 
f 5466//5466 5465//5465 5473//5473 
f 5473//5473 5465//5465 5474//5474 
f 5465//5465 5464//5464 5474//5474 
f 5474//5474 5464//5464 5475//5475 
f 5464//5464 5463//5463 5475//5475 
f 5475//5475 5463//5463 5476//5476 
f 5463//5463 5462//5462 5476//5476 
f 5476//5476 5462//5462 5477//5477 
f 5462//5462 5461//5461 5477//5477 
f 5477//5477 5461//5461 5478//5478 
f 5461//5461 5460//5460 5478//5478 
f 5478//5478 5460//5460 5479//5479 
f 5460//5460 5459//5459 5479//5479 
f 5479//5479 5459//5459 5480//5480 
f 5459//5459 5457//5457 5480//5480 
f 5480//5480 5457//5457 5480//5480 
f 5457//5457 5458//5458 5480//5480 
f 5480//5480 5458//5458 5480//5480 
f 5458//5458 5481//5481 5480//5480 
f 5480//5480 5481//5481 5482//5482 
f 5481//5481 5483//5483 5482//5482 
f 5482//5482 5483//5483 5483//5483 
f 5483//5483 5480//5480 5483//5483 
f 5483//5483 5480//5480 5480//5480 
f 5480//5480 5482//5482 5480//5480 
f 5480//5480 5482//5482 5479//5479 
f 5482//5482 5484//5484 5479//5479 
f 5479//5479 5484//5484 5478//5478 
f 5484//5484 5485//5485 5478//5478 
f 5478//5478 5485//5485 5477//5477 
f 5485//5485 5486//5486 5477//5477 
f 5477//5477 5486//5486 5476//5476 
f 5486//5486 5487//5487 5476//5476 
f 5476//5476 5487//5487 5475//5475 
f 5487//5487 5488//5488 5475//5475 
f 5475//5475 5488//5488 5474//5474 
f 5488//5488 5489//5489 5474//5474 
f 5474//5474 5489//5489 5473//5473 
f 5489//5489 5490//5490 5473//5473 
f 5473//5473 5490//5490 5472//5472 
f 5490//5490 5491//5491 5472//5472 
f 5472//5472 5491//5491 5471//5471 
f 5491//5491 5492//5492 5471//5471 
f 5471//5471 5492//5492 5470//5470 
f 5492//5492 5492//5492 5470//5470 
f 5470//5470 5492//5492 3566//3566 
f 5492//5492 5492//5492 3566//3566 
f 3566//3566 5492//5492 3565//3565 
f 5492//5492 5493//5493 3565//3565 
f 3565//3565 5493//5493 3564//3564 
f 5493//5493 3564//3564 3564//3564 
f 3564//3564 3564//3564 5492//5492 
f 3564//3564 5492//5492 5492//5492 
f 5492//5492 5492//5492 5493//5493 
f 5492//5492 5491//5491 5493//5493 
f 5493//5493 5491//5491 5494//5494 
f 5491//5491 5490//5490 5494//5494 
f 5494//5494 5490//5490 5495//5495 
f 5490//5490 5489//5489 5495//5495 
f 5495//5495 5489//5489 5496//5496 
f 5489//5489 5488//5488 5496//5496 
f 5496//5496 5488//5488 5497//5497 
f 5488//5488 5487//5487 5497//5497 
f 5497//5497 5487//5487 5498//5498 
f 5487//5487 5486//5486 5498//5498 
f 5498//5498 5486//5486 5499//5499 
f 5486//5486 5485//5485 5499//5499 
f 5499//5499 5485//5485 5500//5500 
f 5485//5485 5484//5484 5500//5500 
f 5500//5500 5484//5484 5501//5501 
f 5484//5484 5482//5482 5501//5501 
f 5501//5501 5482//5482 5501//5501 
f 5482//5482 5483//5483 5501//5501 
f 5501//5501 5483//5483 5501//5501 
f 5483//5483 5502//5502 5501//5501 
f 5501//5501 5502//5502 5503//5503 
f 5502//5502 5504//5504 5503//5503 
f 5503//5503 5504//5504 5504//5504 
f 5504//5504 5501//5501 5504//5504 
f 5504//5504 5501//5501 5501//5501 
f 5501//5501 5503//5503 5501//5501 
f 5501//5501 5503//5503 5500//5500 
f 5503//5503 5505//5505 5500//5500 
f 5500//5500 5505//5505 5499//5499 
f 5505//5505 5506//5506 5499//5499 
f 5499//5499 5506//5506 5498//5498 
f 5506//5506 5507//5507 5498//5498 
f 5498//5498 5507//5507 5497//5497 
f 5507//5507 5508//5508 5497//5497 
f 5497//5497 5508//5508 5496//5496 
f 5508//5508 5509//5509 5496//5496 
f 5496//5496 5509//5509 5495//5495 
f 5509//5509 5510//5510 5495//5495 
f 5495//5495 5510//5510 5494//5494 
f 5510//5510 5511//5511 5494//5494 
f 5494//5494 5511//5511 5493//5493 
f 5511//5511 5511//5511 5493//5493 
f 5493//5493 5511//5511 3564//3564 
f 5511//5511 5511//5511 3564//3564 
f 3564//3564 5511//5511 3563//3563 
f 5511//5511 5512//5512 3563//3563 
f 3563//3563 5512//5512 3562//3562 
f 5512//5512 3562//3562 3562//3562 
f 3562//3562 3562//3562 5511//5511 
f 3562//3562 5511//5511 5511//5511 
f 5511//5511 5511//5511 5512//5512 
f 5511//5511 5510//5510 5512//5512 
f 5512//5512 5510//5510 5513//5513 
f 5510//5510 5509//5509 5513//5513 
f 5513//5513 5509//5509 5514//5514 
f 5509//5509 5508//5508 5514//5514 
f 5514//5514 5508//5508 5515//5515 
f 5508//5508 5507//5507 5515//5515 
f 5515//5515 5507//5507 5516//5516 
f 5507//5507 5506//5506 5516//5516 
f 5516//5516 5506//5506 5517//5517 
f 5506//5506 5505//5505 5517//5517 
f 5517//5517 5505//5505 5518//5518 
f 5505//5505 5503//5503 5518//5518 
f 5518//5518 5503//5503 5518//5518 
f 5503//5503 5504//5504 5518//5518 
f 5518//5518 5504//5504 5518//5518 
f 5504//5504 5519//5519 5518//5518 
f 5518//5518 5519//5519 5520//5520 
f 5519//5519 5521//5521 5520//5520 
f 5520//5520 5521//5521 5521//5521 
f 5521//5521 5518//5518 5521//5521 
f 5521//5521 5518//5518 5518//5518 
f 5518//5518 5520//5520 5518//5518 
f 5518//5518 5520//5520 5517//5517 
f 5520//5520 5522//5522 5517//5517 
f 5517//5517 5522//5522 5516//5516 
f 5522//5522 5523//5523 5516//5516 
f 5516//5516 5523//5523 5515//5515 
f 5523//5523 5524//5524 5515//5515 
f 5515//5515 5524//5524 5514//5514 
f 5524//5524 5525//5525 5514//5514 
f 5514//5514 5525//5525 5513//5513 
f 5525//5525 5526//5526 5513//5513 
f 5513//5513 5526//5526 5512//5512 
f 5526//5526 5526//5526 5512//5512 
f 5512//5512 5526//5526 3562//3562 
f 5526//5526 5526//5526 3562//3562 
f 3562//3562 5526//5526 3561//3561 
f 5526//5526 5527//5527 3561//3561 
f 3561//3561 5527//5527 3560//3560 
f 5527//5527 3560//3560 3560//3560 
f 3560//3560 3560//3560 5526//5526 
f 3560//3560 5526//5526 5526//5526 
f 5526//5526 5526//5526 5527//5527 
f 5526//5526 5525//5525 5527//5527 
f 5527//5527 5525//5525 5528//5528 
f 5525//5525 5524//5524 5528//5528 
f 5528//5528 5524//5524 5529//5529 
f 5524//5524 5523//5523 5529//5529 
f 5529//5529 5523//5523 5530//5530 
f 5523//5523 5522//5522 5530//5530 
f 5530//5530 5522//5522 5531//5531 
f 5522//5522 5520//5520 5531//5531 
f 5531//5531 5520//5520 5531//5531 
f 5520//5520 5521//5521 5531//5531 
f 5531//5531 5521//5521 5531//5531 
f 5521//5521 5532//5532 5531//5531 
f 5531//5531 5532//5532 5533//5533 
f 5532//5532 5534//5534 5533//5533 
f 5533//5533 5534//5534 5534//5534 
f 5534//5534 5531//5531 5534//5534 
f 5534//5534 5531//5531 5531//5531 
f 5531//5531 5533//5533 5531//5531 
f 5531//5531 5533//5533 5530//5530 
f 5533//5533 5535//5535 5530//5530 
f 5530//5530 5535//5535 5529//5529 
f 5535//5535 5536//5536 5529//5529 
f 5529//5529 5536//5536 5528//5528 
f 5536//5536 5537//5537 5528//5528 
f 5528//5528 5537//5537 5527//5527 
f 5537//5537 5537//5537 5527//5527 
f 5527//5527 5537//5537 3560//3560 
f 5537//5537 5537//5537 3560//3560 
f 3560//3560 5537//5537 3559//3559 
f 5537//5537 5538//5538 3559//3559 
f 3559//3559 5538//5538 3558//3558 
f 5538//5538 3558//3558 3558//3558 
f 3558//3558 3558//3558 5537//5537 
f 3558//3558 5537//5537 5537//5537 
f 5537//5537 5537//5537 5538//5538 
f 5537//5537 5536//5536 5538//5538 
f 5538//5538 5536//5536 5539//5539 
f 5536//5536 5535//5535 5539//5539 
f 5539//5539 5535//5535 5540//5540 
f 5535//5535 5533//5533 5540//5540 
f 5540//5540 5533//5533 5540//5540 
f 5533//5533 5534//5534 5540//5540 
f 5540//5540 5534//5534 5540//5540 
f 5534//5534 5541//5541 5540//5540 
f 5540//5540 5541//5541 5542//5542 
f 5541//5541 5543//5543 5542//5542 
f 5542//5542 5543//5543 5543//5543 
f 5543//5543 5540//5540 5543//5543 
f 5543//5543 5540//5540 5540//5540 
f 5540//5540 5542//5542 5540//5540 
f 5540//5540 5542//5542 5539//5539 
f 5542//5542 5544//5544 5539//5539 
f 5539//5539 5544//5544 5538//5538 
f 5544//5544 5544//5544 5538//5538 
f 5538//5538 5544//5544 3558//3558 
f 5544//5544 5544//5544 3558//3558 
f 3558//3558 5544//5544 3557//3557 
f 5544//5544 5545//5545 3557//3557 
f 3557//3557 5545//5545 3656//3656 
f 5545//5545 5546//5546 3656//3656 
f 3656//3656 5546//5546 3657//3657 
f 5546//5546 3657//3657 3657//3657 
f 3657//3657 3657//3657 5544//5544 
f 3657//3657 5544//5544 5544//5544 
f 5544//5544 5544//5544 5545//5545 
f 5544//5544 5542//5542 5545//5545 
f 5545//5545 5542//5542 5545//5545 
f 5542//5542 5543//5543 5545//5545 
f 5545//5545 5543//5543 5546//5546 

